"","GeneID","logFC","AveExpr","t","P.Value","adj.P.Val","B","10L1brain","10L2brain","10L3brain","10L4brain","10L5brain","22L1brain","22L2brain","22L3brain","22L4brain","22L5brain"
"1","TRINITY_DN10035_c2_g1",1.30695278877147,-0.742782557446701,3.46267031572627,0.00477084606103925,0.0342427295800363,-1.87319052142363,14.1,2.02,11.56,13.23,9.62,34.03,24.32,29.74,28.01,10.89
"2","TRINITY_DN100416_c0_g1",-2.12523506559787,-2.27557857807264,-3.42442964906377,0.0051175690221155,0.035811054958743,-2.202799158599,15,5,11,13,13,4,0,3,7,1
"3","TRINITY_DN10046_c2_g2",1.10759135077721,-1.02549897809738,3.30538861851339,0.00636989153352548,0.0410815624675167,-2.11815759275221,8.51,6,8.47,8.05,14.26,15.35,17.63,19.41,17.16,15.64
"4","TRINITY_DN10049_c0_g1",-3.88333222818608,-1.30053316825466,-3.43031930310123,0.00506254229550639,0.0355916955098404,-2.11430224667415,51.81,7,76.17,35.53,55.98,0,33.83,0,34.22,0
"5","TRINITY_DN10077_c0_g1",2.49171710379076,-0.806210392252632,4.09032507630409,0.0015337335568302,0.0162332841390386,-0.928776951479644,10.95,1.97,17.88,11.49,1.93,47.12,31.92,24.83,36.81,34.8
"6","TRINITY_DN10078_c0_g1",1.06895001668319,1.7668278272242,3.22582663599917,0.00737611149723058,0.0450266014000507,-2.6332618223963,72.65,23.75,43.64,93.64,63.69,252.29,139.24,114.47,100.21,101.14
"7","TRINITY_DN1008_c0_g2",-1.12949743087369,2.02229082513467,-4.90126919180136,0.000377740276400812,0.00667341033246111,0.262000793069956,248.97,37.96,170.15,129.24,190.33,84.14,49,90.35,120.94,49.7
"8","TRINITY_DN10083_c1_g1",-1.15077633495147,0.810857294059437,-3.7689404649905,0.00273018739608415,0.0236608577310041,-1.51830134713459,115.32,37,53.63,44.11,78.92,28.09,19.04,23.36,43.75,39.69
"9","TRINITY_DN10086_c0_g2",-1.77299933033961,1.43966826941398,-7.46550571265943,8.10769283064683e-06,0.000714170922834209,4.05051093218412,182.38,45,163.81,86.24,152.68,52.85,28.39,40.51,57.31,22.88
"10","TRINITY_DN10119_c0_g1",1.75362582413387,4.70505321608286,7.76169391866469,5.49709449534593e-06,0.000583220946561203,4.25391428529948,291.91,303.89,356.01,336.1,385.5,1696.2,1213.13,1355.48,1096.74,950.65
"11","TRINITY_DN10121_c0_g1",1.08559228387067,1.94359640420051,3.37431049180839,0.00561114228420584,0.0379575825772505,-2.39372114069591,91,9,104,125.39,57,124,121,143,248.3,189.51
"12","TRINITY_DN101534_c0_g1",4.31293817204862,-2.62787292994214,7.36264941667411,9.3018880983361e-06,0.000765830648394743,1.24624669916835,0,0,0,1.22,1.18,15.81,13.85,17.86,28.55,16.74
"13","TRINITY_DN101618_c0_g1",-1.31452415806471,-0.183371335504773,-4.0632852525833,0.0016093159359087,0.0167264838260378,-0.922204686966063,43.06,15,45.06,31.15,39.58,22.48,7.44,6.2,28.3,13.99
"14","TRINITY_DN1017_c10_g1",1.10652987430007,0.64264710799611,3.55954609009582,0.00399568253720483,0.0303686861050749,-1.85411206724369,34.34,6,33.32,31.31,34.99,76.12,67.3,93.98,66.09,29.18
"15","TRINITY_DN1018_c0_g1",1.16846122275689,2.25054853867193,5.44260903403154,0.000155697639128854,0.00386570881420525,1.12440401188668,87,34,67,114,89,234,188,232,173,148
"16","TRINITY_DN101808_c0_g1",-1.46858143724716,-1.03169291495041,-3.14660645953862,0.0085377111471323,0.0495382999354562,-2.36600830825335,15.17,10,27,15.39,36.58,9.08,9.16,9.36,4.06,5.21
"17","TRINITY_DN10186_c1_g1",2.16373958654734,-0.496506920166007,3.83266711438592,0.00243321103245819,0.0219850621645051,-1.27829388414866,14,2,15,11,6,19,65,29,72,35
"18","TRINITY_DN101955_c0_g1",-1.64039937449935,-1.40863624464101,-3.42573492808994,0.00510532162204968,0.0357830327590461,-1.95150589734031,22,14,18,10,21,8,4,6,4,3
"19","TRINITY_DN1022_c0_g1",-1.01201173389164,2.94971434582087,-4.74549511700891,0.000491153794651072,0.00784616353617721,-0.144478485039578,352.75,101.01,274.76,267.07,353.06,136.43,104.98,114.02,325.08,124.13
"20","TRINITY_DN10247_c0_g1",1.86817232310907,0.221977081120143,3.67622316081941,0.00323026005140792,0.0264380527194366,-1.5912492848817,30.73,12.18,21.76,14.19,7.48,86.93,22.75,94.2,44.8,61.37
"21","TRINITY_DN10264_c0_g1",1.25055887373798,4.20919156670897,10.30102034314,2.87485925005404e-07,0.000127709934512473,7.30040123449452,361,133,338,351,260,848,735,777,864,619
"22","TRINITY_DN10273_c0_g1",2.82569887210985,3.91899872952656,4.03064121137266,0.00170572436178179,0.0173346063020576,-1.47477014067539,294.96,18.68,168.38,571,51.25,526.6,910.28,723.72,2079.73,2553.38
"23","TRINITY_DN1028_c1_g1",1.04354273873373,1.39048336268403,4.05289806353672,0.0016393658318737,0.0169365073810048,-1.09846769377211,83,15,41,37,60,150,99,77,95,104
"24","TRINITY_DN10295_c0_g1",-1.40739715719333,2.50622790753444,-4.59662284174736,0.000633158295903854,0.00921212498950782,-0.319378180830173,316.81,120,179.77,327.15,189.83,111.51,139.72,87.5,107.66,45
"25","TRINITY_DN10295_c1_g1",2.1884738498296,0.35194265589435,4.85904233356866,0.000405472223725644,0.0069721801366224,0.347750809034064,21.03,7.23,8.44,29.87,17.75,104.74,61.18,81.24,107.47,28.57
"26","TRINITY_DN10303_c0_g2",-2.09893894478668,-0.783219041275945,-3.75990365504834,0.00277522101115934,0.0239265173028027,-1.39961308966964,73.07,13,38.06,20.19,21.54,5.22,14.72,8.38,8.62,2.07
"27","TRINITY_DN10303_c2_g1",-1.16799476486808,-0.73022603659576,-3.3296415985414,0.00609169870392703,0.0400267159819551,-2.09816252083327,37.61,6,24.62,28,23.2,8.08,9.1,19.25,13.17,4.03
"28","TRINITY_DN1033_c2_g1",1.55979475947645,1.41868556163971,8.02345961108388,3.93259433800828e-06,0.000493781036396344,4.72570017933833,36.04,18,50.66,44.9,43.95,120.99,103.27,152.36,154.73,90.38
"29","TRINITY_DN10349_c0_g2",-1.13259737918206,3.2080029024191,-5.95665361854703,6.97157499424998e-05,0.00243072169816458,1.8056895027413,444.38,143,481.64,223.41,404.35,162.39,124.78,221.21,205.52,152.38
"30","TRINITY_DN10356_c0_g1",-1.37468408909218,4.06317126923793,-4.87294103079599,0.000396116007819426,0.00686675217597808,-0.0937890645558692,613.82,350.83,560.44,1272.01,599.24,384.38,268.85,196.95,354.54,227.85
"31","TRINITY_DN10385_c0_g2",1.73079039550637,1.43854737634077,6.6702673806119,2.42782785584592e-05,0.00131472607078369,3.00775261515078,48.18,23,30.04,33.72,46.75,147.53,139.86,172.43,120.51,87.56
"32","TRINITY_DN10387_c0_g1",1.01361055821279,1.92188352826947,3.80809586248185,0.00254357167829207,0.0225856289892405,-1.61599271484162,55.37,29,99.18,75.07,71.05,196.57,194.34,132.76,128.15,99.08
"33","TRINITY_DN10391_c1_g1",1.17523518364067,1.24175258648474,4.11440081240371,0.00146952929259624,0.0157562935855587,-0.968481605954287,47.73,14,71.96,27.37,44.13,91.89,72.98,68.44,119.32,150.23
"34","TRINITY_DN10394_c0_g2",-1.19659422174579,1.05227244947893,-4.71357584661677,0.000518510648237229,0.00810430050990084,0.0619898912943979,96.39,15.28,111.93,74.62,117.6,46.33,41.12,25.76,47.5,29.15
"35","TRINITY_DN10401_c0_g1",1.18958984131188,4.5689565111972,9.70972212106153,5.40924729894924e-07,0.000174874451421737,6.63719586105472,397.19,214,466.44,383.27,395.65,1086.27,874.48,773.4,1189.07,890.64
"36","TRINITY_DN10403_c0_g2",-1.00525080179684,0.973620148491604,-4.47196662032987,0.00078493903654044,0.0105366936842156,-0.333292793685668,78.86,29.25,78.79,72.67,81.06,38.89,18.28,29.64,71.65,34.03
"37","TRINITY_DN104058_c0_g1",-3.12464277923008,-1.82043458967164,-3.16967212941543,0.00818165168284765,0.0481900694117056,-2.48609553737753,21.11,15,24.13,21.11,19.11,23.06,0,20.72,0,0
"38","TRINITY_DN10418_c0_g1",1.57834292354138,2.82855452125711,9.10434747938512,1.06731430219946e-06,0.000236216930222984,6.03822935946013,122.02,37,105.7,123.16,113.25,391.26,361.8,363.23,313.62,258
"39","TRINITY_DN10419_c2_g3",1.32098216870593,-0.92313598658645,3.38846828825228,0.00546700480999711,0.0374211964314047,-1.98435779487809,11.01,1,8.43,15.41,11.61,16.25,11.92,29.83,37.96,18.91
"40","TRINITY_DN10427_c0_g1",1.70208593958053,2.26745910520738,4.05613040932364,0.00162995302410794,0.016858683305296,-1.2120045833301,71,33,68.63,67.46,78,456.88,340.75,218.99,136.23,151.35
"41","TRINITY_DN104278_c0_g1",1.09991483689799,1.33820914213913,5.64761140747462,0.000112508618533246,0.00319290742008239,1.52869322722718,63.26,12.34,40.12,63.23,45.15,106.65,91.13,89.73,119.42,97.86
"42","TRINITY_DN10428_c4_g1",1.43670355121676,0.60687900761507,6.74267532755947,2.1897483497023e-05,0.00124965416910737,3.05939671070429,22.68,11,31.69,21,29.54,75.3,57.7,55.6,71.67,70.96
"43","TRINITY_DN104281_c0_g1",1.26852577605122,-0.84960138422909,3.17273224963904,0.00813555096570369,0.0480079487274851,-2.33724858844886,14,3,18,4,13,27,11,29,30,18
"44","TRINITY_DN104373_c0_g1",1.14244249907973,1.45075183052797,3.43070733896657,0.00505893810040383,0.0355825617751151,-2.20830139251231,72.12,19,73.18,18.94,67.7,109.54,59.11,154.93,168.86,88.37
"45","TRINITY_DN104421_c0_g1",1.4869438935137,-1.56304056407074,3.38225501520451,0.00552979197479426,0.0376464823439466,-2.02537133054812,12,2,4,3,9,12,13,15,14,15
"46","TRINITY_DN10448_c0_g2",1.21155183632362,-0.602895143242631,3.70299751649536,0.00307688424034431,0.0255811832601024,-1.49281445366156,9.07,9.5,13.18,9.8,15.58,30.04,23.28,20.16,22.14,24.59
"47","TRINITY_DN104545_c0_g1",3.03698692915739,-1.79339421510532,4.13957821322199,0.00140535802464524,0.0153155748863033,-1.28873187046347,5,4,4,1,2,22,23,13,38,15
"48","TRINITY_DN10485_c0_g2",1.4155020030948,-0.0376254700749192,4.18703783937083,0.00129216949171414,0.0145070694135209,-0.723147348520077,24.37,9.2,11.05,19.96,13.77,62.8,29.29,45.42,33.11,35.56
"49","TRINITY_DN104953_c0_g1",1.46245669428633,0.185876060292273,4.58015063969792,0.000651319477711252,0.0093910234979388,-0.092010303410075,19,2,28,13,37,69,47,62,46,46
"50","TRINITY_DN104969_c0_g1",1.37441405788368,-1.4709167383187,3.41783306179556,0.0051799233036195,0.0360825197139467,-1.95829965024122,12.01,2,5.05,4,9.12,16,9.27,15.05,14.04,17
"51","TRINITY_DN10497_c0_g3",1.69701189095995,0.249132240876306,5.07658604680832,0.000282222760371817,0.00558189974613676,0.684092020987729,23.39,11.04,17.79,19.68,12.47,63.37,35.37,33.23,85.28,67.83
"52","TRINITY_DN10501_c0_g1",1.22450581201631,5.67578549399051,7.67543560868311,6.14917720000185e-06,0.000617397388204413,4.03945199976497,677,342,1177.99,977,952.99,2027,2335.01,2487,1989,1751.78
"53","TRINITY_DN10506_c2_g1",-1.04926948765944,-0.121640261663155,-3.2646832319784,0.00686604192076432,0.0429984134405026,-2.27993390992129,56.88,7.91,36.61,40.07,37.18,14.88,5.87,18.86,32.74,17.88
"54","TRINITY_DN105077_c0_g1",-3.13457617847753,-1.91842293129455,-3.5894333940858,0.00378347900514773,0.0292393318660654,-1.98439265252737,17.97,10,34.58,9.5,38.23,2.21,0,2.08,3.31,3.16
"55","TRINITY_DN105079_c0_g1",-2.5816526234381,-1.67022223558129,-3.58827486903811,0.00379148611023989,0.0292938794213079,-1.88602671311525,16,11,24,21,31,1,0,5,14,3
"56","TRINITY_DN10509_c4_g4",1.80553048518765,0.964109617146825,6.8445898711532,1.89587191412936e-05,0.00114376158967272,3.21823951277915,37.3,10,46.49,23,20.77,109.95,90.76,130.95,103.83,66.6
"57","TRINITY_DN1051_c1_g1",5.32262085364307,-1.5890263404821,3.33594451973449,0.0060214388924698,0.0397362198067997,-2.2747213824752,0,0,0,12.94,0,65.03,88.63,23,177.03,20.08
"58","TRINITY_DN105118_c0_g1",-2.76993391139346,-1.61080784146761,-3.94426864814868,0.00199068106355238,0.0192745603516263,-1.41210100767843,30,14,13,18,33,4,2,4,1,4
"59","TRINITY_DN10517_c0_g1",2.01582740179678,-1.40263951953415,4.08712986170226,0.00154247014561995,0.0162852495741418,-1.02452905193996,5,3,7,5,6,27,16,11,18,23
"60","TRINITY_DN1052_c8_g1",3.89822914540746,-2.0484336788958,5.01429136818408,0.000312870985737625,0.00595351544755836,-0.462942486398,0,0,6,1,3.07,19.3,15.25,16.33,52.25,26.72
"61","TRINITY_DN10529_c0_g1",1.71817967434879,1.91620016454041,7.73883017011584,5.66240071592712e-06,0.00059564211142601,4.40961113976971,47,17,69,65,66,136,170,243,232,174
"62","TRINITY_DN10529_c2_g1",2.21842982397444,0.548698132981249,6.83013145001812,1.93487152452919e-05,0.00115434248209303,3.13601356150423,22,6,24,10,29,88,54,110,78,110
"63","TRINITY_DN105296_c0_g1",1.90524174890387,-1.35413760156524,3.45447350111368,0.00484309523282797,0.0345884159653784,-1.90497844995957,5,4,10,4,7,14,9,23,45,12
"64","TRINITY_DN1053_c8_g1",1.5858662408711,-0.992195177755945,3.54103640055163,0.00413316320989477,0.0310500602106836,-1.7434291296919,3.61,2,12.66,10.65,15.17,20.65,19.22,21.2,25.05,22.01
"65","TRINITY_DN105342_c0_g1",-1.5007391171287,1.40237086009691,-8.05522928975073,3.77794834605079e-06,0.000483984967784116,4.7669056182434,129,36,157,99,132,61,34,44,43,31
"66","TRINITY_DN10539_c1_g3",-1.01275978656432,1.38571015803251,-3.98669182060894,0.00184503898847235,0.0183016011984242,-1.21885875331835,108.45,47.47,105.4,66.74,124.48,28.53,34.38,53.44,88.52,49.6
"67","TRINITY_DN105410_c0_g1",1.2331880109712,-0.457095987606156,3.87422135202403,0.00225765402138944,0.0208604028946472,-1.218878766825,16.28,8,7.71,15.52,15.95,32.22,23.01,23.77,41.01,18.98
"68","TRINITY_DN10545_c0_g2",-2.25579257048724,-1.34316884262609,-4.55048489317101,0.000685412034076073,0.00970803250182013,-0.423805736930263,31,7,28,20,25,1,1,5,8,13
"69","TRINITY_DN10552_c1_g1",1.01462497517076,1.5375291220734,5.44579699470913,0.000154905974110035,0.00385069810360163,1.20148437750049,52.87,18,71.01,55.26,57.28,126.67,111.07,107.15,102.29,113.79
"70","TRINITY_DN10553_c2_g1",1.48630954192919,0.268128702449232,4.41348230360777,0.00086879517969509,0.011230137064227,-0.366556326234713,23.37,10,16.01,18.41,22.03,27.83,38.98,57.66,77.3,73.62
"71","TRINITY_DN10553_c4_g3",-1.09204120755614,0.333506954214095,-4.46889816469873,0.000789121814925891,0.0105720750332054,-0.286507535021369,58.96,21,56.48,29.46,63.33,26.57,21.53,17.53,23.33,20.52
"72","TRINITY_DN105530_c0_g1",-1.90787949968582,-0.86189355570076,-4.74395925087965,0.00049243490871558,0.00785504281668035,0.0655392088972526,29,10,38,28,26,7,5,8,4,14
"73","TRINITY_DN105595_c0_g1",2.09386498199196,-0.559802887070721,4.48839355751046,0.000762936306642447,0.0103680765048501,-0.271843815354218,19,3,18,8,4,26,29,39,57,34
"74","TRINITY_DN10560_c1_g1",-1.2558668376024,1.93636537730495,-6.14536787624249,5.23900279044374e-05,0.00204486690457851,2.23707097639299,188,59,154,127,194,73,42,107,84,43
"75","TRINITY_DN105635_c0_g1",-1.3236574244946,-1.05031194037855,-3.28187622992804,0.00665187629851052,0.0421487356933908,-2.15206933848222,28,7,24,20,18,14,4,14,5,5
"76","TRINITY_DN105662_c0_g1",1.47993426930897,-0.6393846254722,3.38040985367595,0.00554857862815642,0.0376995635047758,-2.01129978817274,9,4,23,8,11,18,28,17,44,38
"77","TRINITY_DN10579_c0_g1",-1.16418113197746,2.84409083156371,-4.58106272132899,0.000650299785216556,0.00938632798914257,-0.408069904635781,252.82,104.86,431.46,221.26,336.8,161.77,52.89,134.26,200.55,151.39
"78","TRINITY_DN105839_c0_g1",1.15330635201337,0.794786336212638,4.54693807783292,0.00068961103024572,0.00974418807679925,-0.186211253267018,26.28,11.87,29.47,50.03,32.96,76.01,78.54,62.79,72.71,54.52
"79","TRINITY_DN105872_c0_g1",-1.12293771307683,-1.12700457836639,-3.2060920276156,0.00764965779105567,0.0460578647812236,-2.27134098069365,19.58,5.03,22.78,16.87,23.95,15.87,3.51,8.09,10.05,3.42
"80","TRINITY_DN105922_c0_g1",2.08017142806767,-0.656342803854266,5.48643683136088,0.000145177932438605,0.0036875553155981,1.07570987541496,12.91,1,16.01,7.38,7,28.97,24.04,46.31,52.16,28.02
"81","TRINITY_DN10598_c1_g1",-1.48775871770673,-0.436007899791073,-3.7424318767487,0.00286446526035623,0.024438826021207,-1.43151887912666,24,20,28,46,38,20,9,8,12,6
"82","TRINITY_DN105994_c0_g1",1.07299060845074,-0.274462376095878,3.49463383866243,0.00449943974398423,0.032918412951604,-1.86549398028602,18,10,18,13,13,24,36,30,26,34
"83","TRINITY_DN106_c1_g1",2.65786329895282,2.60797313105205,7.15915031844256,1.22545099442018e-05,0.000878257757337967,3.65103880391787,36.46,46,84.89,109.03,46.06,353.59,297.57,445.83,742.27,270.33
"84","TRINITY_DN10611_c0_g1",1.15185574225291,4.76883362321821,3.92119023447322,0.00207484401008699,0.0197904899940386,-1.88950202121924,415.24,137.95,557.94,317.4,1075.95,671.32,1076.3,1203.69,1498.05,1305.81
"85","TRINITY_DN106147_c0_g1",1.25312555744007,1.0150362591843,5.59364707179621,0.000122483676241243,0.00334227736270502,1.46176515579944,41,18,45,31,27,94,80,96,83,61
"86","TRINITY_DN106234_c0_g1",-2.2098734156788,-1.75324562315158,-3.60603204455256,0.00367063798366478,0.0286360776014318,-1.80839022269795,16.2,5,31.04,23.09,12.08,3.04,1.01,2.02,5.09,4.05
"87","TRINITY_DN10630_c2_g1",2.33892974389716,0.733282087246499,6.9010928843881,1.75130951463457e-05,0.0010985982986562,3.24918069613709,17.37,7,40.46,14.38,21.01,72.25,84.73,125.19,102.44,133.96
"88","TRINITY_DN106323_c0_g1",-2.46781562630393,-1.12053466396371,-5.49534374395801,0.000143133311088015,0.00365800351157238,0.777052701564235,28.02,14,33.65,36.68,23.07,5.25,3.41,3.13,6.94,3.14
"89","TRINITY_DN10635_c0_g1",-1.12418015628523,3.55679155199365,-9.86347146849659,4.57606345361863e-07,0.000161215965285981,6.85918652785779,506,173,462,507,451,251,199,235,225,183
"90","TRINITY_DN106368_c0_g1",-1.52017003741883,-0.766514379313674,-4.72033766800519,0.000512585066986525,0.00805371570388905,0.075529363118501,36.25,10,23.05,19.05,38.64,13.18,6.02,8.09,8.05,7
"91","TRINITY_DN106428_c0_g1",1.32939543392118,-0.405790235393025,4.44066572116709,0.000828714793691824,0.0109295423791506,-0.310691564601254,15,6,13,17,11,22,33,32,34,30
"92","TRINITY_DN106464_c0_g1",-2.00017167904382,-0.972455396010803,-4.21559346617202,0.00122866100481719,0.0140834432525531,-0.729939880272282,42.17,10,26.96,30.89,19.84,4.09,3.07,14.38,4.03,9.17
"93","TRINITY_DN106672_c0_g1",1.47257958484949,-0.423559074167672,3.58213077882006,0.00383424125888455,0.0295392051470497,-1.69392764799641,23.68,2,7.58,12.43,18.77,55.94,21.82,18.97,53.02,30.07
"94","TRINITY_DN106801_c0_g1",1.9272386466102,0.942179032576485,8.49179169155366,2.20153093346322e-06,0.000350361165153317,5.16084147823409,21,18,32,23,28,92,77,109,112,96
"95","TRINITY_DN10686_c0_g1",-1.00874286085273,3.17388991934718,-7.63221770559241,6.50656400977183e-06,0.00064489135549822,4.21644021052827,412.45,133,412.78,262.79,334.29,184.65,142.3,210.39,185.75,152.01
"96","TRINITY_DN10699_c0_g2",1.38585802521945,-0.410131522626533,3.4716372296302,0.00469306522775339,0.0338457593650218,-1.87709481274489,14.62,1,42.81,10.44,9.92,28.15,31.99,34.85,41.56,31.55
"97","TRINITY_DN107_c12_g1",2.77242485191122,-2.01366220000351,3.6963779491354,0.00311409538610578,0.025796775141033,-1.83662370083753,4.54,1,1,7,1.68,10.44,9.74,13.85,33.36,19.06
"98","TRINITY_DN107_c3_g1",1.23129338896733,3.21498931607279,7.85495429734255,4.8743920147076e-06,0.000547243560225754,4.50967079338159,153.07,75,137.06,206.15,159,391.06,381,400,449,293
"99","TRINITY_DN107009_c0_g1",-2.62212648752632,-2.1693119339729,-3.79294891865567,0.00261415631811037,0.0229655687286609,-1.76248569581582,29,4,13,11,19,0,1,5,3,3
"100","TRINITY_DN10705_c0_g1",-1.19584203925273,5.23717269682845,-11.2303220768201,1.12756364978863e-07,7.29888526234329e-05,8.19575144320982,1740.67,736.73,1681.03,1265.25,1424.82,650.99,568,684.52,742.24,703.83
"101","TRINITY_DN107108_c0_g1",-2.57221815113341,-2.18875037265892,-3.6111928862697,0.00363625959547471,0.0284469476119818,-1.97508225807093,31,4,14,12,13,0,1,5,3,3
"102","TRINITY_DN10712_c0_g2",1.32312491597522,0.954199850675631,4.038616147605,0.00168163356278904,0.0171973350836531,-1.05833064910917,40.8,8,46.13,38.53,28.3,134.96,96,83.61,94.03,38.81
"103","TRINITY_DN10721_c0_g1",1.96815420749165,2.74607090697613,7.29783857712698,1.01498640619804e-05,0.000789506160952686,3.82164193613557,150,32,65,74,110,519,330,234,427,352
"104","TRINITY_DN107243_c0_g1",1.52606261362112,-0.554153319153468,3.24915975311916,0.00706539821243197,0.0438158289465953,-2.2367918053364,15.43,8,6.01,6.13,20.3,32.47,26.53,27.31,17.17,44.4
"105","TRINITY_DN10734_c0_g1",-1.1348569031477,2.63227699041491,-9.34771801326116,8.08805949340561e-07,0.000206371714983432,6.30746023147092,247.28,107.01,241.61,223,274.58,107.18,108.08,122,126.36,97.3
"106","TRINITY_DN10746_c0_g1",-1.67472132130334,2.79248005301353,-6.08378664346042,5.74783096670772e-05,0.00214869798703104,2.0676979211013,283,132,483,262,377,96,59,72,254,108
"107","TRINITY_DN107510_c0_g1",-2.56465278573299,-1.97216450922487,-3.97505327736675,0.00188386493873284,0.0185319248425801,-1.49090343288381,15,8,18,18,16,1,6,1,1,5
"108","TRINITY_DN107575_c0_g1",-2.24201265883906,-0.618009891486623,-6.06037498419777,5.95480746425528e-05,0.00220228709420391,1.8268368623151,57,12,40.11,25,50,11.07,4,4,10,10
"109","TRINITY_DN107590_c0_g1",1.40383748161701,-1.43644008776659,3.56747613487243,0.00393821985234433,0.0301296965637155,-1.73386540102624,11.09,1.01,6.16,7.61,5.41,16.82,15.78,13.5,19.6,9.49
"110","TRINITY_DN107621_c0_g1",1.39151826677689,-0.26420120792883,3.84696927708276,0.00237125400844573,0.0216054585382185,-1.26855691109083,11.56,2.77,21.2,11.3,24.24,23.3,24.17,40.11,50.91,50.29
"111","TRINITY_DN107678_c0_g1",-1.82725577640773,-1.19484715661595,-3.22225567596653,0.0074248671641791,0.0452024336399929,-2.24380489573785,43.59,8,11.14,21.4,31.92,7.15,6.2,3.09,10.14,2.18
"112","TRINITY_DN10768_c0_g1",1.24707623709816,-0.11333815009317,3.19760713338265,0.00777039530055111,0.0465214997694193,-2.38116982699879,21.76,4,12.46,25,17.8,52.96,48.44,21,62.49,21
"113","TRINITY_DN10778_c1_g1",-1.51865061316779,-1.92539077703858,-3.58099192435127,0.00384222023816608,0.0295678765858292,-1.82345026660213,16.03,4,11.1,11.3,14.72,5.58,2.89,2.87,4.42,2.05
"114","TRINITY_DN10792_c2_g1",-1.4174696683928,-0.536185530787146,-3.5413858731778,0.0041305232701669,0.0310467817252262,-1.75670194644055,32.7,19,40.56,16.14,35.22,8.99,5.05,5.37,20.27,15.09
"115","TRINITY_DN10794_c0_g1",-1.05113593904205,0.429369385375338,-4.90415954813958,0.000375916306650019,0.00665102581748579,0.410733271274922,56.6,16,52.06,54.09,66.03,22.22,13.81,28.47,38.53,21.18
"116","TRINITY_DN107952_c0_g1",-1.34463947368399,-0.214255698694303,-3.86467602666252,0.00229679182300699,0.021129493203827,-1.25056310967527,56.59,6,56.91,45.34,29.37,16.27,8.09,11.09,24.19,12.18
"117","TRINITY_DN107957_c0_g1",-2.28866215578306,-0.148056085601852,-4.10160128968502,0.00150330851557754,0.0160100541945295,-0.849998806681608,78,21,65,18,92,4,14,9,17,12
"118","TRINITY_DN108227_c0_g1",-1.06776885406361,0.742565714626382,-3.61935866905616,0.00358253562362506,0.02817659020349,-1.77231670380776,89.57,25,55.43,54.92,77.35,30.51,34.6,31.92,54.95,11.39
"119","TRINITY_DN10827_c1_g1",1.9833903943929,-0.628225072423868,3.89211254145237,0.00218613650150177,0.0204498646712213,-1.18717555468004,7.24,2,14.63,4.83,22.36,55.93,25.71,40.84,48.47,14.55
"120","TRINITY_DN10830_c0_g1",1.93715750459729,-0.0604230201021076,5.37802129568428,0.000172690555802369,0.0041375359820424,1.10554136938485,14,3,27,6.41,21.14,57.54,36,41.89,92.05,39.53
"121","TRINITY_DN10843_c0_g1",1.62554479343338,1.59480278156474,5.41664081909718,0.000162307533006222,0.00396133025615344,1.1589362910914,39,21,67,51,36,140,163,113,119,193
"122","TRINITY_DN1085_c5_g1",-1.03421419983491,2.4650174166561,-5.87287913746068,7.92687865052174e-05,0.0026132883230775,1.76997788216362,244.14,84.55,249.85,151.1,230.76,125.48,88.67,79.54,167.7,77.56
"123","TRINITY_DN108501_c0_g1",-2.49614746553842,-1.46028023453024,-5.10480185066227,0.000269394999020394,0.00541314754295843,0.137753538196805,37,7,23,18,25,2,8,5,3,2
"124","TRINITY_DN10856_c1_g1",1.09184733390645,-1.23457852665666,3.22730065515813,0.00735608055081739,0.0449779839187475,-2.23509940061976,7.78,4.01,8.29,9.83,9.27,17.41,15.17,13.8,15.66,11.36
"125","TRINITY_DN10872_c0_g3",-1.16144466147068,4.69286336502514,-8.93518727078407,1.29861949156732e-06,0.000267290521217663,5.72726417958674,888.58,411,1361.77,1044.32,1047.18,452.17,375.06,461.92,695.61,400.71
"126","TRINITY_DN108738_c0_g1",1.54463168611311,-0.28509730263615,5.95788520784707,6.95847647866767e-05,0.00242889771398966,1.8928505935921,13,7,19,10,13,37.39,32.22,29,43,34.76
"127","TRINITY_DN10875_c0_g1",-1.04486138312736,3.02620575050739,-6.01306153923118,6.3976048898454e-05,0.00229904650378229,1.9148070558918,379.79,68,359.18,289.87,397.4,175.14,115.18,141.02,212.87,161.16
"128","TRINITY_DN108834_c0_g1",-1.56001913233498,-1.5660814545253,-3.28623727937974,0.00659863565601642,0.041940561450098,-2.16644064005753,24.09,4,15,19,15.03,2,3.01,10.09,9.05,2
"129","TRINITY_DN10890_c0_g1",1.03740241969684,2.26336713293588,5.21042967522094,0.000226562898865378,0.00488619451043176,0.743819396610095,105.51,42,66.83,94.25,100.77,172.91,131.87,190,299.69,154.54
"130","TRINITY_DN10913_c1_g1",-1.18383718781978,2.72557907368928,-4.0365755258157,0.00168776421443872,0.0172400247453597,-1.35104849022467,355.73,71,310.49,230.11,270.64,138.77,130.66,251.34,79.02,73.58
"131","TRINITY_DN10917_c0_g2",-1.70880105832924,1.42357893229207,-3.48146152927167,0.00460932898325966,0.0334275569149744,-2.10206806796231,250.2,77,52.4,157.51,113.38,37.04,50.85,37.17,50.64,20.1
"132","TRINITY_DN109181_c0_g1",-2.62013683804832,-2.35423286417335,-4.13313955677442,0.00142148728376625,0.0154232993846422,-1.41232632678272,18,5,11,17,13,3,0,1,4,2
"133","TRINITY_DN10922_c0_g2",1.18648608162866,-1.16116821466328,3.27239064483411,0.0067691845011714,0.0425632020635583,-2.1645630757222,14.62,3,11,6,7,19.32,18,12,21,14
"134","TRINITY_DN109227_c0_g1",-1.62961323218022,-1.23801652630836,-3.40229665225832,0.00532985163191638,0.0368376627006461,-1.96659209044071,34.3,4,27.52,16.08,21.25,7.07,7.09,6.08,13.08,1
"135","TRINITY_DN109347_c0_g1",-2.97818391861245,-1.46906977800131,-4.84828187749389,0.000412874846157477,0.0070640609588617,-0.308709413284697,42,14,22,18,28,2,5,1,2,6
"136","TRINITY_DN109409_c0_g1",-1.62761344057967,-1.53008535209859,-3.15715629675293,0.00837295886860344,0.0489040355863153,-2.35687311674452,22,6,18,10,28,4,1,3,16,5
"137","TRINITY_DN109474_c0_g1",-1.15288566298466,0.0121719496099029,-3.81849524403853,0.00249624795479199,0.022335649719243,-1.34715079143306,50.49,20,63.15,25.46,33.98,17.21,11.27,18.47,27.93,11.21
"138","TRINITY_DN10948_c0_g1",-1.02791570167637,4.51216062010674,-3.91125606580841,0.00211219403354664,0.0200067122539405,-1.88244318005992,782.71,337,1477.57,545.29,1074.71,467.21,216.52,459.88,750.35,415.72
"139","TRINITY_DN10958_c0_g1",-1.16121116518716,1.32198999916905,-4.43145295561296,0.000842078200974919,0.0110326002023763,-0.439670492892039,115.06,37.02,107.22,91.69,100.69,67.35,33.68,21.7,47.42,68.09
"140","TRINITY_DN109610_c0_g1",1.42908309355769,-1.00577155244427,3.24000129517967,0.00718574768225206,0.0443306571968928,-2.21664769023158,10.04,1,4.01,13.04,18.05,25.05,15.03,22.04,18.03,25.04
"141","TRINITY_DN10966_c1_g2",1.34424446900974,-0.227079853248447,3.37029409120116,0.00565273086064095,0.0381432437750586,-2.07522530887303,21.67,9,6.93,11.95,25.75,47.67,26.73,22.69,34.23,43.63
"142","TRINITY_DN109676_c0_g1",-1.91761185217444,-1.41095484702645,-3.47429241910376,0.00467028236060925,0.0337366161912611,-1.88305576733744,20.15,6,29.13,11.03,30.08,1.03,5.02,11.08,4.02,5.05
"143","TRINITY_DN10969_c1_g1",1.06219218241478,1.49678341233122,4.54537482118605,0.000691470250969137,0.00975929258442109,-0.264562590656152,55.59,15.6,43.7,70.23,63.88,88.47,140.48,123.02,117.35,93.36
"144","TRINITY_DN109774_c0_g1",-1.20504159042173,-0.227332894677943,-3.5640693344908,0.0039628020570184,0.0302428749742643,-1.75626791517157,47.03,6,31.02,35.02,61.77,11.01,7.01,19,25.01,14.01
"145","TRINITY_DN10981_c1_g1",2.12171451517973,-0.0611868108626972,5.46677426699393,0.000149801494209238,0.003775486801809,1.23007052675372,10.67,5,13,19,14,29,46,47,94,57
"146","TRINITY_DN11_c3_g1",1.76494754824033,0.0635546906928174,4.75809765136799,0.00048077247649218,0.00774908349737383,0.190338821300862,21.56,5,21.02,18.24,10.41,68,30.48,30.18,89.15,54.95
"147","TRINITY_DN110223_c0_g1",1.24274184990633,-0.00819813941669563,3.83997131901678,0.00240136370585184,0.0217897731240176,-1.30406989070109,36,13,15,11,14,41,29,29,51,42
"148","TRINITY_DN110360_c0_g1",2.72890445795104,-1.97173554157346,4.97884580305699,0.000331852808442772,0.00616580755145631,-0.435517016891145,5.55,0,3.82,4.38,2,19.92,11.76,16.76,16.47,17.61
"149","TRINITY_DN11037_c2_g1",1.8594291912013,-0.338923979077089,5.78449341554995,9.08667521131715e-05,0.00282377463990142,1.61301300443638,15.82,2,12.09,8.79,17.39,43.11,21.46,48.08,66.55,32.92
"150","TRINITY_DN110593_c0_g1",1.60637900658649,-0.827053709414141,3.37436012322875,0.00561063031423934,0.0379575825772505,-2.00985655814184,19.25,7,6.16,9.25,6.14,15.47,16.34,23.78,26.43,41.88
"151","TRINITY_DN11065_c1_g1",1.2037230866993,2.09898805581109,3.75909291405212,0.00277929834132124,0.0239355057526082,-1.722311804828,76.45,6,123.45,112.16,108.65,190.25,197.93,189.64,202.28,177.02
"152","TRINITY_DN110791_c0_g1",-2.70285213993788,-1.22128336035805,-4.68839693665046,0.000541213520920801,0.00836240005437599,-0.311160150346414,43.31,12,37.76,23.48,27.78,8.45,0,5.43,8.15,4
"153","TRINITY_DN110800_c0_g1",-1.09300776015254,1.74009046704712,-3.73131919486662,0.00292275604116269,0.0247768176866713,-1.72710171332285,172.29,37,152.05,171.47,88.97,43.68,98.62,55.28,79.71,45.84
"154","TRINITY_DN110921_c0_g1",-2.93575019226967,-1.28142496548173,-4.93892473909709,0.00035468742683636,0.00640761826573773,-0.0381316320994562,41,6,56,17,39,4,4,3,4,3
"155","TRINITY_DN11108_c0_g1",1.17264755835709,2.05067530458744,5.19438919776531,0.000232576047865739,0.00495838998316671,0.747890376713208,96.69,30.61,61.93,54.59,98.61,174.57,109.85,257.24,188.83,139.98
"156","TRINITY_DN11109_c4_g1",-2.31508644304728,0.029571485414073,-6.48501200988407,3.17153796999132e-05,0.00152520347796748,2.6025710355867,90.01,22,43,57,78,17.01,13,11,15,4
"157","TRINITY_DN11117_c0_g1",1.19748855069106,1.87487694876825,4.54978553142416,0.000686237875875799,0.00971448565527464,-0.305914685902805,60.91,28,48.8,92.95,72.27,205.93,87.62,145.18,150.78,178.92
"158","TRINITY_DN111171_c0_g1",2.26399741916139,-0.65141978645559,3.63205081166157,0.00350063921998201,0.0278409931163639,-1.60004966750089,6,1,14,3,33,30,18,36,85,40
"159","TRINITY_DN111184_c0_g1",1.88086438964001,-1.63352833550011,4.17892320648306,0.0013108310420896,0.0146340978461307,-0.991031434290956,9.55,0,5.33,5.58,5.63,13.76,14.84,19.45,15.11,16.58
"160","TRINITY_DN11127_c0_g1",-1.10910293751605,1.71478265145947,-6.97144114626488,1.5875436834339e-05,0.00103598446319625,3.41519353095172,156.88,34,163.44,114.21,136.96,75.45,51.93,55.55,70.96,50.74
"161","TRINITY_DN11153_c0_g1",-1.62047846043632,1.18155791860304,-5.99637528060551,6.56198566656618e-05,0.00232867523528235,2.05638687191889,112.15,35,110.35,121.51,103.52,37.86,30.16,38.7,19.99,50.62
"162","TRINITY_DN11168_c2_g1",-1.26136354696393,1.81733034076856,-5.43106140929112,0.000158601180495828,0.00390638440097981,1.15177163565928,204,55,134,90,198,54,45,68,72,68
"163","TRINITY_DN1117_c2_g1",1.45518271113585,0.532221242883486,5.19362086409331,0.000232868258531972,0.00495838998316671,0.862966633930862,26.4,15,27,27.16,15.61,72.94,43.71,46.45,92.74,58.51
"164","TRINITY_DN11183_c0_g1",-1.06767476209281,1.61375872255867,-5.12857468472162,0.000259063131519532,0.00529339187460889,0.685010668517016,166.93,36,119.84,96.25,132.14,71.67,36.64,54.74,53.83,74.49
"165","TRINITY_DN11187_c0_g1",-2.12732516136744,2.13344608925673,-6.41065382822693,3.53517706841684e-05,0.00161936286068697,2.62297918628821,244,93,194,367,241,125,41,27,76,45
"166","TRINITY_DN111932_c0_g1",1.24101898419514,0.191457455636563,4.13925177126565,0.0014061712024149,0.015319029535412,-0.813007513321686,33.03,1,18.3,27.41,29.05,46.77,35.35,60.77,67.02,45.37
"167","TRINITY_DN11194_c4_g1",-2.87505355247554,-0.353199249112218,-6.50060387422618,3.10045869610237e-05,0.00150272467477967,2.32159003028145,69.45,21,52.92,50.51,76.38,3.11,5,4,29.99,5.37
"168","TRINITY_DN1121_c0_g2",1.41083580129123,-1.4487744157707,3.23853136593837,0.00720525576676776,0.0443946418152303,-2.22269611260444,7,4,8,7,6,12,9,11,18,23
"169","TRINITY_DN11210_c1_g1",1.53023134492214,2.59157814692536,4.00643865963092,0.00178104374629525,0.0178648293122545,-1.3598841781024,163,32,47,84,145,380,362,200,201,322
"170","TRINITY_DN112290_c0_g1",-1.88322796262835,-1.1347730484561,-4.18509466327005,0.00129661305745925,0.0145434807839252,-0.801758539590018,36,8,16,27.06,26.08,8.02,5.11,2,7.39,7
"171","TRINITY_DN11234_c0_g1",1.12732800260218,2.67576578781894,4.70223057807894,0.000528614381320237,0.00822188433696775,-0.166830899147935,105.27,43,151.55,165.21,81.67,296.89,219.86,173.83,340.39,273.52
"172","TRINITY_DN11246_c0_g1",-1.2002144911741,1.56837486255309,-7.03609998516149,1.45137301759519e-05,0.00098266865230776,3.50265135431502,108.96,37,150.24,131.05,132.01,57.04,37.01,50,72.63,47.01
"173","TRINITY_DN112661_c0_g1",-1.86859600776055,-0.614728009611789,-4.37143176832479,0.000934818518013899,0.0117555675137902,-0.439550028402821,44,13,37,50,20,12,8,5,11,6
"174","TRINITY_DN1127_c0_g1",1.80940850157807,1.88549814346082,3.56586420158031,0.00394983148646705,0.0301886612979784,-2.02286969742055,59.62,29.58,103.93,42.89,29.25,453.74,70.27,163.18,296.09,118.29
"175","TRINITY_DN11271_c1_g1",1.1533155002688,0.273831547983118,4.93812087842787,0.000355163818649585,0.00641219990792662,0.469920186260391,23,10,29,15,26,38,48,46,65,39
"176","TRINITY_DN11277_c0_g1",3.30678462707029,-1.1749617243872,3.36738986995373,0.00568299801491805,0.0382772432943302,-2.07246938531775,11.91,11,0,16.3,0,23.42,33.41,62.48,24.5,25.46
"177","TRINITY_DN11293_c1_g1",-1.23967064337981,0.806673687973517,-4.68268287861144,0.000546508956138655,0.00838921852733463,0.0335868270202893,91.64,31,75.96,48.33,82.99,48.86,20.92,16.71,34.86,34.09
"178","TRINITY_DN11295_c0_g1",-1.90419117816812,1.77933450810919,-4.36761330632226,0.000941067064037239,0.0118083741252126,-0.591212352171746,255,92,108,188,177,20,80,32,128,28
"179","TRINITY_DN11300_c1_g1",-1.11916794708347,-0.0281850039071597,-3.39905060556658,0.00536172942183339,0.0369669571616088,-2.06034874142948,56.49,9,54.71,21.47,56.75,24.62,7.99,17.24,19.71,20.56
"180","TRINITY_DN11307_c2_g1",1.05369904007672,3.27921607155676,3.64682026216031,0.00340774702540636,0.0273630121358637,-2.14594030873016,230.01,16,293.34,201.55,237.93,384.33,357.91,362.51,523.27,429.67
"181","TRINITY_DN11312_c1_g1",1.59960019618814,0.0990691498345094,4.38076647269578,0.000919724286763477,0.0116327848959722,-0.410518678029829,33,5,22,20,9,36,38,62,74,44
"182","TRINITY_DN11325_c0_g2",1.31187404141312,-0.582183388099755,3.81484561510584,0.00251275204698039,0.0224378038173456,-1.30886048046563,22.22,5,6.13,10.69,14.93,26.41,22.35,20.05,33.69,30.46
"183","TRINITY_DN11330_c1_g1",-2.57010555959676,-0.280730536822322,-5.61542859702554,0.000118349371858563,0.00328442112967305,1.34292348958903,74.65,27,51,48,46,12.01,1,19.4,7,11
"184","TRINITY_DN113335_c0_g1",-3.01069522952327,-1.8617234329779,-4.37882313775437,0.000922845621581644,0.011656684798561,-1.05905257276542,19.85,4,27.9,22.07,32.11,5.47,3,1.24,4.3,0
"185","TRINITY_DN11343_c2_g1",-1.26685119462689,2.13264718753717,-3.72427072804352,0.0029603580246655,0.0250117709700522,-1.80191211116361,163.26,79.65,287.46,89.39,267.81,76.07,36.05,73.85,149.09,73.54
"186","TRINITY_DN11344_c0_g1",1.21883666456119,3.474071900307,7.76413758281362,5.47973437394707e-06,0.000583220946561203,4.36907976042629,171.4,91.59,285.96,173.28,161.24,481.09,426.3,490.12,467.45,409.66
"187","TRINITY_DN11356_c0_g2",-1.21666666304466,-0.186806623425886,-3.30535010900124,0.00637034334110372,0.0410815624675167,-2.19610163862158,49.96,20.51,32.13,31.16,32.96,19.83,10.45,23.79,20.13,4
"188","TRINITY_DN11364_c4_g1",1.39798256821496,1.3676048506488,5.0093880640841,0.000315427378033965,0.00597402646944875,0.526364008445464,30.02,8.86,82.33,61.14,43.58,109.48,109.09,123.21,127.53,111.08
"189","TRINITY_DN11366_c0_g1",-1.22473267739185,1.29705007710421,-4.07374168414802,0.00157964087457287,0.0165265443448196,-1.05064684186567,97.19,47,130.18,118.01,69.14,78.75,33.19,46.06,33.55,29.27
"190","TRINITY_DN113701_c0_g1",-2.55518098251393,-2.09164891622041,-4.12862871925221,0.00143290138239656,0.0154845632762028,-1.36785884434452,18,5,15,18,17,3,4,3,3,0
"191","TRINITY_DN11374_c0_g1",1.15844201497092,0.294023727511545,5.62519355707357,0.000116544023497854,0.00325479889775914,1.50505390833994,29.23,7,18.11,24.96,26.76,52.02,37.3,51.6,57.93,44.19
"192","TRINITY_DN1139_c4_g1",2.62845941755499,-0.739173211179477,4.82104233279605,0.000432254396106011,0.00724703894943089,0.0663210562504633,9.37,0,21.03,12.81,3.09,43.35,32.87,44.43,39.44,46.66
"193","TRINITY_DN1139_c8_g1",-1.98405573463876,-1.45460409081836,-4.48012405341853,0.000773931206985642,0.0104499647136941,-0.517525992877366,34.78,6,23.59,14.64,17.91,6,3.55,2.22,6.76,3.1
"194","TRINITY_DN11409_c0_g1",2.59605547832066,3.79829609834225,5.60991164552493,0.000119382391800644,0.00329826574000275,1.22908024770264,266.69,110.85,92.66,70.99,208.15,1017.17,803.2,1233.57,1594.94,339.76
"195","TRINITY_DN11409_c0_g2",2.23870061278741,1.09991016419226,4.76260712116353,0.000477113832422181,0.00770620583949904,0.166873649474155,53.38,2.15,26.49,18.1,50.61,118.3,153.76,194.34,224.03,54.41
"196","TRINITY_DN11409_c0_g3",3.13153451958935,-1.49760825822987,3.93251885879895,0.00203308122328391,0.0195512691754143,-1.44620135267747,10.95,0,6.95,0,6.93,22.83,22.74,39.44,55.6,13.72
"197","TRINITY_DN11409_c0_g5",2.37112754579804,1.60450624082007,5.18008943649892,0.000238078312077546,0.00502504170089728,0.799474688857532,67.23,11,33.36,19.14,53.59,194.28,204.55,308.68,277.92,69.65
"198","TRINITY_DN1142_c6_g1",-2.16715760614428,-0.200092454796908,-5.14082901574092,0.000253900870586057,0.00522944328117007,0.742218437462395,65.27,24,68,23.7,58.8,7,3,16,17.69,10.69
"199","TRINITY_DN114361_c0_g1",-2.81086923778148,-0.580676848054861,-5.08153850035018,0.000279925585492056,0.0055489069190894,0.511016025698133,37.47,8,53.33,74.75,78.43,9.54,6.48,4.6,9.17,2.52
"200","TRINITY_DN11438_c0_g1",-1.40312596510604,3.51572512309844,-7.18340083679101,1.18552712332406e-05,0.000864273067426373,3.58062552010172,491.89,233.38,585.27,432.36,484.8,189.88,110.84,141.39,314.71,249.78
"201","TRINITY_DN11438_c0_g2",-1.4309958810837,-0.804667080093893,-3.15007437106452,0.00848319720707761,0.0493069962271742,-2.38333683210112,52.02,4,43.19,17.87,19.71,12.81,8.32,7.19,6.7,11.21
"202","TRINITY_DN11445_c0_g1",-2.44426808719684,1.61888236243736,-5.91378730819211,7.44415241340511e-05,0.00252145651795359,1.92667939836797,181.43,99.64,234.03,81.27,334.5,47.26,25.91,25.75,39.74,34.37
"203","TRINITY_DN11454_c0_g3",-1.47668257730534,-1.27177382208777,-3.46863835057417,0.00471893331567172,0.0339609200904542,-1.86359615451666,14.29,4,28.46,16.91,31.42,6.72,4.27,8.52,7.35,3.59
"204","TRINITY_DN11455_c0_g1",1.21818504461594,1.32472271910601,4.07692176575649,0.00157072861499585,0.016466782770588,-1.04419494476752,72.51,15,27.38,62.98,38.78,111.93,115.02,110,82.21,101.04
"205","TRINITY_DN11455_c1_g1",1.13511310222947,-0.567327971372481,3.15583871401409,0.00839335876545434,0.0489676036516699,-2.3973213195449,12.15,2,15,12.01,20.25,36.65,10.13,26.01,38,30.01
"206","TRINITY_DN11470_c0_g1",-2.29660012674149,-0.171015999515518,-7.94494099629226,4.3446259368028e-06,0.000523872288919413,4.14903320857628,64.53,20,47.72,62.25,46.92,11.31,9.89,8.08,9.01,10.09
"207","TRINITY_DN114829_c0_g1",-4.86280238617583,-3.11289384491377,-8.47201725521502,2.25504329981244e-06,0.000355653440608338,1.74905284620124,29.79,7,15.93,13.78,15.65,0,0,0,0,0
"208","TRINITY_DN11487_c0_g2",1.44433780598952,-0.899151232043466,3.73311005057477,0.00291328056215246,0.0247270444194901,-1.43725291397304,13,8,11,5,8,20,25,24,17,20
"209","TRINITY_DN11516_c2_g1",2.59925556736504,-2.14237158120377,3.17307169012547,0.00813045345031856,0.0479980221805605,-2.49532778091882,7.35,1,10.83,0,0,24.12,11.41,12.82,11.89,12.94
"210","TRINITY_DN1152_c0_g1",-1.68229209340721,3.64710784844359,-6.70369162220106,2.31467308948477e-05,0.00128646655202075,2.88915628749234,447.42,243.74,580.62,664.99,871.13,217.51,90.6,179.86,342.87,185.36
"211","TRINITY_DN11523_c0_g1",-2.02904367239826,1.34048199014425,-10.1984505432333,3.20117014986104e-07,0.000136538237977502,6.95571076599495,162.49,46,137.58,112.45,167.61,42.45,19.62,44.05,33.5,28.87
"212","TRINITY_DN11524_c0_g1",-2.44907346750194,-0.820587940842579,-4.43712595108135,0.000833823014144989,0.0109756775692656,-0.405634820614648,46,7,22,50,57,2,8,5,8,10
"213","TRINITY_DN11525_c1_g1",-1.56996470238482,-1.06559034764708,-3.29135266867975,0.00653673526949529,0.0416758213134533,-2.13452482447025,39.35,10,25,12,26,13,3,6,14.18,2
"214","TRINITY_DN115332_c0_g1",-1.77245679777691,-0.629549087300936,-6.02876464981977,6.2468926525653e-05,0.00226905550184715,1.84812524654085,43.67,16,32.73,23.3,32.48,10.16,5.33,9,10.12,6.18
"215","TRINITY_DN11562_c0_g3",2.7614093415192,-1.25040832428212,4.39862270804463,0.000891553263714648,0.0113928468765653,-0.648968002283752,3.6,3,10.66,11.88,1.47,32.66,20.45,20.57,36.82,22.94
"216","TRINITY_DN115646_c0_g1",-1.32052839545578,-0.693964742731353,-3.58082272251897,0.0038434071379238,0.0295729226109058,-1.68420888260156,28.6,13,34.45,21,26,12.01,7,4,21,8
"217","TRINITY_DN11567_c0_g2",1.43310513131812,-0.319089856540604,4.36123823006699,0.000951596295616554,0.0119042074679358,-0.435082399577748,13,5,23,11,13,24,21,39,56,37
"218","TRINITY_DN11571_c0_g1",-2.93377531492336,-0.303151423631739,-3.88945854461109,0.00219659623940551,0.0205135245902619,-1.18917949246557,119,32,41,21,93.03,3,14,3,9,16
"219","TRINITY_DN11576_c0_g1",-1.58881326433748,3.81365743855918,-4.12024112272435,0.00145437821555096,0.01564534963599,-1.37864886067464,329,155,1225,990,784,249,227,217,342,131
"220","TRINITY_DN11581_c0_g1",-1.6850308667292,1.3904213254052,-5.05099105685383,0.000294414823198188,0.00574574162542407,0.590278891825802,110,41,162,138,129,111,34,36,28,21
"221","TRINITY_DN115946_c0_g1",-1.78746293642826,-1.1196444715171,-3.80898984674448,0.00253946747549637,0.0225751565904045,-1.34604175705619,30.62,8,21.99,17.92,31.69,1,5.87,5.79,13.73,8.87
"222","TRINITY_DN11606_c0_g2",-1.71121791697691,-0.80497794691117,-4.45895200149983,0.000802840397789115,0.0106932245217175,-0.323128036568399,37.72,7,31.51,26.37,31.65,16.93,6.06,2.64,11.19,7.75
"223","TRINITY_DN11610_c0_g2",1.29481047052808,0.0189570534590595,4.70232059518473,0.000528533409384353,0.00822188433696775,0.103124370864644,13.84,4.92,23.68,17.29,26.62,32.01,39.86,38.45,57.83,44.42
"224","TRINITY_DN11611_c0_g2",-1.83903038150285,2.29185403295117,-6.52071539928767,3.01126762604667e-05,0.00147220707342145,2.76534411909727,341.07,58,283.45,266.51,235.18,55.62,28.01,103.07,113.97,88.78
"225","TRINITY_DN11661_c0_g5",1.62168735751068,0.192156319640087,4.52766366095967,0.00071290368311242,0.00995710848785923,-0.175459823388438,27.79,1.63,19.18,17.13,25.61,54.58,29.87,70.34,117.12,38.98
"226","TRINITY_DN1167_c0_g1",1.08797967068062,4.4911406824841,5.67012384873601,0.000108604523762915,0.00312656889290947,1.17786931223743,379.03,177,392.68,435.14,459.57,1125.54,1129.7,801.76,788.36,650.84
"227","TRINITY_DN11677_c0_g1",-4.68768475309966,0.529451115021079,-13.5884202279521,1.36889743252869e-08,2.28450482875085e-05,7.36176534896277,227.82,89.15,181.18,162.91,208.25,9.62,4.57,3.41,9.3,7.95
"228","TRINITY_DN11679_c0_g1",-1.43270465350922,3.74193530854454,-7.20024233030328,1.15861873228492e-05,0.00085372779810417,3.57842487041728,675,233,486,506.7,771.52,230,200.73,305.63,168,232.75
"229","TRINITY_DN11690_c0_g1",1.37715136476936,0.692326054026549,3.75383866876048,0.0028058722564899,0.0241103534781156,-1.51426632447645,20.02,3,34.05,42.87,47.38,125,70,70.27,71.01,48
"230","TRINITY_DN11701_c0_g2",1.2903075281402,0.977651536811288,5.67233788980475,0.000108228377344997,0.00312201111845523,1.58146358700447,27,15.16,38.56,29.02,49,87.81,58.99,107.28,95,65
"231","TRINITY_DN11710_c0_g1",-4.91534562745352,2.02214685087231,-14.362419972263,7.34836084354203e-09,1.4636986624743e-05,9.81463801655678,835.05,191,447.57,667.3,676.99,18.18,13,20.16,23.29,19.15
"232","TRINITY_DN11724_c0_g1",-1.54540048692059,1.91743931360004,-5.5652547701412,0.000128103199296027,0.00341883602511947,1.35801238179698,200,66,131,132,288,84,32,48,87,57
"233","TRINITY_DN11725_c0_g1",3.76171814039645,-0.185392729538791,5.23354082381137,0.000218185310447663,0.00477917933647474,0.681201297749348,12.52,2,1.09,7.16,18.33,104.68,65.64,88.68,170.39,37.51
"234","TRINITY_DN117346_c0_g1",1.04759849562725,0.250721359637442,3.62309820966108,0.00355820439669849,0.0280837039426562,-1.69816735732129,24.23,7.29,21.77,22.06,28.54,76.07,48.05,39.89,36.61,34.47
"235","TRINITY_DN11753_c0_g1",1.36057463493775,1.98124045001044,8.67750568320162,1.76051297695161e-06,0.000312785926024447,5.52946160981917,94,19,63,66,69,201,131,190,192,163
"236","TRINITY_DN11757_c0_g1",1.95638536310163,0.843711691395992,4.13339170401884,0.00142085204379264,0.0154232993846422,-0.871638025603086,26.55,13,47.7,14,22.07,97.81,101.79,86,216.85,33.68
"237","TRINITY_DN11770_c2_g1",1.37567305101328,-0.0775901964846994,4.43404267651329,0.000838299198578326,0.0109967588723081,-0.32101291709456,24.6,3.94,17.37,19.77,13.25,52.71,19.83,40.21,50.59,48.89
"238","TRINITY_DN11771_c0_g1",-1.06569275765201,0.870685896435015,-3.51294459577849,0.00435110384411427,0.0321994199624123,-1.97695560370675,90.49,39,59.68,57.4,69.06,31.03,34.18,56.55,20.6,27.87
"239","TRINITY_DN11810_c1_g1",-1.86364331515823,1.99643240273272,-9.37906750291983,7.80740431855768e-07,0.000201711967306402,6.29156105147019,230.1,65.51,238.38,160.67,244.71,44.99,33.37,57.91,103.35,56.06
"240","TRINITY_DN11823_c0_g2",-1.13933915756195,6.94848953715446,-10.1565718036208,3.34566613319385e-07,0.000139586616481388,6.98012960325267,5590.9,1467.86,5642.75,4650.02,5441.41,2283.22,2416.96,2286.53,2391.1,1920.3
"241","TRINITY_DN11832_c0_g2",-2.19906300330276,-2.29612509675788,-3.24475200151134,0.0071230631880141,0.0440608919652725,-2.42190516442037,18.16,6.05,10.72,11.9,10.33,4.78,2.19,2.77,2.14,0
"242","TRINITY_DN11851_c0_g1",1.23414507204961,0.713575967959893,4.39699146537218,0.000894089115155684,0.0114137305525394,-0.425853889210018,40,7,24,30,39,55,89.1,90,64.27,54
"243","TRINITY_DN11852_c0_g1",2.28213380707047,-1.11468207531462,4.17120382317744,0.00132884307640906,0.0147631166394578,-0.867558765414794,15,1,2,5,11,33,11,26,38,29
"244","TRINITY_DN11861_c0_g2",-2.89676797012548,-1.566241838219,-3.29949398435447,0.00643942868068923,0.0413629295927597,-2.2458088110862,17.89,13,50.47,22.51,19.44,8.86,0,6,1,6.67
"245","TRINITY_DN118686_c0_g1",-3.08426282511834,-1.83745659403215,-3.82988546871573,0.00244545338638192,0.0220472851076524,-1.69322057589782,36.07,11.08,16.49,16.38,26.44,0,0,7.77,9.5,2.36
"246","TRINITY_DN119005_c0_g1",-1.98931616755041,-1.61564760885591,-3.71291516825611,0.00302198474456656,0.0253068678343589,-1.60369571158169,37,5,19,15,15,8,1,3,8,2
"247","TRINITY_DN11901_c0_g1",-1.25280592609683,4.06518227276427,-3.75817497258083,0.00278392222578481,0.0239584152749492,-2.08761001179624,733.87,303.33,811.65,447.82,912.13,317.14,205.11,123.77,728.12,348.43
"248","TRINITY_DN11906_c0_g1",-1.38163442531442,4.20409219530633,-5.63983288900793,0.00011389182421356,0.00320464421370314,1.16851410616987,726,336,1265.94,485,987,326,176,329,531,270
"249","TRINITY_DN11909_c1_g1",1.76482023906957,0.325303442761846,3.50537072889264,0.0044118456145928,0.0324804159009417,-1.89214615806423,26,6,24,10,24,45,82,28,66,135
"250","TRINITY_DN11916_c1_g2",2.67125435525024,-0.786095723875999,4.95813507311627,0.000343500069751904,0.00629585451410936,0.230811277005248,16.5,0,3,23,5,35,33.95,43.33,57.91,30.93
"251","TRINITY_DN11921_c0_g1",-2.0324892530346,3.09176335587239,-9.64595410742244,5.80142956991577e-07,0.000178222225414507,6.63497568499143,612.08,193,369.7,505.08,416.06,178.3,92.87,113.4,110.87,88.75
"252","TRINITY_DN11923_c0_g3",-1.76459706786032,0.0298224385584551,-3.95113286493994,0.00196633413922549,0.0191147985561863,-1.11819211874444,101.8,13.78,46.71,20.9,89.75,19.71,11.04,15.08,13.56,11.89
"253","TRINITY_DN11928_c2_g1",-1.32414625503624,1.50136230775129,-5.85386794012731,8.1623983397938e-05,0.00266386328839883,1.83151172675249,145.05,57,100.68,86,154.21,48.04,33.74,35.17,66.18,54.02
"254","TRINITY_DN11942_c0_g1",-1.06407790625817,1.4037593302017,-3.92259282553946,0.00206962574812362,0.019765279658174,-1.33429456438302,94,30,119,176,81,45,50,45,66,38
"255","TRINITY_DN11949_c1_g1",1.56605142760933,-1.04422413726372,3.41796797453402,0.00517864033205308,0.036079282773735,-1.93604413276092,9.8,9.02,3.58,13.96,7.01,28.94,16.8,17.25,20.74,12.32
"256","TRINITY_DN119566_c0_g1",-1.22735094775805,-0.19528787256515,-3.45212141289757,0.00486403223739801,0.0346777811563159,-1.94792819611689,34,15,48,30,37,28,16,13,8,13
"257","TRINITY_DN1196_c0_g1",-1.24371575544908,2.46037800074349,-6.52569087036097,2.98962602045708e-05,0.00146627027411584,2.75078616958128,236.47,81,174.54,227.13,326.21,115.96,85.1,84,115.39,84.65
"258","TRINITY_DN11967_c2_g1",2.51791073770931,1.75329354697592,10.8050344077145,1.71616666020571e-07,9.58331246341533e-05,7.56067432253709,38,15,48.01,45.35,31.03,265.06,214.61,227.2,263.12,138.11
"259","TRINITY_DN119750_c0_g1",-1.80889841733325,-0.407654898044499,-4.34142022412153,0.000985117956384167,0.0121975262824964,-0.469595523128041,60,27,28.72,25,33,9,12.52,8,8,12
"260","TRINITY_DN11976_c0_g1",-1.24020201346868,3.36672906422116,-5.29545567838408,0.000197309832779247,0.00449243641388384,0.722660511969565,467.88,121.76,518.96,588.49,327.98,209.66,121,148.54,334.24,159.53
"261","TRINITY_DN11978_c0_g1",1.0313367890474,1.67632031427595,5.09195229778569,0.000275159068669572,0.00549409662760357,0.621674036193474,61.32,30,68,65.06,46.66,122,137,121.35,120,108
"262","TRINITY_DN1198_c1_g1",-1.1328182244915,4.26629112763314,-9.53038228660133,6.59227791480259e-07,0.000191107970273817,6.45275971770099,747.45,316.1,990.87,701.45,699.26,352.67,312.06,386.22,359.45,358.47
"263","TRINITY_DN119848_c0_g1",1.18482835227386,2.05651996434608,5.48135669074516,0.000146357887662441,0.00370989607856338,1.21162206494378,73.21,11.64,110.77,78.65,103.15,195.34,147.19,201.18,190,162.46
"264","TRINITY_DN119925_c0_g1",2.10461648757507,-1.18825191627048,4.29188557447996,0.00107438565467646,0.0129095363736286,-0.692334452993362,11.48,4.66,6.13,1.17,9.53,32.75,19.75,18.71,22.48,19.31
"265","TRINITY_DN11997_c0_g1",1.7823895468041,2.5624736112811,3.8308152510078,0.00244135426695983,0.0220328475995667,-1.66622100612792,100.29,85,50,47,123.84,501,388,144,223.64,298.81
"266","TRINITY_DN12003_c0_g1",1.29959486537839,1.81466121714303,8.66484849079122,1.78733731543025e-06,0.000312785926024447,5.50373205397458,73,23,72,55,53,174,121,155,164,136
"267","TRINITY_DN12008_c0_g1",-1.31635061031632,3.11418361929358,-8.16579030537015,3.28854480230902e-06,0.000448258420425998,4.91100063496853,474.27,129,358.06,301.42,418.39,143.81,107.08,141.19,255.78,127.34
"268","TRINITY_DN12012_c0_g1",2.05219004259908,2.06969431501216,8.69081086512134,1.73278013359195e-06,0.000311386218224007,5.54134193964146,47,26,67,51,60,298,260,234,221,157
"269","TRINITY_DN12013_c4_g1",-2.06472926177012,0.744142680409793,-9.10000078042667,1.07266987251748e-06,0.000236554354600748,5.73678886774053,117.12,44,103.76,66.32,84.07,23.02,15.75,24.35,23.17,16.19
"270","TRINITY_DN120151_c0_g1",-1.07445043427478,0.763781437074783,-4.89595648585327,0.000381117131652926,0.00670844374153504,0.3815021748937,89,22,80.79,47,72,25,19,34,49,30
"271","TRINITY_DN120156_c0_g1",-1.81128196807579,-1.41303114019684,-3.61965507210917,0.00358060088703952,0.0281649609647027,-1.66818794045665,22.51,4,20.25,14.59,35.8,8.19,6,4,9,1
"272","TRINITY_DN120165_c0_g1",-3.26043670432049,-2.51581799731541,-5.27776148143569,0.000203051836144613,0.00457425931348323,-0.285468340255205,15,6,18,13,17,0,0,1,5,2
"273","TRINITY_DN120193_c0_g1",1.0435450276769,0.0675160198577409,3.29624211204517,0.00647811853575219,0.0414819935026057,-2.23923753761589,26,6,13,26,26,49,44,49,40,22
"274","TRINITY_DN12020_c1_g2",2.84352050155152,0.286034782748325,5.92140260837493,7.35778041072376e-05,0.00251208120422321,1.87485085666888,15.36,7.94,32.01,2.89,16.65,113.78,62.71,63.37,132.65,73.05
"275","TRINITY_DN120229_c0_g1",-2.85328772242651,-1.77893600227148,-3.18723268906896,0.00792063625071542,0.0471067405214734,-2.45130355996624,19,17,32,15,20,0,7,4,12,0
"276","TRINITY_DN120239_c0_g1",2.54312087358248,-1.15675889103451,3.56534774475714,0.003953559200523,0.0301973521243661,-1.74912158667947,0,4.09,24.87,4.14,8.28,21.7,23.45,25.35,34.92,25.49
"277","TRINITY_DN12028_c0_g1",-2.84285244415158,1.50275073097527,-9.27307156410248,8.80089692167606e-07,0.000212280384031115,6.05775822028266,291.44,96,163.29,133.64,251.17,40.92,17.16,21.48,32.85,26.47
"278","TRINITY_DN12031_c1_g1",-1.23858119181563,1.53851268921815,-3.22138718397572,0.00743677413325803,0.0452453117373267,-2.60122229992812,159,50,126,55,194,91.8,17,46,82,45
"279","TRINITY_DN12034_c0_g1",3.08811844067298,-0.0441556564727534,4.20496706630573,0.00125190740957198,0.0142677701598839,-0.691799420299848,15.62,1,22.18,23.27,2.24,98.4,61.1,34.34,142.95,83.5
"280","TRINITY_DN12034_c1_g1",-3.74888253116931,0.113280553665097,-7.17477499895962,1.19956654403639e-05,0.000867339987835585,3.18019169888498,133.97,38,133.31,51.98,132.22,5.25,13.28,13.04,4.07,5.34
"281","TRINITY_DN12034_c1_g2",-3.94070764143414,1.16387167202593,-8.82119745017267,1.48451201947395e-06,0.000287353129086137,5.41433171712859,281.8,80,254.41,131.97,370.21,8.05,26.19,14.32,27.67,6.55
"282","TRINITY_DN12037_c0_g1",-1.09197278619432,0.793544595167016,-3.15244852515391,0.00844607884588513,0.0491776026945511,-2.60055344533698,81.26,30,118,32,72,26,19,42.48,56.85,19.49
"283","TRINITY_DN12050_c2_g2",1.63006431423731,1.0214002099677,3.44606751626771,0.00491834553140318,0.0349423292506332,-2.1015295936894,11.21,26.09,38.83,50.23,35.14,180.87,55.97,84.4,87.2,78.42
"284","TRINITY_DN12052_c1_g2",1.35309160916734,-1.30554471854828,3.80189986509986,0.00257220507398335,0.0227425655406989,-1.36038009738721,9.04,5,7.23,5.44,7.4,14.74,15.08,12.15,23.8,11.36
"285","TRINITY_DN120534_c0_g1",-2.52865634485535,-0.725000844778974,-5.9018262689356,7.5819886232147e-05,0.00255036729426819,1.51095637223048,54,11,54,25,50,6,8,5,13,2
"286","TRINITY_DN12054_c3_g1",2.19095471647788,-1.26053121706944,4.38425406837823,0.000914150124350076,0.0115812355105393,-0.599339268233986,8.99,2,3,11,4.99,20.01,17.99,18,21.99,32.99
"287","TRINITY_DN12059_c0_g1",-1.71771813010201,1.48724710510071,-4.35853281283289,0.000956101606359992,0.0119460465377412,-0.57285616462426,207.7,70,148.51,118.13,87.37,106.71,40.38,25.27,49.94,16.74
"288","TRINITY_DN12070_c0_g1",-1.40369245348219,0.941610872246478,-6.30634531809105,4.12179655069664e-05,0.0017711391330022,2.49854330950923,87.08,29,77.89,80.89,112,37.49,19.68,45.51,37.46,19.21
"289","TRINITY_DN120721_c0_g1",-1.39915006300272,-0.081538130933973,-3.54712589742974,0.0040874082468164,0.0308355875900329,-1.79532538835684,40,15,30,58,53,21,15,5,18,21
"290","TRINITY_DN120722_c0_g1",2.90961422374489,-0.694344589420987,5.04051749321214,0.0002995623151244,0.00580947670675297,0.378680859820933,3.18,2.75,8.73,9.41,10.06,78.67,18.93,44.18,54.87,33.97
"291","TRINITY_DN12075_c0_g1",1.39123970008028,2.36775343767319,7.15106141413298,1.23908492752157e-05,0.000881463319177439,3.63789428712102,88,40,90,97,69,245,226,245,196,214
"292","TRINITY_DN12079_c1_g2",-1.55645786252604,-0.332016925395016,-5.24358597468577,0.000214646313176818,0.00473301623565876,0.903197136019077,45.15,11.68,31.94,33.63,51.33,19.05,13,7.31,13.91,7.17
"293","TRINITY_DN120792_c0_g1",-4.08905347215328,-1.67017728759475,-5.51710485968461,0.000138264753639019,0.00358244420765113,0.00372190835170816,55.18,18,28.61,33.67,27.92,1.64,2.78,0,2.08,1.02
"294","TRINITY_DN120809_c0_g1",-1.04210327443518,0.22551193442385,-3.32928434883337,0.00609570583363083,0.0400465628061534,-2.21213265589954,63,18,45,27,57,23,26,25,13,20
"295","TRINITY_DN12084_c0_g1",1.51876167490799,0.918322487682469,4.56649682664367,0.000666785385146244,0.00953943496571647,-0.158325465683917,46.02,10,55.01,14.29,30.98,106.74,51.17,70.31,159.97,73.47
"296","TRINITY_DN12086_c1_g1",-1.88074887101,-0.889697242201428,-4.08232724880782,0.00155569881334689,0.0163815297282646,-0.905561018606019,38.28,8.04,35.44,15.44,37.23,12.17,2.14,8.14,4.1,13.55
"297","TRINITY_DN1209_c0_g1",1.2570523028315,1.85393385591784,4.84214573288147,0.00041715948538662,0.00710586590445601,0.192649396082867,73,28,54,67,61,248,144,98,151,140
"298","TRINITY_DN1209_c0_g2",1.23015803519845,1.81257413876732,5.51770013961116,0.000138134055881861,0.00358231906030792,1.29334773473669,70,16,56.06,68,80.16,160.95,185,109.22,150.35,148
"299","TRINITY_DN120919_c0_g1",-1.06904416490299,0.529633668392616,-3.68004927220336,0.00320787106998472,0.026315879212092,-1.63951327471218,86.06,25,56.5,31.2,66.33,22.58,13,25.07,42.48,29.27
"300","TRINITY_DN12111_c1_g1",2.41070980717017,-1.21087723714417,3.68631462430993,0.00317155146130973,0.0261086792031899,-1.57983094393945,6,3,14,3,4,56,11,27,21,23
"301","TRINITY_DN121131_c0_g1",-2.17631093130727,-0.562830260376553,-6.85399672650822,1.87094850540793e-05,0.00113373236812491,2.78694187907602,44,10,45,40,45,10,5,14,7,5
"302","TRINITY_DN12114_c0_g1",-1.3268963476303,1.94065919797733,-5.8748889084245,7.90240462959705e-05,0.00261136023019056,1.830583655234,207,46,206,114,197,92,44,77,95,38
"303","TRINITY_DN121157_c0_g1",3.48851969310264,4.07292470857444,10.4542992693572,2.45212026547497e-07,0.000115582841337823,7.48055219300688,134,33,166,165,137,990,2302,2025,1745,1096
"304","TRINITY_DN12121_c1_g1",-2.05898415353539,1.08454143809382,-6.60128133089466,2.68041709179558e-05,0.00139686815963521,2.90432480180455,135,56,148,99,88,12,30,24,50,27
"305","TRINITY_DN12130_c1_g1",1.27076411837949,1.2427053660411,3.61241586185814,0.00362816126134973,0.0284015848841054,-1.84774014206934,59,13,38,33,53.99,171,37,137,131,79
"306","TRINITY_DN121330_c0_g1",-1.6980251728111,-0.674535051593856,-4.37573898251569,0.000927821964867738,0.0116992343652549,-0.432853189661204,48,11,19,24,49,12,5,9,10,6
"307","TRINITY_DN12135_c1_g1",1.96230795853827,-0.063125771873694,6.2530483835652,4.46069414118872e-05,0.00186991813869736,2.28945811107658,18,2,11,14,22,59,27,55,80,48
"308","TRINITY_DN121376_c0_g1",-1.25068487079605,-0.284559770214053,-4.40442195985402,0.000882598492293728,0.0113287611550643,-0.366879705171534,39.11,11,48.29,20.86,46.47,10.15,9.49,13.14,20.47,14.1
"309","TRINITY_DN121415_c0_g1",-1.64332532743503,-1.59323548905147,-3.27609822509495,0.00672308567800471,0.0423993108672634,-2.19474741927876,17,11,21,15,12,3,5,4,8,2
"310","TRINITY_DN12143_c0_g1",1.06043156916942,3.2470956048606,9.6568422435698,5.73235926637394e-07,0.000177870211045255,6.64460428038405,198,74,171,172,168,371,360,384,434,304
"311","TRINITY_DN121458_c0_g1",-2.82759604556357,-0.174353683848318,-4.63154680576264,0.000596381080609347,0.00887143795843555,-0.0289652487219492,97,12,101,24,117,8,6,16,8,6
"312","TRINITY_DN121511_c0_g1",-1.53389719432583,-0.459237144216517,-5.37930972851025,0.000172333089551733,0.00413090978790389,1.07466593569501,40.04,14,46.04,20.02,37,11,8.04,11.01,12.01,9.03
"313","TRINITY_DN12153_c0_g1",1.03464757409189,1.22826320434116,4.25553780897692,0.00114520996955549,0.013487397520525,-0.725910013438566,60,15,51,26,57,82,115,106,86,73
"314","TRINITY_DN121530_c0_g1",1.13227337705629,-0.177585318278237,3.78150985080604,0.00266879481438175,0.0232659525904905,-1.38963265219909,19.02,7,11.01,20.02,21.01,29,31.04,25.04,58.03,28
"315","TRINITY_DN121573_c0_g1",-1.01105237112366,0.559051368817739,-3.38189541280011,0.00553344821892159,0.0376583345314841,-2.16454760879685,61.09,20,70.81,67.06,43.4,20.9,13.02,31.33,30.41,46.43
"316","TRINITY_DN12171_c3_g1",1.18220217480073,-0.899912737575559,3.73862257682141,0.00288431103303649,0.0245588027672279,-1.42798942133632,8.44,2,12.15,14.99,11.83,20.57,17.37,21.22,27.71,15.63
"317","TRINITY_DN121726_c0_g1",-3.5502718353225,-2.91958963640062,-5.23120173028024,0.000219018179946863,0.00478553948172644,-0.35965690098099,14.17,4,20.16,9.22,12.2,0,2.03,1.01,0,0
"318","TRINITY_DN121768_c0_g1",1.55072423941997,-1.57382659101967,3.73717972450485,0.002891864846655,0.0245931983637587,-1.51691928766079,8,2,4,6,7,18,9,18,13.01,12
"319","TRINITY_DN121818_c0_g1",-4.79287211612357,-1.96980834165321,-5.75338046760405,9.53659823627334e-05,0.00291085451257245,0.203831671655519,57,25,40,21,28,0,0,2,2,1
"320","TRINITY_DN121870_c0_g1",1.9005597696984,-0.636838883359115,3.79076322136002,0.00262450667657358,0.0230196077081059,-1.34455562001488,4,11,11,19,9,30,29,33,40,15
"321","TRINITY_DN12188_c0_g2",2.20420379322783,-0.740182317664381,4.02704158556588,0.00171671476086866,0.0174000888077739,-0.984905600261599,8.01,6.01,12,19.02,2.76,34,28,33,42,18
"322","TRINITY_DN1219_c0_g2",1.379403716666,0.0169250289758057,4.66150738533437,0.000566610310111796,0.00858577998252349,0.0389207911268628,14,7,24,16.03,19,52,34,40,35,54
"323","TRINITY_DN12195_c1_g1",-1.26166021676216,2.05091633391129,-3.855738496541,0.00233407105310702,0.0213553834295354,-1.55216450698588,249,64,184,103.26,215,76,35,61,203,50
"324","TRINITY_DN122036_c0_g1",1.13285897246841,-0.749790352467531,3.45091417860125,0.00487481413960065,0.0347222233435209,-1.89977368946858,10,10,12,13,10,24,12,20,30,19
"325","TRINITY_DN122083_c0_g1",-1.66821286023638,-0.438187654414581,-6.04282504976718,6.11513907973602e-05,0.00224626774476823,1.96217919915167,44.71,13,33.74,26.15,47.72,10.18,6.06,12.16,10.13,12.18
"326","TRINITY_DN12210_c0_g1",-1.06147846735229,0.437449093646246,-4.48463617095781,0.000767911695044568,0.0104061957957632,-0.267026786209103,52.38,24,55.49,48.28,58.04,23.16,11.16,25,32,31.22
"327","TRINITY_DN12215_c0_g1",1.4411873818869,2.4064622606158,4.5207479555338,0.000721459989569174,0.0100222072971693,-0.42827004327435,60,30,145,160,53,255,251,178,321,196
"328","TRINITY_DN122209_c0_g1",1.85816425334741,0.209658810492662,4.9029408449435,0.000376684244739056,0.00666270373650737,0.416052218559788,15,6,18,25,15,31,83,66,69,54
"329","TRINITY_DN122282_c0_g1",-1.58476574739086,-0.900100937087017,-3.32864181342382,0.00610291962762777,0.0400811615791065,-2.07944685078654,54,9,18,27,20,12,3,4,11,11
"330","TRINITY_DN122311_c0_g1",2.49750055463895,-1.83812378436861,3.43577298945533,0.00501212557760252,0.0353620578343008,-2.06423714010661,3,5,2,8,2,12,27,15,18,10
"331","TRINITY_DN122336_c0_g1",-2.72754087579146,-0.640504099901268,-6.11878130382042,5.45255795732179e-05,0.0020847340479796,1.80259621971133,55,11,45,33,65,7,4,7,3,14
"332","TRINITY_DN12238_c0_g1",-1.70909789797011,3.62340554751455,-10.5303984726491,2.26754186038198e-07,0.000111123948249894,7.55707165522985,602.25,222.55,529.9,591.54,780.24,163.86,129.99,218.57,206.28,229.74
"333","TRINITY_DN12245_c0_g1",2.44049300565253,-1.52076375142647,4.5765071776266,0.000655409494132238,0.00942702665820578,-0.53817088308749,5,0,8,5,5,25.99,25.83,15.98,30.08,11.97
"334","TRINITY_DN12252_c1_g1",1.99728208976943,0.055689848601865,4.29760835578726,0.00106365631629525,0.0128328742123093,-0.540899713325111,16.81,8,15.84,5,31.04,70.84,48,68.1,83.4,21.12
"335","TRINITY_DN122581_c0_g1",-1.39184374488997,0.854018617467037,-3.52531385694774,0.00425373159431625,0.0316829793898749,-1.94860263393573,69.45,25,89.09,100.42,76.48,56.5,53.87,29.64,13.39,17.77
"336","TRINITY_DN122618_c0_g1",-1.44459325706463,-1.47322340921008,-3.81028750828887,0.00253352214081343,0.0225384263427583,-1.37881277833527,23.41,4,14.49,17.22,17.48,3.09,6.1,5.08,6.08,5.12
"337","TRINITY_DN122839_c0_g1",-1.69697638953501,-0.667651635240515,-5.03386897468148,0.00030287888644517,0.00584611887306551,0.525676354336749,39.63,15.07,21.67,33.24,33.01,9.24,5.09,8.12,13.79,5.06
"338","TRINITY_DN12285_c1_g1",1.87584074661322,-1.06945860756298,4.04686016027159,0.00165709950357794,0.017045240737453,-1.01610397751341,6,0,14.4,6,13.54,22.94,20.6,17.39,34.97,33
"339","TRINITY_DN12289_c0_g1",1.83423657401872,9.57937400302699,30.1132230453158,1.42901955870092e-12,8.82390997106643e-08,19.317329718012,11544.54,4141,10971.88,10523.74,10250.01,47437.88,38466.5,41794.58,46139.35,35518.19
"340","TRINITY_DN12289_c0_g3",2.01225973514329,7.11988922716772,13.0244608680892,2.19781287215335e-08,2.95022933108098e-05,9.79652159629218,2270.02,434,2026,2440.97,1886.03,8553.09,7321.95,7212,9020,6804
"341","TRINITY_DN12291_c3_g1",1.01995432735863,3.17377027618212,7.81962163666108,5.10094214160775e-06,0.000559534592515612,4.46445845242251,177.13,78,148.08,170.77,179.27,412.79,309.02,355.48,381.18,278.57
"342","TRINITY_DN123069_c0_g1",-3.37962896435315,-2.01101998019802,-4.1548473380488,0.00136786146240225,0.0150557414581844,-1.35041209355873,29,14,17,11,36,2,0,1,2,4
"343","TRINITY_DN123189_c0_g1",-6.22657648407524,-2.25902250133323,-9.80466286982196,4.87720619873587e-07,0.000168244540982984,2.42342034633179,69.14,17,35.19,50.46,57.1,0,0,0,1.06,0
"344","TRINITY_DN123231_c0_g1",-2.36902256677001,-0.761547446695892,-6.11962425931832,5.44564703309308e-05,0.00208467336019486,1.78763304698488,40.75,8,48.02,29.68,54,7.52,3.18,3.7,12.63,6.31
"345","TRINITY_DN123305_c0_g1",-1.4382157793504,0.0801051161631087,-4.67535991823982,0.000553374753273801,0.00845996144222597,0.0590075278361128,71.55,17.33,43.56,36.44,51.53,12,16,24.42,27.48,7
"346","TRINITY_DN123376_c0_g1",-2.16104937293822,-1.49507384125666,-4.40042971699871,0.000888752914267235,0.0113759636495111,-0.671464884965557,17,7,24,24,23.91,4,4,1,7,5
"347","TRINITY_DN1234_c2_g1",1.0241459306984,4.39059271918231,9.50939865534244,6.7479090676828e-07,0.000191182025632242,6.42231947597183,377.36,139.77,367.94,438.78,466.23,870.72,771.29,828.62,890.17,685.53
"348","TRINITY_DN123440_c0_g1",1.59625243960547,-0.764973878319031,4.40699100509084,0.000878661544641392,0.0113023609361943,-0.392986347603684,13,6,15.19,5,8,32.16,14,25,31,26
"349","TRINITY_DN123470_c0_g1",-1.39764763113568,-0.700873699628293,-4.55653572317585,0.000678310072516944,0.0096440917241023,-0.153129832639228,39,9,27,28,26,9,6,6,19,9
"350","TRINITY_DN123541_c0_g1",-4.08694581435662,-2.65493525526577,-6.5018281897466,3.09494954914932e-05,0.00150272467477967,0.681956594156487,22.3,6,17,17,21.05,0,0,0,1,4
"351","TRINITY_DN12360_c0_g1",2.22261647444337,1.50686281026146,8.1477538812732,3.36351051314976e-06,0.000451444089928196,4.86248684326509,25,14,47,41.76,40,213.49,171.7,188.8,166.88,104.89
"352","TRINITY_DN123628_c0_g1",-3.68118294772168,-1.27490978887914,-3.39309627420729,0.00542070850420836,0.037254723138893,-2.16221469665698,47.63,16.35,29.07,41.97,71.89,0,0,31.63,33.47,0
"353","TRINITY_DN123635_c0_g1",-1.42601657149167,-1.38272319319771,-3.28207734564189,0.00664941149769801,0.0421487356933908,-2.15625128306496,17,12,17,10,25,5,5,6,6,4
"354","TRINITY_DN12371_c0_g2",1.50815640240538,-1.04485664459439,3.34182202801968,0.00595666172788563,0.0394817462831131,-2.0556982869671,9.28,3,15,10,5,19,15.58,31,29.32,11
"355","TRINITY_DN12374_c1_g1",-1.33725063913933,1.42803240541315,-6.780473612432,2.07545787605582e-05,0.00121429727916923,3.15845620423338,112.66,46,138.29,88.19,138.28,51.27,24.15,42.04,66.75,44.7
"356","TRINITY_DN123763_c0_g1",-4.2481333516156,-1.53384194737365,-5.24686954231842,0.00021350263301617,0.0047170286194702,-0.225592700642932,72.71,10.91,41.3,29.16,46.45,5.91,3.56,0,5.29,0
"357","TRINITY_DN123770_c0_g1",1.50876230217755,0.197633716851884,4.4523038694735,0.000812148466188314,0.0107661106677106,-0.299067096839661,36.91,6,22.28,8.82,22.11,38.58,33.02,53.34,85.28,58.86
"358","TRINITY_DN123933_c0_g1",-1.20620906869421,-1.04998440687904,-3.15625613068934,0.00838689056657635,0.0489457337804528,-2.35180948954035,21,10,16,21,25,5,5,4.07,17,9
"359","TRINITY_DN123981_c0_g1",-2.07539298330685,-0.88121461141741,-5.32658691628631,0.000187618717958442,0.00435529345733003,0.834521797475314,28.56,7,35.4,29.31,41.36,6.43,9.65,7.57,4.18,6.41
"360","TRINITY_DN12399_c0_g1",2.32191789846979,0.945176252805051,5.33679867657239,0.000184550133132121,0.00431161620152941,1.07948759370461,36,8,27,54,9,91,128,129,111,125
"361","TRINITY_DN124_c0_g1",1.1705672726904,2.02293253370402,3.32577914829952,0.0061351643076062,0.04017418174834,-2.49979365410657,51.59,38.19,132.99,116.45,36.1,154.35,130.04,136.79,262.53,143.89
"362","TRINITY_DN12407_c0_g1",-1.00831558857699,2.32661537522504,-5.61197391862374,0.000118995131281276,0.00329641604592025,1.3781102365528,218.97,67,241.83,155.33,187.94,88.82,54.64,104.23,159.7,91.69
"363","TRINITY_DN124072_c0_g1",-1.35513202787527,0.263377041900373,-3.14331393161623,0.00858979449221679,0.0497278821185834,-2.53431715152036,88.88,20,73.74,17.67,68.47,20.75,11.28,14.36,38.74,16.82
"364","TRINITY_DN124198_c0_g1",-3.0363553900677,-1.27082419449439,-3.69507885576689,0.00312145209708201,0.025836920119386,-1.62917761483816,32,12,17,52,36,8,7,3,0,5
"365","TRINITY_DN124203_c0_g1",-1.39540057054591,-0.342834440595158,-4.74787893253814,0.000489172284307851,0.00782726359456884,0.168487895538862,38.9,9,53.23,34.93,31.33,13.29,6.11,15.31,12.33,15.05
"366","TRINITY_DN12421_c1_g1",-2.29385105456225,-0.00880180323485238,-6.2914959049776,4.21338007634387e-05,0.00179055604235431,2.34702349842595,57.37,20,70,52.56,79.31,21.05,2,10.67,14.53,16.69
"367","TRINITY_DN12427_c0_g3",-1.26628354697519,1.74398201492954,-4.69018300687673,0.000539569331727883,0.00834602382152639,-0.0544439916771653,150.31,25,213.33,103.65,207.4,55.92,40.4,58.27,86.29,64.13
"368","TRINITY_DN124295_c0_g1",1.65535908135723,0.165922482366405,3.82395597853425,0.00247176178628271,0.022219587535214,-1.3385584191735,11,10,15,26,22,83,53,68,33,33
"369","TRINITY_DN12438_c0_g1",-1.43421842997712,2.70815289458536,-9.47872974562513,6.98251629071382e-07,0.000193343684268609,6.45074469233207,303.13,117,307.39,206.51,367.9,118.56,83.84,117.08,124.45,94.56
"370","TRINITY_DN124384_c0_g1",-2.54347918005405,-1.47587688896705,-3.81104975939672,0.00253003650578761,0.0225195276845698,-1.49603799600667,28,9,50,12,23,5,1,1,7,5
"371","TRINITY_DN124402_c0_g1",-1.290191574297,-1.34031606008493,-3.16048012585516,0.00832171823130199,0.0487211386663432,-2.33787447967127,24.07,8,13.14,12.12,21.19,7.9,7.25,2.91,7.29,5.46
"372","TRINITY_DN12448_c2_g1",2.05542706951565,0.669269391897065,6.56602674341756,2.82016741443659e-05,0.00143175792499672,2.81454751906415,31.97,2.7,33.75,19.47,20.25,80.6,84.06,114.94,77.96,111.98
"373","TRINITY_DN124568_c0_g1",-1.77314782528411,-1.39643467926375,-3.58470838921627,0.0038162446352866,0.029437599591066,-1.72244844648577,22,9,30,11.11,21,5.03,5,6,9,1
"374","TRINITY_DN124665_c0_g1",-1.55852884595025,0.106624502370509,-5.04714485643447,0.000296294250911638,0.00576965544159313,0.638623571310256,68.7,12,40.43,40.23,87.72,14.21,9.16,17.22,21.35,19.15
"375","TRINITY_DN124774_c0_g1",-1.60482478548775,-0.930239024135266,-4.25951825509731,0.00113722295680364,0.0134148352267997,-0.640982629766949,23.1,17.03,27.05,20.02,23.15,6.33,5.29,6.34,6.35,10.57
"376","TRINITY_DN12495_c0_g1",1.4332035393279,1.39904013314045,3.88287994698923,0.00222274625810467,0.0206515401663327,-1.38688480036216,60.5,9,21.91,75.96,62.25,96.98,135.64,126.81,98.11,157.11
"377","TRINITY_DN12495_c1_g1",1.26604760377319,4.00185156159249,10.6108315026094,2.08858439940675e-07,0.000108059902998011,7.62982001953521,242.12,86.29,327.05,277.33,339.31,752.1,574.98,622.57,879.98,576.62
"378","TRINITY_DN124960_c0_g1",-1.80994478490235,-1.05156654836542,-4.13714940842295,0.00141141995183107,0.0153572439093682,-0.852845036511731,44.7,9,21.12,21.08,23.26,7.1,2.05,15.23,7.17,3.18
"379","TRINITY_DN12500_c0_g1",-1.03706898560194,1.64184209211858,-5.38935234462577,0.000169573441064604,0.00407901084489956,1.10068405355999,152,54.24,103.84,105.71,121.97,52.69,57.26,41.83,84.48,55.39
"380","TRINITY_DN12502_c1_g1",-1.1290250616423,1.82180073097522,-5.58806834226575,0.000123566925155317,0.00336199812935985,1.39674356260485,211,53,137,113,126,70,58,70,57,65
"381","TRINITY_DN125043_c0_g1",1.04261723550631,-0.955655915180058,3.53118227111763,0.00420831525869091,0.031439688756447,-1.75793415757592,11,2,10,12,13.12,24.08,13.4,17,27,14
"382","TRINITY_DN125126_c0_g1",1.50628776637392,-0.164696197257236,3.70559485398815,0.00306240845403651,0.0255169544757205,-1.50958147944312,23.97,5,27.01,4.44,20.63,43.89,22.78,46.44,52.04,38.79
"383","TRINITY_DN12535_c1_g1",-1.73616060240601,2.10757517516702,-9.18454174638921,9.73487724165325e-07,0.000224300023221176,6.09775944361972,202.41,85.72,210.39,184.3,266.86,75.17,31.95,64.83,81.32,71.87
"384","TRINITY_DN125373_c0_g1",-2.09132138294502,-0.909931672777341,-4.49878176938427,0.00074935479251058,0.0102551329184271,-0.313813928563076,43,10,35,17,37,3,5,19,6,5
"385","TRINITY_DN125387_c0_g1",-3.59535668086123,-2.75054151295037,-5.59147155126763,0.000122904909329383,0.00334617828098357,-0.0299130807324284,18,5,15,13,15,0,1,0,6,0
"386","TRINITY_DN12554_c1_g1",-1.32985436395305,2.71932957609523,-7.59005337354899,6.87671089636066e-06,0.000655483283421238,4.19903564917666,305.9,98,380.5,194.01,316.74,106.2,86.22,122.88,174.45,88.86
"387","TRINITY_DN12555_c0_g1",1.29288547885793,4.13394756264491,5.71382548197424,0.000101428985120222,0.00300097602932605,1.30091021150198,252,121,323,396,275,1066,730,798,810,418
"388","TRINITY_DN12556_c0_g1",-2.12016554923672,-0.735424066005776,-5.0277130301142,0.000305984144071859,0.00588045718274173,0.458098346332283,45.82,16,32.4,18.87,49.75,4.07,4.08,5.86,14.57,7.43
"389","TRINITY_DN12561_c1_g2",-2.25384528724083,0.496019555692117,-4.84486281536821,0.000415256528032133,0.0070832210201459,0.321693037179732,119.22,29,88.14,73.63,76.01,25.57,10.27,3.18,53.97,19.38
"390","TRINITY_DN125764_c0_g1",-1.53000521255956,-0.919354803071668,-3.41839225338869,0.0051746076985715,0.0360652986366842,-1.93567758317054,27.84,12,23.28,21.77,29,14,9,3.18,17.9,2
"391","TRINITY_DN12579_c0_g2",2.02034137579263,-1.30231430945713,3.47382092240929,0.0046743197972989,0.0337578829056857,-1.8720170385432,5.17,4.99,5.35,14.25,3.73,32.27,17.12,15.62,28.05,8.46
"392","TRINITY_DN125820_c0_g1",2.21579233272504,-1.34984450051174,3.3907193773826,0.00544443595264245,0.0373299044108512,-2.02646978005258,3.63,0,9.27,10.44,6.96,23.93,14,18.03,17.43,47.03
"393","TRINITY_DN12592_c0_g1",1.11450634792372,3.29115243993118,5.42278882149494,0.000160716333386447,0.00394588952443195,0.946536247351653,278.75,61.55,187.02,191.11,121.28,389.43,322.34,473.59,542.32,277.85
"394","TRINITY_DN12606_c0_g1",1.33576218049019,-0.173591003269807,5.05670357381104,0.00029164651448362,0.005718251404951,0.642206779316386,14.56,6,17.05,11.6,23.31,32.91,29.2,35.92,60.68,27.54
"395","TRINITY_DN12610_c0_g1",-1.1489829699915,3.77987886289308,-9.73050280707764,5.28767695316562e-07,0.000172753162171466,6.70521458984959,647,210,614,456.87,565,265,220,284,337,174
"396","TRINITY_DN12611_c3_g1",-4.63087790989844,-0.107539240658619,-5.95789739740078,6.95834696759755e-05,0.00242889771398966,1.41889503076091,148,24,156,85.04,186,16,5,0,6,10
"397","TRINITY_DN12618_c2_g1",1.19625673213864,2.29331776560323,4.50510806398635,0.000741207558320028,0.0101933372630613,-0.439141290010983,106.02,10.11,135.37,105.12,96.77,254.36,208.31,227.53,189.48,197.51
"398","TRINITY_DN12620_c4_g1",-1.75372433642953,-0.178582483611733,-4.91192246026611,0.000371063072042224,0.00660064356102837,0.422039180840651,54.51,17.75,47.17,30.6,48.27,6.39,17.39,6.35,15.81,21.46
"399","TRINITY_DN1263_c0_g1",-1.18223794405573,5.49666178686135,-8.15804134483931,3.32053064611705e-06,0.000450628849091067,4.68980818937897,1896.83,751.81,2421.23,1669.31,1598.69,927.54,552.59,687.99,1183.01,795.1
"400","TRINITY_DN12633_c0_g1",-2.31630783578989,-0.794688034810235,-3.29217349011354,0.00652685753359891,0.0416343387380853,-2.13622434574275,55,1,36,40,79,5,2,5,11,19
"401","TRINITY_DN126614_c0_g1",-1.61082687651773,-1.42352830108299,-4.29296521503729,0.00107235291968364,0.0129025035238943,-0.702893985252163,20.83,5,23.07,14.58,20.83,9.3,4.13,3.13,6.31,3.14
"402","TRINITY_DN12681_c0_g1",-1.18443569125745,2.78482584996629,-3.67534935123024,0.00323539568680211,0.0264608228965108,-2.00979810025266,217,176,242,466,198,184,100,142,116,80
"403","TRINITY_DN12696_c0_g1",-1.47567412934124,3.07529550598277,-3.80599350834835,0.002553250306792,0.0226422662564688,-1.81920186817019,436.67,132,281.44,357.5,566.13,139.6,88.55,48.59,381.06,193
"404","TRINITY_DN127_c1_g1",1.11490807197723,0.483480421950999,3.93561456667549,0.00202182048054741,0.0194824236942636,-1.18550771736449,42.05,5,20.39,36.99,26.85,59.52,37.21,49.89,97.59,47.79
"405","TRINITY_DN12705_c0_g1",-1.14201067183196,1.80379451050773,-6.09416462503411,5.65853535023444e-05,0.00213306132599201,2.16957392470708,188.7,52.15,129.65,138.73,123.88,83.51,40.83,55.38,76.51,62.71
"406","TRINITY_DN12711_c2_g1",1.46995870961849,0.345419480159071,4.6827066132813,0.000546486848596348,0.00838921852733463,0.066549985178515,15,4,41,29,20,48,48,56,87,55
"407","TRINITY_DN12711_c2_g2",1.04869461652667,2.85271797339149,6.32392788020956,4.01608268733889e-05,0.00175033780283737,2.41423208033356,124.37,39,180.13,147.59,138.44,302.04,186.78,311.56,406.43,254.44
"408","TRINITY_DN12730_c0_g1",3.50905696505572,1.43468231442245,15.0266597090634,4.4112676615666e-09,1.08604997325284e-05,9.97267291630545,18.01,4,32,26,28,242.02,260,239.01,301.03,243
"409","TRINITY_DN12743_c0_g2",1.70002516713737,-1.49548953210121,4.16734998749442,0.00133793127843858,0.0148241872249792,-0.924624748106076,11.82,1,6.5,2.17,7.06,15.58,13.99,18.06,20.32,12.33
"410","TRINITY_DN127538_c0_g1",1.90989577022774,-0.380902286113124,6.14408701719919,5.24908505583476e-05,0.00204621530320508,2.04795853917749,11.04,1,12.12,19.7,12.03,50.01,27.39,36.03,50.12,39.49
"411","TRINITY_DN12754_c0_g1",1.04338302064726,2.98849586467018,5.65389482992966,0.000111404244678631,0.00317883054547879,1.36123674138511,130.28,63.48,180.36,174.11,125.13,354.5,189.27,315.27,381.87,326.01
"412","TRINITY_DN12756_c0_g2",1.57116636772377,-0.729558854868562,3.64316502694715,0.00343049894098795,0.0274956449387492,-1.58103169724191,15,7,10,12,6,34,15,15,43,26
"413","TRINITY_DN12760_c0_g1",-1.53466527313001,-1.18195728885548,-3.66669626911837,0.00328670634739752,0.0267001109773849,-1.55787311957015,32,7,18,18,22,14,4,10,5,3
"414","TRINITY_DN12767_c0_g1",-1.06752925479089,2.27979226728921,-5.79217062961167,8.9791474374709e-05,0.00279739856694729,1.66600321847197,280,53,184.7,165.64,196.39,81.64,79.29,116.55,122.67,66.99
"415","TRINITY_DN127916_c0_g1",-1.44601101148633,-1.78172385748522,-3.32344435399674,0.00616159095241905,0.0402737290282599,-2.13482956054197,14.17,4,12.67,11.37,18.05,2.22,4.75,4.59,3.43,5.47
"416","TRINITY_DN12793_c1_g1",-1.04827923238387,2.70226010109741,-5.73264728700177,9.84946494007538e-05,0.00295522235723894,1.52085204216841,307.46,76,208.09,218.35,357.44,134.23,89.85,129.9,139.03,131.01
"417","TRINITY_DN12817_c0_g1",1.01353039126743,3.03347795787099,8.43227211420317,2.36686296985781e-06,0.000367208680057236,5.24351295918428,167,70,168,134,147,317,280,363,331,278
"418","TRINITY_DN12832_c0_g1",-1.25524296178642,3.23195898827528,-5.70335951549191,0.000103100513478901,0.00303346921931418,1.40642882142657,587.6,150,353.94,332.93,376.15,224.75,96.72,216.18,235.21,103.12
"419","TRINITY_DN12838_c0_g1",-2.8505679401786,1.16093570864759,-7.31784458083409,9.87962827004717e-06,0.000784024587476015,3.81979547416699,221.83,74,136.91,126.9,176.23,14.13,5.05,18.59,59.56,35
"420","TRINITY_DN12844_c0_g3",-1.63187636750197,-0.182265540203392,-5.88730239011639,7.75300200989089e-05,0.00258494799193706,1.82279387896626,50.01,15,53,28.9,50.93,10.2,5.24,17.5,19.17,12.32
"421","TRINITY_DN12844_c1_g1",-1.40356250766088,-0.23986716486027,-5.46938101590723,0.000149179694984371,0.00376900004677658,1.24325301117808,36,12,36,35,57,15,10,11,15,14
"422","TRINITY_DN12847_c2_g1",-5.34679757011505,-2.17965324379217,-5.90857961027717,7.50383559504026e-05,0.0025347201330555,0.327697058014257,39.33,10.34,80.06,24.47,40.41,0,5.44,0,0,0
"423","TRINITY_DN12853_c1_g1",-1.34465308209222,3.13249851437446,-4.88564223146845,0.000387763781603546,0.00678042687267719,0.0724631868436916,300.61,116.47,642.61,244.69,518.3,102.52,170.8,163.27,197.5,140.96
"424","TRINITY_DN12875_c0_g1",-3.15980202165033,0.642169022122553,-12.3760555218245,3.87522870415965e-08,4.12898696121334e-05,8.03845838057902,140.31,57,140.38,93.45,131.66,16.21,9.24,18.78,14.25,7.02
"425","TRINITY_DN12875_c0_g2",-4.43310524140524,-2.84759718251573,-8.09488217614384,3.59400328452607e-06,0.000471145316540078,1.58071011381122,18.02,5,23.02,15.03,22.02,0,0,1,1,0
"426","TRINITY_DN12876_c1_g1",2.6455568113032,-1.68520712073503,3.85791612242831,0.00232493094858181,0.021306001218912,-1.51672299212675,3.88,0,12.57,6.02,1.63,27.77,9.15,27.83,20.5,17.63
"427","TRINITY_DN12881_c0_g2",1.44708253321104,-0.264676632726917,3.67824768870469,0.00321839338563212,0.0263706680966046,-1.54742351128235,26.71,3.53,10.49,9.26,21.13,20.14,50.87,42.18,41.04,35.34
"428","TRINITY_DN12883_c1_g3",1.32033485392333,-1.27491772750815,3.33669300501367,0.00601315015513102,0.0397069827589595,-2.0645325186609,7,6,5,8,12,18,12,19,16,11
"429","TRINITY_DN128888_c0_g1",-1.07632544911075,-0.651067792455875,-3.70624101866127,0.00305881803614682,0.0255096550866267,-1.48678057628833,29.07,8,29.21,17.72,34.65,12.87,11.38,6.49,13.05,11.83
"430","TRINITY_DN12892_c3_g1",-1.4997172855438,-0.0769399856605795,-4.1410407958701,0.00140172066023869,0.0152975339922974,-0.798129397692827,54.76,28,33.08,32.8,43.5,9,13.77,22,10.19,17.65
"431","TRINITY_DN12932_c2_g3",2.05219711679838,5.07182897281698,3.25882005914708,0.00694066099259034,0.0432682417940907,-3.11245401510863,1591.46,21.97,632.2,663.2,289.3,4920.46,873.87,2571.96,2593.94,1152.66
"432","TRINITY_DN12941_c0_g1",1.03268641418672,3.06042930455574,8.6644777103485,1.78812968657495e-06,0.000312785926024447,5.52184937113465,169,57,161,171,146,327,294,363,340,297
"433","TRINITY_DN12947_c1_g1",1.40430002235812,-0.656031661977872,4.02524408845632,0.00172223026804335,0.0174368056530872,-0.97273346200758,13.96,1,16.25,11.85,10.11,21.59,22.89,24.8,31.27,41.64
"434","TRINITY_DN12957_c0_g2",1.04860933317106,2.32634392454346,6.18609521572203,4.92889909633952e-05,0.00198015394535311,2.26381930855355,87,47.53,87,118,82,184.91,165,195,235,185
"435","TRINITY_DN12965_c0_g1",1.30868784832903,2.13985746603661,3.33620756159549,0.00601852464332561,0.0397246640660024,-2.49919995637762,61.15,44,107.19,54.99,81.23,230.4,56.92,211.67,328.1,206.91
"436","TRINITY_DN12966_c0_g1",1.0662751513703,2.20398751908582,5.12801457404668,0.000259301706036713,0.00529651397431524,0.617543607876526,85,42,73,68,116,224,189,186,159,145
"437","TRINITY_DN12973_c0_g1",-1.45356679246576,3.40132232068167,-4.4069164195724,0.000878775585519672,0.0113023609361943,-0.803374731834015,432.69,66.03,624.01,823.3,507.56,154.21,189.56,212.21,246.79,124.43
"438","TRINITY_DN12976_c0_g1",-1.02363765982336,0.220469679609803,-3.54648041676041,0.00409223362487771,0.0308606792707559,-1.83502385628406,51,20,54,29,54,34,12,13,36,17
"439","TRINITY_DN12980_c0_g1",1.26445978377417,1.9439050310133,3.44197990243177,0.00495536683121847,0.0350899072355594,-2.27191497438808,78.91,23,57.67,84.01,69.77,158.74,129.46,151.45,422.29,74.48
"440","TRINITY_DN12987_c1_g1",1.76768815799059,-1.37351460204416,4.18887100913741,0.00128799196023352,0.0144889437051871,-0.846597725832066,10.97,3.59,2.6,7.01,6.58,19.25,15.69,14.69,18.4,16.05
"441","TRINITY_DN1299_c0_g4",1.18420465863842,-0.50083616274961,3.29282033134864,0.00651908411709993,0.0416209328587436,-2.16686014232952,21.9,0,13.46,25.6,13.6,31.05,29.16,27.97,37.76,27.55
"442","TRINITY_DN13_c23_g1",1.00099127476555,-0.785166050158805,3.25826603797559,0.00694775414599173,0.0433037168675378,-2.21287806439878,10.46,5,14.56,10.3,13.58,18.07,17.73,26.92,28.73,12.47
"443","TRINITY_DN130_c1_g1",-1.36394508640887,2.9752285399691,-3.37536541232536,0.00560027051873424,0.0379214282257706,-2.59009695580156,554.17,123.68,599.69,149.12,295.05,309.22,79.93,116.43,162.72,85.07
"444","TRINITY_DN130_c3_g1",2.05240289593824,-0.456630859071709,3.62296825573497,0.0035590470959552,0.0280837039426562,-1.61584432196045,20.87,3.01,18.99,12.92,3.43,42.82,33.7,32.74,79.65,19.08
"445","TRINITY_DN13007_c0_g1",-1.56664354808609,1.77059477571438,-9.04100527865275,1.1482819053445e-06,0.00024619483017782,5.91276826323739,202.63,52.66,165.26,120.21,181.32,59.91,32.52,58.32,66.13,51.1
"446","TRINITY_DN13013_c0_g1",-1.57902663624235,2.38387438083108,-9.20070112552981,9.55676004762336e-07,0.000222683328083263,6.13561447803195,224,107,292.63,247.96,206.02,99,66,86,75,78
"447","TRINITY_DN130307_c0_g1",-3.09145463335792,-2.35489166922711,-5.60335766435837,0.000120621986902607,0.0033161916506065,-0.00247917609025095,19,7,16,14,16,1,0,2,2,2
"448","TRINITY_DN13038_c1_g1",2.68911375032241,-0.76217992368083,4.84681525581765,0.000413894720702932,0.00707171311952536,0.0772400645772748,10,0,7.03,9,9,56.41,53.32,42.4,26.16,37.62
"449","TRINITY_DN13054_c0_g1",-1.50844150208651,0.642200782901836,-4.77153486289506,0.00046995625227776,0.00764221338644969,0.190701266455797,104.08,13,78.38,54.64,108.39,38,13.32,17.25,43.16,20.67
"450","TRINITY_DN13058_c0_g3",1.12270193046889,0.164211709603224,3.9288382085588,0.00204655394652981,0.019638012912249,-1.16797789547376,28.67,7,12.72,18.68,35.49,37.72,46.91,36.76,56.5,40.08
"451","TRINITY_DN13072_c0_g1",1.04480080488034,2.41095789260602,7.02821229352317,1.46729605258219e-05,0.000989785398522007,3.46476716081462,98.69,35.48,110.94,89.65,116.44,205.79,214.33,247.89,227.35,156.12
"452","TRINITY_DN13073_c2_g1",-1.35514423005675,0.975999448645097,-4.26090122100267,0.00113446150955686,0.013399144853121,-0.685681189053301,101.34,40.48,82.82,48.73,123.69,32.53,21.74,28.18,75.85,17.82
"453","TRINITY_DN13089_c0_g1",1.33170835008265,2.04417101824093,6.0288634181995,6.24595671309782e-05,0.00226905550184715,2.05817188315528,63,28,68,70.01,91,249,151,178,234,104
"454","TRINITY_DN13098_c0_g1",1.1264114148441,0.991950125180668,4.5946429962688,0.000635312896146485,0.00923636236668722,-0.124414119405755,41,10,33,42,46,60,94,96,77,78
"455","TRINITY_DN131075_c0_g1",-4.36497542028426,-2.90836194900459,-6.77780938765953,2.08330179693062e-05,0.00121702667319652,0.851145749544827,18.93,7,17.78,10,25.8,0,0,0,3,0
"456","TRINITY_DN13114_c0_g1",1.11211385805423,1.06499042862621,4.19248211545774,0.00127980368925308,0.0144528813006582,-0.813873782397428,29,16,43,45,47,123,45,77,97,82
"457","TRINITY_DN13115_c0_g1",1.37762233185912,0.800118031813306,7.32320107128496,9.80858525828954e-06,0.000783960083591627,3.81479015150261,30,10,35,27,35,83.23,58,89,95.59,56
"458","TRINITY_DN13115_c0_g2",1.4921554411454,1.03059656156581,6.10096177202239,5.60084876312084e-05,0.00212172521119746,2.20870885931081,23,14,40,33,45,82.77,65,112,102.41,98
"459","TRINITY_DN1312_c3_g1",2.4792645666289,2.49695820841185,7.17541838304259,1.19851327336129e-05,0.000867339987835585,3.67684153712749,84.61,28.01,58.71,44.39,81.45,356.85,320.23,458.92,639.13,167.29
"460","TRINITY_DN13132_c0_g1",-1.23952477917549,3.78246842320512,-9.76450276726002,5.09505903853403e-07,0.000171180321828424,6.74314433408776,651.73,235.82,527.26,509.85,622.31,280.77,167.37,301.43,260.29,224.95
"461","TRINITY_DN13132_c0_g2",-1.55420764563433,0.61850003588783,-4.84294502269961,0.000416598741428087,0.0071002315996968,0.308619520358946,51.27,47.18,80.74,61.15,77.69,30.23,14.63,14.57,24.71,31.05
"462","TRINITY_DN13148_c0_g1",-2.52039103444547,1.28232473310874,-9.26141620628824,8.91816063485785e-07,0.000213441311194265,6.02093419968357,226.68,37,152.84,162.54,159.21,29.7,36.12,21.18,38.77,14.09
"463","TRINITY_DN13158_c0_g1",-2.41287646492769,0.837359212952212,-3.52587091963893,0.00424939901872409,0.0316630735619857,-1.9193128118306,409,31,69,44,155,35,10,12,31,22
"464","TRINITY_DN13161_c0_g1",-1.1738591567734,1.94231245344529,-5.28802721323423,0.000199699354001635,0.00452941316012678,0.907403100843122,191.72,38,177.92,116.23,205.43,72.6,58.41,104.8,59,63.43
"465","TRINITY_DN1318_c4_g1",-2.67029851863337,-0.49314016876621,-5.87782911890752,7.86674423164895e-05,0.00260849990855956,1.60247866814567,53.99,12,54.96,39.21,67.22,1.17,10.86,13.02,7.95,8.03
"466","TRINITY_DN13183_c0_g1",-1.03881430558292,2.05802715970295,-4.04968064070269,0.00164879102639232,0.0169909125997452,-1.21484311176713,160.01,41,230.42,133.35,183.15,46.91,102.67,115.64,80.57,71.46
"467","TRINITY_DN13186_c0_g1",1.21256054276087,1.8287409728265,3.63704848212828,0.00346891971618106,0.0276778465738142,-1.90362860687427,60.7,44.3,53.94,78.13,46.1,157.42,154.76,223.8,98.78,105.36
"468","TRINITY_DN1319_c1_g1",1.12312038674133,2.67567855201938,9.24366894219574,9.09994846719701e-07,0.000215288742510529,6.19320444480105,132.69,49,120.48,107.89,111.35,241.54,234.81,278.06,320.11,207.82
"469","TRINITY_DN13224_c3_g1",1.07778144627788,0.00963994664919786,3.43203704464022,0.00504660717737878,0.0355322576954145,-1.99942516572732,19,6,12,30,28,40,31,30,64,31
"470","TRINITY_DN13228_c0_g1",1.10532471290681,0.713523916246459,4.88671409164423,0.000387067434618096,0.0067789629575853,0.372832249334945,29,12.6,32.28,24,42.04,63.03,74.85,47.4,76.24,59.6
"471","TRINITY_DN13235_c0_g1",3.08307720402508,-0.455922053709394,4.2500237734598,0.00115637058518017,0.013569663795839,-0.652026689500609,26,12,1,3,14,38.03,31,49,111,43.04
"472","TRINITY_DN13236_c0_g1",-2.88334650897645,-1.22946457611457,-5.7029540293398,0.000103165857364769,0.00303346921931418,0.810221455457807,50.6,9,23.81,30.1,40,3,4.53,3.02,7.09,1.01
"473","TRINITY_DN13240_c4_g2",-1.69668788522429,-0.540546305682316,-4.03278895719215,0.0016992015226907,0.0173075030120916,-0.958509273649362,25,19,27.47,52.1,32.51,12,9,11,7.83,6
"474","TRINITY_DN13244_c1_g1",1.26189242720526,0.905490296697625,5.79244224655876,8.97536789818121e-05,0.00279739856694729,1.76103927720915,49.86,6.12,33.16,32.38,40.63,102.14,73.82,81.63,94.62,55.74
"475","TRINITY_DN132486_c0_g1",-1.52663886011262,-1.40122840419423,-3.4705319939674,0.00470258205120741,0.0338866888199271,-1.87299223482784,37,5,18,11,18,7,3,6,6,5
"476","TRINITY_DN13261_c0_g1",-1.8118920100386,-1.82948327017028,-3.75896457505738,0.00277994434001024,0.0239355057526082,-1.59823293654021,18.06,7,12.09,14.88,15.34,8.53,1.12,3,4.02,1.3
"477","TRINITY_DN13263_c0_g1",2.12746561333975,2.08162005157253,3.89369070628922,0.00217994110268086,0.0204169805500185,-1.45538896851421,38.02,21,83.94,51.86,67.2,482.18,77.83,459.44,304.84,131.03
"478","TRINITY_DN13263_c1_g1",-1.54417533207538,2.13665579852323,-6.04746610974629,6.07229922965808e-05,0.00223717960726172,2.07821692109728,290.47,67,200.16,190.82,187.55,87.17,43.16,69.99,148.83,35.51
"479","TRINITY_DN13269_c1_g1",1.04647417965215,-0.14644883629218,3.52818947288281,0.00423141470525782,0.0315786071090476,-1.8179978356482,20.38,3.17,37.58,13.45,14.73,37.32,28.3,40.41,44.13,25.5
"480","TRINITY_DN13273_c0_g2",-2.69903935620386,-1.79840006495054,-3.15808352550185,0.0083586326961751,0.0488619569936022,-2.45978478411845,34.69,5.93,10.82,32.49,20.78,5.47,0,3.52,1.87,7.62
"481","TRINITY_DN13304_c2_g1",1.20123255293446,0.658693830712752,4.66853243035333,0.000559857277489058,0.00851900040826183,0.0243092538720564,24.7,11,32,34,29.77,44,46.05,74.84,97.78,63.82
"482","TRINITY_DN13306_c0_g3",1.09326650185654,0.765462964203022,5.23437305811663,0.00021788978576267,0.00477609460109099,0.919176357363526,38.43,9,41.65,34.08,27.24,70.39,49.85,55.88,96.75,68.1
"483","TRINITY_DN13306_c1_g1",-1.90552372787543,1.40230178078875,-6.54365473527668,2.91285591046944e-05,0.00145127738035229,2.83334699989567,160.12,58,95.1,177.14,131.97,24.64,41,40.01,32.03,41.77
"484","TRINITY_DN13310_c0_g1",-1.65621651849247,3.1586960952522,-5.85136810952693,8.19391436774468e-05,0.00266433820105054,1.66043268647362,598.19,148.21,434.1,237.42,651.38,122.2,81.98,145.5,257,121.96
"485","TRINITY_DN13314_c0_g1",-1.15028721234029,3.89991166926078,-4.82307469813825,0.000430776084542971,0.00722861175566807,-0.161785830659383,615.8,245,773.89,339.39,841,315.73,141,292,375.79,297
"486","TRINITY_DN13320_c1_g1",1.65665923472858,-0.551512146684679,4.66609518349856,0.000562190569682682,0.00854186596869248,0.022132890074138,11.23,7,7.28,20.18,9.3,25.66,26.1,25.09,38.72,30.57
"487","TRINITY_DN13321_c1_g1",1.237666786133,0.791675981261428,4.65446006747087,0.000573470364230754,0.00863885046365469,-0.00755009957299624,36.06,12,43.85,18.21,35.16,64.1,39.56,76.4,97.43,89.91
"488","TRINITY_DN13336_c0_g1",-1.28780328775483,0.156288007206582,-4.48602081970827,0.000766074271086034,0.0103918176825616,-0.247884855136698,57,23,48,56,32,18,19,15,24,13
"489","TRINITY_DN1335_c1_g2",1.03343228062896,5.11470653415495,3.88354909418214,0.00222007179640959,0.0206422215456557,-2.00760331166097,506.71,305,1272.12,433.67,620.72,1230.48,782.17,1288.58,2219.71,1412.19
"490","TRINITY_DN13357_c0_g3",-1.21686249092582,0.37678144720567,-3.82253141883565,0.00247812565226588,0.0222476450677687,-1.37436914003897,72,29,55.86,27.64,64,13.43,15,25.75,37.94,20
"491","TRINITY_DN1340_c7_g1",1.93240327260036,-0.730121687362577,3.62295466174043,0.00355913525937417,0.0280837039426562,-1.61158718919057,18.78,7,9.99,7.99,4,44.92,37.38,27.17,29.55,13
"492","TRINITY_DN13404_c2_g1",4.19028931049451,-1.94721020992673,3.72233761720402,0.00297075723457726,0.0250393554082278,-1.82293072633189,4.35,8.81,0,0,0,26.37,42.68,50.82,29.98,10.85
"493","TRINITY_DN13411_c0_g1",1.85615061816931,2.10580978848789,8.62020097497349,1.88551394185117e-06,0.000322511675571818,5.46620229066565,61.5,22,86,59.99,52.13,286,229,239,205.01,169
"494","TRINITY_DN13415_c1_g1",-2.30678891563489,0.163296039342055,-4.03213719011556,0.00170117825038584,0.0173121790049571,-0.976356167128348,48.01,25,56.89,84.4,133,14.11,2,12.01,58.84,7.05
"495","TRINITY_DN134172_c0_g1",-3.09187417989591,-1.95280075809864,-5.37679661058236,0.000173031060567824,0.00413960555131422,-0.133580516308174,33.45,6,26.3,15.51,18.43,1.18,2,1.12,2.12,1.11
"496","TRINITY_DN13425_c1_g1",1.72340733072529,-0.561778326733682,4.18117752869048,0.00130561881775282,0.0146025967056472,-0.726658274249403,14.03,3.07,4.02,12.35,20.89,33.9,33.46,36.07,34.06,20.7
"497","TRINITY_DN134477_c0_g1",1.16654954015156,-0.893327772530876,3.37522172191323,0.00560175009948039,0.037927287844596,-2.01079904981112,17,5,7,10,10,17,15,19,21,27
"498","TRINITY_DN134507_c0_g1",-1.12007759484542,0.349111681742189,-3.49949849489576,0.00445953509636119,0.0327379674505059,-1.9310292697337,53,18,85,25,70,27,17,26,29,14
"499","TRINITY_DN134572_c0_g1",-1.25899466287655,-0.868578344009439,-3.58687557976174,0.0038011803521102,0.0293504169541204,-1.67015979422996,41.36,7,32.06,14.67,19.89,7.41,6.32,9.46,11.36,8.44
"500","TRINITY_DN1346_c0_g3",-2.34749606435516,-1.22391788495329,-3.6759873740511,0.00323164501584362,0.0264441580225698,-1.59742031596712,31.12,10.99,36.26,15.01,34.47,11.75,0,5.47,5.12,11.58
"501","TRINITY_DN134615_c0_g1",2.72180900659734,-1.59493474522725,3.19231547823633,0.00784666553737656,0.0468267037404009,-2.35645819947836,0,5,9,6,3,20,25,8,31,25
"502","TRINITY_DN134658_c0_g1",-2.05627975934354,-1.70739473335319,-4.02752771100331,0.00171522625447466,0.0173968118858905,-1.25242704275907,21,10,14,14,22,4,1,6,7,1
"503","TRINITY_DN134667_c0_g1",-4.68060351385447,-3.05474330697991,-8.05221768154357,3.79232484835693e-06,0.000484820858667378,1.54855697278894,21,5,21,10,24,0,0,0,1,0
"504","TRINITY_DN134741_c0_g1",-1.78117737574102,-0.884454630180202,-4.1601107592616,0.00135517761182397,0.0149523953093124,-0.787331542252883,33,13,41,21,19,12,6,7,5,6
"505","TRINITY_DN134829_c0_g1",1.13709816531389,0.532813078171238,3.31945606505937,0.00620700003786819,0.0404549122164118,-2.25656797273619,52.89,6.01,30.88,13.3,33.15,64.28,58.37,61.81,41.95,74.3
"506","TRINITY_DN13483_c0_g3",2.35391494854587,-1.5772986713735,4.99707136749133,0.000321946064134567,0.00604579802807316,-0.0771628056010591,9.46,0,5.51,3,6,23.85,21.75,14.31,22.93,17.2
"507","TRINITY_DN134937_c0_g1",-2.0939161278461,-1.20980447430661,-4.24983849682832,0.00115674754742289,0.013571282493373,-0.751602515834136,36.92,7,30.45,22.86,20.65,1.47,3,2.6,13.01,10
"508","TRINITY_DN134975_c0_g1",2.13216305732571,-1.80279879742262,3.63841782655157,0.00346028014343729,0.0276369932920286,-1.76244669095486,2,2,9,3,6,16,19,13,16,10
"509","TRINITY_DN134982_c0_g1",-2.30397019126779,-0.941836420489586,-4.23277467662232,0.00119201831308244,0.0138198923763076,-0.72705684130413,47,15,15,33,39,6,8,5,5,4
"510","TRINITY_DN13504_c0_g1",1.27588035560623,-0.748032656072141,3.67421772194814,0.00324205904233561,0.0264837494041724,-1.53110740720888,11.36,3,15.02,5.54,17.95,20.57,28.27,22.6,34.54,16.25
"511","TRINITY_DN135105_c0_g1",-1.43413207053553,-0.665942568168088,-3.37667584317658,0.00558679530585032,0.037871713310533,-2.01669325922497,26,21,36,18,28,4,13,8,15,9
"512","TRINITY_DN135126_c0_g1",3.20199048303179,-1.56343029291878,4.4568381968294,0.000805787826693451,0.0107232298971266,-0.845267456033592,7.07,2.24,0,1.3,8.32,18.72,17.26,36.44,31.85,28.35
"513","TRINITY_DN13521_c0_g2",-3.21352058467969,1.35931698212269,-8.46924018287336,2.26266939450102e-06,0.000355653440608338,5.1733666875066,158.84,57,324.75,209.11,230.48,17.2,25.8,34.65,11.7,29.9
"514","TRINITY_DN135247_c0_g1",-1.53859511144488,-0.937304737044339,-4.77300873226573,0.000468785470972096,0.0076302523633286,0.114732691313104,35.08,8,28.02,15.37,28.05,8.04,5.15,6.19,8.25,9.27
"515","TRINITY_DN13526_c0_g1",2.47401158618656,-1.85133147972404,3.32763163612336,0.00611427846871082,0.0401130967792133,-2.22287547285037,3,0,12,9,1,12,23,21,16,12
"516","TRINITY_DN135270_c0_g1",-2.18967287396875,-1.6002702814865,-3.68755472792688,0.00316441282774846,0.0260702019063124,-1.66752480052702,29,13,18,20,12,4,3,2,5,3
"517","TRINITY_DN135315_c0_g1",-1.39701662679481,-1.54630174863165,-3.42362654373534,0.00512511938500771,0.0358276770956024,-1.95526610325393,21,5,18,12,15,10,4,6,4,3
"518","TRINITY_DN135396_c0_g1",-2.32587112405668,-2.25586017331046,-3.42085663328758,0.00515124762508295,0.0359585940266019,-2.20571933119867,11,5,22,11,13,1,1,2,1,6
"519","TRINITY_DN135447_c0_g1",-1.85855989861148,0.430476200173527,-5.35692390109011,0.000178656421364923,0.00423155991808257,1.11162664438673,102,28,46.15,54,91.34,18,12,20,13,31
"520","TRINITY_DN135455_c0_g1",-1.99601168378499,-0.182394670909537,-3.92579169829206,0.00205777509404206,0.019694507871526,-1.1385418495347,66,11,50,83,35,26,11,14,15,2
"521","TRINITY_DN135608_c0_g1",-1.41686436179269,-0.743078795507626,-3.58011738136863,0.00384835893170356,0.0295999585593961,-1.68277021894999,47,14,28,14,24,10,6,6,10,13
"522","TRINITY_DN135612_c0_g1",-2.12039865296728,0.142119274845492,-6.41150637758319,3.53076525565509e-05,0.00161854263553223,2.55342621383802,71,30,43,59,75,9,12,13,12,22
"523","TRINITY_DN13564_c1_g1",1.47795776098843,0.0028053175494626,4.06635139747408,0.00160055500914517,0.0166710849277567,-0.922053228629788,12.38,5.18,23.85,23.93,14.79,35.5,31.64,51.54,39.31,68.75
"524","TRINITY_DN135694_c0_g1",2.06374819048619,-1.36027923802317,4.17943092184216,0.00130965527251909,0.0146251739902085,-0.883280074520703,5,3,3,9,8,23,11,13,34,19
"525","TRINITY_DN135742_c0_g1",-3.08035141689428,-1.38142109114606,-3.81015251451245,0.002534139957307,0.0225384263427583,-1.50073102849982,32.4,4,47.23,15.17,68.37,6,2,3.37,1.2,5
"526","TRINITY_DN13577_c0_g1",-1.90877268539976,0.678388087645655,-6.42059793209082,3.48408013448037e-05,0.00161029176754411,2.63795035251168,87.52,56,93.15,62.04,72.86,28.5,10,27.62,20,19.33
"527","TRINITY_DN135785_c0_g1",-5.63978134863023,-2.38543829166148,-5.29158720606908,0.000198550425913219,0.00451070334778862,-0.19119731523277,66.02,20,61,13,29.49,1,0,0,0,0
"528","TRINITY_DN13584_c0_g2",-1.97607972428544,-1.45199735888322,-3.49963022636424,0.00445845953844084,0.0327349535766522,-1.85423699361139,38.01,4,18.01,10.57,33.99,2.55,7.92,4.01,7.52,2.5
"529","TRINITY_DN135883_c0_g1",-3.17582122944081,-1.80545446674302,-3.73374056507269,0.00290995199826948,0.0247068233390388,-1.80148742900058,25,10,41,10,34,3,2,3,5,0
"530","TRINITY_DN135900_c0_g1",-1.52494142064957,-0.307473885134832,-3.37377207914337,0.00561669929756934,0.0379868508462554,-2.05785488982976,74,12,51,26,28,15,2,14,24,14
"531","TRINITY_DN135987_c0_g1",1.27195721043222,-0.42825505278067,3.52015719965779,0.00429405229292629,0.0318803824676701,-1.80226134197854,26,4,16,12,9,35,19,24,32,44
"532","TRINITY_DN136058_c0_g1",-1.95676679072685,-0.632494823576502,-5.62222488506618,0.000117089772999419,0.00326195100315082,1.3038782158605,40,15,30,28,49,9,3,5,16,9
"533","TRINITY_DN13615_c0_g1",-2.08630046574988,1.90112995556017,-11.0024348143446,1.40979627972292e-07,8.45166026022627e-05,7.82127883042585,212.41,77.57,204.66,165.31,279.37,51.69,30.15,40.37,73.05,50.09
"534","TRINITY_DN136212_c0_g1",-1.41957114848537,-0.767756689152935,-3.48024100542749,0.00461964860741344,0.0334726663002306,-1.84348869514562,24,13,28,16,40,15,11,4,9,8
"535","TRINITY_DN136250_c0_g1",1.20322443467752,-0.20603736000604,4.62141051252832,0.000606819528879465,0.00897697466920202,-0.0245197975168878,20.03,3,19.87,19.71,13.87,37.6,22.74,32.95,46.03,38.06
"536","TRINITY_DN13633_c0_g1",1.75723559947753,-0.0172844423591829,4.14654755963424,0.00138811291097594,0.0151892957694387,-0.786132598333033,21,7,25,12,9,76,66,32,50,27
"537","TRINITY_DN13635_c1_g2",-1.54326250567945,3.45693073386312,-8.78939553860542,1.54132752523959e-06,0.000294656012472119,5.65278834448801,437,257,662,390,510,169,165,199,233,116
"538","TRINITY_DN136395_c0_g1",-2.02858779863438,-1.4523689824678,-4.45564120194431,0.000807461881031919,0.0107277008146324,-0.571033471640357,21,7,26,20,22,3,2,2,14,4
"539","TRINITY_DN13648_c0_g1",-2.3061486117201,2.29608049425591,-5.40544049995797,0.000165249217210578,0.00401076987850506,1.08278068614288,307.04,136.65,439.16,123,435.07,75.58,22.42,51.3,129.7,52.03
"540","TRINITY_DN1365_c2_g2",-1.36154868006168,-0.428372353485642,-4.55176894129508,0.000683898464421045,0.0096967537040346,-0.138755458498177,37.89,19.23,32.33,24.76,32.01,9.7,6.44,8.41,19.51,13.27
"541","TRINITY_DN13652_c0_g1",1.06015294058113,2.37272966669664,6.12952978159061,5.36512977549531e-05,0.00207633596882171,2.17573572194123,94,28.83,97,117,111,256,156.4,162.45,260.84,206
"542","TRINITY_DN136530_c0_g1",-1.50662110013805,-0.555752946230349,-3.47790930069368,0.00463942884961898,0.0335661625333107,-1.85861767790742,52.83,11,40.62,14.46,41.7,10,4,10.11,27,5.56
"543","TRINITY_DN13663_c0_g1",2.39745511516497,-1.35212507478166,3.86218695466629,0.00230711194196117,0.0211932897042696,-1.36271838470465,2,2,13,6,6,14,29,20,28,22
"544","TRINITY_DN13665_c1_g1",-1.57441729585034,0.966342963460924,-5.7946873596608,8.94419163796184e-05,0.00279491149803358,1.76363893321668,81,36,82,74,150,29,22,20,50,30
"545","TRINITY_DN13666_c0_g2",-1.32754549984799,4.79536231747049,-3.60587005654273,0.00367172241487214,0.028640919109844,-2.47752531781743,1598.96,283.5,1399.25,1198.37,1285.54,642.84,124.79,492.05,917.73,654.53
"546","TRINITY_DN137031_c0_g1",2.01254109234296,-0.451776543539112,3.71233408517055,0.00302517346495768,0.0253182991480356,-1.47364665724613,6.47,11,12.51,3.39,30.06,24.08,50.12,33.2,51.74,25.83
"547","TRINITY_DN13708_c0_g1",1.31508748192056,0.0334792785308121,3.59088696328874,0.00377345716010896,0.0291911090857439,-1.72594416617799,24,5,20,13,24,53,15,52,83,36
"548","TRINITY_DN13708_c0_g4",1.39418912959629,0.0813766140170854,3.9687950191758,0.00190509019278471,0.0186755206718631,-1.08820011933699,22.44,2,47.62,15.7,13.04,59.41,32.77,38.54,67.44,45.96
"549","TRINITY_DN13709_c0_g1",-1.36552166481962,3.61287499612332,-3.32389061004518,0.00615653104669544,0.0402449162684046,-2.80557557157582,469.03,107.37,300.64,1042.29,992.05,178.67,154.4,199.71,368.23,205.57
"550","TRINITY_DN137182_c0_g1",-1.59667280128851,-1.57633898121815,-3.17719243802412,0.00806882665291364,0.0477372720287546,-2.32628793343051,21,3,17,10,32,3,4,4,12,3
"551","TRINITY_DN13723_c0_g1",1.23972928204948,3.25255169597906,8.35749051195043,2.59369009900027e-06,0.000382231924183935,5.14111767566474,153.66,85,156,167,174,363.2,337.83,408.15,570.41,307.76
"552","TRINITY_DN13723_c1_g1",2.73219235783569,-0.978067781443909,5.8666134655285,8.0036955407807e-05,0.00262878825666025,1.17455838363946,9.74,0,2.11,11.97,9.94,35.65,31.43,38.16,46.61,24.45
"553","TRINITY_DN13739_c0_g1",1.03885320276458,0.0888905578764541,3.69303695445279,0.00313305133652917,0.0259086184448913,-1.56238446482433,37,7,15,25,16.26,49,28,44,46,33.95
"554","TRINITY_DN1375_c2_g1",1.18872019105825,4.24128218110039,9.75622040533706,5.14127545414869e-07,0.000171332701995566,6.71086076640693,341.68,108,372.66,305.27,398.76,872.21,672.06,845.21,728.76,771.23
"555","TRINITY_DN1375_c3_g1",1.51723611680064,0.057444692170232,3.21357746931362,0.00754471476690204,0.0456423089474544,-2.36770511297546,15.5,3,23.97,22.8,18.65,99.57,14.52,38.93,84.09,43.73
"556","TRINITY_DN13750_c0_g1",1.28371490445453,3.06619441303623,10.4122311400272,2.56104271964739e-07,0.00011801437750208,7.43270011225218,155.63,42.8,177.77,144.62,139.99,372.45,315.41,354.64,379.68,375.21
"557","TRINITY_DN13753_c0_g1",1.13353949576884,1.43060556305512,5.73664242969621,9.78834357194416e-05,0.00294117099211877,1.65883290536306,60.7,16,67.21,54.64,35.29,117.17,83.25,113.92,144.99,87.44
"558","TRINITY_DN13753_c0_g2",1.32918275305562,0.928428965603542,4.22121240912771,0.00121655043969308,0.0139861397412341,-0.744632342001265,27.88,15,53.31,42.08,20,97.01,74.09,100.58,88.1,47.1
"559","TRINITY_DN13779_c0_g1",-1.26432191612555,0.671400987322083,-4.43737718604876,0.000833459379292,0.0109755704313334,-0.361947146115706,101.25,13,57.08,65.1,94.99,36.04,16.84,19.55,41.79,27.74
"560","TRINITY_DN137793_c0_g1",-1.31530515508113,-0.93859188601874,-3.38366275434781,0.00551550242842858,0.0375933521083061,-1.99525421617698,34.65,5,22.69,15.14,30.02,7.4,12.79,4.32,7.51,12.97
"561","TRINITY_DN137848_c0_g1",-2.01897180782064,-0.985384220692488,-4.45694406586185,0.000805639938012758,0.0107232298971266,-0.398928958083075,30.71,16,22,21.01,35.58,12,5,9,5,2
"562","TRINITY_DN13794_c0_g1",1.92168631220241,-0.494556739489272,3.21601436548462,0.00751086491735362,0.0454954764485728,-2.28720371524592,7.97,8,24.97,5.99,9.97,55.98,8,53.83,50.8,29.99
"563","TRINITY_DN137976_c0_g1",-1.97949103566518,-2.17649730973476,-3.41678067935271,0.00518994218226813,0.0361254142566444,-2.17736812133507,11,8,15,12,11,1,2,2,3,3
"564","TRINITY_DN137990_c0_g1",-1.21031683514031,-1.219528892988,-3.25955469496786,0.0069312667145185,0.043238873329265,-2.18435646595345,23,5,31,13,16,7,7,7,9,4
"565","TRINITY_DN13803_c0_g1",2.20174307311883,2.25392872083268,12.2221425935688,4.45050820415374e-08,4.29390594672008e-05,8.90133725832408,53.69,13.2,69.23,81.65,74.74,272.82,238.23,318.92,338.35,255.74
"566","TRINITY_DN13810_c3_g1",-1.07022875314555,1.7446633851537,-3.39163001309887,0.0054353330579965,0.0372965743083401,-2.33735113380112,109.5,39,234.62,78.59,188.38,52.28,37.05,61.17,117.06,63.27
"567","TRINITY_DN13814_c0_g3",-1.58158315560445,-0.0449383348066357,-3.81592268274227,0.00250786976645082,0.022401294579642,-1.34011614106304,51.35,24,84.5,28.02,30.43,16.35,21.22,7.5,15.58,11.95
"568","TRINITY_DN13815_c0_g1",6.20271158007504,0.534871656104695,5.60413072973675,0.000120475067347739,0.00331522031778451,0.917948501501752,2.15,2.43,8.47,12.74,3.47,415.2,487.45,330.38,328.85,142.03
"569","TRINITY_DN138260_c0_g1",-1.66671690088404,-0.0456634895247422,-6.41012077448017,3.53793851694728e-05,0.00161942644584478,2.54138208716274,51.4,13.97,56.5,39.06,55.95,19.75,16.33,13,11.54,10.05
"570","TRINITY_DN138333_c0_g1",-2.39934002032201,-0.865689377995614,-5.3872395483407,0.000170150128991036,0.00408524125876095,0.839925712617599,28.27,16,40.73,25.24,43.84,3.99,3.21,9.3,4.09,10.21
"571","TRINITY_DN13835_c0_g1",1.60772444846717,3.9140671852366,3.37163886254318,0.00563877143480629,0.0380860707237386,-2.73584738948716,345.76,9,371.61,308.1,400.49,499.84,598.03,896.62,1390.34,836.67
"572","TRINITY_DN13836_c0_g1",1.25974682011342,1.0756343998479,6.30296082107205,4.14248271408975e-05,0.00177744699674131,2.49576080622595,32.85,11.32,53.01,41.73,36.93,95.32,71.61,77.08,122.24,78.81
"573","TRINITY_DN138369_c0_g1",-5.97490607193868,-2.21495576297726,-6.02263099157511,6.3053081791097e-05,0.00228218153249511,0.43247344131827,66.98,29,62,17,49.51,0,0,1,0,0
"574","TRINITY_DN13841_c0_g2",-1.01868869086792,4.28099106087308,-6.88433850715303,1.79290903639999e-05,0.00110708547179627,3.06009622477008,746,406,782,530,854,408,273,357,513,313
"575","TRINITY_DN13845_c0_g2",1.06449268854991,1.38712020957158,3.47232151099309,0.00468718294031734,0.0338191367374054,-2.12616740649403,35,23,36,83.14,56.98,96.66,122.6,77.62,98.73,109.56
"576","TRINITY_DN138451_c0_g1",1.19952244843894,-0.791925474138716,3.14161584660747,0.00861678079658987,0.0498034622207351,-2.39657565850918,19.71,3,5.29,13.71,13.57,26.19,17.52,15.88,29.52,22.43
"577","TRINITY_DN138521_c0_g1",4.15720006882619,-2.80874696603997,6.59339724148287,2.71101734737343e-05,0.00140522453013061,0.751065911203768,0,0,1.01,0,1.01,14.26,16.37,20.23,14.05,11
"578","TRINITY_DN138547_c0_g1",1.24287093196651,0.297139879810644,4.53321503317919,0.000706111996181533,0.00990706738019025,-0.175039466777237,35,10,21,18,19,43,29,72,63,47
"579","TRINITY_DN13859_c3_g1",-1.67330610379447,-0.80588181581331,-4.42873419922269,0.000846064595405827,0.0110628008552646,-0.373469020026948,35.6,13,36.8,24.81,20.86,7.2,2.09,12.81,10.27,7.87
"580","TRINITY_DN13862_c0_g1",3.85025558921132,-0.525203284096043,4.50767193579858,0.000737932066460262,0.010164137684539,-0.428007900986819,6,2,10,2,8,87,61,32,183,45
"581","TRINITY_DN138639_c0_g1",-1.51274081790617,-0.0594175449123962,-3.77390540436294,0.00270576558965886,0.0234854671957064,-1.41012864656405,45,22,35,30,75,28,5,8,17,21
"582","TRINITY_DN13866_c0_g1",2.74354527060297,-0.218269384139075,4.91071250840674,0.00037181516766649,0.00660306096435733,0.380861031106098,13.11,9,12.53,13.77,3.35,85.96,29.86,82.97,54.5,35.5
"583","TRINITY_DN13875_c0_g1",-1.41984018629319,2.1949070057297,-4.88593542154172,0.000387573176682382,0.00678042687267719,0.219310432016315,198.54,84,316.35,118.41,222.17,42.66,57.12,80.24,138.23,81.65
"584","TRINITY_DN13877_c0_g1",1.72417882183186,-0.0635590516467881,7.61361154812101,6.6672063187805e-06,0.000649671731553624,3.91522779089591,22,3,15,14,15,50,39,43,54,48
"585","TRINITY_DN13878_c1_g2",-3.64088823690587,-0.378582638481319,-7.27806745296774,1.04246933561891e-05,0.000797650514693886,2.83439410667428,97.19,29,83.08,77.64,49.43,6.49,8.82,2.06,7.49,3.16
"586","TRINITY_DN13879_c1_g1",1.03559896723743,1.37468235894048,4.41115969235262,0.000872312080740178,0.0112614523022255,-0.479864830516927,38.05,28,71.06,49.24,38.84,106.6,91.9,106.42,111.48,73.58
"587","TRINITY_DN138815_c0_g1",-4.61262836924647,-1.67033573075943,-6.93702059949992,1.66553249826527e-05,0.00106467929887211,1.06435837750772,56.01,19,35.64,37.59,43.03,2.1,0,2.07,0,3.14
"588","TRINITY_DN13882_c0_g1",-1.16578539890571,3.16413272916466,-5.54519911081256,0.0001322364474963,0.00348945989743655,1.16027153880234,494.22,140,307.78,271.56,447.08,121.67,115.58,182.51,277.04,151.45
"589","TRINITY_DN13888_c0_g2",2.23315720467909,-1.39028810612679,3.97615521723003,0.00188015299841713,0.0185157252008043,-1.18113667027881,5,6,7.04,6,3,15,16.46,13.21,41,17
"590","TRINITY_DN138997_c0_g1",-3.42635549959226,-2.17916420311134,-5.14786259536954,0.000250986880522028,0.00519483519069219,-0.364380502907975,26,16,17,12,22,1,1,1,1,1
"591","TRINITY_DN13907_c0_g2",1.83153891889211,-1.20048843505894,3.83357893458075,0.00242921174279938,0.0219617813608165,-1.3267117342021,9,2,4,10,7.57,36.42,12.45,15,19,23.85
"592","TRINITY_DN13910_c0_g2",-3.06395462883846,-1.86867550835614,-4.13315300418607,0.00142145339798664,0.0154232993846422,-1.33870379521735,27.97,5.36,38.9,12.28,24.39,0,4.42,3.47,3.24,1.53
"593","TRINITY_DN139134_c0_g1",-4.23414198781806,-2.59029426627054,-6.30746577420965,4.11497248184886e-05,0.0017702523943545,0.563921920844753,21.95,9,14.5,22.82,23.45,0,1.87,1.07,0,0
"594","TRINITY_DN139162_c0_g1",-1.33373276483746,-0.751723195534253,-3.18132320849928,0.00800752250551903,0.0474883307405675,-2.32901443902788,24,18,19,20,42,8,4,11,19,5
"595","TRINITY_DN139309_c0_g1",-2.38113185730131,-1.12532397959432,-5.88737021531719,7.75219396486117e-05,0.00258494799193706,1.26719689725081,31.08,8,43.15,19.62,36.02,3.09,3.14,5.2,7.25,4.1
"596","TRINITY_DN13934_c0_g1",-1.62188333175766,1.83017848018546,-6.02551836019991,6.27773773944819e-05,0.0022748694245038,2.06892228086726,182.66,25.77,201.24,214.67,206.59,63.87,42.91,73.66,57.69,46.98
"597","TRINITY_DN13934_c2_g1",-1.53005416671893,-0.673179638882182,-4.66874369342683,0.000559655502744167,0.00851900040826183,0.0134383988510676,44,11,22.44,21,39,6,8.01,9.98,13.01,8
"598","TRINITY_DN13935_c1_g1",2.19682035445396,-1.13063810285401,4.38899383846422,0.000906630943971346,0.0115143248721396,-0.56385654590959,12.05,2,5.86,2.36,9.56,24.24,32.87,14.7,28.72,27.82
"599","TRINITY_DN139402_c0_g1",-1.75556437944645,-1.28361971760986,-4.18820548367401,0.00128950697557894,0.0144903506329478,-0.826026316531506,18.45,10,18.27,17.42,29.02,6.86,5.78,3.55,4.33,6.48
"600","TRINITY_DN13944_c2_g2",1.83168010062345,-0.324833550866649,6.16166247881618,5.11251837194676e-05,0.0020223432698973,2.11864951994022,18.23,5,17.22,7.08,10,47.25,30.38,39.35,51.48,28
"601","TRINITY_DN13944_c2_g3",-1.08666624292884,0.252702563899441,-3.72400546441089,0.00296178280164401,0.0250149315327471,-1.53334573097985,95.04,12,47.04,36.41,44.63,26.71,13.16,17.86,28.03,21.8
"602","TRINITY_DN13962_c1_g1",-1.44015412756075,1.32959807133522,-6.89985055795096,1.75435850508433e-05,0.0010985982986562,3.31705755428914,136.32,59,116.9,80.93,106.94,41.75,31.58,34.96,62.97,29.64
"603","TRINITY_DN13982_c3_g1",2.23061121691787,0.87355855466803,5.03240662265144,0.000303613533680612,0.00585494330971594,0.609084933286978,46.49,4,11,68,18,92.01,107.05,99.94,182.1,86.07
"604","TRINITY_DN13983_c0_g1",1.99885453082157,-1.00901232991677,3.81157479996857,0.00252763846029577,0.0225099252910504,-1.33684879752822,9,5,4,4,17,24,9,26,38,32
"605","TRINITY_DN13989_c0_g1",-1.16055645537974,3.76591958308842,-3.41348526644119,0.00522144277681118,0.0363016080340768,-2.67576433358265,689.86,86.71,576.07,674.92,725.98,275.44,98.96,241.92,357.3,446.29
"606","TRINITY_DN13991_c3_g1",-2.0686831219575,-2.29776999830986,-3.18730778419224,0.00791953827629669,0.0471067405214734,-2.4875251632003,20,4,11,10,12,4,1,4,6,0
"607","TRINITY_DN139914_c0_g1",-2.73619855632599,-1.52621505761874,-4.33690308116987,0.000992929064005468,0.0122573738193142,-0.889986595320226,30.82,9,30.29,15.69,31.27,8.04,3.35,5.84,3.87,0
"608","TRINITY_DN13994_c1_g1",-1.59600678523191,-0.243635208701573,-5.12353167988924,0.000261219503275193,0.00531240523564528,0.73489527225428,51.04,17,50.04,26.03,41.04,21.28,10.01,11.01,16.01,5.01
"609","TRINITY_DN14_c15_g1",-1.07786329038796,0.81435407040985,-4.31796068946097,0.00102639251399586,0.0125054626981484,-0.575898154500243,69.12,34.13,102.99,46.78,64.88,37.63,20.84,24.98,46.59,28.26
"610","TRINITY_DN14008_c0_g1",-1.26563707010126,2.9071705145417,-6.47420984065724,3.22179713870344e-05,0.00153555175121474,2.62978062583692,485.06,101.11,349.47,219.17,313.15,146.63,88.2,138.03,185.39,117.28
"611","TRINITY_DN14021_c0_g2",-1.4216537287217,2.20858290339809,-7.11274887031867,1.30589615229781e-05,0.000914245755239059,3.59267224884264,195.59,108,243.74,156,197,118.13,50.42,62.03,85.44,69
"612","TRINITY_DN140390_c0_g1",-1.79705327700621,0.140394169594726,-5.77648267242473,9.20032851753961e-05,0.00284620183016551,1.70865144102526,82,20,56,40.04,62,16,13,8,36,10
"613","TRINITY_DN14040_c1_g1",-1.26561925973064,1.24512789875654,-3.97754318822535,0.00187548829201531,0.0184996247692271,-1.21209805615245,77.5,24.36,169.84,133.79,84.71,42.58,24.52,59,38.37,45.66
"614","TRINITY_DN14042_c1_g1",2.37814325559512,-0.213673265600571,5.66892494585074,0.000108808783627642,0.00312935480737758,1.44965318462369,22.38,3.53,8.6,8.47,10.83,104.32,34.29,46.38,51.76,39.63
"615","TRINITY_DN14044_c0_g1",2.02703549502686,-1.31161236594756,3.53645514236881,0.00416793006187601,0.0312407557005001,-1.78776876940633,17,5,4,2,6,30,19,14,16,22
"616","TRINITY_DN14050_c0_g1",-1.98811714927769,0.489063223040244,-4.48213826129636,0.00077123804283933,0.0104308846760935,-0.266426389053903,65.41,23.9,167.03,60.54,59.4,11.79,24.32,34.06,11.25,18.2
"617","TRINITY_DN140592_c0_g1",-3.95555014950347,-2.76524474128575,-5.08945953783382,0.000276292212782455,0.00550516023068443,-0.445101298090241,10.92,5,22,24,17,3,0,0,0,0.08
"618","TRINITY_DN14070_c0_g1",1.35326895663713,1.97002982279224,6.46343427687001,3.27277707440719e-05,0.00154737701983534,2.70169207778703,48,32,79,74,67,167,159,177,160,175
"619","TRINITY_DN14072_c0_g1",1.24220703865657,2.85060839999734,5.60410856567546,0.000120479276949998,0.00331522031778451,1.30518820498136,102.16,63.41,162.09,128.08,111.16,206.91,255.13,399.8,364.16,292.98
"620","TRINITY_DN14082_c0_g1",1.11052028277943,-0.182326096678658,4.03054744007486,0.00170600974018806,0.0173346535193569,-0.97529910666349,22.71,6.3,25.07,12.87,12.39,36.95,21.48,29.9,43.94,36.84
"621","TRINITY_DN14084_c1_g1",-2.27235068730242,1.70010200979473,-7.06121792645832,1.40188283896152e-05,0.000956502337460731,3.53543854134641,217.73,52,284.84,117.56,256.36,66.03,20,24.4,67.46,38.52
"622","TRINITY_DN140844_c0_g1",-1.09744324962381,-0.565795781197188,-3.1855544489838,0.00794521407942318,0.0472231282102438,-2.35786271011276,28.36,5.01,26.48,46.16,28.91,10.68,11.89,7.47,19.91,10.88
"623","TRINITY_DN140861_c0_g1",-2.11705149409842,-2.19340852630631,-3.47660905587107,0.00465049650086638,0.0336251590088404,-2.11465133453708,10.63,6,18.42,9.54,15.69,6,1,1,2.17,1.06
"624","TRINITY_DN1409_c8_g1",2.52096233098862,-0.521367598282077,4.74653320368387,0.000490289870202937,0.00783899230125416,0.0880000837342809,5,4,13.43,14,7,43.96,20,56,38,63.18
"625","TRINITY_DN1409_c8_g2",2.07997114214057,2.44106318282996,7.17587866823108,1.19776035560832e-05,0.000867339987835585,3.67750251713785,106.74,9,106.84,72.12,76.44,282.86,208.1,375.23,360.31,415.34
"626","TRINITY_DN14091_c0_g1",-1.01862348866738,2.66900898240111,-4.49966436884757,0.00074821256525853,0.0102463139231723,-0.523835253636664,334.46,85.14,255.48,170.43,280.39,100.09,79.57,119.76,254.08,100.87
"627","TRINITY_DN14092_c0_g3",-1.27342964335276,2.03465024766355,-4.47308855977275,0.000783415435648964,0.0105321873112241,-0.46247501599823,251.33,79.09,137.39,137.87,178.61,91.1,40.33,61.46,155.82,40.55
"628","TRINITY_DN1410_c10_g1",-1.95323487126391,1.62724750305851,-9.89394296687846,4.42794331272682e-07,0.000158044302701882,6.74627930571335,144.18,66,197.86,123.79,204.51,44.46,32.34,45.78,40.92,41.78
"629","TRINITY_DN1410_c5_g1",-1.09891159693216,-0.476129326127495,-3.53874748985292,0.00415049643418388,0.0311403224566204,-1.77316600695274,26.74,18,26.05,22.02,37.08,8.77,13.06,10.93,18.04,9.1
"630","TRINITY_DN14103_c0_g2",-2.14363992293569,-0.561808859994232,-6.31079551631132,4.094763623012e-05,0.00176320407387549,2.17759292313382,50.61,13,45.83,25.7,44.32,4.32,6.18,13.23,7.82,9.22
"631","TRINITY_DN141059_c0_g1",-1.92586939922998,-1.452694345189,-4.47057130432546,0.000786838195009294,0.010550637321484,-0.514760583545256,22.77,6,18.49,13.48,32.22,4.09,4.12,6.36,4.15,3.15
"632","TRINITY_DN141118_c0_g1",1.4086657925266,-1.51360572317923,3.2056620135144,0.00765573097803426,0.046065686652861,-2.27722936389593,11,2,10,4,5,14,10,12,27,10
"633","TRINITY_DN141591_c0_g1",-1.58705739848585,-0.862608949455736,-3.80830855310011,0.00254259461641868,0.0225834211161918,-1.31838884103546,29.01,5,24.19,37.55,30.52,13,4,14.53,5.46,7
"634","TRINITY_DN14161_c2_g1",1.13390736441785,-0.866081186480669,3.63208489664853,0.00350042188484394,0.0278409931163639,-1.59760292543021,15,3,7,11,14,23,18,17,22,22
"635","TRINITY_DN14168_c0_g2",1.06478198537971,0.0592025989812994,3.68984937324363,0.00315124715415004,0.0259894763288977,-1.56287072812209,21.27,3.91,16.23,27.15,28.49,31,33.45,36.06,52.88,53.23
"636","TRINITY_DN1417_c5_g1",2.79985295539764,-1.31746087314165,3.23753845704233,0.00721846337602985,0.0444348197131982,-2.27251450410045,3,0,4,5,14.62,85.88,26,18,20.64,19
"637","TRINITY_DN14172_c0_g1",-1.9415723442037,2.58538114845739,-9.08549460833238,1.09075271597744e-06,0.000238836165624734,6.01325529348841,335.9,126.38,324.91,242,395.01,47.05,89.57,93.84,132.38,68.6
"638","TRINITY_DN14173_c0_g1",1.19956267983634,0.786661508886206,4.20268313619611,0.00125696306196272,0.0142980938924416,-0.761602125561599,47.91,10,18.95,36.69,36.08,69.1,76.31,92.8,62.42,54.67
"639","TRINITY_DN14174_c1_g1",2.42921943319332,-0.50523362359837,5.62906131060032,0.000115837020011036,0.00323944941650428,1.2735104923325,9,2,30,6,6,39,40,43,56,38
"640","TRINITY_DN141806_c0_g1",2.20296138802521,-1.78757939955191,3.42471942620089,0.0051148474722659,0.0358085616705566,-2.05618761355866,1.72,0,3.65,7.69,11.19,14.58,22.48,17.39,16.67,9.1
"641","TRINITY_DN14188_c0_g1",-3.62733013379106,-1.56915379266884,-4.40311205886456,0.000884612923142315,0.0113397816373938,-0.992615663848922,39,8,44,15,52,4,2,2,0,5
"642","TRINITY_DN14198_c1_g1",1.69170068724832,-1.19114618783778,3.40813592119178,0.0052729912219592,0.0365428352383318,-1.95615459944139,3.08,4,9.97,11.13,9.46,13.78,12.81,19.77,25.52,23.43
"643","TRINITY_DN14198_c1_g2",1.10177099131382,0.184443425663392,5.33811325740701,0.000184158968047252,0.00430899884766265,1.0794502611688,25.72,9,21.56,16.38,25.01,54.63,35.29,43.14,52.06,32.3
"644","TRINITY_DN14198_c2_g1",2.18874860520719,-1.4488554928442,3.73472997614255,0.00290473664233373,0.0246700961584427,-1.53980181604319,1.39,2.5,8.31,6.57,8.53,19.22,22.85,22.02,17.24,13.32
"645","TRINITY_DN1420_c0_g4",1.66350923064348,-0.591923878563816,3.93971130442955,0.00200701729215457,0.0193790936287663,-1.10682732979993,12.25,4,10.78,18.09,7.1,53.98,18.23,37.16,25.52,22.29
"646","TRINITY_DN14207_c0_g1",1.08542639694014,1.84670804856461,4.789173107512,0.000456143763978965,0.00750492010076556,0.101509978842778,44.25,29,89.89,66.41,79.11,166.15,105.67,175.88,144.75,119.01
"647","TRINITY_DN142096_c0_g1",-1.89408288188173,-1.93436047496444,-3.4649610852667,0.00475085144515749,0.0341508236362729,-2.02923127855879,15,6,16,18,12,2,2,3,9,1
"648","TRINITY_DN1421_c0_g1",1.24702291495605,6.04564631714912,11.4223134122227,9.36879635198615e-08,6.64947628899358e-05,8.34968050096119,1038.06,441,1291.98,1143.77,1305.3,3017.88,2378.12,2881.16,2558.32,2839.83
"649","TRINITY_DN14222_c0_g1",-1.52361385797642,-0.279894898313393,-4.76809476724859,0.000472700851447998,0.00765974533196619,0.199596177937029,33,16,33,38,58,12,11,9,23,7
"650","TRINITY_DN14232_c0_g1",-1.6233266820525,0.245175864685623,-4.54406849031041,0.000693027915395687,0.00977680779525997,-0.156047820354038,68.55,15.59,95.75,51.14,42.69,13,8,33.32,16.85,23.15
"651","TRINITY_DN14239_c0_g3",1.56134727285695,-0.693524707348796,3.24180487122184,0.0071618845231905,0.0442232045537967,-2.22853070105901,6.03,1,18,22.63,10.02,19,36.85,35.07,33.69,20
"652","TRINITY_DN14242_c0_g1",1.3458045346564,0.250840193993011,3.41461733399482,0.0052105995695957,0.0362569418777773,-2.0514423417625,21,6,17,22.57,31,100.7,53.73,54.49,50.5,21
"653","TRINITY_DN14244_c2_g1",2.52035523138106,-0.365234303869165,4.34409771056337,0.000980518202560519,0.012158135437644,-0.480764977559826,6.3,4,30.05,17.18,3.74,59.87,55.39,48.59,48.09,28.51
"654","TRINITY_DN14253_c0_g1",-1.14968321314072,2.49888857214285,-4.18500176377043,0.00129682589227655,0.0145434807839252,-1.04612840563934,303.15,73,238.42,139.02,315.46,103.92,43.69,112.34,166.37,128.85
"655","TRINITY_DN142545_c0_g1",-2.1511630892769,-1.4539503813414,-4.98543954120457,0.000328232244760296,0.00612316756781232,0.0810080910687532,21,7,29,18,22,4,4,7,3,3
"656","TRINITY_DN142569_c0_g1",-2.00816281181613,-1.71395752204757,-3.52609876907135,0.00424762820918807,0.0316575192107356,-1.8721388563883,27,4,30,11,13,2,6,4,4,3
"657","TRINITY_DN14261_c0_g3",-1.23947153478531,1.00194415027646,-6.10209075426383,5.59132779085908e-05,0.00211941871350501,2.21054015908595,101.07,28.49,77.8,76.18,96.78,28.73,20.61,46.29,53.06,27.76
"658","TRINITY_DN142614_c0_g1",-1.99109906379901,-1.11837222667145,-4.1110471684086,0.00147830319000652,0.015825635467497,-0.928878390158393,32,16,24,19,25,3,8,4,16,2
"659","TRINITY_DN14269_c0_g1",1.18967554153943,0.412973885924085,3.2803732813199,0.00667032518706351,0.0422267859860667,-2.30959500462375,30.79,8.01,26.61,47.21,12.01,58.21,54.11,67.43,49.97,38.32
"660","TRINITY_DN14285_c0_g1",-1.32237044544174,1.29070004048638,-5.28266066437385,0.000201444573632962,0.00455300129307766,0.964782700487412,113.63,50,136.85,70.73,99.83,52.21,28.35,23.38,56.78,48.94
"661","TRINITY_DN14295_c0_g1",1.1631688132443,-0.421665055044216,4.59773214057724,0.000631954420015409,0.009201113305143,-0.065653863669028,16.96,6.07,11.51,12.68,16.11,28.77,31.59,24.04,32.59,23.15
"662","TRINITY_DN14296_c0_g1",-3.2469498696913,-0.894721502649868,-5.37411034597742,0.000173780416799382,0.00414345423211184,0.627477521360002,78.31,7,55.14,29.77,65.68,3.43,5,5,7.06,1.13
"663","TRINITY_DN143_c1_g1",1.68643557848007,3.54231303437445,7.56061191711648,7.14847802381774e-06,0.000665206853884141,4.10404101684551,176.82,49,189.46,259.32,145.05,528.48,726.43,653.74,579.38,412.21
"664","TRINITY_DN143_c1_g2",1.24505649689746,2.16924079604557,5.17309173035284,0.00024082065101506,0.00506305534861353,0.701079284964954,77.33,22,81,102.81,83.61,177,265.86,218.93,186.96,130.93
"665","TRINITY_DN143016_c0_g1",-1.38636961953576,-1.31901764068879,-3.6807422204265,0.00320383323715826,0.0262962158409439,-1.54739197720748,30,6,20,14,16,6,2,7,9,6
"666","TRINITY_DN14304_c0_g1",1.51159038632174,-0.369544259168748,3.22837217019888,0.00734155386216595,0.0449060196018844,-2.29186738617037,41,5,5,15,11.99,27,27,30.98,53.72,31
"667","TRINITY_DN14329_c1_g1",-1.38470898549651,2.72161898541799,-3.18407467073391,0.00796694922591758,0.0473113272554297,-2.88907172898081,407.52,132.31,110.16,284.43,481.21,111.91,127.2,90.25,87.83,142.18
"668","TRINITY_DN14354_c1_g2",1.5847935014867,-0.150557595014373,3.56601786040695,0.00394872309153483,0.0301876629263455,-1.74887962426885,25.92,11,7.24,18.57,11.56,62.72,29.24,47.25,50.32,16.72
"669","TRINITY_DN14357_c1_g3",2.05043536207847,-0.654824723581618,4.08708274817023,0.00154259935154427,0.0162852495741418,-0.896357455259915,9.5,0,13.23,31.38,6.43,48.59,19.82,41.8,45.24,30.12
"670","TRINITY_DN14357_c3_g1",-2.12603524125166,0.0133730563660742,-6.34223436002161,3.90907078132752e-05,0.00172334776132119,2.43385402787513,77.39,26,60.34,30,71.48,17.13,9.13,7.1,15.13,11.88
"671","TRINITY_DN14357_c5_g1",1.61292701217977,0.613026519654247,5.38817765413641,0.000169893818061442,0.00408353580290305,1.15922955076475,24.59,1.08,30.89,32.57,37.17,75.05,66.86,97.59,75.97,75.71
"672","TRINITY_DN14360_c0_g1",1.16932129794577,3.15562829718259,4.73319916188171,0.000501508893161288,0.00794809824527973,-0.191947973039654,158.98,89,187,181.01,104,538.03,313.01,393.01,355.01,233.03
"673","TRINITY_DN144_c0_g1",1.01789126291358,4.3797353018429,4.68979189293896,0.000539928929258892,0.0083494944963381,-0.462575582799693,270.75,148,417.25,517.73,463.8,795.97,655.96,561,1132.92,942.99
"674","TRINITY_DN1440_c3_g1",-1.7336225197015,1.53452325020871,-5.64653043845007,0.000112699773413535,0.00319512654212074,1.51688504049994,214.99,20.3,198.21,137.77,150.62,45.59,35.53,41.76,76.76,28.66
"675","TRINITY_DN14421_c0_g1",-1.71978842013391,0.752223228500432,-8.16609194343576,3.28730640357015e-06,0.000448258420425998,4.79031357696019,90.17,21,117.56,81.66,80.74,25.73,17.36,20.96,32.9,24.73
"676","TRINITY_DN14428_c0_g1",-1.25151379962828,1.09087441443076,-4.54345602290925,0.000693759479901701,0.00978265822447368,-0.223076999654339,105.67,30,107.95,53.37,118.92,20.26,37.08,37.15,63.85,32.4
"677","TRINITY_DN14432_c1_g1",1.17842203015142,0.195842385411255,4.62731652611505,0.000600714462996044,0.00891735195321251,-0.0193600946177339,19.65,6.05,38.89,16.6,20.94,41.89,42.93,39.2,60.52,44.63
"678","TRINITY_DN14433_c0_g1",-1.22175939733941,1.50390645040265,-4.40732473342244,0.000878151464424922,0.0113013957118195,-0.502707954867824,158.1,42,103.27,78.98,165.22,58.57,34.63,62.89,85.76,23.88
"679","TRINITY_DN14439_c0_g1",1.31985880982261,0.534516062661486,4.53800853495096,0.000700301826240532,0.00985016791952173,-0.180135840609476,23,15,20,29,26,76,71,59,49,44.32
"680","TRINITY_DN14446_c0_g1",4.23690928022908,0.266901346047675,3.19821244563244,0.00776171855226891,0.0464905031686391,-2.29738169649794,70.92,9.99,23.25,1.2,0,174.2,299.85,157.39,155.66,30.44
"681","TRINITY_DN1446_c0_g4",1.88547820780697,-0.704731783632857,3.49193454360326,0.00452173883462483,0.0330243918124449,-1.81996397705832,15,1,4.19,18.7,11,44,16.79,17,66.64,29.01
"682","TRINITY_DN14468_c0_g1",2.10637484806457,0.273626141746071,4.03433176833752,0.00169453182794214,0.0172816734254205,-0.984321827925855,14.2,8,13.74,26.16,14,121.05,41.47,41.95,42.68,122.57
"683","TRINITY_DN14494_c1_g1",-1.61663505278271,1.93857393614609,-5.2338137748908,0.000218088339600533,0.00477875045906804,0.82771316763926,250.65,45.16,243.89,94.39,256.62,44.72,38.32,73.15,88.61,64.68
"684","TRINITY_DN145_c0_g1",1.39059053346898,0.524482034861114,5.68700418199616,0.000105771227791172,0.00308801975113442,1.60221405760134,35,10,28,24,17,61,70,54,76,48
"685","TRINITY_DN145_c0_g2",1.0714904162519,1.61749439455068,5.79117769591129,8.99297841155604e-05,0.00279988868486934,1.72922617700758,53,20,78,53,59,115,136,123,121,110
"686","TRINITY_DN14514_c0_g2",-1.92661838505168,-1.055727354039,-4.2300508696706,0.0011977509092066,0.0138551373438908,-0.719743650821204,39.3,10.29,28.23,14.61,25.69,6.26,9.49,9.25,3.5,3.5
"687","TRINITY_DN145303_c0_g1",-2.29292646982783,-1.8367609496853,-3.76753699804293,0.00273713181917154,0.0236944365022016,-1.64361109618993,25,5,18,13,21,6,4,5,4,0
"688","TRINITY_DN14540_c1_g1",4.11961902325951,0.771922412036078,4.35679410348355,0.000959008775205657,0.0119700194051702,-0.445533166711726,67.13,9.23,6.26,49.95,0.06,220.33,241.45,127.22,233.69,102.09
"689","TRINITY_DN14548_c4_g1",1.51302933629595,0.137702311007971,6.13802049557399,5.29711806032069e-05,0.00206103620660795,2.1998283380742,26.78,3.97,21.21,12.75,22.88,61.03,54.88,47.86,52.64,38.89
"690","TRINITY_DN14550_c0_g1",1.04346162282316,0.444873957264379,3.39658566848438,0.00538606571030653,0.0370974663112111,-2.11485707599564,24,11,34,22,27,79,68,41,41,38
"691","TRINITY_DN14556_c0_g1",1.02596223761684,0.935174564749976,4.79013916823334,0.000455399632311259,0.00749667195306734,0.199524230249219,40,20,28,37,39,84,65,71,91,49
"692","TRINITY_DN14560_c0_g1",-2.60846768923989,1.07433656756878,-6.12746596447003,5.38180078808316e-05,0.00207697146914099,2.24499168761758,168.79,22.23,159,139.56,216.44,44.59,4.15,27.79,37.67,21.68
"693","TRINITY_DN14576_c1_g1",-1.71289471489393,0.13598578485231,-3.44484466877578,0.0049293911897862,0.0349821913787976,-1.98562598209496,56.56,35.31,71.74,62.25,26.65,24.57,20.39,23.19,11.6,4.67
"694","TRINITY_DN14581_c0_g3",-1.78196779811235,-1.12637452897452,-3.92425322145214,0.00206346582837149,0.0197236668684648,-1.17152466077373,33.27,6,25,19.09,26.34,1.01,5.18,11.33,9.05,7.2
"695","TRINITY_DN14582_c1_g1",3.72203796892405,0.00167099236062096,3.87420361126729,0.00225772612141167,0.0208604028946472,-1.22455468250342,11,0,35,22,2,64,61,131,291,73
"696","TRINITY_DN14594_c0_g1",-1.27875260231256,0.836153855473825,-5.804833680432,8.80471967918994e-05,0.00277490331214663,1.77927071495255,92.21,26,74.62,66.26,86.07,32.17,14.07,35.14,52.06,23.1
"697","TRINITY_DN14598_c0_g2",-1.35768310766347,-0.581519552925718,-4.29266590827086,0.00107291605034448,0.0129054627976518,-0.547488705698453,25.73,11,39.18,35.34,26.33,9.59,7.4,13.82,14.76,5.73
"698","TRINITY_DN14599_c2_g1",-2.39051259684101,-0.37911785545087,-4.82160766341677,0.000431842650341456,0.00724210211115813,0.238945124875155,77.05,19,24.03,42.05,69.05,6,11,12.02,9.01,4
"699","TRINITY_DN14603_c1_g1",1.27467695381744,-0.322362766662732,3.80720567147866,0.00254766524529183,0.0226102671264697,-1.33512536046604,17.01,8,14,7,23.53,28.69,35.97,21.16,47,27.01
"700","TRINITY_DN14607_c0_g1",-1.12447570658034,4.54978134349541,-5.18601391327063,0.000235782251740332,0.00499968491774107,0.364760388884579,826.62,458.01,1374.51,827.92,761,384.68,414.33,503.38,690.14,247.92
"701","TRINITY_DN14609_c1_g1",-1.09151539967837,-0.867086337687482,-3.15899799495789,0.00834452784332891,0.0488024787162574,-2.36586615815702,32,9,16,25,20,11,9,12,8,6
"702","TRINITY_DN14609_c1_g3",-1.40720304401598,1.89627024063039,-5.07497026523698,0.000282976513998072,0.00559171185373819,0.569985047916673,265,38,163,101,242,60,43,69,91,56
"703","TRINITY_DN14618_c0_g1",-1.16822548614536,2.54634111692276,-4.83709867039964,0.000420718582269965,0.00714563147480143,0.0788971781971117,223.25,72,378.47,152.91,297.09,92.26,64,120.09,163.6,111.64
"704","TRINITY_DN14623_c0_g1",1.42214420406606,-1.19177801623878,3.94022490289304,0.00200516935493967,0.019364278593809,-1.14388281112217,8,4,9,7,8,22,18,18,15,14
"705","TRINITY_DN14628_c0_g1",-2.39937989954823,-0.147545040254385,-4.45426175079636,0.000809395605240716,0.0107411476106606,-0.289282473750953,103.41,11,43.16,30.48,122.23,10.29,4.14,15.96,9.28,12.63
"706","TRINITY_DN14644_c0_g2",-1.16975511258705,-0.322443236711037,-3.8273540654826,0.00245664947878138,0.0221223847186514,-1.30534994515069,27.66,14.46,26.58,42.07,38.56,15.3,14.64,11.24,12.06,11.67
"707","TRINITY_DN14645_c0_g2",2.99189740317374,-0.232736759354458,4.77295540929959,0.000468827775255372,0.0076302523633286,0.162484067911238,10.26,8.99,3.62,14.01,9.43,74.39,70.89,28.05,124.15,30.77
"708","TRINITY_DN14664_c0_g1",-1.14584281754006,2.50040702799655,-4.23129294686605,0.00119513325957708,0.0138419821781857,-0.963957555416749,371.25,79,157.67,268.16,198.19,123.35,85.05,82.05,170.53,72.58
"709","TRINITY_DN146657_c0_g1",-2.13233020502227,-1.28075057508048,-4.16585377573043,0.00134147702238966,0.0148420575485606,-0.906732309693208,32,12,28,12,29,6,5,2,10,2
"710","TRINITY_DN14667_c0_g1",1.2711772020013,1.38422608420757,5.53697607779789,0.000133971625911363,0.00351273034257954,1.3567724400638,44.3,20,42.17,52.66,48.47,101.98,93.05,80.04,189.95,94.84
"711","TRINITY_DN146771_c0_g1",-2.17886285117459,-0.10811396113954,-7.51950152773851,7.54732737778033e-06,0.000682331436197921,3.75684897769707,72.41,23,47.88,42.53,60.26,15.83,4,11.81,15.45,8.45
"712","TRINITY_DN1468_c0_g1",1.11056459215347,4.51911083087428,6.21996737215664,4.68583259412331e-05,0.00192981394637183,2.04473063000514,555,165,330,524,346,925,975,845,878,899
"713","TRINITY_DN1468_c4_g1",1.20819418487692,-0.59207797864168,3.38696952602409,0.00548208370916073,0.0374738192854594,-2.00685691444141,22.32,1,14.05,16.11,9.14,36.98,22.53,22.34,25.41,30.68
"714","TRINITY_DN14704_c0_g1",1.02274253670677,2.77177785701631,5.28620646067186,0.000200289676641823,0.00453686241866444,0.795851810904299,122,74,97,126,157,280,168.87,282.75,360.86,227.86
"715","TRINITY_DN14705_c0_g1",-2.87078495280604,0.647087743224277,-8.95915340223466,1.26280972267084e-06,0.000261664344817044,5.49377394548938,150.22,43.98,115.13,104.43,96.75,6.56,15.71,14.71,16.4,25.75
"716","TRINITY_DN14721_c0_g2",-1.20232732076012,0.161263184129071,-3.32030930604978,0.00619725693751224,0.0404042045589173,-2.21671195525031,57.5,19.41,76.83,33.22,31.95,26.92,16.45,8.18,24.5,22.65
"717","TRINITY_DN14723_c3_g1",-1.56420139459223,-1.14009749257993,-3.58611792594528,0.00380643993000606,0.0293804426057881,-1.6802002572326,24,13,21,14,24,16,4,6,4,5
"718","TRINITY_DN14731_c0_g1",1.28462718772241,5.49668287272196,7.70437279914498,5.92165105983867e-06,0.000605298260642779,4.09499019231723,540.15,267.49,1107.8,978.98,772.25,1854.52,1774.05,2111.16,2111.71,1668.82
"719","TRINITY_DN14732_c1_g1",2.44278010069316,-1.00672266881271,3.9260681136498,0.00205675436664558,0.0196941509291104,-1.1883295885605,8.78,5,1.07,5.16,16.82,41.91,11.54,35.79,40.4,20.17
"720","TRINITY_DN14738_c0_g1",-1.67798667351469,1.81072179129909,-3.55102715447411,0.00405836728958946,0.030714744364267,-2.04209454252194,268.59,115,149.91,123.35,127.42,164.58,11.33,52.05,79.35,33.24
"721","TRINITY_DN14738_c0_g2",-3.03631555489357,-1.79222598416708,-3.19245166536762,0.00784469319516831,0.0468194582848688,-2.44320925806048,42.9,5,26.61,27.49,15.82,39.64,0,2.99,3.89,0
"722","TRINITY_DN147423_c0_g1",2.17002484721095,-1.86152302285707,3.21122293849174,0.00757756679075266,0.0457827391580621,-2.3443043939024,6,2,0,9,6,13.95,17.37,15.14,13,10.15
"723","TRINITY_DN14765_c0_g1",1.35672494360985,-1.02598263087169,3.2895387278552,0.00655861788228827,0.0417592840787313,-2.14046643640281,8,5,17,11,5,19,14,19,24,18
"724","TRINITY_DN14766_c0_g1",-1.04006659940557,-0.250623885720181,-4.02696209057253,0.00171695829995734,0.0174000888077739,-0.981112932004415,41.77,13,41.41,22.75,34.21,11.43,9.74,13.68,25.72,14.86
"725","TRINITY_DN14780_c0_g1",-1.88289689548205,-1.4761471555039,-3.32692713760355,0.00612221281741541,0.0401312121841285,-2.10844668581496,40.94,7,17.31,15,14,12,3.04,3.66,3,3.04
"726","TRINITY_DN14781_c0_g1",1.2492712704117,2.0721233618755,6.59238858020572,2.71495896943354e-05,0.00140522453013061,2.87892890818874,68,27,80,91,71,215,115,209,188,167
"727","TRINITY_DN14783_c0_g1",2.3760052477845,-0.964252644631248,4.52211313252194,0.000719762506455376,0.0100098863172537,-0.361429947167937,14.15,1,12.07,3.87,4.2,33.1,45.72,29.34,27.8,21.44
"728","TRINITY_DN1479_c0_g1",-1.62941125159249,3.17181625456921,-7.99764430349023,4.06324588227128e-06,0.000501281571838577,4.69892115885164,535.63,169.35,393.87,461.61,359.3,116.03,150.09,214.49,150.43,90.85
"729","TRINITY_DN1480_c6_g1",-1.77855476855008,0.142141202025817,-4.7647758606833,0.000475364672056309,0.0076859957502312,0.200322630765067,61.9,17,45.01,59.41,77.32,11.31,14.09,5.65,37.69,19.41
"730","TRINITY_DN1480_c6_g2",-1.89969203244778,3.12978801690208,-4.95655382480327,0.000344406784974536,0.006300176077621,0.213088937158798,457.02,157.44,364.76,561.37,574.1,113.67,66.95,46.58,340.16,207.44
"731","TRINITY_DN14807_c0_g1",1.7479225896347,-0.129741176208841,5.0387497151831,0.000300440419193282,0.00582035192569776,0.614301498290734,10,10,12,23,14,39,44,30,56,38
"732","TRINITY_DN14814_c1_g1",-2.08073284884975,0.569094582880027,-5.97071202394707,6.82359729051835e-05,0.0024016862526606,2.00857274205495,67,35,91,64,125,33,6,29,19,14
"733","TRINITY_DN14820_c0_g1",1.61098535198304,-1.19203160191192,4.19960712735881,0.00126380553511414,0.0143424856059967,-0.786957967145677,11.3,1,7,9.83,6.6,23.02,17.91,21.44,16.94,17.77
"734","TRINITY_DN14821_c0_g1",-2.92790874359934,-0.808823361523152,-5.03098949019317,0.000304327250023688,0.00586321342728945,0.329168931809371,37.33,21,44.34,44.38,35,7,5,7.29,1.02,9.54
"735","TRINITY_DN14823_c0_g1",-1.65103243672983,-0.0678568006004661,-4.08042410783119,0.00156097339757137,0.0164146773421725,-0.898800049782602,83.83,10,41.29,39.55,50.01,19.82,8.36,19.13,7.08,22
"736","TRINITY_DN14827_c0_g1",1.26029474693647,2.32735502797752,4.52100537576253,0.000721139589885108,0.0100211574320327,-0.421283670193361,74.42,47.25,85.02,61.27,126.9,227.11,216.99,319.7,178.14,135.27
"737","TRINITY_DN1483_c0_g2",1.8779326875971,0.533362137156287,5.17495599851786,0.000240086828208148,0.00505106693976039,0.83537964380468,39.01,6.15,29.49,8.92,23.68,88.37,48.04,108.79,63.57,81.07
"738","TRINITY_DN14868_c0_g4",-1.05038541846664,1.43230374327646,-3.21106007545804,0.00757984449920535,0.0457875404164481,-2.6056881909962,108.19,47.63,128.37,50.04,152.93,53.89,58.79,27.45,49.92,66.71
"739","TRINITY_DN14873_c0_g2",-1.26105562124793,2.10466183892686,-3.34438439470631,0.00592864303945709,0.0393636398279996,-2.48359668121765,323.62,60,268.33,82.14,170.47,80.07,36.12,96.06,151.03,50.51
"740","TRINITY_DN14888_c1_g2",1.00168803599287,9.1686557759388,16.5733615992262,1.44949489641621e-09,6.88487775876217e-06,12.5138852275394,10468.42,4130,11294.78,10815.28,11036.83,22364.17,20539.32,23223.28,24544.26,21112.06
"741","TRINITY_DN148924_c0_g1",-2.05210772219748,-0.709248062854716,-3.20537793752395,0.00765974571656542,0.0460763739412062,-2.27864554197224,41,20,52,10,48,9,2,10,6,15
"742","TRINITY_DN148946_c0_g1",-1.23737695303062,-1.35886331341577,-3.18648936321046,0.00793151278666281,0.0471598508956047,-2.29813576218567,18,6,22,15,17,9,3,8,11,2
"743","TRINITY_DN148984_c0_g1",-1.14009188296478,-0.146638204104336,-3.97099080042531,0.00189761509414865,0.0186345319391684,-1.07935223587318,58,16,27,32,36,19,16,11,17,13
"744","TRINITY_DN149032_c0_g1",-1.86271714621953,-0.687305481138371,-4.59242538008069,0.000637735349373175,0.00926126113666388,-0.118295937206963,42,12,42,15,48,7,7,6,14,6
"745","TRINITY_DN149083_c0_g1",-1.70486081090041,-1.39265930488866,-3.43305422178737,0.00503719510919348,0.0354943197081455,-1.9329352584764,37,6,22,10,18,4,6,7,4,5
"746","TRINITY_DN1491_c1_g2",-1.00045939282733,1.3048513463125,-5.69756670569612,0.000104038190562562,0.0030518528222599,1.60392598473058,104.29,37,104.98,69.16,112.19,38.72,40,47.51,68.65,37.51
"747","TRINITY_DN1491_c2_g1",1.27904858619466,3.50936149980092,8.72493469304022,1.66377276458952e-06,0.000309725664223521,5.57204981562582,282.99,71.8,211.66,130.63,204.07,482.94,477.94,442.46,595.84,426.23
"748","TRINITY_DN14913_c0_g2",1.77979386643308,2.94132829147147,5.28410769435884,0.000200972418232758,0.00454732315171723,0.79099215470401,75.67,45,173,84.14,150,560,280,210,531,464
"749","TRINITY_DN14918_c0_g1",-5.8636043318447,1.51829594474376,-6.96520534801164,1.60137852675236e-05,0.00103976783669721,3.18253883249616,966.5,233.99,412.94,302.64,1046.06,12,5,5,13,13.02
"750","TRINITY_DN14922_c0_g1",1.04626905953071,1.49610464280154,3.14286205475311,0.00859696749096996,0.0497465606440271,-2.73356685361494,89.34,27,43,39,45.62,97,136,86.01,82,163.01
"751","TRINITY_DN14924_c0_g1",1.54567745179022,0.824848518357331,4.06187493754307,0.00161336228628786,0.0167488053889883,-0.998784213948148,30.31,8,40.13,50.55,16.59,52.08,54.87,86.41,118.88,119.12
"752","TRINITY_DN14925_c1_g1",2.41351390514709,-1.77750594305358,3.3003202068091,0.00642963585455902,0.0413215190203279,-2.22167788070609,10,5,1,8,1,14,20,15,15,15
"753","TRINITY_DN149254_c0_g1",1.93492743038497,-0.0495395460715897,4.62569282861706,0.000602386460753411,0.00892850676394662,-0.0182210569786045,27.14,3.13,17.02,21.57,6.55,64.85,47.14,58.59,52.28,32.86
"754","TRINITY_DN14927_c1_g1",1.23921615797819,0.0203853839967557,3.63406133053741,0.00348784319706033,0.0277893926382583,-1.65474611192117,11.69,12.02,31.65,12.71,20.56,30.3,47.05,39.39,45.82,33.48
"755","TRINITY_DN149371_c0_g1",-1.06179460731922,-0.495291263871622,-3.49190931262422,0.00452194780032101,0.0330243918124449,-1.8506395235675,35,14,32,24,23,13,13,8,21,7
"756","TRINITY_DN149408_c0_g1",-2.8343561965963,-1.21472616259538,-4.0620822659423,0.00161276677883092,0.0167454385504039,-1.10651338071844,56.08,16,33,12,35.23,4,9.06,2.54,3.69,2
"757","TRINITY_DN14943_c1_g1",-2.88778096567305,-1.66973869510187,-3.98418571821308,0.00185332890530369,0.0183661295529919,-1.37321743315421,21.96,6,42.41,17.95,22.41,4.55,1.09,4.28,0,6.63
"758","TRINITY_DN14944_c0_g2",-1.09970114550839,1.13559625255142,-5.60766632812271,0.000119805539798964,0.0033025680676368,1.47613244510478,107.67,30,120.41,64.51,79,47.4,31.3,34.29,45.92,39
"759","TRINITY_DN149511_c0_g1",-1.82951909325833,-0.534517320833984,-4.64264618590947,0.000585165771661083,0.00875522560419882,-0.0214128298161764,35.06,20,42.85,27.62,33.16,18.6,11.87,8.23,8.22,3.08
"760","TRINITY_DN149609_c0_g1",-1.17206402384752,-0.916459933260697,-3.61381190513847,0.00361893945218393,0.0283689568736135,-1.62629849365405,22,10,22,20,24,12,10,10,8,4
"761","TRINITY_DN14967_c1_g1",-1.37134067491165,2.5393947576683,-4.12372311775768,0.00144542220849919,0.0155762531466681,-1.1549655517204,225,128,321,190,258,176,50,41,131,161
"762","TRINITY_DN149713_c0_g1",1.07233553576513,1.04736787429302,3.98971390185015,0.00183509318110936,0.0182293007958721,-1.16046455599158,49.84,9,49.61,59.29,26.39,73.58,83.49,63.89,111.09,82.32
"763","TRINITY_DN149716_c0_g1",1.2679653113792,0.565265701963329,4.12952268152979,0.00143063180486055,0.0154735772791258,-0.863609687864419,33.12,13,29.74,14.17,32.26,54.65,44,38.3,110.3,70.23
"764","TRINITY_DN14973_c1_g3",-2.31433790201594,1.06742034030009,-7.1075069771599,1.31533200197679e-05,0.000918768330973558,3.5627549182262,77.37,47,149.74,143,175.13,21.55,15,25.81,35.99,23.66
"765","TRINITY_DN149734_c0_g1",-1.46087821571974,-0.293794579157252,-4.50930415232204,0.000735854685158426,0.0101513751338611,-0.200806111509706,49.43,8.33,30.97,44.1,45.09,10.13,5.88,13.61,14,22.61
"766","TRINITY_DN14992_c1_g1",1.92808355851545,0.442150868400125,4.22757105928017,0.00120299486994676,0.013887180263502,-0.678563846727712,29,13,7,13.18,42,48,76.75,101.2,65.67,56.75
"767","TRINITY_DN14994_c1_g1",-1.20079926458568,3.37861849667169,-7.61259795697852,6.6760783914265e-06,0.000649671731553624,4.17371936836199,560.63,125,415.19,344.13,532.28,230.28,158.44,163.94,254.57,154.24
"768","TRINITY_DN150061_c0_g1",-2.51548633298722,-0.29865286291287,-6.8858096285596,1.78921455377708e-05,0.00110650131548683,2.88826017835601,59.07,26,48,54.09,47,8,12,3.4,13,7.65
"769","TRINITY_DN15013_c1_g1",2.69883057111041,-1.88192504199233,4.10858834481697,0.00148477048769259,0.0158811030788225,-1.28750217644929,1.9,3.34,2.65,3.69,3.52,14.45,22.19,18.14,22.28,9.58
"770","TRINITY_DN15015_c0_g2",1.49599492121281,-1.30161311727946,3.34753533036173,0.00589437172364573,0.0391908759762761,-2.05295440225655,16.82,2,6,7,5,23,9,22,20,12.52
"771","TRINITY_DN150193_c0_g1",-1.48232173048529,-0.80034818991102,-3.56054475207965,0.00398839914587937,0.0303560238425543,-1.71262314841987,46.55,9,16.42,27.73,25.79,5.99,7.4,13.8,6.71,10
"772","TRINITY_DN150232_c0_g1",-4.08638325541018,-0.438255804394369,-6.70911127997029,2.29686062421546e-05,0.00128210251756043,2.06698678597915,91.01,29,134.4,43.88,89.14,3,4,2,6,8
"773","TRINITY_DN150256_c0_g1",-2.47356562921539,-0.333255339814137,-7.53353638460387,7.40855260365647e-06,0.000674930709227615,3.5686305471845,40.23,17.89,64.35,54.87,57.68,9.02,7.62,10.82,9,4.9
"774","TRINITY_DN150297_c0_g1",-1.43406201232966,-1.5162548144875,-3.31796550465152,0.00622405790778998,0.0405275891268813,-2.11599865854831,15.85,11,15.98,13.86,16.19,7.45,4.19,4.56,6.55,1.14
"775","TRINITY_DN150317_c0_g1",-2.77286250118257,-1.31314577601599,-3.90913770369588,0.00212024783214205,0.0200583825860437,-1.33833182979879,23.22,8,32,39.64,36,2.92,5.04,0,14.09,5
"776","TRINITY_DN150347_c0_g1",1.49993185844417,-1.40057783626207,3.84304788583479,0.0023880781609768,0.021707445733098,-1.3297026490686,10.93,2,4.29,5.11,8.84,11.72,14.82,18.31,17.48,15.77
"777","TRINITY_DN15035_c0_g1",1.96987536042209,-1.87026710662335,3.19639456651042,0.00778780608509842,0.046581431463386,-2.35620198126565,11.09,4,4.01,1.01,3.01,8.02,11.03,15.04,17.33,14.02
"778","TRINITY_DN15036_c0_g1",1.37610143399113,-0.656827545185583,3.52668694623025,0.00424306046992788,0.0316387812628829,-1.77319146747261,7,4,16,10.14,18,23,23.01,27,23,34
"779","TRINITY_DN150410_c0_g1",-2.49377214903848,-0.434627010568621,-5.48543098821773,0.000145410758088272,0.00369195044836949,1.12643567814436,59,21,66,25,57,4,7,7,21,4
"780","TRINITY_DN150440_c0_g1",2.39394286987508,-0.593953094986138,3.16290203344468,0.00828458078505411,0.048580844664342,-2.34455276931468,12.41,3,1.05,8.78,32.56,20.25,21.01,37.5,62.8,76.76
"781","TRINITY_DN150485_c0_g1",-1.3967076201236,-0.774923847198404,-3.91674443743805,0.00209147419412526,0.0198744765372186,-1.14381682064801,41,6,34,15,31,8,11,11,8,8
"782","TRINITY_DN150550_c0_g1",2.12265463293688,-0.0115429093196175,3.40531767013388,0.00530035680662283,0.0366830791409265,-2.01455695751538,35,4,2,37,16,62,63,51,62,35
"783","TRINITY_DN150624_c0_g1",-1.36434561433551,-0.320274998646336,-4.88315138034434,0.000389387071774728,0.00679205449377003,0.374979180489408,46.6,16,34.44,23.37,38.97,13.48,8.59,18.16,11.44,10.67
"784","TRINITY_DN15070_c0_g1",-1.03895821132163,2.86853083820879,-4.56479738769598,0.000668737027249795,0.00956081823538327,-0.4437466485684,263,103,473,173,318,150,97,178,157,124
"785","TRINITY_DN15072_c0_g1",2.81176090446318,0.0113303978038096,4.59742465748899,0.000632287878931268,0.00920379819619235,-0.0732343702005487,11.71,3,29.47,13.13,5,62,32.47,54,112.45,135
"786","TRINITY_DN15073_c0_g1",1.42258501889538,0.104994887744378,3.37539516962197,0.00559996415733635,0.0379214282257706,-2.10090135920642,12,7,12.34,32,29,63,70,31,48,29.2
"787","TRINITY_DN15083_c0_g1",-1.10056073100054,0.987974485744986,-4.60645278670826,0.000622573143711523,0.00912985918577886,-0.109087503415777,89,33,92.05,60,80.17,45,32,52,38.7,17.14
"788","TRINITY_DN150942_c0_g1",-2.94990044123581,-1.62604240582533,-3.87995944546985,0.00223445789844796,0.0207194819829357,-1.51374995577825,32.04,8,43,12,26,3.01,3,0,4.01,7.05
"789","TRINITY_DN150943_c0_g1",-1.86535949846247,-0.534556762173138,-6.07095555080051,5.86030508920368e-05,0.0021759598235006,1.94553179605999,58.53,10,41.72,27.67,33.75,8.06,7.13,7.08,10.86,11.26
"790","TRINITY_DN150946_c0_g1",-1.12342879303838,-1.14736466477399,-3.20454491078561,0.0076715308223126,0.0461337831336344,-2.27237794806207,30,8,17,15,17,7,4,5,13,8
"791","TRINITY_DN150960_c0_g1",-2.50652084205601,-0.239037393923805,-4.95811863413263,0.000343509483251025,0.00629585451410936,0.460439960986558,92.29,12,97.68,31.06,51.14,7.3,2.04,15.75,9.37,16.77
"792","TRINITY_DN150976_c0_g1",-1.49942986217107,-0.365784267826788,-4.31128377448089,0.001038465596661,0.0126003485287135,-0.514360288398171,51.4,11,33.26,28.08,47.05,10.01,3.01,9.44,24.08,18.01
"793","TRINITY_DN15100_c0_g1",1.28482141150632,1.75225051433685,4.45042555017154,0.000814798630548469,0.0107873468780246,-0.456064225230715,53,19,64,109,42,117,189,137,148,132
"794","TRINITY_DN15105_c0_g1",-1.18539113023961,3.41968195388527,-9.99011152218031,3.99330751071025e-07,0.000148541416970685,6.9986447477725,528.47,148.8,440.14,358.38,492.9,223.09,176.1,195.22,201.29,180
"795","TRINITY_DN15121_c0_g1",2.09387937602993,-0.501833066435565,3.89599657645211,0.0021709214684016,0.0203568806121279,-1.17697553570789,12,5,18,4,11,45,45,34,72,13
"796","TRINITY_DN15124_c0_g1",2.55408513179794,-0.260616307292173,4.5540393939669,0.00068123070359504,0.00967308673007632,-0.160129597912194,14.12,1,19.47,22.16,3.5,80.91,28.36,43.82,83.55,52.52
"797","TRINITY_DN15128_c0_g1",-1.58298997566723,0.0721656812112715,-3.60054067940459,0.00370758334744706,0.0288194474957192,-1.71805361344186,29,13,48,62,106,21,9,11,17,22
"798","TRINITY_DN151290_c0_g1",-1.94027158198781,-1.91086584663926,-3.63957402015049,0.0034530025524292,0.0276100056721614,-1.78246966043467,21.35,4,15.39,17.02,11.06,7.03,2.07,2.1,3.05,1.04
"799","TRINITY_DN15131_c1_g1",-1.55721510014286,2.7796218566705,-6.56434246201791,2.82703507301021e-05,0.00143320001386071,2.78147803186207,449,125,349,204,341,99,87,111,215,67
"800","TRINITY_DN151380_c0_g1",-1.35478784884888,-0.571314745282999,-4.87645875006048,0.000393784059242195,0.00684361893894936,0.339659370872988,29.07,12,29.28,26.59,38.87,8.21,6.25,13.28,16.92,7.15
"801","TRINITY_DN151402_c0_g1",-1.4043342635825,-0.642949680787768,-3.51092082106719,0.00436725035451083,0.032270481412766,-1.80051877945443,40,13,22,18,42,15,9,4,16,8
"802","TRINITY_DN15148_c0_g1",3.77201829758722,1.3521042408967,14.871138926373,4.96189448421634e-09,1.1347668911533e-05,9.77963232449543,13.13,8,32.37,18.2,19.32,241.55,234.31,271.59,268.47,248.26
"803","TRINITY_DN15149_c0_g1",-1.28006320141772,-0.127782633499312,-4.39562572379684,0.00089621800639823,0.0114290932381408,-0.3838989766269,53.11,14,44.05,26.34,43.57,21.04,10.76,7.3,24.78,14.4
"804","TRINITY_DN151515_c0_g1",-1.93376289056305,-1.59632786615246,-3.4843326652778,0.00458514583035079,0.0333101295468903,-1.90837010033547,26,11,12,13,19,3,7,4,2,5
"805","TRINITY_DN15153_c1_g1",1.36646840190107,1.71162052495104,3.37824408135095,0.00557071232103836,0.0377917319709379,-2.33975934168414,83.33,14,48.22,57.31,61.99,103.04,104.66,76.65,310.44,233.61
"806","TRINITY_DN151769_c0_g1",-1.33543338937952,-0.745783317108615,-3.18834830480446,0.00790434049252392,0.0470390532702744,-2.31960778319327,26,17,39,13,30,16,4,10,12,5
"807","TRINITY_DN15179_c1_g1",-1.0730066861945,0.945047387320748,-3.38585960988442,0.00549327768985659,0.0375220034063346,-2.21471238532667,144.01,13,68.27,66,94,23,33,34.99,56.01,38
"808","TRINITY_DN151833_c0_g1",-1.20782296996213,0.853090022814322,-4.39082698086257,0.000903740133619345,0.0114933990538746,-0.455546449108949,119.93,35,62.05,44.59,84.61,33.58,19,29.45,39.51,32.01
"809","TRINITY_DN151847_c0_g1",-1.31869421832081,-0.328848104936765,-4.39669640251747,0.000894548607090979,0.0114172359220037,-0.378773041489371,39,13,36,43,28,10,7,21,14,12
"810","TRINITY_DN15186_c1_g1",-1.75363054073365,1.87006223179693,-8.22168662166037,3.06736703257807e-06,0.000429406516710889,4.99454039345333,224.42,65.36,181.4,162.26,183.31,56.49,26.99,41.47,103.23,56.29
"811","TRINITY_DN1519_c0_g2",-1.09686752380483,1.10036259283073,-4.47739956022824,0.0007775896914918,0.0104835389236322,-0.33620006965123,116.86,37.94,72.7,73.31,84.05,61.38,21.01,35.07,58.13,26.11
"812","TRINITY_DN151974_c0_g1",3.72702292279182,-2.51307878891541,6.41638804669421,3.50561579492837e-05,0.0016155887145233,0.639000188694284,2,0,2,1,1,12,14,14,24,17
"813","TRINITY_DN15198_c0_g2",-1.75499964468271,-1.25718869066374,-3.59285383584063,0.00375993946401164,0.029137643326279,-1.68234971365016,40,5,14,19,28,6,10,3,9,3
"814","TRINITY_DN15200_c0_g1",1.61708151820001,2.06641803821372,8.71558878302239,1.68237465890731e-06,0.000309725664223521,5.57611726205736,60.76,32.21,56.81,57.68,83.93,234.74,158.94,195.97,266.93,140.95
"815","TRINITY_DN152006_c0_g1",-1.25420364454003,-0.382956925356542,-3.71020279383313,0.00303689860278828,0.0253854629653405,-1.49341421143923,41,17,47.67,18,29,9,9,16,19,9
"816","TRINITY_DN15205_c0_g1",-1.92606452831441,-0.656936904189058,-4.34733474038226,0.000974987002347993,0.0121158175530255,-0.486231638271528,23.58,15,53,31.13,38.4,10,6,11,13.01,2.03
"817","TRINITY_DN152051_c0_g1",-1.68130436190507,0.223984047010771,-3.45490817325902,0.00483923607522066,0.034572850766253,-1.98076891054222,103.45,28,48.81,33.95,58,20.18,22.01,18.89,37,3
"818","TRINITY_DN152077_c0_g1",-1.62711858393924,-0.867547747847197,-4.83211689110475,0.000424262862062975,0.00717736526209988,0.205174505300406,34,9,29,30,21,12,5,5,9,7
"819","TRINITY_DN152096_c0_g1",-2.71170316586003,-0.468236462048815,-6.32796384692617,3.99222556115159e-05,0.00174831165921978,2.09437580597565,56,21,61.04,38.04,57,8.01,8,9,14,1
"820","TRINITY_DN152369_c0_g1",-1.61939767031282,0.713164750873817,-6.36157597965272,3.79929178524975e-05,0.00169753016755139,2.56428028260027,106.21,37,96.66,51.26,63.94,23.56,21.76,19.37,31.46,22.29
"821","TRINITY_DN1524_c0_g2",-1.30155525852486,1.47787479359011,-6.66229782437278,2.45566820525581e-05,0.00131969190894809,2.99674883527822,158.21,42.81,120.72,98.26,118.62,44.48,26.11,53.45,76.8,42.44
"822","TRINITY_DN15240_c0_g1",1.11383750038407,0.139519578267926,3.31387358850921,0.00627113013008496,0.0407010451200847,-2.21603792466052,34.39,7,24.48,8.07,31.37,36.1,52.08,33.76,56.81,38.82
"823","TRINITY_DN15247_c0_g1",2.50026360311018,-0.214937972440278,4.7925439891682,0.000453552777153719,0.00747423989423214,0.209868043873136,17,3,9,25,5,43,76,66,65,29
"824","TRINITY_DN15253_c0_g1",1.27027209759552,2.36551345691958,7.21671633357958,1.13292723217969e-05,0.00084182901001963,3.72569919931152,67.74,32,97.66,109.39,106.1,240.17,208.13,204.09,227.8,206.99
"825","TRINITY_DN15253_c2_g2",-1.59695031465219,-1.44609487908103,-3.3220190088973,0.00617778057844284,0.0403325450617481,-2.10376240286742,25.82,8,18.35,15,14.19,4.16,1,7,4.44,13
"826","TRINITY_DN15258_c0_g1",-2.96362385281393,-1.46699512557847,-3.32314241559522,0.00616501689295618,0.0402790670940914,-2.18807722654428,59,8,35,11,35,2,6,0,12,3
"827","TRINITY_DN15259_c0_g2",1.18814671140662,3.47861342961343,9.46763526540697,7.06953108293515e-07,0.000194879198798696,6.42999704714611,174,84.02,181.13,204.86,243.54,446.15,397.8,472.01,503.21,443.73
"828","TRINITY_DN152597_c0_g1",1.14305805978924,0.0947441976044498,4.16004965287651,0.00135532416509395,0.0149523953093124,-0.777095794155914,24,10,14,15,30,53,38,41,50,25
"829","TRINITY_DN15265_c1_g1",1.51333491782777,-0.800033765581237,4.10408112955026,0.00149670173217735,0.0159724090871029,-0.857931643038193,11.81,2,9.43,16.26,8.07,36.41,14.82,29.4,24.25,21.84
"830","TRINITY_DN15269_c1_g2",-4.82521371288777,-1.84249426584538,-6.6012037491287,2.68071641051974e-05,0.00139686815963521,0.841400346749948,39.57,20.9,39.8,31.34,50.69,5.04,0,0,0,3.04
"831","TRINITY_DN15271_c0_g1",-1.13636475128956,0.596877457109412,-3.28073341692555,0.00666589976376239,0.0422073398905661,-2.34503981468651,65.82,25,94.94,26.85,84.45,30.86,18.58,18.81,50.44,20.04
"832","TRINITY_DN152728_c0_g1",-1.99000133947805,-0.79023825648716,-5.42724499900298,0.000159573295959708,0.00392719485010764,0.998224130790038,26,10,44,26,43,9,3,8,7,9
"833","TRINITY_DN152798_c0_g1",-2.06979208471017,-0.763752231028845,-5.33874520773501,0.000183971236794259,0.00430623803243818,0.877990052691402,45.85,12,35.62,35.31,24.45,6.05,3.08,14.36,6.15,6.25
"834","TRINITY_DN15289_c2_g1",-1.18207455914328,-0.528709832093834,-3.89258975572298,0.00218426119074301,0.0204354181827272,-1.18683869722618,41.95,8,23.14,34.88,28.46,8,8.3,16.29,14.68,10.94
"835","TRINITY_DN15291_c0_g1",1.90101611809164,0.395575650332461,3.2319783805207,0.00729287645072083,0.0447057018841566,-2.3685781118761,22.01,4,29,8,40,45,21,109,168.13,85
"836","TRINITY_DN15294_c0_g1",-2.10001568284444,-0.426110819759217,-4.11832654241603,0.00145932716105139,0.015679577786776,-0.822943037316008,60.14,8,27.06,62.3,62.74,17.5,5.43,3.3,20.02,6.01
"837","TRINITY_DN1531_c8_g1",-2.9757327500818,-2.47163465617363,-4.04524572382527,0.00166187472981354,0.0170772908664548,-1.50013765540897,21.1,9,12.76,11.54,11.59,1.11,2.31,0,0,3.25
"838","TRINITY_DN153122_c0_g1",-1.6199212628234,-1.01008862941914,-3.63879415883732,0.0034579096202525,0.0276261726860065,-1.58911685660938,32.47,7,25.38,16.21,27.14,11.9,8.3,8.66,2.48,7.74
"839","TRINITY_DN15315_c0_g1",1.00057777537773,1.04928151209966,4.02165739866292,0.00173329060800949,0.01751959870083,-1.10970665638936,38,29,36,35,38,91,74,87,66,62
"840","TRINITY_DN153365_c0_g1",-1.58212251371318,-1.64184164672844,-3.17607475226946,0.00808549523584924,0.0477992493847026,-2.3375849720284,11.9,7,23.76,10.52,21.07,4.16,1.19,5.36,5.21,5.31
"841","TRINITY_DN15338_c0_g1",-1.60007804283663,0.982331848855231,-7.26150170533757,1.06610836674102e-05,0.000809782990836756,3.76179121624532,127.18,38,83.61,81.88,91.65,28.65,15.55,31.01,48.8,26.94
"842","TRINITY_DN153400_c0_g1",-1.40311738073499,-0.00419210854946455,-5.26409419754466,0.000207607440743132,0.00462959344565074,0.96286600657776,44,19,38,41,59,12,15,19,23,9
"843","TRINITY_DN15343_c0_g1",3.22201923735005,-1.47770064948544,3.14479767685427,0.008566284171008,0.0496341292100406,-2.41928588397317,0,16,0,48.61,1.81,28.9,21.73,21.75,20.56,26.75
"844","TRINITY_DN153484_c0_g1",-1.13446311151338,-0.0102815306208832,-3.67627424536231,0.00322996007117818,0.0264380527194366,-1.58737997273768,70,13,25,38,48,18,12,14,21,20
"845","TRINITY_DN15361_c0_g1",-1.3155276898819,2.07851466464047,-4.94818698266351,0.000349246468230164,0.00635768600243991,0.337170064139096,256.81,69,184.51,102.61,229.55,72.46,47.14,65.3,143.76,54.15
"846","TRINITY_DN153611_c0_g1",-1.14679350622956,0.714502575336887,-5.05111881787155,0.00029435260875668,0.00574574162542407,0.632287969365855,85,28,64,49,75,23,17,33,49,25
"847","TRINITY_DN15362_c1_g1",-1.84485978760879,-0.74407730270206,-3.92203279914788,0.00207170767006882,0.0197748964618039,-1.14158387251089,38.24,14,34.33,15.5,45.89,5.26,13.97,4.26,18.25,3.11
"848","TRINITY_DN153638_c0_g1",-1.3634722465905,-0.711270593627354,-3.5409260418258,0.0041339972249442,0.0310500602106836,-1.74986186555393,37,8,40,14,32,13,4,7,10,17
"849","TRINITY_DN153721_c0_g1",-1.25688582531743,-1.27272529083829,-3.54158851997165,0.00412899325122471,0.0310431115641816,-1.74854502779774,18.14,5,20,19,19.11,10,6,3.07,8,6.05
"850","TRINITY_DN153869_c0_g1",-1.91857043901002,-1.32930142348707,-4.24413229096042,0.00116842004267309,0.0136513908788983,-0.784795600862184,32.03,7,21,16,26.56,12,1,7,7,2
"851","TRINITY_DN15389_c0_g1",-1.19544539784639,3.16750196508062,-5.1893310116553,0.000234506880898975,0.00497605872225083,0.576879418300344,463.77,157,464.26,205.91,407.72,160.14,96.06,170.68,270.02,142.67
"852","TRINITY_DN15406_c0_g1",1.07866154190642,0.447528849389801,3.91418718512152,0.00210110219711624,0.0199291641271173,-1.22164123581975,26,15,34,24,19,76,48,41,60,35
"853","TRINITY_DN15407_c0_g1",1.34430801375005,-1.04751714459959,3.29356824384281,0.00651010776049906,0.0416088815508282,-2.13428351119319,6,8,8,8,13,25,20,17,17,12
"854","TRINITY_DN154283_c0_g1",-1.17741418030043,-0.277343775432455,-3.39589993000644,0.00539285593284175,0.0371176462029365,-2.03289723299535,32,21,29,22,51,9,19,13,18,10
"855","TRINITY_DN15429_c0_g1",-1.0764723135214,2.35675985500964,-6.91704990745274,1.71264502572571e-05,0.00108575364526192,3.31257531577497,196.23,56.86,224.85,218.89,226.37,105.31,66.11,116.91,130.75,72.74
"856","TRINITY_DN1543_c0_g1",2.2475785645711,3.53306138049289,6.17495779913991,5.0117166301637e-05,0.0019926817674137,2.13773156252957,234.57,94,145.54,75.26,115.77,789.29,379.14,1031.07,512.84,815.68
"857","TRINITY_DN154314_c0_g1",-2.5378516201766,-1.32924773164022,-4.22539847996219,0.0012076087243273,0.0139274231433997,-0.891426902074772,28,9,51.99,13,32,2,2,4,8,4
"858","TRINITY_DN15434_c2_g1",1.25837488157534,1.18225196408081,4.51974807878145,0.000722705901711315,0.0100319823043302,-0.26833478917687,32.75,18,34,46,51,82,86,110.69,74.73,120.66
"859","TRINITY_DN154377_c0_g1",2.01524847930268,-0.834134195345602,4.00939378578491,0.00177166595843656,0.0177938890048049,-1.01409418488825,4.07,7,8.89,12.35,9.57,43.76,27.41,21.41,36.49,12.88
"860","TRINITY_DN15440_c0_g1",1.33761051000741,0.79169245970803,3.81668260427545,0.00250443096145325,0.022382921263253,-1.42506777874203,36,16,31,29,23.99,85,24.86,95.26,107.99,77
"861","TRINITY_DN15444_c0_g3",-1.744181217768,-0.734313688890972,-4.1466105618036,0.00138795802096738,0.0151892957694387,-0.787315607156795,37.35,4.56,37.81,37.05,34.18,3.78,3.32,11.25,16.16,12.14
"862","TRINITY_DN154443_c0_g1",-2.46539934035392,-0.387231421385234,-6.92562636208287,1.69224073372516e-05,0.00107724207037176,2.91843591377237,60.78,12,57.72,34.2,67.94,14.06,3.87,7.96,6.72,10.37
"863","TRINITY_DN15460_c0_g1",-1.15475343440227,-0.535977628298624,-3.44496346242442,0.00492831705178417,0.0349821913787976,-1.92454507526189,41.4,10,21.07,21.96,39.81,12.33,5.04,7.76,16.84,18.48
"864","TRINITY_DN154696_c0_g1",-1.47988411209595,-0.846623494448838,-3.85534691996935,0.00233571853016435,0.0213636420975541,-1.24410195969382,27,8,18.04,29,40.89,10.83,3,6,11,12.02
"865","TRINITY_DN15478_c0_g1",-1.57737361698739,-0.0308054773020221,-6.57727636971218,2.77474980355165e-05,0.00141882102842708,2.75777523003817,45.59,16,58.62,45.56,47.03,15.27,9.93,10.99,25.01,12
"866","TRINITY_DN15479_c1_g1",1.43526145200947,1.86364791524586,4.8850284829992,0.000388163102117754,0.00678220012155266,0.270236834091524,113.96,9.1,64.63,42.58,84.53,147.68,160.07,204.65,265.58,106.76
"867","TRINITY_DN15495_c3_g1",-2.01615832054783,-1.02864746343981,-3.3257670915751,0.00613530047753524,0.04017418174834,-2.08206506050049,36.91,10.51,34.49,12.06,38.58,1,4.97,3,19.26,11.95
"868","TRINITY_DN15503_c0_g1",1.58651703996003,2.96576903034881,6.6607901981109,2.4609729694053e-05,0.00132078845727765,2.91027956714556,122.55,20,244.31,100.35,141.9,442.21,278.24,342.53,502.72,379.71
"869","TRINITY_DN15507_c0_g1",-1.50021423152976,2.7864052887485,-8.02570959573721,3.92142209821131e-06,0.000493781036396344,4.75563928972045,300.95,114,405.99,315,279,145,117.86,108.96,143.96,60.9
"870","TRINITY_DN15507_c0_g2",-1.19014879523838,1.8822126402372,-3.80609428884524,0.00255278547945382,0.022641395832421,-1.6148341883104,136,54,182,183,126,89,96,94,52,27
"871","TRINITY_DN15518_c0_g1",1.63510654545262,1.08665706355002,4.35442380732554,0.000962986796122653,0.0120005062940427,-0.526298391399258,30,8,41,51,29.89,64.1,173,108,92.39,107
"872","TRINITY_DN15520_c0_g1",-2.31667746040212,0.956849706992232,-6.67473764880932,2.41235894638021e-05,0.00131264272495101,2.9920083428657,161,52,136,64,133,28,14,18,55,11
"873","TRINITY_DN15527_c0_g1",-1.21648376953469,0.208954156207168,-4.68049411408745,0.000548551695504488,0.00840960848785515,0.0627073113594339,80.24,17,49.22,38.93,39.66,19.91,19.94,21.48,20.63,14.05
"874","TRINITY_DN15529_c0_g1",1.60566655970606,-1.39571775864132,3.38379593269016,0.00551415251765471,0.037589742731303,-2.00815870240631,6.47,1,5.53,8.56,10.07,15.74,6.89,26.94,26.17,12.55
"875","TRINITY_DN15532_c1_g1",-1.12311421002086,-0.0193608239993106,-3.76238520250095,0.00276277910441115,0.0238541169619234,-1.43978741738088,48.01,20,57.46,30,27.99,22.33,11,16.01,16.98,16.51
"876","TRINITY_DN155503_c0_g1",-2.34109371346358,-1.79509809708088,-4.01971709758012,0.00173930452528577,0.0175631358671048,-1.32148017140455,27,6,15,24,14,1,3,2,6,3
"877","TRINITY_DN155541_c0_g1",-1.55132340731668,-1.07362314289492,-4.88592079155243,0.000387582685411557,0.00678042687267719,0.234435181039362,33,5,24,19,26,8,6,8,8,4
"878","TRINITY_DN15563_c1_g2",1.41188645157249,0.507214383580929,4.17211236275007,0.0013267098759911,0.0147473773938251,-0.785519609640778,34.9,20.5,14.63,20.33,21.2,43.26,71.88,73.09,53.72,54.67
"879","TRINITY_DN15563_c2_g1",1.74901139112166,-0.621239681290273,5.41100973772698,0.000163779529897711,0.00398308720445996,1.042451485875,17,2,12,9,9,24,22,35,47,32
"880","TRINITY_DN15565_c0_g1",-1.21414493593878,-0.650363476557429,-3.67548518750213,0.00323459678819246,0.0264577934133405,-1.53388813506224,35,15,32,21,19,8,10,8,14,10
"881","TRINITY_DN15566_c2_g1",1.12759595880133,0.188562514360226,4.32678519361001,0.00101065967487798,0.0123699800302938,-0.506616494529688,20.47,5.69,24.17,27.58,22.61,47.76,45.05,58.63,49.43,28.1
"882","TRINITY_DN15567_c0_g1",-3.31988187938971,-1.78241266039071,-5.1342746816739,0.000256648352423928,0.00526466047984272,-0.329961757937938,31,13,25,18,27,1,0,5,2,5
"883","TRINITY_DN15574_c0_g2",-3.06217612875628,-0.605724044336381,-5.89378378187912,7.67618658306812e-05,0.00257124378319225,1.47897869518712,80,8,71,39,63,3,11,7,8,3
"884","TRINITY_DN15590_c0_g1",1.96615034434237,1.58634129727417,9.76344743786467,5.10092297992325e-07,0.000171180321828424,6.59636103537104,39,13,63,46,35,190,159,141,183,142
"885","TRINITY_DN155910_c0_g1",-1.29387927207803,-0.786746923832801,-3.72545069635582,0.00295402872846204,0.0249870364280924,-1.44862922258074,21.41,12.02,29.75,23.52,26.65,5.09,9.21,7.17,18.41,6.15
"886","TRINITY_DN15595_c0_g1",-1.4125725505863,1.290732815486,-4.25014229998947,0.00115612949902561,0.0135694134776342,-0.741873622494075,85,44,158,123.05,83,35.02,35.17,34,28.01,76
"887","TRINITY_DN15597_c0_g1",1.02513675857371,3.6767752598077,4.48202861260107,0.000771384400536771,0.0104308846760935,-0.720337372891207,234.01,130,352,126,269,520,402,358,664,545
"888","TRINITY_DN156055_c0_g1",1.85297199699262,-0.24048311609108,4.89234251578161,0.000383432321746456,0.00673361368318508,0.379364153686043,19.15,3.01,7.59,10.1,22.44,63.41,42.46,24.79,55.43,35.32
"889","TRINITY_DN15610_c0_g2",3.36918470667687,0.963682781897167,15.4639008462099,3.1876777125236e-09,9.81228793837299e-06,9.82060411777011,20.18,8,20.66,15.11,13.35,183.98,162.77,150.79,190.33,146.27
"890","TRINITY_DN15626_c1_g1",-1.80738151897212,1.83626333411,-6.35218770274982,3.85216280193355e-05,0.00170756172788078,2.55157483091226,241.16,83,127.1,130.82,240.93,38.06,61.15,53.08,73.44,32.16
"891","TRINITY_DN156292_c0_g1",-1.56014587727105,-0.344375649788514,-3.41338977758169,0.00522235843996593,0.0363016080340768,-1.98895376710604,34.44,15.02,29.18,22.98,74.2,18.83,15.23,7.47,6.22,14.87
"892","TRINITY_DN15656_c2_g1",-1.87531526883551,-0.0052592868966375,-5.35109991284616,0.000180341306729399,0.0042605897887433,1.08670427993069,97,9,58.99,47.29,51.7,22,12.2,9,17.75,9.13
"893","TRINITY_DN15683_c0_g1",1.2703025541485,2.78527307816277,6.171545511028,5.03738489128207e-05,0.00199900138133872,2.19923895630983,220.87,25.32,144.91,90.43,111.8,290.52,235.71,347.35,349.78,285.85
"894","TRINITY_DN15707_c0_g1",-1.40790764192689,0.154873554281905,-4.65203589048323,0.000575850148289151,0.0086556949748195,0.0198149467065631,56,14,40,49,80,22,7,21,30,13
"895","TRINITY_DN1571_c0_g2",1.58624797317216,3.22760308489924,3.92960557473005,0.00204373748606135,0.0196231849306976,-1.60740501057674,136.35,33.94,151.75,172.82,191.58,886.35,681.32,278.37,439.69,243.84
"896","TRINITY_DN15710_c0_g3",-1.79840772680688,2.7992263518672,-8.10903362045267,3.53069802327377e-06,0.000465840900728865,4.86162707163446,398.34,115.59,375.19,244.22,499.7,133.39,56.17,96.07,168.11,81.82
"897","TRINITY_DN157152_c0_g1",-1.3121337378385,-1.168286679411,-3.16967832772112,0.00818155803978664,0.0481900694117056,-2.32530819393228,30,9,12,16,24,6,10,7,7,4
"898","TRINITY_DN15717_c0_g1",-2.66085479586213,-1.78377668874457,-4.40127834778311,0.000887440939934195,0.0113641026874858,-0.942154231823381,24,7,13,24,28,5,2,2,3,1
"899","TRINITY_DN15726_c0_g1",1.32819603480486,-0.404520582991167,4.32205328708847,0.00101906456738922,0.0124466503791435,-0.497551406673897,19.16,4,15.03,14.9,10.15,31.97,33.74,32.01,43.58,17.51
"900","TRINITY_DN15727_c0_g1",-1.6250099318553,-0.23462727875759,-5.58583084203526,0.000124004231212784,0.00336520321079147,1.40046897174616,59.24,16.01,34.92,28.82,47.29,10.93,9.92,8.84,14.13,17.58
"901","TRINITY_DN15740_c0_g3",-1.08402141049867,1.05466674894364,-3.78711595158593,0.0026418722043712,0.0231140518324452,-1.52089001935386,57.18,29.36,126.91,67.7,109.18,39.23,18.87,42.84,53.9,37.94
"902","TRINITY_DN157408_c0_g1",1.08155535240454,-0.375499026360298,3.2313633069788,0.00730115572716518,0.0447230715622459,-2.29415282213107,23.65,2,10.6,11.66,29.59,27.11,21.91,27.92,53.45,26.08
"903","TRINITY_DN157592_c0_g1",-2.38069665390416,-1.83059925292478,-3.81812834904318,0.00249790204772765,0.0223407380711308,-1.60152315745304,26.99,11,16.67,14.66,12.06,4.19,1.12,2.19,1.33,4.01
"904","TRINITY_DN15762_c0_g1",-1.81945028143247,-0.99978816163986,-4.66063327831139,0.000567456509227003,0.0085943842363868,-0.0945486579544665,29.48,12.32,26.7,16.03,33.54,8.39,4.99,2.66,9.1,7.04
"905","TRINITY_DN15765_c2_g1",-1.96865115586056,1.63360711452062,-7.17180346630179,1.20444400936479e-05,0.00086850566336239,3.68084853663243,208.04,45.16,114.27,175.65,235.1,46.63,34.55,35.59,40.98,52.65
"906","TRINITY_DN157665_c0_g1",-2.32824525662223,-1.85041725382953,-3.33426774861079,0.0060400495565781,0.0398249845189092,-2.21500811802409,20.01,7,14.01,32.96,12,4.96,2.01,2.97,3,1
"907","TRINITY_DN15786_c0_g1",-1.77211275533051,-0.629115883013435,-3.55928563909643,0.003997584278033,0.0303731800172243,-1.71523481721634,32,20,53,37,17,7,5,7,17,6
"908","TRINITY_DN1579_c0_g1",2.2377178503914,4.64576520543835,5.83680546940622,8.38008935500241e-05,0.00269788194730286,1.46189903827763,542.4,175.87,238.56,138.84,412.87,1477.57,1349.84,2048.98,2373.49,623.11
"909","TRINITY_DN15795_c1_g1",1.35239976801547,-1.18861029740642,3.42536289099992,0.00510880939578946,0.035790457523067,-1.92727092580379,11,2,9,6,9,18,26,19,18,10
"910","TRINITY_DN15799_c0_g1",1.79310012645612,-0.849421779446794,3.86772572580453,0.00228421202817606,0.0210424257348361,-1.22813939269045,5.09,6,12.64,16.71,6.15,28.69,12.28,27.29,33.3,23.54
"911","TRINITY_DN158189_c0_g1",1.44395396594713,-1.47829613139462,3.29792518107292,0.00645806455746536,0.0414073556298435,-2.13802617090986,7,2,6,4,13,13,10,21,22.52,9
"912","TRINITY_DN15824_c0_g3",1.70144819105435,2.97947569837191,5.73729941549241,9.77833087531981e-05,0.00293968383818651,1.51333108965826,220.13,45,129.87,119.91,61.01,488.44,370.48,257.57,459.28,388
"913","TRINITY_DN15827_c0_g1",1.57152585226018,-0.99005088225865,4.0462558731622,0.0016588852174837,0.0170579257967,-0.967361114225705,12.26,2.64,7,5.48,12.76,20.01,19.91,24.06,39.76,11.87
"914","TRINITY_DN15827_c0_g2",1.63846818464566,-0.76182287903196,3.8997220519383,0.00215643010003255,0.0202795074347868,-1.17412592201879,16.23,5,10.12,3.33,13.87,40.95,23.49,23.79,34.03,14.37
"915","TRINITY_DN158409_c0_g1",-3.98594147815991,-2.07063599747911,-4.28989052392323,0.00107815245603289,0.0129470552032514,-1.1985588978055,37.02,7.01,40.55,9.86,41.56,0,0,2.18,5.37,1.1
"916","TRINITY_DN15841_c0_g1",1.11921777636278,-0.987696425209324,3.69717649304184,0.00310958209147472,0.0257766780754975,-1.49424863183267,11.8,4,11.89,9.78,8.15,17.88,13.68,21.29,19.78,18.51
"917","TRINITY_DN15845_c0_g1",1.26538962803136,4.10781699045742,6.65550303708677,2.4796730819696e-05,0.00132566972697367,2.75561742658503,393.41,135,338.18,183.37,309.84,755.97,576.48,534.86,1037.34,769.05
"918","TRINITY_DN15847_c0_g1",-1.21137684580528,2.57577947474003,-6.48334692217496,3.1792304459421e-05,0.0015277130083738,2.67760047688217,232.24,83,328.88,283.86,188.72,108.87,102.64,110.88,106.06,101.26
"919","TRINITY_DN158489_c0_g1",-1.76022517470323,-0.881880464130108,-3.82049656558193,0.00248724510231833,0.0222809242097711,-1.30393323300461,44.1,11,26.65,11.26,41,6.06,6.19,6.06,7.13,10
"920","TRINITY_DN15852_c0_g2",1.06837360109588,0.405022345496101,4.17735033512332,0.00131448045760092,0.0146589379259421,-0.771578532859115,16.59,12.01,31.97,24.82,31.43,57.82,34.52,47.9,60.23,48.03
"921","TRINITY_DN15861_c0_g1",-1.15120499428568,1.67872769514419,-6.34205529950334,3.91010269743309e-05,0.00172334776132119,2.5396261785894,131.7,70,123.93,99.62,144.96,63.4,39.25,63.15,70.69,46.04
"922","TRINITY_DN15869_c2_g1",-2.19842754207165,-1.3402782462225,-4.24710061998305,0.00116233290650554,0.0136087829297917,-0.807221807805034,31,7,39,12,26,7,3,7,4,2
"923","TRINITY_DN15870_c0_g1",1.34566035806116,2.55010514852524,9.8307549663699,4.74104629443924e-07,0.000165395551745217,6.81581977575305,83,43,116,100,103,267,219,243,287,238
"924","TRINITY_DN15872_c0_g2",-2.50635679791762,-1.31326828395875,-3.51875647387377,0.00430507198382044,0.0319353177387007,-1.86418824296036,24.92,17,26.76,27.74,25.28,6.58,1.1,0,18.99,5.47
"925","TRINITY_DN158771_c0_g1",-2.71970787109549,-1.28954828930326,-5.82438893646635,8.54236503465633e-05,0.00272591259707829,0.922557227035835,34,10,34,28,28,1,1,8,7,4
"926","TRINITY_DN15884_c2_g2",-2.23453468527222,-1.50167852102553,-3.79202601502862,0.00261852159543771,0.0229965113746392,-1.46868197682583,32.32,3,35.06,20.08,16.15,7.37,1.53,1.13,4.55,9.15
"927","TRINITY_DN1589_c3_g4",-1.70295395994729,0.403857586235521,-4.56128706781221,0.000672787195852626,0.00959872083398982,-0.134483891154233,43.57,26.89,104.54,47.37,87.96,11.89,24.92,16.89,34.62,11.49
"928","TRINITY_DN15894_c0_g1",2.80755274344378,-1.71835630171595,3.98576354899254,0.00184810513652596,0.018321398791402,-1.38659908948396,4,2,4.01,4.06,2.04,36.05,12,16.02,16,25.37
"929","TRINITY_DN15896_c1_g1",-2.05177474312583,2.48304925647949,-7.25781967248047,1.07143989038289e-05,0.000809782990836756,3.77992880315494,270.91,103,278.63,380.43,351.44,123.75,45.64,80.48,46.65,102.56
"930","TRINITY_DN15899_c1_g1",-1.97313621204001,-0.0975506574248907,-6.35668474351779,3.82674038372303e-05,0.00170504551234637,2.4344320292072,68.76,23,59.36,29.61,50.77,8,10,16,16,9
"931","TRINITY_DN15954_c0_g1",-1.07878631393342,4.68072464994805,-6.2035993765756,4.80166069990081e-05,0.00194549176441913,1.99376974765663,1154.39,387,1313.54,653.57,1155.04,409.66,354.35,488.18,769.37,446.7
"932","TRINITY_DN159568_c0_g1",-1.65638774720875,-1.44840551189135,-3.89374670473584,0.00217972160238982,0.0204169805500185,-1.27394552752715,22.14,6.62,14.55,21.03,17.7,4.1,7.64,2.2,6.57,4.43
"933","TRINITY_DN159589_c0_g1",-2.49036132468976,-2.0902501466624,-3.92171936771611,0.00207287380729238,0.0197821899894632,-1.59422636402724,15.38,5,12.51,16.75,23.81,2.28,0,2.4,4.89,3.46
"934","TRINITY_DN159632_c0_g1",2.58077799269966,-1.57886106658618,4.20361717927354,0.0012548929317728,0.014285975064732,-1.0079495352743,3,3,6.07,8,2,22,14.12,21,17,24
"935","TRINITY_DN15964_c0_g1",-2.31993726407591,3.08079798930938,-6.59864818987167,2.69059593805043e-05,0.00140083404707199,2.81751449205032,739,129,544.01,349,753.72,124,31,108,212.73,123
"936","TRINITY_DN15965_c0_g1",-1.03637626171929,-0.412796207296021,-3.29671012787456,0.0064725357473199,0.0414591428760901,-2.19060387946504,30,7,24,42,40,12,15,9,17,14
"937","TRINITY_DN15973_c2_g1",1.19203685931662,0.291657531759898,3.92278233072224,0.0020689217432328,0.019765279658174,-1.18586718978739,49.05,3,19.77,19.11,25.07,53.17,64.93,39.49,59.35,43.86
"938","TRINITY_DN159737_c0_g2",-1.14191715191114,0.497564254761444,-3.78415873397594,0.00265603891008069,0.0231940447772115,-1.45408625841785,66.13,28.66,47.37,43.03,74.07,17.35,16.8,28.31,55.74,14.09
"939","TRINITY_DN15977_c0_g1",-1.41682325580789,0.963603950555337,-5.50812478093407,0.000140252311713174,0.00360250890801147,1.33335730899468,72.38,44.54,112.55,86.67,71.34,45.34,20.91,31.41,29.69,27.56
"940","TRINITY_DN15991_c0_g1",1.18276503318343,0.342234974960508,3.25892764780554,0.00693928438036536,0.0432640278593296,-2.33809612438864,27.98,9,13,45.99,22,62.99,58,46.99,61.98,26.94
"941","TRINITY_DN159949_c0_g1",-1.13115704526801,3.39683804956931,-4.97669015900957,0.000333045528470863,0.00617749933674343,0.18148390176313,503.99,195.21,414.09,295.33,475.98,271.65,131.67,312.2,194.29,115.39
"942","TRINITY_DN16009_c0_g1",1.12835068831666,0.448247283703307,3.94046971450343,0.00200428913590299,0.0193621174631265,-1.17112253783239,26.5,2,34.74,28.13,41.68,74.64,45.27,57.6,75.9,40.26
"943","TRINITY_DN160098_c0_g1",2.74543297570419,-2.03560979738761,3.9857282932228,0.00184822169255106,0.018321398791402,-1.50631494898638,2.01,5,2.04,1.01,4.02,16.15,11,19.08,25.66,9.12
"944","TRINITY_DN16024_c1_g2",-1.71804965416165,0.130448816084824,-4.49344340932502,0.00075630237094069,0.0103181968185695,-0.232329963082607,52.29,11.48,60.03,46.05,106.57,16.58,4.22,18.68,30.91,15.77
"945","TRINITY_DN16030_c0_g1",-2.31234607220071,-0.60210919594475,-4.63388714317699,0.000593997750020827,0.00884877516725839,-0.0828777815346697,53.33,20,32.85,23.49,65.03,5,4.23,9.68,20.63,2.06
"946","TRINITY_DN16064_c0_g1",-1.75958342806527,2.45204142679647,-9.0269033711622,1.16719022605946e-06,0.000247897546347121,5.94491885914039,318.96,109,268.86,189.95,345.86,73.37,49.4,96,124,69.78
"947","TRINITY_DN16079_c1_g1",-5.37325749988696,-2.33299873312109,-6.47981507230327,3.19561285420064e-05,0.00153200855994706,0.746663456024883,56,23,32,28,23,0,0,0,0,2
"948","TRINITY_DN16079_c1_g4",1.62298700662015,1.79167616493898,6.48791272807628,3.15818428394101e-05,0.00152233851026378,2.74774791233164,47.53,20,58.98,90.4,39.3,196.19,165.52,176.97,160.65,126.61
"949","TRINITY_DN16102_c4_g1",1.19165374309154,0.519930897697248,4.08516291062819,0.00154787392631528,0.0163241877373383,-0.932748215632976,55.72,4.63,35.45,24.91,17.31,72.16,46.46,61.58,72.63,49.55
"950","TRINITY_DN16118_c1_g1",1.11563544237149,-0.339860733081726,4.03638873402388,0.00168832654732751,0.0172400247453597,-0.958642869987377,17.29,6.42,19.02,9.72,16.94,20.18,28.31,32.09,41.5,27.86
"951","TRINITY_DN16119_c0_g1",-2.35254782003952,-1.36875778537444,-4.94413957563749,0.000351613199109633,0.00637820558713913,0.0279304411412475,31.74,7,32.96,20.06,22.75,1.13,4.9,7.03,7.6,1.06
"952","TRINITY_DN16121_c0_g1",-1.51394869322184,0.906900552143982,-4.74903660721022,0.00048821300519196,0.00782001988186593,0.13715788010125,116,23,99.35,69.88,96,42.18,10.31,17.19,60,38.39
"953","TRINITY_DN16125_c0_g1",2.07109530791795,-1.43520736857076,4.28201631129007,0.00109315402766126,0.0130611600038753,-0.784017856896654,8.13,1,5,11.85,3,16,14,17.39,27.9,18.9
"954","TRINITY_DN16127_c2_g1",-1.30487156769006,-0.0659251694465573,-5.80425811934292,8.8125694680306e-05,0.00277490331214663,1.73664593748372,55.51,15,45.79,32.94,40.09,15.76,8.54,15.66,21.71,15.23
"955","TRINITY_DN16131_c0_g1",-1.44030388995875,0.000957688804039691,-4.0154288499819,0.0017526724709944,0.0176634600520585,-1.01369763596143,98,8,46,35,50,21,8,14,27,13
"956","TRINITY_DN16142_c0_g1",1.03812259243952,3.92291863805861,6.76353998346552,2.12585416701576e-05,0.0012324689522252,2.93142662459203,302.33,116.21,268.84,308.38,267.17,565.62,503.52,643.96,537.82,694.82
"957","TRINITY_DN16150_c0_g1",-1.21028906551899,1.80749262259007,-7.37619503212259,9.13440847202247e-06,0.000758106793454897,3.9496911967676,175.45,47.28,148.52,145.7,132.58,49.54,49.49,68.9,74.09,68.96
"958","TRINITY_DN161638_c0_g1",-3.42614350090473,-1.02586849384631,-4.09233071750917,0.00152827576722205,0.0161921709118784,-1.07494541335958,75,6,79.33,20,71.68,4,1,4,8,3
"959","TRINITY_DN1618_c0_g1",1.378536321045,1.41857276941039,5.21861953749049,0.000223556055387969,0.00484695902671921,0.858223920900644,58.13,8,46.37,68.15,44.43,94.31,117.82,158.84,119.23,120.7
"960","TRINITY_DN16182_c2_g1",-2.1085207007507,-1.83386371619809,-4.16089810766245,0.00135329075933282,0.014943674429006,-1.13437440203759,26.81,6,18,12,15,2,2,2,8.49,2
"961","TRINITY_DN16185_c0_g1",1.30759892690635,0.588339051575178,3.16605313328986,0.0082365117462086,0.048404694708755,-2.53270763415048,28.02,13,32.07,29.6,17.25,99.62,98.92,28.58,60.61,50.12
"962","TRINITY_DN16185_c1_g1",-4.79749581132137,-1.0891815955148,-4.16977687497199,0.00133220065295776,0.0147871159300442,-1.27968865567312,59.25,56,114.6,38.2,49.19,1,5.59,6.7,1.01,0
"963","TRINITY_DN16188_c1_g1",1.22677531188575,-1.07241938457858,3.34391589210675,0.00593375596577386,0.0393848826587772,-2.05333161227435,7,4,11.49,7,14,20.98,16.96,12.99,26.91,13.99
"964","TRINITY_DN16211_c0_g1",-1.6266584149229,2.0953623351371,-3.4130884219495,0.00522524927458176,0.0363016080340768,-2.3465646836476,134.48,80.25,405.63,146.28,223.73,237.82,49.12,70.2,55.65,22.64
"965","TRINITY_DN16222_c0_g1",-1.05438218895656,6.14746012532001,-4.80913315505835,0.000441024449818968,0.00733235803107744,-0.459774268814691,4303.51,1636.55,2210.6,2185.69,2108.58,1388.45,1159.96,1590.03,1316.6,1122.1
"966","TRINITY_DN16222_c1_g1",-1.00920275388709,0.76790815784103,-4.14579650342158,0.00138996075298944,0.0152016738475176,-0.864372764381939,56.27,32,58.8,78.73,68,31,36,22.96,38,26
"967","TRINITY_DN16225_c0_g3",1.09741160056969,-0.921886683531505,3.64474653778458,0.00342063583773792,0.0274393135196906,-1.57695260481761,15.99,2,9.77,7.5,13.05,16.03,21.01,18.81,24.23,19.05
"968","TRINITY_DN16231_c3_g1",-2.56259403106647,-2.04173280849707,-3.96227444696551,0.00192746786517847,0.0188288697577978,-1.55486309439442,15,12,22,14,13,1,1,1,4,3
"969","TRINITY_DN16233_c0_g1",1.17064538389632,2.43962669322953,5.68784242328698,0.00010563258519437,0.00308689108877518,1.48926967701148,130.21,59.88,64.03,78.64,109.6,249.56,177.73,221.87,269.15,171.04
"970","TRINITY_DN162351_c0_g1",-2.77759223321404,-2.53246340952657,-3.86217451614153,0.002307163633961,0.0211932897042696,-1.7118299007153,12.82,9,12.5,12.6,11.56,0,1.02,5.2,0,1.03
"971","TRINITY_DN16237_c2_g2",-1.24698193427176,-0.917133013014777,-3.23890287802511,0.00720032021693252,0.0443806521017318,-2.22671437043193,23.58,10.65,25.38,13.77,33.34,8.21,3.24,4.99,18.77,9.49
"972","TRINITY_DN16245_c0_g3",1.38431309566006,1.33111894277506,7.00842677242115,1.5080628572333e-05,0.0010045292913532,3.46008480757149,47.14,20,42.02,27,57.2,98.38,104.8,124.07,119.41,96.33
"973","TRINITY_DN16258_c0_g1",-1.20304937147084,1.16967512814023,-4.36888583982622,0.000938979870810913,0.0117893715052526,-0.527435057723854,126,28,121,50,121,39,22,47,64,33
"974","TRINITY_DN16264_c1_g1",-1.10177747965445,1.09908376927655,-3.90288808709594,0.00214419322833802,0.0202213310221098,-1.32356742784695,83.87,34.9,77.9,77.06,110.89,61.5,12.86,36.41,51.07,45.62
"975","TRINITY_DN16269_c1_g1",1.70066990454102,-0.796572894848047,3.81449837908729,0.00251432812944236,0.0224421412744733,-1.30778332190588,6,9,7.88,6.67,19.05,24.64,24.01,27.61,38.8,12.22
"976","TRINITY_DN16288_c1_g1",1.34000545379316,-0.120908869872082,4.52490311930083,0.000716306337893395,0.00998364553746497,-0.175925031097023,17.05,1,21.91,15,26.49,59.27,27.26,37.23,47.29,39.52
"977","TRINITY_DN1629_c2_g2",1.75846007994223,-1.52567185771341,3.6301112938117,0.00351302889505503,0.0278794267712948,-1.6867270077524,4.57,0,9,5,11.44,18,10,12.43,30.06,16.86
"978","TRINITY_DN16297_c2_g1",1.07461412760308,0.106435012630137,3.75408862268578,0.00280460219467326,0.0241061492645719,-1.45897900877431,23.12,5,24.81,25.84,18.95,71.67,27.31,38.23,53.93,28.25
"979","TRINITY_DN16352_c1_g1",1.66045285003216,-0.194204421363066,5.20347474890572,0.000229149770953358,0.00491935349039592,0.850621371525881,17.27,5,25.62,10,10.15,55.92,24.24,42.39,51.81,33.92
"980","TRINITY_DN1636_c1_g2",1.16760486873514,2.38855138294786,6.91435025747029,1.71912191146024e-05,0.00108651320152351,3.30994395905522,135.7,41.81,104.13,58.52,92.31,220.15,185.46,229.41,259.47,172.33
"981","TRINITY_DN1639_c5_g1",-1.50371522041857,-0.286660977288546,-4.65166219993162,0.00057621791292189,0.0086570081963749,0.0211338836035537,34,11,42,57,36.01,22,9,11,12,9
"982","TRINITY_DN16402_c1_g1",2.26509371838544,-0.334025188353905,3.65742123619073,0.00334263157447573,0.0269960799695694,-1.55745919747743,49.01,0,2.63,17.83,12.14,46.53,34.08,69.11,45.64,63.64
"983","TRINITY_DN16413_c0_g2",-1.96356672089919,-1.06367978094987,-5.32104781532449,0.000189305643668108,0.00437308076513967,0.73354574589766,30,10,31,17,32.75,6,3,3.5,9,8
"984","TRINITY_DN16430_c0_g1",-2.45154484418981,-0.869756445932127,-3.65960419330705,0.00332938198153298,0.0269298766826957,-1.57236885155395,54,13,77,15,29,7,6,7,11,1
"985","TRINITY_DN16436_c0_g1",1.3700967955709,1.3880645534709,6.67399669169872,2.41491568236112e-05,0.00131264272495101,3.01298566620899,53,26,43,36,40,153,88,108,126,87
"986","TRINITY_DN1644_c0_g2",-1.4940439791287,-0.972059635516804,-3.63678579007682,0.00347057963602461,0.0276839363603213,-1.59189479660909,35.9,9,20.95,29.53,17.85,8,5,4,16.18,5.71
"987","TRINITY_DN16451_c0_g1",1.12207588770894,2.58406834173391,5.86092894581268,8.07406970237921e-05,0.0026434658323569,1.74235486976537,85.27,42.03,123.41,121.83,125.15,300.21,178.14,197.15,266.27,273.13
"988","TRINITY_DN16451_c1_g1",2.82848038518796,0.61772085238444,4.70410186175073,0.000526933795219114,0.00820401109107156,0.10232255090829,24,7,48,11,7,82,47,100,248,142
"989","TRINITY_DN16452_c2_g1",-3.15899550979916,2.43736946751708,-9.37295102486154,7.86132947250384e-07,0.000202258905111736,6.29493526408807,623.73,172,367,262,629,28,45,68,59,48
"990","TRINITY_DN16455_c1_g1",-1.56986187293882,4.16212808365139,-6.10370101736979,5.57777775965825e-05,0.00211764035530409,1.91513789117135,597.89,312.52,1225.85,716.27,1042.44,270.41,199.18,178.27,470.98,386.41
"991","TRINITY_DN16456_c1_g1",1.36771874849727,2.16225698388285,4.51249721360466,0.000731808379063554,0.0101091059933817,-0.405829829982253,70.98,23,143.9,55.69,73.26,249.17,134.67,122.15,260.06,272.81
"992","TRINITY_DN16461_c1_g1",3.10194687732563,0.23652102000504,3.25141662891218,0.00703605523593589,0.0436821173043001,-2.27753648275423,0,22.94,62.17,5.14,27.86,45.88,98.36,123.31,70.24,90.05
"993","TRINITY_DN16488_c1_g1",1.14108023648301,-0.297797497340279,4.3318772311257,0.00100169558561431,0.0122992044184753,-0.481705644731178,20.18,1,18.54,16.32,19.61,30.49,25.37,31.67,44.81,36.91
"994","TRINITY_DN16513_c3_g1",-1.08784340729856,3.81073362062203,-8.71691921467053,1.67971303607536e-06,0.000309725664223521,5.53529692286058,595.6,242.9,548.73,522.96,525.63,290.66,192.63,257.44,268.28,307.35
"995","TRINITY_DN16520_c0_g1",-1.60080591345352,-0.527625732651305,-4.8548711130817,0.000408325152015628,0.00701332142103992,0.304536989350852,45,14,32,23,39,12,5,19,11,5
"996","TRINITY_DN16538_c1_g1",-2.90809158878134,0.604208264929611,-3.59639222275377,0.00373574576898289,0.0289849703428194,-1.74954646475529,184.38,31,444,41,58,19,11,14,11,18
"997","TRINITY_DN16551_c0_g1",3.97165154405209,2.40520733351622,4.14031574143358,0.00140352261082108,0.0153090821715209,-0.975188516771451,99.59,19,36.85,27,16.32,2676.07,281.96,455.94,360.13,413.82
"998","TRINITY_DN16555_c0_g2",2.25083370513496,-0.888117419126014,3.55131072191328,0.00405626464539178,0.0307067382695353,-1.73246299298385,18.4,3.23,15.99,7.94,1.49,30.48,22.56,27.16,45.32,22.56
"999","TRINITY_DN16573_c0_g1",1.61131217155822,1.80584790503438,8.52532279919292,2.11387702703455e-06,0.000342592332454933,5.34018565211626,63,19,45,63,58,152,189,151,180,161
"1000","TRINITY_DN16575_c0_g1",-1.07953582764929,3.07371358779537,-7.47601780628274,7.99521006824149e-06,0.000711300901482169,4.01783554633816,358.6,91,439.78,312.53,325.04,160.27,121.77,144.49,227.48,157.61
"1001","TRINITY_DN16580_c0_g1",1.24437544542904,1.10472398833376,3.33225708264311,0.00606244307796755,0.0399002062650117,-2.32665616912465,25,28,50,49,27.04,105,37,122,94,93
"1002","TRINITY_DN16586_c0_g1",-1.50462405038733,1.96291451413195,-8.02580825618703,3.92093298050051e-06,0.000493781036396344,4.76588635635249,228.87,67,165.06,139.16,200.88,50.03,41.48,74.05,95.36,56.89
"1003","TRINITY_DN16586_c1_g1",-1.62796210110792,1.01608551967438,-7.26957095577494,1.05452300247444e-05,0.000803885016750517,3.77480174202009,113.45,40,83.13,104.08,89.79,22.78,26.75,22.14,44.39,34.83
"1004","TRINITY_DN16588_c1_g3",-1.60702677721379,1.32869788322243,-5.55588220840274,0.00013001753194608,0.00345304196241142,1.39073135092911,185.51,42.31,118.29,67.85,146.3,29.9,24.67,36.34,73.98,34.54
"1005","TRINITY_DN16597_c0_g2",-1.22805297555192,0.559990254932716,-4.96648912848211,0.000338751119740893,0.00624207822792022,0.505393592735679,73.73,29,66.65,55.4,47.98,28.94,23.46,24.37,19.68,25.74
"1006","TRINITY_DN16597_c1_g1",-1.38436830336931,2.24378361223189,-6.32285013792437,4.02247895154862e-05,0.00175033780283737,2.47484097973844,177,56,240,208,265,87,99,71,63,86
"1007","TRINITY_DN166_c1_g1",1.17967940026663,5.36773832009322,3.92694397526675,0.00205352349334403,0.0196712641431907,-1.95518686938617,737.72,377,1476.39,449.14,536.94,1727.65,1193.61,1073.82,2720,1984.5
"1008","TRINITY_DN16608_c0_g1",-1.117897604422,1.8701392751921,-5.8961952497764,7.64781273137232e-05,0.00256511211589776,1.86676673621996,139,47,191,148,134,76,71,45,76,70
"1009","TRINITY_DN16619_c0_g1",-1.17801823103339,1.97025558101381,-4.78603471944203,0.000458569984206829,0.00752278942210502,0.0782973018479298,204.43,77.28,139.5,113.13,180.83,58.79,66.51,62.42,138.95,41.88
"1010","TRINITY_DN16622_c0_g1",1.61045578047272,3.3404820970266,10.8826783839665,1.58786629077253e-07,9.16479250701441e-05,7.90293685032458,159.08,44.01,201.11,160.86,151.25,605.38,397.21,407.97,557.75,479.25
"1011","TRINITY_DN16623_c1_g1",-1.02021537418219,0.229139473057004,-3.67743112403383,0.00322317425188274,0.0263993319678015,-1.61011050802849,53.01,22,33.75,57,42.91,23,12.32,20.98,35,15
"1012","TRINITY_DN16624_c0_g2",1.9665554978172,-0.516346803208641,5.00842075292884,0.000315934282161036,0.00597582581839398,0.506190667310665,14,4,7,18,7.54,46,37,22.78,38,33.34
"1013","TRINITY_DN16634_c1_g1",-1.06659837921738,1.18418734167465,-3.89033120089315,0.00219315131143387,0.0204968529103101,-1.3584929968895,74.47,32,123.58,62.18,126.91,33.46,23.54,37.11,73.66,49.63
"1014","TRINITY_DN16642_c0_g1",-1.10951408817398,2.39779528453283,-4.26215606537913,0.00113196191604673,0.0133864910250501,-0.895230991183456,273.18,37.2,210.51,178.43,329.09,149.36,59.85,97.5,114.94,97.04
"1015","TRINITY_DN16642_c1_g1",1.43050747834892,1.09782169686204,3.66922755592868,0.003271610728549,0.0266381779785704,-1.72094918777027,17.99,13.63,36.73,45.74,63.67,71.22,67.78,98.11,93.48,163.09
"1016","TRINITY_DN16644_c0_g1",1.97817676983461,0.676728346055613,7.30748675720591,1.00185668748126e-05,0.000784227840019121,3.75860045040859,16.91,9,32,18,29.42,96.07,60.01,81.98,138.01,60
"1017","TRINITY_DN16658_c0_g1",1.55033630087709,1.6355681260418,7.48667402067002,7.8828850547835e-06,0.00070339940225834,4.08514054759239,62.4,8,57.51,49.16,69.77,152.21,122.64,134.43,217.61,135.71
"1018","TRINITY_DN16669_c3_g1",3.22769277249052,-0.638550474413419,5.34161104288198,0.000183122421361032,0.00429450940911546,0.663122488447508,5.78,0,8,20,5.08,40.24,76.69,68.06,57.65,35.85
"1019","TRINITY_DN16672_c0_g1",1.09227251169487,0.320097766468384,3.32424071682641,0.00615256428471421,0.0402317631528681,-2.22267594452867,25.82,7.18,15.94,51.46,20.69,61.87,41.75,37.78,51.42,48.48
"1020","TRINITY_DN16674_c1_g1",1.46415845797609,2.28478141025255,4.62946791210491,0.000598506545587891,0.00889234412342664,-0.221101429377268,78,22,55,138,98,256,183,347,265,117
"1021","TRINITY_DN16674_c1_g2",1.289049917409,-0.53378229017742,3.45013142685248,0.00488181795456328,0.0347564274251554,-1.90528227914583,21.31,1,7.86,11.89,23.3,22.77,37.2,27.54,40.14,22.29
"1022","TRINITY_DN16674_c1_g3",1.21436764942188,1.67108239141777,4.18242602577766,0.00130274141618595,0.0145935720291068,-0.912510813073338,41,34,48,82,57,140,96,196,146,82
"1023","TRINITY_DN1668_c1_g1",-1.20964531301398,0.346235602908929,-6.52098822411395,3.01007662356053e-05,0.00147220707342145,2.75356753030485,65.76,17,55.45,47.96,54.02,21.04,20.21,19,25.19,20.84
"1024","TRINITY_DN1670_c1_g1",2.75298243835812,-1.64748072911238,3.42368479756805,0.00512457133299099,0.0358276770956024,-2.07914531042596,1.96,1,15.42,0,10.07,37.72,15.29,22.09,26.74,11.3
"1025","TRINITY_DN16712_c2_g1",-2.97846890293446,-0.227137640150278,-5.45109467546458,0.000153599782465575,0.00383211287583204,1.09813765111101,59.22,15,88.5,78.15,77.02,9,11,1,27.05,5
"1026","TRINITY_DN16713_c1_g1",2.8025867421547,-1.46951422369879,4.29553494695347,0.00106753071871588,0.0128570093269491,-0.899814537341592,4.39,3,5,2,5,33,36.6,22,22.01,12
"1027","TRINITY_DN16715_c0_g1",-1.09908082568721,2.14504172924787,-5.50881438427001,0.000140098617958337,0.00360160506878393,1.23808268847752,203.79,95,133.21,142.15,196.35,77.5,83.06,66.88,97.69,74.46
"1028","TRINITY_DN1672_c5_g1",1.00246449409929,5.00048180239592,5.24447444041549,0.000214336221667751,0.00473301623565876,0.410094408195915,573.18,242.23,616.09,810.28,508.81,1439.14,1260.9,1189.6,969.98,1266.28
"1029","TRINITY_DN16728_c0_g1",1.05168899521921,1.93088027278653,4.68907544568692,0.00054058829462774,0.00835550588652657,-0.0793759097784319,58.87,31,86.36,72.12,75.51,132.44,123.72,104.56,236.18,164.23
"1030","TRINITY_DN16734_c0_g1",1.93162596340826,-0.146269205940329,3.71989132003113,0.00298397089833296,0.0251040181107248,-1.48257761048066,20.9,10,20.24,10.5,6.27,89.39,43.11,36.39,57.23,17.75
"1031","TRINITY_DN16739_c0_g1",-1.26583502494613,-1.02543309930648,-4.31703337971502,0.00102806049613758,0.0125115848790669,-0.549481457793411,21.48,8,24.92,19.12,21.16,7.24,7.35,6.66,8.69,7.44
"1032","TRINITY_DN16743_c1_g2",-1.36058371245944,0.221163053305608,-4.08246679914273,0.00155531277404208,0.016380258088274,-0.91718526080342,63.01,27.24,73.47,36,35.53,30,8,19.43,22.89,15
"1033","TRINITY_DN16748_c0_g1",-1.08827401542263,1.50031339428454,-5.30078543051528,0.000195613978071611,0.00445711140884348,0.973418277030556,136.77,47,126.78,70.02,122.44,59,59,43,58,39
"1034","TRINITY_DN16752_c0_g1",-1.00906875809799,2.34792950757881,-5.18435063453086,0.000236424501357925,0.00500471035647897,0.685403391336256,215.31,52.07,242.17,243.33,157.46,123.37,64.95,93.53,131.8,85.69
"1035","TRINITY_DN16767_c0_g1",-1.43309651761754,0.327068051298705,-4.07241810102631,0.00158336565613156,0.016548690341031,-0.942747366668113,59.73,26,66.05,36.47,60.62,25.63,14.02,25.69,9.25,29.59
"1036","TRINITY_DN16782_c0_g3",-1.9317808775388,-0.5369728650105,-4.01220160867879,0.00176280288893139,0.0177337166480508,-0.992153701404601,56,9,33.76,38.41,43.58,32.82,6,8.41,12.49,1.07
"1037","TRINITY_DN16784_c1_g1",-1.00429844298722,1.32690998346974,-3.65184468787796,0.00337672455442645,0.0271988747229365,-1.80116172010325,86.01,47.38,148.65,69.07,89.23,46.9,37.27,26.98,83.12,48.13
"1038","TRINITY_DN16807_c0_g1",-2.31363629943128,-0.106022771317256,-7.89930224604774,4.60515808836565e-06,0.000536112542598356,4.13403234620566,81.19,22,58.6,37.76,59.94,10.16,5.07,15.52,12.48,8.15
"1039","TRINITY_DN16809_c0_g1",1.00761809264882,4.32643499969291,7.81813279138655,5.11073249625584e-06,0.000559534592515612,4.35269602716376,411.9,156,503.67,325.71,314.62,833.94,720.99,757.09,762.55,748.19
"1040","TRINITY_DN16810_c0_g1",-1.79669905482388,1.76466496320486,-6.2007573408765,4.82208016276561e-05,0.00195125623832757,2.33540339866881,266.06,65,212,110,150,49,33,50,102,28
"1041","TRINITY_DN16810_c0_g2",-2.94910743430949,0.362044544453927,-5.41792684699558,0.000161973319542391,0.00395707562497931,1.18390175873496,180.98,26,67,76,133,3,14,12,39,9
"1042","TRINITY_DN16810_c0_g3",-1.3599582232963,-0.460066009852964,-4.06891068907589,0.00159328010612832,0.016604999439486,-0.901910320965214,53,9,49,22,25,13,12,9,15,8
"1043","TRINITY_DN1682_c11_g1",-4.32714092506891,-2.96895459032765,-7.23325475375326,1.10774589290731e-05,0.000827099073703029,1.107743674457,17.99,4,20.6,11.12,21.86,2,0,0,0,0
"1044","TRINITY_DN16831_c0_g1",1.36527024971644,0.281901515408475,3.38269383844784,0.00552533357968502,0.0376244263209518,-2.11459782956337,10,17,18,32,29,37,36,54,61,56
"1045","TRINITY_DN16835_c0_g1",-1.86258730799087,1.35196306585354,-7.55570402499419,7.19488708736968e-06,0.000665206853884141,4.15544814793933,158.95,43,163.58,86.49,161.21,41.01,21,37,66.12,22
"1046","TRINITY_DN1684_c3_g2",-1.21268476569664,-0.673111588530347,-3.66856882654025,0.00327553228525767,0.0266549245585253,-1.54575624328259,25,6,42.67,26,28.43,15,8.94,6,16,8
"1047","TRINITY_DN16840_c0_g1",1.63723601428688,1.23707362820765,6.70568092710678,2.30811793562503e-05,0.00128464733826417,3.05262670506278,39,21,25,38,42,141,80,84,154,99
"1048","TRINITY_DN16845_c0_g1",1.87195499869254,1.52027616952283,7.57719739730238,6.99399810435877e-06,0.000657336957945949,4.19040640188663,39.79,16.4,42.34,50.06,38.64,202.74,117.5,102.8,222.22,120.87
"1049","TRINITY_DN16852_c0_g2",-1.30955755936371,1.68418979433235,-5.85165614492838,8.19027647029159e-05,0.00266433820105054,1.81588391442343,159.81,48,97,156.93,161.82,48.93,38.73,49.82,70.93,66
"1050","TRINITY_DN16888_c0_g1",-1.11155023135631,1.71550451263157,-6.15206968675437,5.18658355849014e-05,0.00203308540304022,2.26032798285655,143.12,42,123.41,140.96,136.9,68.6,66.88,66.16,51.34,48.96
"1051","TRINITY_DN16889_c0_g1",-1.04741436386802,0.509544374075266,-4.57380183828843,0.000658463751752857,0.00946214096887024,-0.125446928860176,60.45,27,48.6,57.28,53.31,27.39,27.38,18.81,26.16,25.17
"1052","TRINITY_DN16893_c0_g1",-1.64149871289212,2.85726779502532,-8.65015013126304,1.81903859073184e-06,0.000316399985635239,5.51412607447895,437.27,126.15,366.88,260.04,387.13,120.54,68.63,110.88,207.84,82.08
"1053","TRINITY_DN16900_c0_g2",3.43528506726782,-2.31282523609593,4.14712748032712,0.00138668785966787,0.0151892957694387,-1.36297339924931,0,0,0,3,7,19,29,17,12,12
"1054","TRINITY_DN16900_c0_g3",3.61511323177352,-0.571866966853426,5.02395823005018,0.000307894592062853,0.00589881330148837,0.318966617726706,2,11,2,4,33.87,73.06,53,56.77,52.89,41.9
"1055","TRINITY_DN16915_c0_g1",-2.75929104124235,-1.23826192468299,-6.04188671318751,6.12383938743349e-05,0.0022471520050255,1.18507175819304,33.66,9,32.64,32.3,33.12,5.1,5.9,1.14,7.81,1.11
"1056","TRINITY_DN16916_c0_g1",2.44793874061536,0.759161316122796,3.31151077788921,0.00629847534636579,0.0408227412288648,-2.26192203655182,15.61,4,43.11,14.96,29.6,67.62,40.01,177.12,444.44,62.09
"1057","TRINITY_DN16930_c1_g2",-1.37131720436354,0.798461957437519,-5.63852945749671,0.000114125358326314,0.00320464421370314,1.53335997371499,100.18,25,74.53,77.27,71.28,24.63,23.95,42.22,43.1,14.54
"1058","TRINITY_DN16935_c0_g1",1.60898427860392,0.167431551918244,6.73009152339593,2.22927004442329e-05,0.00126171371863473,2.96673523216528,23.87,3,19.67,17.42,21.48,69.08,33.36,59.98,63.48,48.64
"1059","TRINITY_DN16944_c0_g1",-3.63005429964048,-1.04883245916314,-4.57918162621943,0.000652404648406914,0.00939913257812182,-0.580353130199676,75,19,38,51,41,0,2,3,28,2
"1060","TRINITY_DN16947_c0_g1",1.79854354510068,-0.654096307386231,4.27171759637885,0.00111310263327512,0.0132278409159877,-0.611996672608679,14.04,0,13,5.84,21.7,30.03,19.42,37.67,45.38,43.91
"1061","TRINITY_DN16957_c0_g1",-1.34224152408071,1.51145319192322,-5.01897173614534,0.000310451117529852,0.00592872534487228,0.521065926394996,153.74,38.57,123.54,70.7,198.33,52.04,51.18,39.42,67.56,33.09
"1062","TRINITY_DN1696_c1_g1",-1.0238189399245,1.15435541695311,-3.80073884709664,0.00257760722295604,0.0227732280445113,-1.51144433960774,113.79,42,68,53.88,119.58,46.81,24,46.03,62.01,30.12
"1063","TRINITY_DN16961_c1_g1",-2.60267142912191,-2.04363191701524,-4.03229604190853,0.00170069625384755,0.017312000046584,-1.47581906730166,22.25,9,14,15,15.91,5.01,2,2,4,0
"1064","TRINITY_DN16987_c0_g1",1.0730998544682,1.82272260685542,5.90930616309685,7.49547854899919e-05,0.00253328302924796,1.8930915584081,74,24,61,60,79.06,171.12,158,114,145.1,116
"1065","TRINITY_DN17002_c0_g1",1.10621735653688,1.11841305292921,3.35341335618818,0.00583097527887044,0.0389160248075759,-2.29214601939785,23,19,63,23,77,101,86,77,96,66
"1066","TRINITY_DN17004_c0_g2",-1.02646947108469,1.40533340869634,-3.24525430457011,0.00711646780019663,0.0440484817288033,-2.53945190292502,195.42,40,82.11,76,96.43,52.84,39.94,51.24,96.86,24
"1067","TRINITY_DN17009_c0_g1",-1.43282129010099,0.263864367493227,-4.75303736639124,0.000484913006099371,0.00779267352576208,0.17749887967977,43.56,15,84.9,44.92,69.59,11.21,16.24,21.4,25.36,21.54
"1068","TRINITY_DN17018_c0_g1",1.12103606060208,4.55804160943108,11.3538679978405,1.00054171470296e-07,6.8646055332754e-05,8.34806799863558,428.7,138.81,473.77,438.23,475.38,993.03,916.61,1034.22,1022.05,765.44
"1069","TRINITY_DN17018_c0_g3",1.13197330635277,6.889178270758,13.3604209182518,1.65414657643157e-08,2.55350607003741e-05,10.0918118243681,1989.12,909.83,2140.21,2282.32,2332.23,5450.23,4377.29,4520.07,5114.69,4241.79
"1070","TRINITY_DN17028_c2_g1",1.4648631391609,-0.749343623107531,4.0151524499473,0.00175353773941734,0.0176664134987016,-0.992331452707966,21.54,2,6.62,8.18,12.81,20.57,25.28,19.8,34.66,30.26
"1071","TRINITY_DN17030_c1_g3",1.05224418475556,-0.879851677270029,3.35992401552728,0.0057615627910846,0.0386312910259283,-2.03628463322015,8.4,2,12.58,14.04,14.45,19.1,15.18,22.45,23.74,18.71
"1072","TRINITY_DN17031_c1_g1",2.98629540725137,1.27648578549917,8.21218913972141,3.10379507731913e-06,0.000431651212689868,4.85512086104121,17,7,21,21.07,55.06,147.5,241.7,156.76,198.78,209.23
"1073","TRINITY_DN17031_c3_g1",-1.62709202961791,1.11339195099408,-5.3739905555245,0.000173813912957365,0.00414345423211184,1.12262459728747,108.72,63.12,104.03,94.38,86.65,22.87,20.43,20.49,75.55,35
"1074","TRINITY_DN17037_c0_g2",1.12953155874857,-0.0987843025287996,3.62145410642384,0.00356888081535017,0.0281063769080833,-1.66314895684507,17.03,3,35.66,15.91,17.07,38.78,24.16,31.62,66.37,33.57
"1075","TRINITY_DN17038_c1_g1",-1.54538948880654,3.32703953915562,-6.76830877917264,2.11153121008346e-05,0.00122771025574608,3.01678497277771,637.56,170,461.85,366.78,491.28,172.23,139.48,127.92,344.64,91.91
"1076","TRINITY_DN17038_c1_g2",-1.6710718131429,1.40081260064205,-6.5856341820778,2.74151127311193e-05,0.00141186687316193,2.8914608093755,174.45,48.16,103.42,125.83,131.35,40.18,23.06,51.69,71.15,21.88
"1077","TRINITY_DN17043_c1_g1",-3.07751380920136,-2.32190968819122,-4.13288311307379,0.00142213364969424,0.0154276016516725,-1.39902179470888,19.24,4,19.29,9.46,27,6.32,0,2.07,0,2.06
"1078","TRINITY_DN17053_c0_g2",-2.38824820805944,0.50782669564354,-5.19132798123836,0.000233742581137599,0.00497008846421642,0.860323505914286,114,72,69,57,81,13,31,5,24,15
"1079","TRINITY_DN17056_c0_g1",-1.75201619318396,0.947064712293173,-5.57145716614607,0.000126852755831077,0.00340709176470525,1.43114950864409,171.96,28,82.67,85.33,93.6,40.84,15.1,26.02,53.05,14.96
"1080","TRINITY_DN17073_c0_g1",1.00706364557279,2.96382411534366,3.4125599147293,0.00523032305103205,0.0363237674625785,-2.52619473612746,178.12,99.76,108,216.71,88.68,334.81,345.59,310.83,305,186
"1081","TRINITY_DN17084_c0_g1",1.33187703508005,-0.224800708749658,3.91191218786198,0.00210970592658662,0.0199954138994429,-1.16653798510576,13,6,20,20,12,42,19,38,33,47
"1082","TRINITY_DN1709_c1_g1",1.02543556738488,5.62940719151029,11.1354459030983,1.23688405800527e-07,7.87372338285666e-05,8.08371599387674,990.34,358,902.21,928.3,1030.37,2095.77,1806.87,2098.54,1983.18,1544.52
"1083","TRINITY_DN1709_c4_g1",-1.05663327867904,3.887267886033,-4.12963960945065,0.0014303352255869,0.0154730798019517,-1.3890575080957,768.78,161.18,428.74,702.38,694.32,224.84,154.16,303.7,500.42,325.71
"1084","TRINITY_DN17095_c0_g1",2.36633992281749,0.449164508741364,7.32896600672449,9.73273403928278e-06,0.000782081246570376,3.71843199004528,17,9,11,14,29,101,98,73,78,59
"1085","TRINITY_DN17105_c0_g1",-1.14321077362215,0.647039804185952,-4.14076238889789,0.00140241229096224,0.0152996738767379,-0.859299727109094,85,24,52,44,91,22,21,24,56,21
"1086","TRINITY_DN17131_c2_g1",1.17892860130936,1.21487087028926,4.89334879347538,0.000382786199769452,0.00672631823089473,0.346892430319523,41.13,13,60.64,37.94,44.63,73.33,90.54,79.86,169.88,80.74
"1087","TRINITY_DN17135_c3_g1",-1.00695089809986,0.172856598274737,-4.43020833347903,0.000843900702542777,0.0110471020946812,-0.341395771965002,49.45,15,38.55,42.94,56.16,19.17,15.73,16.26,36.63,16.53
"1088","TRINITY_DN17139_c0_g1",1.15534072787921,0.114683580352026,4.65134805810028,0.000576527263089778,0.00865954887892669,0.0209630612280467,26,6,24,22,16,38,51,41,48,36
"1089","TRINITY_DN17147_c0_g1",-1.38608400368651,1.81528458569082,-6.23465534675938,4.58441688769969e-05,0.00190497021521992,2.37814600931165,210.64,70,127.37,121.26,160.86,54.59,60.5,64.76,82.85,33.28
"1090","TRINITY_DN17152_c0_g3",1.17714539351785,1.26053505673525,3.77094107352304,0.00272031956682891,0.0235885820267591,-1.57217283986893,64.24,16,28.11,28,76.02,63.17,85,108.84,116.55,126.12
"1091","TRINITY_DN17162_c1_g3",1.00788215572533,-0.146138827003104,3.38159421682723,0.00553651250731848,0.0376631678199737,-2.0664390212421,18.08,2,26.59,25.95,15.74,40.99,32.22,38.09,32.33,31.45
"1092","TRINITY_DN1718_c2_g1",2.30185453993292,-1.40655178678824,3.51055976910575,0.00437013739401909,0.0322861023936217,-1.87070150609476,7,0,17,9,2,33,25.03,16,25,14
"1093","TRINITY_DN17196_c2_g2",-1.93932785292683,0.366501907793191,-3.27913190793137,0.0066856022491847,0.042270673552157,-2.29849740621147,124.7,17,26,101.27,106.97,27.06,3,17.9,26.97,22.03
"1094","TRINITY_DN17208_c0_g1",1.36221997871112,-0.494162457960193,4.03660299844959,0.00168768152496997,0.0172400247453597,-0.952186287663669,16.49,3,13.85,12.99,11.73,43.32,37.42,28.32,25.08,19.32
"1095","TRINITY_DN1721_c0_g1",1.04793305932471,2.4624607895067,8.29267721225219,2.80916053718205e-06,0.000404335768880926,5.09317034229221,106.58,36.94,111.56,89.1,122.92,251.83,197.87,198.87,232.88,201.69
"1096","TRINITY_DN17210_c0_g1",1.12942140080766,1.82927967873633,4.43066667522994,0.000843229074726138,0.011042992344897,-0.504820322135144,50,27,62,77,80,196.17,134,146,107.87,137.11
"1097","TRINITY_DN17238_c0_g2",-1.45500126070844,0.864785875884008,-4.75949697894959,0.000479634034838319,0.00773679268108582,0.156917238323121,103.5,33,94.62,54.31,84.16,12.74,31.83,24.01,43.84,40.96
"1098","TRINITY_DN17246_c0_g1",-1.15416174951596,3.33586033444551,-6.89676896880876,1.76194596735591e-05,0.00110006713440134,3.1926933712665,321.3,215,441.3,367.69,444.63,209.66,175.81,169.76,245.25,123.89
"1099","TRINITY_DN17253_c2_g1",-1.64962966811424,-0.111740641032526,-3.4462786153933,0.00491644128013667,0.0349404007270372,-1.95333592986694,58,22,45,22,70,6,6,21,44,7
"1100","TRINITY_DN17262_c0_g1",1.22479766684459,-0.37359772525227,4.21103773678933,0.00123857182204875,0.0141549755446726,-0.674426919541633,11,5,17,15,18,22,29,32,37,32
"1101","TRINITY_DN17264_c0_g1",1.02409399198393,1.76679437102557,4.8546915303902,0.00040844845000836,0.00701332142103992,0.220084429689709,51,32,82,54,72,149,143,137,128,96
"1102","TRINITY_DN1728_c3_g1",2.82571913943432,-0.0484689415368474,6.44329393296759,3.37037620854481e-05,0.0015814132988239,2.4319773533429,13.43,3,9.09,9.81,12.58,83.88,33.4,62.46,146.68,50.45
"1103","TRINITY_DN17280_c0_g1",1.28043652385448,1.58519604294652,5.75256611891011,9.54868639951275e-05,0.00291166561875118,1.67551008032046,52.69,13,77.39,48.39,57.25,136.78,167.5,108.3,133.09,108.22
"1104","TRINITY_DN17282_c0_g1",-1.6229560550587,3.22529130148362,-4.42309538409252,0.000854395337164568,0.0111278640116511,-0.736820060106248,478.07,174.75,239.84,455.17,743.66,122.94,170.14,193.55,85.42,192.82
"1105","TRINITY_DN17294_c2_g1",-2.01944627577395,-0.859116740096047,-4.95833445949409,0.000343385916153264,0.00629585451410936,0.336919210281814,28.52,16,32.9,29.79,27.48,4,9,3.05,10,9.26
"1106","TRINITY_DN17294_c3_g1",-2.88509521472682,-1.28047033245439,-4.00391322271597,0.00178909860047251,0.0179165196856919,-1.22443634982086,71,14,22,26,21,4,1,2,5,7
"1107","TRINITY_DN17296_c1_g2",1.45159401790229,1.4292864767066,5.10633988178751,0.00026871362307068,0.00540825580096751,0.675026222091736,43.99,33,63.99,26.62,37,92,92.01,156.95,170.99,88.21
"1108","TRINITY_DN17298_c1_g1",1.64502816844979,-1.14044965674185,3.4695945551406,0.00471066943820454,0.033921274585959,-1.8627117662086,13,1,3,7,15,20,12,33,22,19
"1109","TRINITY_DN173_c1_g1",-1.08669556015302,1.83608169803636,-6.76439748997466,2.12327105774206e-05,0.00123221561347234,3.12896371105596,176.18,45.2,157.74,133.44,126.76,55.05,57.78,63.03,97.88,60.12
"1110","TRINITY_DN17303_c0_g1",1.09953657974648,0.187187940469469,3.1543734818331,0.00841610348353208,0.0490539510950669,-2.49761274367708,14.46,5,37.02,19.39,33.31,66.34,22.2,51.84,64.11,33.1
"1111","TRINITY_DN17305_c0_g2",-1.68602932083072,-1.18917294042426,-3.34509876006571,0.00592085553081884,0.0393288497544107,-2.05383997975664,27.1,10,12.24,26.16,25.09,6.07,2,5.01,5.03,15.14
"1112","TRINITY_DN17306_c1_g1",1.03881191454804,1.27617593493755,3.22107352331174,0.00744107913832535,0.0452547773695769,-2.55263910523188,66.83,7.28,29.69,53.25,89.44,110.76,60.54,80.26,161.89,91.97
"1113","TRINITY_DN17308_c0_g1",-1.11402999871134,1.49988165504281,-5.72108699609176,0.000100286100100164,0.0029840329214706,1.62816202910497,152.68,33,118.87,99.53,112.17,47.8,37.06,69.67,49.42,58.21
"1114","TRINITY_DN17320_c1_g1",-2.16586856653165,0.599797115989015,-6.12809386816412,5.37672292560173e-05,0.00207633596882171,2.22916711470026,98.92,40,126.55,43.01,102.11,23.02,13.03,15,36.01,9.63
"1115","TRINITY_DN17328_c0_g1",-1.78026061833055,-1.70209894988782,-3.68304382129962,0.00319045908064198,0.0262183214415066,-1.64346304322939,18.98,7,18.39,13,13.89,8,4,4,2,3
"1116","TRINITY_DN17345_c0_g1",-1.51027472904035,3.08142412769784,-5.35232648434325,0.000179985071091157,0.00425649872452577,0.866542629221448,522.9,151.45,237.31,331.28,550.84,98.54,112.75,145.08,148.79,195.77
"1117","TRINITY_DN17363_c0_g1",-5.47560366118194,-1.76409732231033,-3.4243927410978,0.00511791576274727,0.035811054958743,-2.17052918088314,65.44,1.01,89.66,80.48,90.31,0,0,0,0,31.87
"1118","TRINITY_DN17380_c0_g2",1.24330203413351,-0.436250643927279,4.2578355893946,0.00114059224845332,0.0134407042285297,-0.599373862163548,15,4,18,14,12,21,24,36,46,24
"1119","TRINITY_DN17381_c0_g1",1.0538930080978,4.1933177499002,6.84730303138411,1.88864731470633e-05,0.00114109779245094,3.02112507061502,383.07,134.8,300.96,437.39,292.93,645.35,734.11,806.12,838.07,545.18
"1120","TRINITY_DN17387_c0_g4",1.62559882434537,0.478624817110546,5.15436768140815,0.000248323149608622,0.00516080792202774,0.803394758561648,14.41,19.3,22.33,25.47,20.39,55.7,41.73,61.2,104.06,52.64
"1121","TRINITY_DN17388_c0_g1",-1.36044510098187,0.751318365668976,-3.27083135784526,0.00678866756852446,0.0426522837831958,-2.38114183650306,46.77,26.12,97.14,80.09,93.75,29.29,21.6,81.29,20.9,12.34
"1122","TRINITY_DN17399_c0_g1",1.46245915486233,1.63451823924505,4.49714514558851,0.000751477664836402,0.0102728011619035,-0.355610657324635,36,13,89,79,43,94,145,128,231,136
"1123","TRINITY_DN17406_c0_g1",-2.30164678383113,-0.339101497475986,-5.64794181266322,0.000112450259217267,0.00319290742008239,1.41476567542125,95.75,12.17,47.68,32.94,49.51,12.93,3.16,6.33,11.45,13.74
"1124","TRINITY_DN17413_c1_g1",2.60500996596243,-1.92931207523852,5.07210457674492,0.000284318551471227,0.00561077082654054,-0.278665023624681,2.97,1,5,2.57,3.01,15.96,15.36,13.67,19.46,15.91
"1125","TRINITY_DN17428_c0_g3",-3.62858024421343,-2.2621922606694,-3.37322925037799,0.00562230754710347,0.0380039678619097,-2.25698605265751,30.66,3.01,19.03,40.45,13.87,0,0,35.32,1.8,0
"1126","TRINITY_DN17428_c1_g2",-1.24693728436784,-0.155438548261366,-4.12612704561665,0.00143927243660161,0.015532498704606,-0.82090018890464,43.27,16.52,44.63,36.13,32.03,16.73,4.42,13.3,25.14,17.85
"1127","TRINITY_DN17429_c1_g1",-1.63005041033888,0.948233260990485,-7.30807199080458,1.00106612761059e-05,0.000784227840019121,3.81599670679435,121,38,100,70,87,41,20,21,44,21
"1128","TRINITY_DN17439_c2_g2",-2.82934797537762,-1.89349792421535,-4.15268433421523,0.00137310950773479,0.0150946708000014,-1.27756860758541,21.86,5,24.49,13,26.83,9,1.04,2.15,0,3.14
"1129","TRINITY_DN17441_c1_g1",-1.55804465205757,-1.47288423208778,-3.18881667418669,0.00789750911874331,0.0470029294519674,-2.30228381544035,19.81,10,15.32,9.48,23.08,4.25,5.42,5.78,2.33,6.43
"1130","TRINITY_DN17443_c0_g1",-1.28620550149489,0.230141082728885,-4.85871989987204,0.000405692006974621,0.00697401727357151,0.34535148986004,44.24,21,51.99,63.59,45.01,25.16,14.06,16.38,17.31,21
"1131","TRINITY_DN17450_c0_g2",2.11911766006639,0.140737264823584,3.37841930163278,0.00556891828116121,0.0377878643983673,-2.08423438673918,32.63,9,5,54.18,7,45.19,70.36,34.98,92.86,56.93
"1132","TRINITY_DN17459_c0_g3",-3.0031995231995,-2.40519478990009,-4.19146919644332,0.00128209504463511,0.0144602283836467,-1.33965329076087,13.25,6,14.72,18,16.77,3.95,4,0,2.11,0
"1133","TRINITY_DN17463_c0_g1",-2.19576533072328,0.271007294963299,-7.83200834508918,5.0202631015346e-06,0.000554545985677207,4.26244776963039,78.86,35,81.44,46.29,76.33,13.18,7.62,13.03,28.5,10.93
"1134","TRINITY_DN17468_c0_g1",1.93181300232006,3.30895386365268,9.31759049835357,8.36800629165241e-07,0.000208349859877804,6.27343819355907,160,40,94,188,160,600,440,537,496,578
"1135","TRINITY_DN17474_c1_g1",4.16605884192012,0.0415474417544924,4.17811806402372,0.00131269783941874,0.0146469942516133,-0.751252939526536,38.19,7.43,0.09,74.8,0,97.87,88.47,89.63,159.94,84.96
"1136","TRINITY_DN17485_c0_g1",-1.55570619538342,-0.611635520930376,-4.1481357814813,0.0013842137485061,0.0151762128094379,-0.778553967021442,35,15,35,28,30,8,3,7,30,7
"1137","TRINITY_DN17494_c0_g1",-2.84980570114618,-1.2061963221529,-5.92581347597209,7.30823887469394e-05,0.00250565871201889,1.0711389101563,34.69,10,24.85,34.4,44.99,3.31,3.7,1.19,6.4,4.09
"1138","TRINITY_DN17504_c0_g1",2.67799696399341,-1.00495395014453,3.2400710473358,0.00718482329787432,0.044329383393,-2.22278648007182,17.17,2,2.63,14.44,2.09,16.29,67.99,39.71,32.65,20.3
"1139","TRINITY_DN17510_c0_g1",-1.74641351861014,1.09511039475417,-3.96899497353494,0.00190440823175195,0.018674511591904,-1.1972486907236,102.66,22.36,255.78,136.5,60.82,32.07,27.86,27.55,51.62,20.03
"1140","TRINITY_DN17528_c1_g1",1.4028354734964,1.71517876202147,5.76949820399941,9.30064915442222e-05,0.00286289373872016,1.69218432167769,59,29,35,60,64,133,157,143,129,149
"1141","TRINITY_DN17569_c0_g1",-3.10924179160467,2.47748023107603,-7.01927272752456,1.48556801101208e-05,0.000998416191040322,3.47199626690281,615.86,161.09,639.88,196.71,560.6,48.15,16.72,47.73,101.71,72.95
"1142","TRINITY_DN17571_c0_g1",-1.09719513415102,3.82086102931438,-5.25857088422801,0.000209478912576101,0.00465619290631716,0.588770902377976,848.05,218.56,414.68,445.49,671.31,269.93,270.74,226.61,384.83,191.98
"1143","TRINITY_DN17571_c0_g2",-1.25845475899022,0.793476270771636,-3.52702727934347,0.00424041975829297,0.0316343408523709,-1.93772274952342,113.25,35.44,59.62,38.86,95.44,21.76,34.91,24.64,60.09,15.53
"1144","TRINITY_DN17575_c0_g1",-1.90602340945057,-0.835885407573221,-5.72493534574741,9.96859403417373e-05,0.00297362678464811,1.3622642327722,44.41,12,27.23,25.61,26.73,8.45,7.45,5.7,7.33,5.2
"1145","TRINITY_DN17598_c0_g2",-1.0338962946439,0.882815555921263,-5.02656748315567,0.000306565676575039,0.00588795261840546,0.583174508819297,104.46,24.99,59.98,65.27,74.62,42.55,27.85,26.71,41.15,30.64
"1146","TRINITY_DN17604_c2_g2",1.66994757664317,-0.334609956987736,5.60728582045516,0.000119877406421341,0.00330307456122488,1.40241480927202,13.91,5.08,9.5,13.36,15.71,49.21,26.27,45.99,36.58,26.05
"1147","TRINITY_DN17605_c0_g1",-1.30730252184678,1.91749029834442,-4.68494804537806,0.000544403286396991,0.00838090604049898,-0.0841279338619643,215.47,53.1,101.64,137.25,256.33,53.32,52.94,61.61,96.12,63.23
"1148","TRINITY_DN17613_c0_g1",-1.7381197082693,-0.237515855507192,-3.97607617481055,0.00188041900521869,0.0185157252008043,-1.05719269172979,74.02,17,31,26,54.03,31,13,8,11,5
"1149","TRINITY_DN17618_c2_g1",1.43103871957053,0.600314230697638,4.91348052909792,0.000370096939828141,0.00658960376023877,0.423713302615567,29.31,11.2,22.52,13.28,45.93,71.82,47.73,68.7,61.97,82.11
"1150","TRINITY_DN17625_c0_g1",-1.64554679771706,1.07786622369945,-5.65011996588809,0.000112066332948903,0.00319018376929994,1.54563006854826,112,34,157,55,125,26,18,32,49,36
"1151","TRINITY_DN17655_c0_g1",-1.34364105187294,1.29427107237744,-5.95896161370004,6.9470497664095e-05,0.00242889771398966,1.99761652446645,147,37,100,90.11,110.01,34,23.45,42,80.02,35.49
"1152","TRINITY_DN17655_c0_g2",-1.2623062850978,1.58182522650893,-4.42609273036104,0.000849956496654967,0.0110981420502117,-0.480493350054478,190.32,39,144.24,84.36,134.68,43.59,28.17,46.48,126.18,44.61
"1153","TRINITY_DN1767_c56_g1",-2.69935706847219,1.19349663802453,-8.63574259357728,1.85069842533644e-06,0.000317875662116218,5.34473436458339,177,60,220.9,98.7,158.07,23.39,17,44.77,15.81,22
"1154","TRINITY_DN17670_c3_g1",1.19170571246453,-0.85915867969185,3.62104954321082,0.00357151297562236,0.0281221350699731,-1.6155853607381,10.05,5,7.27,11.55,15,20.13,18.03,20.42,19.53,22.96
"1155","TRINITY_DN17672_c1_g1",-1.29149015364346,1.65551525264362,-6.6650197089928,2.4461217253379e-05,0.00131800282980947,2.99752022036739,129,45,160,148,123,73,52,57,60,32
"1156","TRINITY_DN17672_c1_g2",-1.30178565779313,-0.753566467314357,-3.20349152215841,0.0076864596623937,0.0461830798125412,-2.29770792809969,30,9,36,23,23,13,9,16,13,2
"1157","TRINITY_DN17675_c0_g2",1.16916852828585,0.229565634226333,4.06136273900514,0.00161483444477481,0.0167612703472777,-0.949479901220482,23.21,6,31.48,20.78,20.5,28.73,35.92,55.33,75.78,48.68
"1158","TRINITY_DN1768_c0_g1",-1.89277419916895,-1.61309081142206,-4.07829822113017,0.00156688721383888,0.0164523870198664,-1.08533859390793,25.61,5,15.45,16.3,17.35,6.15,2.12,5.19,2.02,5.09
"1159","TRINITY_DN1768_c0_g2",1.67642338489994,1.9941174372746,6.45295158069337,3.32319513912795e-05,0.00156522237567408,2.68846043685298,67.6,28,37,87.01,63.01,261.68,165.86,172.67,245.69,127.72
"1160","TRINITY_DN17690_c0_g1",-1.37555230821195,2.5708708240415,-6.13579018356018,5.3148940986724e-05,0.00206427138964694,2.16412342201547,348.03,63,227.3,248.26,335.02,123.6,53.31,131.4,138.92,83.19
"1161","TRINITY_DN17700_c1_g3",-1.12487364330427,-0.334342072701161,-3.78715258647461,0.00264169719090304,0.0231140518324452,-1.37297001084704,56.69,9,41.65,20.09,30.05,15.97,9.33,15.53,14.17,12.6
"1162","TRINITY_DN17727_c1_g1",-1.43385537591909,2.77199735676691,-5.42488281566845,0.000160178138738976,0.0039373724963592,1.02876543295052,404.13,131,263,209.5,381.99,110.14,51.35,105.19,225.45,116.79
"1163","TRINITY_DN17730_c1_g2",-1.74253865183414,-0.799143420902621,-3.99414300683786,0.00182061673856699,0.0181312766133687,-1.02625474477951,34.54,3,56.44,25.05,34.23,6.54,3.06,9.73,11.78,11.25
"1164","TRINITY_DN17731_c0_g1",1.00717648531278,0.322438644775028,3.24296509607034,0.00714657590343253,0.0441419194643545,-2.3665411905583,16.62,9.49,21.58,35.22,32.66,68.47,45.93,41.41,52.49,28.81
"1165","TRINITY_DN17734_c0_g2",-3.67124619886539,-2.55904644900343,-5.52243042015975,0.000137100115888768,0.00356598902944382,-0.0628553231301776,14.95,6,14.44,18,25.88,1.03,1.05,1.21,0,0
"1166","TRINITY_DN17749_c0_g1",-1.80777055954394,-1.34890636767604,-3.76664915111587,0.00274153429816818,0.0237126011826991,-1.43781515207831,31.11,6,14.94,16.46,24.41,5.51,9.78,4.37,2.18,5.67
"1167","TRINITY_DN17751_c0_g1",-1.37435043507645,0.105059182852026,-3.41277969831624,0.00522821247591277,0.0363140229429316,-2.05024979739888,56.15,6,47.14,42.23,102.1,11.16,21.25,25.94,20.99,13.11
"1168","TRINITY_DN17753_c0_g1",4.66274669025243,-1.46927655536299,4.47915284813142,0.000775233291341574,0.0104586203351015,-0.964553986268408,2.73,0,0,19,0,66.06,18.33,61.91,85.67,34.11
"1169","TRINITY_DN17774_c0_g1",-1.06486311213874,5.18628450899641,-6.07275879895043,5.84435829727732e-05,0.00217265163239181,1.73285300813694,1349.9,482.83,1726.06,1413.63,1512.18,819.91,713.87,465.11,650.89,848.07
"1170","TRINITY_DN17822_c0_g1",-1.25257816431006,-1.00628026865454,-3.55943398384697,0.00399650099258014,0.0303686861050749,-1.71243995030646,26.78,8,22.2,20.31,19.49,8.08,8.26,3.05,12,9.36
"1171","TRINITY_DN17822_c1_g1",-1.05467237448145,-0.763115254902226,-3.28857933320503,0.00657022158213667,0.041802992504253,-2.16602403252822,29.2,6,27.48,27.64,19.77,13.49,7.55,14.28,8.29,8.86
"1172","TRINITY_DN17830_c2_g3",1.15205460309258,0.400077084814912,3.73296300583872,0.00291405739131418,0.0247278251823681,-1.51893878156575,46.06,1,25.35,26.63,33.16,55.1,48.94,50.53,69.04,64.33
"1173","TRINITY_DN17843_c3_g1",1.61314949275164,0.385014000931052,3.19201222744435,0.00785105919089121,0.0468483961073783,-2.45155095458917,24,13,8,50,18,106,67,52,41,41
"1174","TRINITY_DN17860_c1_g1",-1.97249128780663,1.70881508740964,-8.70217572221494,1.70946252212378e-06,0.00031102101696967,5.52762503443317,234.23,58.02,151.67,125.76,230.5,39.04,45.31,42.99,44.13,46.9
"1175","TRINITY_DN17874_c0_g1",1.32630363520803,-0.967957545517425,3.45544216312346,0.0048344994286749,0.0345601178671998,-1.8780323761996,16,7,10,6,7,27,17,21,23,11
"1176","TRINITY_DN17875_c0_g1",1.17937378785447,0.461345609728428,3.33463199042495,0.00603600184450985,0.0398153019864111,-2.2173991039479,27.55,2,24.33,32.49,48.05,83.72,30,77.6,78.79,42.3
"1177","TRINITY_DN17887_c1_g1",2.41005389060545,1.27716578773819,4.89701714509835,0.000380440436016287,0.00670226420631488,0.37717614373611,47.09,1,14.13,81,46.06,264.93,117.4,150.22,144.64,184.41
"1178","TRINITY_DN1789_c3_g1",-1.57379485628039,-1.52138570020831,-3.18348630206357,0.0079756078986597,0.0473445334095789,-2.3129466162157,22,4,10.99,25,20.95,6,4,7.08,6,2
"1179","TRINITY_DN179_c2_g1",-1.33215941377776,-1.20688124700539,-3.15736691859757,0.00836970248090407,0.0488948114752347,-2.34281280557267,26,11,18,21,14,8,3,7,12,3
"1180","TRINITY_DN17930_c5_g1",3.65982994316312,-1.84999275750735,4.81969646846701,0.000433236282077724,0.00725758924192494,-0.645625081594271,1.23,0,10.14,3.21,1.05,24.52,35.98,20.06,35.36,16.02
"1181","TRINITY_DN1794_c0_g1",-1.12621636598198,2.39240031036983,-5.40564643174458,0.000165194626141874,0.00401076987850506,1.04169566705426,214.99,71,166.71,199.23,305.16,106.17,67.63,105.03,91.65,117.24
"1182","TRINITY_DN17945_c0_g1",-2.72299950093938,0.761998678371213,-8.35103187168192,2.61434535739824e-06,0.000384358564591968,4.93390616087811,138.5,37.1,83.87,126.73,165.08,23.52,12,19.07,27.38,7.08
"1183","TRINITY_DN17957_c1_g1",-4.74674847949141,-1.91751097652601,-5.91546156696587,7.42507144273777e-05,0.00252145651795359,0.328658023544275,64.35,5,40.59,39.95,42.89,2.5,0,0,1.67,2.24
"1184","TRINITY_DN1796_c0_g1",-1.43511681382138,4.47456007652754,-14.9788988754011,4.57299010568338e-09,1.08604997325284e-05,11.3901238355811,1137,347,1068,929,992,390,304,336,423,400
"1185","TRINITY_DN17967_c0_g2",-2.37637237568228,-1.54358838141154,-3.22158649896344,0.00743403983403859,0.0452387002732053,-2.29776648320534,28,10,32,10,23,12.01,4,0,5,4.01
"1186","TRINITY_DN17969_c0_g2",1.29907334216109,0.790956912112142,3.32672653975387,0.00612447394047656,0.0401330804283717,-2.28165098152954,34,15,28,31,26,111,112,74,42,48
"1187","TRINITY_DN17974_c4_g1",-1.61278479894935,-0.4041280269511,-4.25871804016278,0.00113882397919446,0.013427554528795,-0.59802617973714,24.9,10,44.36,52.21,44.78,19.58,5.81,9.75,10.66,10.49
"1188","TRINITY_DN17977_c0_g1",1.65378346759743,-0.752010048678023,3.7919331557754,0.00261896122871976,0.0229971015288663,-1.34311332069763,5.12,5,14.4,9.95,12.55,15.08,21.24,30.83,34.5,31.53
"1189","TRINITY_DN17980_c0_g2",1.38159490861765,3.86308993193565,5.56489613870846,0.000128175898784601,0.00341883602511947,1.10192177563554,250.85,87,190.58,284.35,279.3,787.54,744.72,493.24,489,740.65
"1190","TRINITY_DN17981_c0_g1",-1.05811801896407,1.74805917060748,-3.57797709791496,0.0038634245788126,0.0296936446219219,-2.00186477928886,180,59.38,155.21,75.64,135.09,60.83,47.48,65.18,137.62,30.37
"1191","TRINITY_DN17992_c0_g1",-1.90268336919646,2.86187206617745,-8.13309994932144,3.425764696283e-06,0.000455892496694144,4.89011482899011,522.64,145,386.12,286.39,394.11,93.42,57.35,77.48,214.65,110.87
"1192","TRINITY_DN17992_c0_g2",-1.63153554347518,0.193626957212255,-5.89053028083925,7.71464479644977e-05,0.00257772666066656,1.87648512850013,75.62,26,56.41,34.73,55.91,21.9,11,10.65,21.67,18.08
"1193","TRINITY_DN17992_c0_g3",-1.39656863540338,0.873913062502929,-6.38741787866264,3.65770371898143e-05,0.00165826644081986,2.60896995945416,106.81,27,96.35,70.44,71.36,31.53,20.14,32.82,49.97,18.16
"1194","TRINITY_DN17997_c0_g1",-1.05687860878049,1.20265836777585,-4.73967307348828,0.000496028677442406,0.00790012349102751,0.0904751834453466,93.17,40,110.89,63.53,95.23,35.46,35.91,28.75,56.44,56.52
"1195","TRINITY_DN18017_c0_g1",-1.16391845911379,0.434175552029672,-4.92963418965136,0.000360234441200906,0.00648695137803253,0.451256344675877,55.69,18.86,49.22,61.93,66,23.63,26.01,29.47,22.41,15.44
"1196","TRINITY_DN18059_c0_g1",-1.13726008482747,0.283763168190352,-3.89599903175714,0.00217091188476519,0.0203568806121279,-1.24127402968666,87.8,18,47.25,28.12,54.96,23.44,18.66,14.82,31.5,18.39
"1197","TRINITY_DN18061_c0_g1",1.05156571417876,-1.09369481329505,3.34557514200052,0.0059156681177463,0.0393063463142333,-2.05157832421045,10,5,9,7,13,17,11,19,17,17
"1198","TRINITY_DN18062_c0_g1",-2.23433069228,-1.83488101036541,-3.78206056096462,0.00266613765194958,0.0232559623799526,-1.62150663342427,14,9,20,16,16,5,1,1,2,8
"1199","TRINITY_DN18066_c1_g3",1.54686298608302,-0.283972664311365,3.49849725462354,0.00446771865034681,0.0327678692506966,-1.84682550139024,19.34,4,7.8,22.62,14.81,49.72,21.01,25.61,86.63,23.02
"1200","TRINITY_DN18070_c0_g1",1.14404443385953,3.2826432422428,4.82807183633384,0.000427163723993165,0.00719767857080651,-0.0461118706920391,201,36,149,242,227,390,299,303,614,477
"1201","TRINITY_DN18083_c0_g1",-1.13320936157417,2.51373498126606,-6.57163573757297,2.79742441537483e-05,0.00142439582595839,2.81110886985279,206.44,75,249.92,219.98,293.67,129.72,67.86,106.12,162.74,76.67
"1202","TRINITY_DN18086_c0_g1",-1.37318789392608,2.8524407843456,-11.2868638631217,1.06739831427031e-07,7.16409903364814e-05,8.26098752940808,371,101,344.58,271,328,133,113,104,140.14,125
"1203","TRINITY_DN18091_c0_g1",1.32501253869496,-0.164615500074899,4.0889238698131,0.00153755851500539,0.0162570484905056,-0.87838033187913,14,6,12,25,18,50,35,42,36,22
"1204","TRINITY_DN18105_c0_g1",2.07176190886009,-1.90752953601722,4.190094581986,0.0012852114098809,0.0144758418297787,-1.11192025220438,4,0,8,6,3,15,13,13,16,11
"1205","TRINITY_DN18124_c0_g1",-1.25808522514733,2.27611969693536,-6.07859232192071,5.7930847795106e-05,0.00216009298892041,2.10760598401367,273,78,176,189,191,118,49,99,79,89
"1206","TRINITY_DN18134_c3_g1",-1.65297546510597,-0.590739066560378,-4.57989946503886,0.000651600580006961,0.00939193104908259,-0.112598918224725,52.03,13,34.46,25.77,24.03,13.4,12.95,7.08,8.94,5.47
"1207","TRINITY_DN18137_c0_g1",1.73514515568396,-0.884831845663508,4.76894434460729,0.000472021479321463,0.00765974533196619,0.0606375943111708,16,0,9,9,11,39,20,23,35,24
"1208","TRINITY_DN1814_c3_g1",1.44968919692645,-0.364571585513237,4.09813235835238,0.00151260113440353,0.0160716855602976,-0.856648261656561,18.14,14.41,7.92,10.83,13.17,25.34,27.63,21.85,48.6,31.9
"1209","TRINITY_DN1814_c5_g1",1.76601702199526,-0.170654913459179,5.5811076113319,0.000124932736142155,0.00337534513379033,1.39132795559087,11.32,7,20.47,13.28,11.29,57.21,29.85,44.59,37.18,41.39
"1210","TRINITY_DN18145_c0_g1",-1.06469612246728,1.25179304142887,-3.27147831503349,0.00678057705452927,0.0426187980418438,-2.46494952151578,56.01,44,155,110.99,79,46.29,35,32,59,42.01
"1211","TRINITY_DN18146_c0_g2",-2.05414267597953,-0.767558647371975,-4.43483117904929,0.000837152102566574,0.010992065603114,-0.369090041919751,67,6,23,37,36,13.02,4.76,7,7.01,5
"1212","TRINITY_DN1816_c1_g1",1.1067451046694,3.92329409755811,7.85693205919352,4.86203304861043e-06,0.000547243560225754,4.44519767478415,294.9,135,254.2,292.26,253.91,529.88,457.88,749.33,714.58,556.6
"1213","TRINITY_DN18171_c2_g1",-1.73553041939978,-0.461912874585337,-5.20626381622918,0.000228108668070737,0.00490604459631901,0.826734814698598,39.2,7,48.17,27.58,55.79,11.2,7.93,8.52,9.42,14.72
"1214","TRINITY_DN18177_c2_g1",-1.55581800090908,0.253415537619965,-3.53096484725861,0.00420998906742162,0.0314453132859744,-1.85665966512534,90.25,24,41,30.55,86.63,14.78,6,12,49.98,23
"1215","TRINITY_DN18182_c2_g1",-1.65468032784967,-1.62303484634449,-3.29199178736672,0.00652904283480187,0.0416353750865792,-2.16988402580124,29.36,7,12.3,10.09,18.18,7.15,2.03,6.07,3.06,3.04
"1216","TRINITY_DN18212_c0_g1",-1.69124020749198,-0.441497446440684,-4.71567488274976,0.000516663568678732,0.00809103272603966,0.108253668916076,50.12,10,42.02,23.14,45.59,13.41,19.69,10.14,9.2,4.13
"1217","TRINITY_DN18215_c1_g3",-1.61036126131811,0.0101640263396197,-5.2138991423996,0.000225283946483172,0.00487244592905181,0.887086818421404,67.2,19,57.79,25.56,56.8,15.37,13.69,16,21.51,7.11
"1218","TRINITY_DN18216_c1_g1",-1.24732718502484,0.177083852656876,-4.86593625211459,0.000400802806846549,0.0069188626550631,0.357427509773045,53.01,13,52,42,64,28,8,23,24,16
"1219","TRINITY_DN18227_c0_g3",1.84165902430914,-0.850005010616805,3.73716630887706,0.00289193517715962,0.0245931983637587,-1.43526595858011,6.66,3,8,10.76,12.3,13.09,20.87,28.31,33.66,44.49
"1220","TRINITY_DN18227_c1_g1",-1.93763920886877,-0.869364995242936,-4.04266556262685,0.00166953596943802,0.0171208883748727,-0.976893234599324,38.89,20.53,16.44,26.69,34.81,4.38,2.31,8.8,11.23,6.96
"1221","TRINITY_DN18229_c0_g2",-2.08968222119839,0.332903039252328,-5.57966572956588,0.000125217646163324,0.00337934406262803,1.43701558595252,46,22,80,98,86,11,25,13,14,18
"1222","TRINITY_DN18264_c0_g1",-1.27904383556505,2.40906177642968,-4.54940209255562,0.000686691100647754,0.00971626995481153,-0.389982953678542,326.54,86,187.29,142.3,287.48,84.12,48.55,122.92,91.5,139.48
"1223","TRINITY_DN18286_c0_g1",-1.24990247337069,0.380741005338338,-3.43632987440095,0.00500700627230145,0.0353525633203152,-2.04418851475027,105.72,8.01,64.84,42.48,66.01,27.15,12.47,21.38,49.84,13.45
"1224","TRINITY_DN18332_c0_g1",3.42217470527845,-2.24224038581079,4.07466605574968,0.00157704491825127,0.0165113390192015,-1.44048452890849,5,1,3,0,0,35,18,10,19,13
"1225","TRINITY_DN1834_c1_g2",-2.10270419461066,-1.27629095051888,-4.31707239427865,0.0010279902626182,0.0125115848790669,-0.679530821014809,36.46,7.55,25.02,23.46,17.68,7.46,4.34,9.5,3.2,1.58
"1226","TRINITY_DN18346_c0_g1",1.4194169707739,0.276027017216965,5.45761789998833,0.000152007368862521,0.0038124090221458,1.25738327359567,30.07,7,23.86,10.03,29.06,62.9,41.45,58.27,64.59,39.33
"1227","TRINITY_DN18355_c0_g2",-1.17929987461928,0.488138051075189,-4.00196762105396,0.00179532973807913,0.0179667851026213,-1.07934153347675,79.02,24,42.3,42.29,80.71,28.87,12.14,31.42,37.6,15.08
"1228","TRINITY_DN18373_c0_g1",-1.35196222286949,-0.209898616365432,-5.26666550365046,0.000206742216555682,0.00461863906942122,0.955526687101039,53.52,9,51.08,31,37,12,10.02,13,18.03,16.03
"1229","TRINITY_DN18375_c0_g1",2.86206123507748,-0.781094590440886,3.71411070075729,0.00301543504532683,0.0252744785094124,-1.49985106368267,4,3,13,5,7,56,12,51,32,80
"1230","TRINITY_DN18379_c0_g1",2.80720190594899,-1.26190611706533,3.20271500286338,0.00769748342027659,0.0462313205169963,-2.30223090746316,2,4,10.31,2,10,19.69,23,53.77,56.27,9
"1231","TRINITY_DN18393_c0_g1",-1.47445544540021,0.0534122580894305,-3.63835652302516,0.00346066645290479,0.0276369932920286,-1.65274854277509,67.52,20,24.97,33.88,84.17,22.3,19.45,13.3,15.32,9.65
"1232","TRINITY_DN18404_c0_g1",1.61572831836129,-1.31992095041945,3.21275403365049,0.00755618752474454,0.0457016546865301,-2.26241014746322,14,1,16,2,6,25,11,18,20,18
"1233","TRINITY_DN1841_c0_g5",1.10175717653024,5.19706272004979,10.5602312305455,2.19931180718206e-07,0.000110409028837299,7.51751866188725,659,291,736,755,577,1350.01,1255,1546,1771,1273
"1234","TRINITY_DN18411_c0_g1",1.61975879761982,0.66424968522859,5.1624569786117,0.000245052133802557,0.00511717252554627,0.813396369044148,51.54,9,12,25.09,29.6,82.45,53.45,84.41,79.48,72.52
"1235","TRINITY_DN18418_c2_g1",1.03693083982573,0.602531611412345,3.42187315456788,0.00514164319962134,0.0359147267296627,-2.09271717892072,27,12,35,18,45,47,61,35,85,70
"1236","TRINITY_DN18422_c0_g1",-1.36041905868882,-0.537854626874379,-5.08806015466406,0.000276930485100661,0.00551479157360526,0.653797741233499,39,12,32,25,31,9,10,8,19,8
"1237","TRINITY_DN18430_c0_g1",1.25841243863619,-0.371192123983154,3.71526839414307,0.00300910652609865,0.0252317096379059,-1.48219877072767,20.39,4,13.18,6.17,27.84,29.28,22.5,28.92,38.21,39.73
"1238","TRINITY_DN1845_c0_g1",1.49861913212958,3.91166600997489,8.38505156185666,2.50749241810055e-06,0.000376721756284362,5.12971513300521,224,107,373,154.37,248,807,471,694.34,813,653
"1239","TRINITY_DN18460_c0_g1",2.03597920091736,0.263068609207844,6.239186197041,4.55360515743897e-05,0.00189961265472053,2.33206753397663,27,2,18.02,19,15.45,66.75,34,91.92,86.47,75.99
"1240","TRINITY_DN18508_c0_g1",-3.70552442383787,-1.06032862338463,-6.19968687783011,4.82979510712807e-05,0.00195304641961325,1.17457367791251,67,14,45,30,56,2,5,4,1,6
"1241","TRINITY_DN18516_c0_g1",-2.07690180169672,1.30484828989999,-6.96679488528225,1.59783979132726e-05,0.00103856222563027,3.40103835991497,241,41,98,129,146,38,26,32,45,20
"1242","TRINITY_DN18523_c0_g1",1.46447938565404,0.450844335326092,5.83507009770672,8.40257192416498e-05,0.00270230214152781,1.81079667593029,34.7,4,16.72,22.6,35.48,69.57,55.04,51.82,85.94,54.9
"1243","TRINITY_DN18525_c0_g1",1.43987294664801,3.34787731216801,3.31204686241915,0.00629226057032663,0.0407995910633759,-2.76666975367246,143.56,71,177.03,209.11,151,1380.71,292,410.63,439.06,238.97
"1244","TRINITY_DN18527_c0_g1",-1.38875749682912,0.790577367418825,-4.93971756624993,0.000354218230572763,0.00640476348503864,0.452512286164889,94.98,29,56.35,65.78,100.73,16.38,29.1,43.79,34.27,20.68
"1245","TRINITY_DN18528_c0_g1",1.50325829234069,3.16452968301629,5.57919839213618,0.000125310137383738,0.00338036276241636,1.22826566661093,197.78,75.24,100.26,149.4,123.69,419.19,559.45,417.12,451.46,233.3
"1246","TRINITY_DN18534_c0_g1",-1.24543354711148,3.69081200203521,-4.71352008316993,0.000518559812254381,0.00810430050990084,-0.31627555797837,685,217,482.4,330.01,786.75,227.94,113.95,309.74,241.62,312.54
"1247","TRINITY_DN1854_c0_g1",-1.36102408248297,2.24767974567674,-8.41372758873273,2.42105651049699e-06,0.00037280647733209,5.23728482704014,213,94,181,179,237,87,60,95,78,76
"1248","TRINITY_DN18553_c0_g1",2.2828631935966,-0.74627583468923,5.21521944421131,0.000224799240999757,0.00486707697519389,0.714141952780276,7,12,5,5,13.5,33.48,33.48,32.26,26,26.44
"1249","TRINITY_DN18565_c1_g1",-1.61863293910949,0.0382770557228577,-5.01580086977403,0.000312088378231523,0.00594703922261377,0.589330331606983,56.47,14.96,50.04,42.67,61.6,8.38,13.32,8.44,24.73,28.33
"1250","TRINITY_DN18575_c1_g1",-4.814711600443,0.36691950310236,-5.22193669381656,0.000222350167602308,0.00483269206233978,0.715871875727514,255.26,72.41,217.75,61.86,324.65,3.43,3.51,7.86,8.63,6.19
"1251","TRINITY_DN18584_c1_g2",-1.51866035722997,2.73482886308007,-6.7577261903843,2.14345584637987e-05,0.00123811142752352,3.0627705948795,438,111,209.06,283.38,353.18,92,115.99,118.97,115,93.42
"1252","TRINITY_DN18590_c1_g1",1.05871187376915,-0.572705352489233,3.46341086049672,0.00476437297732321,0.0342201352336575,-1.88885592871737,13.03,3.39,14.19,15.38,13.51,19.75,25.5,26.82,22.4,31.34
"1253","TRINITY_DN18608_c0_g1",-3.23767225273102,0.727810046080862,-9.48904336033728,6.90265718155615e-07,0.0001930942770016,5.96361005294143,186.08,57,143.86,93.16,131.06,24.58,18,13.01,8.82,9.04
"1254","TRINITY_DN18614_c0_g1",-2.62491329168337,0.889729580955888,-7.33899510876805,9.60226621237301e-06,0.000781114446138209,3.82299381891263,140.43,33.43,202.02,68.19,161.95,13.58,19.26,14.6,36.37,18.06
"1255","TRINITY_DN18620_c0_g1",-1.2814065154674,0.372920461926204,-5.1078752837757,0.000268035219058313,0.00539636084330378,0.731764382762766,48,27,50,64,56,18,21,22,21,21
"1256","TRINITY_DN18621_c0_g1",-1.58126573474376,-0.75637200922029,-4.19116471769222,0.0012827846468699,0.0144602283836467,-0.717749496563923,38,6,26,24,45.7,10,2,12,12.26,10
"1257","TRINITY_DN18630_c0_g1",1.52349825158469,-0.26233568539085,3.66017757481439,0.00332591073697348,0.0269159025146315,-1.57439414926426,29.74,1.07,16.69,17.15,8.83,58.26,27,23.14,46,49.63
"1258","TRINITY_DN18630_c0_g2",-1.0134624685789,1.47433007808476,-3.15173820870497,0.00845716700581632,0.0492189583671203,-2.71886249809989,139.23,51.72,68.41,101.92,122.3,111.54,49.39,33.77,57.34,29.97
"1259","TRINITY_DN18634_c1_g1",-1.94211011266428,-0.413800404177234,-3.95579196754124,0.00194998385702989,0.019005563676846,-1.08102872171077,58.2,22,21.42,39.74,51.06,13,8,8,21.26,2.23
"1260","TRINITY_DN18636_c0_g1",1.62368568293933,-0.261189857894507,3.44630357123182,0.00491621621186645,0.0349404007270372,-1.93612585575351,7.32,8,18.01,15.02,15.19,57.29,41.69,18.32,29.61,49.38
"1261","TRINITY_DN18637_c0_g1",-3.48806640047955,-1.9080095443962,-4.55570796476614,0.000679277074168968,0.00965561712149757,-0.921558205681928,35,12,16,23,28,1,6,4,1,0
"1262","TRINITY_DN18663_c0_g1",2.52481838684806,-0.953044398520975,4.76261520864814,0.000477107297094819,0.00770620583949904,-0.0730765835292679,13,0,3,10,9,20,39,33,47,34
"1263","TRINITY_DN18676_c3_g1",-3.32029286957304,-2.57096370324676,-5.04761115586172,0.000296065725905168,0.00576702411457171,-0.490063705078716,13.92,8,14.98,12.28,18.43,2.17,2.11,0.98,0,0
"1264","TRINITY_DN18684_c0_g2",1.42861678523499,-0.972075635321388,3.16527304565967,0.00824838550360831,0.0484375946815793,-2.33660389294386,12.08,2,12.99,3.4,14.89,37.71,14.13,28.04,22.5,12.64
"1265","TRINITY_DN18694_c0_g1",2.10183019021361,0.102868251343537,6.03426273791117,6.19501773120713e-05,0.00225813969937343,2.03047127196,23,2,16,17,13,96,41,60.27,95,35
"1266","TRINITY_DN18694_c0_g3",2.0310806450788,-1.21146128494485,3.6686844524578,0.00327484359111378,0.0266528327486614,-1.59720247194201,4,0,11.12,6.06,13,38.4,28.01,20,19,17
"1267","TRINITY_DN18697_c1_g1",-3.82971436091969,-1.69528305151726,-6.17878267355515,4.9831096821982e-05,0.00198770708434351,0.525878301959819,43,12,28,24,40,3,1,2,0,3
"1268","TRINITY_DN187_c4_g1",3.19923676921215,-1.19223178465938,4.41885304167308,0.000860719233840714,0.0111701747060102,-0.676219498130483,11.37,3,1,11.82,2,33.14,37.16,20.02,52.14,24.07
"1269","TRINITY_DN187_c7_g1",2.6878892837104,-1.82074443300918,3.66420248061005,0.00330164813709049,0.0267659495892496,-1.80409440862959,6.2,0,0,9.1,7,12,10.6,16.01,33.2,22.96
"1270","TRINITY_DN18702_c0_g2",-2.40057583144831,1.95114107188778,-9.68335614530364,5.56783347413053e-07,0.000174942065734407,6.57901937821888,323,94,244,166,267.8,44,23,38,92,42
"1271","TRINITY_DN18702_c0_g3",-2.3451642371368,0.453972312459651,-7.32841792261696,9.73991835545474e-06,0.000782081246570376,3.73603017664267,115,37,101,64,69,14,9,20,34,7
"1272","TRINITY_DN18709_c0_g1",-1.30507911254163,1.35398459564087,-3.22723576869395,0.0073569611579217,0.0449779839187475,-2.55989372264539,211.27,17,71.21,121.69,152.53,66.43,20.69,31.56,62.32,59.69
"1273","TRINITY_DN18711_c0_g1",-1.2716869510854,-0.553538414594974,-3.54536754311947,0.00410056672576391,0.0308928927782552,-1.75388231053489,33.7,15,25.45,25.5,27.63,18.02,14.66,9.51,6.34,8.52
"1274","TRINITY_DN18714_c0_g1",2.02322202456016,1.52678458102257,5.08037018109566,0.000280465728294414,0.0055578298429793,0.636885778443942,50.49,17,19,41,59.64,225.19,240.02,125.01,155,85
"1275","TRINITY_DN18737_c0_g2",4.24913946498941,-0.559307530789502,3.36293757570965,0.00572971861744441,0.0385011217752333,-2.07247945529701,0,1.25,15.41,0,50.09,74.94,39.64,174.73,152.46,35.74
"1276","TRINITY_DN18739_c0_g1",-2.1032973482515,3.48781921301218,-10.3652660692353,2.68882704968433e-07,0.000121189556688984,7.39007664559874,901.42,251.15,656.9,421.1,674.44,149.23,98.54,147.09,246.23,120.57
"1277","TRINITY_DN18744_c0_g1",-2.378870182375,-0.893269283340085,-4.32141082208855,0.00102021131559857,0.0124498040149368,-0.594241604936163,45,6,40,31,51,3,4,15,18,1
"1278","TRINITY_DN18746_c0_g1",-1.50699129142868,-0.596950574673147,-3.48915626332916,0.00454480808971141,0.0331364753717676,-1.83783336518221,52.2,16,26.36,19.53,27.14,21.34,4.27,8.28,6.09,13.73
"1279","TRINITY_DN18750_c2_g1",-1.22710961832888,1.08654995255287,-5.12287198182267,0.000261502980996743,0.00531262804949459,0.72482861779546,108.04,32.85,79.78,78.06,98.12,54.93,20.39,56.49,32.58,28.43
"1280","TRINITY_DN18783_c1_g1",2.24782991734831,-1.3438028915762,3.50258089945131,0.00443443714341484,0.032605099396473,-1.86769059063823,2.9,0,14.61,4.29,11.74,17.92,10.04,28.03,47.16,21.33
"1281","TRINITY_DN18783_c3_g1",3.03687027778323,-2.0599616459099,4.24525768066777,0.00116610832587765,0.0136372835049797,-1.25569754172609,1.25,1.05,3.56,1.18,3.63,11.89,16.34,13.38,35.33,15.29
"1282","TRINITY_DN18785_c0_g1",-3.13740882352697,0.390595895867935,-4.66732603579146,0.000561010948193023,0.00853023984955005,0.0474334697855872,53.29,52.08,140.44,169.12,107.99,17.9,10,2.8,40.62,4.95
"1283","TRINITY_DN18797_c0_g2",-1.25261806951173,1.99204797257403,-5.49763217370538,0.000142612915374821,0.00364842103863622,1.23915429817951,230.68,62.39,166.77,116.55,179.95,81.34,57.38,43,125.39,56.89
"1284","TRINITY_DN18815_c0_g1",-1.26896584925839,1.07077678161473,-5.74527340075979,9.65766463783171e-05,0.00292037941261916,1.68698886002156,109,27,102,63,112,35,22,45,59,25
"1285","TRINITY_DN18823_c0_g1",3.73825148832094,0.57891542086079,9.55115355356582,6.44201354783734e-07,0.000189419739310409,5.65894664800132,29.33,3,20.48,7.13,6.13,146.64,121.81,178.24,172.01,137.02
"1286","TRINITY_DN18841_c2_g1",-1.4433181435604,-1.1240437998851,-3.23019438505068,0.00731691632784656,0.0447996975123321,-2.23121353644923,36.3,6,20.1,10.59,29.69,13,5.42,5.35,5.45,6.71
"1287","TRINITY_DN18841_c2_g2",-1.30099197066246,-0.194574705927122,-3.4786738042295,0.00463293394706754,0.0335335136986902,-1.90101473462256,79,15,44,21,28,10,12,15,20,13
"1288","TRINITY_DN18856_c0_g1",1.69772771399221,1.88500180369411,7.38809033587161,8.98998811067601e-06,0.000751582200783131,3.96494018407896,65,30,57,34,65,159,146,261,217,131
"1289","TRINITY_DN18859_c1_g2",1.21863045638581,0.101731225326406,4.78134956954346,0.000462217150983867,0.00755852347429869,0.226480707381905,23.99,9,16.68,16.76,22.05,51,32.48,59.61,40.5,31.62
"1290","TRINITY_DN18862_c0_g1",-1.65154028282807,0.382747635328003,-5.55350338633566,0.000130508195079655,0.00346160654200109,1.40345284003339,57.87,27,56.71,65.16,79.34,16.25,7.31,16.5,42.34,19.26
"1291","TRINITY_DN18870_c1_g1",-2.69956995862146,-1.04116683840001,-5.5670836491949,0.000127733137356,0.00341292330829003,0.852599520195469,40.92,15.65,30.52,41.76,26.06,1.75,4.41,3.77,8.88,4.39
"1292","TRINITY_DN18876_c0_g2",1.53025968353186,2.55197371305885,12.2645336039496,4.28339663812642e-08,4.26598670340372e-05,9.05227953816507,106.5,37.59,99.78,84.8,88.51,255.61,251.87,300.43,300.35,239.15
"1293","TRINITY_DN18877_c0_g1",1.32100430782696,-0.397863089353805,3.72744485312692,0.00294336371176154,0.0249070607748186,-1.45898118097769,17,2,14,14,17,27,14,40,63,30.4
"1294","TRINITY_DN18879_c0_g1",1.15675222052465,0.366453727267883,3.22638363085821,0.00736853583797794,0.0450130936805957,-2.39618641344587,20.91,5,39.81,29.27,23.77,92.07,37.8,54,76.66,24.37
"1295","TRINITY_DN18891_c0_g1",1.75296194389956,-0.124841400610341,4.98083341656648,0.000330757033330684,0.00615631926884337,0.52466365153307,10.43,5,26.66,13.33,13.32,51.28,38.65,60.79,36.21,36.94
"1296","TRINITY_DN18907_c0_g1",1.63759780913922,-1.34836929633422,3.27060611112312,0.00679148667965997,0.0426613142925375,-2.17542290087662,5,1,19,9,4,20,10,20,22,16
"1297","TRINITY_DN18911_c0_g1",-1.88378152153963,-0.760668256994651,-5.59728163215751,0.00012178333736289,0.00332885237515879,1.2439813381128,43.22,9,23.18,28.26,44.31,6,5.01,9.06,10.06,6.05
"1298","TRINITY_DN18919_c0_g1",-1.46661991244613,0.499484553354776,-5.07215196209756,0.000284296306012382,0.00561077082654054,0.674334177116915,67.1,21,55.39,67.76,83.91,12.22,11.84,32.23,39.72,22.33
"1299","TRINITY_DN18936_c0_g1",2.26594290751628,-0.802568029326545,4.25381887455412,0.0011486771076305,0.0135127670112341,-0.681650012858101,11.27,1,11.34,2.79,13.22,47.49,21.63,44.03,55.31,15.31
"1300","TRINITY_DN18942_c0_g2",-1.63800323893315,0.39230938165322,-6.75069830956267,2.16494070988632e-05,0.00124587693208413,3.04913656548671,69.68,23,79.65,39.29,79.04,18.5,17.31,14.55,28.64,16.43
"1301","TRINITY_DN18961_c0_g1",2.26362961279501,-0.608224283964485,5.5471393009871,0.000131830510363086,0.0034837056724978,1.11341203706753,9.87,0,9.04,8.75,20.07,52.73,28.47,43.23,61.49,26.47
"1302","TRINITY_DN18968_c0_g1",-1.23275508837663,-0.480470618335711,-4.65056363360658,0.000577300480813397,0.00866694628963424,0.0138142601688198,47,9,26,30,30,12,8,11,14,13
"1303","TRINITY_DN18976_c0_g3",-1.79786141460961,0.0998809440311693,-4.35668984462314,0.000959183390826948,0.0119700194051702,-0.451164425327835,67.58,26.95,45.08,26.56,95.06,23.59,12.3,6.61,20.07,13.08
"1304","TRINITY_DN1898_c1_g1",-1.13185684363514,2.52997419682663,-3.7028475467083,0.00307772220962964,0.0255812614080241,-1.91914476478649,263.31,34,397.56,190.65,298.64,114.85,57.98,112.35,188.95,108.94
"1305","TRINITY_DN1898_c3_g1",1.82932124187315,-1.59326334855659,4.04774483484687,0.00165448880827308,0.017034946876592,-1.12797627151406,4.91,1,9.69,2.27,8.5,13,11.73,14,24.99,15.96
"1306","TRINITY_DN18991_c0_g1",-1.0269718925026,1.24474066724863,-4.78819756340695,0.00045689649284185,0.00751330083621799,0.165516380267023,111.49,29,87.23,73.22,115.65,39.1,40.2,64.47,37.18,43.12
"1307","TRINITY_DN18998_c0_g1",1.19659096948461,2.45689511432628,5.92976547502693,7.26415133381447e-05,0.00250141958758507,1.86424838583749,131.84,54,72,85.85,93,211.99,238.54,199,228.71,232.09
"1308","TRINITY_DN190_c3_g1",1.66829276703019,2.73839970036029,6.49864832247872,3.10927988566334e-05,0.00150581815199953,2.69495944949111,132.54,57.01,97.35,108.36,65.16,404.73,184.07,365.37,442.91,243.48
"1309","TRINITY_DN1900_c1_g2",1.08994719600145,1.18670150842182,4.47627668769338,0.000779102741451665,0.0104993531381836,-0.344049899517465,47.08,10,44.45,54.89,48.95,89.4,49.31,114.1,140.69,81.44
"1310","TRINITY_DN1900_c5_g2",2.72615503820057,-2.44698813136186,3.42665275674105,0.00509672751527514,0.0357465618597466,-2.20908671774732,0,4.27,0,2.07,4.32,16.15,4.63,12.9,18,9.28
"1311","TRINITY_DN19049_c3_g1",1.5620447880315,-1.01679581324733,3.23278038791292,0.00728209517081101,0.0446662176027851,-2.22613596468349,19.55,1,7.4,2.71,16.51,22.07,16.05,36.06,21.6,19.41
"1312","TRINITY_DN19054_c0_g1",1.98552328495496,-0.390560076279725,3.53113230844036,0.00420869982962023,0.031439688756447,-1.77145026762048,11,7,12,4.35,21,90,47,21,28.01,32.34
"1313","TRINITY_DN19055_c0_g1",-1.25981152220084,0.134151122078482,-3.85278146743081,0.00234654179875231,0.0214372337608164,-1.29886182609722,81.16,23,42.26,23.58,50.32,23.41,11.67,15.89,24.48,14.19
"1314","TRINITY_DN19069_c2_g1",-2.16463436741545,-1.38909913186265,-4.05945793006268,0.00162032144140529,0.0167956367909844,-1.07330733765406,44.62,6,16,16,29,2,3,3,8,6.19
"1315","TRINITY_DN19082_c0_g1",1.04400841364088,0.400695224009185,3.81254697611378,0.00252320435897694,0.0224984485517632,-1.39007598290459,23.97,9,38.99,32.77,17.41,52.81,35.02,41.88,71.46,51.23
"1316","TRINITY_DN191_c10_g1",2.69474860623186,1.47779803154731,10.78214360591,1.75608954860375e-07,9.68169798635572e-05,7.4092429122168,43.62,5,42.88,24.37,34.83,195.98,179,192.99,320.96,145.99
"1317","TRINITY_DN191_c5_g1",-1.94229187379117,4.04182190987159,-7.30761356879096,1.00168532813876e-05,0.000784227840019121,3.70642830282603,894.29,240.32,1509.2,586.83,1045.89,240.97,119.9,248.94,309.83,291.28
"1318","TRINITY_DN19104_c0_g1",1.60199164971912,1.25168100470885,6.24540047778779,4.51170247982199e-05,0.00188625550179194,2.41493028532591,37,17,45,47,26,82,121,99,147,110
"1319","TRINITY_DN19106_c0_g1",1.0719203498447,0.349504247104493,3.36065930517735,0.00575377648467977,0.0386094534205615,-2.16500004346798,28.79,11,27.99,36.01,13.1,68.36,38.67,51.29,49.09,35.03
"1320","TRINITY_DN19124_c0_g1",-1.15229612729443,1.99423106981161,-4.87982306037324,0.000391567271740089,0.00681660442498083,0.231931460157194,231.19,77,157.15,100.91,164.21,78.63,44.34,78.56,116.32,50.99
"1321","TRINITY_DN19147_c0_g1",1.54444170276598,1.13489680638999,5.35101821866096,0.000180365059722987,0.0042605897887433,1.08643915699142,45,18,31,22,46,95,52,91,156,128
"1322","TRINITY_DN19158_c0_g1",-2.16068266932175,2.61698964178166,-4.10399588379569,0.00149692834402838,0.0159724090871029,-1.18150446472821,974.17,52,222.44,291.76,507.21,148.9,35.61,64.09,125.08,76.53
"1323","TRINITY_DN19162_c0_g4",-1.76400780857724,3.04256413146087,-7.54508119644522,7.29644294394111e-06,0.000670447557890589,4.12290487392227,333.86,171.43,650.18,390.42,330.13,154.79,136.57,115.5,113.42,92.41
"1324","TRINITY_DN19169_c1_g1",-1.29411414038835,0.0148541702717268,-3.19398601078126,0.00782250642450045,0.0467367321432079,-2.41283028685726,56.62,27,47.35,17.23,55.46,9,13.64,13.24,25.21,22.84
"1325","TRINITY_DN19185_c0_g2",-1.6595329246331,-1.13904015353066,-3.55129185832671,0.00405640448378247,0.0307067382695353,-1.73650379981175,22.01,11,21,16.01,33,14,6,2,11,3
"1326","TRINITY_DN19186_c2_g1",-1.9893819553532,-0.71495551460061,-5.31152619505069,0.00019224290217106,0.00440795199526871,0.866148238045653,31.47,15,39.95,22.96,43.77,3.92,7.67,6.2,13.97,7.24
"1327","TRINITY_DN192_c1_g4",-1.18783305033212,1.18038102385526,-4.68829752175449,0.000541305192351831,0.00836240005437599,0.00883472449744893,109.38,28.02,102.64,73.41,116.93,48.72,14.71,40.86,67.33,42.97
"1328","TRINITY_DN19203_c0_g1",-1.1533614655414,2.78178422306838,-7.30738794507006,1.00199023311687e-05,0.000784227840019121,3.81646515119861,321.99,103,260.4,250.57,291.37,107.16,149.03,147.09,117.2,112.75
"1329","TRINITY_DN19209_c0_g1",-2.16940753335151,-0.405559549935185,-3.53425732367153,0.00418471497402174,0.0313232538854538,-1.76226767796941,77.84,15.66,65.61,54.98,16.35,7.97,9.9,5.19,16.2,5.99
"1330","TRINITY_DN19214_c0_g1",-1.22140285827406,0.798509683281871,-6.83957123034585,1.90931326002968e-05,0.00114573639631013,3.2125111078736,75.77,24,75.85,68.72,80.5,30.08,33.77,28.6,30.81,24.04
"1331","TRINITY_DN19216_c1_g1",1.6984809419715,-0.968111554586657,4.06889491799447,0.00159332483123267,0.016604999439486,-0.930023790689798,5,6,11,5,15,20,19,18,37,19
"1332","TRINITY_DN19224_c0_g1",-1.99733444529377,-0.764443319523979,-3.84856193984509,0.00236445580876541,0.0215594236975261,-1.25838417078912,38.38,10,53.67,16.84,40,3,7,3,19,13
"1333","TRINITY_DN19228_c0_g1",-1.65809478134096,0.323532997282815,-6.8103455795393,1.98963203787613e-05,0.00117880652883792,3.11483546528241,62.26,20,70.45,46.6,78.97,25.25,11,12.44,21.48,21.83
"1334","TRINITY_DN19255_c0_g1",-1.50931281300365,-0.439294504540725,-4.31399828278259,0.00103353955696601,0.0125568964587495,-0.510404981556159,47,7,27,28,64,11,7,9,15,14
"1335","TRINITY_DN19271_c0_g1",2.5268513812503,-1.20161043071336,4.23023260451101,0.00119736753577331,0.0138551373438908,-0.82056392407751,7,5,6,3,6,16.84,31.4,28.73,49.58,12
"1336","TRINITY_DN19274_c0_g1",2.42073995113948,0.939860826094808,4.01208483143693,0.0017631705889359,0.017734526392835,-1.07567705988918,6.53,10.6,44.66,18.76,65.55,156.01,99.3,58.3,219.13,104.88
"1337","TRINITY_DN19277_c0_g1",1.02790980881506,1.52843660232934,4.603589625813,0.000625637057946124,0.00915543623462063,-0.171602552175762,62.1,25,60.08,29.11,79.42,141.05,81.52,98.41,147.82,92.51
"1338","TRINITY_DN19284_c0_g2",1.5853078737722,0.869365394264766,4.69030059452112,0.000539461268410869,0.00834602382152639,0.0496042769700313,31.57,13,13.11,37.07,47.91,93.67,83.37,108.14,84.46,54.67
"1339","TRINITY_DN193_c0_g1",-1.30086362970605,7.01515672437367,-11.2489023302148,1.10739925910028e-07,7.27443504797066e-05,8.12628643682227,6154.25,2121.56,6065.18,4201.37,5921.85,2242.41,1826.68,2077.4,3260.03,1856.9
"1340","TRINITY_DN19321_c2_g4",-2.06154163536357,0.287855102652214,-5.21679200489682,0.000224223359064764,0.0048580154300109,0.896995723642111,75.84,39,55.31,52.27,78.86,13.02,18.03,4.48,36.15,14.59
"1341","TRINITY_DN19323_c3_g1",-2.11273289979661,-0.853760572211643,-4.48721908515823,0.000764487877088545,0.0103771372685125,-0.321190699149554,40,14,35,25.49,25.73,18,7.74,2,5,7
"1342","TRINITY_DN19323_c4_g1",-2.23099829351178,-1.6418843619777,-3.174306705093,0.00811193387704261,0.0479188455983571,-2.36129161058674,19,4,26,12,33,0,3,7,6,9
"1343","TRINITY_DN19330_c0_g1",-1.26859978654315,0.260939862323201,-4.05962131284265,0.00161985004534834,0.0167956367909844,-0.96080529769114,82,15,45,41,58,37,7,20,23,21
"1344","TRINITY_DN19332_c0_g1",1.47355512012407,-1.44742061426431,3.15816786173177,0.00835733088255725,0.0488589724802258,-2.35043956481413,8.86,0,9.56,4.48,11.81,13.87,11.24,26.25,15.08,17.26
"1345","TRINITY_DN19337_c0_g1",1.05483294871804,5.94548648510803,5.50602572021236,0.000140721231578506,0.00361149401808379,0.749345378492275,903.55,710.32,1089.5,1113.3,1236.55,2711.6,2677.52,2296.97,1902.58,2290.09
"1346","TRINITY_DN1934_c2_g1",-1.72544715767087,-0.93251182487772,-4.10347879865965,0.00149830369152702,0.0159843221051159,-0.880632208312654,36.24,10,37.64,16.39,27.23,11,2,11,13,3
"1347","TRINITY_DN19355_c0_g2",-1.1372381939994,0.853460139379066,-3.54938244115195,0.004070584759292,0.0307650511281227,-1.91012968201859,68.83,21.71,105.23,42.75,117.14,20.53,28.77,39.98,59.22,21.66
"1348","TRINITY_DN19367_c5_g1",2.50011470651649,0.32464199213652,5.13261040726231,0.000257350958411418,0.00527407267695127,0.764304631996595,7.01,5,45.66,9.83,21.53,83.52,86.45,115.9,70.48,54.16
"1349","TRINITY_DN19388_c0_g2",-1.47433843876036,0.0980116302695292,-3.64549497218193,0.00341597834863766,0.0274112840898867,-1.64600240020127,67.83,16,34.96,39.39,70.96,20.82,16.76,4.69,24.7,25.76
"1350","TRINITY_DN194_c3_g1",-2.29551108908849,0.896992866988517,-7.17503850603725,1.19913504271986e-05,0.000867339987835585,3.6305883540336,171.69,38,117.14,125.54,75.12,26.63,16.99,16.28,40.29,13.34
"1351","TRINITY_DN194_c5_g1",1.24250571208622,1.90526918552891,7.36972259893805,9.21402909253107e-06,0.000761643732805366,3.94119756269709,66.37,22,81.39,70.93,62.54,161.16,128.15,138.61,240.91,130.18
"1352","TRINITY_DN19409_c0_g1",-1.17602974776824,0.977026443368683,-5.61925891906125,0.000117637722955911,0.00327202437706379,1.50030662966955,105,35,80.01,57,85,32,20,41,46,33
"1353","TRINITY_DN19410_c0_g1",1.29984260137613,0.97346915602734,4.35687850893487,0.000958867434847424,0.0119700194051702,-0.519679553325397,46.28,17,25.13,23,47,47.22,90,93.5,110.97,78.39
"1354","TRINITY_DN19410_c0_g2",-2.04798335487829,-0.489518827246847,-6.29187463267523,4.21101761013636e-05,0.00179055604235431,2.19235598344992,47,17,31,32,55.06,8,6,13.02,11,5
"1355","TRINITY_DN19411_c0_g1",1.62996223483823,0.350398540772657,7.71289701678977,5.85635634137809e-06,0.000603306271143259,4.1737160932283,23.74,7,23.3,15.98,22.36,68.11,43.14,74.65,65.35,50
"1356","TRINITY_DN19414_c0_g1",1.06535205717032,3.68510395516213,3.71288171584982,0.0030221682226236,0.0253068678343589,-2.10699699017449,286.25,131.44,110.17,281.52,310.35,557.97,600.33,452.65,480.93,399.6
"1357","TRINITY_DN19447_c0_g1",-2.50399477493436,1.94387323001,-7.40783176795622,8.75566306012939e-06,0.000742643794830865,3.98887902574233,306.81,200,195.74,229.67,173.27,50.01,29,31.97,56.53,39.77
"1358","TRINITY_DN19455_c0_g1",1.84631058155953,-1.43463488121088,4.21594564233213,0.00122789829353561,0.0140825155700662,-0.850519760206729,4.39,1,10.93,4.5,8.5,17.29,9.55,20.91,27.07,15.29
"1359","TRINITY_DN19456_c0_g1",-2.97806344034657,-2.43231884412605,-4.28120424740315,0.00109471342112123,0.0130712710978192,-1.25009672749935,26,4,12,13,15,4,0,3,4,0
"1360","TRINITY_DN1946_c1_g1",1.77961183289271,4.28779694207491,6.85177373908855,1.87680663117321e-05,0.00113505441588329,3.034927048273,230.66,152.01,465.5,188.17,272.12,955.49,615.76,735.9,1537.64,1178.69
"1361","TRINITY_DN19462_c0_g1",2.13656731003414,-0.159455509805849,3.34037166035077,0.00597258053790665,0.0395448105355629,-2.11026923075971,9,7,7.85,19,17.96,132.83,54.91,18,62.8,24.97
"1362","TRINITY_DN19468_c0_g1",-1.88497600081078,-1.0465528259754,-3.27366339115489,0.0067533236563609,0.0425041808105196,-2.1621672104294,23,14,23.81,12.37,48.1,1.94,8,6.24,5.98,13.35
"1363","TRINITY_DN19479_c0_g1",-1.20181971430682,-0.820028852948483,-3.17162333650477,0.00815222642359213,0.0480729442251982,-2.3489598097399,35.8,6,22.03,15.05,37.05,4.42,10.52,7.52,17.45,9.4
"1364","TRINITY_DN1950_c2_g1",-1.56756217467805,-0.184011850374593,-3.20250170678315,0.00770051424292763,0.0462386406516345,-2.36172274080546,63.81,14,54.74,56.46,21.18,7.01,5.49,14.25,41.61,9.32
"1365","TRINITY_DN19524_c0_g1",1.35900982422732,-0.967171043320246,3.75983502880735,0.0027755659039965,0.0239265173028027,-1.39689422667818,7.58,5,14.02,8.78,8.16,16.91,13.89,22.29,21.66,25.28
"1366","TRINITY_DN1954_c1_g1",1.25366686871901,6.09523986374862,10.6227196264491,2.06344999475276e-07,0.000108059902998011,7.53385680584984,1304.49,512.97,1246.84,1146.91,1110.62,3481.98,2561.76,2546.76,2686.64,2933.08
"1367","TRINITY_DN19543_c0_g1",2.60216932810272,-1.8073471847546,4.66241057450697,0.000565737343025568,0.00858016288394327,-0.629282069108061,3.73,0,3.99,2.02,8.42,23.78,9.98,13.18,28.64,18.48
"1368","TRINITY_DN19544_c0_g1",1.63693467492995,2.39956246467731,4.01599731776777,0.00175089427315355,0.0176541834713725,-1.3071234024634,92.25,29,29.94,118.35,147.99,246.68,401.34,220.59,213.3,225.76
"1369","TRINITY_DN19553_c0_g1",-1.92115746296988,-0.977174438380917,-4.23318969581397,0.00119114735619891,0.0138123881597315,-0.701689955860838,43,6,29,17,45,6,2,5,17,6
"1370","TRINITY_DN19597_c3_g2",-2.03294711916793,0.813385992924146,-3.61052290517438,0.00364070393295821,0.0284745011339206,-1.7735629611638,151.83,84,49.97,147.97,49.33,30.92,20.05,13.47,28.96,15.68
"1371","TRINITY_DN19598_c2_g2",3.96974011546364,-2.05320558290494,4.56915417661791,0.000663745583835213,0.00950708100673639,-0.898768445721998,2,0,2,3.99,1,20,15,22,72,15
"1372","TRINITY_DN19611_c0_g1",1.72504712882627,1.12193034698967,6.71419060614785,2.28029914326175e-05,0.00128003555907388,3.05818490634956,34,12,35,33,36,79,78,94,190,116
"1373","TRINITY_DN19618_c0_g1",1.15765754132449,1.10649463975311,5.52050025759652,0.00013752101853456,0.00357392586383502,1.34665611302114,45,13,44,48,32,99,90,79,83,83
"1374","TRINITY_DN19630_c0_g1",1.50727016910518,-0.221901716409398,3.26795403650771,0.00682476833723927,0.0428050579266481,-2.24205519445957,24.29,4,6,32,13.03,54.02,44.81,23,44,29.01
"1375","TRINITY_DN1966_c4_g1",1.1126534422221,0.428247354173287,3.85938729076187,0.00231877691097635,0.0212614015569427,-1.30936070068759,22,4,26,46,31,49,59,50,72,44
"1376","TRINITY_DN19672_c0_g1",1.5152997951109,-1.2384061171943,3.83375749042085,0.0024284293801863,0.0219611390403842,-1.32996599785584,9.75,0,9.36,7.49,11,20.16,12.66,28.42,24.95,13.52
"1377","TRINITY_DN19676_c0_g1",-1.55415702544616,0.398713700889585,-3.26385775432047,0.0068764982870043,0.0430420695616768,-2.33759340631045,64,30,86,57,45,47,6,6,41,29
"1378","TRINITY_DN19727_c0_g1",1.4900600395826,3.03225571421569,4.23902896258309,0.00117896289689458,0.013724536906166,-1.01989431386982,227.07,20,119.39,83.78,268.24,392.57,310.1,444.93,716.38,224.07
"1379","TRINITY_DN1973_c1_g2",-1.11971952743301,6.98402088752715,-7.77179694011959,5.42570010795839e-06,0.000578628895105725,4.06469329881104,6006.76,1887,5961.66,3573.37,5504.3,2098,1661.14,2608.93,3282.23,2097.42
"1380","TRINITY_DN19742_c0_g1",-2.96887119857905,2.35995157778546,-15.89692999406,2.32963322370405e-09,8.44527583888401e-06,11.3237842252582,431.43,185.15,336.62,340.43,416.71,58.44,43.12,57.17,54.85,30.69
"1381","TRINITY_DN19750_c1_g1",3.49071173545674,-0.566674380779345,5.00690069268558,0.000316732574990752,0.00598457865377263,0.288046206330098,7.77,3,3.32,11,5,52.5,85.32,76.69,74.06,21.68
"1382","TRINITY_DN19759_c0_g1",-2.13873536256884,-0.251533309769727,-3.46959359278164,0.00471067774785577,0.033921274585959,-1.87917301536928,98.63,21,52.82,55.41,22.32,22.91,5.09,5.16,26.48,3.02
"1383","TRINITY_DN19759_c0_g2",-1.893104831857,-1.03197210059071,-3.79106957910927,0.00262305338608419,0.0230196077081059,-1.3693916062085,48.55,10.55,28.61,16.44,22.51,15.96,2.21,2.03,10.32,5.7
"1384","TRINITY_DN19769_c0_g1",1.68138290795315,0.260175206539812,3.82171279263165,0.00248179028546062,0.0222611252973013,-1.34808662085936,25,7,25.01,12.01,17.01,90.71,102.04,50.06,47.96,26
"1385","TRINITY_DN19772_c0_g1",-2.29598237169907,0.185869796236088,-5.9566601309322,6.97150566338152e-05,0.00243072169816458,1.94766104864645,87.55,30,36.84,73.77,88.17,10.38,17.43,11.2,13.25,11.24
"1386","TRINITY_DN19777_c0_g1",-1.15407288957314,2.01880751119005,-5.33687783004621,0.000184526555559788,0.00431161620152941,0.978175104721816,178.21,57.39,223.31,108.91,185.67,79.89,45.43,66.08,134,59.06
"1387","TRINITY_DN19779_c0_g5",3.32423178397463,-0.940799027840347,3.53173082382181,0.00420409531618433,0.0314293506316704,-1.8288318977181,3.17,0,31.76,19.53,0,39.74,17.56,76.97,56.06,45.82
"1388","TRINITY_DN19780_c0_g1",-1.9608461058606,3.4728198655621,-5.87015089750011,7.96023035786377e-05,0.00262148428873265,1.66002152897434,508.28,362.05,458.86,470.21,909.37,187.85,51.7,162.26,286.74,147.14
"1389","TRINITY_DN19780_c0_g2",2.93459717001852,-0.602337306593656,3.49409667831617,0.00450386831628193,0.0329274047825925,-1.82412449884653,13.31,1,28.73,8.26,1.03,28.06,78.02,50,39.98,61.04
"1390","TRINITY_DN19789_c0_g1",-3.06244205980071,-1.30659143037757,-4.2040077996992,0.00125402824451971,0.0142787637917394,-1.00833355976826,32.26,16,46.97,38.5,16.94,3.51,1.07,2.35,2.2,7
"1391","TRINITY_DN19798_c0_g1",-1.1535023071332,3.33272839612768,-4.57412387029669,0.000658099408125365,0.00945910666967529,-0.502756352079383,369.08,132.03,389.98,746.64,312.24,201.42,159.58,170.1,220.97,174.45
"1392","TRINITY_DN19799_c1_g1",1.07014575889249,0.338109028640828,3.25951229301243,0.00693180858677811,0.043238873329265,-2.33524426238339,41.8,5,36.79,11.32,29.24,36.02,63.96,43.11,67.98,45.55
"1393","TRINITY_DN198_c0_g1",-1.21890547564218,5.32884387411746,-4.94474241325775,0.000351259624264655,0.00637820558713913,-0.140995477203235,1708.46,652,1734.23,1613.67,1775.78,660.63,468.25,414.31,1557.65,871.02
"1394","TRINITY_DN1980_c1_g1",-2.34951668844836,3.96051959285338,-8.28398180174833,2.83949696710249e-06,0.000406720620752202,5.01350057074307,1074.11,320.98,1566.42,546.47,1088.94,198.64,90.01,218.71,292.04,199.13
"1395","TRINITY_DN19800_c0_g1",1.08704675062247,-0.644392729112072,3.23851556424925,0.00720546576848219,0.0443946418152303,-2.25756164190462,21,7,13,6,13,19,22,30,31,16
"1396","TRINITY_DN19823_c0_g1",-1.68305803131226,0.689823531257032,-4.90770156969497,0.000373693690266293,0.00662118737060633,0.408764558303964,134.09,26,66.45,47.85,99.95,21.72,18.36,12.77,33.24,38.26
"1397","TRINITY_DN19826_c1_g1",-1.29117911182736,1.28507490746945,-6.00898854124562,6.43732223371409e-05,0.00230483945148632,2.07132795331401,121.5,46,120.61,80.07,94.46,28.45,26.48,50.91,58.94,43.5
"1398","TRINITY_DN19833_c0_g1",2.92608985260681,-0.662237048473673,4.8046663084011,0.000444361783898969,0.0073818809341387,0.0538985539701864,7,1,17,8,4,34,61,26,80,44
"1399","TRINITY_DN19848_c0_g1",1.53796069429055,-0.622186449658611,4.04795470923731,0.00165387008852565,0.0170318829596867,-0.935039593202675,16.26,6,6.15,9.23,13.12,25.04,39.71,23.3,23.52,27.81
"1400","TRINITY_DN19868_c0_g1",1.06088056981083,0.38175602598005,4.8935190784417,0.000382676974316381,0.00672631306862736,0.397625141827183,24.1,8,24.58,27.61,29.86,66.25,40.67,47.89,49.29,46.47
"1401","TRINITY_DN19880_c0_g1",-2.31150388286229,-1.58478613284935,-4.29187747970522,0.00107440091054087,0.0129095363736286,-0.913679711134595,22,14,26.43,14.31,18.37,3,2,5.05,6.04,1
"1402","TRINITY_DN19886_c0_g1",1.51997694812321,-0.693033126266784,3.51558101510971,0.00433016069157185,0.0320790356788456,-1.78796313202503,14.75,6.23,18.73,4.03,9.8,35.65,14.5,38.45,23.87,22.91
"1403","TRINITY_DN19892_c0_g1",-1.27396202371889,-0.119796714055047,-4.89219284081788,0.000383528524385598,0.00673361368318508,0.398117328397001,42.19,8.02,51.18,35.33,50.68,18.43,16.45,10.88,17.77,13.93
"1404","TRINITY_DN199_c1_g1",-1.11463287926292,5.93033655500752,-8.00392270545519,4.03104888903979e-06,0.000500823353723197,4.45293940989601,2780.85,762.39,2581.97,2458,2623.01,830.87,1318.91,1166.51,1330,1041.85
"1405","TRINITY_DN19915_c0_g1",-2.03367262447994,0.978251224588754,-5.66704687030111,0.000109129572597641,0.00313420132500426,1.57512386032549,156.61,36,81.66,82.54,155.97,28.59,18.28,29.6,58.36,9
"1406","TRINITY_DN19918_c0_g1",-1.34165295049805,2.81437125675034,-4.40630187421845,0.000879715809090796,0.0113073879641421,-0.703652255642009,221,111,241,387,463,111,66,226,149,92
"1407","TRINITY_DN19920_c0_g1",-1.57322467476474,-0.588857520887031,-3.62782627080064,0.00352768326997572,0.0279696182016514,-1.60910634598807,36,13,49,17,40,13,5,6,28,4
"1408","TRINITY_DN19921_c0_g1",-1.2302949774327,0.958468438574983,-5.46774574408718,0.000149569444392944,0.00377271815865012,1.27055191749711,105,22,91,61,101,37,17,36,56,29
"1409","TRINITY_DN19945_c0_g1",1.87354377871057,1.03361599388202,4.55676774211097,0.000678039281899508,0.0096440917241023,-0.178681894346603,25,12,47,13,54,90.64,98.67,79,243.37,69
"1410","TRINITY_DN19961_c0_g1",1.40088569027976,0.11881546316808,4.17333926208854,0.00132383481773573,0.0147339856390674,-0.753814315641617,20.02,10,14.63,11.4,31.68,56.2,55.96,25.91,52.01,42.8
"1411","TRINITY_DN19963_c0_g1",-1.68969313632245,-1.22465435737195,-4.02928656070674,0.00170985182857751,0.0173565560925537,-1.0271470603931,20.04,4,20.03,27.01,32,6,6.01,3,10,5.01
"1412","TRINITY_DN19968_c0_g1",-2.07140300586573,-1.79322128346884,-3.45629452162257,0.00482694853786156,0.034525010809206,-2.00305485170216,11.92,7,20.24,13.2,23,1.99,11.39,2,3.48,1.4
"1413","TRINITY_DN19976_c0_g1",-1.08199860290483,1.09113593382884,-4.40065399256133,0.000888405990384152,0.0113741018233964,-0.465680030377594,67.91,31,113.57,60.01,122,43.6,24,44.69,50.88,32
"1414","TRINITY_DN19992_c0_g1",1.35327373460539,-0.407043514704636,3.45119450307174,0.00487230837329113,0.0347197621001354,-1.9210739485166,9,8,18,17,12,24,38,43,31,18
"1415","TRINITY_DN20004_c1_g1",-2.07808277621697,1.43574992954121,-5.41435395261029,0.00016290364300903,0.00396639987221507,1.17019563651862,240.44,46.62,137.13,79.4,232.6,25.15,37.13,24.69,83.32,23.5
"1416","TRINITY_DN20013_c4_g1",-1.21658473432563,-0.4413224232473,-3.8341488952653,0.00242671530265363,0.0219520680498471,-1.28504207208441,48.77,14.02,25.58,23.73,31.7,16.12,6.38,8.41,22.99,8.6
"1417","TRINITY_DN20017_c1_g2",-1.17751647415959,0.176828763064469,-3.26000177850668,0.00692555585389078,0.0432375023865902,-2.32419229791878,52.15,12.64,28.9,49.33,89.17,13.05,14,31.71,21.68,19.39
"1418","TRINITY_DN20022_c0_g1",-1.02031256600173,3.11173121966392,-7.01124605223319,1.50218086510654e-05,0.00100322291249106,3.37659631953816,313.18,141.89,337.69,265.04,429.48,156.12,118.21,163.83,218.96,176.74
"1419","TRINITY_DN20053_c1_g1",2.33688509685368,-1.86123213084481,3.36293752991191,0.00572971910002749,0.0385011217752333,-2.15852057183763,6,2,0,5,7,11,14,20,13,18
"1420","TRINITY_DN20055_c0_g1",1.68769854421913,4.15592589795023,12.5438010832828,3.33823185166328e-08,3.8172063032686e-05,9.44381548692966,260.68,111,282.11,258.14,274.65,1033.5,742.54,1032.58,855.1,670.72
"1421","TRINITY_DN20078_c0_g1",-1.5885054964701,0.904725751075956,-4.54554364733041,0.000691269210031821,0.00975929258442109,-0.19717646593492,89,27,85,82,124,33,15,11,52,54
"1422","TRINITY_DN20085_c0_g1",1.2052577371542,1.12048226716309,3.9692492311713,0.00190354142883114,0.0186743162053557,-1.20642924279291,30.05,21.38,61.52,34.53,34.59,83.83,51.26,95.9,168.07,63.02
"1423","TRINITY_DN20089_c0_g2",1.39048684833495,1.74217224577823,4.17530668879826,0.00131923792029982,0.0146934168655616,-0.927010150510185,95.81,12,72.66,55,44.44,88.7,139.02,145.01,302.6,137.78
"1424","TRINITY_DN20090_c0_g1",1.15279413387238,1.30687985961936,6.1264075650511,5.39037159279583e-05,0.00207768205438176,2.24222825727848,37,17,58,44,51,93,86,111,105,100
"1425","TRINITY_DN20092_c0_g1",-1.2203805515398,1.52262818067916,-5.73832929113087,9.76265700377177e-05,0.00293774144575487,1.65446226330218,108,51,171,101,109,49,30,59,75,41
"1426","TRINITY_DN20093_c1_g1",2.27354153135072,-0.99775451500869,3.65646295238419,0.0033484649852926,0.0270311172587067,-1.5783486097527,16.17,7.64,12.3,4.35,1.88,19.56,23.23,21.81,33.7,33.58
"1427","TRINITY_DN20099_c0_g1",1.79608668518504,-1.0504830442813,3.72834907309194,0.00293854085200909,0.0248730665565261,-1.46297932477239,19.01,4,5.1,3.19,9.43,27.85,14.55,21.87,18.88,30.95
"1428","TRINITY_DN20109_c1_g1",2.06555018002429,0.512216823796235,6.00588516236926,6.46775987742217e-05,0.00230850425960153,2.04949287268964,23,11,13,24,18,97,63,50,71,107
"1429","TRINITY_DN20116_c0_g1",1.82818717135821,0.755245118528886,6.43645411186152,3.40422166453669e-05,0.0015909098052072,2.66241892351108,17.44,18,34.43,16.5,27.7,78.74,86.37,72.1,83.75,87.45
"1430","TRINITY_DN20132_c0_g1",-1.70489237236792,1.38162062824013,-7.37302349975811,9.1733308677992e-06,0.000760315213993108,3.93152798950847,156.27,42,110.02,112.11,160.18,54.01,37.03,23,58.03,27.02
"1431","TRINITY_DN20149_c0_g1",-1.40815257339535,0.632936922088341,-5.68561881171079,0.000106000785845567,0.00309137411703499,1.6034683628435,75.97,15,76.31,66.35,93.23,21.6,13.26,32.83,30.65,30.68
"1432","TRINITY_DN20175_c0_g2",1.61741567854574,-0.159619262399789,3.35649133822234,0.00579805466098877,0.0387927488575939,-2.09324294598102,43,3,14,9,12,104,25,35,50,27
"1433","TRINITY_DN20197_c0_g1",-1.48714068978032,0.0450360921587113,-5.57036473434017,0.000127072058226711,0.00340796411664224,1.41255244332626,57.76,24,46,33.5,49.63,13.03,11.5,24.9,15.92,12.02
"1434","TRINITY_DN20206_c0_g1",-1.71349176239897,0.254462296395001,-6.54942106942995,2.88865977435288e-05,0.00144780003041186,2.76778047404077,69.88,24,72.59,40.94,62.33,18.47,7,21,28,12.47
"1435","TRINITY_DN20206_c0_g3",-1.97349665456142,0.742346975181827,-6.50833066182282,3.06586382369871e-05,0.00149416700383384,2.76136553005518,91.73,25,125.48,60.91,128.29,37.21,13.14,22.19,34.41,11.05
"1436","TRINITY_DN20214_c0_g1",-1.48543880104915,3.02258177619601,-4.76801077396949,0.000472768073013566,0.00765974533196619,-0.105135567702896,524.81,176,201.23,396.84,390.19,137.54,189.37,128.18,144.97,76.38
"1437","TRINITY_DN20223_c0_g2",-3.0504618315409,-1.16704798795705,-4.00914843916331,0.0017724425948723,0.0177987941694868,-1.20895305650358,52.93,21,17.02,24.63,54.76,1.08,1.09,6.42,5.43,4.3
"1438","TRINITY_DN20241_c0_g1",-1.8439740591119,-1.47228466032176,-4.5932220853662,0.000636863945493791,0.00925295880149426,-0.348372600265752,20.38,4,19.44,21.77,23.36,4.23,4.37,2.1,7.45,4.16
"1439","TRINITY_DN20271_c1_g2",2.30871947933768,-0.845652923011996,5.10418814962802,0.000269667386647446,0.00541685809717193,0.438266969949273,7.07,0,10.44,5,18.51,40.47,31.22,28.02,57.31,22.23
"1440","TRINITY_DN20288_c1_g3",1.29899433552033,0.616472382896224,3.37650253851833,0.00558857551362798,0.037875464912249,-2.1635170594502,52.46,4,18.71,40.94,25.28,67.21,96.77,45.22,58.15,80.07
"1441","TRINITY_DN20298_c0_g1",-3.1397151306474,0.00424700016564254,-12.1096262866152,4.92911991741928e-08,4.5427357710568e-05,6.99648631595778,79,31,97,71,86,8,5,7,12,8
"1442","TRINITY_DN203_c4_g1",-1.23143773482713,1.82794961964977,-6.32537860912995,4.00748985003539e-05,0.00175003170622337,2.50776627764538,196.27,48,118.16,127.26,184.86,69.9,45.37,76.63,72.56,50.23
"1443","TRINITY_DN20306_c0_g1",1.06402802774766,1.06053767367945,3.82145944773057,0.00248292552965517,0.0222680734357512,-1.4554249739204,51.86,9,47,45,36,134,95,59,84,60.35
"1444","TRINITY_DN20307_c0_g1",-1.49173794682203,2.36350666360087,-5.47908534999033,0.000146888718678476,0.00372182380014712,1.1702483741258,310.69,84,145.61,245.83,287.98,65.08,63.16,114.24,81.03,99
"1445","TRINITY_DN20309_c0_g1",-1.85877521490644,0.175551518625599,-4.60718222602955,0.00062179506706688,0.00912636125534721,-0.0497351461823987,61,24,71,76,38,30,20,16,11,6
"1446","TRINITY_DN20321_c0_g1",-1.15411265842181,0.564541440981227,-3.8308592091076,0.00244116064457157,0.0220328475995667,-1.38260764941944,48.03,16,98.98,60.23,64.18,28.04,40.44,22.17,25.32,17.47
"1447","TRINITY_DN20324_c0_g3",-1.6290063271829,0.0984926205352122,-6.95106252656534,1.63323457978862e-05,0.00105231535069915,3.24890438281076,74.73,16,56.47,34.94,57.6,15.53,13.07,13.57,19.99,14.03
"1448","TRINITY_DN20332_c1_g1",1.34686510222838,-0.421476089699001,4.48415776787185,0.000768547601766745,0.010407189100165,-0.242827784156185,14.93,7.69,8.95,15.42,15.04,38.97,24.76,30.59,35.22,19.33
"1449","TRINITY_DN20354_c0_g1",-1.37786436018639,1.42739180319864,-6.6430471063691,2.52432881473233e-05,0.00134141355982867,2.97058150093231,111.84,62.63,143.98,86.19,117.07,37.42,39.66,46.82,62.83,31.76
"1450","TRINITY_DN20355_c0_g1",2.32537799578278,-0.15751702448935,6.51183545666765,3.05030747650231e-05,0.00148893585817442,2.56240630407022,6,6,15,14.41,14.53,58.59,45.56,46.01,53.56,48.91
"1451","TRINITY_DN20357_c0_g1",1.89977560142611,1.55661412337244,5.43657033014311,0.000157208952825854,0.0038876004882222,1.1945260545075,35,48,20,60,40,169,98,141,200,125
"1452","TRINITY_DN20363_c0_g1",-1.78892024672462,-1.34871501091336,-4.37365762874137,0.000931196045105333,0.0117283209163548,-0.580386630863529,32.87,4,22.4,19.61,18.53,4.09,3.06,3.08,7.87,8.27
"1453","TRINITY_DN20368_c0_g1",-1.10413143716175,0.724322624479033,-3.49790491010909,0.00447256733587582,0.0327897867611923,-1.9828913895848,118,21,48,46,87,29,35,24,48,17
"1454","TRINITY_DN20389_c0_g2",1.82024372598309,-0.518518211954984,3.29759094048587,0.00646204206724424,0.0414134067014216,-2.1444887120223,17.37,2,12,5,16,15,19,60,55.24,51.17
"1455","TRINITY_DN20410_c3_g1",1.00383455788475,1.53209680142624,3.79485245434794,0.00260517632470681,0.0229184253736994,-1.57437128920732,45.9,12,104.77,41.68,82.84,116.73,88.78,114.13,179.41,85.22
"1456","TRINITY_DN20419_c1_g1",2.23750553453681,0.544134979059677,5.98817897654574,6.64436388771886e-05,0.00234980630778273,2.02326537270845,20.08,8,27.94,12.38,19.63,121.55,64.53,74.02,157.72,40.43
"1457","TRINITY_DN20419_c2_g1",-1.95945859433257,0.602378072317701,-4.52371723853433,0.000717773258062885,0.00999122252905028,-0.205841077592311,141.92,19.83,123.14,58.68,61.53,19.51,43.81,17.38,30.73,6.08
"1458","TRINITY_DN20426_c0_g1",-1.1926208968281,-0.105139627373249,-3.35448621023602,0.00581947906790823,0.0388771171140536,-2.12483863041643,35.41,17,51.09,21.93,54.34,7.11,19.73,16.75,25.39,12.51
"1459","TRINITY_DN20433_c0_g1",-1.57418952748441,-0.992898736444544,-4.20567866160008,0.00125033655346537,0.0142551295242577,-0.718978445902631,31.84,5,22.93,25.5,27.02,7.09,4.15,13.98,5.17,8
"1460","TRINITY_DN20439_c0_g1",1.11770021341841,-0.220268168251541,3.76806869273452,0.0027344988350473,0.0236849255248283,-1.40946008480505,20.99,8,15.22,10.7,20.95,49.07,18.5,35.06,45.04,20.92
"1461","TRINITY_DN2044_c0_g1",1.03163108341617,2.37299434320901,3.41348460437742,0.00522144912492067,0.0363016080340768,-2.40766167593445,150.74,39.04,54.8,74.21,145.51,165.73,199.91,248.48,166.26,245.8
"1462","TRINITY_DN20458_c0_g1",-1.9534529675207,0.395052025319499,-3.79110386923526,0.00262289077312505,0.0230196077081059,-1.4182539978705,38.15,31,111.05,96.6,57.52,26.03,20.32,11.63,7.58,29.46
"1463","TRINITY_DN2046_c1_g1",1.46675797947136,-0.826020680236615,3.27798165999952,0.00669978947198346,0.0423221074492107,-2.16014470789739,15.13,0,13.12,13.98,9.73,26.83,17.37,27.76,57.46,14.35
"1464","TRINITY_DN20462_c1_g2",-1.12059184243521,1.93755190650261,-4.74824566554408,0.000488868186547891,0.00782645392350509,0.017794101607735,198,88,118,110,161,63,71,65,65.01,77
"1465","TRINITY_DN20477_c0_g1",-1.69275498976743,2.1899582946053,-6.81589194179036,1.97411701024794e-05,0.00117096808019971,3.18829797476796,296.72,85,184.86,147.21,302.34,52.08,47.32,80.99,81.76,85.96
"1466","TRINITY_DN20498_c0_g1",1.03737989212924,1.5839161004758,4.89666977424821,0.00038066191811503,0.00670425331425181,0.312996458804656,52.87,14,58.27,92.59,58.36,114.13,111.17,119.78,127.93,114.69
"1467","TRINITY_DN20500_c0_g1",1.33301778277318,-0.465355722785687,3.15894811531214,0.00834529657260093,0.0488024787162574,-2.40081457285735,13,4,20.04,7,19.41,32.65,10.85,34.41,63.7,25.44
"1468","TRINITY_DN20525_c0_g1",-1.38334601354159,2.49251728474407,-5.93536224914137,7.20219654727456e-05,0.00248725521477131,1.86833363650014,404.02,89,204.96,165.36,284.37,89,82.58,92.75,138.45,75.2
"1469","TRINITY_DN20527_c0_g2",-4.25513467501563,-2.35770121255597,-5.72154534635869,0.000100214419168352,0.0029840329214706,0.140337015617681,26.06,15,32.28,12,24.73,1.09,1.04,0,1.12,0
"1470","TRINITY_DN20528_c0_g4",1.23270808478917,1.04494363428406,5.27099684206539,0.000205293331851618,0.00460042206030441,0.963412171188418,30,17.69,38,48,35,86.53,76.69,71,127,62.92
"1471","TRINITY_DN20557_c1_g1",-2.11388207855533,1.28150759372561,-5.77356839110767,9.24204755318315e-05,0.00285338976156977,1.72801524764218,209.56,72,84.99,151.03,117,36.63,14,26.54,60.83,22.82
"1472","TRINITY_DN2056_c0_g2",1.27621104399016,1.48422259133046,4.71181420180153,0.000520066166983007,0.00812371507181046,0.0207772051676214,44.4,12.29,37.99,85.51,65.03,109.96,86.89,143.91,184.24,88.05
"1473","TRINITY_DN20564_c1_g1",-1.09117321541819,1.58062037043821,-4.48213019772642,0.000771248805004616,0.0104308846760935,-0.387033191604705,147.61,47,136.63,68.12,144.88,41.93,35.21,61.59,94.28,50.42
"1474","TRINITY_DN2057_c2_g1",3.52496686523691,-0.775057877041592,3.79653635969522,0.00259725888270698,0.0228813727335412,-1.42688244200646,7.62,2,2.89,5.08,6.35,27.85,76.65,33.09,152.39,26.39
"1475","TRINITY_DN20582_c0_g1",1.54779487887783,-0.113150119291773,3.19998230005198,0.00773640489723837,0.0464016901907512,-2.37504312412345,17.07,16,29.2,3.01,20,39,26,53.16,44.06,34.11
"1476","TRINITY_DN20607_c0_g3",-1.03780859551552,-0.594606176809003,-3.8139544222676,0.00251679915971677,0.0224577044095652,-1.31328392767106,32.35,10,26.89,20.56,29.45,11.17,11.34,16.74,12.08,6.2
"1477","TRINITY_DN20619_c0_g1",2.01088616262072,-0.946674701745468,3.91330838895095,0.00210442138808096,0.0199545165649913,-1.17733770359805,5.79,3.03,4.45,15.05,10.6,12.96,25.57,27.6,37.64,28.57
"1478","TRINITY_DN20620_c0_g1",-1.12396522565664,2.14614110445441,-7.3953462226196,8.90309362129208e-06,0.000749175491272627,3.96941513330362,164,61,221.03,146.05,204,86,59,89.01,88.01,84
"1479","TRINITY_DN20634_c0_g1",2.99574899995151,-2.14016268143298,4.63778332606959,0.00059005204550805,0.00880198262848846,-0.85329790149463,6,0,5,2,0,14,14,12,21,21
"1480","TRINITY_DN20639_c0_g1",-1.47887415216817,1.27122343403677,-7.07016645671644,1.38468889291677e-05,0.000947913190241961,3.53940289950711,143.95,42,99.01,103,100.01,45.01,29.45,48,32.01,36
"1481","TRINITY_DN20640_c1_g1",-1.61635089399294,0.760016462489983,-4.6437336449698,0.000584078874050191,0.00874532063890669,-0.023842327746971,115.63,21,88.2,38.79,138.54,21.96,29.29,29.83,30.64,17.21
"1482","TRINITY_DN20644_c0_g1",-3.32601694428639,-1.53960875021628,-3.42529725080065,0.00510942501108625,0.035790457523067,-2.11964849459885,31.67,14,13,48.19,36.39,0,6.14,3.07,2.04,4.07
"1483","TRINITY_DN20649_c0_g1",-4.21563525710295,0.519082458392174,-9.68114988029672,5.58132845593028e-07,0.000174942065734407,5.56361374152756,210.2,55,176.58,101.83,246.43,7.69,3.21,6.41,15.26,9.78
"1484","TRINITY_DN20669_c0_g1",-1.07693351410104,0.442023746696758,-4.10604019737101,0.00149150364820871,0.0159365577555963,-0.899224081534318,60,28,40,48,64,28,21,15,28,27
"1485","TRINITY_DN2068_c2_g1",1.02347351487161,5.85586693775564,5.51686875923344,0.000138316627256392,0.00358244420765113,0.775561632843744,1043.71,531.88,1262.7,1323.05,773.77,1901.06,2196.38,1741.99,2686.81,2562.55
"1486","TRINITY_DN2068_c5_g1",1.09512751168679,6.64450122660663,3.35746223849256,0.0057877095561398,0.0387445723897224,-3.13824764534487,2277,888,949.06,2371.9,2105.95,3794.98,5250.13,4213,2322.84,4915
"1487","TRINITY_DN20681_c1_g1",-1.81019882554223,0.65032125915285,-4.3342771420648,0.000997499455951952,0.0122716360688801,-0.524085585853555,124.94,36,51.23,49.21,119.06,14.1,13.12,12.53,41.42,38.09
"1488","TRINITY_DN20687_c0_g1",1.08889040150149,1.97965375206583,4.09783464347338,0.00151340142287836,0.0160716855602976,-1.10961851077726,42,32,97,72,101,217,127,145,148,146
"1489","TRINITY_DN20714_c0_g1",1.24661097012109,-0.375668521011347,3.89320108111149,0.00218186128492039,0.0204253442421565,-1.19080875130965,9.17,7.06,16.45,14.31,18.22,30.65,29.47,26.97,27.39,32.57
"1490","TRINITY_DN20719_c0_g1",3.1318303390829,-1.56079594527507,3.20784110611607,0.00762500522312013,0.0459748874638435,-2.36853842886044,0.72,2,3.33,1.2,14.97,52.25,13.44,36.1,38.84,8.44
"1491","TRINITY_DN20753_c0_g1",1.28647939947954,0.874906570633651,5.97047482556707,6.82606622630587e-05,0.0024016862526606,2.02032202826695,46,12,24,31,37,78,51,96,96,67
"1492","TRINITY_DN20762_c0_g1",1.82112808252824,2.55781358061553,6.95794646077711,1.61764527584176e-05,0.00104593047636311,3.36784451082074,114.31,34,53.42,60.74,140.63,330.68,230.64,241.78,335.25,386.11
"1493","TRINITY_DN20768_c0_g2",-2.0497204360614,1.76717226537469,-5.94122804989433,7.13786416985719e-05,0.00247195085115166,1.95481210193508,188.24,91.86,280.06,88.15,234.02,43.8,36.04,37.86,87.37,27.1
"1494","TRINITY_DN20798_c0_g1",1.32172993783776,0.745780455194822,5.77794453102954,9.17947655743297e-05,0.0028425993905134,1.73936673531413,27,10,28,32,37,89,53,81,64,71
"1495","TRINITY_DN20815_c2_g1",1.20197869463537,-0.0438368541926542,4.70538629406431,0.000525783491529034,0.00819229852004411,0.108004049745856,14.46,8.33,23.36,12.59,23.5,40.7,36.75,30.39,46.12,34.07
"1496","TRINITY_DN20826_c0_g1",-1.5068643470224,3.11473924025811,-6.58353291858243,2.74982781655918e-05,0.00141379157382928,2.77166953965747,488.52,133.29,407.59,281.46,518.8,205.27,107.55,132.87,234.36,73.62
"1497","TRINITY_DN20832_c0_g1",1.05875117689334,0.844138769903921,3.44213318688486,0.0049539734368544,0.0350850747229607,-2.0942636229509,21,23,61,23,35,61,63,58,90,64
"1498","TRINITY_DN20833_c0_g1",-1.00679021687393,0.727717056468084,-4.03640501375229,0.00168827752983144,0.0172400247453597,-1.04775801321207,57,25,68,46,100,27,33,26,45,22
"1499","TRINITY_DN2084_c1_g2",1.84080339243936,1.14432564140183,9.13639822813064,1.02869964152321e-06,0.000231983469732231,5.87965971973415,47.25,15.62,27.35,26.64,28.91,114.66,110.69,113.36,117.12,98.85
"1500","TRINITY_DN20841_c0_g1",1.59117901279921,-1.47327339890625,3.81776519465689,0.00249954038702279,0.0223489168574983,-1.38359404459803,12.22,3,5.74,3.42,6.71,15.61,16.08,13.82,20.15,10
"1501","TRINITY_DN20861_c0_g1",1.19373173875351,2.20171856771114,5.79406075635749,8.95288127767701e-05,0.00279491149803358,1.68343540892766,98,30,54,113,89,223,161,209,198,157
"1502","TRINITY_DN20884_c1_g1",2.87416621080575,0.346553224611735,7.13233103847426,1.27128031231587e-05,0.000895085709519731,3.41727901936276,20,9,10,9,14.98,130.25,109,82,98.22,44
"1503","TRINITY_DN20886_c0_g1",-1.49678290844876,2.09014890267222,-6.3178663282159,4.05219827910625e-05,0.00175297292877264,2.4825727570057,270.33,88.7,152.71,149.36,209.48,46.63,49.63,71.13,111.76,69.47
"1504","TRINITY_DN20886_c0_g2",-2.56896633980244,-1.09137408064785,-3.58254876096763,0.00383131706591212,0.0295220045879735,-1.70992364434939,36.18,13.55,25.27,27.18,28.49,3.73,10.82,16.37,0,6.77
"1505","TRINITY_DN20899_c1_g1",-2.5317291702825,-1.19475896214222,-6.27440985607444,4.32143914338156e-05,0.00182392497761808,1.5312172981753,32.81,10,38.57,21.92,32.1,6.09,3.09,4.14,6.28,1.02
"1506","TRINITY_DN20903_c0_g1",1.06815696327604,2.76327022233535,7.15289305166443,1.23598357128729e-05,0.000880466926489014,3.61022787103164,127.1,38,154.75,103.19,157.56,335.45,217.05,260.12,275.52,272.91
"1507","TRINITY_DN20911_c0_g1",-3.95232763081423,-1.06142102310967,-6.00707126653926,6.45610870793614e-05,0.00230778390035024,0.717286025848635,47,26,66.88,52,47,4,0,2,8,4
"1508","TRINITY_DN2092_c1_g1",-1.23889919045978,4.47993421115816,-3.17784933736152,0.00805904616412588,0.0476885464822659,-3.22362931512389,1099.19,238.23,2049.1,410.32,1223.4,360.22,214.93,400.81,853.22,372.22
"1509","TRINITY_DN2092_c2_g1",1.12392443743566,-0.616638732123561,3.45996845666902,0.00479453898930514,0.0343568751899285,-1.88845677987312,12.17,2,16.46,14.83,13.12,42.47,16.81,21.7,24.52,25.65
"1510","TRINITY_DN20930_c0_g1",-3.57195123613512,-1.80860037557662,-3.95557508174798,0.00195074185610132,0.0190081123766048,-1.55974890275766,33,12,44.72,10.14,36.17,1,2,2.29,6,0
"1511","TRINITY_DN2094_c6_g2",-1.52090562880955,1.37271050441023,-7.41453000181061,8.67764623770253e-06,0.000741116597352221,3.98512103056526,124.27,45.29,132.08,83.82,149.69,42.16,35.34,26.55,52.26,46.52
"1512","TRINITY_DN20949_c0_g1",-2.25151891015449,1.80383005809055,-3.1605620519472,0.00832045924319755,0.0487211386663432,-2.71390553894,332.11,251.47,184.21,111.67,137.36,14.03,42.11,73.86,221.46,7.65
"1513","TRINITY_DN2095_c2_g1",-1.34600817600982,0.977926247083497,-3.15655908757404,0.0083821991562317,0.0489302357249948,-2.61603111423831,103.78,56,77.05,36.01,134.83,29,13,23,76.47,37
"1514","TRINITY_DN20952_c0_g1",-1.10361982218197,1.71931222382577,-4.68718767652967,0.000542329694598938,0.00837325414755618,-0.0564815500107372,174.3,73,118.77,76.73,143.14,58.69,59.89,56.77,63.28,54.17
"1515","TRINITY_DN20983_c0_g2",-1.11269347978738,-1.00369420309661,-3.3252020932996,0.00614168506507176,0.0402018492729745,-2.08747070172555,21,4,28,18,28,8,6,11,15,4
"1516","TRINITY_DN20986_c0_g1",2.63024612625357,-1.54536481220426,3.93745721308447,0.0020151483571039,0.019442194561246,-1.35341496901898,3,1,7,7,3,29,15,11,24,33
"1517","TRINITY_DN20993_c0_g1",3.32561170934839,-2.13663233049622,5.33358402733643,0.000185510374090989,0.0043242335142961,-0.191990573581799,2,1,1,4,2,19,19,19,23,12
"1518","TRINITY_DN21033_c0_g1",-1.68353345511169,0.430505743140412,-4.98108038021913,0.000330621147361119,0.00615631926884337,0.534812423758805,87.91,38,54.22,38.97,83.57,20.64,9,16,41.43,14.68
"1519","TRINITY_DN2104_c0_g1",-1.58879313246281,7.46912713632835,-19.1411242609385,2.78044545848484e-10,4.29217365426304e-06,14.1936861630978,9063.14,3419.72,8072.49,6951.83,8734.68,3043.76,2525.65,2708.05,3292.87,2188.75
"1520","TRINITY_DN21048_c2_g1",1.37774934489718,1.0472083162275,4.7443783027282,0.000492085017849307,0.00785186557517451,0.11947091134818,26.03,20,46.02,51,23,98,86,82,111.03,61
"1521","TRINITY_DN21051_c1_g1",-1.06377898206184,0.365251777207064,-4.36014355202692,0.000953416588229276,0.0119221481348686,-0.467736201534743,50.07,23.03,56.17,36.08,63.46,17.69,14.19,21.12,37.52,25.07
"1522","TRINITY_DN21070_c0_g2",2.93515132941921,-0.553070747231857,3.48197109821161,0.00460502749195305,0.0334059254667665,-1.83562960960052,0,5,8.01,24.68,15.78,28.16,34.56,49.65,42.1,88.06
"1523","TRINITY_DN21073_c0_g1",-2.76308227969804,2.64215126509031,-12.8725483904962,2.50448770126443e-08,3.22181472036825e-05,9.49081236335561,564.72,179.69,436.09,318.76,499.77,76.98,32.39,68.85,107.31,52.23
"1524","TRINITY_DN21078_c0_g1",-1.55593118064822,1.47077030737904,-8.03731061237207,3.86435421144341e-06,0.000491992049171562,4.75042330260741,160.55,54,135.04,106.53,119.45,50.19,38.51,34.18,67.58,27.24
"1525","TRINITY_DN2108_c3_g1",-2.75304863463447,-1.69115159373483,-4.39233968370162,0.000901361873166762,0.0114733648617401,-0.909051773271744,29.87,6,23.82,14.55,34.24,3.49,0,4.19,3.22,6.97
"1526","TRINITY_DN21087_c0_g1",-2.51249459326047,2.30006912753434,-11.0770660393845,1.30978713721338e-07,8.16936728774258e-05,7.95659665207311,278.63,75.53,364.29,382.67,391.97,49.99,47.2,48.56,85.25,52.69
"1527","TRINITY_DN21089_c0_g3",-3.60303487602933,-1.6574307025861,-5.44988460853274,0.000153897107945189,0.00383408943469775,-0.027404933035104,40.84,12,25.04,25.47,31.99,1.04,1.02,3.09,0,6.33
"1528","TRINITY_DN21091_c0_g1",-1.5083560479612,0.96428099323901,-4.42822560258993,0.000846812508625451,0.0110687931377232,-0.399140356845619,128.76,49,91.02,41.13,104.29,23.01,16.07,32.82,39.39,41.38
"1529","TRINITY_DN21094_c0_g1",-1.07734338890334,0.947764240347333,-4.29659617760001,0.0010655458584873,0.0128431242767663,-0.627291621950863,84.49,22.01,78.06,64.75,96.31,48.98,52.35,29.95,28.22,24.04
"1530","TRINITY_DN21160_c0_g1",1.2989572633518,-0.0819431574592279,3.27929569728291,0.00668358453628424,0.042270673552157,-2.24778976418824,14.35,11.8,18,17,14.33,57.01,52,29,23,34.27
"1531","TRINITY_DN21166_c0_g1",-1.45686956498622,-0.100542937265499,-3.73222583208543,0.00291795504533965,0.0247463106907887,-1.47637114795915,35,27,28,35,74,22,9,14,17,8
"1532","TRINITY_DN21179_c0_g1",1.1971901897575,1.47732018283861,5.63988341455133,0.000113882781794112,0.00320464421370314,1.50908771558489,49.3,14,62.21,63.21,47.25,93.03,104.09,149.83,150.9,88.12
"1533","TRINITY_DN21186_c3_g1",-1.21706421691401,0.0997272402455918,-3.65020301292381,0.00338682885979902,0.0272481965387453,-1.64203895424636,44.4,14.01,58.82,27.53,68.56,24.89,7.11,30.72,16.68,16.97
"1534","TRINITY_DN21195_c0_g2",1.80370734365588,0.501080021464015,6.57834910546522,2.77045971694338e-05,0.00141849375291724,2.82426015047507,23.45,8.01,25.99,16.63,21.28,74.7,95.17,62.59,86.35,42.29
"1535","TRINITY_DN21208_c0_g1",1.46033912706986,2.19895783437483,5.74536109743712,9.65634636020848e-05,0.00292037941261916,1.61454641039106,61,17.85,123.26,86,78.69,252.99,202,282,214.34,134.68
"1536","TRINITY_DN21227_c0_g1",1.02112416643834,0.917930468276944,6.01240090852181,6.40402925844648e-05,0.00229904650378229,2.08135082008366,43,13,40,28,42,71,69,72,78,70
"1537","TRINITY_DN21232_c1_g1",-1.06858822537234,1.16233390490178,-3.54842316754314,0.00407772789270057,0.0307913642091021,-1.95861054998499,92.77,36,147.68,43.4,99.3,34.56,25.56,47.55,48.33,49.97
"1538","TRINITY_DN21262_c0_g1",-1.67668865404599,1.38623690418534,-8.57927938074575,1.98058721671158e-06,0.000328756181337383,5.35846638026871,173.28,30,123.6,126.35,137.45,41.43,35.99,33.79,44.07,39.41
"1539","TRINITY_DN2127_c0_g5",-1.33579398710416,1.40956605634041,-6.89342667323196,1.77021488821788e-05,0.0011001756881447,3.31058081952037,149.83,40.7,125.98,94.91,107.5,40.53,46.98,39.74,70.33,29.03
"1540","TRINITY_DN21293_c0_g1",1.03609790286765,1.37011755157932,4.34938253221208,0.000971504654486139,0.0120884986501067,-0.581923261597042,68.35,9.02,56.78,57.13,48.24,145.93,73.67,85.8,107.74,113.66
"1541","TRINITY_DN21294_c0_g2",1.08197498979068,0.774065779141516,4.21859933948274,0.00122216693209692,0.0140298129249155,-0.732756904812163,44.71,4,40.08,29.53,45.69,77.27,80.74,61.94,85,51.39
"1542","TRINITY_DN21295_c0_g1",-1.01906489193482,2.09047537923644,-4.07775596527121,0.0015683993754871,0.0164542134986394,-1.16909190561919,211.89,59,177.47,126.42,171.1,90,31,80.4,147.93,89.86
"1543","TRINITY_DN21302_c0_g2",1.34589780123253,-0.795800034870422,4.0076347123304,0.0017772420331123,0.0178353877881713,-1.00313049077875,10.46,2.2,7.45,15.6,14.09,19.85,18.06,19.38,34.74,25.98
"1544","TRINITY_DN21334_c1_g1",1.70227481140796,-0.429141677210075,3.56996647347036,0.00392034910741139,0.0300488724782074,-1.71156891597068,17.05,5,11.43,21.86,5.82,23.17,49.45,29.12,31.55,39.95
"1545","TRINITY_DN21336_c0_g1",-1.35999120962875,1.17840191669832,-4.95640912033023,0.000344489886400395,0.006300176077621,0.450817897882906,82.14,28,167.06,71.42,122.29,27.27,38.25,48.4,42.68,32.8
"1546","TRINITY_DN2134_c0_g1",-1.20252126942896,6.78840974068752,-15.4015602216622,3.33708049986773e-09,9.81228793837299e-06,11.7190572000721,4684.19,1966,4358.77,4188.89,4800.36,2094.96,1878.06,2005.43,2014.33,1777.46
"1547","TRINITY_DN21356_c0_g1",1.97434813157674,0.0663873681233879,5.4048054738326,0.000165417678011781,0.00401090939599188,1.15963730795527,14.37,5,27,19,9,67.07,39,54,49,68.57
"1548","TRINITY_DN21361_c1_g1",-1.7029219287026,-1.63886731012751,-3.39176957837289,0.00543393930312017,0.0372965743083401,-2.03398726528318,26.66,6,20.92,9.27,16.86,5.99,3,2,9.88,2
"1549","TRINITY_DN21366_c0_g1",-2.76593574063737,2.40194387193965,-9.51851184140417,6.6798389740897e-07,0.000191182025632242,6.45688617364946,545.17,124,312.52,242.47,537.51,43.1,50.8,60.54,72.79,46.95
"1550","TRINITY_DN21398_c0_g1",-1.92982012247621,1.42932945196947,-8.75524016633451,1.60495529106833e-06,0.000303877876498045,5.54847897609943,129.15,49,189.79,102.32,181.37,39.17,33.41,44.51,38.24,26.62
"1551","TRINITY_DN21404_c0_g1",-3.83341144138866,-0.375321252635218,-3.42107565877324,0.00514917665966637,0.0359510810019312,-1.93932792810635,24.65,24,186.98,90.57,123.05,5.13,1.97,6.45,4.76,7.02
"1552","TRINITY_DN21409_c0_g1",1.16056537824875,2.31075937017666,4.57598054036258,0.000656002892311668,0.00943336436759686,-0.325287247447337,79.06,35,140.81,108.15,59.27,180.66,169.44,221.6,191.28,254.35
"1553","TRINITY_DN21421_c1_g1",-1.67772586740568,-0.488349235596046,-5.64564157282382,0.000112857214594415,0.00319518903566067,1.42003555522008,42.89,12,37.92,25.61,47.05,8.99,4,10.04,19.84,9.13
"1554","TRINITY_DN21432_c0_g1",1.98661808968563,-1.39860794165409,3.59116445405807,0.0037715470468223,0.0291873025500919,-1.71908210987535,7.82,2,1.09,6.87,12.6,21.48,18.64,14.36,30.51,10.69
"1555","TRINITY_DN21444_c0_g1",-2.9291852265897,-1.63372950228644,-4.65185943945288,0.000576023770606155,0.00865619756324869,-0.65560285551016,31.49,10,19,16,42.24,2,1,1,7,3
"1556","TRINITY_DN21450_c0_g2",-1.17925530029517,0.477451307727491,-4.96583334815951,0.000339121400325035,0.00624420842475468,0.50693411779667,70.96,15.05,72.18,45.91,64.37,37.55,19.45,19.4,35.55,14.38
"1557","TRINITY_DN21498_c0_g1",-1.60274985067002,1.49620794749791,-3.70907540226513,0.00304311970446498,0.0254236984861729,-1.71419758301952,170,59,235,42,165,44,29,38,57,47
"1558","TRINITY_DN21516_c1_g1",-1.92292641874619,2.31390178703943,-12.0889356405765,5.02302542003048e-08,4.5612025534712e-05,8.8496185709696,283.55,95,293.01,208.04,292.17,67.09,44.04,76.45,75.8,85.31
"1559","TRINITY_DN21535_c0_g1",2.24713881090614,-1.80816793363687,3.18993316091668,0.00788124867134314,0.0469423500490109,-2.36381242724462,0,4,12.1,6,2.83,15.09,11.62,14.67,22.55,9.89
"1560","TRINITY_DN21539_c0_g1",-3.28181467808982,0.329736561488225,-8.5285557446984,2.1056256734995e-06,0.000342153089703281,4.7872369889734,146.71,37,102.82,68.66,147.18,6.98,3.49,13.6,22.01,9.02
"1561","TRINITY_DN21561_c0_g1",-2.72098909187788,-1.25155134123958,-5.24333497835142,0.000214734001246837,0.00473301623565876,0.33432425677956,36.01,16,36.66,16,31.09,2,2.01,3,6,6.35
"1562","TRINITY_DN21564_c0_g1",-2.53104373395775,0.0137199760560575,-10.0858790561311,3.60573980551856e-07,0.00014457611786439,6.09029824853531,81.22,19,69.72,58.26,76.34,10.22,4.45,13.31,12.91,12.15
"1563","TRINITY_DN216_c0_g2",1.23059990377139,3.5027200199264,5.00104110509412,0.000319829742820007,0.00602466350202861,0.215395482580997,193.88,59,179.15,307.13,187.14,387.69,615.1,469.68,413.88,528.71
"1564","TRINITY_DN21633_c0_g1",1.56531359367794,-0.627253370194519,3.22071321024115,0.00744602755524279,0.0452714956164959,-2.26109487721248,17.5,0,22.17,8.62,11.26,38.38,24.75,58.43,40.06,14.33
"1565","TRINITY_DN21637_c0_g1",1.06606367790811,0.159091995175421,3.15699650327695,0.00837543025901212,0.0489092176691394,-2.49226895258324,28.48,9,21.86,15.8,23.49,48.37,15.22,38.6,80.68,46.83
"1566","TRINITY_DN21651_c2_g1",-1.37116235044349,0.379246175489572,-5.19845905410382,0.000231034633700692,0.00493801542462802,0.87120612769956,61.57,25,53.45,59.13,56.57,20.45,16.33,30.34,31.22,9.36
"1567","TRINITY_DN21654_c2_g1",-1.107085492006,-0.517265046394555,-3.32281702607884,0.00616871108286165,0.0402946759700139,-2.13343351931995,37.59,6,31.21,18.14,48.18,10.93,6.93,20.8,16.41,8.63
"1568","TRINITY_DN2167_c0_g2",1.11341430068442,0.271978603396024,3.45471488904936,0.00484095172721617,0.0345811068084387,-1.99122799755228,38.72,11,12,15,37,44.4,44,37,65.49,39.77
"1569","TRINITY_DN21680_c0_g1",1.4371980051087,0.294688374355161,4.0694726783771,0.00159168721196452,0.0166008908341049,-0.936758786809025,26.77,6,14.61,17.64,34.29,47.56,43.13,78.34,39.27,73.43
"1570","TRINITY_DN21685_c0_g1",-1.25828170013744,0.970769882776554,-5.77040051191957,9.28762410032752e-05,0.00286173758955601,1.72683034547337,92.01,29,75.15,105.85,71.78,33.15,28.73,33.29,31.92,36.56
"1571","TRINITY_DN21694_c0_g1",-1.22360551214476,-0.150596243061893,-3.66920341493501,0.00327175436008097,0.0266381779785704,-1.58419903094057,52,14,51,18,48,13,12,12,30,11
"1572","TRINITY_DN21695_c0_g1",-1.61104868050158,-0.769361997295906,-4.37164577963235,0.000934469589329722,0.0117542530458203,-0.448384804839611,33.9,14,30,14.28,39.73,7.26,4.17,9.34,9.03,9.5
"1573","TRINITY_DN217_c0_g2",-1.15139926160453,5.02326762738793,-3.78347007912707,0.00265934914149712,0.0232163849553462,-2.18395171496157,1379.58,518.94,2252.73,612.93,1673.28,556.81,326.17,709.57,1041.93,512.95
"1574","TRINITY_DN21706_c0_g1",1.47554947659097,1.0817088919075,4.94153500981489,0.0003531451209659,0.00639659868858972,0.443174261191694,38,4,49.58,36.46,53.05,132.75,74.71,121.45,135.44,59.47
"1575","TRINITY_DN2171_c2_g3",1.2236211469712,4.58834037981438,8.69562288879462,1.72286579325425e-06,0.000311062915210127,5.45119887993646,361.83,127,538.23,470.37,454.45,995.9,1021.99,1173.39,1021.6,818.76
"1576","TRINITY_DN21717_c0_g1",-1.01988459214153,2.04594622735387,-3.40209678779597,0.00533180882362795,0.0368388196532817,-2.37480525594885,324,52,130.01,117,142.04,82,86,66,67,96.01
"1577","TRINITY_DN21728_c0_g1",1.38126618735313,1.18556248443828,6.07941956390702,5.78585248177068e-05,0.00215869981295695,2.1770646941925,37.72,18,28.96,53.3,39.07,121.05,82.06,82.78,127.51,77.12
"1578","TRINITY_DN21744_c4_g1",-1.95064236820201,-0.909567467762713,-5.82145543134987,8.58118766727528e-05,0.00273270333202122,1.44915620860725,45.01,6,30,26,32,6,4,9,8.06,6
"1579","TRINITY_DN2175_c2_g1",-1.33996324154966,1.05621717107668,-5.77549651101105,9.2144234378203e-05,0.00284913479438422,1.73276984953488,103.93,35,71.79,97.73,92.86,32.19,27.35,40.73,27.72,42.96
"1580","TRINITY_DN21758_c0_g1",1.62741699227692,0.672179721790862,4.03169646311884,0.00170251626721192,0.0173162534125847,-1.0365256153658,19.93,28,13.79,25.3,31.27,59.81,69.48,89.93,48.83,89.8
"1581","TRINITY_DN21781_c0_g1",-1.87255169943787,1.19065103784305,-7.7618357173825,5.49608553223421e-06,0.000583220946561203,4.38946072008745,143.84,48,138.77,89.29,112.11,27.42,13.22,36.47,43.34,41.44
"1582","TRINITY_DN21789_c0_g1",1.59954743763157,-0.995990116132226,3.97675596788759,0.00187813252105063,0.0185157252008043,-1.07903743317534,7.51,1,11.46,9.1,10.15,23.92,13.7,27.66,19.78,31.91
"1583","TRINITY_DN21792_c4_g1",2.36697698480094,-1.80801401833566,4.51762063094716,0.000725364315898282,0.0100500704019431,-0.713524960830606,3,3,7,1.83,4,17.96,12,18.01,19,12
"1584","TRINITY_DN21796_c1_g1",-1.60665556120615,-1.28534771159838,-3.62305416465076,0.00355848998810395,0.0280837039426562,-1.63638375414339,25.2,6,30.8,10.74,24.65,3.2,2.14,8.35,8.85,7.39
"1585","TRINITY_DN21799_c1_g1",-1.54075626474455,1.22165413936057,-5.00365988158659,0.000318441638940726,0.00600951537937407,0.527564537774022,152.82,59,109.27,55.24,121.33,42.15,18.64,37.14,59.38,26.59
"1586","TRINITY_DN21809_c0_g1",-2.34310848846666,-1.58775460564652,-3.47141506289832,0.00469497665618781,0.0338516369180622,-1.93717510673398,31,5,23,14,20,6,3,6,0,9
"1587","TRINITY_DN21835_c0_g1",-1.762577802854,0.401949082114166,-6.72468955325932,2.246468279025e-05,0.00126680295244964,3.01463750616556,73,22,77.9,79.23,50.59,15.01,20.66,18.31,17.18,19
"1588","TRINITY_DN21843_c0_g1",2.54388897086678,-1.81586263902863,3.20468719830982,0.00766951653850127,0.0461261621914265,-2.37591557138353,0,0,2.17,8.72,14.74,28.19,9.59,17.21,28.97,8.46
"1589","TRINITY_DN21851_c0_g1",1.21080270856453,2.81961165100648,6.43083465693013,3.43229873540512e-05,0.00159952892312298,2.57887688312724,107.79,50,153.91,155.79,103.55,358.37,228.07,353.18,298,230.99
"1590","TRINITY_DN21859_c0_g1",3.07840975714548,-0.990578309303589,3.32272193379533,0.00616979110164394,0.0402974678384081,-2.11485480256824,23.66,5,0,0,33.12,50.6,38.1,26.44,45.98,27.76
"1591","TRINITY_DN21867_c1_g1",-3.77337920071557,-2.36760608593639,-5.59170703377686,0.000122859240471539,0.00334617828098357,0.0139976284922954,21,8,22,12,30,0,0,1,6,1
"1592","TRINITY_DN21867_c3_g1",1.12094278298656,-0.466321258153089,4.13979030755674,0.00140482995174485,0.0153152259640432,-0.78770163123196,24.88,4,13.48,8.91,15.47,30.2,21.8,23.77,34.75,28.85
"1593","TRINITY_DN21900_c0_g1",1.18186916846057,0.59363134179875,3.29893409753299,0.00644607334064781,0.0413760161772091,-2.29875216081639,26.01,3,56.03,19,48.59,57,42.44,66,124.37,52
"1594","TRINITY_DN21905_c0_g1",-1.82254487846239,-1.1148105817479,-3.25244042117248,0.00702278495421637,0.0436304382083663,-2.19521012649969,47,4,27,10.21,45.98,8,2,8,9,5
"1595","TRINITY_DN21939_c0_g1",-1.4477448990408,-0.663925363179322,-3.39614983329622,0.00539038036900356,0.0371176462029365,-1.9871220413639,50.74,7,28.92,20.9,36.41,19.89,6.11,11.25,16.55,2.08
"1596","TRINITY_DN21942_c1_g1",-1.01230389888131,1.1826792063969,-3.37050853052163,0.00565050251983196,0.0381361055409972,-2.27962180935942,135.64,27.74,89.49,88.53,64.91,39.76,60.54,63.2,35.41,24.96
"1597","TRINITY_DN21949_c1_g1",1.10811789108767,0.396968422501414,3.70765426964306,0.00305098033984208,0.0254583694627796,-1.56531926820251,35.83,2.59,26.9,22.78,39.3,54.63,44.62,41.77,103.16,42.05
"1598","TRINITY_DN21953_c2_g1",-1.20639510498883,3.82455284466396,-3.74909077023168,0.00283010969444453,0.0242411436834173,-2.06437535802601,482.89,292.24,740.83,320.78,917.02,349.08,122.61,363.24,400.68,147.62
"1599","TRINITY_DN21971_c1_g1",-1.92455350811602,0.857520349009225,-4.00623247813566,0.00178169995309247,0.0178685088035657,-1.09882285900208,134.32,40.47,37.38,146.26,112.38,23.94,32.92,23.81,19.86,19.09
"1600","TRINITY_DN21979_c0_g1",-2.10766188813243,-1.34471460175789,-4.52814505052756,0.000712312049265455,0.00995334791084936,-0.41608476102199,22,5,22,24.07,33,9,1.03,5,3.14,7.09
"1601","TRINITY_DN21981_c0_g1",1.87133861198332,-0.583920608784117,5.39081949263929,0.000169174195776075,0.00407485177700759,1.01661092838782,17,2,9,10,10,36,18,30,60,31
"1602","TRINITY_DN21990_c0_g1",1.55332513685093,-0.346591847362284,3.29893183606426,0.00644610019352328,0.0413760161772091,-2.18474959398535,30,28,7,9,7.14,27.46,24.63,29.22,40.16,29.81
"1603","TRINITY_DN22005_c2_g1",2.76314354865725,-1.41961930654678,3.55554037852519,0.00402503359180001,0.0305403998803719,-1.85675481237154,8.46,0,9,1,7.68,16,18,18.77,71.48,27
"1604","TRINITY_DN2202_c0_g1",-1.22012671324235,4.30897963367657,-4.57227162180106,0.00066019790279996,0.00948044188420743,-0.66113889436805,797.61,227.8,1490.11,460.25,1147.3,317.19,295.35,423.79,490.06,296.95
"1605","TRINITY_DN22023_c0_g1",-1.54967186188403,-0.0655058056125286,-4.98886934621123,0.000326365388856703,0.00609755220306315,0.54614196485741,62.76,12,40.14,37.33,57.09,9.82,9,21.61,12.54,22.05
"1606","TRINITY_DN22025_c0_g1",1.83551837114924,-1.52943775354019,3.28546527876944,0.00660802889126098,0.0419916196333831,-2.18111527855282,6,0,12,12,3,14,13,16,18,24
"1607","TRINITY_DN22035_c0_g1",-2.06436814821732,-1.4638075752054,-3.61306028601609,0.00362390142061592,0.0283935963424454,-1.7121969084659,27.64,12,11.4,19.6,22.8,1.2,7.23,5.69,3.43,3.53
"1608","TRINITY_DN22045_c0_g3",-1.97586469723287,-1.17504424828929,-4.22785485984526,0.00120239352204047,0.013887180263502,-0.762815355326304,35.8,7,20.99,18.59,35.39,10.74,5.52,2.99,11.39,1.05
"1609","TRINITY_DN22059_c1_g2",1.20816951841929,-1.19085934589036,3.52572390267228,0.00425054201102817,0.0316677688340936,-1.77035838458394,9,2,14,7,8,21,15,16,17,14
"1610","TRINITY_DN2206_c0_g1",1.2389648676736,4.13184888029986,8.11938548676664,3.48514633773796e-06,0.000461300448961798,4.77047642524404,375.45,66,334.3,363.21,316.71,843.1,600.43,690.72,1011.67,628.2
"1611","TRINITY_DN22078_c0_g1",3.63133891912014,-0.300478820635946,7.92254867681647,4.47042602066501e-06,0.000528089233603187,3.47549562231587,13.44,4,4,4.96,7.89,55.54,73.88,73.88,118.54,55.46
"1612","TRINITY_DN22086_c0_g1",-1.65844948067535,1.65113260150362,-7.54528124839773,7.29451632746971e-06,0.000670447557890589,4.16122644848006,182.77,73,138.78,98.81,181.31,49.05,29.41,56.63,52.35,45.49
"1613","TRINITY_DN22092_c1_g1",2.77775630176143,-0.802495524164437,3.20544485747757,0.00765879977091695,0.0460763739412062,-2.26900187042104,0,14.43,5.4,20.19,10.94,40.96,52.81,27.11,49.25,11.36
"1614","TRINITY_DN22094_c0_g1",-1.0935361070284,1.96457441816593,-5.7512107651217,9.56884118017885e-05,0.00291205916803195,1.63689271435163,124.85,75,165.18,166.03,152,90,53.23,57.04,94,62.64
"1615","TRINITY_DN22094_c1_g1",1.05392150448945,-0.670959503264179,3.5501377079617,0.00406496973305541,0.0307338987482191,-1.73681854770322,20.25,1,13.69,14.29,11.43,32.09,16.68,25.7,29.41,19.15
"1616","TRINITY_DN22094_c2_g1",-2.57362519325309,-1.0233012042439,-5.06299755426542,0.000288628071330677,0.00567586183074097,0.295642809979609,56.44,17,34.33,18.46,30.48,3.41,2.03,7.18,8.22,3.07
"1617","TRINITY_DN22096_c0_g1",1.36116867363663,-0.111394685790558,4.60195883328963,0.000627389231694004,0.00916706821548541,-0.0545071915171578,21.41,3,21.23,10.62,22.23,43.32,21.34,53.29,59.33,32.06
"1618","TRINITY_DN22108_c0_g2",-3.97124259904836,-0.335208791855895,-6.1034631401166,5.57977725283371e-05,0.00211764035530409,1.5449962483796,132.38,30,50.8,88.76,114.61,5.15,1,9.39,9.49,2
"1619","TRINITY_DN2211_c5_g2",1.93002133910818,-0.681146616744554,4.05044723462671,0.00164654027408221,0.0169790529131644,-0.955164295973683,18.41,0,12.38,6.93,11.49,21.35,51.34,27.43,49.2,34.16
"1620","TRINITY_DN22110_c0_g1",1.44894513774425,0.388034256780639,4.3254398646555,0.00101304191211222,0.0123843421083162,-0.5158871790436,17.19,3.03,28.71,17.95,47.93,62.11,64.14,38.51,74.7,66.89
"1621","TRINITY_DN22114_c0_g1",-1.32802221589134,1.22050152087036,-3.5111041990239,0.00436578477481081,0.0322699823955235,-2.02713483535509,114,54,134,58,98,38,9,56,59,56
"1622","TRINITY_DN22127_c1_g1",-1.66116829264796,-0.920740822743133,-4.22319378075149,0.00121230956919228,0.0139633820702266,-0.695186974508673,34,16,18,20,28,9,7,7,6,6
"1623","TRINITY_DN22134_c0_g1",1.36660955387861,2.00004237620016,8.02240277996846,3.937853760584e-06,0.000493781036396344,4.76248719353573,55,35,72,66,73,199,138,181,189,153
"1624","TRINITY_DN22166_c0_g1",-2.51111303909533,-0.223637372023025,-7.78902995290334,5.30619907606783e-06,0.000572745953222021,3.87154670476777,53.04,22,54.03,52.01,77.02,7,4,10.01,19.02,6
"1625","TRINITY_DN22169_c0_g1",2.1550737853367,-0.299772852469239,3.75327745099806,0.0028087260595502,0.0241254328363265,-1.40910213886743,24,5,19.46,6,6,18,50,54.69,79,41.55
"1626","TRINITY_DN22174_c0_g2",-2.47359618488586,1.49309295120236,-5.50354232087994,0.000141278149218202,0.00362428049768407,1.31004416302461,245.53,31,244.06,197,166.46,69.63,5.46,63.81,34.61,31.12
"1627","TRINITY_DN22174_c0_g3",-1.31260241769328,2.54610331876628,-4.96120434197862,0.000341747241958579,0.00627570322971502,0.292755202048138,287.85,79.93,241.64,270.37,262.04,151.45,50.39,86.9,227.34,58.93
"1628","TRINITY_DN22174_c0_g4",-2.08229447871765,0.106680850188203,-5.67189731757953,0.000108303116831691,0.00312201111845523,1.54871184739367,95.66,18.7,46.36,68.7,61.8,16.56,3.05,17.79,26.54,9.57
"1629","TRINITY_DN22186_c0_g1",2.30745585878493,-1.25502328052475,3.56915781147786,0.00392614298782727,0.0300752298465925,-1.75962011714113,10,1,13.01,1,8.01,31.67,21,11.53,41.02,25
"1630","TRINITY_DN22200_c1_g1",1.42036891616382,-0.339277932073098,4.59873056890152,0.000630872911554827,0.0091897005290605,-0.0635538492635188,12.08,6.65,14.36,10.67,18.2,34.22,31.94,31.66,26.1,40.43
"1631","TRINITY_DN22249_c2_g1",-1.46251355082497,0.871352475860518,-4.23840841830509,0.00118025158359181,0.0137343946436525,-0.713183804879675,109.96,19,122.42,41.07,124.95,21.52,19.19,41.07,48.63,23.75
"1632","TRINITY_DN22280_c2_g1",-2.76813264199854,-1.88934147587045,-3.15976241779037,0.0083327557198597,0.0487660885404129,-2.4765640239593,17.31,2.15,17.79,22.66,44.1,20.27,1.53,1.75,2.23,0
"1633","TRINITY_DN2229_c0_g1",-1.04949739664598,6.66600095372682,-15.5951112332712,2.89630649787165e-09,9.41269124371468e-06,11.8630824084515,3991.5,1524.27,4568.18,3690.43,4110.21,1953.82,1652.7,2091.14,2052.92,1754
"1634","TRINITY_DN223_c6_g1",1.61038813552777,-0.0019111071949991,4.170161698086,0.00133129430771098,0.0147850289411039,-0.749336314912187,18.03,6,29.42,12.22,11.26,58.19,49.95,67.49,32.83,31.33
"1635","TRINITY_DN22304_c0_g1",-1.59648384846543,0.320253565326,-5.20981556550763,0.000226790073636351,0.00488619451043176,0.888561626085073,40.37,21.04,87.77,55.11,72.92,26,15.4,19.73,19.72,11.43
"1636","TRINITY_DN2231_c2_g1",1.07502639013549,1.67042681245569,4.7492883065241,0.000488004701365449,0.00782001988186593,0.0566708061876868,76,24.12,63.56,72.28,39.78,140.3,108.34,129.48,173.93,80.37
"1637","TRINITY_DN22321_c0_g1",-2.32009541181044,-1.51824871263471,-3.61736205555431,0.00359559618957023,0.0282361533147123,-1.7522859537214,20,8,24,17.66,35.75,12,0,8,6,2
"1638","TRINITY_DN22321_c0_g2",-2.27608108686757,-0.809359252770471,-3.30587946484514,0.00636413558886365,0.0410629722404548,-2.11213056018921,36,14,41,31,31,16,17,0,10,8
"1639","TRINITY_DN22329_c0_g1",-1.36500402720252,1.96646961725327,-5.85505183065558,8.14751752832737e-05,0.00266186726105375,1.7988687365476,182,67,239,104,183,68,54,100,69,44
"1640","TRINITY_DN22330_c0_g1",-3.2648369356611,-1.54489346780113,-3.56026882817536,0.0039904101433247,0.0303560238425543,-1.95351679514954,48,12,26,11,59,5,1,1,6,1
"1641","TRINITY_DN22339_c0_g1",-1.20934056522816,1.23317171102266,-5.30331973176361,0.000194812991784909,0.00444542225304309,1.00016808817794,134.92,37,98.11,63.27,111.15,31.91,37.38,44.4,66.65,28.44
"1642","TRINITY_DN22347_c0_g1",2.36089759738205,-1.19989990804937,4.73631918046617,0.000498859905991635,0.00792885494856408,-0.136111583670643,7,2,8,10,3,25,18,21,45,17
"1643","TRINITY_DN22350_c0_g1",-1.79392447534613,-0.250775120859551,-3.34532698195455,0.0059183698039446,0.0393165679025252,-2.0987177282241,55.54,41.33,31.41,25.73,43.97,25.67,14.54,3.6,18.07,4.56
"1644","TRINITY_DN22372_c0_g1",2.09666727449365,-0.863800364957553,4.75122842178873,0.000486402200391244,0.00780626844713446,0.0453469447831214,8,6,11.41,2,13.8,24.91,20,31.14,38.17,26.58
"1645","TRINITY_DN22394_c0_g1",-1.38261124406716,2.42436727537075,-6.55247016414573,2.87595195281678e-05,0.00144494783387973,2.79455516801774,332.34,73,199.98,262.6,216.16,113.04,59.72,85.56,144.66,65.98
"1646","TRINITY_DN224_c4_g1",-1.38093444061651,2.44262301389079,-5.61791373403079,0.000117887132978485,0.00327453652143748,1.37927972088027,271.38,91,323.56,128.33,289.96,84.15,61.86,128.89,122.63,71.78
"1647","TRINITY_DN22400_c0_g1",-1.31016982632799,2.00542771329327,-6.57145986187872,2.79813457421702e-05,0.00142439582595839,2.85164646838851,200.58,68,147.76,129.97,229.84,62.51,51.63,77.8,108.07,49.91
"1648","TRINITY_DN22410_c0_g1",-1.43966271850216,7.62316236611453,-16.7038035202894,1.32547657372899e-09,6.82046062288481e-06,12.6369555718273,9068.68,3252.67,8065.4,8844.39,9506.71,3106.6,3094.34,3546.04,3187.03,3109.81
"1649","TRINITY_DN22426_c0_g1",-2.66600032261627,-1.19215492899956,-5.02028973899466,0.000309773230180674,0.00592194347281617,0.132380705728655,36.28,13.46,20.53,43.13,27.26,4,1.37,5.41,4.29,4.82
"1650","TRINITY_DN22452_c0_g1",-2.0268968373405,0.128249319602342,-6.05887133673263,5.96836819154769e-05,0.00220415549695985,2.09162953183113,98.07,17,47.4,54.01,69.02,30.01,8,14.01,12,10
"1651","TRINITY_DN22475_c0_g1",-1.54270745334606,-0.246727703637942,-4.37666739645022,0.000926321019929552,0.0116922465941558,-0.411022859210218,74.57,11,42.84,25.37,37.38,10.33,21,9,13.41,11.95
"1652","TRINITY_DN22478_c0_g1",1.12957060696051,0.14324349447162,3.14303956803172,0.00859414896355692,0.0497349119214351,-2.51479691957006,12,15,39,15,22,42,23,45,61,38
"1653","TRINITY_DN22491_c0_g3",1.2696792461475,-0.434933957516878,3.26163142146266,0.00690477971958789,0.0431447417653423,-2.23500993271587,13.33,5,11.09,19.07,13.28,43.76,35.04,32.72,18.47,22.14
"1654","TRINITY_DN22496_c1_g1",-1.52232980655487,3.06928716265315,-5.46710561730429,0.000149722304253547,0.00377503178564638,1.05506534444153,315.36,99,621.22,492.64,325.05,86.02,134.03,166.01,215.05,111.52
"1655","TRINITY_DN22505_c0_g1",-2.1123568940862,-1.69542158291647,-4.05977015215462,0.00161942073395079,0.0167956367909844,-1.19934043331513,22,11,14,11,24,3,2,4,3,4
"1656","TRINITY_DN22509_c0_g1",-1.20277516147458,0.502074942616539,-5.719168217126,0.000100586765224411,0.00299038593118773,1.6508972507349,61.76,28,52.83,47,71.81,25.43,16,25.28,27.22,23
"1657","TRINITY_DN22514_c1_g1",-1.47634242602019,-0.636085317324512,-3.63227092429839,0.00349923596537905,0.0278405904381169,-1.60271021730312,43.78,12,22.79,20.46,36.71,3.61,10.25,16.74,10.33,11.22
"1658","TRINITY_DN22515_c1_g1",1.2056697404259,-0.703010628951514,3.31861916755853,0.00621657159384431,0.0405044700619076,-2.12102849868283,13.02,13.95,10.6,7,12,16.39,14.45,24.59,41.64,16.82
"1659","TRINITY_DN22515_c2_g1",-1.44050973537073,0.797781319749382,-4.57238218259549,0.000660072447710017,0.00948044188420743,-0.146528152471824,144.1,15,72.45,64.03,92.11,41.69,14.14,32.28,28.55,29.6
"1660","TRINITY_DN22515_c2_g2",1.22610553999104,0.542617840728991,4.77453345005085,0.000467577511240701,0.00761592618414424,0.202327967854758,19.6,14,29.79,24.18,31.96,60.62,39.13,45.5,88.14,61.22
"1661","TRINITY_DN22536_c0_g1",-2.49489892397913,-0.246548341059882,-6.30715467084956,4.11686603338256e-05,0.0017702523943545,2.25650614810749,60.88,16,65.55,42.01,72.42,7,9,3,24.94,9
"1662","TRINITY_DN22547_c0_g1",-1.29436178516302,-0.464205739140055,-3.30130132036833,0.00641802676350734,0.0412727660098556,-2.17364847901747,36.98,3,50.29,33.51,39.3,7.52,13.49,10.56,25.32,8.98
"1663","TRINITY_DN22589_c1_g1",1.02968656461439,1.57660505696085,4.51568773370834,0.000727788468314449,0.0100693440155681,-0.326597461976485,68.79,28,64.99,28.5,70.22,114.65,124.32,116.89,111.98,103.43
"1664","TRINITY_DN22592_c0_g1",-1.4641943342406,3.54001312173952,-7.88814421243735,4.67136533964981e-06,0.000540163795866473,4.52607326027491,582,214,473,677,420,198,177.02,201.03,267,126
"1665","TRINITY_DN22593_c0_g1",1.56465457319208,1.8397729345513,10.0516708052647,3.73932303447905e-07,0.000145757191968478,6.94610009684744,70.31,19,52.46,53.91,62.44,186.18,122.25,181.23,183.72,172.87
"1666","TRINITY_DN22598_c0_g1",-1.27420928848295,2.09768982302878,-8.09148208991208,3.60939363481196e-06,0.000471145316540078,4.8491642089373,160.84,60,213.78,166.71,210.09,60.18,70.21,71.51,103.6,69.28
"1667","TRINITY_DN22610_c0_g1",1.44214437780939,-0.994033926201599,3.36081769410767,0.00575210063294348,0.0386024029869573,-2.02580885854388,8.19,1,20.73,4.2,13.42,25.08,23.25,14.54,28.92,19.58
"1668","TRINITY_DN22610_c0_g2",2.1583335781484,0.192219300724166,5.62467869886929,0.000116638480063097,0.00325596422555881,1.48052134686523,19,3,10.02,35.03,14.01,66.02,59,73.06,106,36.07
"1669","TRINITY_DN22623_c0_g1",-1.49813980980858,-0.651365260823365,-4.0694625490462,0.00159171590780414,0.0166008908341049,-0.900176746427252,29.94,4.36,45.59,36.92,29.23,7.25,6.41,11.97,9.34,14.15
"1670","TRINITY_DN22625_c3_g1",-1.12563704888116,0.0751431428245121,-3.79906875784558,0.00258539851907482,0.0228159479428086,-1.38706320679033,68.76,12,43.13,41.41,37.26,10.36,16.69,26.51,27.1,14.74
"1671","TRINITY_DN22627_c0_g1",1.88341303871902,-1.28941167317753,4.24458368626302,0.00116749223903392,0.0136433437245547,-0.777515804123202,9.44,1,9,3,8.93,35.46,13.45,17.64,22.05,16.16
"1672","TRINITY_DN22631_c0_g1",1.10152696048898,-0.042416095386282,3.45460786385461,0.00484190198319384,0.0345838940032681,-1.95631782128797,22,10,18,12,23,53,16,47,51,26
"1673","TRINITY_DN22635_c0_g2",2.13676125347917,0.676085055216327,8.47038366686771,2.25952594064921e-06,0.000355653440608338,5.04807145481814,19.17,8.63,35.24,12.78,25.27,77.15,71.34,94.02,114.5,92.8
"1674","TRINITY_DN22635_c0_g3",2.37661834557041,0.820220924557092,7.92959862433214,4.43040414475191e-06,0.000527107119711255,4.48314977801306,32.53,7,42.76,10.16,18.45,126.07,81.72,109.75,115.38,119.27
"1675","TRINITY_DN22635_c1_g1",1.99140811813358,-1.11082583389104,4.63897453566424,0.000588851170292311,0.00879413981013466,-0.218425483376579,8,0,11,5,12,25,13,26,41,26
"1676","TRINITY_DN22645_c1_g1",-3.52519011779731,2.18405856517305,-11.389858652143,9.66504621325197e-08,6.70558734354924e-05,8.10956655438133,622.48,154,445.52,284.08,444.29,35,17,38.15,84,23
"1677","TRINITY_DN2265_c3_g1",-1.90651036486048,-1.2423633465525,-3.33281756388893,0.00605619234445369,0.0398803204527382,-2.08030283869974,45.84,11,14.37,16.37,22.61,1.77,8.56,2.63,10.71,5.54
"1678","TRINITY_DN22653_c1_g1",2.10221356780323,-0.585611131037884,3.42891285268261,0.00507562774188551,0.0356269025583661,-1.92526692571128,2.24,5,15.54,24.58,10.58,23,34.1,48.18,35.47,30.37
"1679","TRINITY_DN22656_c2_g2",1.5914224953089,0.99970840770598,6.33827087570339,3.93197995930717e-05,0.00172599762281755,2.54249298225742,46.06,17.03,20.89,20.9,43.58,99.15,63.49,103.41,122.27,74.41
"1680","TRINITY_DN22659_c0_g2",-1.44447335076312,-1.17403298740663,-3.62278051840035,0.00356026485818346,0.0280837039426562,-1.62066898437541,28.03,6,16,15,30,6,3,8,6,12
"1681","TRINITY_DN2267_c3_g1",-1.45622071521418,7.92308812318013,-11.2613429203621,1.09411528345747e-07,7.26445489493889e-05,8.09213080060587,10177.04,5606.13,9239.57,9814.81,11022.48,3884.24,4013.83,4360.19,3530.12,3870.41
"1682","TRINITY_DN22670_c0_g2",-1.79924397541704,0.540682737585987,-7.47255889257816,8.03203639945527e-06,0.000711300901482169,3.9534797996497,96.34,30,82.77,45.52,82.96,19,17,17,31.22,16
"1683","TRINITY_DN22681_c0_g1",-1.53008418355706,0.127468140393889,-4.74667339041316,0.00049017332488976,0.00783899230125416,0.171255634987392,87.3,18,37.81,41.12,55.28,24.02,19.04,12.41,21.04,8.01
"1684","TRINITY_DN22686_c0_g4",-2.82374680977943,-0.733413393213487,-6.47651315337946,3.21100993560235e-05,0.00153343728927745,2.06617041166222,47.62,21.07,36.52,36.03,46.27,5.02,9.82,6.76,2.69,4.33
"1685","TRINITY_DN22698_c1_g1",-2.34936537194648,-0.0669638217444377,-6.19407449936747,4.87045912142138e-05,0.00196515794272299,2.19515273719532,67.8,29,38.62,61,70.01,6,9,19.52,14,6
"1686","TRINITY_DN22703_c0_g1",1.18966953313251,0.366134961836768,5.17596004950266,0.000239692583716527,0.00504449136309751,0.836943541456463,34.25,8,19.34,24.35,23.36,73.82,40.96,47.36,57.19,41.76
"1687","TRINITY_DN22704_c0_g1",1.13616343728623,0.233822817007626,4.18797639582717,0.00129002890318966,0.0144934988439441,-0.738155474437919,25,4,21.17,29,27,56,39,60,64,27
"1688","TRINITY_DN22706_c1_g1",2.11756154167477,-0.977706891526141,3.41053087130121,0.00524984885448337,0.0364110599872671,-1.95149709945614,3.59,3.19,5.54,4.83,33.15,47.25,22.62,23.26,20.22,23.29
"1689","TRINITY_DN22721_c2_g1",-2.27478339972063,-0.61214111088715,-5.87976688739124,7.84333517015134e-05,0.00260425542257881,1.59349036125068,60.45,16,27.61,39.38,38.83,6.19,5.15,12.32,8.17,4.11
"1690","TRINITY_DN22727_c0_g1",1.68460037096748,-0.69613076619919,4.67206639769274,0.000556492011645796,0.00849641162910235,0.000594138827445967,14.93,3,8.48,8.79,11.25,17.38,19.74,35.84,42.85,31.42
"1691","TRINITY_DN22735_c0_g1",1.41456894427342,-0.341017788240769,4.45525140949799,0.000808007806303303,0.0107296486072293,-0.287182160811322,19.34,4,12.76,17.18,11.82,34.62,22.3,27.45,65.85,25.68
"1692","TRINITY_DN22748_c0_g1",1.47937218744044,0.941447303881875,3.6416246652087,0.00344013341259283,0.0275442632210558,-1.73842389766007,60.09,2,39.68,34.95,36.53,151.49,38.19,120.75,115.93,80.34
"1693","TRINITY_DN22764_c0_g1",1.06154128275989,0.28392903841895,3.50840612680294,0.00438739880474858,0.0323594244380812,-1.89969357348743,26,7,17.18,33.21,27.48,46.95,23,50.38,58.4,62.98
"1694","TRINITY_DN22767_c1_g1",-1.50425075450118,-0.960883125519582,-3.49801904439181,0.00447163266306708,0.0327887868043066,-1.80964079498262,21.36,10,39.03,13.18,28.54,5.08,14.47,5.1,8.22,6.18
"1695","TRINITY_DN2277_c0_g1",1.32299411034517,2.66590677985075,5.46387264485734,0.000150496848968895,0.00378991820152175,1.1094140106931,120.7,33,140.6,74.61,137.37,362.31,147.82,371.37,290.3,266.49
"1696","TRINITY_DN22772_c0_g1",-1.14662747879644,1.86278270345726,-4.0958056107518,0.0015188673603376,0.0161146085508808,-1.09882404801237,262.78,42.46,121.46,123.4,147.88,42.93,70.24,62.69,119.39,53.01
"1697","TRINITY_DN22772_c2_g1",1.96907518567619,-1.3200329844639,3.27814385999241,0.00669778704448901,0.042318116691201,-2.16845991288292,2.29,2,13.34,6.97,7.7,12.55,11.06,17.15,35.35,28.2
"1698","TRINITY_DN22777_c1_g2",-1.80974548181892,-2.04318500416867,-3.60950922834207,0.00364743875192155,0.0285163393332048,-1.86413600333637,16.13,6.06,11.3,12.65,11.74,1.31,1.71,2.44,3.74,4.35
"1699","TRINITY_DN2278_c1_g2",-1.4129590533041,4.12612554997493,-6.17340061403949,5.02341298503178e-05,0.00199476337620413,2.02395595640798,911.13,306.87,567.17,591.65,1252.88,300.94,214.33,277.18,490.45,227.98
"1700","TRINITY_DN22782_c0_g1",-2.51952135908487,0.0595638490788642,-3.82448655327574,0.00246939587513816,0.022204784694631,-1.30980564856024,132,38,22,55,98,8,8,13,9,17
"1701","TRINITY_DN22783_c0_g1",-2.92719787078781,-1.10029843142247,-3.71893697870799,0.00298914210810465,0.0251394098190202,-1.5514747702479,47,10,63,12,58,1,4,8,8,2
"1702","TRINITY_DN22784_c3_g3",-1.97261921778781,-1.88994814115397,-3.20860395091763,0.00761427835355566,0.0459371235735569,-2.3618668558069,16.63,6,14.58,11,24.52,3,0,4,9,5
"1703","TRINITY_DN22802_c0_g1",2.03616375863355,-1.90162894112676,3.76053588487765,0.00277204570286531,0.0239095234055772,-1.62781470678889,6.38,1,8.42,3.49,2,12.48,12.16,10.47,18.97,12.54
"1704","TRINITY_DN22810_c0_g1",-1.20541797860666,4.65717469895245,-10.4021932021655,2.58779487321898e-07,0.000118363820615945,7.3802575900192,1248.57,421,986.95,877.42,1109.75,428.87,439.4,366.85,592.2,443.74
"1705","TRINITY_DN22820_c0_g1",-1.88589626036159,-0.371340221489855,-6.27665833749437,4.30705220416818e-05,0.00182034126969868,2.26325192002083,55,12,38,34,48,14,12,12,8,6
"1706","TRINITY_DN2285_c0_g4",1.47988740122203,2.48758638917167,12.4382715846071,3.66591117470798e-08,4.04219077171194e-05,9.17937248623398,93.63,28.63,103.63,80.26,109.06,277.3,237.24,260.22,288.24,219.92
"1707","TRINITY_DN22875_c1_g1",1.33650226101806,0.864878156025872,3.60888658450834,0.0036515818840048,0.0285451168722026,-1.79710616103884,32.02,16.56,40.9,33.24,21.67,165.14,48.79,89.55,65.27,49.08
"1708","TRINITY_DN22876_c2_g1",-1.03318233565667,2.34869370162715,-4.91687036808951,0.000368004062622803,0.00656938851079296,0.241390824537842,272.78,65,228.74,140.25,201.06,99.26,67.48,78.99,186.78,79.18
"1709","TRINITY_DN2289_c1_g2",-1.40329739503926,0.35716606758678,-3.88203551617974,0.00222612603559232,0.0206673929402729,-1.26725723211253,75.41,36,39.06,67.02,41.98,13.06,11.63,31.48,26.93,18.29
"1710","TRINITY_DN2289_c1_g3",-1.56933347477343,2.80583584403238,-9.51624650784054,6.69669049491378e-07,0.000191182025632242,6.49272998865621,413.27,148.93,296.21,296.4,297.03,130.87,71.12,107.34,156.48,91.23
"1711","TRINITY_DN22893_c0_g1",1.04078339144062,-0.258337558666905,3.143132192212,0.00859267866096818,0.0497310640132592,-2.46223752761417,18,6,27,11,16,43,20,40,46,16
"1712","TRINITY_DN2290_c2_g1",1.36096436259387,0.406408666699468,4.01517525236167,0.00175346633991019,0.0176664134987016,-1.04005026097428,24.64,9,24.21,23,22.08,67.99,98.12,45,58,30.3
"1713","TRINITY_DN22902_c0_g1",1.52438342958937,0.783025675087199,8.00979791155964,4.00116680463448e-06,0.00049911928859105,4.61089582828643,27,8,36,26,34,76,61,88,107,68
"1714","TRINITY_DN22906_c0_g1",-2.04197062381393,-1.14419203526732,-3.17268311726889,0.00813628907322757,0.0480079487274851,-2.32169488903645,27,14,40.1,15,26,11,0,9,8,9
"1715","TRINITY_DN22908_c2_g1",-1.80115200664381,0.769181279778214,-6.69422687099491,2.34613394102332e-05,0.00129618962513752,3.01269431838189,119.23,27,67.83,85.89,100.88,20.63,13.06,17.66,43.81,29.95
"1716","TRINITY_DN2291_c2_g1",-2.00918277923265,-0.722293319917172,-4.12536409609623,0.0014412212865816,0.0155445470749066,-0.825216097560828,69.11,6,39.08,19.48,40.05,11.99,4.01,3.18,9.74,13.65
"1717","TRINITY_DN22918_c0_g1",1.05941289680607,1.56367098206163,6.87417366570927,1.81865957172217e-05,0.00111739891775822,3.28551963884115,66.83,20,54.33,45.07,68,136.07,84.56,121.41,145.35,96
"1718","TRINITY_DN22927_c0_g1",-1.07458363439148,0.307178255761162,-4.2621484437228,0.00113197708076538,0.0133864910250501,-0.626410054166993,62.25,20,41.41,39.28,60.77,17.26,20.65,21.72,40,13.67
"1719","TRINITY_DN22928_c0_g1",-2.11524982964949,1.12113734117857,-6.28459599044653,4.25666840932756e-05,0.00180274870328641,2.46934126061738,152.81,40,156.3,58.11,177.6,38.11,24.03,32.1,23.08,21.06
"1720","TRINITY_DN22931_c1_g1",-2.38365656271145,-0.0980215242017519,-5.57644100809625,0.000125857325256717,0.00338774321365413,1.37061909723986,55.97,12,112.23,45.3,75.77,14.52,2.31,12.38,16.89,10.46
"1721","TRINITY_DN22941_c1_g1",-2.37268406077993,-1.79643112158448,-3.79327100601959,0.00261263462638483,0.0229578714828534,-1.59742880950277,21,6,16,15,24,0,5,3,5,6
"1722","TRINITY_DN22950_c0_g1",-1.07036216342738,1.17093388615452,-4.59924209496296,0.000630319570037309,0.00918380670379041,-0.139917714016176,112.05,40.01,70.06,62.56,113.42,36.09,47.78,42.7,43.3,32.53
"1723","TRINITY_DN22950_c1_g1",-3.02120019248709,-1.32763887118132,-3.60505010291109,0.00367721663664891,0.0286693877771115,-1.8071918689302,38.25,20,41.65,36.3,15.2,6.12,0,4,5.77,4.44
"1724","TRINITY_DN22953_c0_g1",-2.94980709251161,-0.810533525080713,-5.50901458071985,0.000140054032947114,0.00360160506878393,0.870924455809948,67.14,20,27.81,47.11,39.94,4.22,6.29,5.27,7.35,1.04
"1725","TRINITY_DN22962_c0_g1",-1.17527452651339,-0.120283880470312,-3.70041717106098,0.0030913348254185,0.0256460758833725,-1.53432812756975,51.14,20,30.78,33.12,34.88,14,24.7,10.62,22.12,9
"1726","TRINITY_DN22962_c1_g1",-3.09874283800491,0.396522824321839,-4.65403783076896,0.000573884128144153,0.00864039260308795,0.0274385667591472,129.3,37,235.55,33.24,132.96,6.06,5.02,19.12,24.19,8.15
"1727","TRINITY_DN22967_c0_g1",-1.21111772926388,2.48064962700958,-4.19851937330084,0.00126623444399863,0.0143594939298489,-1.01734308248384,308.08,98,129.34,193.96,337.21,96.79,99.4,93.46,93.85,108.76
"1728","TRINITY_DN22972_c0_g1",-2.96776824663692,-1.65096258891556,-3.21954034813955,0.00746215826707787,0.0453307883186239,-2.37390549695457,19.9,11,37.88,38,13,4,7.62,0,3,3
"1729","TRINITY_DN22981_c1_g1",-1.0747954301415,2.09806547286221,-4.38023921659988,0.000920570064294268,0.0116386896662659,-0.638837076422715,186.64,51,191.6,124.22,220.09,84.57,33.23,115.86,95.55,97.79
"1730","TRINITY_DN23_c0_g2",1.08966389002653,4.89739724140128,8.15116178546481,3.34920705893132e-06,0.000451444089928196,4.73534006428294,535.82,286,583.25,427.85,588.21,1255.56,1143.39,1270.95,1061.19,1062.21
"1731","TRINITY_DN23028_c0_g1",-2.11003463974806,-0.666453988694816,-4.76906897067945,0.000471921906984811,0.00765974533196619,0.129997339268178,48.6,7,34.8,28.03,64,10.15,9.13,8.1,12.09,2
"1732","TRINITY_DN23050_c0_g1",4.21437661801289,-2.22142560736633,6.33846869578497,3.93083317192305e-05,0.00172599762281755,0.625206607049393,0,0,3,2,0,23,18,16,36.94,28
"1733","TRINITY_DN23068_c1_g1",-1.1523468091962,0.174137592405563,-4.17661227681079,0.00131619654910814,0.0146702985635324,-0.760072353613029,56.4,7,57.26,49.15,59.41,24.58,18.29,14.91,25.88,17.85
"1734","TRINITY_DN23089_c0_g1",1.65536671534867,-1.42339600065815,3.22893588071989,0.00733392318954248,0.0448682343315039,-2.23849557286351,5,8,11,4,5,16,21,14,12,14
"1735","TRINITY_DN2310_c1_g1",1.22519107191579,6.11451278070332,11.2237755651495,1.13476223551363e-07,7.29888526234329e-05,8.1490000499191,1076.71,523,1198.84,1382.81,1303.89,3290.88,2702.85,2776.76,3234.92,2262.72
"1736","TRINITY_DN23102_c1_g1",-1.40857736663128,0.774708738567837,-4.82784272013449,0.000427328652597277,0.00719767857080651,0.273832425089677,62.12,37.8,81.49,51.84,108.38,33.23,22.21,33.09,19.55,27.3
"1737","TRINITY_DN23106_c0_g1",1.02282103131917,-0.36462787586661,3.20805315426325,0.00762202194310171,0.0459613877873676,-2.33573029620362,21.12,2,18.65,15.34,15.2,25.93,18.22,32.18,30.4,47.88
"1738","TRINITY_DN23123_c0_g2",1.17131703867436,-0.983099627672636,3.29332565714484,0.00651301788506476,0.0416191481286328,-2.13619188900787,10.42,1.25,11.71,15.4,8.34,18.38,23.4,15.15,26.6,15
"1739","TRINITY_DN2313_c1_g1",-1.52743906314173,-0.567420191767071,-3.37458472050904,0.00560831408727711,0.0379509236450616,-2.02769473197232,28.41,16,19.46,22.36,70.21,11.31,5.01,8.42,10.94,12.27
"1740","TRINITY_DN23132_c0_g1",-1.27018923789867,1.75455465128707,-5.33699621351122,0.00018449129841209,0.00431161620152941,1.00914032774831,179.61,67.72,119.11,89.68,183.84,48.49,42.26,67.45,64.49,66.25
"1741","TRINITY_DN23132_c3_g1",1.81776518330543,-1.75860236030129,3.43038222371059,0.00506195769235399,0.0355916378487217,-2.00291309157168,5,1.31,2,9.82,5.69,12.12,14.25,9.43,14.05,16.32
"1742","TRINITY_DN23136_c0_g1",-1.28840324702534,-0.292737679621447,-4.47597945092712,0.000779503776024538,0.0105024654510066,-0.253234851565461,47.05,14,35.34,22,42.49,8,10,15.21,17.41,15.69
"1743","TRINITY_DN23137_c0_g1",-1.20902740920048,-0.225054028910285,-3.56426682372116,0.00396137277713102,0.0302357041090589,-1.75606141676407,50.89,6.04,58.15,28.27,37.14,21.55,4.89,15.22,20.61,15.5
"1744","TRINITY_DN2314_c2_g1",-1.03670487515237,4.54494650437773,-8.72017653136675,1.67321558718031e-06,0.000309725664223521,5.47741053182579,1023.93,345.94,1007.23,714.51,1002.08,365.21,374.88,469.9,646.5,399.09
"1745","TRINITY_DN23144_c0_g1",-1.32538255458997,1.05309426080389,-5.06003531014037,0.000290044582678654,0.00569283944413272,0.627668374661127,102.15,34,83.75,62.1,122.29,18.49,40.77,39.47,46.29,32.04
"1746","TRINITY_DN23151_c0_g1",-1.63840789788431,0.280214729128928,-4.33519059242195,0.000995907138259725,0.0122680037173355,-0.498363945508827,91,22,64,27.06,79,19,6,30.16,24,15.05
"1747","TRINITY_DN23153_c0_g3",1.39945288517214,-0.898319666818198,3.49454953685899,0.00450013446917632,0.032919595214157,-1.8156537175828,11.02,3.54,20.78,5.2,7.47,28.06,23.72,20.69,27.15,12.62
"1748","TRINITY_DN23159_c1_g1",-1.29484202003055,-0.511701321192303,-4.12502589638147,0.00144208604559894,0.0155491346746562,-0.811124311027227,39,10.05,29,32,26,10,11,8,10,19
"1749","TRINITY_DN23167_c0_g1",-1.75970855864619,-1.08123419073373,-3.56205067515833,0.00397744185819635,0.0302946934574945,-1.71471179888302,37.6,10,19.73,17,23.34,8.21,5.07,12,2.05,7.07
"1750","TRINITY_DN23168_c0_g1",1.09243422962083,2.69602234647858,6.5319373617918,2.96268985265653e-05,0.0014594030812351,2.73822591123247,128,55,105,108,132.99,271,268,271,228,238
"1751","TRINITY_DN232_c0_g2",1.20608242675787,5.64787886469914,3.26405895300512,0.00687394820989399,0.0430345813116814,-3.20948991193324,1346.48,438.98,378.86,1511.46,750.2,1999.55,3199.76,2082.29,1694.41,1504.45
"1752","TRINITY_DN23214_c0_g1",1.09193995344817,1.20923985793793,3.18498518488299,0.00795356840827965,0.0472500425316964,-2.60542289471733,44.08,13.27,42.46,55.89,43.14,109.16,177.98,73.34,77.1,58.72
"1753","TRINITY_DN23218_c0_g1",1.30290142555355,-0.666727000440457,3.7173526423214,0.00299774733285133,0.0251761306407442,-1.46249289874543,14.65,1,9.41,13,17,20.27,31,35.91,24.9,23
"1754","TRINITY_DN23234_c0_g1",1.09977324822128,0.30882264853404,3.81091400918168,0.00253065690553913,0.0225195276845698,-1.38203752572084,19,8,26,29,26,29,54,50,62,48
"1755","TRINITY_DN23236_c0_g3",-1.39897917803485,0.678454500955609,-4.36734182609556,0.000941512966937443,0.011809964143343,-0.477043971391506,141.55,24.26,50.68,63.56,63.32,29.32,14.97,22.11,40.34,23.41
"1756","TRINITY_DN23239_c2_g1",-2.39851930061338,-0.522156380097091,-3.26095114597992,0.00691344480025814,0.0431814069923467,-2.19282423798046,63.77,13,59.53,91.95,16.08,7,6,15.04,11.02,2.01
"1757","TRINITY_DN23241_c0_g1",-1.90207979046438,-0.0921381803380647,-3.68605314519267,0.00317305876738083,0.0261170398251442,-1.5456110284845,72,14,31,121,34,10,9,16,20,7
"1758","TRINITY_DN23259_c0_g1",1.78955424177811,-0.481984724004093,3.59056712673675,0.00377565998846854,0.0291942503369019,-1.67380455123631,11.9,8,18.47,4.06,13.43,26.11,33.66,45.72,64.89,13.15
"1759","TRINITY_DN23263_c0_g1",-1.72783037676145,-0.518693781430111,-5.06662895252554,0.000286901490807997,0.00564550454251505,0.606659918775739,44,19,24,33,35.17,10,11,10,9,6
"1760","TRINITY_DN23292_c3_g1",-2.27376417693701,-0.555889733461917,-3.57245815129706,0.00390255167034405,0.0299459128296762,-1.69216685977228,45,15,87,16,56,7,1,5,22,14
"1761","TRINITY_DN23293_c0_g1",1.43766711376396,-1.04938252409493,3.91880913675163,0.00208373384227908,0.0198344993514796,-1.16412786836492,13.13,2,6.1,5.07,13.62,18.1,25.33,20.5,21.57,16.25
"1762","TRINITY_DN23295_c0_g1",-2.30403575510627,-0.677496170342993,-3.95115765974819,0.00196624675285541,0.0191147985561863,-1.10545976287263,59.96,21,23.03,37.96,34.66,7.27,17.38,8.25,9.14,0.55
"1763","TRINITY_DN233_c0_g3",-1.65719600913878,-0.425038453413966,-5.04603507388155,0.000296838881270327,0.00577388069624954,0.597978970360229,45.88,17.49,35.69,23.81,40.01,11.14,16.55,5.63,13.87,7
"1764","TRINITY_DN23314_c2_g1",2.35265612895349,-0.0922105947548139,4.09208067187013,0.00152895509787365,0.0161965893606969,-0.864702743069037,5.33,3,13,23,20.68,55.36,18.58,56.66,95.95,83.96
"1765","TRINITY_DN23319_c0_g1",-1.3482641981174,-1.06752618810417,-3.15462686476661,0.0084121658000251,0.0490356286056783,-2.35499842727803,18,4,31,27,21.24,10.06,4,13,5.03,8
"1766","TRINITY_DN23341_c0_g1",1.53085997354663,-0.166953856148509,4.02666249766543,0.0017178764470737,0.0174036808620027,-0.981099068775554,10.11,20.86,17.81,12.17,12.47,43.78,21.42,46.97,32.84,36.96
"1767","TRINITY_DN23343_c0_g1",-1.79319486025739,0.390190406265805,-5.53587113455015,0.000134206611101644,0.00351739805700523,1.37722356089085,89.21,34,65.02,35.4,77.05,16.01,27,19.02,16.01,12.01
"1768","TRINITY_DN23350_c0_g1",1.39268264786804,1.89232493623049,8.83126000521114,1.46700599994608e-06,0.000286660400267945,5.69474967854699,53.29,22.01,74.29,63.11,70.85,192.04,128.56,149.65,199.88,152.88
"1769","TRINITY_DN23365_c0_g1",-1.36408962456978,-0.367267969287248,-4.51490347799833,0.000728774455092267,0.0100807269384044,-0.193360114155051,47,15,22,37,36,10,9,12.98,16,11
"1770","TRINITY_DN23383_c0_g1",-1.73778820278616,-0.332807421454926,-6.41849842263091,3.49480253918949e-05,0.00161403939558618,2.45846748604203,43.07,20,43.06,29.41,40.63,11.35,11.33,11.41,11.36,7.16
"1771","TRINITY_DN23386_c0_g1",-1.43912178215054,-0.986901476638215,-3.65214596154107,0.00337487360794228,0.0271909832389379,-1.56735954598863,20.41,9,25.51,26.53,23,3.03,11.43,7,13,5.1
"1772","TRINITY_DN23398_c0_g1",-1.57313966556303,0.717856789908668,-7.39545160111989,8.90183826539136e-06,0.000749175491272627,3.89680118611679,88.58,27,83.08,55.88,96.8,27.3,13.68,23.25,30.64,29.73
"1773","TRINITY_DN23402_c0_g1",1.4921825742151,0.466848987379849,3.89575725100224,0.00217185582155173,0.0203625498434826,-1.24780932331651,14.72,13.03,22.36,19.85,35.73,49.04,45.39,46.69,60.05,116.08
"1774","TRINITY_DN23421_c0_g1",-1.31677635451575,0.712591331905635,-4.68261349167899,0.00054657359162187,0.00838921852733463,0.0415059068402073,95.79,37,66.42,44.3,75.73,19.52,15.52,27.97,51.18,24.82
"1775","TRINITY_DN23457_c2_g1",-3.90387071637195,-0.264408133619647,-3.43695608745366,0.00500125600567328,0.0353257327657646,-1.90615100945543,145.08,23.33,41.58,58.87,123.59,20.93,55.64,0,0,25.86
"1776","TRINITY_DN23461_c0_g1",-3.88249732336017,-2.18169096077922,-5.06046708395308,0.000289837659359409,0.00569058689670104,-0.433601376933749,21,12,30,26,18,0,5,1,0,1
"1777","TRINITY_DN23467_c0_g1",-1.20120444391872,1.03201714139725,-4.09081783915002,0.0015323907742744,0.0162218524824097,-0.98807823905072,106.85,24.73,57.81,73.39,137.62,49.16,26.16,29.67,31.27,45.7
"1778","TRINITY_DN23474_c0_g1",1.12549997481485,0.846595258045093,3.61805831299396,0.00359103619616363,0.0282182400262802,-1.78008751460283,31.69,7,40.94,37.5,45.51,66.66,34.04,72.89,109.3,106.11
"1779","TRINITY_DN235_c1_g1",1.65705247730979,1.63706470568394,3.65451641351376,0.00336034637790513,0.0271057698423104,-1.82484125257467,34.85,19,54.7,58.23,51.7,256.21,287.99,99.24,137.14,70.03
"1780","TRINITY_DN23505_c0_g1",-1.15710647868874,0.647291061394185,-5.10322497560604,0.00027009546985269,0.00542192947739399,0.717140060333105,68,23,55.99,69.51,72.99,22,20,22.98,51.99,24
"1781","TRINITY_DN23512_c0_g1",2.73085674833632,1.46570093912094,10.5221348121411,2.28684193567186e-07,0.000111187335310131,7.19698653065599,50,12,20,24,34,168,129,229,273,185
"1782","TRINITY_DN23512_c0_g2",2.55435498790663,0.627299448228026,7.19138120461294,1.17269434289233e-05,0.000858974261980018,3.56869248933706,31,2,18,20,18,78,72,145,187,84
"1783","TRINITY_DN23512_c1_g1",2.98081740435763,1.1321385516127,7.38058791618568,9.08078818206769e-06,0.000755688017070506,3.87637219810879,28.98,11,10.19,27.81,27.27,285.93,128.82,109.25,175.36,152.26
"1784","TRINITY_DN23523_c0_g1",1.34755502944405,2.16000410242412,4.0659055297204,0.00160182591948534,0.0166710849277567,-1.18293836569678,131.21,8.8,56.13,76,149.8,213.39,160.2,289.03,254.1,142.52
"1785","TRINITY_DN23544_c0_g1",1.38293204832308,2.5461088505878,7.29062959836307,1.02491660254858e-05,0.000792296126080078,3.81579564591491,78.02,42,92.31,89.49,140.48,285.88,272.93,254.71,250.71,211.05
"1786","TRINITY_DN23557_c0_g3",1.14418454922609,-0.470575795447214,3.90529430684523,0.0021349409659181,0.0201418387721177,-1.16592807517822,19.55,2,14.62,11.11,17.94,23.51,16.8,35.69,46.34,26.97
"1787","TRINITY_DN23564_c0_g1",1.41751418649947,-1.17679217434421,3.5579874173843,0.00400707733097283,0.030437816586654,-1.71951335257803,9,7,10,7,6,12,19,16,26,13
"1788","TRINITY_DN23566_c0_g1",1.07911616020946,-0.179168020754308,3.28377991423662,0.00662858243855383,0.0420919074882581,-2.23129885066462,17.64,5,13.54,19.89,24.38,26.67,18,35.83,70.29,29.39
"1789","TRINITY_DN23571_c1_g1",-1.51617810152765,0.285913511822134,-3.96194021629455,0.00192862218168361,0.0188371658453969,-1.12502150799432,84.34,18,56.85,39.49,62.69,37.77,13.62,5.77,25.99,24.98
"1790","TRINITY_DN23576_c0_g1",2.24246754599667,0.529592105528557,6.38047877105981,3.6951638388401e-05,0.00166912199503071,2.54806041456482,22.3,2,20.54,16.17,31.37,93.44,80.77,98.33,158.43,44.51
"1791","TRINITY_DN23576_c0_g2",3.58558167077125,-1.19909618547996,3.72598423246729,0.00295117142601934,0.0249662876029377,-1.66220680442649,11.24,0.99,2.58,0,9.96,45.25,35.93,56.71,79.47,12.96
"1792","TRINITY_DN23586_c1_g1",-1.7889260087398,-0.838278993831904,-4.04726044675922,0.00165591772149853,0.0170387614509401,-0.948799665270719,35.76,4,34.16,37.88,30.53,2.85,4.54,9.75,12.42,13.34
"1793","TRINITY_DN23588_c2_g4",-2.12317743541329,-1.20267805521689,-5.11543979743923,0.000264719098277802,0.00535126757247518,0.354954597008565,29,12,29,20,25,4,1,10,8,4
"1794","TRINITY_DN23619_c0_g1",-2.90263841418184,0.84143087598842,-9.9966466588156,3.96548458978061e-07,0.00014840044996956,6.51733443974559,157.01,42,191.01,103.07,125.02,18,10,11.04,40,13.01
"1795","TRINITY_DN23660_c0_g1",1.90199260268227,-1.66963694875862,3.51029806298983,0.00437223126221442,0.0322977073787793,-1.89407917250895,5.61,0,6.76,8.04,4.72,12.88,19.83,14.56,12.82,19.51
"1796","TRINITY_DN23677_c0_g1",-3.32941508757407,-1.65389763739852,-4.14791218611205,0.00138476199889529,0.0151795284764399,-1.28276869862348,28,6,56,16,39,2,0,6,4,3
"1797","TRINITY_DN23678_c0_g1",1.36100844600769,-0.612240586432233,3.31954647781364,0.00620596688591207,0.0404524483554627,-2.1199052676913,6.02,7,21.54,7.42,18.51,25.57,19.47,30.89,33.65,20.12
"1798","TRINITY_DN2368_c0_g1",-1.13703756196073,5.95860533881507,-5.56319542860624,0.000128521249801504,0.00342361092870719,0.838567559195979,2720.32,1074.65,1817.22,2917.5,2839.45,947.97,819.75,897.08,1656.77,1536.94
"1799","TRINITY_DN2368_c0_g2",-1.47129980123668,1.68558821275017,-6.74308605213436,2.18847103584698e-05,0.00124965416910737,3.10535834509976,170.61,45.96,128.21,182.34,133.52,64.31,50.14,34.07,55.55,56.73
"1800","TRINITY_DN23686_c1_g1",1.09827347779514,0.0813126618749388,4.49125030904237,0.000759176003636171,0.0103479187464345,-0.235091280660017,24.01,9,24,16,18,36.99,30,31,56,48
"1801","TRINITY_DN23694_c0_g1",-2.5355132965919,6.5551302608214,-6.90580757281099,1.73978973104922e-05,0.00109620955421252,2.89042096973026,8904.63,2312.85,2514.44,7415.05,9011.01,1604.89,772.12,894.16,1337.14,836.08
"1802","TRINITY_DN23700_c3_g1",2.91420929150559,-0.765895818660399,3.93270205172806,0.00203241305521728,0.0195478880581863,-1.18682237192866,16.1,1,8.34,9.01,2.13,30.01,58.61,19.36,66.27,55.2
"1803","TRINITY_DN23702_c2_g1",-1.58551387063661,-0.702902824839412,-3.47983365265118,0.00462309804429343,0.0334858478126999,-1.84759979203185,40,9,19,23,44,7,14,8,5,17
"1804","TRINITY_DN23702_c3_g1",-1.61892015583007,-0.490469270340534,-3.56041586484941,0.00398933837704654,0.0303560238425543,-1.72511906137856,51,19,24,20,47.13,4.01,12,7,22,10.02
"1805","TRINITY_DN23714_c1_g1",-1.28773880452071,1.07593877384631,-5.90172217065797,7.58320002635939e-05,0.00255036729426819,1.91897259663309,124.34,39,74.15,77.1,85.18,28.05,30.1,42.03,37.16,36.1
"1806","TRINITY_DN23717_c1_g1",-1.98410499338253,-1.23912325875288,-3.3992125541759,0.00536013442303417,0.0369600871416543,-1.97914184221064,61.08,5,14.55,23.08,22.64,5.1,6.26,4.16,8.42,2.13
"1807","TRINITY_DN23720_c0_g1",-1.27618045476645,0.234686025703936,-4.48638769848963,0.000765588192850479,0.0103885897428913,-0.2510393234046,70.42,22,35.44,39.53,63.68,21.53,11.46,16.29,35.3,14.62
"1808","TRINITY_DN23727_c0_g1",1.16589712039752,0.28580848406488,3.54748961829171,0.00408469176194451,0.0308188595939088,-1.83135098676052,27.9,11.33,35.48,9.86,24.22,55.12,35.99,63.38,38.87,47.86
"1809","TRINITY_DN23730_c0_g1",1.84780518335127,0.721801268639062,6.52437670373201,2.99532607399371e-05,0.00146789995569019,2.77084480807865,31,3,39,15,36,74,88.02,100,93,94
"1810","TRINITY_DN23734_c0_g1",-1.24494996664953,-0.344141380768815,-4.05015652344741,0.00164739344018598,0.0169793440401609,-0.936441356733021,33.24,15.01,32.01,21.03,52.84,12.81,12.86,8.56,19.19,10.7
"1811","TRINITY_DN23735_c0_g1",-1.08155704502952,0.18110597199287,-4.14687486797611,0.00138730842285234,0.0151892957694387,-0.809790814925433,60.01,14,39.41,37.77,60.52,17.13,13.12,29,33,12.07
"1812","TRINITY_DN23739_c2_g1",-1.78782800921379,-1.17292369783953,-3.85232475483443,0.00234847401043173,0.021448539150442,-1.28751761678669,30.56,5.11,18.87,22.73,32.45,4.63,8.33,1.98,15.67,3.96
"1813","TRINITY_DN23745_c0_g1",1.92308459099662,1.35166893796238,6.04358880056384,6.10806721651965e-05,0.00224500556241461,2.12453737713143,33.56,9.3,49.47,55.96,28.32,124.67,168.15,110.37,224.44,85.2
"1814","TRINITY_DN23757_c1_g1",1.63667326702991,1.15080015299572,10.0289280041419,3.8310730968247e-07,0.000147534228091596,6.74738744485142,34,13,40,30,40,117,92,104,115,98
"1815","TRINITY_DN23776_c0_g1",2.41720129063467,1.65853963718295,5.563383156355,0.000128483081059968,0.00342361092870719,1.39766581783517,71.2,10,27,27.21,54.46,249.25,128.2,320.07,332.82,88.46
"1816","TRINITY_DN23796_c0_g1",-1.14429322805315,-0.108607925270802,-4.62726506630213,0.000600767379111292,0.00891735195321251,-0.0150312521973053,50.42,13,39.54,29.37,43.45,14,11,16,30.9,10.23
"1817","TRINITY_DN2381_c0_g1",-1.08134356438674,5.81971895289797,-13.5032476154485,1.46870642751492e-08,2.38657064437346e-05,10.2433844538222,2374,943,2125,2184,2279,1130,862,1166,1131,958
"1818","TRINITY_DN23813_c0_g1",-1.69604375202786,-0.643771647174471,-3.36979598670851,0.00565791034468375,0.0381564706055739,-2.02466636196498,66.69,15.83,29.19,13.75,33.83,15.51,3.03,14.96,8.41,5.08
"1819","TRINITY_DN23837_c0_g1",1.69477672553214,-0.522650772478686,3.31652339921244,0.00624060647733432,0.0405797144863563,-2.11855268705663,9.66,3,30.91,9.7,7.67,25.96,62.93,35.61,31.47,19.74
"1820","TRINITY_DN23837_c0_g2",1.42377307921717,0.251192506846141,4.59813779485138,0.000631514777505802,0.00919688077392176,-0.0661921702117567,24.34,5,22.99,20.3,20.71,67.04,79.38,35.21,57.53,36.26
"1821","TRINITY_DN23853_c0_g1",-1.09853756220494,0.430428883086862,-3.29453045966086,0.0064985777650621,0.0415655873044391,-2.2977639080666,75.77,28,50.46,29.92,62.41,18.55,11,19.27,37,39.97
"1822","TRINITY_DN23862_c1_g1",2.12097001874849,-0.876512837293563,4.09549966303559,0.00151969331315266,0.0161206017351916,-0.900125327014718,9,5,2.94,10,11,25,32,26,19,39
"1823","TRINITY_DN23874_c0_g1",1.92417120476258,-0.14673083474727,4.20453927165987,0.0012528527572816,0.0142732752872,-0.685983907930754,10,6,9,33,13,57,53,59,34,28
"1824","TRINITY_DN23880_c0_g2",-3.23059204931382,0.449237391818934,-9.65831032159705,5.72311413688418e-07,0.000177870211045255,5.89287143905336,162.81,48,113.8,73.21,124.17,11.02,5.93,18.01,16.02,6
"1825","TRINITY_DN23888_c1_g1",1.5734232038025,0.163117754183343,5.77193444192955,9.26552569178259e-05,0.0028577806214595,1.7043788172933,17.57,15,12.38,18.57,19.81,47.37,36.6,57.16,61.38,37.69
"1826","TRINITY_DN2389_c0_g2",-1.21927460132284,4.54759354756503,-9.42299865379984,7.43157217843983e-07,0.000198651393452079,6.31162737958963,1121.09,392.03,1032.75,704.21,1118.75,356.56,342.79,469.9,579.74,366.2
"1827","TRINITY_DN2389_c2_g1",-1.95566255409437,0.406996537028573,-7.26642433833358,1.05902466941948e-05,0.000806321273579701,3.67806968988976,108.33,29,68.49,48.17,69.4,14.2,14,15,19,22.69
"1828","TRINITY_DN2390_c0_g1",1.33612634465619,2.4099590832203,6.05140925188814,6.0361516327815e-05,0.0022251957672895,2.05947808260265,91,23,99,120,90,268,208,243,189,271
"1829","TRINITY_DN23905_c0_g1",-1.39349715982948,3.05760607641534,-5.8009686695833,8.85757499525093e-05,0.00278056706053256,1.58895324395991,450.85,144,457.82,236.28,391.32,148.08,75.19,144.85,287.84,102.27
"1830","TRINITY_DN23905_c0_g3",2.28096824660146,-1.33962679381923,4.42057768003246,0.000858142521158681,0.0111601904794664,-0.565509159793205,2.3,7.16,4.37,6.79,7.27,19.23,13.59,20.37,21.57,24.75
"1831","TRINITY_DN23906_c2_g1",2.32251553308719,-1.07639915451235,3.14020297652161,0.00863929943914376,0.0498933278870416,-2.37120493405103,16.73,2,3.1,5.08,5.64,44.97,16.06,41.85,12.1,35.67
"1832","TRINITY_DN23922_c0_g2",-2.0671026673015,-0.936538106879042,-3.97547828536493,0.00188243238212698,0.0185307451464195,-1.08823005768322,48,10,39,13,41,7,1,7,13,6
"1833","TRINITY_DN23923_c0_g1",1.38863524270999,2.62658702231749,4.65672905266627,0.000571252243710089,0.00862226437169654,-0.231983938164874,83.03,55,144.35,152.94,57.98,251.73,240.61,319.6,392.12,163.78
"1834","TRINITY_DN2393_c0_g1",5.02566034088577,0.194557904201885,3.37640113355292,0.00558961742562396,0.0378783688320268,-2.00890811017963,2,1,4,11,24,692,88,128,111,169
"1835","TRINITY_DN23930_c0_g2",-2.45787747663414,-1.52278010915455,-4.47021471559289,0.000787324314391767,0.010554863605094,-0.641631551509336,24.51,9.37,17.46,24.89,21.97,2.05,4.28,3.08,1.34,8.3
"1836","TRINITY_DN23935_c0_g1",-1.52951993333417,-0.0803986878850071,-4.78933493862642,0.000456019020902512,0.00750486740476768,0.238847741086966,66.75,15,30.1,37.96,56.99,10.5,17.2,9.7,22.7,12.25
"1837","TRINITY_DN23939_c0_g1",1.3554020950365,-0.0240944406799291,3.45686208186983,0.00482192728457135,0.0344930915161853,-1.94760601844715,22.22,5,24,33.97,7.43,40.46,34.96,40.53,56.11,34.38
"1838","TRINITY_DN23949_c0_g1",1.13484003963841,2.67786664410093,3.70522399795746,0.00306447106997293,0.0255169544757205,-1.92813453346815,158.62,18,165.15,104.66,133.7,338.16,414.72,193.16,303.45,173.71
"1839","TRINITY_DN23951_c0_g4",1.36419905368832,-0.995508393581215,3.32196874580746,0.00617835227259609,0.0403325450617481,-2.08811314058928,10.25,2,16.12,7.34,7.79,11.33,19.72,23.19,33.37,19.39
"1840","TRINITY_DN23958_c1_g1",-1.5086486964489,1.78461180881186,-6.06063340214631,5.95248019988677e-05,0.00220228709420391,2.12524363682809,216.76,79,161.62,115.93,136.5,59.78,28.39,63.63,95.36,37.27
"1841","TRINITY_DN23968_c4_g1",-1.52174131096905,-1.49884500565444,-3.67156994052245,0.00325770494021603,0.0265834233710135,-1.59013104578357,16.27,5,13.83,18.74,22.12,6.06,6.12,3.09,4.42,5.04
"1842","TRINITY_DN23973_c0_g1",3.23436786674663,0.346240609037151,8.80974038267754,1.50471733529102e-06,0.000290354018811094,5.04718311696708,12,4,16,15.51,9,129.53,90.29,80.5,170.83,68.53
"1843","TRINITY_DN23974_c5_g1",-3.05513365923274,-1.15068851778861,-6.04084798923018,6.13348580098312e-05,0.0022471520050255,1.13176627676895,40.14,14,39.62,23,49.51,7,3,1,7,2
"1844","TRINITY_DN23978_c1_g1",-1.03372704902658,1.45912674199743,-4.9155833227137,0.000368797215011742,0.00657266490527516,0.353195258622765,109.43,29.08,106.84,140.66,106.39,47.35,64.9,53.01,54.94,39.02
"1845","TRINITY_DN23978_c4_g1",-1.16394770239968,4.36247536901702,-12.7790831482881,2.71589956343332e-08,3.37651990689276e-05,9.65065776792309,919.96,341.9,861.8,722,862.56,395.57,381.5,348.14,407.89,336.37
"1846","TRINITY_DN23991_c0_g1",-1.07651498483024,-0.281464449151086,-3.60197923536895,0.00369786827198133,0.0287685485773344,-1.6876021114876,26.26,11,49.32,25.74,44.18,20.49,7.19,14.12,16.66,13.93
"1847","TRINITY_DN24013_c0_g1",-1.99982939379743,-1.46290277947922,-4.20092607871606,0.00126086685438822,0.014320925825608,-0.897383797389174,27,6,31,19,15,7,1,5,7,3
"1848","TRINITY_DN24024_c0_g1",-2.03714492999096,-0.148630000905574,-6.68415491530407,2.38011371121532e-05,0.00130578346309053,2.82193329799469,81.59,13,43.43,48.5,54.12,17.63,6.16,10.93,15.68,7.19
"1849","TRINITY_DN24034_c2_g1",-1.23856936916062,0.951251304929665,-5.27778377558722,0.00020304449163925,0.00457425931348323,0.977226746855557,122.24,25,65.17,66.54,98.95,34.24,19.94,40.09,46.82,27.35
"1850","TRINITY_DN24041_c1_g1",2.44167425057502,-0.861056967863048,4.26916782990892,0.00111809968911656,0.0132718991933044,-0.67500044520312,9,3,7,5,8,65,17,37,21,38
"1851","TRINITY_DN24048_c0_g1",-3.14070486095332,-1.56359124616086,-4.53621158085605,0.000702474034483939,0.00987622192197501,-0.722127681230298,48,6,18.19,28.38,31,2.07,4,1.03,1.11,7
"1852","TRINITY_DN24053_c0_g1",1.0435523890081,1.427563259244,4.83619628546962,0.000421358274122314,0.00714977485861627,0.229004588169222,60,21,49,59,43,156,74,92,129,80
"1853","TRINITY_DN24056_c1_g2",1.32872874684823,1.81419720467874,4.79819979705256,0.00044924008089614,0.00742695489027439,0.12856958961908,45.7,11,89.01,74.4,83.83,124.15,142.28,136.72,187.1,206.71
"1854","TRINITY_DN24058_c0_g4",3.24626234891142,-1.89702312926195,3.77415727304341,0.00270453268349465,0.0234813259130024,-1.77113201671839,0,1,12.77,3.9,0,20.33,15.75,33.86,31.41,10.64
"1855","TRINITY_DN24089_c0_g1",-1.82291825081105,-1.7031279383824,-3.27682371287816,0.00671410242953185,0.0423578925469524,-2.20069215781111,29,2,19,10,20,1,2,6,5,10
"1856","TRINITY_DN24097_c2_g1",-1.78300641983593,-2.15536500385524,-3.56262336410003,0.003973282975764,0.0302779559653802,-1.95682407391481,14.41,5,10.91,11.84,11.13,3.57,2,2.38,2,3
"1857","TRINITY_DN24110_c0_g1",-2.01824370568446,0.147886984127121,-7.22761943481906,1.11625845234141e-05,0.000832448392695379,3.57045407952443,88.56,16,59.23,49.82,70.92,10.42,21.32,13.34,18.74,9.25
"1858","TRINITY_DN24129_c1_g1",2.75809294879522,0.341749464889298,5.58681485977814,0.000123811709737659,0.00336387030782529,1.43109628965359,19.34,14.95,29.77,11.22,4.11,103.07,68.59,97.48,79.55,61.93
"1859","TRINITY_DN24129_c3_g1",1.81952588005496,1.49149348270988,5.8508705255058,8.20020290311771e-05,0.00266497962558796,1.83390691423853,63.5,18.01,31.47,29.68,47.86,133.51,98.07,210.29,236.25,80.58
"1860","TRINITY_DN24129_c3_g2",-1.35022513372362,-1.0133198233195,-3.65170487590747,0.00337758387573267,0.0272021715349864,-1.56872180929377,22.25,10,27.64,21.33,19.5,11.68,2.86,12.83,9,3.5
"1861","TRINITY_DN2413_c1_g1",-1.06247281459149,4.84535864544219,-4.20839649807747,0.00124435568927299,0.0142026756194508,-1.38754235447368,1124.66,418,1173.59,1541.96,931.33,714.55,273.76,846.24,732.75,348.21
"1862","TRINITY_DN24154_c0_g1",-2.81902432943583,-1.36451701911765,-3.82297318522957,0.00247615036962674,0.0222363776939662,-1.50054628875725,58.24,13,26.44,15.07,32.26,7.21,1,1,14.43,0.65
"1863","TRINITY_DN24159_c0_g1",-1.53349436950258,2.20298017249831,-5.2388737660816,0.000216298879904881,0.0047547252532455,0.804457207091565,306.04,99,131.6,151.99,295.18,66.97,54.07,62.94,98.22,81.5
"1864","TRINITY_DN24164_c0_g1",1.55324251748496,1.54986704995027,5.77443187299538,9.22966565496162e-05,0.00285099247054812,1.71337312648388,76.44,14,42.01,68.73,29.41,153,103.45,176.48,158.7,102.3
"1865","TRINITY_DN24177_c0_g1",2.31122464023581,-2.01338834303003,4.20526378557231,0.0012512521490969,0.0142629347798478,-1.18397845224489,3,0,3,4,7,11,12,10,23,15
"1866","TRINITY_DN24178_c0_g1",1.18079805672158,1.52897536694943,4.90256717985362,0.0003769200307587,0.00666305698805847,0.329572796392569,68,23,39,77,38,126,116,100,143,95
"1867","TRINITY_DN24182_c0_g1",-2.32805597503699,-0.737263135237369,-3.622817612986,0.00356002420956415,0.0280837039426562,-1.61458439190839,101.59,14,24.16,28,27.16,3,9,3.05,11.27,10.12
"1868","TRINITY_DN24187_c0_g1",-1.20836561435421,0.802206151083057,-3.15257753893157,0.00844406649045561,0.0491751596390317,-2.59867839960208,82,41,49,46,120,21,11,40,46,41
"1869","TRINITY_DN2419_c1_g1",1.31227184965984,4.82182540670939,8.5971094686859,1.93854538370215e-06,0.000327859416728331,5.31101209714367,485.9,163.39,502.38,602.17,446.15,1557.33,919.64,1350.16,1426.72,883.96
"1870","TRINITY_DN24204_c0_g1",-2.58444273732136,-0.891681951678504,-6.23881198032425,4.55614164287282e-05,0.00189961265472053,1.73653704625079,34,15,43,35,37.14,4,2,3,10,11
"1871","TRINITY_DN24212_c0_g2",1.03015071808523,0.996131685099757,4.3439555456585,0.000980761870489166,0.012158135437644,-0.548497164474455,63,16,38,28,33,111,59,62,96,61
"1872","TRINITY_DN24225_c0_g1",-1.52533661114999,1.69291535355885,-4.83794071093049,0.000420122585893216,0.00713861569447834,0.205812044781901,212.83,55,87.98,149.63,174.73,41.42,47.59,70.8,37.69,62.64
"1873","TRINITY_DN24230_c1_g1",-2.31235676853543,0.316802643682095,-6.00845324320472,6.44256152954813e-05,0.00230483945148632,2.03512895018209,82,39,46,80,90,11,11,9,14,30
"1874","TRINITY_DN24235_c0_g1",-1.12464035739931,1.10721410190239,-3.99070779651068,0.00183183434227779,0.0182058073913275,-1.17220382553785,129.63,27,122.36,43.21,97.91,40.2,25.03,37.06,58.77,35.43
"1875","TRINITY_DN24238_c0_g1",-1.00575122952726,0.658132637156922,-3.4346225926595,0.00502271776127501,0.0354206003110107,-2.08539203498998,72.12,27,80.09,33.96,68.14,19.06,16.07,35.28,51.89,29.15
"1876","TRINITY_DN24244_c1_g1",-5.79690941816083,-2.48251727467925,-5.9036611192545,7.5606698828393e-05,0.00254758939349076,0.321033866964268,50.03,15,68.82,12.45,41.43,0,0,0,1,0
"1877","TRINITY_DN24257_c0_g1",2.71663209236419,0.0270519668797203,4.42771631538574,0.000847562127470748,0.0110762468247754,-0.339133197137943,12,0,6,29,25,56,147,74,64,71
"1878","TRINITY_DN24276_c0_g1",1.58434085599383,-1.06594293429886,3.46381760125619,0.00476082147248511,0.0342025833953474,-1.86599592780615,6.75,1.23,7.85,18.57,7.98,16.11,25.82,21.73,18.19,22.87
"1879","TRINITY_DN24288_c1_g1",1.41911885636761,-0.938784892131181,4.13454580583439,0.0014179482418408,0.0154038472971826,-0.816737693984438,11.54,6.27,6.83,5.47,13.78,16.61,15.37,19.56,32.85,19.8
"1880","TRINITY_DN2429_c0_g1",1.49271187086644,3.31730272594456,5.34728577061285,0.00018145381285517,0.00427871723292634,0.82969671941852,187,62,123,134,227,448,320,285,725.92,622
"1881","TRINITY_DN24318_c0_g1",1.18583787141226,0.91783036633474,3.41170002096994,0.00523858891281885,0.0363533814552415,-2.14936662650385,52.29,3,41.32,50.34,37.42,107.03,44.57,65.53,146.93,71.49
"1882","TRINITY_DN24330_c0_g1",1.53237131809737,1.18879523815534,6.94733430775572,1.64174425724725e-05,0.00105378819538984,3.37120576642496,36.03,8,48.71,38.64,45.17,131.89,100.76,125.81,108.12,76.94
"1883","TRINITY_DN24335_c0_g1",-1.16797403795483,0.32950827838244,-4.14660239169761,0.00138797810605524,0.0151892957694387,-0.820612098760233,42.7,21,50.71,46.92,74.57,29.15,13.93,12.85,30.88,24.03
"1884","TRINITY_DN2434_c4_g1",-1.129649417348,5.3142103473746,-7.89336370135536,4.64026911612156e-06,0.000537574741805393,4.35667298946231,1694.91,612,1810.98,1705.1,1378.94,632.71,861.57,754.98,946,510.19
"1885","TRINITY_DN2434_c6_g1",1.35602627397687,2.35528517510417,6.29324755551499,4.20246523968041e-05,0.00178961257668818,2.42504524409114,83.3,38,74,111.11,84,291.09,184.38,274.82,225.7,148.44
"1886","TRINITY_DN24344_c0_g1",-1.24533194024995,0.345811376830219,-4.13415544206516,0.00141892973602584,0.0154117983008133,-0.842148931112038,73.05,23,51.09,50.46,42.41,34.33,14.18,31.05,15.31,15.11
"1887","TRINITY_DN24363_c0_g1",-1.93284205438782,0.879558169440174,-3.61533159722197,0.00360892811606674,0.0283048511762846,-1.77971511334192,143.01,36,56,220.86,60.01,30,36,24,33,8
"1888","TRINITY_DN24392_c2_g1",-1.63585030448515,0.0107498349437098,-3.78047394546743,0.00267380040856525,0.0232964134435787,-1.40679759752653,57.51,8.67,59.43,45.73,64.32,4.06,26.03,15.03,24.58,18.02
"1889","TRINITY_DN244_c0_g2",-2.48963468317007,0.366088050030397,-7.55720908865105,7.18062105875636e-06,0.000665206853884141,3.96596679558828,86.25,26.21,105.89,86.78,79.66,34.49,3.86,12.86,17.37,11.62
"1890","TRINITY_DN24424_c0_g1",-1.01078546242665,0.175372455870412,-4.08723026124121,0.00154219484351086,0.0162852495741418,-0.909155711094325,43,23,49,38,42,19,13,15,33,22
"1891","TRINITY_DN24428_c0_g1",-1.14399095548749,0.526071881645441,-4.21954031370209,0.00122014132242541,0.0140091644434965,-0.71565766536823,80.67,12,80.17,40.83,73.6,27.36,23.93,23.76,42.7,15.31
"1892","TRINITY_DN24435_c0_g1",-1.53422032536825,0.20377394651644,-6.57072628259333,2.80109872287942e-05,0.00142473018072783,2.79511988596798,81.32,14,49,54,54.24,20.23,14,17,21,14
"1893","TRINITY_DN24438_c0_g1",-1.94667826850998,-0.546565137172234,-4.81382255251405,0.000437549079375416,0.00730537883788445,0.226328370519594,54.17,14,33.95,45.93,24.22,9.46,5.27,14.69,6.49,7.38
"1894","TRINITY_DN24444_c0_g1",-3.04049654373599,-2.05507647410775,-3.97732492388615,0.00187622104432733,0.0185009417191192,-1.55124695808566,24,7,13,22,24,0,0,7,6,3
"1895","TRINITY_DN24447_c0_g1",1.23166673455378,0.945109895119814,5.37736701762624,0.000172872379709506,0.00413811928554713,1.13416024643586,43.91,13,45.16,21.27,37.16,66.04,67.24,65.98,125.94,79.95
"1896","TRINITY_DN24464_c0_g1",1.23332956340172,2.29041434509487,4.41998492721719,0.000859027221945405,0.0111625128549,-0.591337672922585,78.89,47.37,96.33,83.41,72.87,138.65,230.46,167.05,204.15,295.38
"1897","TRINITY_DN24467_c0_g1",-2.13858493796784,-1.14914639994883,-4.04058028188139,0.00167575444845914,0.0171571025838924,-1.04437914007006,31,8,42.14,17.98,31.75,9,1,11,12,1
"1898","TRINITY_DN24484_c0_g1",1.20303743583937,0.9948028411055,6.59011326853857,2.72387278549683e-05,0.00140865742679111,2.88970581189021,47,12,39,31,36,84,72,94,79,79
"1899","TRINITY_DN2450_c2_g1",1.19097894912972,2.5412226025367,6.09495731567927,5.65177553309503e-05,0.00213306132599201,2.10954459215147,129.38,19.72,134.97,94.07,126.4,252.06,174.16,233.65,294.05,301.89
"1900","TRINITY_DN24522_c0_g1",-1.31105033498596,1.92362050741111,-7.61596924143577,6.64661788933341e-06,0.000649671731553624,4.25729424445347,140,52,176,154,213,65,47,79,74,61
"1901","TRINITY_DN24524_c0_g1",-1.55638175902412,0.532773035300945,-5.49754469423464,0.000142632771705445,0.00364842103863622,1.32362907440718,68.9,25,63.25,72,70.18,24.64,24.65,30,12.46,20.32
"1902","TRINITY_DN24531_c2_g1",3.00184228140359,-0.29320092503289,6.86471526171915,1.84297464487947e-05,0.00112339583782841,2.73491355115752,9.41,3,4.48,14.81,10.68,56.59,32.81,84.02,85.89,49.08
"1903","TRINITY_DN24535_c1_g3",1.15928286221524,-1.1347111831278,3.26316719364808,0.00688525802447201,0.0430707033223683,-2.18075272643012,11.74,5.75,7.45,8.85,7.51,12.24,19.87,13.75,21.08,14.68
"1904","TRINITY_DN24554_c0_g1",-1.01831705052839,-0.0235783601447078,-3.24490553079006,0.00712104664787133,0.0440608919652725,-2.3252891642199,33.52,16.02,32.79,54.2,40.46,28.32,10.09,11.01,21.7,18.54
"1905","TRINITY_DN24556_c1_g1",1.07711947335247,0.0819904805702893,3.1533307038005,0.00843232826640237,0.0491253331251829,-2.48889696079957,25.05,12,19.09,9.1,33.79,43.63,29.07,38.45,70.17,23.18
"1906","TRINITY_DN24569_c2_g1",-4.11331460152278,-1.51188642190302,-3.2084073320426,0.0076170416849974,0.0459493053893336,-2.43245241400177,57,5,107.01,16.8,59.18,4.02,3,0,12,0
"1907","TRINITY_DN24569_c3_g1",-1.93029843012462,-1.6740536554753,-3.21162641081337,0.00757192703485973,0.0457576189614914,-2.29657528739745,11.11,4,19.21,18.01,28,2,5,5.04,2,6.08
"1908","TRINITY_DN24569_c4_g1",-1.22677604026123,3.36408605839244,-3.26358221741722,0.00687999211054725,0.0430498931929333,-2.87360357226417,258,136,926,374,441.04,252,121,351,129,154
"1909","TRINITY_DN24577_c0_g1",-1.62478220093252,0.978544983820866,-7.57480064210487,7.01609958639878e-06,0.000658404433527283,4.14681477009558,113.64,32,94.02,77.64,103.35,23.45,39.56,22.43,30.6,32.45
"1910","TRINITY_DN24584_c0_g1",-1.2926361499492,0.450521642598434,-5.39071512249093,0.000169202564556706,0.00407485177700759,1.16315430490587,69.46,23,52.05,52.36,62.72,18.46,22.45,32.49,18.3,21.16
"1911","TRINITY_DN24593_c0_g1",-1.23306446357393,0.116342548203705,-4.07067207460797,0.0015882931693099,0.0165805454976412,-0.931143488260995,52.59,20,48.46,41.26,39,10.05,26,22.24,15.12,19.13
"1912","TRINITY_DN24595_c0_g1",-1.4394937646076,-0.567263794169081,-3.25901045329276,0.00693822506037537,0.0432617914801634,-2.22805522134399,50.65,6,32.95,38.88,21.28,12.85,23.08,9.85,6.93,7
"1913","TRINITY_DN246_c0_g2",1.10816378791666,5.66855512729685,12.3354518397869,4.01876291598454e-08,4.12898696121334e-05,9.22993811216977,839.57,410,939.62,937,1038.51,1988,1870.86,1931.9,2198.54,1986.66
"1914","TRINITY_DN24612_c0_g1",-4.21787923738817,-2.71633073535868,-5.32136362977001,0.00018920903438733,0.00437248482610362,-0.224507915009363,35.98,7,18.16,14.93,13.07,6.13,0,0,0,0
"1915","TRINITY_DN24628_c0_g1",-1.65300353356478,-0.00629528566533535,-4.82303612174753,0.000430804095045321,0.00722861175566807,0.291622138279238,63,20,57,30,49,18,18,23,11,6
"1916","TRINITY_DN24641_c0_g1",-2.28635442697431,1.62599246134164,-9.31041397036724,8.436214225761e-07,0.000208357255011077,6.14971175696524,248.28,84,165.68,131.65,197.63,31.99,38.94,35.22,60.81,21.25
"1917","TRINITY_DN24654_c0_g1",2.26192851039003,-1.04185069432144,4.90001261074234,0.000378536139198702,0.00667920671480531,0.150906311204402,11,2,5,8,6,17,24,28,50,21
"1918","TRINITY_DN24656_c0_g1",-1.8343684014318,1.2190279132127,-5.43229396723695,0.000158288559854164,0.00390024022101951,1.20779426348518,164.54,24,168.87,77.98,156.12,26.05,16.5,30.17,81.58,31.66
"1919","TRINITY_DN24656_c1_g1",1.30116370806737,-0.523999511158397,5.14752269668709,0.000251126887416858,0.00519483519069219,0.739958377372193,15,4,11,14,14,34,23,24,36,23
"1920","TRINITY_DN24667_c3_g1",-1.24012892920554,-0.557811232109339,-4.04125469132689,0.00167374068782767,0.0171450132700702,-0.944918769087873,32.84,13,25.93,25.93,30.65,18.83,8.52,6.32,10.49,12.49
"1921","TRINITY_DN24669_c0_g1",-2.39132452598264,-0.631627749538726,-6.37461657872906,3.72712804237794e-05,0.00167748825973419,2.14399396313228,64.87,14,35.19,27.68,49.91,5.67,3.06,5.4,11.2,9.57
"1922","TRINITY_DN24673_c0_g1",3.07761265452868,-1.25329574361235,3.3992487612988,0.00535977789242949,0.0369600871416543,-2.03920600763553,1,2,9,8,5,81,13,39,33,15
"1923","TRINITY_DN24677_c0_g1",-2.03905904642904,0.27285339704111,-4.34384457971239,0.000980952107766117,0.012158135437644,-0.477718052239749,122,26,76,43,56,16,15,22,37,3
"1924","TRINITY_DN24679_c1_g1",-4.15175330293815,-2.94735543975284,-7.2809838556613,1.03836591926703e-05,0.000795496510954099,1.12940999785174,20.36,5,12,15,18.96,0,0,0,1,1
"1925","TRINITY_DN24685_c1_g1",-2.81269942454169,-2.40154522659467,-4.16732868495865,0.001337981693251,0.0148241872249792,-1.37132245088822,16.59,6,12.32,13.7,15.06,2,0,2.95,8.81,0
"1926","TRINITY_DN2471_c2_g1",-1.01833424008642,3.93793536666822,-7.3891480258058,8.97726531714774e-06,0.000751582200783131,3.8102717893048,710.12,200,719.95,499.62,559.18,359.8,233.7,227.47,375.83,306.68
"1927","TRINITY_DN24710_c0_g1",2.16762461677435,0.697381275849609,9.11749064406049,1.05129446677471e-06,0.000234296521809242,5.70139739065662,25,11,30,15,17,93,67,93,99,100
"1928","TRINITY_DN24713_c0_g1",-3.50719108272702,-0.727135130329373,-7.44283559583468,8.35606553732914e-06,0.000724739253280891,2.6326249115236,66,25,72,42.95,43,3,5,5,5,3
"1929","TRINITY_DN24717_c1_g1",1.30559426558991,-0.534522090356131,3.4591600523251,0.00480165124732989,0.0343922879521577,-1.89902174991431,22.28,12,9.32,5.03,14.25,31.63,15.56,21.17,40.56,24.4
"1930","TRINITY_DN24717_c3_g1",-4.52664556675935,-2.73942152808589,-6.20867182744718,4.76544390347812e-05,0.00194028656670958,0.486613971392927,17.35,4,31.66,24.94,19.85,0,0,0,0,3.05
"1931","TRINITY_DN24721_c0_g1",-4.41552555781903,-2.26127063319211,-4.87315638607332,0.000395972830347578,0.00686668222685216,-0.60336958814661,60.53,10,32.38,11.5,23.69,0,0,2.05,1.02,1.02
"1932","TRINITY_DN24723_c0_g2",1.20813323955639,0.860193748952329,3.28091978473541,0.00666361080308557,0.0421971736097762,-2.37643068239417,36.49,15,16.76,43.94,44.34,128.69,57.85,39.26,88.25,71.84
"1933","TRINITY_DN24736_c2_g1",1.74206299077758,0.502846827950557,6.69400961048973,2.34686143827128e-05,0.00129618962513752,2.97642497283821,15.15,9.23,25.66,17.61,31.65,85.04,60.29,70.5,63.41,62.53
"1934","TRINITY_DN24738_c0_g1",-1.05457202397896,1.20452870773083,-5.82564926244432,8.52574275283534e-05,0.00272207332540669,1.80167728690965,113.02,32.34,97.43,64.86,102.37,46.98,31.06,34.39,62.22,38.79
"1935","TRINITY_DN24741_c4_g1",-1.66479065037915,-1.06227148577931,-3.39231047693107,0.00542854110271777,0.0372818992337467,-1.97642594863166,22.21,5.91,36.5,12.41,42.27,3.03,7.53,4.2,10.7,9.97
"1936","TRINITY_DN24766_c0_g2",-1.84747987264167,-1.6038733317531,-3.8069825262495,0.00254869244622956,0.0226102671264697,-1.45132331376594,20.01,8,21,12.99,15.03,3.01,4,7,2,4.89
"1937","TRINITY_DN24769_c0_g1",1.3919460139136,2.12949620850498,3.20124076763617,0.00771845612628533,0.046325741532452,-2.73935935570101,60.18,56.45,53.02,112.27,56.76,235.83,189.3,375.16,127.79,96.66
"1938","TRINITY_DN24790_c2_g1",-2.03579633201667,-1.67155826641329,-3.35989455144636,0.00576187502198414,0.0386312910259283,-2.09555292470157,20.18,8,19.5,11.8,16.44,2.41,10.74,2.12,1.07,8.5
"1939","TRINITY_DN24819_c1_g2",1.34248264202641,-0.238252672165606,3.31902578868379,0.00621191922096823,0.0404784284567693,-2.15761433589412,23.95,4,20.99,13.03,11,44.15,12.37,32.3,52.41,52.43
"1940","TRINITY_DN24823_c0_g4",-1.15540425228127,0.0177517272904201,-3.19277334786456,0.0078400363851495,0.0468007121722942,-2.41803298972012,56,20,30,47,36,18,10,8,27,30
"1941","TRINITY_DN24824_c0_g1",2.38802887736928,2.42791565204116,5.76996981660459,9.29383889201267e-05,0.00286222425887281,1.64727060054771,51.39,40,53.36,132.59,40.44,491.76,300.69,372.48,407.56,144.51
"1942","TRINITY_DN24825_c1_g3",-1.13964589049926,0.0572026456340423,-3.50452593799125,0.00441867416066693,0.0325085538035102,-1.88652876601384,37.42,25,42.37,36,47,34.64,10,23.27,16,10
"1943","TRINITY_DN24826_c0_g1",-3.51493170784705,-0.886641005383933,-6.63939943784696,2.53756750317629e-05,0.00134613159953719,1.71878203242591,67,23,62,41,38,4,1,2,9,4
"1944","TRINITY_DN24829_c0_g1",-2.33844413075383,0.869144184268431,-5.78041193162426,9.14439490204447e-05,0.002837427620158,1.74312754847518,182.36,28,105.98,60.04,180.56,24,18,36,27,9
"1945","TRINITY_DN24833_c0_g1",-3.14865030339434,2.57138470938565,-9.45975605840376,7.13203531932522e-07,0.00019505046038026,6.39781819720471,686.85,195,420.24,305.52,643.95,45.01,23,54.77,119.99,53.02
"1946","TRINITY_DN2485_c0_g3",1.84126685944213,3.50509505739684,9.73511752158741,5.26108059448702e-07,0.000172753162171466,6.72747198138978,146.58,80,174.01,187.01,130.16,503.83,681.19,486.96,710.03,509.8
"1947","TRINITY_DN2486_c4_g1",-1.23626167727776,0.550136702809835,-3.30050042877924,0.0064275017728377,0.0413121036191509,-2.30240230756768,90.52,20.3,46.54,33.68,117.01,38.07,11.86,25.74,40.45,16.5
"1948","TRINITY_DN24862_c1_g1",3.69879002461334,-1.99641519658774,5.35983061919327,0.000177821720844366,0.00421988302025284,-0.151838885455112,3,0,3,1,3,21,10,28,43,22
"1949","TRINITY_DN24872_c0_g1",-1.96342575908258,0.448868470787491,-4.9750373621262,0.000333963070452077,0.0061880699066651,0.526116793798848,118.15,35,60.47,42.37,90.94,14.07,9.07,23.32,46.3,8.06
"1950","TRINITY_DN24892_c0_g1",-3.22646951560112,-1.83807322670035,-4.60538550668266,0.000623713420703016,0.00913714265754919,-0.846439880167996,30.34,8,34.33,13.22,26.4,4.08,0,1.02,2.06,6.03
"1951","TRINITY_DN24906_c0_g1",3.02909140062249,0.591759188241776,9.1893685113514,9.68130371105942e-07,0.000224300023221176,5.59314981198535,34.43,5,9.46,7.41,22.97,107.42,98.02,117.52,168.47,99.59
"1952","TRINITY_DN2492_c2_g1",1.02531934995051,0.414297947130904,3.66957344804457,0.00326955348556305,0.0266376455016231,-1.63738445733345,22,8,39,29,24,61.94,44.97,70.01,53.99,30
"1953","TRINITY_DN24926_c0_g1",-1.85724069395981,-1.01947355476378,-3.99947373855499,0.00180334964763875,0.0180114936776324,-1.05519505417276,34.67,11,36.05,17.55,23.06,4.39,6.3,2.05,19.45,4.23
"1954","TRINITY_DN24927_c0_g1",-1.56701906835145,1.37074467941171,-7.64449800583913,6.40280791949911e-06,0.000635627947609696,4.27011002484196,139.02,45,124.05,81.35,159.05,34.27,35,44.76,55.93,29.08
"1955","TRINITY_DN24932_c0_g2",1.63579476150698,0.932512623039695,4.23895041515792,0.00117912593585558,0.013724536906166,-0.703384542200109,29.11,4,50.9,16.71,66.36,82.03,71.91,165.92,125.68,62.77
"1956","TRINITY_DN24945_c0_g1",-2.26324023597817,0.200530482989767,-4.70999774680014,0.000521675195921495,0.00814678806215489,0.114661241424125,118.56,18,32.3,67.06,110.23,13.33,15.73,8.86,12.37,18.69
"1957","TRINITY_DN24971_c4_g1",1.95810788622801,-1.42573474101271,3.89721744476214,0.00216616150605744,0.0203357080994753,-1.28506355084401,8.02,3,4,8,4,23,13,26,14,14
"1958","TRINITY_DN24974_c1_g2",1.95550620344696,-0.923126278316772,3.27924748872367,0.00668417835113065,0.042270673552157,-2.15341427584714,12.11,1,7.76,14.2,5.05,23.4,54.19,20.31,42.45,11.98
"1959","TRINITY_DN24978_c2_g2",-3.28173353852622,-0.282263675834769,-8.90093301790289,1.35170589302771e-06,0.000274556366719325,4.50641533332294,85.8,16,70,79.97,77.84,4,3,7,9.99,10
"1960","TRINITY_DN24983_c0_g1",-1.88334155121328,3.85691852238957,-4.13980539417999,0.0014047923968733,0.0153152259640432,-1.33878625559356,687.24,180.34,401.25,926.53,2076.22,190.24,134.29,190.96,401.68,193.39
"1961","TRINITY_DN24986_c1_g1",2.86417632578052,-1.37885177915893,3.7762783582455,0.00269417276937344,0.023404583590781,-1.50845669643113,1,10,2,9,7,39,24,18,32,12
"1962","TRINITY_DN25004_c0_g1",-1.57701760902747,0.24652554156303,-3.27767820470441,0.00670353738294379,0.0423337080594472,-2.29257815443523,79,35,34,28,95,8,23,12,37,16
"1963","TRINITY_DN25006_c0_g1",1.17452653388595,2.72898339202549,7.86009639725154,4.84232888118312e-06,0.000547243560225754,4.54782814591676,110,64,114,104,133,255,226,303,281,265
"1964","TRINITY_DN25010_c0_g3",-1.3237996976456,-0.723108731789122,-3.38453070322527,0.00550671083125344,0.0375623359229238,-2.00205459722037,34.09,16,15.65,22.05,34.55,11.59,10,10,11.05,4
"1965","TRINITY_DN25015_c0_g1",-1.89897547310279,-0.0382057572756226,-5.81955056822547,8.60649701736831e-05,0.00273652923701575,1.74547756437943,74.1,19.01,57.72,30.81,52.58,13.04,13.39,18.42,8.89,11.39
"1966","TRINITY_DN25018_c0_g2",-1.5906357603174,-0.671825385481748,-3.55370647970087,0.00403854451691292,0.030609064297329,-1.72982909676301,43.82,6.87,37.5,16.33,38.45,9.23,18.86,11.13,4.97,8.1
"1967","TRINITY_DN25030_c1_g2",-1.10223320103394,1.3467644757778,-5.42459350856242,0.000160252382601771,0.00393762997250065,1.18135363106469,115.51,37.64,89.89,99.85,110.65,45.94,51.53,49.21,64.45,24.51
"1968","TRINITY_DN25065_c3_g1",2.04660820531172,-1.10244468850312,4.4250374525847,0.000851516536237506,0.0111067687113632,-0.483620942944462,5.27,2,10.71,3.13,13.09,20.41,15.72,19.22,43.57,26.01
"1969","TRINITY_DN25072_c0_g1",-3.5234899930262,-2.06053632535093,-4.971508568732,0.000335930955417737,0.0062102807114757,-0.521592681246718,37,9,28,14,19,1,3,1,3,0
"1970","TRINITY_DN25075_c0_g1",1.33344096899351,0.0290808499088211,4.24096463168678,0.00117495246223968,0.013699403548697,-0.637337258620772,12.15,5,38.4,16.9,18.63,43.02,40,47.97,44.21,38.98
"1971","TRINITY_DN25081_c0_g1",-2.87599663188534,-0.507289706328881,-7.46359608467614,8.12830729825552e-06,0.000714966836257382,3.19392962113048,45.28,26,52.53,43.2,63.03,3.2,4.16,6.25,8.35,9.6
"1972","TRINITY_DN25108_c1_g1",-1.19812133827673,0.652877372205571,-4.96350010927228,0.000340442291827606,0.0062588748057623,0.496301395826628,89.8,20.06,49.85,82.16,61.6,23.65,22.63,27.31,36.3,24.15
"1973","TRINITY_DN25113_c0_g1",-1.07501779126165,-0.421555497310853,-3.69216745109572,0.00313800405197456,0.0259374737896306,-1.52421083756149,32,11,47,20,31,16,6,15,15,13
"1974","TRINITY_DN25116_c0_g1",1.02549073690533,0.959825489475404,3.85572593061181,0.00233412390305653,0.0213553834295354,-1.38421249148608,53,17,26,26.98,49,74.21,95,65,66.29,71
"1975","TRINITY_DN25127_c0_g1",1.65918823508551,-0.767109584251996,4.76217500843613,0.000477463150005869,0.00770781557818625,0.110242523626976,12,1,8,11,14,27,15,40,35,25.02
"1976","TRINITY_DN25141_c0_g1",2.14537481362783,-1.00374540154548,3.37258122758589,0.00562901005749808,0.0380409448429891,-2.01323796163652,8.68,2,13.41,2.72,8.75,72.37,19.05,19.19,19.45,26.52
"1977","TRINITY_DN25164_c1_g1",-1.43049750976204,-0.0120049976549795,-5.32560949427008,0.000187915235451433,0.00435726247039244,1.05406060105525,52.07,12.04,49.26,37.39,56.8,15.98,6.68,14.84,17.59,25.8
"1978","TRINITY_DN25167_c0_g1",2.41857056314613,-0.639429286465109,5.18345206875933,0.000236772234485079,0.00500555535460168,0.657538088713523,25.69,4,5.97,4.3,7.01,47.79,24.4,30.13,42.51,47.7
"1979","TRINITY_DN25172_c0_g1",-2.29268408188181,-2.25226031643669,-3.70219681130344,0.00308136096271765,0.025590837488351,-1.87618859511387,12,7,12,12,17,3,0,3,3,3
"1980","TRINITY_DN25182_c0_g1",1.00158653107578,0.0481414502698312,3.94037434104447,0.00200463200333238,0.0193621174631265,-1.14096128277045,23.54,8,25.72,11.66,25.58,32.07,41.6,43,40.83,32.92
"1981","TRINITY_DN25200_c0_g2",-1.02149874249194,1.44072210005505,-3.23790720745757,0.00721355542905374,0.0444250515291193,-2.55843978872985,115,49,71,131,109,74,64,45,65,20
"1982","TRINITY_DN25205_c0_g1",1.72540544187054,1.47968920224538,5.40636534119095,0.00016500419736838,0.00400971238847017,1.15455319072485,39.52,9,35.63,95.47,41.78,207.32,137.45,104.54,151.84,116.24
"1983","TRINITY_DN25205_c1_g1",-1.94091302151054,0.952440029576323,-5.92348482075056,7.33434944046958e-05,0.0025118214600672,1.95249790337626,110.7,44.81,141.37,85.72,81.17,26.12,14.98,12.65,35.66,52.71
"1984","TRINITY_DN2521_c0_g1",1.78082724068014,3.0511890175779,5.82620762366526,8.51838954472812e-05,0.00272207332540669,1.64687652746037,125.25,40,93.47,185.18,116.77,362.74,343.77,399.13,358.49,714.73
"1985","TRINITY_DN25223_c0_g1",-1.79594507817129,0.535078308540877,-5.87654808101373,7.88226032833881e-05,0.00260972552683252,1.87707402481751,105.84,17,88.74,44.96,101.38,15.19,25.3,23,28,13
"1986","TRINITY_DN2523_c2_g1",-4.35545604170808,-2.55879848133817,-4.6106877240889,0.000618069976353155,0.00909330114363941,-0.873366004645753,12.97,17.02,39.68,16.83,17.77,0,0,4.23,0.3,0
"1987","TRINITY_DN25236_c0_g1",1.18682821211138,1.22814872649008,5.12501344568997,0.000260583953751253,0.00530690566498428,0.719235098834965,62.46,24,31.79,31.38,42.67,89.18,82.12,73.26,125.99,98.84
"1988","TRINITY_DN25241_c0_g1",-1.9453984875465,-0.3671338139298,-4.10012806457336,0.00150724776884875,0.0160375280873555,-0.851012096309576,44.91,43,39.44,32.31,31.29,9.4,5.04,4.07,19.55,11.18
"1989","TRINITY_DN25244_c0_g1",2.20230883977334,0.162865703665031,6.65892307197736,2.46755958930323e-05,0.00132262907569701,2.85204855926713,25,7,18,8,13,73,34,89,76,54
"1990","TRINITY_DN25269_c0_g1",-3.16108638453787,-0.0866680452850573,-8.61090821623955,1.90666605475471e-06,0.000325228772234789,4.51708863871585,65,38,67,67,105,6,5,10,9,7
"1991","TRINITY_DN25271_c0_g1",-1.71039045653833,2.54714124464098,-7.32278367109557,9.81410158412139e-06,0.000783960083591627,3.85988706198348,299.85,93,266.76,238.44,430.32,83.71,57.91,111.05,162.67,53.39
"1992","TRINITY_DN25279_c1_g3",-1.56807149394767,1.92596318572273,-6.42273431128483,3.47320531903925e-05,0.00160887833488399,2.64624683459876,180.73,98.46,223,122.95,158.07,84.73,34.28,43.09,66.42,71.2
"1993","TRINITY_DN25296_c3_g2",-2.88508561805601,-0.865227188241403,-6.63153850864095,2.56634947508846e-05,0.00135441835374156,2.07657832572232,53.65,13,49.85,24.91,51.03,6.02,4,8.07,5.01,2
"1994","TRINITY_DN25311_c1_g1",-1.71225365188243,0.0900676748145061,-8.04401325259426,3.83178820759571e-06,0.000488853839344256,4.47879579328064,57.06,15,55.79,49.78,64.36,18.98,12.89,14.35,14.72,13.08
"1995","TRINITY_DN25319_c0_g1",-2.04121097129202,-0.929993665680225,-5.34850801355047,0.000181096524342693,0.00427459793008892,0.820046854148075,30.42,9.08,33.22,26.82,36.34,9.02,8.82,4.46,10.48,1.98
"1996","TRINITY_DN2532_c0_g1",-1.76155573926995,3.77744371759629,-13.3877159096882,1.61684287915475e-08,2.55350607003741e-05,10.1283593217229,729.25,251.74,731.03,531.76,864.21,179.75,164.4,242.25,270.38,176.07
"1997","TRINITY_DN25328_c0_g1",1.32657838578253,-0.484815079528356,4.66412594227583,0.000564083243125925,0.0085643009826751,0.0309497725156165,18.28,7,13.3,7,14.17,25.02,20.2,28.79,37.55,30.36
"1998","TRINITY_DN2537_c3_g1",1.39267873304355,1.34424752322712,4.2811347280992,0.00109484702529508,0.0130712710978192,-0.691277895758482,52,24,26,53,39,113,153,93,83,114
"1999","TRINITY_DN25371_c1_g1",-2.19900911517177,-0.76951046486141,-3.96345232542582,0.00192340556461455,0.0188010838695297,-1.08496274628712,30,5,73,54,28,7,4,11,9,4
"2000","TRINITY_DN25375_c0_g1",-1.33396235826433,1.70789273386555,-5.97809036395419,6.74726874202915e-05,0.00237938521006748,2.00525818094507,134,67,188,109,133,60,39,74,79,31
"2001","TRINITY_DN25376_c0_g1",-1.29991442474713,1.07898077739965,-5.07490571395389,0.000283006670752433,0.00559171185373819,0.649620096355369,143.76,40,89.91,59.74,78.57,38.4,34.22,24.11,46.3,32.53
"2002","TRINITY_DN2538_c0_g2",1.05207531123019,3.02507149756262,5.17998914980411,0.000238117380592496,0.00502504170089728,0.584453945250748,126.11,66,152.25,169.84,160.9,381.38,365.8,311.61,260.81,277.69
"2003","TRINITY_DN25388_c0_g1",3.83657244983726,-1.6052645427769,4.26592847105103,0.00112448184245011,0.0133271602317869,-1.20554495019463,2,0,3,3,5,24,53,18,63,23
"2004","TRINITY_DN25389_c0_g1",-1.16449881103038,-0.551682427561802,-3.32841529148481,0.00610546486960264,0.0400850871630222,-2.11575379190876,35.84,15,33.98,15.72,28.67,8.99,18,9.59,16.16,5.99
"2005","TRINITY_DN25389_c1_g1",-1.22168472339033,-0.801677455322426,-3.52962112222118,0.00422034864218861,0.0315074462529153,-1.76543817352691,43.77,7,20.45,15.52,31.26,10.59,9.76,6.01,12.54,8.01
"2006","TRINITY_DN25390_c0_g1",1.7662520858255,-0.37680846373416,4.72282276263688,0.000510425148918035,0.00803530392771462,0.116564073036493,10,5,16,11,13,41,50,29,27.42,38
"2007","TRINITY_DN25401_c1_g1",-2.35249184873445,-2.16236689807761,-3.71986362665276,0.00298412082873486,0.0251040181107248,-1.82810012384658,15,4,15,10.19,22,5,0,3,2,4
"2008","TRINITY_DN25401_c1_g2",-3.37180919652346,0.198770549441278,-8.58726013095988,1.96164968082117e-06,0.000327859416728331,4.72800266630346,93.97,30,86.85,90.56,166.12,12.01,3.07,10.12,8.27,12.13
"2009","TRINITY_DN25405_c0_g1",2.35956212398426,-0.897145252051783,4.63302131424941,0.000594878322559512,0.00885376046268761,-0.178101042949385,7,1,4.47,6,19.99,33.7,14.18,47.88,39.06,31.31
"2010","TRINITY_DN25407_c0_g1",-1.02981212009125,0.916064293538546,-4.55978663825376,0.000674526178902736,0.00960799134830131,-0.180467803097978,79,36,55,75,81,31,24,31,43,41
"2011","TRINITY_DN25407_c0_g2",-1.47543298138058,0.480497657339572,-5.80106281906347,8.85628348664163e-05,0.00278056706053256,1.76787214595998,81,30,49,47,81,20,16,21,34,16
"2012","TRINITY_DN25414_c0_g1",-1.52951123188897,0.284955792998299,-5.59926684995166,0.00012140259605747,0.00332488730770519,1.46804771343411,71.47,22,72.32,54.1,39.27,26.07,11.71,19.1,18.52,15.94
"2013","TRINITY_DN25427_c0_g2",2.26214159717334,-0.438938972282468,4.47988370135566,0.000774253231928979,0.0104499647136941,-0.262957463167779,4.49,13.92,11.62,11.26,10.03,71.43,20.5,29.59,37.92,40.08
"2014","TRINITY_DN25448_c0_g1",-1.57648397216148,1.45304581734008,-5.89314571472992,7.68371285816302e-05,0.00257124378319225,1.89439531282408,164.7,34,110.95,173.72,116.46,43.01,54.47,25.55,59.94,35.33
"2015","TRINITY_DN25451_c0_g1",-1.11032875842699,4.03721779601636,-5.6430153736929,0.000113323742349194,0.00320160742545572,1.1898459970138,686.21,240.45,901.68,507.73,664.08,346.21,148.26,326.09,466.83,319.85
"2016","TRINITY_DN25452_c0_g1",-2.06784542255798,2.13766537041419,-11.4314718675053,9.28697788655705e-08,6.64947628899358e-05,8.24982542680199,257.84,101,205.8,259.28,260.27,51.23,38.05,52.44,86.22,62.23
"2017","TRINITY_DN25490_c0_g1",2.40104044231201,-0.388411505880539,6.15127718130945,5.19275314158483e-05,0.00203324109693456,1.99312203914126,8,3,12,7,16.01,32.91,32,49.01,86.01,40.99
"2018","TRINITY_DN25514_c0_g1",-2.91145991192704,-0.282568951712636,-5.87316440548214,7.92339991159214e-05,0.0026132883230775,1.62908625602558,88.54,30,82.27,26.01,61.6,7,7.99,5,9,7
"2019","TRINITY_DN25537_c0_g1",-1.26665806231747,2.71314304021337,-4.5780411455737,0.000653684259261924,0.00941144846188526,-0.390759803665717,393.62,75.87,168.81,344.27,325.32,131.91,98.88,121.91,101.38,129.14
"2020","TRINITY_DN25553_c0_g1",1.41186889818026,-0.272063190175695,3.34864282046258,0.00588237383966489,0.0391480528681131,-2.10757149069662,12.83,10.14,7.26,32.12,12.49,28.3,42.54,28.63,42.35,23.81
"2021","TRINITY_DN25554_c0_g1",-1.96915054352529,4.81685863843622,-5.7822066199001,9.11896705775013e-05,0.00283096017034668,1.334294971708,1653.33,673.29,1405.82,1120.12,1975.03,622.13,120.27,597.18,315.2,575.2
"2022","TRINITY_DN25574_c0_g1",-1.65965312095011,2.07909022366357,-7.36417358544632,9.28288041196665e-06,0.000765286114390009,3.93224200195323,193,90,232,147,231,75,79,77,46,48
"2023","TRINITY_DN25576_c0_g1",1.61202193524723,-0.491765878869975,3.76153111785248,0.00276705480834472,0.0238764813171702,-1.39346262842083,10,1,10,28.68,14.15,36,48,25.89,30.05,29.79
"2024","TRINITY_DN25584_c0_g1",-1.34100489752607,-0.047168931476841,-3.24805824019267,0.00707976452258938,0.0438843338071416,-2.31100456940246,51.16,15,38.18,25.01,78.08,15.01,3,21.46,28.4,19.01
"2025","TRINITY_DN25584_c0_g2",-1.40750366619421,0.352956442874141,-3.64579155001427,0.00341413454892437,0.0274000494056385,-1.67546052231389,56.1,10,74.2,68.71,70.54,42.16,6.05,23.22,17.17,29.51
"2026","TRINITY_DN25584_c3_g1",2.00247497774494,-1.80254690090789,3.95486560088125,0.00195322356199967,0.0190292913389643,-1.34256428768834,8.16,1,6.94,2.12,3.07,10.33,10.48,17.04,19.13,14.66
"2027","TRINITY_DN256_c31_g1",1.86112558177729,-0.47363086241931,4.782080689522,0.000461646014385246,0.00755318444521997,0.182399636959722,16.45,1,7,14.39,15.03,48.22,35.3,32.96,58.34,19.08
"2028","TRINITY_DN25619_c1_g3",-2.03575514821116,-1.24539158767393,-4.66282167293342,0.000565340466347339,0.00857706219066719,-0.202021923755335,26,9,27,18.36,26.32,3.25,9,9.11,6,1.01
"2029","TRINITY_DN25646_c0_g1",2.75269201694316,-0.0793461669423438,5.84437109533942,8.28281454061332e-05,0.00267773420028163,1.6812695429995,15.79,4.27,7.97,4.76,22.28,66.14,68.67,72.41,106.43,30.07
"2030","TRINITY_DN25669_c0_g1",-1.46862757522996,1.00270747372034,-4.73438497079659,0.000500500376599993,0.00794062108280996,0.105904686205987,139.39,45,68.6,69.33,89.99,29.36,35.23,32.12,53.43,13.99
"2031","TRINITY_DN25670_c0_g1",-1.2448361049396,0.466322340020298,-3.353788154746,0.00582695649307762,0.0389018174434595,-2.19955165681242,72.94,10.09,84.25,34.13,95.23,11.34,22.67,27.59,39.6,26.39
"2032","TRINITY_DN25697_c0_g1",1.49214864960057,2.68716477470204,7.28467007578772,1.03320401363485e-05,0.000795022222590673,3.80127640547277,97,23,154,143,89,334,312,290,349,228
"2033","TRINITY_DN25705_c0_g1",-2.29223278182106,1.36737883974452,-10.0072498597333,3.92078462393346e-07,0.000148019426968664,6.77236272609146,195.39,43,163.24,114,205.7,37.09,17,34.14,44.3,25.08
"2034","TRINITY_DN25715_c0_g1",-1.325228813009,1.7120580154565,-7.08943948467331,1.34841635022449e-05,0.000933295448622798,3.5735869637205,167.79,59.54,150.68,101.45,149.23,58.58,33.72,46.53,85.45,57.39
"2035","TRINITY_DN25716_c2_g3",-2.7968171403679,-1.74977395587979,-5.06349317493541,0.000288391782017952,0.00567302190380519,-0.226149374931153,23.52,6.52,34.68,16.07,20,1.31,2.09,3.21,2,3.14
"2036","TRINITY_DN25717_c0_g1",-1.18374542391095,1.05394162876855,-5.83054270159094,8.4615276495549e-05,0.00271327873562217,1.81398402795341,117.35,26,79.11,63.49,107.98,36.19,30.12,44.71,44.05,27.15
"2037","TRINITY_DN25723_c0_g1",-1.13779117093667,3.24938681094917,-7.92767003138118,4.44131434487198e-06,0.000527388996475298,4.59684415045891,498,132,367,293,447,166,141,198,234,149
"2038","TRINITY_DN25729_c0_g1",-2.24530743646815,1.27091793525524,-8.37941023522464,2.52488265848938e-06,0.000378413724263112,5.09807944453011,185.19,74.01,105.82,108.9,164.63,25.31,20.07,33.15,43.87,21.05
"2039","TRINITY_DN25734_c2_g1",2.97898027434363,-1.18844921182528,3.43050133230604,0.00506085122773032,0.0355879104441284,-1.98364266522717,19,4,1,0,15.99,32.97,15,21.07,57.3,42.11
"2040","TRINITY_DN25742_c2_g1",-1.95422705896074,0.292234766892871,-3.83691308771544,0.00241464547919812,0.0218749309051534,-1.32746853099991,106,29,65,47,59,18,18,41,25,2
"2041","TRINITY_DN25743_c0_g1",1.27179322974603,2.70989169334093,6.42589805354298,3.45716714289682e-05,0.00160545261410264,2.58473751129307,90.03,39,109,185.45,114.03,299.11,207.02,270.19,355,261.42
"2042","TRINITY_DN25747_c0_g1",1.5128563494649,-0.82711142889846,3.40272670327488,0.00532564279214277,0.0368200656625441,-1.96397446133412,11,4,23,9,5,27,16,33,24,20
"2043","TRINITY_DN25751_c0_g1",-1.86533841355325,-0.174745123640738,-5.91438499959918,7.43733476814096e-05,0.00252145651795359,1.84276259067924,54,19,55,44,41,17,7,7,26,6
"2044","TRINITY_DN25760_c1_g1",-1.01823433199996,3.53760938290051,-4.53055829813135,0.000709353849022534,0.00993556432415787,-0.61519884022001,545.06,236.27,418.07,338.46,444.01,329.09,100.57,215.27,308.98,211.6
"2045","TRINITY_DN25763_c0_g1",-1.44057696865465,-1.56686388633404,-3.20925739318029,0.00760510197723104,0.0458952147077856,-2.27745760831964,24.28,6,18,14.12,11.53,5.9,4,5.64,7.47,1.67
"2046","TRINITY_DN25767_c0_g2",-1.01491910079277,1.2094379997857,-4.03025558173447,0.0017068982817291,0.0173351241941132,-1.11819046797596,99,35,117,52,111,42,25,66,57,33
"2047","TRINITY_DN25784_c0_g1",-1.8809368212179,0.443074067242342,-4.454490341244,0.000809074832271841,0.0107411476106606,-0.310788326920767,148,15,73,41,86.01,15,14,10,26,38
"2048","TRINITY_DN25785_c0_g1",-1.67235555896442,-0.15605547483195,-3.53879845049629,0.0041501097181961,0.0311403224566204,-1.79322097131985,45,21,44,36,48,18,15,2,24,18
"2049","TRINITY_DN2579_c2_g1",-2.03911526630693,2.66176686444935,-7.47432994360065,8.01315780320098e-06,0.000711300901482169,4.05765210448368,438.44,110.32,296.85,276.43,447.49,62.55,112.65,77.52,62.89,134.53
"2050","TRINITY_DN2580_c0_g2",1.10572872475663,7.74239113586185,19.7591447458141,1.92770890886746e-10,3.96773899015827e-06,14.5573041262671,3920.24,1514.88,4263.05,3938.43,4202.62,9199.22,7794.32,8419.37,9523.51,7816.75
"2051","TRINITY_DN2581_c0_g1",-1.06345050253223,4.52989345949765,-4.27763005865754,0.00110160440035691,0.0131164420580868,-1.2196112142719,1136.71,370.7,954.46,741.32,896.99,626.93,182.14,362.26,765.55,438.5
"2052","TRINITY_DN25823_c0_g1",-1.53182632580045,-0.221063272423062,-4.51601222909334,0.000727380911318636,0.0100660390642225,-0.189964105776512,38.1,7,67.04,41.24,47.28,14.64,5.29,13.45,15.55,18
"2053","TRINITY_DN25826_c1_g1",1.25539832669649,-0.911524091680934,3.44377463323025,0.00493907724973122,0.0350227540211763,-1.8971379677094,17.07,2,10.71,8.82,9.24,15.08,17.89,27.33,36.89,13.81
"2054","TRINITY_DN25831_c0_g1",1.89546569860767,-1.03063050735317,4.3933403029934,0.000899792287742232,0.0114614228926211,-0.482815411675559,13,4,7,6,6,21,21,14,42,23
"2055","TRINITY_DN25835_c0_g1",1.90604612555838,-1.33733370678033,4.0217009075649,0.00173315599983801,0.01751959870083,-1.07922447888393,7,5,10,4,5,14,11,22,35,14
"2056","TRINITY_DN25862_c0_g1",-1.73641472567669,1.48208334683439,-7.67003871812395,6.19263644508831e-06,0.000619745405528871,4.30734311913608,175.93,51,116.06,101.61,182.86,33,46,33.36,53.6,36.81
"2057","TRINITY_DN25869_c1_g1",1.50292898786569,-0.611957474009971,3.67119371254321,0.00325993436382065,0.0265945867482094,-1.53879061181334,22.22,6,10.08,5.02,11.11,28.05,35.01,37.24,21.92,19.18
"2058","TRINITY_DN2587_c0_g2",1.009295307196,1.79752084468853,4.20707604902552,0.00124725775007387,0.0142262724083176,-0.890779502199394,91,29.75,52,65,61,161,174,114.65,120,105
"2059","TRINITY_DN25883_c0_g1",-1.42058730082608,-1.19125766110501,-3.44368573046676,0.0049398828767698,0.0350244445831647,-1.89739388123966,28.86,4,19.23,14.3,30.93,3.12,5.21,4.2,13.46,9.35
"2060","TRINITY_DN25902_c0_g1",1.10664901622733,0.757033044724808,6.09152601692602,5.68109842536121e-05,0.00213379845236742,2.19169898495298,32.52,15,30.35,30.36,33.52,76.63,51.22,61.53,80.79,56.41
"2061","TRINITY_DN25907_c0_g1",-1.63283336011404,-0.70631184758555,-5.58121073009981,0.000124912386547722,0.00337534513379033,1.26985585822352,30,13,31,21,40,8,6,9,10,8
"2062","TRINITY_DN25913_c0_g1",-2.0004981972063,-0.959419291494716,-4.97149176530794,0.000335940355168525,0.0062102807114757,0.319807737690573,40,9,26,30,29,7,1,5,12,10
"2063","TRINITY_DN25917_c1_g1",-1.36027692131834,-0.381856445023261,-3.17240800959961,0.00814042321763172,0.0480228196085147,-2.38830201804861,28,19,45,30,35,7,4,17,38,7
"2064","TRINITY_DN25920_c0_g1",2.21224988850825,0.288643691366276,4.45626125772345,0.000806594251511586,0.0107270260267795,-0.291583369293735,37.67,13,5.63,9.89,24.69,97.68,32.1,56.56,80.62,80.38
"2065","TRINITY_DN25936_c0_g1",-2.12687174002993,0.687602060349019,-7.74253334522304,5.63526973595211e-06,0.000594797125958507,4.28435086160655,109.45,30,82.19,80.54,110.68,17.08,26.15,9.04,29.02,23.12
"2066","TRINITY_DN25936_c2_g1",-2.72152789012685,-1.45013302121562,-5.4011828038004,0.000166382176471147,0.00402341398371483,0.34881643062972,26,14,27,21,26,6,2,1,3,5
"2067","TRINITY_DN25942_c0_g5",-1.04139224672487,-0.625304475155418,-3.20812175517215,0.00762105705733471,0.0459600577376994,-2.3095739793337,33.16,13,26.02,16.19,30.82,14.85,3.34,13.35,17.02,8.7
"2068","TRINITY_DN2595_c2_g1",1.76461002837361,0.160907941436564,5.6262376658571,0.000116352718047034,0.0032523982046031,1.48977537600362,15.98,4.11,18.44,15.04,25.7,63.93,39.73,33.56,79.81,72.82
"2069","TRINITY_DN25950_c1_g1",2.03396582037202,0.367787870385541,6.50885529910444,3.06352981432017e-05,0.00149416700383384,2.70155665677591,16.28,2,19.19,35.63,18.46,85.94,44.98,80.07,85.09,75.72
"2070","TRINITY_DN25962_c0_g1",-2.11780536995699,-1.20612924776,-3.81784046303182,0.00249920072953516,0.0223489168574983,-1.35066899332945,44.07,3,35.2,16.41,27.14,10.18,11.99,4.59,3.48,2
"2071","TRINITY_DN25963_c0_g2",1.91042033547711,-0.468286846365501,4.01714177284488,0.00174732000903473,0.0176296594637053,-0.985190163439752,22.03,1,14.04,4.13,16.58,36.62,26.18,40.12,88.91,22.58
"2072","TRINITY_DN25964_c0_g2",1.36691898458045,-1.50645401126315,3.46030384875777,0.00479159139374935,0.0343437243623024,-1.89539714540015,6.32,4,11,4,7,12.99,9,12.98,19,13.9
"2073","TRINITY_DN25966_c0_g3",3.23529289996267,-2.28223718354843,4.73396579785938,0.000500856635516293,0.0079442320908965,-0.75881365951368,0,0,6.34,1.21,2.31,13.73,16.33,13.24,15.32,21.98
"2074","TRINITY_DN25979_c0_g1",-1.89686555112826,-0.643097008728849,-4.28204690068377,0.00109309533245623,0.0130611600038753,-0.581012228919372,46.54,15,30.64,50.3,20.07,12.74,4.29,6.05,10.24,6.86
"2075","TRINITY_DN26021_c0_g1",-3.90892928457975,-1.59954621745357,-5.17825810568848,0.000238792804765685,0.00502898298385796,-0.288722299958919,36,19,37,36,29,6,0,0,5,4
"2076","TRINITY_DN26026_c0_g1",-1.07125408177485,0.532559872541161,-3.81454680869102,0.00251410824950783,0.0224421412744733,-1.40806888969967,80.89,12,60.51,45.8,81.67,29.66,12.07,28.99,48.41,21.57
"2077","TRINITY_DN26073_c0_g1",2.44570386661968,0.0737135640851227,3.66540644449637,0.00329442579405382,0.0267311700303858,-1.57137074524305,10,2,13.77,10.71,34,67.72,17.65,140.9,143.19,47.85
"2078","TRINITY_DN26089_c0_g1",2.11505775578831,-0.991859787615275,3.33629940009169,0.00601750749859372,0.0397230118690576,-2.06680959182039,8.23,2.04,9.71,7.87,5.24,55.4,35.58,23.61,13.94,19.92
"2079","TRINITY_DN26100_c1_g2",1.30178161554981,0.907468755882425,5.11647165138187,0.000264270110410287,0.00534537916028023,0.729886614242649,37,11,41,20,44.27,80,78.22,97,64,82
"2080","TRINITY_DN2612_c3_g1",-3.51215314757485,0.0131916565855147,-4.88965963057299,0.000385160574643063,0.00675650430768747,0.32856470120685,101.77,28,180.91,103.82,49.31,5.07,2.42,45.83,5.09,5.08
"2081","TRINITY_DN26144_c0_g1",2.18688245519212,0.427246178937246,5.82931132094637,8.47763832056938e-05,0.00271372322974867,1.79555369468276,23,15,16,24,9,97,40,83,92,58
"2082","TRINITY_DN26162_c0_g1",-1.62232237995138,0.317551082324756,-6.52114195236811,3.00940575161084e-05,0.00147220707342145,2.74307204585105,82.05,24,52.07,58.08,51.33,19.11,16.83,16.3,16.03,20.44
"2083","TRINITY_DN26186_c0_g1",1.04705936641701,4.55735906518909,6.32430546022283,4.01384435418198e-05,0.00175033780283737,2.19985387307122,433.41,118.29,353.95,566.53,622.09,910.68,774.2,970.19,1054.76,927.55
"2084","TRINITY_DN26206_c0_g1",-4.76703680032762,-1.86504398360052,-6.50104510200429,3.09847206846139e-05,0.00150272467477967,0.768735804528724,58.91,16,38.14,29.95,37.07,4.13,0,0,7.1,0
"2085","TRINITY_DN26215_c0_g1",1.0114505550062,-0.545017474717921,3.2429833112192,0.00714633582697385,0.0441419194643545,-2.26111593505973,20,6,18,6,16,21,18,26,34,25
"2086","TRINITY_DN26218_c0_g1",-1.00814086928479,2.51826482918377,-5.72101487579728,0.000100297383856657,0.0029840329214706,1.52584680936365,282.04,67.14,232.24,166.86,258.83,99.92,76.88,96.74,178.86,117.01
"2087","TRINITY_DN26218_c0_g2",-1.47281932259188,2.48396912623446,-8.29504537152156,2.80095882244028e-06,0.000404097208803837,5.09609851202873,327.02,103.18,240.06,192.02,266.43,73.3,64.45,88.49,135.31,99.85
"2088","TRINITY_DN2622_c0_g1",-1.00731797896521,5.17411068272112,-4.58566970541197,0.000645174666610181,0.00933570183008481,-0.754600535100007,1320.77,388.38,1228.96,1195.81,2743.55,719.37,594.45,699.84,931.29,561.87
"2089","TRINITY_DN26224_c0_g2",1.58148623359742,1.98015580131192,7.17010622389776,1.20723934945692e-05,0.00086881836072571,3.67863190104807,55.98,35,84.02,41.99,62,185,145,221,171.94,197.02
"2090","TRINITY_DN26228_c0_g3",-3.08129208129416,0.63374949149215,-9.14491714222589,1.01869027321148e-06,0.000231257672758317,5.61089889754052,153.3,53,129.4,73.84,154.44,11.88,6.69,13.93,31.96,8.26
"2091","TRINITY_DN26230_c0_g2",1.6331455971088,-0.828643604239722,3.28215836275307,0.00664841884274097,0.0421487356933908,-2.15351038067807,17.15,1,2.21,15.35,16.28,26.94,30.28,27.07,26.99,18.38
"2092","TRINITY_DN26240_c0_g2",-1.43890368885976,0.426994709880626,-5.80824435156976,8.75835486234786e-05,0.00277054762315705,1.77695029472703,85.29,15.19,79.9,40.68,68.91,23.14,13.22,21.4,33.58,16.82
"2093","TRINITY_DN26245_c0_g1",-1.17277349045192,1.86151620376344,-4.90112749965329,0.00037782993007521,0.00667341033246111,0.284067304488293,208.64,55.04,155.56,80.23,184.38,71.01,68.61,55.77,81.04,50.47
"2094","TRINITY_DN26250_c0_g1",-1.13392953181461,-0.725168505215645,-3.91947057831656,0.00208126041614039,0.0198308528254869,-1.13901283165039,29,9,33,18,26,7,6,13,15,10
"2095","TRINITY_DN26263_c0_g1",4.20422104753825,-1.91637232632832,6.36690069751523,3.76964824728112e-05,0.00169040116175102,0.663494663473412,4.39,0,1,0,4.68,30,24,19.03,45.03,33.08
"2096","TRINITY_DN26269_c1_g1",-1.63587881723461,1.48966239443761,-6.33811456951965,3.93288633689236e-05,0.00172599762281755,2.54276753171439,160.25,38,165.15,83.78,185.28,46.49,24.43,32.4,64.71,53.51
"2097","TRINITY_DN26269_c1_g5",1.72428227364198,0.724647945415752,5.91388005405126,7.44309406182051e-05,0.00252145651795359,1.93404224971107,40.12,11,32.9,9.56,31.82,90.29,57.01,83.42,106.99,67.47
"2098","TRINITY_DN26271_c0_g1",1.81394840846406,1.76392983798263,5.87293144058946,7.92624071197203e-05,0.0026132883230775,1.85114819537967,32.26,26,45.38,60.78,61.71,271.54,153.59,125.05,154.97,167.04
"2099","TRINITY_DN26285_c1_g1",1.21663191213661,0.662725382617534,3.89362414954121,0.00218020201857353,0.0204169805500185,-1.27353043566177,21.01,4,66.03,30.17,33,69.98,70.4,61,81.11,57.4
"2100","TRINITY_DN26290_c3_g1",-1.850576288478,-0.683959094102005,-4.52184065746614,0.000720100973221213,0.0100123384135248,-0.21782876129609,26,11,28.01,48,36,7,10,9,6,10
"2101","TRINITY_DN26297_c2_g1",-1.6485338799129,-0.806736509598044,-4.25191533501364,0.0011525293213271,0.0135396830928294,-0.634241946465018,52,10,32,22,20,8,4,6,13,9
"2102","TRINITY_DN26316_c0_g1",-1.02845183464526,1.14162651576718,-4.34931813921164,0.000971613959974085,0.0120884986501067,-0.558923720523353,100.07,34.07,76.79,89.21,85.35,56.41,27.59,47.61,63.07,19.98
"2103","TRINITY_DN26319_c0_g1",-1.49601499726164,-1.283437029354,-3.42973299999194,0.00506799301308528,0.0356016419308293,-1.9215604075955,30,1,29,16,24,12,4,5,8,4
"2104","TRINITY_DN26329_c0_g1",-1.17944030184862,-0.0761527180447521,-4.14938747533318,0.00138114877726534,0.0151506794632404,-0.788873367754444,44,8,51.82,29,60,14,12,24,20,13
"2105","TRINITY_DN2633_c3_g1",-1.15467560095559,4.59163115523759,-4.40183997130942,0.000886573784790976,0.011355353259339,-1.00429150343106,1166.93,345.9,1324.81,531.44,1297.07,504.04,234.35,466.1,806.31,350.8
"2106","TRINITY_DN26333_c0_g1",-2.68272108348892,-0.910610630820489,-4.12500079089559,0.00144215026044173,0.0155491346746562,-0.921392704353601,59,25,33,15,47,2,2,6,10,6
"2107","TRINITY_DN26341_c0_g1",1.04037148249374,2.19644815897478,6.0663926961311,5.90086257299548e-05,0.00218838716010405,2.09715957086417,77,38,83,86,100,202,160,185,162,179
"2108","TRINITY_DN26344_c0_g1",1.80979531251345,-0.506528251276577,5.64489039660304,0.000112990448668553,0.00319749506158838,1.3982933421435,10,6,14,8,12,31,41,30,32,31
"2109","TRINITY_DN26353_c0_g1",-1.75164479064011,0.5699949619377,-5.60354784850745,0.000120585825228972,0.0033161916506065,1.48109432059386,73,19,94,69,97,17,12,17,63,15
"2110","TRINITY_DN26360_c1_g1",-1.51897313680455,-0.724128722007292,-4.48458713838964,0.000767976845262886,0.0104061957957632,-0.266814562297818,33.01,9,26.98,19,47.01,9.81,7,5,13.78,9.27
"2111","TRINITY_DN26360_c1_g2",-1.25458838481962,0.94941628733697,-6.74145740421191,2.19354064333168e-05,0.00125066248979173,3.09269645571057,100.67,30,77.63,71.7,82.83,27,29,28,39.37,39.35
"2112","TRINITY_DN26360_c2_g1",-1.7262984236463,-1.02263688704409,-3.78867023348486,0.00263445749776806,0.0230771642369904,-1.36216900154524,24,8,24,31,25,4,14,14,6,3
"2113","TRINITY_DN26364_c0_g1",-1.29667722296065,-1.38540412692173,-3.56297536394841,0.0039707289480523,0.0302706744612553,-1.72713446566359,18,5,16,14,25,7,2,7,7,7
"2114","TRINITY_DN26395_c0_g1",-1.32980771938043,0.0181678662032202,-3.64296989785185,0.00343171788143476,0.0275018450023145,-1.64286692984634,55.39,16.37,50.05,31.07,52.91,19.56,7.41,14.13,52.59,6.94
"2115","TRINITY_DN26395_c2_g2",1.49307613627042,-0.490844955555251,3.70512419049685,0.00306502641942118,0.0255169544757205,-1.48590532642564,16,1,18.59,6,21.03,43,15,31,60.17,28
"2116","TRINITY_DN26397_c0_g5",2.14783124199611,-0.0905420160427838,5.40118476863619,0.000166381651749229,0.00402341398371483,1.1351992605473,9.47,8,8,13.58,24.71,84.06,37.18,41.82,46.99,45.15
"2117","TRINITY_DN26408_c0_g5",1.06511097188855,-0.168148416243138,4.19239520606611,0.00128000012298166,0.0144528813006582,-0.71080950516517,17,6,18,13,26.05,40.02,32.01,25.01,46.01,26.01
"2118","TRINITY_DN26418_c0_g1",1.95855288003842,0.110078035935913,5.27867452111963,0.000202751276456919,0.00457249299439803,0.979134731609125,17,5,8.01,25.09,21.05,49.15,65.74,60.04,47,60.45
"2119","TRINITY_DN26426_c0_g1",2.64746118174605,-1.57941861543187,3.62574699473019,0.00354107251079616,0.0280213948247462,-1.76013583153418,0,3.06,3.01,10.76,6.77,15.11,13.62,22.22,19.59,31.28
"2120","TRINITY_DN26430_c0_g1",2.15428634316878,-0.323639426123765,4.82909229659204,0.000426429958481886,0.00719712242193419,0.267824210266895,7,4,21,16,9,35,24,41.99,64,60
"2121","TRINITY_DN26439_c0_g1",-1.91239987500981,-1.22389156932816,-3.36301401255152,0.00572891323939571,0.0385011217752333,-2.02789719970373,31.13,6,25.67,16,23.08,7.79,7.76,10.08,1.08,7.09
"2122","TRINITY_DN2645_c0_g2",1.34084571217755,2.79695132564832,4.18939091347837,0.0012868097241315,0.0144837635518906,-1.07725929068277,109.38,42,247.3,76.02,106.87,333.96,205.85,185.92,494.7,381.99
"2123","TRINITY_DN2645_c0_g3",1.43051132983719,3.58082260651777,5.28698832447576,0.000200035956608541,0.00453277807290429,0.690277446073288,180.12,51,396.12,170.33,169.13,601.11,412.33,354.85,780.99,655.22
"2124","TRINITY_DN26453_c0_g1",-1.39489672319963,0.947895005063825,-4.31438415335076,0.00103284128908392,0.0125527411857815,-0.591488327816709,86,48,85,41,134,34,31,22,36,29
"2125","TRINITY_DN26469_c2_g1",1.80138757414432,-1.30874242103713,3.20954682818763,0.00760104097067698,0.0458796752548741,-2.27159718106757,8.27,0,5.33,11,9.43,30.71,27.82,9.76,24.97,14.99
"2126","TRINITY_DN26480_c0_g1",-1.56262261547286,-0.43455515651094,-4.30370226451242,0.00105235351753515,0.0127332930203697,-0.5274256007957,55.3,11.83,27.21,34.24,38.3,12.09,8.99,14.47,19.74,3.31
"2127","TRINITY_DN26496_c1_g1",-1.67713216836424,-0.871017713643827,-4.12983500925194,0.00142983975016834,0.0154709834035756,-0.825723936415844,50.42,7.14,18.27,26.18,30.53,13.78,3.64,8.11,7.92,5.61
"2128","TRINITY_DN26511_c0_g1",1.37899804998113,-0.564248763391977,3.83715771558109,0.00241358029378425,0.0218749309051534,-1.27209174348942,27,3,11,10,10,31,25,33,43,15
"2129","TRINITY_DN26516_c0_g1",-1.77594067452856,-1.98267621723942,-3.62364472532148,0.00355466269556902,0.0280716392628064,-1.81061640676514,20,4,15,11,12,5,3,3,4,1
"2130","TRINITY_DN26523_c0_g1",1.53784007128916,1.04255243302531,4.32192919111449,0.00101928596421667,0.0124466503791435,-0.581628304912129,42,13.45,25.8,26.05,47.11,67.19,57.91,73.69,219.15,105.58
"2131","TRINITY_DN26544_c0_g1",2.59276737593593,-1.90573493540762,3.3551443767781,0.00581243784277215,0.0388614410351175,-2.20514286771587,2,1,10.46,7.45,0,17.42,19.72,20.05,16.16,8.67
"2132","TRINITY_DN26555_c0_g3",-1.41844655009784,-0.196912971501568,-4.49207168572881,0.000758098417506615,0.0103381318648848,-0.228162954894142,47.3,8,53.61,47.8,32.51,9.19,18.3,13.01,15.83,13.18
"2133","TRINITY_DN2656_c0_g3",-1.0788301882294,1.3457449157815,-4.95629259290693,0.000344556821502334,0.006300176077621,0.433269290500276,98.48,46.99,90.49,94.6,115.92,35.47,34.64,44.38,89.01,35.33
"2134","TRINITY_DN26570_c0_g1",-1.29303109570156,-0.309447736770987,-4.96483238625666,0.000339687404038213,0.00625186820403921,0.499944408018536,41.16,10,36.99,30.46,45.73,15.59,6.59,13.57,23.55,8
"2135","TRINITY_DN26577_c0_g1",1.60970403533125,0.660122470008657,5.19026340537291,0.00023414969923345,0.00497360702726765,0.856286552425325,52,12,13,18,31,73,70,84,80,57
"2136","TRINITY_DN26579_c0_g1",-1.37656292161707,-0.149088989689271,-5.16671910493587,0.000243346949819175,0.00509707851337667,0.811242205895113,52.27,11,48.51,37.25,38.35,25.32,9.13,13.21,18.16,8.13
"2137","TRINITY_DN2660_c0_g2",-1.00082659425916,3.17002071606445,-6.02161224494204,6.31506643494508e-05,0.00228437447114815,1.9092161611259,494.42,117.28,370.6,268.68,329.16,162.99,125.33,185.55,266.68,151.23
"2138","TRINITY_DN26603_c0_g2",1.18134049165038,2.80976479630312,4.38761063441455,0.000908818585813184,0.0115326202295093,-0.733939083948958,217.91,43.6,132.59,126.89,78.53,220.21,337.52,271.01,445.14,215.18
"2139","TRINITY_DN26624_c0_g3",1.75563510528522,0.146568758084561,4.61409501510277,0.00061447158270103,0.00905202678537301,-0.0368188319073512,15.11,9,14.53,11.04,27.91,60.98,64.34,45.01,34.12,66
"2140","TRINITY_DN2665_c1_g6",1.13936582334187,0.311287621227859,4.56972040924502,0.000663099729748884,0.00950663619979895,-0.117062094969052,20,9,31,23,23,51,58,45,58,32
"2141","TRINITY_DN2665_c4_g1",1.14727723852638,1.16776591341208,5.67859010501341,0.000107173598082162,0.00310441404222354,1.58428073801129,48.69,13.62,51.59,31.79,44.69,100.76,78.74,123.65,93.73,64.26
"2142","TRINITY_DN26671_c0_g1",-1.23650840758267,0.849266275585016,-3.23466757573511,0.00725678942823898,0.0445828135720759,-2.46200838252414,93.98,29,113.54,29.3,107.75,32.27,13,34.68,56,27.11
"2143","TRINITY_DN26672_c0_g1",1.24972175740481,-0.104928778000706,4.84005132191866,0.000418632580455357,0.00711917504212541,0.31649936137957,24,6,19,12,17,28,27,47,53,35.01
"2144","TRINITY_DN26675_c0_g1",1.21530776693046,0.636561779509208,4.18842034999462,0.00128901764770468,0.0144889437051871,-0.769216202203305,21,6,34,35,41,84,51,72,53,69
"2145","TRINITY_DN2668_c0_g1",-1.56423988075398,1.70998503223431,-4.13543007598663,0.00141572751602696,0.0153851359837438,-0.996826804049802,135,38,236,238.8,106,84,51,73.91,50,21
"2146","TRINITY_DN26684_c0_g1",2.42215842569792,2.47694758454758,9.38277941821781,7.77487249675047e-07,0.000201711967306402,6.32244082772879,63.88,25,39,75.04,109.93,467.32,304.12,342.2,415.26,242.76
"2147","TRINITY_DN2669_c1_g3",1.12250022239933,2.78709380701669,7.20710189694303,1.14784636337815e-05,0.000849846729566834,3.68214175243707,114.75,58,149.99,113.7,125.26,343.27,205.62,231.87,335.14,273.65
"2148","TRINITY_DN26694_c0_g2",1.0337695170194,0.516170016240266,3.75523882480813,0.00279876541165069,0.0240727352888434,-1.50012774018656,28,6,23,30.34,47.79,69,65,47.41,66.9,36
"2149","TRINITY_DN26702_c0_g2",-2.6844436924075,1.81889938575163,-5.7611918502325,9.4214654910221e-05,0.00288712978233068,1.68930142771552,253.11,99.01,326.9,90.27,435.84,32.92,23.34,30.96,51.96,48.23
"2150","TRINITY_DN26719_c0_g2",-2.29565352031301,0.231162721958965,-4.91094093627192,0.000371673056525101,0.00660243610308169,0.428544188982026,140.17,14,58.9,42.32,116.25,18.27,4,17,14.15,20.55
"2151","TRINITY_DN26742_c0_g1",1.00104490121503,0.131851437652243,3.56740924235655,0.00393870102128509,0.0301296965637155,-1.7821730046958,15.97,8,36.99,20.11,21.76,38.56,38.58,49.99,49.35,27.6
"2152","TRINITY_DN26752_c0_g1",-1.02051320552249,-0.432830729079701,-3.62246205578214,0.00356233154798159,0.028087546986287,-1.63994245804507,40.8,13,24,19.84,36,10,9,14,16,15
"2153","TRINITY_DN26771_c0_g2",-1.55864754717118,1.97932107169805,-4.77083683125061,0.00047051180794025,0.00764556924123541,0.0587465817986201,288.76,71,202,135.6,150.89,43.36,39.26,38,164.61,71
"2154","TRINITY_DN26771_c2_g1",-1.09779009509056,2.99864380455371,-5.6083043765931,0.000119685133509558,0.0033025680676368,1.28401908510898,416.87,112,314.99,234.45,365.09,118.29,129.09,133.42,278.2,122.77
"2155","TRINITY_DN26786_c0_g1",-1.56609276800102,-0.476481068943283,-4.85438371149092,0.000408659883282076,0.00701332142103992,0.312923968633324,35.39,12,36.64,30.69,41.46,5.14,10.44,16.73,17.29,5.6
"2156","TRINITY_DN26793_c0_g1",1.31225055266267,-1.05120483413647,3.38688808200952,0.00548290431866566,0.0374738192854594,-1.98533217945968,9,0,13,11,13,20,18,23,19,25
"2157","TRINITY_DN26820_c0_g1",1.40954166868203,-1.36052386676709,3.28924164018701,0.00656220888320051,0.0417702311324377,-2.13957830277362,8,10,4,8,6.96,12,12,11,22,14
"2158","TRINITY_DN26829_c0_g1",1.4423202063662,0.908082457532657,4.50300928628529,0.000743900151954026,0.0102099014409551,-0.264936039001997,20,11,42,38,39,74,67,125,124,47
"2159","TRINITY_DN26842_c0_g1",1.84842545409945,2.64452132154974,9.21954367071322,9.35347512344307e-07,0.000219603947498997,6.16290608132484,62.16,47.69,116.99,82.19,96.13,345.96,233,296.3,454.49,276.27
"2160","TRINITY_DN26870_c0_g2",-1.37051346613849,0.436828084864844,-3.23419228126759,0.00726315438098756,0.0446076443920051,-2.39919662669838,92,29,56,22,96,19,10,27,40,18
"2161","TRINITY_DN26916_c0_g1",-1.46425594119216,1.76887921066106,-9.74780343699227,5.18870494156423e-07,0.000171332701995566,6.64678008069979,170.7,58,177.05,116.14,163.88,52.96,50.15,58.38,70.19,41.94
"2162","TRINITY_DN26918_c2_g1",-1.98407322441717,-0.648867756645254,-4.41086367776962,0.000872761370376112,0.0112638048707869,-0.392564076291393,41,10,39,31,50,15,1,15,17,3.02
"2163","TRINITY_DN2692_c10_g1",1.32001896255822,0.332126212411735,4.75624257790249,0.000482286058865308,0.00776100503937875,0.18279305143059,26.06,9,24,17.01,23,39,65.73,53.03,47.18,60.64
"2164","TRINITY_DN26923_c0_g1",1.54858917144445,0.0313578845307351,4.56043373050723,0.000673775630655097,0.00960546044676839,-0.121086322530987,13.47,8.02,11.37,17.86,28.02,40.44,28.93,50.56,44.1,64.14
"2165","TRINITY_DN26927_c0_g1",-1.47605425793773,-1.45206340441878,-3.6218945393154,0.00356601753738421,0.0280966345848641,-1.66548134984459,18.44,11,16.01,13.03,19,4,2,5,11,4.01
"2166","TRINITY_DN26934_c0_g1",2.67185981116464,-1.62758246760888,3.90233802167996,0.00214631410764571,0.0202213310221098,-1.42933734217362,3,1,2,9,5,27,9,30,16,24
"2167","TRINITY_DN26943_c0_g1",-1.73586990709282,0.256630845240969,-5.26022051568496,0.000208918111889002,0.00464874795420617,0.963703905357861,93.89,21.38,54,40.56,70.55,21.82,11.05,14.54,38.48,7.03
"2168","TRINITY_DN26951_c0_g3",-1.44512922057744,-0.362797873067239,-3.83227243491201,0.00243494421721938,0.0219929564938176,-1.29348363431961,39.41,4.8,37.93,39.43,56.31,6.37,17,12.64,15.45,13.22
"2169","TRINITY_DN26962_c0_g1",-1.21617813448841,-0.896099725320551,-3.62475545896414,0.00354747568614904,0.0280285844274327,-1.60925856135684,31,6,20,22,26,6,12,5,13,10
"2170","TRINITY_DN26970_c0_g1",-1.72052959826349,-0.691615072341999,-3.85985090103467,0.00231684106280336,0.0212539447252982,-1.23488507940916,38.25,8,45,36.08,24,4.05,2.02,12.7,18,13.77
"2171","TRINITY_DN26981_c0_g1",2.70477938636413,-0.506597386562247,6.01460817907643,6.38259114401244e-05,0.00229904650378229,1.71116107033545,4.33,2,8,16,12,38,38,49,79,34
"2172","TRINITY_DN27037_c0_g1",3.2356780470075,-0.134158670074999,5.24342318156962,0.00021470318227575,0.00473301623565876,0.811319264123129,3,5,14,11,13,81,34,92,61,107
"2173","TRINITY_DN27057_c0_g1",-1.32755340350937,1.98398803068845,-3.35656693931008,0.00579724844548867,0.0387915579770302,-2.43688007670483,316.16,68,218.37,69.1,173.76,70.99,35.44,78.13,143.19,41.93
"2174","TRINITY_DN27079_c0_g1",2.05304486179211,-1.52670779273362,3.65883920806457,0.00333401897252238,0.0269532604759508,-1.65213920995862,6.12,2,9.59,6.28,2.33,14.58,11.52,12,32.41,19.77
"2175","TRINITY_DN27088_c0_g1",1.85692740807957,-0.709286236023731,5.4382061367253,0.000156798035155706,0.00388401621841372,1.05942348559379,10.08,5,7.06,15.05,8.06,35.1,19.49,31.31,33.22,23.86
"2176","TRINITY_DN27099_c0_g1",-1.32089801653538,1.40756491046675,-3.86467052055096,0.00229681459974451,0.021129493203827,-1.42945987710573,76,70,105.75,96,177,32,27,47.28,94,33
"2177","TRINITY_DN27102_c0_g1",-1.003042179207,0.807522233791618,-3.80408733354489,0.0025620585198911,0.0226856689476376,-1.45961854074552,94.33,23.08,64.66,36.34,102.48,37.26,24.65,33.93,38.24,27.61
"2178","TRINITY_DN27107_c0_g1",-2.67624759961065,-0.595954656918217,-5.51145768532592,0.000139511143421607,0.00359688270730581,1.11487149933299,64.34,9,51.94,38.36,46.16,6.99,14.02,5.47,2.23,11.01
"2179","TRINITY_DN27127_c0_g1",-1.27052295919383,0.0464959480654354,-3.40129230942371,0.00533969414474532,0.0368520659494506,-2.06029036994131,44.55,22.5,49.82,48.75,33.3,17.73,22.28,13.26,35.25,5.17
"2180","TRINITY_DN27133_c1_g1",-1.08594113729382,-0.3498570199217,-4.03620523737559,0.00168887914887415,0.0172400247453597,-0.960494789068101,45.15,12,32,19.03,39.42,15.03,8,16,18,10.04
"2181","TRINITY_DN27136_c0_g1",1.30166228141492,0.655715820767647,3.38425273267419,0.00550952489031288,0.0375703506163882,-2.15492311657739,21.19,2.88,22.23,60.57,50.57,100.75,63.98,55.52,67.63,68.39
"2182","TRINITY_DN27145_c3_g1",-1.71485162068582,-1.54287494235301,-3.2537047142879,0.00700643223762883,0.0435595225341427,-2.21477137184468,23.01,6,27.04,10.1,15.3,2,4,12,3.17,4.02
"2183","TRINITY_DN27149_c1_g1",1.64998907084778,-0.566272163771194,3.63181482612037,0.00350214430682816,0.0278417202705069,-1.59836325836599,11.03,0,14.63,12.55,19.72,55.09,24.7,52.13,26.57,25.03
"2184","TRINITY_DN27180_c0_g1",1.34693252772431,-0.288081092469258,3.79530259293748,0.00260305742120636,0.0229063117635243,-1.35537829124768,9.55,6,27.12,10.56,19.22,37.48,36.01,37.62,37.24,20.94
"2185","TRINITY_DN27181_c1_g1",1.41472658441182,0.552824787222676,5.29215460784154,0.000198367950869261,0.00450821649991723,1.0137866563415,37.05,8,21.65,34.74,17.66,68.19,55.6,47.43,91.86,60.98
"2186","TRINITY_DN27202_c0_g1",-1.20564865957204,1.73565340156212,-6.77090439989928,2.10377855224228e-05,0.00122604339189111,3.14181116754643,161.41,60,146.67,103.79,139.75,53.53,36.07,68.4,87.86,51.68
"2187","TRINITY_DN27215_c0_g1",1.61217240197664,2.2829681675541,5.80384773122881,8.81817106916273e-05,0.00277525192241927,1.69770822867368,52,35,83.09,71.05,101.1,187.15,185.47,329.1,201.02,273.22
"2188","TRINITY_DN27216_c0_g1",-1.75863028567906,0.044264697647226,-4.7214887919238,0.000511583381997804,0.00804411781808006,0.133098077813436,45.11,18,52.01,32.07,106.09,10.03,18.03,17.03,16.05,10.02
"2189","TRINITY_DN2722_c0_g1",-6.44367857334267,3.84044416450798,-10.5318888550309,2.26407971367282e-07,0.000111123948249894,7.45215600664722,4197.92,1257.69,5747.67,1531.31,5184.39,50,23.71,45.1,37.75,52.51
"2190","TRINITY_DN27226_c0_g1",-3.51047537602366,0.699692897992829,-6.24660853840673,4.50360420573478e-05,0.00188534611861499,2.34934369229549,231.85,61.01,196.1,56.03,192.94,14.41,7.01,9.39,29,6
"2191","TRINITY_DN2723_c2_g1",1.43678692886187,3.29131940194402,5.36367847816881,0.000176723078623903,0.00420350410588166,0.85992422890481,228.94,45.3,92.43,247.43,167.22,630.69,359.02,437.36,415.47,390.26
"2192","TRINITY_DN27238_c0_g1",-1.57484961162697,0.224975828078294,-4.01185077493819,0.0017639078082995,0.0177361633849337,-1.03655558113123,80.7,7,53.25,65.21,74.55,22.92,9.07,25.65,12.38,26.5
"2193","TRINITY_DN27238_c0_g2",-1.64231537858127,2.72422468221338,-8.58783721696054,1.96028785891204e-06,0.000327859416728331,5.44304991070896,441.3,112.26,238.01,277.04,371.59,104.83,92.06,105.79,114.47,89.26
"2194","TRINITY_DN27263_c2_g2",-1.21089946438548,-0.739085653646893,-4.12571458626386,0.0014403256682828,0.0155376012168285,-0.812019516930164,31.8,5,23.58,24.1,36.25,11.61,10.81,7.33,12.25,7.77
"2195","TRINITY_DN27275_c0_g1",1.23325903224898,1.95422613146617,3.43408835148043,0.00502764448462255,0.035447247275231,-2.2892429899227,86,34,47,75,68,84,237,145,283,116
"2196","TRINITY_DN27326_c1_g2",-1.30588046005905,-0.209602664883812,-3.31421644633431,0.00626717218315417,0.0406881871480816,-2.1769188882071,39.78,14,48.99,23.05,52.96,16.99,4,8.28,39.55,14.99
"2197","TRINITY_DN27338_c0_g1",3.8460169751706,-0.9630760500932,3.42137861768904,0.00514631346880598,0.0359432828946761,-2.02127572245041,12,2,2,8,1,153,31,58,28,35
"2198","TRINITY_DN27362_c0_g1",2.44794554991601,-0.237633020160336,4.2966524830827,0.00106544065539401,0.0128431242767663,-0.552523986941591,4.03,0,31.49,24.88,12.24,74.87,54,54.58,47.54,58.87
"2199","TRINITY_DN27363_c0_g1",-2.86971480224091,1.11534571786577,-9.93934137709925,4.21674311331352e-07,0.000152266347228587,6.58250983246072,211.99,64,175.83,94.75,172.86,22.7,11.77,18,22.23,30.35
"2200","TRINITY_DN27379_c0_g1",-2.90847635177227,-0.117759854196188,-7.80106350952017,5.22442412122389e-06,0.000567953768727699,3.84731033721309,65.4,35,53.1,79.12,73.31,13.71,6.3,4.22,10.47,6.3
"2201","TRINITY_DN27383_c0_g1",1.58664040537796,-0.545793962189885,4.7688783909488,0.000472074183134041,0.00765974533196619,0.170766959198632,12,3,11,13,13,51,28,24,27,28
"2202","TRINITY_DN2739_c1_g1",-2.61947645546449,1.00661177303304,-8.78045893625919,1.5577097708925e-06,0.00029686871275639,5.45518293178467,106.54,46,144.28,122.11,209.74,20.15,10.19,31.01,30.95,16.19
"2203","TRINITY_DN27395_c0_g3",1.45447267724776,-1.21037478652833,3.34623093003623,0.00590853465825416,0.0392723571666176,-2.04997670539422,7.46,5,9.57,4.93,9.62,14.64,27.96,11.37,19.86,15.98
"2204","TRINITY_DN27406_c0_g1",2.22283826428224,0.261149887309495,3.38282605452804,0.00552399099495244,0.0376228464852145,-2.06453671115529,40.74,0,41.79,37.37,4.01,69.4,98.71,67.09,70.12,94.52
"2205","TRINITY_DN27426_c0_g1",-2.05519823528344,-1.43140811178521,-4.68587715118166,0.000543542057042806,0.00837948905152676,-0.259853734377831,28.22,7,17.13,15.12,31.28,4.02,3.02,7.06,5.03,2.01
"2206","TRINITY_DN27443_c0_g1",-3.40023496917128,-2.05936492734968,-4.97122274542138,0.000336090881139641,0.0062102807114757,-0.527503869325945,16.14,5,36.11,25,23.41,0.97,0.95,3,2,1
"2207","TRINITY_DN27475_c0_g1",-1.29088318370174,1.12342126213992,-4.46145621452088,0.000799363129189091,0.0106669279777356,-0.362711659616829,125.38,46,109.43,56.36,85.78,30.04,17.08,35.14,72.22,38.07
"2208","TRINITY_DN27479_c0_g1",-1.63371803695223,-0.014560881576307,-5.54040434484682,0.00013324530734073,0.00350261014800997,1.36368467377314,45.26,11,61.41,57.36,54.35,9.06,12.06,16,27,10.93
"2209","TRINITY_DN2748_c0_g1",1.01821985827238,4.39523389658627,5.64776554235777,0.000112481389776946,0.00319290742008239,1.15304804183908,361.97,126.63,455.41,343.64,548.41,1004.21,756.52,636.07,1228.31,586.09
"2210","TRINITY_DN27481_c1_g1",-1.48389049373598,-0.80873809625694,-3.27726084932609,0.00670869551506873,0.0423437116083476,-2.17052594425435,41,11,25.16,17.17,24.14,7.12,6.4,19.04,4,11
"2211","TRINITY_DN27486_c0_g1",1.97175936442614,-1.37221722596289,3.55045318300239,0.00406262667835604,0.0307237075486992,-1.77073075859573,2,3,7,7,14,21,12,22,22,15
"2212","TRINITY_DN27493_c0_g1",1.74640541661712,-0.577244819369464,3.70873108113947,0.00304502232065154,0.0254327117889343,-1.47541335421182,23.49,1.75,12.76,3.81,15.17,41.61,14.59,31.24,40.26,48.18
"2213","TRINITY_DN27499_c0_g1",-1.53611695185726,-0.105066792258911,-4.9146432310028,0.000369377687541792,0.00658004638220842,0.431202655545204,50.38,14,66.8,26.3,51.29,19.21,8,15.07,23.21,7
"2214","TRINITY_DN27506_c0_g2",3.17904056308301,1.09977117343298,4.9263010911954,0.000362246622562543,0.00650989652211638,0.443337562085351,7.74,6.31,27.37,22.29,45.15,107.81,164.51,93.24,278.5,344.13
"2215","TRINITY_DN27519_c0_g1",1.16755953807764,1.07146041153243,4.39652696660973,0.000894812575318602,0.0114182448648012,-0.46455303535423,44.43,11.94,35.8,29.74,59.98,115.04,92.74,51.59,116.25,68.33
"2216","TRINITY_DN27531_c0_g1",1.07112214332818,0.628293645948928,4.08030449857819,0.00156130551394795,0.0164153742338257,-0.955650054600503,25,9,33,42,30,64,34,81,70,58
"2217","TRINITY_DN27542_c0_g1",-1.90528563272316,0.201924845736867,-6.31304960493665,4.0811429726501e-05,0.00176102317452969,2.44347471979867,61.18,31,50.38,48.48,81.49,8.8,10.65,21.18,23.02,12.63
"2218","TRINITY_DN27562_c0_g1",2.53060773547242,2.30729677635576,5.78953937234309,9.01584859703452e-05,0.00280317532311021,1.69615356256694,94.18,20.89,47.8,36.31,68.08,349.73,283.12,490.75,556.33,121.4
"2219","TRINITY_DN27562_c1_g1",2.40490128920769,-0.565315380434834,3.91905618432074,0.00208280966635643,0.0198343675825768,-1.15398727523331,14.27,1.04,11.59,2.8,14.31,23.31,26.92,97.43,56.91,35.08
"2220","TRINITY_DN27563_c1_g1",-1.48041494725774,-0.142791457205445,-3.56532365297539,0.00395373317939528,0.0301973521243661,-1.75686955502547,53.21,7,47.53,52.25,49.85,13.05,3.01,32.99,26.69,9.07
"2221","TRINITY_DN27573_c0_g1",2.01952670931844,2.12488734209921,4.07667494126473,0.00157141848071735,0.0164684230053182,-1.13637437276632,92.98,13.2,62.45,76.25,41.28,296.04,375.58,387.77,118.76,177.66
"2222","TRINITY_DN27590_c0_g1",-2.31855325130491,-0.641893156961196,-4.94332331651143,0.000352092544766823,0.00638315045633053,0.354602612066313,49.33,10,33,29.37,80.21,11.04,4,6,15,3
"2223","TRINITY_DN27600_c0_g1",1.03997629892603,0.611522515942781,4.40032181278264,0.000888919877710876,0.0113759636495111,-0.415477028447051,45.86,9.78,30.3,32.1,21.52,65.9,54.45,60.46,75.28,39.31
"2224","TRINITY_DN27628_c0_g1",-1.85558782641389,-1.34057428070876,-3.22477409167063,0.00739044858316922,0.0450704671306653,-2.24373903176786,26.16,7,27.18,10.82,24.23,12.26,7,5.08,1.21,4.58
"2225","TRINITY_DN27642_c0_g3",-1.04186160938438,0.465910974023788,-3.46600545096192,0.00474176420973184,0.0340978881869179,-2.0032354593629,57.44,40.4,37.74,43.11,63.07,34.29,19.01,19.61,29.12,18.23
"2226","TRINITY_DN27646_c0_g1",2.77210022529597,-0.132556087157088,5.63866936801197,0.000114100266511211,0.00320464421370314,1.37790855284835,9,1,12,18,11,61,31,53,135,76
"2227","TRINITY_DN27651_c0_g1",-1.09624564282809,1.5481482822567,-4.32655562471376,0.00101106577076007,0.0123699800302938,-0.648897591781874,113,59,88,152,107,38,58,49,76,43
"2228","TRINITY_DN27653_c4_g1",-1.19956230916828,-0.60801434121282,-4.20962470441723,0.00124166264662862,0.014182424177585,-0.677154414606932,36.5,9,24.57,29,28.1,14.05,8.3,13.64,13.36,5.06
"2229","TRINITY_DN27662_c0_g2",1.11104129352025,-0.610857975871338,3.3895884383159,0.00545576260929738,0.0373690992344864,-2.00757720777635,9.35,4.24,21.54,8.81,17.81,24.66,22.18,19.51,30.23,25.98
"2230","TRINITY_DN27670_c0_g1",-1.38500188033631,-0.0656382056001933,-4.92777407499776,0.000361355936408992,0.00649767220774095,0.453145523964452,57,16,51,27,45,10,13,13,29,13
"2231","TRINITY_DN27701_c0_g1",-2.06243311385939,-1.23881912244883,-3.61986824383822,0.00357921009427526,0.0281590491439574,-1.65086695176734,54.25,7,17.11,14.05,27.04,3.03,8.03,7.05,3.01,5.05
"2232","TRINITY_DN27716_c0_g1",-1.90082464329896,-0.402253481364316,-6.96309782872961,1.60608331609273e-05,0.00104172723321527,3.05488863465303,58.29,13,41.11,28.1,45.08,9.04,10.08,8.06,12.06,8.07
"2233","TRINITY_DN27730_c0_g1",-1.40104686974727,0.72480047690499,-5.54220427001589,0.000132865637977044,0.00350007995469561,1.38992093318604,118,21,54,68,86,28,19,30,35,21
"2234","TRINITY_DN27731_c0_g1",1.09929525469415,0.444317737005759,3.9970875387684,0.00181105791885659,0.0180631892058725,-1.07940839170502,21.49,15,24.97,25.01,27.01,44,61.02,41,50.01,61.01
"2235","TRINITY_DN27732_c1_g1",-1.85821787548755,0.193588189431751,-6.36845401833645,3.76104704518125e-05,0.00168776986152509,2.52059629957146,88.69,19,76.6,40.54,53.09,9.96,17.33,19.32,18.31,12.11
"2236","TRINITY_DN27732_c4_g1",-1.64571545989156,-1.80134313241741,-3.22022321681196,0.00745276229031673,0.0452990615122037,-2.30065942948907,14,7,15.71,9.77,18.82,2,4,1,7.83,5.31
"2237","TRINITY_DN27746_c0_g1",-1.05871596810424,0.146134852423844,-3.29386763377388,0.00650651802656618,0.0415905253731272,-2.26311172865502,68.57,13,57.57,21.18,54.92,23.33,9.33,26.1,25.6,17.58
"2238","TRINITY_DN27747_c0_g1",-1.67229554488161,1.01661480097474,-6.00668340583907,6.45991623576321e-05,0.00230778390035024,2.07316707528869,126.08,36,70.78,83.38,127.69,25.42,33.86,38.48,21.88,29.71
"2239","TRINITY_DN27752_c0_g1",1.61127191648661,0.202043692372953,4.22214425842836,0.00121455402193375,0.013970991383451,-0.673510581136601,26.94,3.84,17.72,16.51,22.57,25.77,43.31,71.67,79.13,75.77
"2240","TRINITY_DN27788_c0_g1",-1.28799184216545,1.52135552269759,-5.14442789967023,0.000252405444040047,0.00521429620561554,0.722584890662782,150.83,35.88,154.89,71.74,156.05,69.71,35.35,61.48,42.94,43.65
"2241","TRINITY_DN27792_c0_g1",-1.14365436827775,-0.530508463016026,-3.34090844397433,0.00596668393504152,0.0395312016760669,-2.0974514838956,44.66,11.3,31.64,22.8,23.16,21.3,7.41,8.56,19.92,5.45
"2242","TRINITY_DN27820_c0_g1",2.51315057095465,-1.44199458026832,3.98696117902889,0.0018441502619901,0.0182957246750264,-1.22276107140658,2,3,8,12,3,15,21,20.79,24,24
"2243","TRINITY_DN27848_c0_g1",-1.94197232419174,-0.127182449863595,-7.41483385240972,8.67412482746572e-06,0.000741116597352221,3.68271424948483,59.01,18,50.48,39.29,54.93,9.41,14.22,7.25,19.43,9.56
"2244","TRINITY_DN27850_c0_g1",-1.14110880955212,1.83822538609093,-6.47870645931976,3.20077362248751e-05,0.00153329223926578,2.72741307021803,160.13,65,133.73,110.46,164.61,76.35,67.85,50.63,67.57,57.44
"2245","TRINITY_DN27855_c0_g1",-1.19812643669729,2.02305868252353,-4.01636532973294,0.00174974410620206,0.0176454677559635,-1.26415460659412,277.79,53,104.35,126.79,244.9,71.14,78.11,67.64,97.53,52.96
"2246","TRINITY_DN27860_c0_g1",2.15506290010641,1.15268995932388,3.8124165102837,0.0025237989493227,0.0224984485517632,-1.45874956429186,13,23,110,18,20,111,75,277,131,82
"2247","TRINITY_DN27860_c0_g2",1.52624358080167,1.82420550900071,6.20857962148098,4.76609965105929e-05,0.00194028656670958,2.34399973160269,57.51,13,50.81,54.68,102.14,173.1,207.57,127.98,200.15,141.77
"2248","TRINITY_DN27878_c0_g1",-3.12679101260074,-2.29711761853118,-5.35400574631268,0.000179498562220325,0.00424661962451364,-0.208199824776139,20,5,17,13,23,0,1,2,4,1
"2249","TRINITY_DN27883_c0_g5",-2.27605230616379,-1.14300805121704,-3.89822582643701,0.00216223810582709,0.020312472015611,-1.22835533033333,36,2,52,31,23,5,12,3,5,5
"2250","TRINITY_DN27883_c1_g1",-1.42600202118734,1.71788261801586,-6.00440986486638,6.48228292166225e-05,0.00231208885830736,2.04396013011425,227.19,43,152.2,96.44,166.62,75.05,41.97,59.95,65.91,34.6
"2251","TRINITY_DN27888_c5_g1",-1.7252856650114,-1.65533554885984,-3.33637897646702,0.00601662630226789,0.0397214413463528,-2.1101767547037,25.78,4,12.14,10.15,28.58,7.36,2.08,2.08,5.48,4.14
"2252","TRINITY_DN27901_c1_g1",3.56010897516964,-2.48048702691951,5.26551768001334,0.000207127979907072,0.00462224015298226,-0.266389538111671,2.24,0,0,3.3,1.38,23.04,16.02,10.63,15.03,14.2
"2253","TRINITY_DN2791_c0_g2",-1.52847774199206,5.74599448318498,-5.13520100421415,0.000256258161499042,0.0052639484219038,0.146373718443334,2160.85,1501.9,1946.78,1914.5,3539.69,761.91,504.58,547.18,1711.19,1129.11
"2254","TRINITY_DN27929_c0_g1",1.81408883446575,-1.30021890596476,3.30500814361178,0.00637435682744594,0.0411031521910121,-2.13005747171532,8.03,0,15.52,6,6,17.99,8,22.28,30.29,31.06
"2255","TRINITY_DN27960_c1_g2",-1.5069235306658,1.38385884595418,-5.75403608097526,9.526878099145e-05,0.00290932576095947,1.68883441153823,135.82,56.96,105.13,119.44,103.44,29.21,51.27,33.78,34.13,59.08
"2256","TRINITY_DN27974_c0_g1",-2.90590926364787,1.42149750156877,-7.48489422101183,7.90152766707472e-06,0.000704045498393261,4.05330080434222,300.65,71,268.59,91.21,221.74,33.61,14.29,34.76,27.53,20.44
"2257","TRINITY_DN2798_c4_g1",-1.05907505511789,2.58299741399718,-3.86220202756134,0.00230704930364813,0.0211932897042696,-1.63969097556164,210.33,72.75,226.99,324.52,249.99,207.72,47.01,118.41,155.45,91.46
"2258","TRINITY_DN27985_c2_g1",-1.09975310281793,0.101711713710935,-3.88391012817479,0.00221863018537373,0.0206350318852925,-1.24503642083435,53.55,20.77,53.43,31.04,36.09,12.8,17,14.98,36,16
"2259","TRINITY_DN27987_c0_g1",1.92811595569532,-1.27926734544552,3.46825855829863,0.00472221971858222,0.0339806110223768,-1.88624226337443,21,1,7,3,5,17,9,29,30,24
"2260","TRINITY_DN27987_c0_g2",1.3061348772985,0.28878593302355,3.84760235632583,0.00236854933571937,0.021587185886642,-1.31074505793753,32.88,2,20.28,20.63,34.17,49.39,71.34,42.68,91.68,32.61
"2261","TRINITY_DN28018_c0_g2",1.25763392655721,-0.444494926912807,3.52312582239269,0.00427079278149202,0.0317609346876673,-1.79926984239179,19,10,16,6,13,22.07,28,33.59,24.39,32.33
"2262","TRINITY_DN28019_c0_g1",-2.23852163038462,0.519928304559383,-3.63125624695131,0.00350570949637175,0.0278507993829935,-1.69651316350854,56.02,64,93,174.66,38.97,11.62,25.97,21.53,10.23,16
"2263","TRINITY_DN28034_c0_g1",-1.48496295138357,1.36452489400731,-3.15519236229997,0.00840338440664462,0.0490025060800425,-2.686504541179,152.76,22,113.45,161.26,108.42,16.63,32.18,86.33,25.11,109.27
"2264","TRINITY_DN28043_c0_g1",1.64042419555452,-1.26999015839675,3.82181538102916,0.00248133073645865,0.0222602368610851,-1.34451650604242,7.4,2,9.49,8.61,5.34,15.15,22.58,15.05,29.15,11.75
"2265","TRINITY_DN28055_c0_g1",1.18977424622406,1.13399201772011,4.7671402376417,0.000473465371050056,0.00766733273842089,0.146939614609328,36.63,18.16,32.97,35.67,56.91,62.66,72.24,110.29,100.41,102.02
"2266","TRINITY_DN28072_c0_g1",1.23016659547478,0.74787430125322,4.14677837506823,0.00138754554163507,0.0151892957694387,-0.851510835845813,23.76,8.29,36.36,31.38,42.27,63.43,46.49,76.26,65.09,108.92
"2267","TRINITY_DN28090_c0_g1",-3.78102303063279,-1.59888430584727,-5.46887592683925,0.000149299962985287,0.00376900004677658,-0.0164061832960574,51.94,15,36.29,20.16,33.43,3.67,1.46,2.19,4.01,0
"2268","TRINITY_DN28113_c0_g2",-1.88453614790239,0.147552324588194,-5.4141194622369,0.000162964897256747,0.00396639987221507,1.1869679943521,64.13,21,47.74,43.05,98.79,30.63,5.12,13.35,17.3,12.17
"2269","TRINITY_DN28126_c0_g1",-1.364328287964,1.1200259747822,-5.32907023891917,0.000186867575866749,0.00434449146629684,1.04836551640333,120,21,126,91,88,28,31,34,35,59
"2270","TRINITY_DN28128_c0_g2",-1.42502374180236,-0.851388922852822,-3.45368766208221,0.00485008011665172,0.0346143646849798,-1.88321612082811,22.07,9.87,35.95,14.23,36.22,15.34,10.08,7.09,6.67,4.44
"2271","TRINITY_DN28128_c0_g5",-1.80164998675131,-0.396867845729995,-5.51256848400301,0.00013926504470951,0.00359353864635305,1.25749243588875,43.19,9,37.16,42.17,58,10,4.01,8.04,21,11
"2272","TRINITY_DN28152_c0_g1",1.56856370989289,-1.34635719037722,3.79701819082323,0.00259499794840904,0.0228679796372715,-1.39323394175856,9,2,8,3,11,21,13,21,15,15
"2273","TRINITY_DN28167_c0_g1",1.47452624891266,1.73778528174961,4.05071375755217,0.00164575849609661,0.0169738258922621,-1.14322338680336,53.38,17,57.1,52.67,69,340.69,145.15,141.23,105,108.94
"2274","TRINITY_DN28171_c0_g1",-4.18351564259311,-1.70290238097345,-5.84660302567265,8.25434646855753e-05,0.00267335574646682,0.275790368231332,54.88,17,38.05,29.75,25.93,1.1,2.21,1.2,0,1.3
"2275","TRINITY_DN28177_c0_g1",1.16352612809736,-0.0471029200132196,3.63942033908844,0.00345396898486681,0.0276120762399736,-1.63861154135585,22.75,7,11.61,17.91,24.81,47,40.54,34.3,27.41,40.55
"2276","TRINITY_DN28188_c0_g1",1.12069925033003,0.174519547471772,3.35217197318047,0.00584430613021643,0.0390007797393931,-2.15779832180692,13.71,16,22.63,24.48,20.43,48.87,30.78,34.58,38.13,58.7
"2277","TRINITY_DN28192_c0_g3",-2.12660162776396,-0.1212661057553,-5.89365625976876,7.6776901363696e-05,0.00257124378319225,1.81693044226908,72.97,15,68.9,25.85,75.99,9.66,8.98,11.6,17.17,7.82
"2278","TRINITY_DN28197_c0_g1",-1.76911335349765,-0.233545066695263,-5.2756232671373,0.00020375754397878,0.00458133548108795,0.950688204028147,57.01,23,45.99,25,46,17,5,16.02,13,7
"2279","TRINITY_DN28214_c0_g1",-3.47697977655008,-1.48968443046236,-3.97535592304825,0.00188284470830854,0.0185307451464195,-1.46396880497433,16.44,15,33.74,41.14,52.58,1.09,1.74,1.26,4.3,2.22
"2280","TRINITY_DN28255_c0_g2",-1.4273796962146,0.386293717097515,-4.0303215126414,0.00170669751804544,0.0173351241941132,-1.01882104673064,67.83,25,88,24.5,77.58,15.78,15.01,25.21,32.2,15.06
"2281","TRINITY_DN28255_c2_g1",-1.59686507439107,0.761051714713245,-3.47445760351728,0.00466886872332518,0.0337303505239129,-2.01805002074986,150.02,48,36,64.11,90,18,32,15,42,22.08
"2282","TRINITY_DN2827_c0_g1",-1.76249278212604,4.993025312242,-5.38360845851271,0.000171146072134728,0.00410723966660521,0.65363522714296,1549.64,494.14,1541.19,1770.31,2071.41,754.87,187.21,262.27,817.84,712.83
"2283","TRINITY_DN28277_c0_g1",-1.84230567871635,-1.01540856245721,-4.71591381245878,0.000516453755591881,0.00808979870631341,-0.0336075885669214,35.48,13,22.6,18.37,30.41,9.31,3.06,7.11,10.19,2.06
"2284","TRINITY_DN28290_c0_g1",-2.0088205225795,1.26952261933142,-4.64229028394987,0.00058552194883459,0.00875650238086925,-0.0627827508086796,172,47,200,50,186,28.76,13.85,34,70,27
"2285","TRINITY_DN28398_c0_g1",-1.07565497818243,-0.218774511120178,-3.14252617867098,0.00860230302370545,0.049763444548226,-2.4740503374337,25.18,14,55.76,23.39,45.83,10.89,9.71,19.5,25.73,11.29
"2286","TRINITY_DN28401_c0_g1",-1.13041359890574,3.01533876645887,-4.62267328400239,0.000605508770809398,0.00896832707602272,-0.363802037415514,336.36,171,357.65,225.48,350.69,223.52,105.76,187.8,206.29,67.22
"2287","TRINITY_DN28401_c5_g1",-2.21603545625422,-0.90449844734784,-3.17540482935991,0.00809550274901235,0.0478400903192664,-2.31626606797332,36.61,4,63.61,14,74,7,1,12,12.64,4
"2288","TRINITY_DN2843_c0_g1",2.10079657908759,2.87207884116511,10.1455701800973,3.3847782800063e-07,0.000140270663915321,7.14794928173068,91.2,59.44,118.19,68.11,89,375.67,280,381,522.96,479.01
"2289","TRINITY_DN28430_c0_g1",-1.28690169331725,0.854825046753138,-3.55236718594718,0.00404844078405515,0.0306690125792955,-1.90170289068671,91,39,126,47,55,49,20,38,19,31
"2290","TRINITY_DN28433_c0_g1",1.94733067861634,-1.27772127204867,4.01221071283674,0.00176277422572607,0.0177337166480508,-1.09958490735675,5,1,8,9,7,20,32,14,20,19
"2291","TRINITY_DN28439_c2_g1",1.99155144616539,-0.873826641904241,3.26369979921013,0.00687850094720331,0.0430498931929333,-2.17851805957221,8,2,18.02,11.18,4,41.63,8,26,40.04,37.99
"2292","TRINITY_DN28455_c0_g1",2.10178206563508,0.748246261890999,5.95185925050825,7.0228146504062e-05,0.00244306906497624,1.98661704138974,15,15,46,11,27,83,61,115.33,98.19,99.72
"2293","TRINITY_DN28455_c1_g2",-1.6051277727809,0.637105523735518,-3.80549286007131,0.00255556072473307,0.0226595008085608,-1.42629192135096,46,27,105.03,56,131,20,21.06,16,64,12
"2294","TRINITY_DN28456_c0_g1",-1.14198499149291,1.11333259738507,-3.27087827939265,0.0067880804634486,0.0426522837831958,-2.44177855039458,96,36,156,41,96,41,18,31,73,41
"2295","TRINITY_DN28457_c0_g1",-2.55525630792683,-1.98384397434729,-4.11739443474763,0.00146174284976888,0.0156946091962318,-1.34616991166861,18.05,7,14,20,19.01,2,0,4.01,3.01,5.02
"2296","TRINITY_DN28464_c0_g1",-2.74810253167685,-1.13630656482431,-3.70453259381467,0.00306832030627263,0.0255374905339968,-1.56942155467708,22.2,10.29,44.22,27.3,55.62,9.41,2.8,0,12.22,5.63
"2297","TRINITY_DN28484_c3_g1",-1.37950672741729,-0.968680267463145,-4.20866190437161,0.00124377322984924,0.0142012776251352,-0.706866466810417,30.01,8,17.58,20.66,27.41,9,9,8,6.4,6
"2298","TRINITY_DN28490_c0_g1",-1.19287341577449,4.21769011232586,-7.59314579395499,6.84881303885206e-06,0.000655483283421238,4.06164495395126,706.99,299,1010.99,593.2,868.67,375.56,212.07,380.98,490.03,269.91
"2299","TRINITY_DN28490_c2_g3",-1.44147429012184,-0.0724216212193698,-3.98214342379007,0.00186011303807675,0.0184067724158916,-1.06239870699253,74.56,14.43,38.61,39.05,37.38,15.02,14.93,23.36,21.68,4.32
"2300","TRINITY_DN28490_c2_g4",-2.16415150253688,-1.41025777270406,-4.49787680343793,0.000750527853940318,0.0102659539344204,-0.485915217664074,36.34,4,22.02,23.07,20.19,3,5.01,9,4,2.06
"2301","TRINITY_DN285_c2_g1",-1.07244307501392,1.56742503471165,-4.49075880025422,0.000759821590923336,0.0103479187464345,-0.370379169158175,139.52,47.16,119.39,125.45,94.99,38.39,35.2,59.95,109.75,44.82
"2302","TRINITY_DN28525_c0_g1",3.24936757896333,-1.51206024762478,4.47213246637676,0.000784713622149327,0.0105366936842156,-0.844584595869574,9.33,0,2.02,0,14.26,20.03,20.22,32.15,49.55,27.7
"2303","TRINITY_DN28526_c0_g1",1.34065498054514,-0.329024764288497,4.20160425208057,0.00125935861511045,0.0143077968290414,-0.689829922989282,17,6,13.21,7,26,38.38,24.64,41.62,34.59,25
"2304","TRINITY_DN2853_c1_g1",-1.49070725594471,-1.25263263900654,-3.79292815834332,0.00261425443081164,0.0229655687286609,-1.37664745721769,24,9,22,18.01,15,9,6,7,6,3
"2305","TRINITY_DN28537_c0_g1",-2.39087321488198,-0.562997151930991,-5.49817688179238,0.000142489341674305,0.00364842103863622,1.13877134563161,54.94,6,46.31,42.93,65.25,11.99,4.61,3.68,10.67,9.44
"2306","TRINITY_DN2855_c1_g1",-1.00969115369911,1.54582567298058,-5.53757627586289,0.00013384416561393,0.00351237124450869,1.34130783270113,131.38,36.61,137.64,90.92,116.52,47.17,49.5,51.16,96.15,39.98
"2307","TRINITY_DN28552_c1_g1",-2.21014120939694,-0.88815805883706,-4.0455854112207,0.00166086881200275,0.017072636491351,-0.98213957710455,40.78,14,31.71,21.01,36,1,2,8,8.84,27.04
"2308","TRINITY_DN28554_c0_g1",-2.4031986360449,1.01981201014354,-5.35045654612509,0.000180528458139368,0.00426281882722358,1.09486988249484,206.01,23,136.24,159.75,93.86,52.89,21.11,19.55,10.89,31.32
"2309","TRINITY_DN28559_c0_g1",1.47987509000665,1.14240144068369,5.4881835023903,0.000144774559527184,0.00368180319474509,1.29703927864558,32.24,21,23.26,52.1,39.3,90.13,88.02,106.98,135.17,67.19
"2310","TRINITY_DN2857_c0_g1",1.3255385213269,4.94241191836806,16.8226871047262,1.22239875103422e-09,6.82046062288481e-06,12.6803647774606,549,213,540.51,493.77,529.92,1400.12,1253.32,1291.49,1419.7,1154.01
"2311","TRINITY_DN28575_c0_g4",-1.57124071620403,-1.2912421915361,-4.08682962268688,0.00154329372419723,0.016289795022518,-0.960810034894972,19.01,10,24,12,25,5.75,3,5,7,6
"2312","TRINITY_DN28576_c0_g1",-1.28013346995002,-1.35610039441841,-3.38596807098851,0.00549218279020539,0.0375186749562565,-1.99077265417743,20,4,20,15,18,7,11,6,5,4
"2313","TRINITY_DN28612_c1_g1",-1.72055972457743,-1.03246109246194,-4.31447996816363,0.00103266797948723,0.0125527411857815,-0.587762837024286,26.72,8,28.12,28.1,25.47,10.66,1.11,4.18,15.79,5.28
"2314","TRINITY_DN28626_c0_g1",1.64678548012968,-1.0933360028392,3.27755547083653,0.00670505384500541,0.0423337080594472,-2.15616668292192,10,5,5,12,7,25,8,36,18,19
"2315","TRINITY_DN28667_c0_g1",-1.15373391519307,1.74106921382124,-4.30118142867335,0.00105701387339905,0.0127726991496369,-0.720210940769847,164.98,49,139.05,78.61,201.19,74.58,27.81,67.72,91.71,54.42
"2316","TRINITY_DN28670_c0_g1",1.34215071304878,-1.2618115126603,3.22274632623055,0.00741814889250162,0.0451687070125422,-2.24134933571442,10,5,7,4,12,14,7,17,27,18
"2317","TRINITY_DN28676_c0_g1",1.66105741340142,-0.867965244289591,3.27619231557587,0.00672191993008574,0.0423968449277768,-2.16589059204254,4.96,7.18,4.02,10.95,25.8,21.52,23.44,21.11,31.16,17.46
"2318","TRINITY_DN28676_c0_g2",-1.64515841415349,0.574920293905502,-4.53582307625151,0.000702944593348884,0.00988058792399429,-0.187017391856596,45.86,25,112.33,52.83,116.32,27.27,18.5,15.19,35.45,15.12
"2319","TRINITY_DN28687_c0_g2",2.87237358686232,-1.12575760515057,5.37441654170704,0.000173694828381565,0.00414345423211184,0.537850485957579,4.13,1,4.42,8.58,6.19,36.79,34.17,16.86,42.47,31.76
"2320","TRINITY_DN287_c3_g1",1.8621035110869,0.0324670506034517,5.16097747549639,0.000245646986271883,0.00512266467690517,0.799256568184228,22.47,2,15.97,18.81,13.4,94.02,56.97,49.42,45.35,36.34
"2321","TRINITY_DN28710_c0_g1",1.82852385851605,0.587157060571521,6.63318768766394,2.56028250704609e-05,0.00135237232031721,2.90400883758309,22,7,43,18,18,94,60,68,77,86
"2322","TRINITY_DN28712_c0_g1",-4.23506409657257,-1.13315160497597,-5.96208745956918,6.91397955529829e-05,0.00242494019906039,0.614607759593413,90.38,15,56.64,30.9,58.54,2.07,3.03,2.04,1.03,3.37
"2323","TRINITY_DN28715_c0_g1",-1.49805092621769,-0.817311121834627,-3.16906426165922,0.008190840505305,0.0482051105148278,-2.34102284765007,45,15,32,11,27,16,4,8,11,4
"2324","TRINITY_DN28727_c0_g1",1.05623070454822,0.313932174518972,3.24676828844951,0.00709662605725895,0.0439697437069662,-2.35667038325902,24.08,7.01,50.01,25.11,14.35,44.76,29.75,56.65,58.89,51.04
"2325","TRINITY_DN28739_c1_g1",-1.075077666685,0.57273242186271,-3.60658086900428,0.00366696630463212,0.0286218980379755,-1.77266059861085,69.54,26,70.53,29.58,78.27,30.29,12.58,34.51,29.32,28.74
"2326","TRINITY_DN28779_c0_g1",-1.91577152652031,1.46951682639023,-9.63266248809584,5.88696120773416e-07,0.000179774449596078,6.4606870913276,188.2,50.16,144.12,110.71,160.84,36.56,30.31,36.21,35.96,49.12
"2327","TRINITY_DN28781_c0_g1",1.05762962610667,1.04981574566417,5.42217522994772,0.000160874398733694,0.00394704017281214,1.19719357191303,35.69,16,50.67,38.34,37.28,88.59,77.42,87.12,81.38,63.59
"2328","TRINITY_DN28781_c1_g1",2.20913905700193,0.597680942148453,3.50560416823467,0.00440996059477855,0.0324715295500103,-1.90923447980066,31.84,4,56.08,30.4,5.18,56.44,116.28,111.5,67.11,124.37
"2329","TRINITY_DN28783_c0_g1",-1.32584341184481,1.20303690475726,-5.49155496177914,0.000143999302994745,0.00367264513266832,1.29687181619168,123.1,50.74,77.55,82.41,107.81,56.57,27.37,30.74,56.78,24.07
"2330","TRINITY_DN28786_c0_g1",-2.97495107812971,-1.05062805479593,-4.13049178821741,0.00142817565807373,0.0154632632885739,-0.961705036055849,49,5,79,49.01,23.35,7,2,5,5,3
"2331","TRINITY_DN28788_c0_g1",-1.60305590225912,-0.323899509788052,-4.62593361775457,0.000602138202065845,0.00892850676394662,-0.0208479164917401,47.35,12,53.43,34.37,30.99,20.5,4.14,10.15,10.09,17.61
"2332","TRINITY_DN288_c3_g1",1.27905458925722,1.34711986688572,5.84010789792523,8.33748055155499e-05,0.00268977402872214,1.81971814729176,35.17,22,59.52,45.2,40.33,140.41,81.76,95.48,116.72,95.11
"2333","TRINITY_DN28802_c1_g1",1.3233037575178,-0.325343688367309,3.25345462980503,0.00700966384237784,0.043575226310193,-2.26007304863338,8,6,19,12.99,23,36,39,34.99,21.99,32
"2334","TRINITY_DN28818_c0_g1",-2.58725248261745,-1.25109479997358,-4.74215779715963,0.000493942016104053,0.00787704845309738,-0.243703113627656,32.72,15,21.76,20.73,45.31,5,1,4,11,1.45
"2335","TRINITY_DN2882_c0_g1",1.01622979304326,4.38643867227882,6.09284685822299,5.66979183760062e-05,0.00213306132599201,1.86171935571597,443.91,147,539.96,324.18,351.41,766.02,511.99,875.13,1236.84,768.57
"2336","TRINITY_DN28821_c0_g2",-1.03422577284751,-0.740082764081795,-3.80478866003773,0.00255881414350402,0.0226720699860936,-1.32321106569357,24.08,8.04,24.4,26.58,24.88,10.34,4.84,12.43,13.07,10.61
"2337","TRINITY_DN28825_c1_g1",1.50789317867085,-1.60485584730276,3.20938815925511,0.00760326695263781,0.0458886255294184,-2.27795723557715,9.64,5,4.27,5,4.64,14.7,14.96,14.88,14.02,6.69
"2338","TRINITY_DN28831_c0_g1",1.15983970837761,-0.164892766199711,3.66729224242356,0.00328314578072502,0.0266817169871293,-1.58117486031447,15.96,6.02,31.05,12.34,14.13,39.23,28.21,24.22,37.51,45.4
"2339","TRINITY_DN28832_c3_g1",3.5094665862594,-2.20768904856074,4.39591182342285,0.000895771603351723,0.0114257601660323,-1.09188352328607,1.16,1,3.07,2,0.55,17,23,30,19,9.11
"2340","TRINITY_DN28890_c0_g1",-2.15783894162566,-1.12066394791933,-4.58704552551095,0.000643652304537014,0.00932306884835832,-0.290062898108439,33.38,11,25.41,18.1,41.25,4.05,1.01,6.13,16.75,3.07
"2341","TRINITY_DN28899_c0_g1",3.49610768715566,0.229014249527313,4.11164293485421,0.00147674057568153,0.0158158448083915,-0.832640283749693,8.32,3.81,14.78,7.49,12.83,274.45,83.43,191.64,58.12,46.38
"2342","TRINITY_DN28919_c0_g2",1.05465854518277,-0.677061364375472,3.38382299540216,0.00551387824796639,0.037589742731303,-2.00823710802201,23.83,1,12.72,8.25,16.67,22.29,17.19,23.56,30.86,29
"2343","TRINITY_DN28923_c0_g2",-1.47661674739727,0.0301469126189051,-3.56756784068007,0.00393756029489268,0.0301296965637155,-1.7702539637883,50,25,46,20,84,13,7,20,16,23
"2344","TRINITY_DN2894_c0_g2",1.1317741578785,-0.178150175405827,3.42960105938645,0.00506922045556033,0.0356021638637329,-1.97894661194382,16.54,1.29,25.39,24.32,16.37,34.02,22.1,28.99,63.13,39.3
"2345","TRINITY_DN28947_c0_g1",2.5116873904692,-1.93342242872264,3.59554283535124,0.00374153889118047,0.0290241888759562,-1.90630856479225,5.91,0,6.24,7.31,0,12.62,17.46,11.88,28.12,11.21
"2346","TRINITY_DN28971_c2_g1",1.17132959821237,-0.222428225015097,3.46238415429088,0.00477334978967751,0.0342527371078451,-1.9233302027829,10.33,9,20.56,17.51,17.43,32.75,44.51,25.35,34.57,25.46
"2347","TRINITY_DN28980_c0_g1",3.15505907022511,-1.21854134283793,4.129814840578,0.00142989088365948,0.0154709834035756,-1.06220921307467,18,2,2,7,1,25,50,23,44,25
"2348","TRINITY_DN29011_c0_g1",1.18872405771108,-0.819472203874151,3.22671904716926,0.00736397764876298,0.0449941511830414,-2.25118592620982,9,1,18,9,17,18,18,20,28,32
"2349","TRINITY_DN29023_c0_g1",2.01104864377769,-2.05201103405092,3.45019338535632,0.00488126319633948,0.0347564274251554,-2.07879220360855,2.21,0,11.14,3.12,4.11,10.93,12,10.88,12.02,15.25
"2350","TRINITY_DN2904_c1_g1",1.58358312115521,1.10589271522117,3.14214665313368,0.00860833595758596,0.0497843522252522,-2.64800723975606,60,12,11,47,52,113,154,103,57,103
"2351","TRINITY_DN2906_c0_g1",-1.12590283070835,3.15030048591404,-6.11471820255765,5.48599982558285e-05,0.00209338444502974,2.05861377009391,400.97,173,297.84,298.96,406.93,177.93,111.2,179.99,266.85,107.65
"2352","TRINITY_DN29065_c0_g1",-3.50802722745883,-2.30130636374139,-4.91729619607859,0.000367742036735373,0.00656851805548332,-0.586868843992951,14.78,7,15.14,22.28,31.79,1.15,0,1.07,1.1,2.17
"2353","TRINITY_DN29094_c0_g1",-1.0849498228186,0.464580891307901,-4.12197590891775,0.00144990902566007,0.0156164281382274,-0.874248734881323,52,24,76,46,52,21,11,30,38,26
"2354","TRINITY_DN291_c1_g1",-1.92637010144143,3.45250862048657,-8.21819641746135,3.08070037738751e-06,0.000429406516710889,4.96241061468184,628.63,260,707.93,371.91,649.9,274.84,92,180,165.83,100
"2355","TRINITY_DN29103_c1_g1",-1.66966920783495,-0.0183788209675976,-3.56914663001498,0.00392622316177661,0.0300752298465925,-1.75519350362035,43.01,29,35,34.97,85.01,6,8,10,41,18
"2356","TRINITY_DN29103_c1_g2",1.06934622534108,1.22519936346413,5.68516929901993,0.000106075383965862,0.00309137411703499,1.5911859189076,58.17,14,44.59,38.69,48.11,125.3,80.2,85.9,113.04,63.01
"2357","TRINITY_DN2911_c0_g1",2.43927888872657,7.30578518505767,13.5920947978695,1.36475949879103e-08,2.28450482875085e-05,10.2803441742524,1550.06,796,2227.78,2383.18,1414.85,7797.29,10846.07,12616.59,10723.28,9172.69
"2358","TRINITY_DN2913_c0_g1",1.44526971586031,1.36491667493909,6.67692370618912,2.40483254469958e-05,0.0013110793777459,3.01637713234212,65.22,9,36.93,44.56,51.9,120.6,104.27,145.33,113.79,109.35
"2359","TRINITY_DN2914_c0_g1",-1.10433845095896,0.656862969112556,-4.02101523184894,0.00173527860575981,0.0175282158266738,-1.06453791558679,84.18,38.8,52.67,37.62,71.11,31.27,16.36,28.03,34.3,26
"2360","TRINITY_DN29143_c2_g1",-1.42235306001056,0.661142399860849,-4.84704561002518,0.000413734359976396,0.00707092977022488,0.311451782402366,117.11,28,46.81,53.51,86.34,32.35,16.48,24.45,30.61,20.41
"2361","TRINITY_DN29150_c0_g1",1.42160238688977,0.118911214227674,4.33282746777039,0.00100003195128826,0.0122872746286743,-0.491206894019632,19,8,34,13.85,14,35,41,37.7,55,67
"2362","TRINITY_DN29197_c0_g1",-2.07356317628484,-1.4296036454826,-4.84416912904951,0.000415741497147149,0.00708953492566754,-0.0641152776026983,22,8,19,19,26,2,8,3,6,4
"2363","TRINITY_DN29201_c0_g1",1.95346036737952,-0.0565539685181401,3.30807576306231,0.00633844500066544,0.0409742778372162,-2.18405457063957,46.66,8,7.1,22.58,5.74,35.77,26.56,43.45,64.57,83.28
"2364","TRINITY_DN29206_c1_g1",-2.17448559806449,-1.49484141459031,-3.17319307033371,0.00812863141596958,0.0479945240651453,-2.34502567326543,29,4,40.22,12.01,24.04,12,0,6.25,5,6.01
"2365","TRINITY_DN29206_c2_g1",-1.49808090760656,0.741115334921433,-4.19961917381386,0.00126377866296457,0.0143424856059967,-0.762915911153762,133.01,42,48.55,62.11,72.66,25.08,18,28.29,48.66,13.01
"2366","TRINITY_DN29208_c0_g1",1.69995677057683,-0.745664706575071,4.93009101719058,0.000359959570977722,0.00648389252880174,0.346779428091984,19.52,1,7.15,10.5,9.91,22.98,25.05,26.74,36.84,31.79
"2367","TRINITY_DN2921_c9_g1",1.16983458486607,0.130032557447757,4.61116557460182,0.000617564000616886,0.0090891555910478,-0.0439466211225987,19.73,12.31,20.89,15.23,22.58,50.81,35.78,31.79,43,47.57
"2368","TRINITY_DN2922_c0_g1",-2.04549891770941,3.11623898011023,-4.86055084285197,0.00040444562236429,0.00696115694690952,0.0569364680635518,483.66,143,395.58,588.74,625.04,109.08,68.61,35.29,352.22,200.26
"2369","TRINITY_DN29222_c0_g1",1.47014594190076,-0.767883011083211,3.29529414580128,0.00648944142102134,0.0415372684632762,-2.14408516583237,13.14,9,8.02,3,22.19,30.84,22.07,21,28.02,17
"2370","TRINITY_DN29236_c0_g1",-3.98145593146178,-1.52948336359162,-5.03421825755457,0.000302703692355406,0.00584611887306551,-0.412010332215463,47.18,17,27.49,35.4,46.07,2.67,0,0,16.52,2.79
"2371","TRINITY_DN29242_c0_g1",-1.52570859306854,-0.133652587139042,-4.27697911485506,0.0011028642530144,0.0131251122287552,-0.574408263088467,63.02,13.52,44.9,33.61,38.22,12.66,34.62,8.09,12.64,10.31
"2372","TRINITY_DN29248_c0_g1",1.22992161584506,-0.850781147592122,3.18036038801091,0.00802176948278862,0.0475424551173615,-2.33062622301558,12,6,8.4,10.36,11.42,20.6,9.37,39.44,25.6,16
"2373","TRINITY_DN29249_c0_g1",-2.15521923184214,-1.39773909494751,-5.07611974899325,0.000282440068983399,0.00558440902324268,0.223844296210435,23.33,5,27.48,24.77,24.15,6.14,1.82,8.07,4.06,3
"2374","TRINITY_DN29259_c1_g1",-1.8789515800653,-0.659789065217899,-3.14628587118648,0.00854276842041912,0.0495491267851433,-2.38592493569249,74,6,19,30,56,28,4,3.49,14,5
"2375","TRINITY_DN29274_c0_g1",1.65154852992432,-0.785831390150832,3.29805308620555,0.00645654312445795,0.0414073556298435,-2.12865929177844,13.55,1,11.41,4.35,18.21,20.06,11.17,48.16,39.93,32.73
"2376","TRINITY_DN29278_c0_g1",-1.76902135973965,1.26689253745006,-6.86900716886169,1.83189862516009e-05,0.00112107112295724,3.27222918908259,165.46,67,95.5,93.28,117.5,37.01,29.36,35.49,48.25,19.58
"2377","TRINITY_DN293_c0_g3",1.46358231122865,5.68656520784935,10.8400786776142,1.65692824385286e-07,9.38642249554369e-05,7.7843026328719,889,326,724,947,886,3046.84,2078,2033,2451.96,2010.98
"2378","TRINITY_DN29316_c0_g1",-1.46778786203732,-1.53109465293042,-3.22470809480739,0.00739134848732923,0.0450704671306653,-2.25350110963022,23,9,19,12,12,4,2,8,6,5
"2379","TRINITY_DN29330_c0_g1",1.68507135937743,-0.846962384847376,3.83929729732509,0.00240428448035267,0.0218098660339087,-1.27214714638843,13,7.78,12,3.05,9,25.04,23.55,27.31,17.62,28
"2380","TRINITY_DN29347_c0_g1",-1.32472963106414,0.708541264646724,-4.84732027428199,0.000413543237989047,0.00706962011609848,0.308068881316406,98,23,83,38,89,38,20,24,25,29
"2381","TRINITY_DN29355_c0_g1",-1.20374258408678,0.186782353098463,-3.35463028296617,0.0058179370033372,0.0388710207836037,-2.16074658836817,61.75,16,49.67,24.56,78.1,13.87,17.03,13.09,47.91,15.15
"2382","TRINITY_DN29356_c0_g1",1.35260648168417,0.275224844997489,5.15269805614989,0.00024900398559097,0.00516997246209522,0.80097445622628,26.02,8,16.06,28.12,18.97,48.19,52.11,39.32,56.05,57.12
"2383","TRINITY_DN2936_c1_g1",1.11423479176087,3.89510743777235,7.84499658876113,4.93713005773255e-06,0.00055206892992052,4.43243520224312,263.7,137.46,243.13,238,320.9,752.32,451.24,578.33,627.93,534.98
"2384","TRINITY_DN29365_c0_g1",-2.03006828493134,-0.474129920741525,-5.16147974152596,0.000245444873875143,0.00512190945320796,0.721693425407442,47.97,21,34.28,42.44,36,10.22,8.05,9.21,17.15,2.02
"2385","TRINITY_DN29368_c0_g1",-3.00202306956441,-1.03295165339344,-3.94543365921205,0.00198652703193297,0.0192470605320868,-1.22690135810052,66.01,10,27.45,24,66.99,5,0,9,4,15
"2386","TRINITY_DN29385_c3_g2",2.48810544833406,-1.47952855936207,3.83062373812435,0.00244219800881564,0.0220372413631957,-1.4548421062715,9.06,5,8.05,0,5.1,15.1,19.21,20.17,26,25.34
"2387","TRINITY_DN29396_c0_g1",-2.0496283603786,0.625852010348485,-4.68779691909543,0.00054176704970911,0.00836744166719313,0.0631796819688262,55,49,100,63.33,125.02,36,14,6.32,27,24.17
"2388","TRINITY_DN29399_c0_g1",-2.21394936157676,-0.750190642193538,-3.4508871983389,0.0048750553801543,0.0347222233435209,-1.88449118384648,46.41,17.27,38.53,20.53,46.85,20.63,0,10.05,11.96,8.02
"2389","TRINITY_DN29409_c1_g1",-1.17498902396031,1.93046056816589,-4.27926176026479,0.00109845293188253,0.0130950703989102,-0.787195704379214,250.56,39,134.27,160.42,151.93,120.56,33.43,60.65,95.75,60.98
"2390","TRINITY_DN2942_c3_g1",1.27181024355899,3.84762759027227,6.11343759604831,5.49658506322195e-05,0.00209508107706067,1.97026362117526,254.83,102.8,405.24,144.72,259.32,559.67,445.31,543.57,912.49,638.02
"2391","TRINITY_DN29420_c0_g1",1.21971970177092,2.02082235848703,4.43854134128419,0.000831776548423191,0.0109651021161476,-0.514751433908111,114.35,16,58.13,53.52,115.69,232.58,136.13,231.72,148.93,141.22
"2392","TRINITY_DN29425_c0_g1",1.15372710299587,0.150173882016773,4.86914747198482,0.000398647048615155,0.00689321141357843,0.363578626346575,20,5,23,17,34,47,44,45,55,32
"2393","TRINITY_DN29444_c0_g1",-1.80053814176999,-0.742914461211619,-5.22795034264476,0.000220181450032162,0.00480415695285721,0.766395912339207,28,15,30,24,41,11,5,11,7,5
"2394","TRINITY_DN29446_c0_g1",1.44722400004098,0.0133945527766026,3.1465138784748,0.0085391713015074,0.0495421168397518,-2.48430105432873,21,11,10,15,24,109,17,43,42,33
"2395","TRINITY_DN29460_c0_g1",1.77773043625003,-0.192202112006215,4.82580965556151,0.000428795074348016,0.00721450633537909,0.286786527534323,10,5,23,23,9,43,43,40,46,35
"2396","TRINITY_DN29487_c0_g1",2.54868526582746,1.53416851866141,7.60786542505784,6.71767009102505e-06,0.000650160960471183,4.21872632476045,21,33,23,36,40,223,210,151,208,122
"2397","TRINITY_DN29500_c1_g2",-1.83463630586589,-1.30131684886847,-3.69205573092096,0.00313864099494915,0.0259374737896306,-1.5580682841092,19.82,14,22.33,11.24,33.48,4.86,3,5.66,8.98,2.12
"2398","TRINITY_DN29501_c0_g2",-2.81441601574264,-1.58817228582035,-3.56313681933892,0.0039695580270142,0.0302706744612553,-1.85781767511515,50,4,14,19,37,5,4,1,1,8
"2399","TRINITY_DN29507_c1_g1",-1.35529122051276,2.97995270990206,-5.68305805094438,0.000106426495975342,0.00309398459203644,1.41079225492944,450.95,111.02,366.26,189.23,501.82,132.6,95.91,130.2,188.28,140.63
"2400","TRINITY_DN29516_c1_g2",-2.77963042029431,-1.93482841615986,-3.90968465496244,0.00211816535148612,0.0200448236204697,-1.59726811796167,19.62,7.01,30.29,12.18,22.75,2.05,0,0.7,9.81,4.12
"2401","TRINITY_DN29519_c0_g1",-1.06184290153547,1.79068126941428,-4.2791082069907,0.00109874910501966,0.0130950703989102,-0.766934716710771,164.99,60,134.77,85.78,168.72,65.78,32.07,55.18,118.79,66.79
"2402","TRINITY_DN2953_c0_g1",1.18793254776924,7.21087963071471,7.38462272620637,9.0318346997777e-06,0.000753645579786315,3.51640519003698,2056.08,1206,2859,3505.89,2345.33,6528,4676,6748,5862.92,6749.96
"2403","TRINITY_DN29540_c0_g1",-4.40891746035838,-2.82170265611746,-6.07225265194855,5.84882969170383e-05,0.00217300563058561,0.386236696133937,16.36,16,15.27,11.81,25,1.98,0,0,0,0
"2404","TRINITY_DN29542_c0_g1",-1.72458549239584,0.584301830757521,-4.44185439663532,0.000827006744914533,0.0109115411292698,-0.34076326563828,118.52,38,93,37.04,65,15,13,23,54,13
"2405","TRINITY_DN2955_c0_g1",1.0819588611141,9.97270451532481,7.20589976337717,1.14972646087718e-05,0.000850119616936378,3.0703434332366,21902.51,9975.38,15255.76,17131.73,15388.41,40576.46,34437.11,39315.26,54361.55,37118
"2406","TRINITY_DN29556_c2_g1",-1.51360458214972,-0.263970184988192,-4.58009161044986,0.00065138552895109,0.0093910234979388,-0.0903212401979285,48.09,16,34.33,41.42,38.01,14.16,5.82,7.18,32.71,9.29
"2407","TRINITY_DN29557_c0_g1",-1.77914322279459,-0.260205157761719,-4.77684017102819,0.00046575620016771,0.0075962794104479,0.209757614310246,49.99,18,51.77,21.16,62.73,14.25,3.11,11.26,19.51,10.23
"2408","TRINITY_DN29569_c1_g1",2.85935247164528,-0.784935294422866,4.48286103955166,0.000770274011649073,0.0104258833124303,-0.415560745241042,9.98,1,8.83,2.3,10.55,28.24,23.25,29.85,96.13,57.25
"2409","TRINITY_DN29595_c0_g1",-1.56390548004817,-0.59724268771634,-4.8283196592282,0.000426985404522015,0.00719767857080651,0.258478565941115,31,13,40,21,37.77,9.66,14,6,13,6
"2410","TRINITY_DN29602_c1_g1",-1.05009428984101,1.23989222034842,-3.3740336302183,0.00561399910398922,0.0379727480198408,-2.28173160994929,142.02,26,109,54,116,54,25,38,101,27
"2411","TRINITY_DN2961_c2_g1",-1.4845437835477,1.58044876587979,-5.95396297610195,7.00028218573821e-05,0.00243797757701615,1.97820297051487,146.04,55,142.86,91.28,179.78,45.1,20.04,56.61,73.05,54.14
"2412","TRINITY_DN29618_c0_g1",3.3353172156261,-1.82599589363849,5.12064525903187,0.000262462213550686,0.00532408566436522,-0.3575516646307,0,0,5,5,4,21,26,26,28,15
"2413","TRINITY_DN29623_c0_g1",1.03514269674656,0.403112366146209,3.25405892173363,0.00700185772780631,0.043548621170083,-2.35497660838649,65,5,26,17,24,69,37,41,75,45
"2414","TRINITY_DN29625_c2_g1",2.71344687841596,-1.46147013733146,3.22498447082415,0.00738758068415446,0.0450703325338369,-2.29227169567215,6,3,4,7.01,2,68,13,13,19,24
"2415","TRINITY_DN29638_c0_g1",1.24052185091314,-0.520108949627565,3.75659088030493,0.00279192025850066,0.024023898010298,-1.40639480318469,10.99,3,15.24,15.98,15.41,45.92,19.11,18.99,37.97,24
"2416","TRINITY_DN29639_c0_g2",-2.48094577976808,-1.67020493751227,-3.30854182202919,0.0063330069314063,0.0409519857577208,-2.19071155610237,22.41,2,23.08,31.17,21.71,0,4.82,14.39,2.92,3.6
"2417","TRINITY_DN2964_c1_g2",-1.24946796781621,0.942926753104978,-3.84178117723699,0.0023935390052236,0.0217411365834873,-1.40713336131726,143.26,32,97.63,44.03,71.01,33.38,19.46,40.15,58.16,20.25
"2418","TRINITY_DN29641_c0_g1",-1.46023165309892,-0.917391393995848,-3.29987490903167,0.0064349118843645,0.041346819878849,-2.12540026957313,36.32,11,28.41,15,24.12,12.08,1,6.09,12.29,13.18
"2419","TRINITY_DN29659_c0_g2",2.3675928653398,-0.683602405389742,4.07773288689591,0.00156846376648622,0.0164542134986394,-0.920490498630127,2.8,1,6.81,20.29,19.91,35.74,30.29,23.5,52.01,45.82
"2420","TRINITY_DN29663_c0_g2",-1.26140817162271,-0.732507348810258,-3.68275075169936,0.00319215886677396,0.0262287991624163,-1.5199297683584,36.7,6.82,30.67,15.97,32.78,10.33,4.82,14.17,8.12,13.74
"2421","TRINITY_DN29665_c0_g1",1.59389851594022,-0.547509499869795,4.29420339598071,0.00107002660585659,0.0128820438405991,-0.546714083123225,8.03,4,9.02,22.63,13.11,33.02,17.07,37.04,40.67,24
"2422","TRINITY_DN2967_c0_g1",-1.09125269505391,5.50255299446753,-7.72140049217951,5.79198696026245e-06,0.000599297062630531,4.10964283912552,1743,651.9,2016.49,1613.69,2127.37,765.06,832.55,1135.81,1044.66,545.1
"2423","TRINITY_DN29697_c0_g1",-2.26618534599132,-0.0246239676915785,-3.21998159219381,0.00745608557388016,0.045305881914579,-2.3199974036943,169.01,40,36,25.66,57.99,15,3,4.09,31,14
"2424","TRINITY_DN29700_c0_g2",2.35409289854422,-1.48561248669249,3.61999842531345,0.00357836102532387,0.0281590491439574,-1.7418013703776,9.39,0,8.48,4.27,3.87,16.45,14.33,11.46,40.96,33.59
"2425","TRINITY_DN29705_c1_g1",-1.62941125157356,-1.91928948573006,-3.57920489698451,0.00385477463472923,0.0296382298773827,-1.8370333247766,16.91,5,12.35,9.2,17.52,6.17,1.03,2.36,4.63,3.13
"2426","TRINITY_DN29712_c0_g1",1.90990397988434,0.282573843457586,6.6995261132092,2.32846355646284e-05,0.00129181676833864,2.93926831447031,28,5,27,14,12,60,72,55,74,58
"2427","TRINITY_DN29751_c0_g1",-1.40780819263508,-0.384340939170714,-3.6050067907058,0.00367750709027023,0.0286693877771115,-1.66720935339299,61.46,9,23.33,28.82,48.2,8.07,4.04,15.23,18.48,18.16
"2428","TRINITY_DN2976_c5_g1",1.52976659556233,2.8383249647865,5.0197747258089,0.000310037931242588,0.00592516935263613,0.355655946646038,167.82,76.02,72.11,155.7,68.11,250.71,242.53,359.91,497.98,286.9
"2429","TRINITY_DN2976_c8_g1",1.2034931167113,3.66993273583504,8.79537027216573,1.5304780045595e-06,0.00029392927331382,5.64461825024091,216,70,290,233,222,671,425,539,541,481
"2430","TRINITY_DN29773_c0_g2",-3.2605745698699,-0.22924268162349,-3.60737226668899,0.0036616784046503,0.0286059359982726,-1.63665544437834,225,8,76,29,137,6,3,7,17,5
"2431","TRINITY_DN29777_c0_g1",1.68996601760604,1.1555278783814,7.02766217539827,1.46841351403031e-05,0.000989785398522007,3.47326785203521,37,18,23.59,29,46,98.76,106,112,98.73,112.89
"2432","TRINITY_DN298_c2_g2",-3.11937179320148,1.02804672339883,-11.5910837738642,7.97805407367827e-08,6.01855260844916e-05,7.85080666599742,155.72,45,189.93,133.66,226.04,29.69,12.76,18.93,14.49,15.64
"2433","TRINITY_DN29807_c0_g1",-1.37105648604788,-0.277835578995127,-4.74032330520538,0.000495481725622004,0.00789344829559018,0.159081101557606,34,17.46,41.63,29.76,38.24,13.8,16.44,7,14.72,12.85
"2434","TRINITY_DN2983_c0_g2",-1.22760541071592,2.19996509915103,-5.61314358867379,0.000118776076924393,0.00329182459512003,1.39723027933504,219.13,54.79,236.06,131.12,237.44,52.36,81.06,107.86,110.3,71.43
"2435","TRINITY_DN29843_c0_g1",1.43608527916103,2.08457077225644,5.58206680415556,0.000124743582905398,0.00337534513379033,1.3695711436784,60,23,67,131,60,177,153,151,284,201
"2436","TRINITY_DN29858_c0_g1",-1.09205498494305,-0.683233991277337,-3.38741204696742,0.00547762715902081,0.037452512721791,-2.00746496972469,32,12,22,15,34,12,7,11,9,13
"2437","TRINITY_DN2996_c2_g1",1.28336068622412,-0.606801669080301,3.634787278216,0.0034832346499301,0.0277710229261966,-1.60152344697468,8.36,5,17.57,7.48,21.01,29.17,19.75,22.39,41.47,19.04
"2438","TRINITY_DN29963_c0_g2",1.45934822614247,-1.13301063380357,4.53390576422804,0.00070527167361116,0.0098997761541582,-0.270635798068203,7.21,4,10.28,7.22,8.13,22.75,13.5,17.5,22.54,15.33
"2439","TRINITY_DN29968_c0_g1",-1.66438326463153,-1.37017554330739,-3.34782570548347,0.00589122357443317,0.0391773417881475,-2.06097519772447,21.44,10.08,15.59,11.71,28.83,2.39,5.57,2.15,7.33,10.46
"2440","TRINITY_DN29975_c0_g1",1.53025079277012,0.529262391560571,3.51992891354156,0.00429584628454558,0.0318860339437577,-1.90197359300262,28,11,8,42,36,52,40,81,73,81
"2441","TRINITY_DN29978_c0_g1",-1.00699307905121,-0.423224201878614,-3.29862069514693,0.0064497957878986,0.0413907701425029,-2.18423409099636,25.23,16,30.2,18.14,43.29,13.09,12.12,12.09,13.11,12.1
"2442","TRINITY_DN29984_c2_g1",-1.06830064636391,0.630715956182306,-4.86969913982885,0.000398277927858502,0.00688875784016996,0.347261302417842,72.57,30,58.86,48,61.99,22.03,17,30,38,31
"2443","TRINITY_DN29992_c0_g1",-1.93202037223887,0.775646865119138,-7.44503487293637,8.33161808960518e-06,0.000724739253280891,3.95618770004761,92,33,107,93.15,81,30,20,14,19,34
"2444","TRINITY_DN3_c8_g1",-1.20457253492099,0.264138277350874,-3.53421698098737,0.00418502371825798,0.0313232538854538,-1.86034008722841,67.95,12,44.01,32.18,94.47,19.09,9.06,28.59,25.04,25.55
"2445","TRINITY_DN3002_c0_g2",-1.29722777503205,-0.565992244016769,-4.523224444341,0.000718383759990946,0.00999521415320436,-0.188435798795146,26.05,9,39.69,31.46,31.77,11.88,6.26,10.01,18.68,7.32
"2446","TRINITY_DN30025_c0_g1",1.51966887580267,0.511341195809992,3.32856966434825,0.00610373019108336,0.0400822218269718,-2.23125421951439,30.2,8.18,12.43,13.81,66.66,75.16,55.96,94.03,95.69,26.55
"2447","TRINITY_DN30044_c0_g1",-2.58544474836639,-1.91597102061045,-3.35881688774236,0.0057733068336841,0.0386780398783173,-2.21503907181031,26,6,30,9,17,13,3,1,1,1
"2448","TRINITY_DN3005_c2_g1",-3.2840369303067,0.827866658598454,-3.63043387623316,0.00351096512511106,0.0278692729843627,-1.68933122432292,54,130,214.64,234.68,135.75,34.07,9.87,1,51,14.94
"2449","TRINITY_DN30054_c0_g1",-1.09919087516515,4.99055844637995,-5.33528355195146,0.00018500205838172,0.00431779364722878,0.559756707635233,1704.18,569.74,896.42,1214.39,1351.32,581.31,372.62,575.21,1023.61,509.68
"2450","TRINITY_DN30072_c1_g1",-1.04420036752696,0.357925615411087,-3.7508154811294,0.00282128048809629,0.0242023378131383,-1.49862704142736,68,13,66,40,53,40,13,16,40.92,17
"2451","TRINITY_DN30089_c0_g1",-3.01328236619873,-0.941628197666716,-5.23274020923873,0.000218470005335101,0.00478066479831381,0.470347922485579,38.57,12.03,52.69,22.07,75.48,4.1,4.84,2.06,8.21,3.11
"2452","TRINITY_DN3009_c3_g1",3.12700067239322,-2.30068480274613,4.95473036798343,0.000345455506366382,0.00631100195476667,-0.552781214391626,2,0,0,4.65,5,13.51,13.37,11.79,23.67,14
"2453","TRINITY_DN30143_c0_g1",1.30323451446637,-0.71008150511906,3.33764308278681,0.00600264564151408,0.039657600044977,-2.08278751761487,12,6,9,12,12,23,26,11,38,27
"2454","TRINITY_DN30143_c1_g1",2.71889939195594,-2.23343668602417,4.00603849840807,0.0017823175538134,0.0178717999858509,-1.53113143602668,3,0,3.05,7,0,14,16,10,14,15
"2455","TRINITY_DN30150_c0_g1",-1.37698022275611,0.788355925027943,-3.39216827795761,0.00542995972895447,0.0372874948113301,-2.17410813416404,130.37,18,100.89,39.65,91.77,39.65,22.01,10.25,58.01,32.04
"2456","TRINITY_DN30201_c0_g1",-1.56604933447284,0.106026595913394,-3.67434347277948,0.00324131789154247,0.0264837494041724,-1.59323742611114,87.05,26,37,28,67,13,5,16,42,14
"2457","TRINITY_DN30217_c0_g1",-1.94146249985115,-0.830429563809242,-5.25644449595061,0.000210204129144515,0.0046672724079164,0.758110054983871,24,12,34,35,33,7,5,12,7,4
"2458","TRINITY_DN3022_c0_g2",1.02318293836889,6.49696296747879,7.8824497604851,4.70554574648893e-06,0.000542432226566277,4.25154632857575,1428.39,842.61,1706.42,2019.9,1606.73,3720.21,2880,3676.36,3431.47,3421.71
"2459","TRINITY_DN30223_c0_g1",-1.10717483749827,3.25750041311341,-5.32611237654423,0.000187762615976309,0.00435535913272169,0.787768461657636,353,150,484,284,458,189,89,191,311,162
"2460","TRINITY_DN30230_c0_g1",1.55889127308602,-1.73994137503064,3.65257813739241,0.00337222024702676,0.0271731509609041,-1.68841869263589,5.51,0,10.19,5.05,6.34,12.83,9.47,12.13,16.7,14.59
"2461","TRINITY_DN30253_c0_g2",-1.47069348315357,0.0739543646462925,-4.51707996984389,0.000726041538943973,0.0100564407686659,-0.193886478445981,63,16,60,26,61,9,16,13,27,20
"2462","TRINITY_DN30254_c0_g1",-2.19212297972034,1.59294255107247,-8.54335735443023,2.06828637739781e-06,0.000337863881564973,5.33005077701134,192.74,65,241.54,110.1,197,39,26,36,72.47,23
"2463","TRINITY_DN30255_c2_g1",1.26357524696471,-0.282220098116026,3.16070419802312,0.00831827528789091,0.0487136629814765,-2.41604300756981,10.08,1,29.98,13.58,27.35,55.75,27,38.36,31.98,29.85
"2464","TRINITY_DN30282_c0_g1",1.94685623835416,2.43978559712853,5.12651090716058,0.000259943324041894,0.00530260336073303,0.60626374946211,74.58,34.12,135.96,84.04,36.68,221.96,400.79,417.74,282.62,180.26
"2465","TRINITY_DN30302_c0_g1",-1.65209672069657,-0.203400410338011,-5.60569047391529,0.000120179216363501,0.00330991358252162,1.43216942716324,58.25,14.08,45.71,24.58,56.89,14.47,8.29,8.27,18.47,12.44
"2466","TRINITY_DN30303_c0_g1",1.19765746511817,-1.15671075356484,3.86579976782423,0.00229214818829847,0.0210995179384397,-1.24346202717368,10.14,4,8.79,6.79,10.72,21.3,14.73,15.31,19.27,12.11
"2467","TRINITY_DN30306_c0_g1",1.36119851360974,-0.347764494711346,3.5101015891431,0.00437380389002658,0.0323021316173917,-1.82085052051763,23.31,1,21.37,15.25,10.59,37.42,17.42,35.19,72.6,26
"2468","TRINITY_DN30312_c0_g1",-1.65864101184387,1.94987512539997,-7.32982170341144,9.72152883109821e-06,0.000782081246570376,3.88917741559376,243.27,94,183.56,121.46,186.75,60.7,31.96,57.47,78.83,64.73
"2469","TRINITY_DN30328_c0_g1",-3.4687843920233,-1.97282589798588,-5.67394611802324,0.000107956017055261,0.00311789903701041,0.0980112914248155,25.07,8,28.1,27.12,19.89,2.08,0,3.12,2.05,1.03
"2470","TRINITY_DN30356_c0_g1",-1.8388090020015,-0.404026983377981,-3.82991602371543,0.00244531856645838,0.0220472851076524,-1.28653090805514,66.9,11,21.67,58.94,38.67,13.2,16.93,6.49,14.5,3.71
"2471","TRINITY_DN30395_c0_g1",-3.22929336328628,0.00838389183619359,-5.19685252246962,0.000231641801825021,0.00494680029895978,0.77452597236774,159.03,35,97.31,42.11,87.37,17.05,1,4,27.05,7.01
"2472","TRINITY_DN304_c0_g1",1.11261671157148,3.39741048993511,7.13922638014332,1.25932540038743e-05,0.000889711954497978,3.53039960917934,287.47,68.65,176.35,144.13,206.83,435.85,400.1,499.77,451.65,339.47
"2473","TRINITY_DN30403_c0_g1",-1.66299216313612,1.16899462324185,-5.23520565773583,0.000217594553065155,0.00477301188727077,0.901264652575795,113,36,89,154,101,25,52,43,22,32
"2474","TRINITY_DN3043_c1_g1",-1.39717645858844,1.84566238491674,-5.18176797271453,0.000237425407936055,0.00501558128266697,0.751273951182275,244.39,53,182.16,99.44,162.67,66.24,35.07,71.16,112.37,35.19
"2475","TRINITY_DN3044_c0_g1",1.2741542662008,6.29516350779571,8.5967507197769,1.9393817874344e-06,0.000327859416728331,5.19422934704455,1292.28,737.22,1896.29,1078.67,1107.64,3483.74,2558.37,3292.39,4186.25,2826.67
"2476","TRINITY_DN30486_c2_g2",-2.3966154287429,-0.332038629265617,-7.34014010167413,9.58749028347288e-06,0.000781114446138209,3.38897307130748,70.78,19,56.9,31.66,51.71,12.45,6.07,10.48,9.8,4.1
"2477","TRINITY_DN30531_c0_g1",-2.37295538033738,-1.70429831916607,-4.28838661720488,0.00108100101179271,0.0129696765364512,-0.943159492622427,33.92,6,18.97,10.09,25.56,4.1,2.03,2.14,3.04,3.19
"2478","TRINITY_DN30533_c1_g1",-1.11148264776089,1.40789353595097,-5.35161419466515,0.00018019185241582,0.00425975746668149,1.06212575119139,117.24,44.47,106.17,97.59,101.15,75.99,33.43,43.78,40.17,51.05
"2479","TRINITY_DN30534_c0_g1",-1.67578583240663,-0.754155187936132,-3.37634140833724,0.00559023118036726,0.0378783710002543,-2.0096329055709,29.64,10,66.28,18.49,22.36,6.12,15.22,12.23,7.09,4
"2480","TRINITY_DN30535_c0_g1",1.49258808606492,1.47793080761223,4.1713271039041,0.00132855341170722,0.0147625546276943,-0.894163793703449,29.33,14,92.45,30,66.81,110.4,150.51,198.52,131.91,77.34
"2481","TRINITY_DN30536_c0_g1",1.68612160052601,0.195252966675317,4.79381463803093,0.000452580112922245,0.00746418718288536,0.246139269081992,25.66,6,16.94,16.98,16.33,77.17,57.19,76.27,36.9,38.73
"2482","TRINITY_DN30543_c0_g1",-1.90181553603921,0.157868037634285,-6.53586421277163,2.94588869048377e-05,0.00145638698847071,2.72890858861996,79.2,20,42.43,56.19,74.5,9.69,15.16,12.47,24.13,12.85
"2483","TRINITY_DN30543_c5_g1",-2.02815816135534,-1.41195545169621,-5.20487804816756,0.000228625323744552,0.00491399754145465,0.394788477380229,29,5,21.81,20.24,22.91,3.34,5.18,3.63,8.03,2.88
"2484","TRINITY_DN30554_c0_g1",1.13707652823648,1.07145434768091,4.03449488481659,0.00169403889221473,0.0172816734254205,-1.086793948963,31.34,18,37,31.41,61.47,132.94,49,95.24,82.45,70.64
"2485","TRINITY_DN30561_c0_g1",-2.15340042280428,-0.438914109198302,-4.13804326729782,0.00140918587167524,0.0153437505209315,-0.794659984525985,28.49,26.04,60.31,37.84,40.98,2.77,10.01,4.3,19.43,13.69
"2486","TRINITY_DN30561_c1_g3",-2.36788651295781,-0.324456410189194,-3.59049705731124,0.00377614275712569,0.0291942503369019,-1.67048683566631,44.52,25,85.28,15.13,91.51,14.55,2.43,5.28,11.99,13.14
"2487","TRINITY_DN30569_c5_g1",1.68341608375382,0.0449243637993035,6.50076258643996,3.09974393857046e-05,0.00150272467477967,2.64416866639671,20.75,1.09,17.06,14.63,25.37,46.91,44.77,64.4,56.78,48.3
"2488","TRINITY_DN3057_c2_g1",-1.01694362146515,3.68544540318479,-6.90322644998219,1.74608636203236e-05,0.0010985982986562,3.1573210564499,657,180,500,355,567,257,229,252,337,180
"2489","TRINITY_DN30596_c1_g1",-1.24286629625951,-0.210169762171499,-3.7534702581001,0.00280774529575972,0.0241230912094853,-1.43615595609873,57.17,19,28.9,23.77,38.27,10.01,11.45,9.71,20.04,20.03
"2490","TRINITY_DN306_c13_g1",1.17521505754452,0.353238881113387,3.2459757529573,0.00710700576633611,0.0440119739303703,-2.35805280313288,30.94,4.6,21.68,14.23,49.36,90.93,49.03,44.38,39.9,51.52
"2491","TRINITY_DN30620_c0_g1",-1.45868220625975,-0.99018754605434,-4.52773812195235,0.000712812136105911,0.00995710848785923,-0.241828375315841,25,6,30,18,30,6,6,12,9,5
"2492","TRINITY_DN30625_c1_g2",1.14626515780933,-0.22545894751797,3.50152284720826,0.00444303587861759,0.0326566574732626,-1.85332363104442,25,3,13,19,17,27,44,47,32,25
"2493","TRINITY_DN3064_c5_g1",1.80533219706318,-0.865938322315804,4.03901656161893,0.00168043330146024,0.0171896315522743,-0.990677002070749,12.39,0,14.95,6.42,10.44,43.52,27.76,25.33,21.7,30.67
"2494","TRINITY_DN30646_c0_g2",1.5599934704136,-1.49392376789559,3.24341328942177,0.00714067106183429,0.0441305306452962,-2.22318982151788,6.13,2,10.54,4.25,7,10.42,7.13,15.49,24.49,21.5
"2495","TRINITY_DN30660_c0_g1",-1.22589997448237,1.07802429712089,-4.94652667848365,0.00035021530623805,0.00636968916924511,0.441980276232671,122.06,29,101.09,55.05,99.92,24.31,34.59,30.67,60.68,37.47
"2496","TRINITY_DN30667_c3_g1",1.35517213281105,0.633299826246705,6.68077445430803,2.39163548880883e-05,0.00130689122268113,2.98255606731774,33.15,9,22.78,24.11,34.31,54.92,64.73,72.59,83.15,58.82
"2497","TRINITY_DN30681_c0_g2",-1.2816230855314,4.0469010445463,-4.2383284772455,0.00118041770379387,0.0137343946436525,-1.21477147266385,1247,135,843,497,844,340,167,257,559,267
"2498","TRINITY_DN3069_c4_g1",-1.58875962512562,-0.598585887581724,-4.10526987493784,0.0014935453462928,0.0159528521091312,-0.845479747366896,38.99,20,27.99,31.99,24.52,5,6,8,21,8
"2499","TRINITY_DN30711_c1_g2",-1.17710722649321,-0.819844205202144,-3.63349523760134,0.0034914412665239,0.0278093183403893,-1.59779460566995,33.22,5,23.17,19.22,29.68,10.46,7.56,9.49,7.27,14.22
"2500","TRINITY_DN30721_c0_g1",1.39684198612435,-0.693768925611919,3.4113283885651,0.00524216539598847,0.0363700257158985,-1.95967857456295,8,4,6,16,23,27,26,24,24,23
"2501","TRINITY_DN30732_c0_g1",1.74522219548415,2.00263349182192,5.16184119671086,0.000245299532178051,0.00512060700234289,0.717179651514614,78.41,9,34.97,61.88,150.68,173.54,226.1,197.53,232.75,220.68
"2502","TRINITY_DN30732_c1_g1",-1.88458546170326,-0.964061376462098,-3.85489308970656,0.00233762942477511,0.0213684591740953,-1.26945012942831,39,23,23,16,25,9,3,3,10,7
"2503","TRINITY_DN30750_c0_g3",-2.79702565147011,-1.19259295517445,-3.78995166854315,0.00262836049786897,0.023046862258224,-1.47038621193714,43.4,7,20.17,48.08,45.8,7.12,4.7,5.34,9.23,0
"2504","TRINITY_DN30783_c1_g1",-1.34672445030938,0.867471354782233,-5.59916084712689,0.00012142289432654,0.00332488730770519,1.47327225266393,108.32,32,67.87,50.89,104.72,31.17,24.06,35.28,35.11,22
"2505","TRINITY_DN30804_c1_g1",-2.52566946956657,-0.802077023994467,-3.80180126302033,0.00257266341098953,0.0227425655406989,-1.34663906092129,56.38,13,15.65,39.6,56.87,9.1,7.85,3.25,2.31,11.07
"2506","TRINITY_DN30824_c0_g1",2.06410451858225,0.372785121537865,6.34029386519067,3.92026918845401e-05,0.00172599762281755,2.4892261166025,21,10,19,18,12.01,79,92.31,57,57,62
"2507","TRINITY_DN30824_c2_g2",-2.40499029748818,-1.75192947166824,-3.32579376074215,0.00613499927722993,0.04017418174834,-2.22683532961535,17,11,33,18,14.77,5,0,3,9.36,2
"2508","TRINITY_DN30826_c0_g1",-1.15521721368538,-0.0277196404443145,-3.2974368992394,0.00646387601465857,0.04141872101053,-2.23189074226464,56,17,29,55,33,17,7,24,30,10
"2509","TRINITY_DN30834_c0_g1",-1.60161231961162,0.980841898274457,-5.77797437202668,9.17905142648479e-05,0.0028425993905134,1.73848231185934,128.15,18.95,107.11,96.14,94.17,51.73,24.82,31.45,21.24,29.01
"2510","TRINITY_DN30837_c2_g1",2.49474012021796,-1.44009237602004,4.43438561401061,0.000837800099629838,0.0109952844949987,-0.638619547814234,3.3,3,5.99,6.08,4.23,24.57,9.56,16.69,40.47,21.43
"2511","TRINITY_DN30841_c1_g1",1.49460898541103,-0.928623734098888,3.77957975082484,0.00267812900195491,0.0233078378594378,-1.36678943162013,12.13,5,11.1,4.04,11.06,22.17,13.42,15.14,31.31,31.13
"2512","TRINITY_DN30853_c0_g1",1.09004625762856,1.63607186995099,4.96690339945619,0.000338517424040358,0.00624207822792022,0.423382039073925,50.45,17.63,56.78,74.04,70.31,170.37,109.06,119.3,109.33,116.94
"2513","TRINITY_DN30860_c0_g1",-1.07446186442134,0.243597448055242,-3.56593272598454,0.00394933715667705,0.0301886198007545,-1.80391528201111,39.08,15.52,67.15,47.7,50.33,25.3,23.18,13.26,39.25,11.34
"2514","TRINITY_DN30875_c0_g1",1.18073418946177,-0.560186121464865,4.43508190807013,0.000836787690288066,0.0109912712826861,-0.323971812372382,15.02,4,11,14.07,14.02,23.01,28.41,23.11,30.01,25
"2515","TRINITY_DN30886_c0_g1",-1.03868960892595,-0.681017491370737,-3.15710367105503,0.00837377270459416,0.0489041631479505,-2.38914057661866,26,11,29,22,24,19,5,17,10,6
"2516","TRINITY_DN3089_c2_g1",1.61799082751281,3.80508247338901,4.24757018895781,0.00116137298448233,0.013608374942802,-1.13548550309257,183.62,71,189.16,298.18,239.59,943.3,1176.28,606.39,388.59,508.17
"2517","TRINITY_DN3089_c2_g2",1.43606051964057,2.31145139115277,3.8293202319787,0.00244794879921994,0.0220633400166739,-1.63234133936025,88.42,29.96,68.08,88.97,90.59,310.86,422.67,189.65,152.13,145.31
"2518","TRINITY_DN30896_c0_g2",-1.5638409334525,-1.09856661395199,-4.22760315716299,0.00120292684176303,0.013887180263502,-0.709680066847674,25.91,7,23.83,17.41,29.05,7,11,4,11.44,3.32
"2519","TRINITY_DN30948_c0_g1",-1.3408395554518,1.70691057949132,-6.83136500218863,1.93151107132575e-05,0.00115376152645235,3.2257577373325,158.62,56.02,123.43,102.66,193.82,49.25,45.29,59.52,60.88,56.46
"2520","TRINITY_DN30953_c0_g2",-1.25970719219477,0.193228305550036,-4.62051854407581,0.000607747179436337,0.00898639196260415,-0.0330157562580338,46.75,12.21,53.35,52.67,59.01,15.26,24.12,21.5,14.42,21.33
"2521","TRINITY_DN30967_c0_g1",4.18883414928254,-0.971158026884195,5.66343279812393,0.000109749699160767,0.00314469810848215,0.505764346572513,9,1,6,2.87,1.3,95.86,41.57,54.59,79.07,32.29
"2522","TRINITY_DN30969_c1_g1",1.35726205321605,-0.978720090105382,3.16210844900651,0.00829673115433006,0.0486291044218768,-2.34322356609813,14,2,10,12,6.61,17,22,17,18,32
"2523","TRINITY_DN30970_c0_g1",2.79691217012128,-1.50704739773454,4.72395170269098,0.000509447079415008,0.00802425955395717,-0.400872596752389,2.73,2,11.84,4.86,2.07,28.64,15.93,22.92,32.58,16.26
"2524","TRINITY_DN30974_c0_g1",2.00842663841397,-0.719636404617635,3.74807071517112,0.00283534494809373,0.024268096900509,-1.41465241823909,21.3,5,14.38,4.86,4.5,36.89,11.61,32.45,45.62,35.58
"2525","TRINITY_DN30977_c1_g2",2.63028432950638,-1.04133191501299,4.95763725479958,0.000343785256874101,0.00629585451410936,0.141438742287831,7,1,7.09,2.88,11.99,29.13,15.98,35.87,65.2,23.89
"2526","TRINITY_DN3103_c7_g2",1.10459462452476,1.46478916984784,4.60812079343173,0.000620795412276224,0.00912081626661223,-0.153902580228003,54.66,15.37,58.09,71,41.01,134.71,133.13,100.04,102.16,86.73
"2527","TRINITY_DN31041_c0_g2",1.55690899915376,-1.51532999775594,3.15575040111597,0.00839472788688119,0.0489709643419121,-2.3565016759357,7,1,12,5,5,11,13,19,13,21
"2528","TRINITY_DN31061_c1_g1",-1.4020351421944,1.17951325241563,-3.58785840659692,0.00379436870713384,0.0293124832888903,-1.88675776705222,198.1,19.36,112.88,136.67,56.17,36.11,43.64,39.28,41.65,27.63
"2529","TRINITY_DN31068_c1_g1",1.71098447246074,-1.38204349076697,3.48745651778396,0.00455898092049478,0.0331855964395089,-1.85406095976363,7,3,16,6,3,16,12,18,23,15
"2530","TRINITY_DN31068_c2_g1",1.76166768876093,0.663938490369187,3.8220430117767,0.00248031136764701,0.0222575594142519,-1.38889559681877,12.01,10,26.31,42.13,28.22,140.34,105.49,46.33,80.46,45.6
"2531","TRINITY_DN31072_c1_g1",1.06154909668216,0.0188509628605018,4.58951162131038,0.000640932919771844,0.00929676437164008,-0.0758617443014122,21.33,5.49,23.44,19.5,20.3,39.45,34.61,37.05,60.27,25.78
"2532","TRINITY_DN31078_c0_g3",1.39470919102096,-0.0705878249871803,4.1174504217208,0.00146159763477597,0.0156946091962318,-0.836755059841845,15.81,14.01,19.43,12.1,13.34,57.01,22.68,31.19,36.41,49.42
"2533","TRINITY_DN31083_c3_g1",-1.55850131631981,0.6874120357974,-3.17047226116073,0.00816957233877379,0.0481518222594703,-2.54106660974708,60.06,65.65,62.86,103.49,50.19,40.72,13.34,27.87,10.38,38.99
"2534","TRINITY_DN31114_c0_g1",1.12577570062079,0.112228037811163,3.89899867249565,0.00215923608336745,0.0202985253070994,-1.21156924176544,26.41,2.1,32.26,21,18.88,51.16,40.03,56.28,37.91,39.01
"2535","TRINITY_DN3112_c3_g1",-1.3485453436918,5.10390593868385,-6.03904849722286,6.15023546300884e-05,0.0022471520050255,1.69317336094642,2092.75,570.05,1571.22,794.24,2046.65,664.89,434.68,547.01,843.63,493.09
"2536","TRINITY_DN31150_c0_g1",-3.17421732576247,-1.48031903112871,-4.95204723123082,0.000347004752378417,0.00632994075328286,-0.350389255151866,34.36,16,33.39,31,24,4.06,0,3.19,8.06,2
"2537","TRINITY_DN31151_c0_g1",-1.97834505696395,-1.26427227340568,-4.89201410965937,0.000383643435873478,0.006733716565752,0.101432875488737,25,8,27,15,30,9,5,3,5,4
"2538","TRINITY_DN31168_c1_g3",-1.65012848183763,-0.617099873797249,-3.90576948943331,0.00213311869184808,0.0201311224405465,-1.16128786898584,41.88,20,25.75,26.82,30.45,3.69,6.16,10.07,23.78,6.39
"2539","TRINITY_DN31179_c0_g1",-1.13194976307765,1.28821411073947,-4.36572168842881,0.000944178597820085,0.0118356060355253,-0.548606167123421,135.22,22.16,84.78,91.79,137.24,53.64,39.11,43.72,75.36,22.99
"2540","TRINITY_DN31186_c1_g2",-1.18968119807573,-0.795714847840236,-3.27311225811873,0.00676018720356071,0.0425339351381156,-2.18177278483651,28,15,26,13,28,10,7,5,12,12
"2541","TRINITY_DN31192_c0_g1",-1.23790431722223,0.393744319823109,-4.53420778998863,0.00070490456612325,0.00989817897786379,-0.181394368172371,60.75,34,42.81,51.42,56.8,18.66,12.01,22.04,36.88,20.03
"2542","TRINITY_DN31196_c0_g1",-1.9302170085293,-0.769090396502386,-4.50374438442673,0.00074295591051095,0.0102016679083877,-0.260940759488644,51.34,8,44.65,25.54,23.02,3.22,10.91,10.52,8.88,6.61
"2543","TRINITY_DN31198_c0_g1",1.26890348476365,-0.496215870490266,3.40057666071581,0.00534671873809781,0.0368964225123004,-1.99361814804564,17,2,7,22,18,26,31,34,26,28
"2544","TRINITY_DN31201_c0_g1",-1.18066909275332,0.149760530725938,-3.60113462980552,0.00370356903107625,0.028798385660609,-1.73089168522413,48.22,21.02,50.02,30.48,57.6,18.18,10.74,9.07,43.03,22.96
"2545","TRINITY_DN31220_c0_g1",2.27474008467597,-1.26829877099349,3.47151064414029,0.00469415421849583,0.0338496595449819,-1.89015810291423,8.29,4,9.33,1.02,7.16,18.5,13.16,13.38,55.89,27
"2546","TRINITY_DN31272_c0_g1",-1.89801723377691,0.081527238551103,-5.76438112837142,9.37488204004794e-05,0.00287856895180945,1.68462939994453,72,18,89,29,60,18,14,10,17,11
"2547","TRINITY_DN31272_c0_g2",-2.41152150986843,-1.67109040180227,-4.18106391723535,0.00130588098413849,0.0146025967056472,-1.08371554544583,25,8,33,15,15,1,1,4,6,5
"2548","TRINITY_DN31325_c1_g2",1.30672398729564,0.95989229644908,3.330732928616,0.00607947421509081,0.0399854566080777,-2.29762329788469,54.5,7.13,37.48,17,60.5,124.6,104.36,59.96,133.08,39.26
"2549","TRINITY_DN31341_c0_g1",1.23900948336493,1.95548575336652,4.62574011010854,0.000602337704099557,0.00892850676394662,-0.186093653456554,105.98,24,53,92.99,50.99,137,98,215.96,207,174.97
"2550","TRINITY_DN31346_c0_g3",2.61582776635797,-1.87579060562429,4.68435633208301,0.000544952515425257,0.00838727017010937,-0.643227581157269,3.52,0,3.82,3.93,5.25,23.44,9.64,11.85,27.8,16.61
"2551","TRINITY_DN31361_c1_g1",-1.12378908269146,0.841807477559971,-3.7228046051253,0.00296824163414191,0.025036069581261,-1.60445807816975,94.5,24,51,56.23,112,39,22.09,50,24.1,29.21
"2552","TRINITY_DN31372_c0_g1",1.24754028458925,-0.630187482709608,3.93464524006684,0.00202533950343606,0.0195029816355833,-1.11487901153458,16.29,4,14.81,6.78,14.31,20.48,27.54,20.12,41.81,21.31
"2553","TRINITY_DN31386_c0_g1",-1.51646969565052,-1.6139179644629,-3.25759957307734,0.0069562966338847,0.0433482091582514,-2.21346886425761,18,5,14,14,21,3,5,8,9,1
"2554","TRINITY_DN31434_c0_g1",2.44738303388504,0.133727047832284,7.72169238006384,5.78979090917455e-06,0.000599297062630531,4.01236397426336,16.03,2,11.42,18.69,14.89,59.82,46.08,101.84,80.91,72.09
"2555","TRINITY_DN31439_c0_g1",1.2840155075518,-0.697417911654314,3.56644703784153,0.00394562896736572,0.0301714795637026,-1.70675804942404,13.82,2,11.66,17.19,9.63,15.8,27.23,32.02,28.66,23.48
"2556","TRINITY_DN31489_c0_g1",-2.24972176172565,-0.279717831268133,-3.51615223465256,0.00432563661521268,0.0320609062196798,-1.79550255141701,57,32,65,77,18,8,5,12,16,5
"2557","TRINITY_DN31543_c0_g1",-1.09214728099945,0.116829596367909,-3.32302605970259,0.00616633763905874,0.0402834338274015,-2.20793802475758,35,15,37,76,46,26,12,23,18,16
"2558","TRINITY_DN31549_c0_g1",-1.17435495774951,0.468020074042405,-3.19849545942903,0.00775766509186202,0.0464707318677043,-2.47121273679207,70,14,37,79,75,13,29,16,34,37
"2559","TRINITY_DN31550_c1_g3",-1.28801895120806,-0.139482405567173,-3.40170343355699,0.00533566291614212,0.0368448349078443,-2.03792102336998,44.43,17,51.2,15.84,62.49,14.01,10.51,11.01,27.69,11.74
"2560","TRINITY_DN31556_c1_g2",-1.01259628267973,1.46585792046424,-4.0777929262388,0.00156829625635142,0.0164542134986394,-1.07307079238198,131.16,25.07,143.73,73.37,129.48,46.47,67.2,70.17,46.52,40.71
"2561","TRINITY_DN31563_c0_g1",1.64404456780439,-0.0441251973300606,3.94313545839595,0.00199473023059173,0.0193042315973685,-1.11690317864791,16.86,1,13.11,24.87,21.82,56.76,60.98,49.5,29.51,53.41
"2562","TRINITY_DN31573_c0_g1",-1.10705975183883,0.518730850806046,-3.624716289646,0.00354772887834563,0.0280285844274327,-1.73368930465521,85.11,27.05,47.55,30.49,78.98,21.51,17.41,22.21,42.6,23.35
"2563","TRINITY_DN31574_c0_g1",2.15779339591003,-0.222350682696319,3.43524850028233,0.00501695194662384,0.0353841627296265,-1.9414129807312,18.51,6,4.14,6.1,34.5,60.36,13.39,38.59,98.05,56.37
"2564","TRINITY_DN31599_c0_g1",-1.5001042133576,-0.646335751998075,-5.2243701278925,0.000221469895427517,0.00482285278682321,0.819853262757962,36,10,27,33,30,7,9,13,12,6
"2565","TRINITY_DN31614_c0_g1",2.98441987285748,-1.85916725283274,5.34607355777267,0.000181808903369797,0.0042832263125823,-0.086699240363318,2,0,5,3,6,23,21,15,23,17
"2566","TRINITY_DN31619_c0_g1",1.63563967999403,1.0625669292205,7.33192879743016,9.69399545635227e-06,0.000782081246570376,3.84967959482489,55.59,8.2,26.19,31.07,35.06,103.5,73.4,103.24,111.46,116.84
"2567","TRINITY_DN31665_c0_g1",-1.0883344062077,1.12819920574589,-4.55993530689324,0.000674353664190346,0.00960799134830131,-0.2010830836682,81.62,36,118.66,52.65,109.8,37.13,25.78,41.61,47.45,45.02
"2568","TRINITY_DN31667_c0_g1",-1.21591758273755,1.50404889377037,-3.68083957956635,0.00320326633968721,0.0262962158409439,-1.77677309064592,138.43,23.83,122.65,106.12,168.93,44.54,44.5,21.38,86.08,86.6
"2569","TRINITY_DN31686_c2_g1",-1.17557223019786,2.72334497144927,-5.90244589668157,7.57478218684682e-05,0.00255031434282125,1.78627041384367,280.84,98.67,378.25,173.46,303.64,144.25,70.07,132.53,165.22,102.92
"2570","TRINITY_DN31696_c0_g1",-1.38849714186281,1.39148226842893,-4.6611188780486,0.000566986250412338,0.00858936874152626,-0.0557167901728297,139.29,53,88.21,143.38,92.02,27.51,68.28,35.06,56.8,33
"2571","TRINITY_DN31758_c0_g1",-1.19766433716717,2.50010144737991,-7.51793432945556,7.56299516348175e-06,0.000682748282682268,4.11605164115738,225.6,85.17,300.98,216.81,212.55,88.59,101.47,104.28,148.88,71.36
"2572","TRINITY_DN31758_c1_g1",-1.5865862518223,-0.83763659185239,-3.32154534491675,0.00618317017801964,0.0403549722177737,-2.09450307932636,32,10,40,13,33,3,19,8,12,5
"2573","TRINITY_DN3176_c5_g1",-2.80876386694512,-1.59904615172569,-3.90838151653546,0.00212313044163642,0.0200764254992597,-1.45639328410526,49.38,8.08,20.39,17.8,22.58,3.02,3,0,8,4
"2574","TRINITY_DN3176_c6_g1",1.85464407717555,-1.17700873131258,3.62212646007583,0.00356451075296651,0.0280956612170253,-1.64122055765036,5.99,1,6,7.59,13,22.83,7.99,22.02,28.03,34.02
"2575","TRINITY_DN3176_c7_g1",-2.0497632986477,1.73914532054472,-5.95224766513091,7.01864866338415e-05,0.00244299615370149,1.97288932731479,298.85,77.09,172.55,120.36,182.76,57.12,23.35,20.71,98.08,47.7
"2576","TRINITY_DN31779_c0_g1",1.51320311276635,1.74086957937962,6.23227736741018,4.60067667463932e-05,0.0019071073042007,2.38128904268447,50.47,33,36.8,60.49,61.08,188.68,128.36,166.35,133.49,133.81
"2577","TRINITY_DN31785_c0_g3",-1.61479940620049,-0.548213403225625,-3.39123404245034,0.00543928935730961,0.0373111665554828,-1.99722208625295,63.78,22,18.53,29.73,26,10,6,6,17,8.27
"2578","TRINITY_DN31796_c2_g1",-1.13689319950481,0.689547321280009,-3.78205798815313,0.00266615005937544,0.0232559623799526,-1.48256784649351,79.53,11,114,49,80,34,17,27.89,49,24
"2579","TRINITY_DN31804_c0_g1",-1.1861813061454,0.135751534286146,-4.40559940144445,0.00088079184033192,0.0113141532258821,-0.37835484252547,39.99,27.07,49.97,31.91,53.28,20.73,12.59,22.72,19.41,14.64
"2580","TRINITY_DN31840_c0_g1",1.66193615362226,-0.0442703602290878,4.25947435884066,0.00113731072119415,0.0134148352267997,-0.60082798347209,16.97,4.35,27.64,7.51,18.05,50.44,56.37,42.09,31.22,56.62
"2581","TRINITY_DN31848_c0_g1",-2.01784210920675,-0.899950734326147,-5.1929228298851,0.000233134068081186,0.00496227591722753,0.637128035456167,31.03,11,32.12,20.05,44.11,13.04,2.01,5.01,7.02,7.02
"2582","TRINITY_DN31857_c0_g1",-1.76292681323679,0.312517321038119,-5.94765403552311,7.06808630131179e-05,0.00245328944875436,1.96524475049891,80.2,17,59.52,48.78,86.24,12.25,27.87,20.54,22.47,9.18
"2583","TRINITY_DN31880_c0_g1",-2.04142120945591,-1.36373723508949,-5.03701785031047,0.000301303306982904,0.0058322497177368,0.215884881133109,26.29,7,25.23,23.27,18,6.08,5.11,3.04,5.08,3.03
"2584","TRINITY_DN31882_c0_g1",-1.44726991166677,1.73870512485058,-4.75852789407662,0.000480422145918857,0.00774545865958162,0.06644945311408,222.45,51,148.26,86.57,196.81,43.32,24.44,70.61,100.16,55.01
"2585","TRINITY_DN31886_c1_g1",-1.47304586515684,-0.297665808226778,-4.3690895787416,0.000938646148456986,0.0117893715052526,-0.422562028039039,45,17,35.01,23.84,52,7.47,6,20,22.47,9
"2586","TRINITY_DN31887_c0_g1",1.27384344882558,-1.16271446056324,3.4801648011853,0.00462029370052121,0.033473412580052,-1.84018611777558,11,2,9,7,10,16,9,25,29,13
"2587","TRINITY_DN31891_c1_g2",-1.15039943165847,1.77819665478022,-4.45944687033021,0.000802151991341354,0.0106863605526097,-0.451036237715083,188.29,86,99.78,101.09,142.88,60.75,38.27,69.79,67.37,66.56
"2588","TRINITY_DN31922_c0_g1",-1.47854591557353,-0.884665313257254,-3.24659708452152,0.00709886698919128,0.043979215295333,-2.21275632009127,34.61,13.94,32.27,12.35,23.8,19.14,8.01,4,8.59,4.92
"2589","TRINITY_DN3193_c2_g1",-1.60535697337883,4.28352065855453,-8.5714957810343,1.99924584187146e-06,0.000330963625318709,5.3266108616351,997.69,359.15,1222.7,807.01,800.81,344.15,182.59,232.7,503.94,337.07
"2590","TRINITY_DN31953_c0_g1",-2.4972780798031,-0.878093712131374,-4.45090143519038,0.000814126342117693,0.0107853836887113,-0.416951069955406,36,7,50,27,63,2,1,15,12,6
"2591","TRINITY_DN31956_c0_g1",-1.56456007566029,0.363730796336912,-3.68933271431472,0.00315420661056408,0.0260034645913365,-1.59771151381593,80.52,19,106.67,23,81.36,14.29,10,25.15,38,16.14
"2592","TRINITY_DN31990_c0_g1",-2.41191207239538,-0.872366456186574,-3.36400946794094,0.00571843509361846,0.0384516966308126,-2.0221344793127,90,7,19,56,27,3,5,10,11,3
"2593","TRINITY_DN3200_c0_g1",1.67107819880039,1.80483906601397,3.8966299208965,0.00216845081966817,0.0203429810411532,-1.42194546053457,52.01,26,45.27,70,46.63,395.68,130.04,117.8,109.77,188.37
"2594","TRINITY_DN32000_c0_g1",1.67071212772677,-1.09014062906123,4.27930552412792,0.00109836853545164,0.0130950703989102,-0.652026181209513,10.09,2,10.23,3.32,12.1,17.98,15.78,27.85,32.11,16
"2595","TRINITY_DN32021_c0_g1",-1.646316536394,-1.26351846025686,-3.3649701626817,0.00570834128346249,0.0383880045274714,-2.02795872535862,24.58,7.11,16.47,21.46,26.16,1.17,2.07,6.99,19.32,5.66
"2596","TRINITY_DN32030_c0_g3",2.0862223848223,1.84652663429225,5.37389849532835,0.000173839659725825,0.00414345423211184,1.07779737501037,59.78,19.93,35.95,34.29,74.76,226.63,168.37,288.32,336.88,79.21
"2597","TRINITY_DN32032_c0_g1",2.36319594460432,-0.169752913714035,4.23548510007229,0.00118634215000826,0.0137799576897498,-0.636491624380809,12.02,2.48,11.26,7.1,20.54,49.69,124.4,30.32,78.98,30.94
"2598","TRINITY_DN32044_c0_g1",3.0413170534713,-1.57448630087896,3.16598866708189,0.00823749233684448,0.0484058504773004,-2.42862766842189,2.22,1,5.34,1.14,7.9,41.3,26.72,44.01,11.35,17.5
"2599","TRINITY_DN3206_c1_g1",-1.23084913150484,3.67965139567839,-5.27082172653815,0.000205351702150965,0.00460042206030441,0.633887193453109,512.55,205.77,803.43,305.77,676.52,216.54,145.07,223.1,354.18,240.14
"2600","TRINITY_DN32063_c0_g1",1.20286138440009,1.02928235966015,4.13326364412382,0.00142117463107756,0.0154232993846422,-0.903863647145018,43.66,3,57.15,32.39,63.7,104.22,79.59,87.28,106.12,72.68
"2601","TRINITY_DN32066_c1_g1",-2.43891289948019,-0.486935721236739,-5.01461106786197,0.000312705064201854,0.00595219244893222,0.471570616389096,68,22,27,53,47,11,4,6,17,3
"2602","TRINITY_DN321_c0_g2",-1.0416850648754,1.16679441796956,-4.10268018897139,0.00150043041173689,0.0159917463558092,-0.985983525743396,118.12,37.59,104.56,56.01,83.79,40.03,18.83,53.66,56.59,44.3
"2603","TRINITY_DN32103_c0_g1",-1.11402618855718,0.50995904599426,-3.21180804822003,0.00756938948148105,0.0457467614468525,-2.45473077366062,84,17,49,69,47,37,46,16,19,19
"2604","TRINITY_DN32106_c0_g1",-1.45928157592927,0.0117163477796803,-4.90083010849636,0.000378018172651654,0.0066748258864439,0.412563596217376,48.18,21,41.19,29.35,70.24,17.23,12.12,9.19,20.32,17.33
"2605","TRINITY_DN32151_c0_g1",2.64744412542738,-0.739296515725183,6.12686761449403,5.38664438394242e-05,0.00207754226995426,1.67410616355186,5.91,1,10.84,9.25,7.16,33.94,37.66,31.11,41.63,54.14
"2606","TRINITY_DN32153_c0_g1",-2.31641728564062,-1.65063194758607,-3.31073818727975,0.00630744285600418,0.0408551328514157,-2.20665886172854,32,12,21,16,14,4,3,7,7,0
"2607","TRINITY_DN32158_c0_g1",-2.0922222986996,-0.906383338356738,-3.28239515581307,0.00664551841649408,0.0421423957117035,-2.14857759231079,51,12,13,24,57,4,2,12,7,10
"2608","TRINITY_DN32178_c0_g1",-2.33226782551774,-1.95064478346785,-4.09441090942101,0.00152263634397666,0.0161435008529998,-1.32193563908008,12.84,9,16.71,15.88,17.68,4.48,1.86,1.59,1.78,2.78
"2609","TRINITY_DN32179_c0_g1",1.58399132218166,-0.675379080279804,4.94093254178701,0.000353500469719612,0.00639928085729892,0.400705616477402,9,4,16,9,11,25,33,26,31,22
"2610","TRINITY_DN32196_c0_g1",-2.90312905253894,-0.427009610225125,-4.91102878234879,0.000371618420279354,0.00660243610308169,0.317120324991322,55.68,30.97,34.29,42.47,75.04,3.45,18.47,3.32,3.98,17.84
"2611","TRINITY_DN32266_c0_g1",-1.98136875487718,0.209164826778749,-3.98039630663797,0.00186593699726301,0.0184378104827967,-1.08186947183172,93.93,6.5,62.48,60.02,116.09,13.18,4.1,33.94,16.06,23
"2612","TRINITY_DN32270_c0_g1",-2.57117728615773,-0.450851870940623,-4.2643954414588,0.00112751538203364,0.0133521343347787,-0.613211337167268,32.41,14,96.59,67.35,42.73,3.52,1.35,15.36,14.83,9.53
"2613","TRINITY_DN3228_c0_g1",-4.20028389471475,-3.08201384822309,-6.88542845075795,1.79017104063507e-05,0.00110650131548683,0.877756755506736,17,4,12,12,22,0,1,0,0,0
"2614","TRINITY_DN32281_c0_g2",-1.42833147546125,-0.255876512750576,-4.7527885883213,0.000485117526608626,0.00779267352576208,0.17924082813902,50.94,8,53.96,34.36,36.73,18,5,12,17,16
"2615","TRINITY_DN32289_c0_g1",-1.20592958123507,0.169959533882204,-3.16728966054156,0.00821772577001589,0.048312685027796,-2.48186619471443,46.11,19,74.6,23.05,65.22,22.87,7.04,20.06,43.14,12.03
"2616","TRINITY_DN3230_c5_g1",1.17799059981731,0.174780356946574,4.08482103023938,0.00154881516711457,0.0163313249554287,-0.906322397020345,28.57,7.87,22,21.36,15.98,58.83,49.04,41.61,34.46,41.66
"2617","TRINITY_DN32326_c0_g1",-3.62513506287001,-1.91316250619593,-4.56587790817104,0.000667495464135519,0.00954527788778138,-0.908291841986284,24,12,19,44,23,0,2,2,2,2
"2618","TRINITY_DN32353_c0_g1",1.76413890820786,-1.46823263746398,3.49568881674836,0.00449075498413122,0.0328743495862637,-1.8510335576848,12,6,5,5,3,12,14,19,16,16
"2619","TRINITY_DN32357_c0_g1",-1.70576931143061,-0.301422496417066,-6.15856744829122,5.1362914491108e-05,0.00202651696684122,2.14083939097347,43,19,42,37,40,11,6,8,22,10
"2620","TRINITY_DN32365_c0_g1",1.26526495887513,0.452028516837154,5.57491692361353,0.000126160854203918,0.00339293572534125,1.43669807348506,26.95,10,24.07,20.16,29.11,66.04,37.14,49.15,60.71,69.67
"2621","TRINITY_DN32366_c0_g1",-3.36985349817809,-0.74493303769837,-5.66979046703333,0.000108661282052596,0.00312656889290947,1.01982809459231,88,12,62.03,63.56,33.06,6,3.04,6,4,3.03
"2622","TRINITY_DN32375_c0_g1",-1.45289384607951,0.596208015425156,-3.71799549532185,0.00299425265637254,0.0251584042761861,-1.57664917083476,124,22,38,48,111,19,23,17,41,22
"2623","TRINITY_DN32385_c0_g1",2.66262186559181,-0.193875134200132,6.12262370715667,5.42113149009021e-05,0.00208063487026768,2.01378221735918,5,4,15,21,9,49,58,50,61,62
"2624","TRINITY_DN32387_c2_g1",-2.49447802590231,0.583761415212386,-7.69651738929032,5.9825122621002e-06,0.000608580176540631,4.18167216494209,128,44,92,76,99,25,4,17,32,12
"2625","TRINITY_DN32396_c1_g1",-2.72223335091298,-1.55137133876875,-4.16502029784987,0.00134345643356456,0.0148559720379198,-1.12087567891126,32.92,17.03,20.52,12.98,28.11,2.45,4.19,0.38,5.17,3.14
"2626","TRINITY_DN32397_c1_g1",1.27805628654141,2.69548825068528,6.86777355534045,1.83507489971683e-05,0.00112190301888827,3.22122320591948,104,62,123,102,108,309,188,292,403,194
"2627","TRINITY_DN3243_c1_g5",-1.59113644570302,3.23139931983329,-7.35928303890494,9.34401713242285e-06,0.000768274793465841,3.8552527107719,583.66,211.61,334.56,353.63,508.35,143.53,89.89,146.38,250.59,128.37
"2628","TRINITY_DN32446_c2_g1",1.24377276585444,-1.08351370779681,3.75395337748012,0.00280528932708901,0.024108699425065,-1.41256954684165,8,2,16,7,10,20,14,16,25,17
"2629","TRINITY_DN32455_c0_g1",-2.00592088531787,-1.78527865601323,-3.43164942916632,0.00505019853866493,0.0355445373399294,-2.01993137915416,26.27,5,11.65,14.87,16.94,6.34,3.87,5.34,1.06,2.63
"2630","TRINITY_DN3250_c0_g1",-1.15696899899533,1.09309185761769,-5.57019582910716,0.000127106001176185,0.00340796411664224,1.42093980986102,83.96,21,110.71,78.95,109.88,41.6,40.94,38.48,34.98,34.62
"2631","TRINITY_DN32501_c0_g1",2.72719492017311,-1.15717499621945,5.71591994885182,0.00010109793138229,0.00299692514017936,0.878040674288103,8.42,0,8.76,4.34,6.27,26.01,17.35,35.6,52.12,29.21
"2632","TRINITY_DN32503_c0_g1",-1.77553327964181,0.780968988890345,-6.43608180123217,3.40607430602435e-05,0.0015909098052072,2.66958037664025,99.72,16,107.59,75.19,119.01,28.44,27.46,31.57,21.46,16.58
"2633","TRINITY_DN3252_c6_g2",-1.29051618440367,1.75488781866977,-5.18413255768521,0.000236508844809229,0.0050047800374504,0.763766182093891,164.19,57.61,179.39,83.24,173.92,54.02,33.04,63.07,107.68,45.2
"2634","TRINITY_DN32525_c0_g1",-3.26689378299323,-1.75086760428888,-4.0719501355385,0.00158468476189666,0.0165544307807466,-1.41128086462931,26,15,21,36,19,4,0,9,2,1
"2635","TRINITY_DN32531_c0_g2",1.38308328123546,3.5161728552182,5.90739562738189,7.51747530447504e-05,0.00253793912028827,1.70108103045564,174.83,36,215.29,185.71,332,383.78,470.73,675.38,665.77,447.3
"2636","TRINITY_DN32550_c0_g1",-1.46719455344054,-0.100835523319947,-3.85892671997055,0.00232070171683283,0.0212704007141151,-1.26376737208978,54.44,18,38.97,42.8,42.31,18.51,5.05,26.76,28.84,4.11
"2637","TRINITY_DN32583_c0_g1",1.46613925989357,-0.380869348754586,5.55035647068022,0.000131160294468461,0.00347492266295378,1.32363467024911,15,5,14,10,15,35.27,25,25.35,38.1,41
"2638","TRINITY_DN32594_c0_g1",1.11253419234096,0.151280961670661,3.4978448885573,0.00447305894656504,0.0327897867611923,-1.89923183598255,15.05,3,38.28,24.32,26.35,68.01,32.05,39.9,58.16,33.31
"2639","TRINITY_DN32599_c0_g1",-1.35836726726318,0.0759082503060687,-4.99148968808296,0.000324946640882705,0.00607708056769203,0.553139585117335,45.19,16,40.25,50.79,57.58,12.93,21.24,11.37,19.32,20.21
"2640","TRINITY_DN3262_c1_g1",-1.1055495846578,1.40539241713357,-5.74093279412063,9.72315220267575e-05,0.00293156837017003,1.66459895090431,129.11,37,98.85,76.49,142.08,44.02,34.88,54.14,68.55,40.37
"2641","TRINITY_DN32681_c0_g1",-2.27814397428434,-1.64541983639494,-4.19055080691933,0.00128417623990179,0.0144699478944262,-1.03307266168556,29,8,12,19,24,2,4,2,6,3
"2642","TRINITY_DN32695_c0_g2",-1.13182822856611,1.63715410050789,-6.03975141736655,6.14368692095363e-05,0.0022471520050255,2.0996016113091,152,52,147,104,105,53,35,54,79,62
"2643","TRINITY_DN32698_c0_g1",-1.55550198873063,1.74370055961357,-5.74996252006475,9.58744301716478e-05,0.00291223140463366,1.65887738504873,240.36,37.01,158.85,186.56,122.98,54.27,28.7,47.96,85.74,58.37
"2644","TRINITY_DN32698_c1_g1",-2.10351388336909,-1.72547273085982,-3.6903638347725,0.00314830311329718,0.0259811166577992,-1.68164121518337,30,6,22,10,18,10,1,4,5,1
"2645","TRINITY_DN32729_c1_g1",-1.04500212512422,-0.670174993936824,-3.14279741418129,0.00859799407470361,0.049747839029685,-2.41300083081326,31,11,25,20,28,10,10,10,25,4
"2646","TRINITY_DN32731_c0_g2",-2.02004502707715,-1.24980443358534,-3.32774932562235,0.00611295401824725,0.0401101226153892,-2.09700723949837,45,19,19,15,17,10,1,4,7,4
"2647","TRINITY_DN32738_c0_g1",1.42206824881103,-1.35156223504537,3.33763504545995,0.00600273442794507,0.039657600044977,-2.06826140220583,11,3,4,6,10,24,7,16,22,12
"2648","TRINITY_DN32745_c1_g1",-1.54218370950508,0.664854209708523,-7.71083954941983,5.87204555543659e-06,0.000603306271143259,4.26177089284006,92.19,32,68.07,66.41,69.44,28,15.46,21.98,29.33,23.04
"2649","TRINITY_DN3275_c0_g1",1.07768078570992,2.8573448139909,3.70848414156917,0.00304638758665365,0.0254371072784726,-1.96109467318029,247.6,38.52,149.02,96.42,121.39,411.66,225.08,206.08,521.32,196.06
"2650","TRINITY_DN32750_c0_g1",-1.08110295015519,1.06591540697952,-5.17453151164626,0.00024025370977755,0.00505285629132976,0.807137374982798,98.4,29,95.63,60,96,44,28,29,68.39,28
"2651","TRINITY_DN32761_c0_g1",-1.26192422966195,-1.25109392463727,-3.67979931942739,0.00320932883307876,0.0263243406993819,-1.53604971239831,18,5,21,16,24,8,4,4,10,8
"2652","TRINITY_DN32762_c0_g1",-1.65402410560028,-0.104105822950185,-4.16936817710623,0.00133316392914726,0.0147947131730486,-0.74799591438083,66,23,31,65,29,11,8,15,16,14
"2653","TRINITY_DN3284_c0_g2",-1.4892208014852,1.95390084131685,-7.06760550551617,1.38958648178569e-05,0.000950212470402027,3.54097730900103,239.55,54.11,161.66,165.88,182.84,96.23,40.79,65.2,87.32,37.8
"2654","TRINITY_DN32861_c0_g1",-1.05001742907111,1.11076424668962,-6.21406584131747,4.72724910651468e-05,0.00193438156281689,2.370400849138,91.63,28,98.65,77.93,87.34,49.95,24.14,42.98,48.96,35.02
"2655","TRINITY_DN32868_c0_g1",1.17664726198466,1.13366691823861,5.28227513519197,0.000201570566054253,0.00455418196586828,0.975943981354837,53.3,15,32.76,37.33,42.83,91.9,80.37,91.88,75.74,105.05
"2656","TRINITY_DN329_c4_g1",2.41289920430931,1.45453637625292,12.3345084820817,4.02216509190818e-08,4.12898696121334e-05,8.66314545578831,35.51,18,34.94,30.74,26.35,200.35,145.07,169.38,174.95,150.92
"2657","TRINITY_DN32927_c0_g2",1.4258629741399,-0.237295190355615,3.3337889078398,0.00604537496095683,0.0398451488717408,-2.13049182454857,25.72,5.15,11.56,9.05,18,39.16,70.45,38.85,28.26,20.3
"2658","TRINITY_DN32936_c0_g1",1.04830159089654,-0.781253796836389,3.48848786209003,0.00455037599262096,0.0331614088035358,-1.83147658510161,13.58,1,16.58,11.1,12.42,25.15,16.65,16.45,35.48,20.48
"2659","TRINITY_DN32944_c0_g1",-2.33842918551079,1.61228314688012,-8.92773959951484,1.30996840060969e-06,0.00026873066046793,5.74630563719007,278,83,141,166,169,38,36,25,46,32
"2660","TRINITY_DN32957_c0_g1",-2.43703053171495,-1.79690250675501,-3.98285594201374,0.00185774327324008,0.0183951141173875,-1.37797598062982,37.59,5,14.02,12,25.43,4.01,2,3.52,4.01,1
"2661","TRINITY_DN3296_c0_g1",1.06692900763966,5.17544858387499,11.0373714162611,1.36199243158681e-07,8.28274268967612e-05,8.00791812451619,676.21,289.87,591.79,735.83,711.76,1479.81,1217.34,1319.9,1682.06,1298.12
"2662","TRINITY_DN32962_c0_g1",-1.26291256489438,0.502803895885115,-3.45905804485111,0.00480254946158865,0.0343943196652953,-2.01711576101431,78.88,32,69.06,30.32,67.77,17.34,9,28.38,56.55,20.3
"2663","TRINITY_DN33025_c0_g1",-1.60647782009585,-0.639195507236552,-3.78904704943059,0.00263266311999953,0.0230714848614436,-1.34792098567161,32.03,9,42.22,48.52,18.7,7.1,10.27,11.29,8.26,8.3
"2664","TRINITY_DN33026_c0_g1",1.25856777291692,0.686645067137345,4.81287041671371,0.000438252390439061,0.00730594184795657,0.256948531777346,34,14,36,19,27,51,54,93,64,71
"2665","TRINITY_DN33043_c0_g3",-1.09985913962091,-0.78184888168104,-3.38013489028207,0.00555138373345208,0.0377061756432955,-2.01198763728319,29.4,8,25.75,16.22,29,17.79,7,5.01,11.01,11.02
"2666","TRINITY_DN33055_c0_g1",2.6834160043682,-0.537136194994724,5.07047789826603,0.000285083320040737,0.0056204740887214,0.507298285457721,16.2,5,7,2.22,10.59,80.99,33.89,28.23,42.4,49.9
"2667","TRINITY_DN33077_c0_g1",-1.55661099276725,-0.377217256295696,-3.23614032787638,0.00723710268345752,0.0445051903692993,-2.27891297572606,37,26,43,14,50,23,7,11,7,11
"2668","TRINITY_DN33141_c0_g1",-1.56623073272633,-1.02311321195384,-3.96379097114271,0.00192223927015761,0.0187926583998879,-1.08919692106415,28.94,5,17.26,31.75,30.56,13.04,4.03,7.55,6.37,5.13
"2669","TRINITY_DN33194_c0_g1",1.38460805294476,-1.05457562752596,4.03135606001462,0.00170355045224843,0.0173210659188929,-0.989023768203427,10.84,3.15,12.41,5.09,8.99,23.77,11.56,15.45,27.29,20.9
"2670","TRINITY_DN33203_c0_g1",-1.45154056120669,1.00417652264303,-5.3411275813875,0.000183265325110235,0.00429622904134654,1.07408296268137,124,22,94,63,120,26,36,28,28,47
"2671","TRINITY_DN33222_c1_g1",-1.54857794544294,-1.81394306514162,-3.33849226425588,0.00599327243622858,0.0396318342421288,-2.1351625133076,12.43,8,12,11,19.63,4.08,2,4,4,4.03
"2672","TRINITY_DN33242_c0_g1",1.00777292571581,1.59858824644401,5.12307772165647,0.000261414538187897,0.00531262804949459,0.681208762550618,84.49,17.66,65.72,33.63,75.76,111.43,102.77,115.54,162.83,100.1
"2673","TRINITY_DN33244_c0_g1",1.46218223404251,0.986302825415117,3.26776397568905,0.00682715979190019,0.042815708189138,-2.4074598422664,41.92,4,31.99,92.82,24.43,176.39,46.36,80.68,136.49,68.24
"2674","TRINITY_DN33256_c1_g1",-1.19792845972016,-0.240201745226336,-4.14426122679353,0.00139374596701008,0.0152332232880818,-0.787917166985831,47,15,28,26,45,9,12,20,18,12
"2675","TRINITY_DN33281_c0_g1",2.65197864301664,-2.34123152593779,3.26266559132827,0.00689162790720223,0.0430993068319136,-2.40098596174135,7,6,0,0,3,12,12,16,15,7
"2676","TRINITY_DN33294_c0_g1",-1.57029783872109,-0.0167185020348613,-6.14904446446022,5.21017655164256e-05,0.00203747930152517,2.20631628622232,55,20,44,34,55,11,14,13,15,19
"2677","TRINITY_DN33301_c0_g1",1.98663839460793,0.594471989922509,5.6643625549761,0.000109589810184575,0.00314157455862448,1.5671269428898,11,6,36,35,22,67,79,79,115,70
"2678","TRINITY_DN33345_c0_g1",1.14344298022047,3.33188428690653,6.9850024479856,1.55789429557937e-05,0.00102931676392649,3.32066350077997,150.04,88,194.84,177,197,492.52,383,432.84,454,270.88
"2679","TRINITY_DN33349_c1_g1",-1.17241800557437,-0.15443186793859,-3.25958189616755,0.00693091912160492,0.043238873329265,-2.28200243643511,45,16,37,19,55,19,14,20,9,16
"2680","TRINITY_DN33358_c1_g1",-1.77251769172232,-0.877751146195859,-4.51401300439786,0.000729895671228091,0.0100894555421966,-0.261721730407913,36.05,12,33,15.76,29.38,11.52,5.2,9.32,4.79,5.91
"2681","TRINITY_DN33360_c2_g1",2.29428131045511,-0.763149256105202,5.56903388192116,0.000127339764118029,0.00341126930792194,1.05971867430713,12,0,6,11.57,11,52,26.41,42.42,35,30
"2682","TRINITY_DN33382_c0_g1",-1.2017860866566,1.11699926547535,-5.86971217654332,7.96560741129332e-05,0.0026218567507065,1.87037179928781,98.5,23.17,92.3,97.99,99.79,30.88,27.44,34.84,47.41,53.13
"2683","TRINITY_DN334_c0_g1",1.06553612505759,4.36698163336732,9.49189679712636,6.88073648428745e-07,0.0001930942770016,6.40454272923341,409.12,149,362,387.98,400.03,731.83,789,865,811.27,828.26
"2684","TRINITY_DN33435_c1_g1",2.35373586594126,-0.287150134000707,4.47109009131766,0.000786131517567242,0.0105457416786318,-0.271808008877057,24,6,2,16,13,57.74,37,35,64.05,40
"2685","TRINITY_DN33444_c0_g1",-1.01409117506656,0.69828320281898,-3.69627577820446,0.00311467333106822,0.0257981017903153,-1.63255640165166,94.45,33.56,61.88,33.28,66.35,31.83,21.63,25.04,41.01,26.61
"2686","TRINITY_DN33457_c0_g1",1.73291662962317,0.482200153172035,5.9212485156316,7.35951755269772e-05,0.00251208120422321,1.92968208573508,24.26,1.91,20.63,25.64,37.32,73.36,50.17,61.51,114.05,75.99
"2687","TRINITY_DN33472_c0_g1",2.54376770075627,0.18036598881101,6.54410989075761,2.91093821641167e-05,0.00145127738035229,2.68590890520396,16.42,5.75,18.04,22.84,6.32,97.93,62.36,66.26,75.44,56.74
"2688","TRINITY_DN33476_c0_g1",1.63235332953689,0.354595404612316,6.84120867317638,1.90491659846775e-05,0.00114502420623186,3.14304892791003,27.8,6,20.25,18.82,21.03,68.18,36.73,68.31,93.16,46.22
"2689","TRINITY_DN3348_c0_g1",1.07150790998478,5.52460282608737,5.0292894779894,0.000305185760348695,0.00587059511838356,-0.0122970737600747,1201.97,369.55,686.49,1076.55,611.14,2375.98,1809.34,1789.91,1748.12,1306.58
"2690","TRINITY_DN33494_c0_g1",1.28330609585695,-1.33413614625393,3.72514495626394,0.0029556673702038,0.0249906269718396,-1.48483237002051,9,1,9.01,6.76,9.02,15.02,17.01,12.01,21.08,13.02
"2691","TRINITY_DN33498_c0_g1",-1.70755987940572,0.321937547047356,-4.58544711186938,0.000645421322304921,0.00933570183008481,-0.0915295866123813,37.05,22.94,96.76,49.94,89.58,25.55,20.72,15.31,17.1,10.98
"2692","TRINITY_DN33501_c0_g1",-3.08085527767854,-0.175298199267426,-4.38453049368274,0.000913709825303423,0.0115780328940767,-0.420439849521059,75,37,27,87,105,3,17,5,8,10
"2693","TRINITY_DN33516_c0_g1",-1.39199215810767,-0.32639528229623,-4.07413533924586,0.00157853481427855,0.0165205707986563,-0.896139706303615,42.18,16,47,36.01,24.99,13,6,12,27,7
"2694","TRINITY_DN33518_c0_g1",-2.22126993406663,-1.91805731963621,-3.88989974442633,0.00219485384743682,0.0205065570239868,-1.50813793649698,13,4,15,16,29,3,1,5,3,2
"2695","TRINITY_DN33529_c0_g1",-1.75468309064353,0.475443915089585,-5.05144386688963,0.000294194385324239,0.00574574162542407,0.64358906496403,88.65,22,69.61,60.31,77.8,36.54,28.19,18.11,24.1,5.03
"2696","TRINITY_DN3354_c0_g1",-1.57222271266388,-0.14482288243459,-5.00326240695976,0.000318651915689246,0.00601164634585383,0.563755772215906,59.02,18.6,51.68,22.78,46.05,18.96,9.89,8.31,16.05,13.78
"2697","TRINITY_DN33541_c3_g1",-2.31175431514954,-0.99874679974479,-5.41838995330183,0.000161853145129662,0.00395661239476211,0.836417115807503,30.51,11,40.22,18.84,39.58,7.07,4.72,5.22,3.18,6.49
"2698","TRINITY_DN33575_c0_g1",-1.60389318318424,-0.975193928766825,-3.523063875243,0.00427127682915057,0.0317609346876673,-1.77015933228955,27,7,27,19,32,6,4,25,4,7
"2699","TRINITY_DN33579_c1_g1",-1.24924863316267,0.793857634826203,-3.19509102918125,0.00780656697612699,0.0466657263801733,-2.52193314878164,112,40,113,30,61,35,15,29,51,21
"2700","TRINITY_DN33634_c0_g1",-2.18999859470406,-0.879421850633075,-4.75145910943485,0.000486212023221644,0.00780619345030942,0.0146730739254632,30,18,39,28,31,10,5,8,10,1
"2701","TRINITY_DN33648_c0_g1",3.83970566480908,-1.24111761676525,6.86322673468975,1.84683269701472e-05,0.00112463733111701,1.33844914342493,10.06,0,3.01,2.83,2.8,46.3,37.01,30.55,51.22,48.99
"2702","TRINITY_DN3365_c0_g1",1.01393308790459,8.74880001926991,11.5891711131964,7.99250686488358e-08,6.01855260844916e-05,8.37676875780263,7642.17,3489,7241.84,9156.14,8390.97,18693.24,15972.56,16990.91,16437.69,16065.51
"2703","TRINITY_DN33654_c0_g1",2.70152436537094,-1.75696862613627,3.85687773735044,0.00232928473515771,0.0213237470461851,-1.55899914509695,4.18,1,4.49,0,10.54,31.59,9.39,18.84,20.65,20.82
"2704","TRINITY_DN3366_c1_g1",1.07198439898881,0.548470802583914,3.25081921901794,0.00704381050565546,0.0437082917398466,-2.38125746812425,37.25,6,55.84,21.74,21.99,98.62,31.05,53.04,71.22,52.08
"2705","TRINITY_DN33681_c1_g2",-1.78218405739241,0.125564798734942,-6.23758933277417,4.56443935603737e-05,0.00190056613382209,2.33885771858235,70.17,18,56.88,40.28,70.4,12,5.12,18.98,21.99,21
"2706","TRINITY_DN33689_c1_g1",-1.06384955797351,-0.650365467598949,-3.30775451738305,0.00634219611336115,0.0409809825699295,-2.14635997362561,35.88,6,27.64,16.84,34.49,10.21,13.22,8.21,10.23,15.85
"2707","TRINITY_DN33711_c0_g1",4.4063599755111,-2.86319479380037,5.61669110277602,0.000118114305172343,0.00327937145493786,0.0351687964691196,0,0,0,0,1.38,10.18,17.08,31.73,18.55,9.1
"2708","TRINITY_DN33735_c0_g1",-1.34465664304568,1.72576281370876,-6.03865134801718,6.15393865469022e-05,0.0022471520050255,2.09363610548509,207.57,39,142.57,128.19,144.14,51.57,46.99,92.75,64.57,36.07
"2709","TRINITY_DN3374_c1_g1",1.22645441648159,2.80751460911193,5.31314631108711,0.000191739752892276,0.00440131831285959,0.844640728158498,138,21,151,174,121,273,360,323,283,277
"2710","TRINITY_DN33748_c8_g1",3.2327029305757,-1.32112307085904,4.43660901853405,0.000834571736892446,0.0109785120599989,-0.772188963298287,5.86,0,5.14,4.94,4.09,26.43,29.44,16.67,41.86,60.55
"2711","TRINITY_DN33768_c0_g1",-1.45876260864422,-0.309177613675276,-4.35511183333154,0.000961830330565918,0.0119909346359347,-0.444788854272845,53.2,20,33.19,21.34,37.73,15.43,11.08,9.46,9.73,14.2
"2712","TRINITY_DN33790_c0_g1",-1.09893433371082,-0.418308429215983,-3.27099889785975,0.0067865714626302,0.0426477930668115,-2.22898910296862,31.38,15,45.69,20.18,27.35,8.09,13.18,10.22,25.29,9.11
"2713","TRINITY_DN33800_c0_g1",-1.94661474137328,-1.32823689963481,-3.19636612224887,0.0077882149774567,0.046581431463386,-2.29479054714983,27,8,22,21,26,12,0,3,17,6
"2714","TRINITY_DN33840_c0_g1",1.8362057143057,-0.984508717702984,3.87241117079871,0.00226502299970218,0.0209121770612455,-1.24125196370174,14.18,3,6.55,3.63,11,18.96,29.18,39.16,24.95,14.61
"2715","TRINITY_DN33862_c0_g1",-1.88819131577028,0.514796178396601,-3.7164677582779,0.00300256458429263,0.025194290950847,-1.56507366468236,161.14,7,138.14,75.96,54.06,29.73,9.56,21.06,26.22,18.47
"2716","TRINITY_DN33874_c0_g1",1.50010337359241,0.582772348138032,3.34071808630649,0.00596877435039347,0.0395333484093476,-2.21955153220951,26.64,10,31.21,23.77,19.47,81.89,124.87,73.73,33.48,55.3
"2717","TRINITY_DN33887_c0_g1",1.19568911113256,-1.12244211109715,3.14449382198658,0.00857109354860659,0.0496526770278037,-2.3669505404981,11.15,2,6.01,7,16.21,14.1,10.35,26.51,22.6,16.34
"2718","TRINITY_DN33889_c0_g1",-1.89083374201663,-1.33291994328569,-3.95848159634018,0.00194060903237118,0.0189362715756726,-1.17194850846463,33.93,6,16.48,19.19,24.72,10.14,4.36,1.01,7.68,4.33
"2719","TRINITY_DN33892_c0_g1",-1.60659862484503,-0.849107823783909,-5.37367355806632,0.000173902585565102,0.00414345423211184,0.949915401302636,36.98,10,23.02,21.07,31.7,11.07,5,6.99,9,5.97
"2720","TRINITY_DN3390_c0_g2",-1.45087300804829,-0.0444653804892724,-5.03467436025781,0.000302475079599121,0.00584611887306551,0.617085505297479,53.56,8,47.38,46.08,60.61,19.7,6.44,15.58,19.35,17.11
"2721","TRINITY_DN3396_c2_g1",1.85993656081211,4.72280530720002,9.25457419204362,8.98777826325243e-07,0.000214276962239116,6.11925342266129,487.23,159,358.09,281.27,386.97,1562.83,1268.65,874.12,1569.91,1597.46
"2722","TRINITY_DN33967_c0_g2",-2.38137739169886,0.099711885726708,-7.5482549610656,7.26594175813182e-06,0.000670447557890589,3.85265174609346,83.25,34,71.09,46.06,68.61,11.01,7.06,10.1,27.26,6.02
"2723","TRINITY_DN33986_c0_g1",-1.1061795694604,1.13695438232104,-4.52211819195957,0.000719756223224125,0.0100098863172537,-0.264323553271711,77.86,45,88,80,99.8,47.19,18,40,69,30.67
"2724","TRINITY_DN33996_c0_g1",-1.47224908878227,1.3334648372589,-5.70185678396252,0.00010334289760604,0.00303612807613152,1.61281555222082,123.39,64,105.62,84.44,128.34,33.1,23.13,62.28,64.39,25.05
"2725","TRINITY_DN33996_c0_g2",-1.08804672355147,-0.0908446184432552,-4.04476718524719,0.00166329289732762,0.0170861769795684,-0.960841688616211,54.58,18,41.29,24.7,33.53,17.64,10.97,12.21,21.51,18.13
"2726","TRINITY_DN340_c7_g1",-1.3949858225679,4.11187494748043,-6.74860026029515,2.17139899655869e-05,0.00124587693208413,2.88925408460599,814.18,254.6,1027.23,748.09,655.83,334.35,174.81,205.18,448,376.9
"2727","TRINITY_DN34033_c0_g1",-1.08030878024375,0.52968255192756,-3.24603596568626,0.00710621663164192,0.0440115009599424,-2.3984693205802,75.47,15,58.5,45.55,71.35,26.86,30.36,55.57,16.17,16.16
"2728","TRINITY_DN34034_c0_g4",-1.06640353674071,-0.419341817696665,-3.87054979842104,0.00227262620950663,0.0209667000126424,-1.22897395268769,31.87,11.04,30.83,21.8,42.65,10.22,7.39,11.43,22.46,14.06
"2729","TRINITY_DN34041_c1_g1",-1.61897484750858,1.46412788401115,-5.56495510945807,0.000128163941615155,0.00341883602511947,1.3965119446489,231,52,109,98,123,49,19,42,60,45
"2730","TRINITY_DN34055_c0_g1",-1.77789732828642,-0.135701885705553,-6.53612752668428,2.94476572463322e-05,0.00145638698847071,2.67008281792461,73.99,14,49,31,51,14,9,10,18,11
"2731","TRINITY_DN34060_c3_g1",1.57551091858472,1.30205820185098,5.96963033902251,6.83486395361354e-05,0.00240341218341531,2.01523768918532,54.78,22.62,36.18,22.31,43.29,135.24,102.53,132.25,145.73,63.71
"2732","TRINITY_DN34064_c0_g1",1.60540426707889,0.163613439762296,4.23122863188775,0.00119526865605503,0.0138419821781857,-0.656004131690447,48.84,2,13.64,25.42,12.31,67.6,33.14,57.25,80.92,42.19
"2733","TRINITY_DN34085_c0_g2",-1.1829435444964,3.35810700002365,-9.06333553399184,1.11900996530073e-06,0.00024244430644698,5.9752050753784,444.14,203,404.31,390.12,383.34,188.17,176.58,217.88,186.95,153.9
"2734","TRINITY_DN34091_c0_g1",1.59897389278532,-0.0827182476979762,7.18647476114577,1.18056646320361e-05,0.000862297460750534,3.45489653220165,19.29,5.11,15.14,15.12,14.11,45.69,39.67,43.21,45.21,39.15
"2735","TRINITY_DN34122_c0_g1",1.7137248501508,-0.237322689850884,4.59393545281796,0.000636084748370312,0.00924381290712403,-0.0698011140943828,13.63,7.6,14.88,8.56,16.02,21.87,50.45,48.78,56.81,27.07
"2736","TRINITY_DN34122_c1_g1",1.26704484321457,-0.942445154443277,3.5133556871075,0.0043478314353721,0.0321825414385929,-1.78664923689082,17.26,8,7.37,7,8.02,19.56,14.05,25.27,24,13.08
"2737","TRINITY_DN34133_c0_g2",-2.31210064993561,0.762128206526807,-5.00052881571554,0.000320102028309186,0.00602611586708403,0.559193747669514,55,41,123.07,155.95,118.45,28.4,25.61,9,34,10
"2738","TRINITY_DN34144_c0_g1",1.27743049607084,-0.63532207294926,3.18907446959262,0.0078937515999644,0.0469850948327166,-2.33618857230621,8,7,27,12,8,26,20,25,26,24
"2739","TRINITY_DN34157_c1_g1",-1.82869713428144,0.188334695129604,-5.99658538797218,6.55988823527552e-05,0.00232867523528235,2.01888781198702,70,21,67,34,85,15,8,18,30,10
"2740","TRINITY_DN3419_c0_g1",1.17904497211592,2.99785592548843,6.9501751101013,1.63525583957371e-05,0.00105231535069915,3.30756913948989,130,66,151,160,130,419,310,297,384,230
"2741","TRINITY_DN34190_c0_g1",2.30263229624632,-1.77641197077142,3.13945208392935,0.00865129143010547,0.0499392299921616,-2.43806092419013,11,1,4,7,0,33.03,12,11,17,12
"2742","TRINITY_DN34208_c0_g1",1.36735607343524,1.54679574442928,4.79278225003129,0.000453370225095604,0.00747322601687222,0.150182018322535,68,21,67,33,39,123,142,178,96,110
"2743","TRINITY_DN34210_c0_g1",-1.30654677824492,-1.52673066905828,-3.22968028131,0.00732385887676268,0.0448244263972982,-2.23860054332699,20,3,13.34,15.4,21,4,5,3.16,12,4
"2744","TRINITY_DN34220_c1_g1",-1.85699019605725,0.589179023999359,-4.03003753940475,0.00170756240798875,0.0173361663216852,-1.03088742285452,141.72,42.18,60.05,29.15,113.86,15,12.08,23,29,22.15
"2745","TRINITY_DN34225_c0_g1",1.24076321935651,1.96755844925732,5.91440202812352,7.43714062698381e-05,0.00252145651795359,1.89207757298976,112.53,17.34,80.84,53.52,64.94,163.16,169.31,177.86,152.06,175.55
"2746","TRINITY_DN34228_c1_g1",1.09864006327635,4.82226426505647,7.94724392060357,4.33190459360602e-06,0.000523872288919413,4.47717055580423,613.12,176.07,465.4,591.45,522.78,1109.36,1212.12,1248.65,1065.7,981.29
"2747","TRINITY_DN34233_c2_g2",2.12844498574202,-1.3617916092306,3.26634000466332,0.00684510400193647,0.0429108103463526,-2.1893198051517,5.17,6.25,4.18,2.52,10.16,20.93,6.11,37.73,34.29,11.31
"2748","TRINITY_DN34249_c0_g1",-1.51592295464351,1.5539157031721,-3.86113145072996,0.0023115026498438,0.021217580737707,-1.45686286549214,81.58,43.17,117.98,146.05,274.83,36.18,35.04,53.46,38.17,77.31
"2749","TRINITY_DN34288_c0_g1",1.59902474843782,-1.17233667783441,3.86791279529515,0.00228344269345578,0.0210413400142527,-1.25737468039539,5.02,3,12.35,7,9,23.27,14.31,17,32.06,11.53
"2750","TRINITY_DN343_c2_g1",1.8381648372767,-0.0275408275968815,6.2313786731318,4.60683756263592e-05,0.00190786724223771,2.27781125667162,19.69,2,11.42,17.71,19.75,46.38,33.05,60.76,55.58,62.76
"2751","TRINITY_DN3430_c1_g4",-3.63735910291999,-2.14371943520174,-4.33450546972058,0.000997101189395998,0.0122706892817985,-1.16103712668114,29.43,5,29.54,31.71,14.1,0,0,6.6,1.83,2.67
"2752","TRINITY_DN34315_c0_g1",-1.45780113212561,-1.74337942381043,-3.31301093734355,0.0062810997722215,0.0407383653527032,-2.15388484254786,19,9,12.63,10.63,12.48,5.26,2.12,4.26,4.23,3.13
"2753","TRINITY_DN34365_c0_g1",-2.37842358663316,-1.10925148819158,-4.48771519531745,0.000763832075542353,0.0103727959095204,-0.422698092357519,34.97,7.03,33.77,16.16,53.2,2.04,5,2.26,11.13,6.22
"2754","TRINITY_DN34366_c2_g2",2.78940409166563,-1.98622122754308,3.69614632727727,0.00311540574732592,0.0258007073613037,-1.83648357443449,0,1,2,1.4,13.88,28.68,14.05,15.25,17.03,10.62
"2755","TRINITY_DN34367_c0_g2",2.53572729587762,-1.38213274365657,3.30427174490972,0.00638300829002318,0.0411288736191538,-2.15184612931215,0.96,7,10.46,6.4,4.62,14.71,35.27,13.86,37.23,15.16
"2756","TRINITY_DN34370_c4_g1",-1.75741081740002,-0.898568945452641,-5.49104003481364,0.000144117424732668,0.00367264513266832,1.05919156928901,26,10,29,23,38,6,6,8,11,4
"2757","TRINITY_DN34376_c0_g1",-3.19650694015272,-1.60602812057409,-4.88359650913501,0.000389096458786254,0.00679082197205585,-0.475306661172712,25,17,37.84,21.85,22.26,2.15,1.05,0.71,3.2,4.04
"2758","TRINITY_DN34399_c2_g1",-1.79478101401398,0.161898536201729,-4.8527796129807,0.00040976355755439,0.00702718315171004,0.338169954992444,78.32,26,35.47,46.55,78.84,13.35,7.24,9.15,31.42,20.19
"2759","TRINITY_DN34434_c0_g1",-1.83612301179467,-1.00680969721442,-4.09877338734561,0.0015108794688831,0.0160657457283612,-0.911910646969746,24,19,26,24,24,8,1,10,8,6
"2760","TRINITY_DN34436_c0_g1",1.61083634246399,0.421679358256852,3.93162471655989,0.00203634572323961,0.0195697047765927,-1.17785888467724,19.85,7,37.26,23,15.26,32.06,96.6,84.81,69.44,50.34
"2761","TRINITY_DN34436_c1_g1",1.14059014841911,-0.142586345432184,3.19021721438778,0.00787711712370338,0.0469372357977546,-2.39467155930998,11,8,23,14,25,24,46,43,41,23
"2762","TRINITY_DN34466_c0_g1",-2.85146012455671,-1.49467555036221,-3.80026242540636,0.00257982735982804,0.022783063474637,-1.53510189528919,48,6,30,11,41,3,11,1,4,1.06
"2763","TRINITY_DN3449_c1_g1",-1.11504850989239,1.43573454094691,-4.58270965179843,0.000648462763975913,0.00936638099414846,-0.197444160771727,90.25,36,109.43,150.73,113.39,72.36,42.94,39.34,66.96,30.27
"2764","TRINITY_DN34496_c0_g2",-1.35767788273609,1.90385548039252,-7.149536209385,1.24167376254739e-05,0.00088228850966371,3.65136679586829,170.28,76.3,140.27,133.95,189.02,65.5,54.89,66.43,53.22,69.55
"2765","TRINITY_DN3452_c2_g1",-1.2724318387593,2.75267174918205,-7.46042362535186,8.16267793091724e-06,0.000716968758006085,4.02537055494171,244.46,103,333.75,311.68,283.76,140.02,114,100.13,174,76
"2766","TRINITY_DN3452_c3_g1",1.29428742336506,1.5777749261027,5.65656874972092,0.000110937758061164,0.00316991424560885,1.52816237414547,53.32,20.7,67.31,57.57,40.2,95.49,107.22,143.09,201.14,100.51
"2767","TRINITY_DN34588_c0_g2",2.39509004817594,-0.351429572803595,4.60365381925866,0.00062556819118052,0.00915543623462063,-0.111396721452342,24,0,9,5,20,34,42,53.04,63,86
"2768","TRINITY_DN34604_c0_g1",-4.06339643603601,-0.201879010115776,-7.59472719273048,6.8345934293809e-06,0.000655483283421238,3.058067459906,112.33,55,88.84,58.28,120.21,5.08,6.2,5.05,8.11,1.01
"2769","TRINITY_DN34635_c0_g1",-4.80503603469377,-2.80695004659751,-7.28234312693912,1.0364593010065e-05,0.000795022222590673,1.18795736788644,33,8,24,11,25,0,0,0,0,1
"2770","TRINITY_DN34653_c0_g1",-3.23368977051641,2.15097496139191,-7.59533949429559,6.82909621776875e-06,0.000655483283421238,4.2271336256526,697.04,143,220.09,334.01,381.54,24.82,43.02,33.55,75.2,26.62
"2771","TRINITY_DN34656_c0_g1",-1.75703159901728,-0.248165991628695,-4.7333621609981,0.000501370138343728,0.00794809824527973,0.144346992078965,57.43,21,27.29,35.11,55.37,18.11,3.03,12.05,13.18,12.07
"2772","TRINITY_DN34670_c0_g1",-3.02161764063693,-2.09366213074997,-3.91846100814754,0.00208503686832169,0.0198438434872269,-1.6228503477659,28,9,14,10,29,1,1,5,4,0
"2773","TRINITY_DN34670_c0_g2",-3.21242894833853,-1.01706825590857,-5.25452824849019,0.000210859941283692,0.00467846915357003,0.364160845984672,27.38,16,60.72,35.28,57.57,1.72,4.05,3.72,9.14,1.72
"2774","TRINITY_DN34670_c0_g3",-4.27624329977494,-0.843546324449654,-5.70990326858079,0.000102052022323016,0.00301507572937876,0.56575275776706,108.84,22,97.49,41.57,60.58,4.01,0,3.03,7.13,4.04
"2775","TRINITY_DN34673_c0_g1",1.42573506366645,-0.105675853087945,4.31941979855696,0.00102377366134759,0.0124858732057853,-0.505333914569186,20,10,13,21,11,39,42,24,53,35
"2776","TRINITY_DN34683_c1_g1",1.61734472175485,-0.641783795427379,3.23776576267531,0.00721543761393953,0.0444250515291193,-2.24535812975625,5,7,10,16,15,37,32,21,18,32
"2777","TRINITY_DN34685_c0_g1",-1.2694832211592,1.18978283935433,-6.23209676887773,4.6019140429796e-05,0.0019071073042007,2.39582378697164,107,46,102,79,91,59,28,28,45,35
"2778","TRINITY_DN34717_c0_g2",1.50724497315877,-0.544279323688842,4.24203577171079,0.00117273930017149,0.0136847868782954,-0.627376960224865,16,5,8,8.61,17.49,21.47,24.07,47.39,37.69,21.44
"2779","TRINITY_DN34741_c0_g1",2.94556937323474,-0.445889582969947,4.9802892846417,0.000331056636148911,0.0061572545689527,0.369859234769443,5.03,1,20.75,18,4,66,24,66.88,71.99,54
"2780","TRINITY_DN34769_c0_g1",-3.14209899951212,-1.96933079445299,-4.14403096183951,0.00139431460418621,0.0152332232880818,-1.35288342533037,32.03,6,16.66,13.29,32.91,1.01,1.03,10.14,0,1.01
"2781","TRINITY_DN34863_c0_g1",1.15235058109486,1.41903846744998,4.44541559880664,0.000821911451625389,0.0108582345560472,-0.425032252455027,38,24,47,75,43,126,65,94,137,114
"2782","TRINITY_DN34870_c0_g1",1.36938915360543,0.825149553378914,3.39010656264532,0.00545057048729043,0.0373501083619143,-2.16838998072241,40,6,40,12,68.94,73,95.88,49.18,84.56,110.19
"2783","TRINITY_DN3492_c0_g1",1.2812149608193,3.56214880778203,4.20087610552028,0.00126097806752981,0.014320925825608,-1.1900233152789,385.44,61,305.38,88.63,197.77,602.5,601.92,368.95,642.33,384.23
"2784","TRINITY_DN3493_c1_g2",3.59453326967159,-1.39429254675626,3.99009129888899,0.0018338550454289,0.0182199326379957,-1.39812617355494,7.25,0,6.17,3,2,26.46,11.7,47.39,77.28,36
"2785","TRINITY_DN34991_c1_g1",1.29561753554143,-0.523026348757653,4.00100875554845,0.00179840892034071,0.017985963161113,-1.00903490605652,9.73,2,17.27,12.11,20.49,31.8,32.13,25.03,29.22,26.02
"2786","TRINITY_DN34993_c1_g1",-1.43054796054581,-0.292475627832862,-4.33123531117407,0.00100282106066182,0.0123056826020958,-0.482952086183843,36.5,17.08,27.78,26.01,65.94,11.77,9.07,14.58,15.2,9.64
"2787","TRINITY_DN35014_c1_g1",-1.15755335815147,-0.552355971926542,-4.4613689227442,0.000799484075289248,0.0106669279777356,-0.281274526730031,33.87,12,25.16,27.9,27.05,12.47,12.12,10.92,12.63,7.67
"2788","TRINITY_DN3506_c2_g3",2.41013001150681,-0.0239470529692139,3.98950763447525,0.00183577025239872,0.0182330933802664,-1.02776453564941,17.03,0,15.01,6.83,36.56,44.35,30.38,83.79,158.11,75.52
"2789","TRINITY_DN35072_c0_g1",-1.40108369156229,1.42706866605752,-5.79094600089222,8.99620902827747e-05,0.00279988868486934,1.74132628192688,118.34,41,177.74,79.55,137.04,43.17,31.5,46.87,80.36,28.26
"2790","TRINITY_DN35073_c0_g1",-1.36576750411402,-1.2840179537829,-3.39307061987153,0.00542096403774946,0.037254723138893,-1.98092834487276,30,7,16,19,16,6,2,7,13,4
"2791","TRINITY_DN35087_c0_g1",-2.8731229808856,-1.11185404637522,-3.65925008465136,0.0033315276045647,0.026940173720097,-1.62839553321106,53,14,22,35,29,10,4,20,0,2
"2792","TRINITY_DN35098_c0_g1",-1.74873763573923,-1.323430043585,-3.870695075676,0.0022720318459275,0.0209643488377662,-1.28687171424396,22,8,25,11,30,3,4,4,8,8
"2793","TRINITY_DN35118_c1_g1",1.52011396849005,-0.412379170074161,3.3041487107163,0.00638445489673411,0.0411339024377648,-2.16338663603384,24.79,8.24,5.28,22.28,8.97,30.65,24.99,40.93,28.49,30.03
"2794","TRINITY_DN35121_c0_g2",1.26045170871572,-1.293736386041,3.35749169632405,0.00578739597096575,0.0387445723897224,-2.03395264568192,12.52,2,5.37,9.19,8.08,16.77,8.01,17.31,19.46,17.04
"2795","TRINITY_DN35121_c1_g1",2.25002180708565,-1.45575988844774,5.20425967764549,0.000228856268040932,0.00491698567814596,0.291755661023968,7.4,1,6.15,4.46,4.15,23.71,17.8,16.36,30.51,13.3
"2796","TRINITY_DN3513_c3_g1",1.02179290224799,-0.0528150415189519,3.28916253855217,0.00656316534738307,0.0417710094692033,-2.23489926277655,25.32,2,20.78,29.9,17.03,54.5,22.69,38.84,53.48,27.03
"2797","TRINITY_DN35130_c0_g1",-2.35701910952691,-1.85600608106307,-3.23152730230206,0.00729894731921921,0.0447230715622459,-2.37128564305546,27.33,11,17.12,10.78,18.68,1.23,0,1.22,14.36,4.96
"2798","TRINITY_DN35148_c0_g2",-1.94194791477127,0.447867349081991,-5.7372795493218,9.77863348389437e-05,0.00293968383818651,1.67156182861159,93.86,27,76.08,52.04,83.28,21.54,6.06,9.39,31.45,34.16
"2799","TRINITY_DN35166_c0_g1",2.48448850603931,-1.48809338186221,3.37352550377426,0.00561924609299397,0.0379967229958016,-2.06906807095155,12,4,1,5,4,26,7,25,44,12
"2800","TRINITY_DN35172_c0_g1",-2.34414415517736,0.193456202739582,-4.50422408216786,0.000742340407687856,0.0101983494671838,-0.210703563537819,81,33,64,37,115,3,6,18,30,24
"2801","TRINITY_DN35173_c0_g1",-2.06617790140692,-0.632413343224454,-5.81183644489299,8.70980308350706e-05,0.00275952735120062,1.53430680600397,44,18,33,28,38,6,11,4,12,7
"2802","TRINITY_DN35201_c0_g1",-1.90255971048128,-0.235873369712026,-4.38126971056592,0.000918917791471555,0.0116273229073331,-0.403253567893147,61.45,8,66.95,50.59,38.32,5.18,13.63,6.15,30.13,11.36
"2803","TRINITY_DN35208_c0_g1",-1.50262013326356,-0.0737687889875681,-5.04558189708163,0.000297061582025381,0.00577388069624954,0.63188081670513,64,15,42,28,57,14,13,8,25,14
"2804","TRINITY_DN35214_c0_g1",3.8801935384676,-1.2255153296827,5.8070884439113,8.77403930562374e-05,0.00277266826532065,0.545201076661456,3.7,2.49,1.56,2.56,4.61,27.48,35.97,36.31,57.73,58.96
"2805","TRINITY_DN3527_c7_g1",-1.67937167457416,-0.732108747584892,-3.56902422535387,0.00392710094390948,0.0300782224118733,-1.69804960981692,38,15,23,33.57,25.8,10.41,12,2,18.68,5.07
"2806","TRINITY_DN35297_c0_g1",-2.37277439952144,1.18943253216605,-6.56361135673275,2.83002169086255e-05,0.00143353715641822,2.85487515213231,241.08,57,135,74,156,27,12,43,29,25
"2807","TRINITY_DN353_c1_g1",-1.24637737422166,1.48800002125397,-7.94049859443382,4.36927882350032e-06,0.000523872288919413,4.64086132337813,134,44.09,108.78,112.74,125.47,48.78,34,45.14,71.98,43.07
"2808","TRINITY_DN35307_c1_g1",1.50756770981997,1.45342868353251,4.40567804322137,0.000880671310618128,0.0113141532258821,-0.485664014639934,72.46,8.61,22.7,57.31,71.94,115.79,93.22,153.84,121.73,173.04
"2809","TRINITY_DN35319_c0_g1",2.03072632567252,-1.26329203026245,4.22492196461224,0.00120862314211349,0.0139330750807819,-0.792231487561653,7.26,4,8.12,4,6,21,9,16.73,32.68,29
"2810","TRINITY_DN3532_c1_g1",-1.4270099845689,1.22590004703515,-5.46889147498475,0.000149296259251978,0.00376900004677658,1.25990277188592,102.48,17.02,143.89,107.38,143.81,43.3,26.09,35.79,49.23,41.16
"2811","TRINITY_DN35351_c0_g1",-1.40362198823022,-0.644281492558302,-3.26043455221632,0.00692003231334835,0.0432094403159707,-2.21449245441649,35.19,8,38.06,15.82,43.79,17.6,4.4,22.91,8.73,4.28
"2812","TRINITY_DN35368_c1_g1",1.21400499029036,0.363300058914562,3.79130774486044,0.00262192415427813,0.0230165727435834,-1.41637391589442,41.29,2.78,24.95,32.88,19.39,39.64,38.95,73.18,77.32,54.17
"2813","TRINITY_DN35387_c0_g2",2.67322373794923,-2.07026679313941,4.70289145105084,0.000528020216648519,0.00821678234314838,-0.75037247518548,1.53,0,5.06,3.24,4.43,11.64,13.44,18.64,16.81,14.69
"2814","TRINITY_DN3545_c0_g2",-1.97499355039165,0.407523576344038,-7.08338156130567,1.35970712502613e-05,0.000938091570459365,3.45554955332515,73.38,33.96,104.83,42.34,72.46,15.85,16.31,16.15,19.47,14.99
"2815","TRINITY_DN35481_c0_g2",1.11532165057891,-1.06753085476148,3.55763622077718,0.00400964935875581,0.0304498620839324,-1.71549088598606,13.18,4,7.87,8.57,9.8,14.64,14.4,16.49,19.81,20.25
"2816","TRINITY_DN35482_c0_g1",-1.69759047186509,1.95123492195275,-6.79365104170318,2.03712118131313e-05,0.00120026868992102,3.1687645953777,296.22,75,208.99,130.21,159.29,77.23,41.08,54.14,88.3,36.35
"2817","TRINITY_DN35491_c1_g1",2.03814757750992,-0.377154387566791,3.71828523593561,0.00299267893574738,0.0251554504389504,-1.46219905031662,8.78,1,15.45,9.97,20.14,32.21,62.19,60.72,69.71,15.24
"2818","TRINITY_DN35511_c0_g3",1.32684680633909,0.636628716538088,6.01834843448374,6.34643741815481e-05,0.00229169484032879,2.08118571620484,38.49,5,31.27,25.14,30.24,66.03,72.69,64.88,68.97,69.35
"2819","TRINITY_DN35518_c0_g1",-1.79029586710428,0.728934581647578,-3.95436671332368,0.00195497058076542,0.0190403033787229,-1.17686184562285,130,28,116,104.08,39,22,34,14,45,12
"2820","TRINITY_DN35538_c0_g1",1.56139323508393,0.553131656264251,3.23463888299666,0.00725717351000478,0.0445828135720759,-2.38360305574926,53.43,0,25.93,28.37,35.11,123.05,99.71,66.5,56.69,66.14
"2821","TRINITY_DN356_c0_g1",3.9173755663872,-1.53535941765318,3.25678921848582,0.00696669775272394,0.0434042632262333,-2.37505713086203,3,5,1,1,4.02,25.79,11,99.76,38,41.13
"2822","TRINITY_DN35609_c0_g1",-2.66229868401795,-1.39008417527501,-4.95782098241019,0.000343679975196942,0.00629585451410936,-0.070815330145221,40,13,24,15,32,6,1,2,5,4
"2823","TRINITY_DN35655_c0_g1",-3.24914457177559,-1.05231196121057,-5.25867270177029,0.000209444253313242,0.00465619290631716,0.335331856280991,55.07,14,64.19,20.66,47.45,7.26,1,6.13,6,1
"2824","TRINITY_DN35655_c1_g2",-2.5290961849632,-1.69902435742116,-3.53015098598428,0.00421626050439158,0.0314807319982069,-1.94692601729784,32.53,8,16.39,12.72,33.2,7.77,2.14,2.13,8.52,0
"2825","TRINITY_DN35682_c1_g1",-1.50003642031356,-0.0364983948107301,-3.32398538056973,0.00615545702671975,0.0402421556893479,-2.17693695551218,34.32,29,22.14,64.98,62.03,10.36,16.93,13.4,14.1,15.31
"2826","TRINITY_DN35709_c0_g1",-2.49832385033329,0.482854202519586,-8.58374943121558,1.96995620160082e-06,0.000327872925974253,5.10223344978661,123,35,80,58,116,22,10,13.05,14,16
"2827","TRINITY_DN3572_c0_g1",1.30988575027314,4.7755788068597,5.6008198163514,0.00012110563230844,0.00331993737052291,1.03536918801804,434,177,464,564,466,1656,1486,1155,907,818
"2828","TRINITY_DN35726_c0_g1",-1.18305618125886,-0.236090018708046,-3.90574339318581,0.00213321872652461,0.0201311224405465,-1.18140849949766,47.41,11,46.72,25.05,36.69,13,12,17,28.7,6
"2829","TRINITY_DN35730_c0_g2",1.87812557442221,-0.768428787435199,3.59185051772295,0.00376682875614055,0.0291652494123354,-1.66098517468241,16,4,2,13,14,28,15,25,37,37
"2830","TRINITY_DN3574_c0_g2",2.88970758927488,-1.15327684143561,4.43681578016243,0.000834272180279161,0.0109769099910244,-0.579961142733275,9.34,4.35,2.56,8.44,2.12,40.39,36.16,35,25.54,16
"2831","TRINITY_DN3574_c2_g2",1.08222774894394,2.29672448475916,5.82888430099115,8.48323278285588e-05,0.00271410703562583,1.72491246803025,75.48,45,96.23,82.51,105,162.07,213.1,213.59,198.77,176.87
"2832","TRINITY_DN35755_c1_g2",-1.84677235496616,-0.811144153039187,-4.08863017487372,0.00153836148273738,0.0162604148053854,-0.882681019953407,56.16,4,31.56,27.4,30.84,7.11,3.96,13.01,5.62,12.98
"2833","TRINITY_DN3578_c0_g3",1.68390116682121,2.46979649822432,8.66567640731636,1.78556938667144e-06,0.000312785926024447,5.53389342790701,87.48,28.38,115.88,60.73,93.01,261.42,193.87,358.01,276.1,287.48
"2834","TRINITY_DN35792_c1_g2",-1.55704600534168,0.849725130994251,-6.2090732991083,4.76258984567895e-05,0.00194028656670958,2.35962603673762,81,28,96,82,89,17,33,37,23,31
"2835","TRINITY_DN35843_c0_g1",-2.23855097136415,-0.434566718546692,-3.43353308933826,0.00503277027242693,0.0354671877176236,-1.9175251429879,47,22,43.6,49.99,48.6,19,0,14.99,29,5.99
"2836","TRINITY_DN35844_c0_g1",-1.69876105940715,0.33742383732372,-4.68954172503086,0.000540159069779385,0.00835096200318915,0.0749458764556437,90.01,17,77.01,29,95.01,11,15,18,31,19
"2837","TRINITY_DN35864_c0_g2",-1.66734658073924,2.35766836049338,-3.5938222533418,0.00375330203580028,0.0290935091773281,-2.06482568406433,384,122,243,103,345,53,29,56,217,123
"2838","TRINITY_DN35879_c0_g1",-1.50893330237068,0.122111652515984,-4.18639235732243,0.00129364379597518,0.0145183418963787,-0.735717258641093,66.69,14,63.94,56,40.01,16,5,13,45.94,18
"2839","TRINITY_DN35894_c1_g1",-1.21056298039018,0.174716834898853,-3.32830283892599,0.00610672880682759,0.0400891229389741,-2.20479479260629,39.1,13,98.5,40.59,46.33,21.2,7.15,28.15,31.61,14.08
"2840","TRINITY_DN35894_c3_g1",-1.41894645538782,-0.333041212001835,-4.02715486532919,0.00171636778120842,0.0174000888077739,-0.97303162056034,30,11,55.48,31,43.18,7,8,22,21,8
"2841","TRINITY_DN35916_c1_g1",-1.13034836040599,-0.201373570453896,-3.89359748333081,0.00218030656453362,0.0204169805500185,-1.20516031369935,64,10,33,34,29,13,16,16,17,12
"2842","TRINITY_DN35917_c0_g1",2.92830244527772,0.936242410786275,9.45281318260077,7.1876039432147e-07,0.000195515492636838,6.03522638545883,14.82,15.25,14.98,17.32,26.37,166.03,138.72,152.98,118.49,105.63
"2843","TRINITY_DN3593_c0_g1",1.68422698706902,0.80706152936164,3.63183994770157,0.00350198405296463,0.0278417202705069,-1.73717268441128,11.37,8,43,29,55.69,145.63,81.81,72.6,119.44,39.23
"2844","TRINITY_DN35934_c0_g1",-2.46492651625556,-1.38155698051259,-3.70953357721376,0.00304058985674536,0.0254061181836053,-1.60139725334951,19,8,32,29,33,16,0,7,5,3
"2845","TRINITY_DN36_c5_g2",1.20315292631203,1.43300415192401,5.12903099054489,0.000258868942467712,0.00529292697334315,0.709769247918476,90.62,15,52.54,33.4,42.84,123.55,91.96,141.51,106.62,100.85
"2846","TRINITY_DN36007_c0_g1",1.70641910415935,-0.880880896961398,3.80873380889135,0.00254064222620357,0.0225790984720233,-1.32603323264653,6,1,17,14,8,29,32,18,34,18
"2847","TRINITY_DN36018_c0_g1",1.32739024752231,0.811081481788421,5.09190964719395,0.000275178415389172,0.00549409662760357,0.695404542883759,56.26,15.26,31.82,19.31,22.83,76.05,57.8,86.04,95.56,54.33
"2848","TRINITY_DN36028_c2_g1",-1.26879477451772,-0.779577183346686,-3.2739172405404,0.00675016470951789,0.0424968566969118,-2.18435391494039,29.93,3.85,34.36,21.55,36.9,8.04,2.46,11.82,17,14
"2849","TRINITY_DN36058_c1_g1",1.64358316791754,-1.29627685842921,3.45297652604579,0.00485640984721571,0.0346397642739618,-1.89371361840594,8.25,5,9.77,5.07,4.98,18.57,11.88,29.34,13.51,15.16
"2850","TRINITY_DN36078_c0_g1",-3.64516172060073,-0.484547731534065,-6.21945060342967,4.68944380386941e-05,0.00192981394637183,1.71343369839164,118.61,19,57.68,41.99,100.86,2.01,2.07,8.2,7.07,5.91
"2851","TRINITY_DN36132_c0_g1",-1.39698680568298,0.571658817310272,-4.94260516467711,0.000352514844314689,0.0063889306154222,0.467635754120716,83.15,20,75.1,47.2,77,21.09,16,14.04,32.05,45
"2852","TRINITY_DN36136_c0_g1",-2.97484819063814,-2.02382715398493,-3.81008025072695,0.0025344707455499,0.0225384263427583,-1.7350174938712,28,8,26,15,14,0,0,5,6,5
"2853","TRINITY_DN36139_c0_g1",-1.44502244774799,0.248638110999862,-3.85326957874746,0.00234447855800799,0.021421554010044,-1.30737278801308,112.26,19,39.31,40.43,48.24,20.1,27.49,13.12,14.2,19.1
"2854","TRINITY_DN36141_c0_g1",-1.4274894534631,1.34688994361787,-7.43168130597495,8.48124352471259e-06,0.000731424336821163,4.00595122705597,124.25,41.04,141.5,81.38,125.83,36.33,28.48,55.58,55.06,32.57
"2855","TRINITY_DN36157_c0_g1",2.3584447387681,-0.867515941258062,3.17620754256436,0.00808351305511354,0.0477966833407211,-2.31362352888877,7,3,13,5,7,122,17,21,27,22
"2856","TRINITY_DN36172_c0_g2",1.50764753457047,-0.581519882484495,4.2433625576115,0.00117000392848006,0.0136647252838635,-0.624952279454361,10,9,9,14,12,38.58,27,26,32,15
"2857","TRINITY_DN36189_c1_g1",-1.41225633458673,1.02115141367078,-7.782369036898,5.35205154561423e-06,0.000574745180588847,4.40269189412505,103.88,35.28,80.06,91.79,92.33,33.05,25.88,34.84,46.16,22.7
"2858","TRINITY_DN36190_c0_g1",-1.53552040141176,-0.0309512451860554,-5.58163131478755,0.000124829424068552,0.00337534513379033,1.42202185379897,47.17,20.97,59.71,27.66,51.8,16.58,13.99,10.12,16.39,14.04
"2859","TRINITY_DN36198_c0_g3",3.14205049312241,-2.27157555222406,4.8736604870193,0.000395637894430676,0.00686424521081916,-0.627523751061446,0,0,4.85,1.58,3.85,16.8,12.95,12.54,28.61,9.95
"2860","TRINITY_DN36222_c0_g1",1.47220353727847,0.796567217062872,3.2446845065844,0.00712394988707588,0.0440608919652725,-2.42167404093541,30.61,14,48.23,35,12.78,80.01,112.91,87,43.47,76.99
"2861","TRINITY_DN36223_c0_g1",-1.57405650518438,0.117537635895895,-4.23712553846271,0.00118292038377138,0.0137505587080412,-0.652230820701286,85.97,8,35.78,56.2,81.91,23.72,10.43,16.42,20.7,12.55
"2862","TRINITY_DN36243_c1_g1",1.69264894748641,1.23040629469169,6.98467136030373,1.55861108743808e-05,0.00102931676392649,3.42206200262654,33,18,30,50,32,123,116,123,105,91
"2863","TRINITY_DN36267_c0_g1",-1.85099583500683,0.592326063713221,-6.2007395830484,4.8222080386213e-05,0.00195125623832757,2.33405371970358,126,29,93,46,73,17,11,22,32,22
"2864","TRINITY_DN3629_c0_g2",1.80915165910413,2.18079506246688,10.1747211398424,3.28220136304692e-07,0.000138814636825631,7.11307861705104,59.66,21,80.8,69.81,70.38,317.12,200.28,211.36,254.48,192.93
"2865","TRINITY_DN3629_c1_g1",2.11807416711533,0.428880254198819,3.67518778326468,0.00323634618543864,0.0264650912804218,-1.60908431754942,17.88,11.52,5.97,47.73,22.77,39.22,46.18,145.71,96.58,64.52
"2866","TRINITY_DN3631_c0_g1",-1.19475735878261,7.80551387851086,-15.2494466614629,3.73434442868239e-09,1.00255782514035e-05,11.5829968922146,9862.2,3189.23,8801.04,8935.28,9813.81,3906.35,3930.65,4264.19,4163.71,3642.92
"2867","TRINITY_DN3635_c0_g1",-1.02794645214202,5.43317322916801,-6.97559996801909,1.57838771651249e-05,0.0010357309746994,3.07114864962248,1922,674,1628,1137,2262,742,769,834,875,868
"2868","TRINITY_DN36370_c0_g3",1.96710047970014,3.0438579928955,5.91234877224339,7.46058841882734e-05,0.00252563823292627,1.78780884215311,106.72,44.73,109.88,143.88,100.23,650.39,518.95,477.1,267.24,381.53
"2869","TRINITY_DN3638_c0_g1",2.07081547325502,2.02925731438911,3.56181587518772,0.0039791482669923,0.0303039525394968,-2.04254813982954,91,24,41,41,56.87,794,108,261,206.52,113.35
"2870","TRINITY_DN36393_c0_g1",-2.16753157336545,0.461478545546798,-8.26210744056433,2.91737465487343e-06,0.000413169839883314,4.79316984049042,102.09,30,74.61,64.4,89.28,10.52,10.88,18,35.64,13.8
"2871","TRINITY_DN364_c2_g1",1.13327417873934,-0.978649171329647,3.57002706660244,0.00391991532330109,0.0300488724782074,-1.69560797611287,11.9,3,12.21,8.55,9.95,25.13,20.35,14.02,20.97,14.87
"2872","TRINITY_DN3642_c1_g1",1.41546400944234,-0.403305361652789,4.50043814404912,0.00074721266799861,0.0102417065091183,-0.218262620328462,16.88,5,21.17,11.53,8.93,29.38,21.72,30.23,49.35,29.84
"2873","TRINITY_DN36489_c3_g1",1.29389130059863,1.63763927891519,6.15407443386215,5.17101148264131e-05,0.00203246096136305,2.2713451677001,52.23,17,53.2,55,71,169,105,117.31,123.28,159.21
"2874","TRINITY_DN3653_c0_g1",1.29722955591769,-1.05825305867223,3.38575316146491,0.00549435248733133,0.0375251938267598,-1.98687868193296,10.17,4,7.28,7.63,11.91,20.44,18.82,25.95,13.26,15.91
"2875","TRINITY_DN36538_c0_g1",-2.01254684085639,-0.459298595034967,-5.5499953846813,0.000131235337986788,0.00347492266295378,1.27232135052643,46.6,18,46.84,37.99,29.02,13.11,10.07,11.02,6.12,5.04
"2876","TRINITY_DN36542_c1_g2",-1.31838362007941,0.0302177065660777,-3.82522038320454,0.00246612745829977,0.0221786248609225,-1.3353693644422,64.34,22,50.5,34.44,30.23,16.95,24.46,9.19,24.92,10
"2877","TRINITY_DN36558_c0_g1",-3.34078487368885,-1.21849073760494,-6.01265094620244,6.40159693830463e-05,0.00229904650378229,0.903724509522062,48.01,16,36,23,52.01,4,1,1,6.24,4
"2878","TRINITY_DN36598_c2_g1",-1.44319542545534,-0.498787110491282,-3.14198642168106,0.00861088427342803,0.0497854242791116,-2.42496197222852,51.95,14,35.71,11.96,48.56,7,5.6,8.91,21.66,13.95
"2879","TRINITY_DN36600_c0_g1",-1.05912744724537,0.089724052321012,-3.3651475407508,0.00570647958956864,0.0383824864892746,-2.13209786934355,39,17,33,42,64,39,12,16,21,12
"2880","TRINITY_DN36606_c1_g1",-1.08054496486632,0.10375845194214,-4.51271806111654,0.000731529376513518,0.010107513076965,-0.20387247991802,38.31,15,59.47,32.22,53.29,17.59,12.55,18.75,24.2,20.62
"2881","TRINITY_DN36636_c0_g1",1.88191316015708,-0.0933570758152466,5.43740487698102,0.000156999171322928,0.00388708293137456,1.19058220078613,17,3,9.06,21,17,66.97,38,33.3,80,34
"2882","TRINITY_DN36651_c0_g1",-1.50042073633492,0.313865293571106,-4.11359829229014,0.0014716239480336,0.0157732746993887,-0.870325322355078,63.98,37.39,34.04,44.54,79.47,11.38,12.72,22.68,21.29,25.28
"2883","TRINITY_DN36654_c0_g1",-1.25291444095801,-0.555357965712216,-3.96756367393698,0.00190929535889702,0.0187046120611095,-1.06352686160858,36,13,21,30,30,12,9,7,11,16
"2884","TRINITY_DN36669_c0_g2",-1.41217595655726,0.954053541500541,-5.19193465494261,0.000233510908574774,0.00496687274635727,0.84420256991718,97.61,43.49,109.84,63.86,69.64,34.24,41.79,28.38,38.04,15.28
"2885","TRINITY_DN36679_c1_g1",1.5070379192717,-1.1863616597254,3.57047424920364,0.00391671547491592,0.0300284761789307,-1.70669843733987,11.01,3,5,4,16,15,21,20,20,16
"2886","TRINITY_DN36683_c0_g1",-2.36684400027604,-0.862573578659162,-3.57875924688893,0.00385791198514804,0.02965865902128,-1.68389606112111,31,3,47,44,45,3,10,10,2,20
"2887","TRINITY_DN36687_c2_g2",-1.6599293415247,-0.38260093000485,-3.45368632168059,0.00485009203949027,0.0346143646849798,-1.91802059200079,60.11,3,36,35.92,72.39,8,6,8,23,18
"2888","TRINITY_DN36693_c0_g1",2.32674540997299,0.111890733766609,4.25770167114889,0.00114086084511019,0.013441304228938,-0.60152539236107,12.16,2,16.34,5.85,47.14,45.98,37.36,141.84,86.85,63.91
"2889","TRINITY_DN36695_c0_g1",-1.59983802705216,-1.51518182375068,-3.95808041627836,0.00194200440672333,0.0189468933648843,-1.18954347420216,18.32,5,20.68,16.02,16.05,5.24,2.99,5.67,3.07,7.11
"2890","TRINITY_DN36730_c1_g1",-1.59298190006389,-0.68664052454924,-4.79459998928574,0.000451980030027455,0.00745823796622753,0.196537545836392,36,6,38,22,46,12,4,11,13,6
"2891","TRINITY_DN36759_c0_g1",-1.53286809218852,-1.04606687262659,-3.16485099338862,0.00825481677265424,0.0484523218705184,-2.33284621586175,23.09,16,24.46,11.44,34.04,4.03,2.11,9.19,15.37,5.32
"2892","TRINITY_DN3676_c0_g2",-1.44803515743688,-0.369252234620223,-4.41411469876066,0.000867840165926818,0.0112224910085129,-0.351407808009077,37.67,8,29.55,41.27,51.48,19.3,7.64,10.73,9.81,14.58
"2893","TRINITY_DN3677_c6_g1",-3.76354082244434,-2.08330491832682,-4.41220677425472,0.000870724756263273,0.0112480151150093,-1.07356169998232,52,7,27,20,16,1,0,5,5.37,0
"2894","TRINITY_DN36809_c0_g1",1.12568945605016,1.08217597161746,6.01042478158532,6.42328715814852e-05,0.00230328185506013,2.07785329616438,39,19,37,39,41,76,71,72,111,85
"2895","TRINITY_DN36811_c0_g1",-2.5927579870031,1.48239277788381,-10.8012354244242,1.72272410999401e-07,9.58331246341533e-05,7.48660274256308,240.52,78.48,153.86,138.51,218.5,35.81,30.69,31.37,29.49,20.44
"2896","TRINITY_DN36846_c0_g2",1.08572822758184,0.115344388964839,3.16638480254114,0.00823146860898471,0.048388873159519,-2.47036028273565,37.95,10.05,17.45,18.62,14.53,59.49,18.98,32.56,61.3,41.64
"2897","TRINITY_DN36846_c1_g1",-3.13989625551862,0.67410051670481,-6.94045398476229,1.65757296546493e-05,0.00106174082439345,3.25535597640207,196,67,130.04,76,132,22.95,2,17,27,11
"2898","TRINITY_DN36848_c0_g1",-3.22599984815102,-2.03085237357117,-4.1884201127613,0.00128901818786404,0.0144889437051871,-1.31874280964726,25.98,5,19.98,27.14,20,0,1,7,0,6
"2899","TRINITY_DN36851_c0_g1",3.34505277026158,-1.80504077040615,3.30430029020356,0.00638267270871686,0.0411288736191538,-2.32505180187996,7,0,2,2,3,16,16,73,16,23
"2900","TRINITY_DN3690_c0_g1",2.08509599963453,-0.778698719149161,3.20041743575451,0.00773019405866977,0.0463781600014323,-2.28453639413848,22.06,8,10.81,10.17,1.83,23.56,15.23,42.02,38.51,27.42
"2901","TRINITY_DN36905_c0_g1",-1.51228586734045,-0.861721099721835,-3.14198290994366,0.00861094013248869,0.0497854242791116,-2.38275566343375,47,9,18,14,44,7,2,12,12,10
"2902","TRINITY_DN3691_c1_g4",1.42407087501703,-0.544585803862695,3.62235502287297,0.00356302642261427,0.028087546986287,-1.62286226156355,8.75,4,8.77,19.51,19.7,35.71,25.12,34.63,22.76,25.05
"2903","TRINITY_DN36913_c1_g1",1.95451441314202,0.523814465877685,8.5585977680231,2.03058070869679e-06,0.000333468876597366,5.09780759769183,22.45,5,25.01,17.78,24.47,91.84,72.62,92.17,80.2,54.85
"2904","TRINITY_DN36913_c2_g1",-2.1393309628106,-0.556304284929847,-5.02810495847485,0.000305785449301927,0.0058784682202663,0.51240558902321,54.63,11,43.64,28.47,53.55,14.32,2.57,3.04,21.71,7.61
"2905","TRINITY_DN36918_c0_g1",-1.50962951850869,0.241423939956913,-5.31182456027119,0.000192150136339219,0.00440746159683286,1.04210322555717,66.91,15,51.48,36.83,91.83,15.79,18.44,22.59,22.64,11.95
"2906","TRINITY_DN36925_c0_g1",-1.54582030354656,-0.816047239861467,-3.84163829367535,0.00239415578959775,0.0217435404759644,-1.26497888359121,33.79,6,19.77,26,49.09,5,4,12.58,15,7
"2907","TRINITY_DN36939_c0_g1",1.20790949774128,0.701087811886392,3.14606890300457,0.00854619279919798,0.0495549171720234,-2.58307594416159,17.88,4,42.34,60.11,38.15,63.93,42.19,65.02,85.9,99.62
"2908","TRINITY_DN3696_c4_g2",1.76773928324489,1.40333858151809,3.66950906707467,0.00326993630019067,0.0266376455016231,-1.75793821951874,46.38,19,54.97,28.25,31.21,72.14,137.58,62.21,280.54,205.89
"2909","TRINITY_DN3697_c1_g2",-3.62014890988294,-1.17576088509828,-5.56590991660444,0.00012797050460037,0.0034177866427611,0.386140876082369,54.59,15,62.99,25.86,50.18,4,0,4.99,7.44,2.67
"2910","TRINITY_DN36982_c0_g1",1.01659246892948,2.71155513815089,3.63111761365755,0.00350659491306016,0.0278507993829935,-2.07754726710827,124.27,46,186.83,135.23,88,426.27,147.37,190,356.15,228
"2911","TRINITY_DN36994_c0_g1",-1.1482688754074,1.47322343541209,-3.79533271474087,0.00260291569437422,0.0229063117635243,-1.56816577360555,155.03,43,119.78,80.54,107.72,123.01,36.39,38.32,37.3,42.38
"2912","TRINITY_DN37030_c2_g1",-3.1099982397907,-1.43827773994542,-3.17923631335201,0.008038434894598,0.0475893842638195,-2.3848475914029,20.63,10,58.5,16.63,42.98,16.11,0,6.87,0,8.46
"2913","TRINITY_DN37058_c0_g1",-1.4940870688986,1.16380508628183,-5.60994576025245,0.000119375974801211,0.00329826574000275,1.48042483231012,133,26,155,61,119,43,20,36,47,36
"2914","TRINITY_DN3707_c0_g1",-1.02798098597118,4.44120450395859,-6.01647702768398,6.36449942972272e-05,0.00229553218917359,1.73047668154305,835.96,382,696,911,896,601.99,350,382.99,368,385.93
"2915","TRINITY_DN37127_c0_g1",-1.16965615055773,-1.4096570721369,-3.30320533448872,0.00639555792998185,0.0411710707944662,-2.11968654134972,19,5,22.02,13.01,14,8,5,5.28,7,4
"2916","TRINITY_DN37130_c0_g1",3.97499307002965,-1.74014202393721,4.25470015645594,0.00114689817816156,0.0134969827911416,-1.21949309085434,0,4.77,0,7.72,1.92,22.81,16.06,33.64,42.33,47.97
"2917","TRINITY_DN37161_c3_g1",3.06242350051189,-1.48441276214326,3.3687843421133,0.00566844465345069,0.0382070866129542,-2.1375277105753,18,2,0,2,5,18,23,61,20,23
"2918","TRINITY_DN37204_c0_g1",-2.64834423003984,-1.20838856189561,-4.78679381413288,0.000457981907948982,0.0075161267338414,-0.153681865290396,41,18,20,28,26,2,3,8,3,4
"2919","TRINITY_DN37243_c0_g1",1.26338915186734,-1.21224481077638,3.48840471612767,0.00455106909954394,0.0331625459946471,-1.82943824420647,10,2,9,7,10,18,12,27,18,11
"2920","TRINITY_DN37251_c1_g1",1.39503573122696,1.93608358243932,5.05689108943329,0.000291556108659069,0.005718251404951,0.540292988386023,46.89,33.01,111.99,55.9,54.22,162.44,92.24,184.98,226.24,187.4
"2921","TRINITY_DN37281_c0_g1",-1.9482392257921,-1.17586606929187,-4.50676702603036,0.000739086412787865,0.0101709622948128,-0.371142484384969,30.72,8,31.77,14.21,29.29,9.56,1.11,4,6.46,8.59
"2922","TRINITY_DN37317_c0_g1",-2.67247588970281,-1.75983127933365,-3.71280350994926,0.00302259720696116,0.0253070281132797,-1.75332637310669,21.14,13.01,16.11,15.08,25.48,0,12.1,3.02,4.02,1.01
"2923","TRINITY_DN37330_c0_g1",-2.49090998615925,-1.40261718748839,-3.67430139041673,0.00324156589742082,0.0264837494041724,-1.6544276933972,37,6,39,16,29,6,4,4,15,0
"2924","TRINITY_DN37333_c0_g1",1.29502100868056,-1.45366112250612,3.19914738870545,0.00774833596947599,0.0464463886460735,-2.28112859723781,9,5,8,3,9,14,15,13,17,9
"2925","TRINITY_DN3737_c0_g1",-1.04628465544035,6.41722912913111,-11.6769646103843,7.35725664080219e-08,5.8999465331981e-05,8.57722354673632,3351.47,1332,3377.85,3013.22,3913.07,1585.67,1585.57,1773.71,1569.74,1471
"2926","TRINITY_DN3740_c1_g2",1.13552843882361,1.01382982024287,6.70797224697189,2.30059206687983e-05,0.00128210251756043,3.04978981348334,45.98,12,36.16,35.14,42.32,70.99,67,92.22,100.3,75.32
"2927","TRINITY_DN37439_c0_g1",1.01867395601681,1.80161545080099,7.23691871596701,1.10224839784564e-05,0.000825990704735108,3.76800725721641,62,27,72,63,74,141,110,125,162,131
"2928","TRINITY_DN37456_c0_g1",1.25442777904105,-0.672132056883245,4.3552610912407,0.00096157964182293,0.0119906596977717,-0.456619151367963,16.38,2,9.75,12.38,13.86,19.32,25.69,25.09,33.17,23.87
"2929","TRINITY_DN37472_c0_g1",-2.61811760340783,-1.66278588534895,-3.40147980096394,0.00533785533502814,0.0368496347608254,-2.12166644775379,17,17,34,16,18.03,5,0,2.31,3,9
"2930","TRINITY_DN37474_c0_g1",-1.90693180316927,-1.71622522308067,-3.2125301652402,0.00755930968033889,0.0457082113338784,-2.31071701924499,15,7,33.86,14.02,11.25,3,2,3,5,5
"2931","TRINITY_DN3749_c0_g1",1.17227042880954,1.08926119752228,3.30688920691087,0.00635231133769337,0.0410209705584491,-2.36516644060064,69.34,10,62.21,12.83,56.55,71.05,70.31,113.75,121.53,75.12
"2932","TRINITY_DN3753_c0_g3",-1.31154004815692,-0.779610900699378,-3.35082505749718,0.00585880524773458,0.0390579431299133,-2.05347719585031,33.58,18,22.05,17.52,22.16,9.74,4.8,14.78,6.1,9.83
"2933","TRINITY_DN37568_c0_g1",1.88775213633184,0.742521624211346,4.13625335388027,0.00141366320317503,0.0153768736566792,-0.855252011395468,43,5,21,50,14,124,62,89,174,40
"2934","TRINITY_DN37576_c0_g2",-1.80642777729997,0.562922820330843,-6.3177914636319,4.05264648388901e-05,0.00175297292877264,2.49250418179318,75.98,36,58.14,68.92,93.64,33.03,13.1,20.19,14.58,21.32
"2935","TRINITY_DN3759_c0_g1",1.16624592645305,2.53843631966517,6.69229851347045,2.35259945075114e-05,0.00129717233757472,2.98596309101555,124,35,89,130,101,219,259,268,270,181
"2936","TRINITY_DN37590_c0_g1",-2.98363475790282,-1.02476447699947,-3.56974622049609,0.00392192630396448,0.0300571295493131,-1.76876245367648,35.65,22,76,18,39.43,3.2,5.23,11,9.99,0
"2937","TRINITY_DN37592_c0_g2",2.66026912414282,-1.09624237951743,4.71773756962699,0.000514855180674695,0.00807705226023909,-0.180870492693229,5,1,8,10,4,45,35,28,35,14
"2938","TRINITY_DN3760_c3_g1",-3.22487322716396,-1.16041746129787,-6.64387368519593,2.521339093547e-05,0.00134097886604944,1.62331218149909,46.25,11,40.03,43.33,32.49,7.56,3,1.22,3.39,2.76
"2939","TRINITY_DN37617_c0_g1",1.55288956637606,0.203021626305801,3.39092161928854,0.0054424129654969,0.0373273481943244,-2.08507433311787,49,13,24,9,10,52,48,28,89,46
"2940","TRINITY_DN37626_c0_g1",-1.8462056236901,-0.332519154757893,-5.72114070436545,0.000100277697913575,0.0029840329214706,1.55106061236753,51,14,39,38.1,48.14,17,6,19,11.02,4
"2941","TRINITY_DN37645_c0_g1",-1.88278746046657,-0.916442952829489,-4.46835760996811,0.000789861078109013,0.0105738799593146,-0.353759010447471,30,13,34,15,43,7,3,6,14,4
"2942","TRINITY_DN37649_c0_g1",1.38132828892588,0.0809516797964953,4.10463143197831,0.0014952396979732,0.0159626661255963,-0.864716223411937,32,7,14,15,18,41,30,55,37,69
"2943","TRINITY_DN37649_c1_g1",3.06963739827572,-1.25263289411526,3.29573835067672,0.00648413316861355,0.0415118978637169,-2.19277688291551,2.02,2,6.43,2.29,9.09,46.4,73.11,25.43,17.24,18.61
"2944","TRINITY_DN37664_c0_g1",1.91730176036338,-1.57108565527389,3.4044975759376,0.00530834711286525,0.0367260299748127,-2.01456933110341,10.09,1,1.61,6,7.03,17.19,13,8.02,24.01,22
"2945","TRINITY_DN37674_c1_g4",1.17500752738545,-0.291398343663056,3.5233586397991,0.0042689740743907,0.0317514588226303,-1.81257719668063,10.66,6.56,20.93,14.28,19.25,26.67,38.97,20.69,39.11,34.08
"2946","TRINITY_DN37740_c0_g1",1.36797318866272,1.29436199232582,5.30860604075861,0.000193153313305899,0.00442383195027761,1.00735294726516,31,24,36,56,44,133,64,103,133,93
"2947","TRINITY_DN37762_c1_g1",1.56125292937336,0.211765200240792,5.13182073657873,0.00025768504073357,0.00527745800836368,0.768056277329589,22,12,22,9,23,45,62,38,63,48
"2948","TRINITY_DN37800_c0_g1",-2.22987394762681,-1.41222796318483,-4.98440147081115,0.000328799478137934,0.00613004534301364,0.0668752619472626,24.9,8.49,25.16,25.52,19.09,9.48,2.11,3.27,4.31,2.09
"2949","TRINITY_DN37872_c0_g1",-2.06645905807461,0.0242561405918925,-7.08955586310443,1.34820042527286e-05,0.000933295448622798,3.36014997844893,64.03,21,69.3,39.04,65.01,26.02,8.27,8.72,13.09,10
"2950","TRINITY_DN37901_c0_g1",1.83913459844111,-0.226275045035948,4.46645200948406,0.000792472942286255,0.0106008707193006,-0.269453205790321,23,8,20,4,12.02,43.02,30,62,41.33,34.09
"2951","TRINITY_DN37915_c0_g1",-3.47004113765637,1.2723968226561,-13.9917026835097,9.86117203262114e-09,1.79090485491262e-05,9.46606607543333,301.99,69,207.41,170.98,243.2,20.37,18.3,22.29,21.33,11.18
"2952","TRINITY_DN37923_c1_g2",1.85650080768096,0.590774231532227,7.07249304980795,1.38025545094639e-05,0.000946977928722643,3.46214884873972,19.05,8.73,28.33,17.62,27.78,104.81,43.45,69.62,97.06,77.41
"2953","TRINITY_DN37936_c0_g1",-4.04182776252558,1.02285715828411,-3.21788576823452,0.00748497419870942,0.0453965412849336,-2.4055615526982,234.58,118.76,222.19,117.62,254.99,123.1,158.71,83.92,0,0
"2954","TRINITY_DN37938_c0_g1",-2.59052444491609,0.174738303280822,-7.96672789411713,4.2258569977072e-06,0.000515688177656965,4.30273965173436,71,30,70,71,104,19,3,9,19,12
"2955","TRINITY_DN37950_c0_g1",3.04271496496467,-1.28835831700323,3.27365781106042,0.00675339311284589,0.0425041808105196,-2.21501287730287,8.01,7,7.37,1.03,2.14,66.95,8.19,28.1,56.18,16.67
"2956","TRINITY_DN37957_c0_g1",-1.97376169647855,0.0152650900703623,-7.44341272553432,8.34964268218493e-06,0.000724739253280891,3.76974373771168,51.91,22.01,57.87,45.72,67.23,18.62,7.63,15.31,10.79,12.18
"2957","TRINITY_DN37965_c0_g1",1.70382486044486,-0.768345266773437,4.3366171137908,0.000993425725791283,0.0122610537110054,-0.505027847558766,10.01,4,7.68,6.87,17.83,23.2,16.33,30.93,52.81,18.22
"2958","TRINITY_DN37975_c0_g1",1.3197338199406,0.53120226441547,3.89264122775977,0.0021840590199566,0.0204354181827272,-1.26316068870525,37,12,20,36,16,60,40,39,102,70
"2959","TRINITY_DN37999_c0_g1",-1.74350913355574,0.0795068493134744,-3.94664625365825,0.00198221283310312,0.0192177230363403,-1.12617176830832,81,41,30,34.01,61,13,13,23,18,6
"2960","TRINITY_DN37999_c1_g1",-2.49309869970235,-0.350140810919747,-6.35660097125335,3.82721232748384e-05,0.00170504551234637,2.25923862816877,46,17,53,46,78,16,8,5,14,3
"2961","TRINITY_DN38042_c3_g1",1.7635400247112,-0.74106196662164,3.33808235075094,0.00599779517804003,0.0396462423633037,-2.06965024251633,15,6,13,10,4,44,37,15,32.06,17
"2962","TRINITY_DN38060_c3_g1",-1.10546961580964,-0.19418904016045,-3.57741728195391,0.00386737510976484,0.0297203084353154,-1.7369724933391,47,13,34,20,54,12,8,22,21,14
"2963","TRINITY_DN38092_c0_g1",-1.22944709377125,0.557241831325758,-3.55016598980551,0.00406475962556967,0.0307338987482191,-1.86718266836387,74.83,21,109.27,28.23,71.07,22,15.22,22.5,50.51,21.45
"2964","TRINITY_DN38123_c0_g3",2.64101321772786,-1.57645325099618,4.68709579904467,0.000542414597885352,0.00837325414755618,-0.473142215266935,3.23,0,6,5,6.86,30.97,10.06,26.77,30.43,15
"2965","TRINITY_DN38134_c0_g1",-2.01932289227742,-0.853192922461125,-3.83803339962328,0.00240977125695093,0.0218532171499789,-1.28529901525189,42.96,15,39.87,18.03,28.92,9.71,5,1,19,6
"2966","TRINITY_DN38144_c1_g1",-1.85870742932074,0.283923445929384,-4.79703292313191,0.000450126321779255,0.00743961459240509,0.249067340662307,84.85,26,85.19,26.07,82.83,10.95,10.02,14.99,31.05,18.55
"2967","TRINITY_DN38157_c0_g1",-1.68271815193195,0.563635726361094,-4.52843330549108,0.000711958025515483,0.00995269385744757,-0.198046688452066,96.49,24,94.31,32.62,106.25,23.64,13.5,15.23,50.91,14.83
"2968","TRINITY_DN38199_c0_g1",-1.54832148191802,0.154092965924876,-5.80331573726233,8.82543814171239e-05,0.00277612406711389,1.75299577491162,80.25,16,61.43,33.87,54.4,20.9,11.59,11.59,25.18,15.95
"2969","TRINITY_DN38204_c1_g1",2.83925786945374,-1.04051313401585,4.65614006130827,0.000571827168169146,0.00862672464698471,-0.301652982596344,12.01,0,14.99,6.41,2,31.11,30.54,50.67,35.21,29.93
"2970","TRINITY_DN38252_c0_g1",-2.18744191125903,-0.367640068813427,-5.33966096418867,0.000183699554122786,0.00430314114870022,0.99463590461614,69.06,15,41,28,63,4,10,7,20,9
"2971","TRINITY_DN38252_c0_g2",-2.08059447244591,0.100842506255979,-6.29640056002249,4.18289393380924e-05,0.0017825074853337,2.39592178598175,60,24,70,44,78,14,16,9,29,5
"2972","TRINITY_DN38270_c0_g3",-1.25240372238184,-0.234667512838623,-3.87463991734247,0.0022559536224473,0.0208533868680952,-1.2305095670038,32.66,28.38,33.47,30.8,34.34,17.56,12,14.45,13.66,8.36
"2973","TRINITY_DN3828_c1_g2",1.89137181673333,-0.518795148853878,3.22310579133696,0.0074132307814217,0.0451490336740081,-2.26998865486434,14.08,5,6.03,9.47,13.71,16.53,34.75,16.03,63.3,69.48
"2974","TRINITY_DN38286_c0_g1",-2.4849985277963,0.25221718261581,-4.1520310867117,0.00137469856636913,0.0151013853542361,-0.786316021861184,218.45,14,50.9,82.5,67.46,33.02,3.01,12.01,11.66,18.02
"2975","TRINITY_DN3830_c9_g1",-2.03148249554525,0.529540374535127,-6.2090887596085,4.76247997343588e-05,0.00194028656670958,2.34016459853566,72.51,17.53,126.33,67.2,98.58,32.83,13.31,12.57,15.54,24.33
"2976","TRINITY_DN38300_c1_g3",1.08053874720218,-0.655839562792613,3.47788692874687,0.00463961905198236,0.0335661625333107,-1.85923939354692,17,4,9,14,14,19,14,32,32,23
"2977","TRINITY_DN38318_c0_g1",-1.86043000112094,0.682883763979912,-5.21306898613421,0.000225589274361955,0.00487563406135876,0.890503922272501,55.08,39,90.55,67.71,135.31,31.99,14.43,11.34,31.64,22.65
"2978","TRINITY_DN38324_c0_g5",-1.46876708206583,-0.649974926243414,-4.41558228777312,0.000865628091251546,0.0112103195005454,-0.364474325077794,41.56,15,34.72,18.88,24.42,7.66,8.59,11.43,12.37,5.7
"2979","TRINITY_DN38356_c4_g1",1.08598628418795,0.0707087586900253,3.48482081327158,0.00458104711071679,0.0333023895682293,-1.91597079567929,23.02,7,15.75,26.17,21.83,35.27,38.15,49.05,67.04,20.04
"2980","TRINITY_DN384_c3_g1",1.26065261083133,-0.562506429896397,3.33574002570682,0.00602370547691709,0.0397469294495273,-2.0867919804956,16.16,0,14.03,13.23,22.11,30.86,39.22,20.37,37.27,27.72
"2981","TRINITY_DN38402_c0_g1",-1.60676786882965,-0.436237860903686,-4.63839331774576,0.000589436784868881,0.00879993776404344,-0.00981100292632764,31,22,43,28,32,14,7,10,8,13
"2982","TRINITY_DN38443_c0_g1",1.59706651952882,1.82311039034784,4.80011467985893,0.000447789685640334,0.0074129001364395,0.134509298798875,49.74,22,53.28,82.31,46.76,207.52,251.7,131.62,122.39,151.25
"2983","TRINITY_DN38462_c0_g1",-1.73469834401748,-1.03084160815695,-4.25341427918174,0.00114949477129615,0.0135146616789784,-0.673937070431863,38.21,7,29.42,25.36,20.03,6.05,1.46,10.33,13.2,4.56
"2984","TRINITY_DN38513_c0_g1",-2.21845548947855,-1.32480447816925,-3.59105545524044,0.0037722972244552,0.0291894497513358,-1.7248640297539,39.02,11,31.9,11,22.24,1,7,2,9,6
"2985","TRINITY_DN38542_c0_g1",-4.97621720567568,-0.591714866550379,-6.3832419676218,3.68019836148332e-05,0.00166357897822015,1.08386634048281,120,32,74,117,132,15,2,3,3,0
"2986","TRINITY_DN38579_c1_g1",-2.25884805819128,-1.65527629079575,-3.43553399172581,0.00501432425749776,0.0353735284190531,-2.00747325718452,29.47,5.67,18.86,18.31,16.27,4.95,4.22,0,4.72,10.55
"2987","TRINITY_DN38600_c0_g2",1.7496635151334,-0.883916774810581,3.35746155992365,0.00578771677986007,0.0387445723897224,-2.03291088188693,4,6,25,7,8,17,20,33,37,17
"2988","TRINITY_DN38612_c0_g1",-2.00399316394658,-0.455024126525169,-5.51654693795028,0.00013838736768952,0.00358244420765113,1.23267494115056,45.1,11,59,45.03,31,6.02,4.01,10,12.01,15.1
"2989","TRINITY_DN3868_c1_g1",-1.36632072701388,-0.769190619220157,-3.7125675721024,0.00302389177995213,0.0253110030674372,-1.47009921249906,29.14,6,25.22,36.24,24.79,5.15,10,10.45,8.45,14.52
"2990","TRINITY_DN38682_c1_g2",-3.15923782677403,-1.55098394019406,-3.78859705553451,0.00263480611308515,0.0230771642369904,-1.66469065175272,39,15,13,40,29,2,3,2,4,1
"2991","TRINITY_DN38701_c0_g1",-1.75337002156953,0.0625042638865291,-6.94909478627957,1.6377200820623e-05,0.00105231535069915,3.23029081636906,69.01,19,61.32,43.3,45.48,11.08,9.06,17.26,16.1,18.25
"2992","TRINITY_DN38760_c0_g1",-1.75374286783803,-1.00113967573341,-4.60621557897801,0.000622826386995744,0.00912985918577886,-0.15609989458402,35.77,7,31.7,14.42,34.64,10.31,3.18,4.1,9.16,6.25
"2993","TRINITY_DN38766_c0_g1",1.2124719579687,0.353242908792962,4.77650316917022,0.000466021821711173,0.0075965985868589,0.213442629604529,35.02,11,16.15,23.63,21.39,64.49,36.26,58.47,52,42.74
"2994","TRINITY_DN38767_c0_g1",1.20513465535781,1.23060191079041,3.30559572794292,0.00636746220714727,0.0410731777188965,-2.39201446997344,53.7,11.22,23.34,76.15,50.12,66.85,72.37,180.71,113.32,82.54
"2995","TRINITY_DN38845_c0_g1",-2.4633030089976,-1.83391123673073,-3.38077921808097,0.00554481273379796,0.0376864168064454,-2.14822532523879,14.58,4,17.54,21.98,30.42,2.21,8.4,0,6.93,2.35
"2996","TRINITY_DN3889_c1_g2",1.2521400859072,1.763691081256,5.56343896130761,0.000128471737124981,0.00342361092870719,1.36932987649666,78.71,18,70.2,44.29,66.27,189.22,111.07,200.65,128.39,111.13
"2997","TRINITY_DN38912_c0_g1",1.27405180960683,-0.0474251363793032,4.79153523249024,0.000454326525472349,0.00748499314163997,0.242010487857077,18.43,3,32.65,13.3,18.18,49.24,37.93,40.66,44.02,33.38
"2998","TRINITY_DN3893_c1_g1",-2.07063410373434,-1.16910513245475,-4.67724789232797,0.000551596057892564,0.00844322096746406,-0.158406137053977,25,11,21,28,27,6.98,2,9,3,7
"2999","TRINITY_DN38932_c5_g2",-1.18385115408811,-0.339019525316154,-3.38685982617725,0.00548318904651367,0.0374738192854594,-2.04363402102736,49.72,8,47.79,28.96,25.96,16.39,6.15,26.31,12.17,10.13
"3000","TRINITY_DN38964_c0_g1",-1.68475620274362,-0.397189616876803,-5.60188076907186,0.000120903194536438,0.00331653951854107,1.38924097766121,42,13,46,31,37,7,8,8,13,20
"3001","TRINITY_DN38965_c2_g1",-1.50914323635076,-0.781155148466181,-4.52478213807075,0.000716455846842895,0.00998364553746497,-0.216386622772072,31,10,30,21,33,13,6,4,15.01,7
"3002","TRINITY_DN38988_c1_g1",-1.00183978091574,5.89872027963427,-7.51382862508841,7.60420622860712e-06,0.000685466461611726,3.7925523160899,2699.68,633.67,2509,2218.84,2670.79,1148.04,1221.58,1220.53,1106.62,1041.91
"3003","TRINITY_DN38993_c0_g1",1.22973424462895,-0.477274213832456,3.42526037337163,0.00510977090403847,0.035790457523067,-1.96042494241823,18.84,7.1,8.21,17.07,12,44.32,23.13,28.68,25.36,18.09
"3004","TRINITY_DN3901_c1_g1",-1.75954221577252,0.174148486705059,-4.4027748920707,0.000885132209287337,0.0113397816373938,-0.380440198292017,94.88,29,42.83,38.12,53.33,27.6,17.54,14.2,8.5,14.24
"3005","TRINITY_DN39012_c1_g1",1.03995668203279,1.62391974349653,3.36720523810923,0.00568492776047865,0.0382805800822286,-2.35607556173535,39.85,37,61.82,72,52.8,109,89.55,132,94,172
"3006","TRINITY_DN39012_c3_g1",-2.22383136359537,0.187112888963688,-7.45637043457124,8.2068165275141e-06,0.000718800719065164,3.8195979726744,72.07,22,98.45,49.67,72.12,17.34,6.49,8.35,27.28,11.88
"3007","TRINITY_DN39027_c0_g1",-2.16158659492336,0.0107132789579704,-8.73713924318476,1.63981250977535e-06,0.000308638304268976,5.05352087437278,77,23,61,42,61,10,7,13,17,12
"3008","TRINITY_DN39034_c0_g1",-1.25880886170631,2.41058100643539,-3.80511024131791,0.00255732790322082,0.0226686596853401,-1.70479978811437,155.46,128.16,303.75,241.99,179.47,128.66,44.09,179.61,92.12,59.18
"3009","TRINITY_DN3905_c0_g1",1.4909012480618,2.34892812537247,5.23962881863941,0.00021603318496933,0.00475057589226716,0.792252169497857,104.57,23.47,85.45,117.45,59.53,343.17,213.06,301.87,186.06,171.68
"3010","TRINITY_DN3906_c0_g1",1.2185087718155,4.53718441159979,6.17504066297624,5.01109503240852e-05,0.0019926817674137,1.97526709111998,480.37,165,450.59,532.13,263.07,957.01,614.81,1086.8,1265.89,917.5
"3011","TRINITY_DN3907_c6_g1",2.06879730809294,-1.78484493116046,3.20744801957824,0.00763053862803067,0.0459816832972371,-2.32694973309338,0,3.04,8.98,5.47,6.28,13.54,13.73,11.31,19.7,11.91
"3012","TRINITY_DN39074_c0_g1",-1.10797858270948,1.30623380087903,-4.44975449708833,0.000815747618400315,0.0107952815990104,-0.407025345804163,147.8,37,73,88,106.55,55.8,43,30,69.5,31.35
"3013","TRINITY_DN39083_c3_g1",1.11818349494591,-0.165976963492959,4.24745474684249,0.00116160890208227,0.013608374942802,-0.621492753494783,20.02,9,14,12.13,22,45,22,39,35.31,27
"3014","TRINITY_DN39094_c0_g1",2.16516267974283,-1.3142835898158,4.79932645656914,0.00044838611703491,0.00742078422800097,-0.0892622619071393,7,2,5,4,9,20,18,27,17,24
"3015","TRINITY_DN39110_c1_g1",1.98694254491743,-1.5183473715864,3.51759936554551,0.00431419686284533,0.0319914768688572,-1.84118795886913,9.14,5,5.33,1.98,6.34,13.71,7.02,27.39,27.35,13.44
"3016","TRINITY_DN39123_c0_g1",-2.35077251407578,-0.53103966397246,-5.73130265848486,9.87012700558361e-05,0.00295998349849819,1.42785096944436,56.05,23,42.53,25.32,47.29,3.16,5.07,6.28,13.72,10.44
"3017","TRINITY_DN39144_c0_g1",-1.74602964128594,2.03839662361496,-5.62295563439067,0.000116955184671303,0.00326185580085077,1.43940509528809,207,96,215,162,196,33,114,88,40,57
"3018","TRINITY_DN39153_c0_g1",-2.40931236654462,-0.293635685508747,-6.66050250246254,2.4619866462502e-05,0.00132078845727765,2.67461417911561,72.42,12.62,48.32,71.58,43.49,12.67,5.87,5.99,12.3,7.8
"3019","TRINITY_DN39182_c0_g1",2.20573305667951,0.66494111470827,5.73840589427608,9.76149222851774e-05,0.00293774144575487,1.67401797342784,31.51,4,36.45,14.08,17.63,104.6,114.13,54.41,167.69,67.54
"3020","TRINITY_DN39188_c0_g1",-1.65257992807224,-1.01531141596947,-3.6915020841032,0.00314179942234173,0.0259531546128104,-1.51284703158231,27.15,18,16.37,15.53,33.36,4.29,6.33,9.43,6.1,5.14
"3021","TRINITY_DN39190_c0_g1",1.30957483126343,-0.802761423879601,3.53962589937415,0.00414383574850775,0.031101685887791,-1.74658253823833,15,4,10,7,12.67,17.23,23.55,13.61,39.19,26.12
"3022","TRINITY_DN39205_c0_g1",-1.05636877082603,-0.533250708911947,-3.88912793989495,0.00219790280196367,0.0205195195366877,-1.1930459126511,30,11,22,25,37,9,11,11,15,13
"3023","TRINITY_DN39207_c2_g1",1.0789948753139,1.45158415066188,3.82721679007142,0.0024572581370192,0.02212463917245,-1.50318699581953,56.28,13.04,65.22,61.48,44.92,121.9,134.48,59.17,130.65,119.38
"3024","TRINITY_DN39218_c4_g1",-1.66628959682331,-0.483528042812653,-5.09242106686291,0.000274946524698902,0.00549409662760357,0.661927867772754,47.03,7,31.02,29.03,57.03,11.01,12,7.01,12,9
"3025","TRINITY_DN39227_c0_g1",-5.48827645898211,-2.47879333865901,-7.944217439383,4.34863111064914e-06,0.000523872288919413,1.60338996411202,33,11,48.3,19,47.65,0,0,0,0,1
"3026","TRINITY_DN3924_c1_g1",-1.09442897082965,-0.0624488078197209,-3.58703576482648,0.0038000693107479,0.0293455077288721,-1.73319130584572,27.02,24,41.02,34,45.82,17,11,13,20,19
"3027","TRINITY_DN39243_c0_g1",-2.5401779535796,-0.849230237617427,-5.45218772731766,0.000153331729786012,0.00383006781991369,0.913780847533119,49.92,10,44.14,23.07,46.37,7.09,6.25,1.11,8.08,8.84
"3028","TRINITY_DN39253_c0_g1",2.10008456470504,-1.08436474988596,3.43623073992367,0.00500791720157409,0.0353525633203152,-1.91742463412604,15,3,7,3,7,41,8,23,53,17
"3029","TRINITY_DN3928_c0_g1",-1.15800382341442,4.26710769901769,-5.30685596160499,0.000193701108568459,0.00442940371596678,0.606522392722489,941.24,342,955.6,467.81,871.92,288.76,208.7,365.28,593.4,378.61
"3030","TRINITY_DN39312_c1_g1",-1.31815768367225,2.47252743458597,-3.9350289827877,0.00202394561699923,0.0194968165301823,-1.48567857191024,448.95,40.91,246.06,313.22,166.21,72.8,84.57,126.72,123.76,92.81
"3031","TRINITY_DN39316_c1_g1",-1.07100582737725,-0.710915418306369,-3.28667237936687,0.00659334757969889,0.041919895629247,-2.17012508613249,28,15,32,16,20,13,8,8,11,10
"3032","TRINITY_DN39318_c0_g2",2.24268177173595,0.018552298507003,3.26981444227342,0.00680140433639161,0.0427191826761515,-2.2366444647316,15,2,14,5.49,40.79,53,16.01,134,137,45.02
"3033","TRINITY_DN39335_c0_g1",-1.31208489245853,-0.512647358009222,-4.86187950070148,0.000403543673995487,0.00695257108869234,0.328593876127149,38.19,9.01,35.52,22.62,36.65,13.32,8.39,6.98,18.76,9.64
"3034","TRINITY_DN39340_c0_g1",-1.67460281843457,-0.511737079171816,-4.42935015950234,0.00084515972051973,0.0110588943468219,-0.337326010916126,48.52,12,43.47,37,24.7,12,3,16.9,15.97,5
"3035","TRINITY_DN39361_c0_g1",2.57571155025074,-0.53597622328148,3.37339024265432,0.00562064365836008,0.0379995567548464,-2.00796699585171,29,5,11,5,3,98,56,20,55,21
"3036","TRINITY_DN39364_c0_g1",-2.02385386508092,-1.6490572231388,-3.65966587486888,0.00332900838403418,0.0269298766826957,-1.70069205578296,24,10,15,11,25,1,2,7,8,2
"3037","TRINITY_DN39370_c0_g1",-1.62718873842135,-0.109889728283989,-4.03909697675012,0.00168019235985196,0.0171896315522743,-0.963061739944076,58.32,17,56.92,18.32,66.32,7.97,7.21,15.22,19,20.45
"3038","TRINITY_DN39387_c1_g1",-1.60763782991441,1.53101113530527,-4.55663640860861,0.000678192548114696,0.0096440917241023,-0.242813687003776,155.39,65,101.97,131.45,163.16,71.79,16.04,22.88,106.09,42.13
"3039","TRINITY_DN3939_c0_g1",1.90916703825049,-0.608375097540924,4.1174676840388,0.00146155286402804,0.0156946091962318,-0.841161345801497,8.4,0,12.29,24.52,11.36,25.7,43.99,26.21,52.44,35.51
"3040","TRINITY_DN3946_c2_g2",1.59276719840817,-0.935915813045795,4.071517433962,0.00158590547718957,0.0165622431435106,-0.936637388254564,10.76,0,10.58,15.59,9.84,23.84,22.66,17.88,34.77,28.64
"3041","TRINITY_DN39474_c3_g1",-1.92349083270461,-1.07736898362636,-3.92849855656943,0.00204780184749833,0.0196393988719066,-1.16916018254145,36,11,29,21,19,10,4,15,3,3
"3042","TRINITY_DN39474_c9_g1",-2.10112569211756,-0.824675588361192,-3.79872404690613,0.00258700967626148,0.0228236424474631,-1.34139683421088,65.09,8,27,18.09,48.15,12.98,11.52,4,11.38,1.5
"3043","TRINITY_DN39497_c0_g1",-2.33844647033261,-0.301805172906656,-5.09156611215391,0.00027533429835254,0.00549493931954514,0.64014555618617,99.48,24,40.28,33.58,44.97,5.07,4.97,9.31,21.01,6.11
"3044","TRINITY_DN39514_c0_g1",-1.30454234818744,0.647227853796348,-3.99889105592723,0.00180522878597485,0.0180166909772709,-1.101158212155,95,11,69,58.08,106,24,21,19,61.26,20.66
"3045","TRINITY_DN39559_c0_g1",-1.43695284849478,-0.819417057117679,-3.30051409411854,0.00642733998525392,0.0413121036191509,-2.13144603904958,40,10,33,11,34,6,9,6,17,6
"3046","TRINITY_DN39576_c0_g1",-1.79050746583469,-1.45771155887721,-4.22485032780398,0.0012087757207966,0.0139330750807819,-0.83734717747927,20.95,10,16,19,17.01,5.66,3.96,4.15,3.01,5
"3047","TRINITY_DN39580_c0_g3",-1.41056686302481,0.409730561863315,-4.09849096609142,0.00151163774126843,0.0160682746166023,-0.905677535767444,96.22,26.02,35.53,40.95,81.67,14.31,16.66,19.3,30.55,23.31
"3048","TRINITY_DN3959_c2_g1",1.4075146847714,-1.13181304526409,3.99229789613998,0.00182663305859801,0.0181657172012095,-1.06573289312058,11,1,12,7,8,23,14,14,23.01,23.01
"3049","TRINITY_DN3965_c1_g2",-1.78917488379881,1.42726911398218,-4.40425060498341,0.000882861738564083,0.0113289581531286,-0.485089763761803,173.04,58,100.04,130.51,154,59.62,9,20.43,91.53,58.13
"3050","TRINITY_DN39673_c0_g1",1.02145354237023,0.506939759390111,3.43215504908961,0.00504551435051991,0.0355322576954145,-2.06062169748252,40.08,8,25.06,17.01,42.57,75.14,55.11,68,55.39,29.45
"3051","TRINITY_DN39737_c0_g1",2.39737100500511,-1.57514531811301,3.55498104437541,0.00402914948729181,0.0305530496089379,-1.8487681717855,2.04,0,2.03,12.31,12.67,18.43,30.64,14.88,22.37,14.51
"3052","TRINITY_DN3976_c0_g1",1.85948489814564,-1.06488598560499,3.57232950192319,0.00390346855646371,0.0299492266929077,-1.70362376460881,3,2,10.58,10,13.17,18,30,18,34,17
"3053","TRINITY_DN39805_c0_g1",1.17377200663471,-0.924865174484662,3.83241508815576,0.00243431762706197,0.0219918426972673,-1.2798326162144,12.39,5,10.23,8.11,10.21,20.44,16.86,26.53,20.19,13.44
"3054","TRINITY_DN39846_c1_g3",-1.32588089973541,-0.973960520614478,-3.14877508469774,0.00850358020432195,0.0493959614728572,-2.36928182576436,19,6,28,30.81,21.9,13,10,11,7,3
"3055","TRINITY_DN39854_c0_g1",-1.23881306823021,-0.251608673874688,-3.88472867089492,0.00221536531036058,0.0206077699885727,-1.21525021937886,46,10,35,45,30,9,11,12,16.04,25
"3056","TRINITY_DN3986_c0_g2",1.3387535427133,7.36375360123959,14.5498415568598,6.34942309881203e-09,1.30688059168482e-05,11.0552342153158,3305.73,1137,2732.26,2337.42,3088.25,7528.84,5924.92,7127.89,9353.68,6058.15
"3057","TRINITY_DN3988_c7_g1",2.20744795585909,-1.23266849056518,3.50823674434262,0.00438875934869799,0.0323655932477491,-1.83138347838742,4,1,2.84,8.7,15.66,17.23,36.66,26.09,33.5,10.44
"3058","TRINITY_DN3990_c0_g1",1.05620349451942,6.98877961543539,5.59692833955257,0.000121851226849952,0.00332923431660656,0.807880417557325,2314,1278,2198.26,3161.99,1717.77,5567.58,4055.75,3855,6881.61,4769
"3059","TRINITY_DN39921_c0_g2",-1.23716547441516,-0.0159965596044682,-3.56320120089395,0.00396909121179482,0.0302706744612553,-1.77751460578139,58.9,14,23.73,48.79,56.64,18.69,10,12,33,13
"3060","TRINITY_DN39921_c1_g1",1.086710873808,2.56128152017029,4.38043329278635,0.00092025865035861,0.0116371351919606,-0.704614948911771,145.92,21,181.2,73.2,125.98,273.61,189.32,336.82,286.81,160.44
"3061","TRINITY_DN39935_c0_g1",-1.38815422204789,0.353729569548112,-4.10816272942521,0.0014858929298017,0.0158903561879798,-0.885353737409841,89.82,18,64.32,29,73,26,8,17,35,23
"3062","TRINITY_DN39943_c1_g1",1.12791598385723,-0.819855953659121,3.47311655352855,0.00468035794862492,0.0337795399461341,-1.85467436706999,15.07,2,8.99,12,13.14,14.01,20.01,24.01,32.99,19.01
"3063","TRINITY_DN39999_c0_g1",-2.94358687940125,-2.02690896073936,-3.59243194366511,0.00376283481909353,0.0291491060606432,-1.99031728022455,21.2,13,24.48,11.06,17.16,0,0,12.2,3.04,3.07
"3064","TRINITY_DN4000_c1_g1",1.44226185075557,4.22657856634974,6.58801612243675,2.73211619526853e-05,0.00141055778282141,2.64452292726669,274.97,193,243.81,277,352.9,1099.38,942.66,769.97,778.96,557.21
"3065","TRINITY_DN40000_c0_g1",-2.42317907335353,-0.369829017853102,-3.79591346627546,0.00260018473662449,0.0228940834332082,-1.33724688165358,114,4,57,38,79,7,4,9,30,4
"3066","TRINITY_DN4002_c0_g1",1.05827388337549,-0.474373910315483,4.00189186104042,0.00179557282613649,0.0179667851026213,-1.01076317713209,13.6,6,14.52,13.52,15.52,34.12,26.95,19.83,29.27,21.72
"3067","TRINITY_DN40023_c0_g2",1.52620349608255,0.873685533242475,3.4243729225136,0.00511810196299324,0.035811054958743,-2.11845772761828,16.69,17,25.37,53.25,32.19,60.65,104.35,133.69,106.62,35.21
"3068","TRINITY_DN40057_c1_g1",-1.02581641892999,0.999966245578051,-3.54506730944242,0.00410281781558926,0.0308952188386592,-1.94052896757921,80,24,108,83,66,44,28,71,42,17
"3069","TRINITY_DN40067_c0_g1",-6.26042551194534,-2.20805986345582,-4.61434597193406,0.000614207417438705,0.00905202678537301,-0.828353080538045,138.44,5,46.27,27,105.53,0,0,1,0,0
"3070","TRINITY_DN40111_c0_g2",1.04596379514865,0.438660759010535,3.53679842383051,0.00416531460647624,0.0312287331618133,-1.86850628232487,28,6,21,42,29,53,59,62,42,50
"3071","TRINITY_DN40126_c0_g1",-3.9402971308825,-2.91685956008191,-5.57521177784591,0.000126102072252407,0.00339283257404864,-0.0450121805399091,31,4,14,13,11,1,0,0,0,1
"3072","TRINITY_DN40154_c0_g1",-1.87423441293751,-0.757802869168288,-4.23325092126398,0.00119101892474678,0.0138123881597315,-0.658842071841081,57.24,5,52.23,18.67,30.67,10.63,4.18,7.77,8.27,9
"3073","TRINITY_DN4016_c11_g1",1.48884215964095,-0.793823745556097,3.89037561870686,0.00219297611511925,0.0204968529103101,-1.18876120469904,7.02,3,11.43,6.89,23,19.86,24.12,23.08,34.21,22.23
"3074","TRINITY_DN4016_c4_g1",1.16975793149252,2.22943066145904,4.62116505145646,0.000607074661683876,0.00897859789452838,-0.234934205022434,104.1,35,57.37,90.92,93.86,164.61,248.69,182.98,162.57,206.89
"3075","TRINITY_DN4018_c3_g2",1.29844570085929,0.896265557546222,3.7620313708166,0.00276454962650277,0.0238583844258036,-1.53289354267942,32.11,11.22,57.12,50.02,15.93,105.12,53.12,72.09,82.05,82.98
"3076","TRINITY_DN40227_c1_g1",2.01560601175568,-0.174006417664795,3.20397560600229,0.00767959548971382,0.0461593367138012,-2.32931223486339,16.52,1.07,17.9,10.33,13.6,44.26,16.31,156.21,40.41,57.18
"3077","TRINITY_DN40248_c1_g1",1.09297928823658,1.11745919598798,3.1745997692291,0.00810754550103586,0.0479020878000156,-2.61064184313262,42,23.68,91.71,17.24,33.47,76.55,52.9,92.94,121.07,83.89
"3078","TRINITY_DN40299_c0_g1",1.23787418331381,0.70787439854614,4.08419487662475,0.00155054058506944,0.0163411469614043,-0.955924097973534,46.04,16.62,18,22.23,33.51,66.37,39.9,79.2,63.44,84.82
"3079","TRINITY_DN40348_c0_g1",1.09297188962388,1.00805490519715,3.94488233956862,0.00198849173354661,0.0192574321773896,-1.23575497871301,31,20,45,49,29,63,52,87,131,65
"3080","TRINITY_DN40363_c0_g1",2.38361116222639,-1.11711158139027,5.22676526502406,0.0002206070589872,0.0048093161255834,0.48492960135061,6.74,1,6.31,5.48,8.29,29.7,23.88,16.16,50.76,21.93
"3081","TRINITY_DN40368_c0_g1",-2.47851448202301,-0.16708528446608,-6.30073231266145,4.15616362396613e-05,0.00177744699674131,2.25891535961922,60,37,48,53,61,9,2,10,19,10
"3082","TRINITY_DN4039_c1_g1",1.7932028192702,-0.615237330504263,4.24754462620774,0.0011614252202502,0.013608374942802,-0.625304025343218,7.71,8,6.99,8,19.95,31,22,45,23.2,29
"3083","TRINITY_DN40398_c0_g1",1.39882026838273,0.574740753250483,3.69947943167044,0.00309660363031113,0.0256828852873676,-1.59938335064004,32,12,12,41,28,73,38,41,92,86
"3084","TRINITY_DN404_c21_g2",-3.34736309961454,5.49135351060495,-20.7051511288105,1.12315137007576e-10,3.46761753997191e-06,14.9152377665392,4545.8,1281,3577.68,3514.41,4867,377.1,356.12,425.91,328.14,456.11
"3085","TRINITY_DN4042_c0_g1",1.66486076230019,3.52472564982799,5.76888994145069,9.30944049132819e-05,0.00286417205509982,1.48424943837659,196.05,100.09,169.85,168.27,138.82,793.76,333.55,517.65,973.87,326.63
"3086","TRINITY_DN40435_c0_g1",1.09029840570674,-0.67109674256286,3.31390616342977,0.00627075397670253,0.0407010451200847,-2.12821864476136,23,4,9,14,10,26,24,18,31,18
"3087","TRINITY_DN40437_c0_g1",-2.97306267565414,-0.515622800536268,-4.33005558208499,0.00100489290421804,0.0123265591488183,-0.551755147372308,84,15,127,25,45.05,10,2,4,15,4
"3088","TRINITY_DN40491_c0_g1",-1.83629424112838,-0.831787683484655,-3.30557435978138,0.00636771280532157,0.0410731777188965,-2.11456958857021,27.05,18,22.01,21,47,2,4,4,18,19
"3089","TRINITY_DN40513_c0_g2",-1.82323069902272,-1.87816814773989,-3.23861475502695,0.00720414764263498,0.0443946418152303,-2.30440487542565,20,8,11,16,12,1,5,4,5,2
"3090","TRINITY_DN40531_c0_g1",2.40531268782289,-1.37387986691441,3.32060235500136,0.00619391420873918,0.0403909403908784,-2.12702549408428,11,6,2,3,5,14,26,26,13,35
"3091","TRINITY_DN4054_c3_g1",-1.78240584279935,-0.631784189680332,-3.68353734741671,0.00318759875520639,0.0262087680341523,-1.51623426549184,30.83,8,62.85,21.97,47.83,20.04,2.01,13.04,13.47,3.44
"3092","TRINITY_DN40553_c0_g2",-1.27424184895524,0.525212007714,-4.08554930902696,0.00154681083433318,0.0163157627943979,-0.939920358677849,58,28,74,33,89,36,16,19,21,29
"3093","TRINITY_DN40603_c0_g1",2.69954073907059,-1.28067136039258,3.19130221937674,0.00786135586142507,0.0468917119137631,-2.32154866104418,0,0,14.8,37.72,3.47,21.99,13.78,33.01,38.05,31.47
"3094","TRINITY_DN4061_c0_g1",-1.23002548300033,1.65245726451741,-4.01043146946546,0.00176838509256551,0.0177667170022348,-1.21470128590836,161,54,166,58,169,46,59,64.94,47,59
"3095","TRINITY_DN4062_c0_g1",1.19778440396465,4.43093688970041,5.79889800510621,8.88603008501286e-05,0.00278383858797247,1.39698263063359,441.93,105.16,439.91,330.03,466,1033.9,488.41,988.25,1449.4,757.74
"3096","TRINITY_DN40623_c0_g1",-2.52487136920966,-1.26723610888706,-6.57986147320662,2.76442343684359e-05,0.00141775430546693,1.76138051656638,35.18,10,24.58,24.04,30.22,3.33,2.17,4.2,4.29,5.15
"3097","TRINITY_DN40643_c0_g1",-1.41670212596682,0.0807613051528767,-4.6803150235711,0.000548719190865589,0.00840960848785515,0.0666965048450212,61.4,18,34.73,43.12,57.68,10,24.73,12.16,22.31,16.23
"3098","TRINITY_DN40662_c0_g1",-2.20337757518788,-1.78414085353276,-3.59444348680629,0.00374905047820479,0.0290678514475376,-1.84408895086085,11.13,10,18.89,15.85,24.32,1.69,3.77,1.31,4.13,3.41
"3099","TRINITY_DN40669_c0_g1",-2.91865600633514,-2.50238860179624,-4.27643276289956,0.0011039228314245,0.0131339165693256,-1.26006536141752,17.74,5.01,12.75,14.27,12.39,2.08,3.11,0,3.13,0
"3100","TRINITY_DN40693_c0_g1",-1.83257398166156,1.92675986861891,-7.78641361877983,5.32415911688541e-06,0.000572745953222021,4.46977062319919,283.27,76,148.33,193.56,177.24,44.74,39.25,63.54,58.95,62.39
"3101","TRINITY_DN407_c1_g3",1.53972001879677,0.559545132106485,4.92214893722967,0.000364769773253062,0.00653397803987598,0.439408418061711,24.59,13,17.47,32.15,21.07,56,79.48,56.6,57.47,80.03
"3102","TRINITY_DN407_c1_g4",1.3380906063627,0.744669898865306,5.2644735369797,0.000207479556568924,0.00462841317161052,0.967561822329491,27,13,34,25,31,68,96,54,71,68
"3103","TRINITY_DN40708_c0_g1",-2.2738507871548,-1.62677513163321,-3.47737713472659,0.00464395538515661,0.0335935985382674,-1.95381998693936,29,13,15,10,23,4,4,5,1,4
"3104","TRINITY_DN40753_c1_g1",-1.19267200600468,0.0608847928985017,-3.89081088969492,0.00219126004722938,0.0204884805263961,-1.2289999347671,51,16,55.18,30.45,48,19,7,32,28.77,10
"3105","TRINITY_DN40805_c0_g1",-1.34864934564951,0.967747582892308,-5.0021664464228,0.000319232469450433,0.00601708379842044,0.541628123731955,72.01,44,98,88,73,34,21,52,26,29
"3106","TRINITY_DN40869_c0_g2",1.28763188278562,-0.832559579886766,3.37218592219987,0.00563310269104243,0.0380602719079208,-2.01385677232983,17,1,6,14,14,35,16,18,25,24
"3107","TRINITY_DN40876_c0_g1",-3.34280258756046,-2.31861714979156,-3.99334292185363,0.0018232230441754,0.0181461008955719,-1.54265936045414,35,7,19,16,11,0,3,0,3,2
"3108","TRINITY_DN40889_c0_g1",-1.96261426886613,0.0548101491086592,-7.24009642312951,1.09750406812935e-05,0.00082343476547814,3.55234091506235,71,22,53,38,73,11,7,18,20,11
"3109","TRINITY_DN4089_c0_g1",1.05417376756851,5.33693346661643,6.7753980431064,2.09042841934761e-05,0.0012200356714355,2.79381933626284,909.74,226,1091.07,633.58,697.26,1705.39,1608.19,1887.68,1652.45,1154.41
"3110","TRINITY_DN40895_c0_g1",-1.71542879011804,4.22899580506245,-11.6863238722948,7.29281526826606e-08,5.8999465331981e-05,8.67383077612478,779.01,313,1210,881,1038,303,196,298,322,315
"3111","TRINITY_DN40902_c1_g2",2.01879466253417,-1.09749218830899,4.05281578819126,0.00163960615563186,0.0169365073810048,-0.999086626856958,8,4,10,4,7,35,23,11,27,26
"3112","TRINITY_DN40902_c3_g1",-1.76058656103687,-1.33609849231376,-3.28965917288857,0.00655716258851947,0.0417586299005673,-2.14758950421296,30,10,30,10,17.18,11,5,6,4,2
"3113","TRINITY_DN4092_c0_g1",-1.16327922831936,0.48041089954123,-4.05243148035835,0.00164072918971623,0.0169384270148572,-0.993740527543712,108.75,16,52,49.89,50.01,24.29,18,17.2,34.69,29.06
"3114","TRINITY_DN41_c3_g2",1.55884200083138,2.90521621994734,4.6537911093363,0.000574126043193197,0.00864039260308795,-0.273013482994808,64.36,38.31,226.83,86.25,187.6,571.48,258.87,264.99,430.73,307
"3115","TRINITY_DN41029_c0_g1",-2.00213834284166,-0.653236914495783,-5.42150812496105,0.000161046435595232,0.00394928328242034,1.03720606313763,32.61,17,28.02,29,48.89,9,6.87,10.06,6,7
"3116","TRINITY_DN41029_c2_g3",-2.57073529376068,-0.352443419519055,-4.50287432464876,0.000744073647565536,0.0102100132421948,-0.245409501852481,42.93,34,58.71,23.22,97.9,12.33,4.27,5.24,13.07,4.17
"3117","TRINITY_DN41051_c0_g1",1.41589168144229,0.231172263084078,4.03340800444127,0.00169732622889335,0.0172919485203277,-0.9946663842711,15.06,11,29.15,22.22,14.57,61.94,48.24,65.69,34.54,41
"3118","TRINITY_DN4107_c0_g1",-1.35087936808065,-1.29987323401947,-4.04946826914698,0.00164941512098227,0.0169945077407664,-0.997341811810852,20.89,6.86,21.87,14.19,18.91,9.3,4.65,5.71,6.91,3.48
"3119","TRINITY_DN41090_c0_g2",1.37928277229418,-1.40305077343424,3.30692633825345,0.00635187694783453,0.0410209705584491,-2.11788350991576,4,2,10,9,9,19,13,15,15,12
"3120","TRINITY_DN41158_c0_g1",1.41609008618257,-0.558172152687795,4.29217767164638,0.001073835302641,0.0129095363736286,-0.548243126199511,18,6,14,9,9,36,17,26,28,34
"3121","TRINITY_DN4116_c0_g1",-2.58794385566995,2.77387381295476,-8.18533518632854,3.20932469822678e-06,0.000439756757468374,4.96191776003781,380.14,109.62,835.28,388.6,498.22,52.58,63.67,65.85,103.32,113.56
"3122","TRINITY_DN41265_c0_g1",-1.29116056215154,0.454404623802204,-4.81291925132367,0.000438216289136422,0.00730594184795657,0.265912185070829,86.37,25,49.82,50.45,55.73,36.12,13.24,21.79,32.56,13.37
"3123","TRINITY_DN41287_c0_g1",-2.05926001376101,-1.88946984908178,-4.2221457532508,0.00121455082212089,0.013970991383451,-1.06152922720006,18.24,5,19.67,10.49,17.01,6.04,2.26,3.13,2.1,1.06
"3124","TRINITY_DN41301_c0_g1",-2.78284392764664,-1.47863875229308,-5.84268308578196,8.30441398400319e-05,0.00268331216475264,0.722148935299317,33.31,9,33,23,24.24,4.03,2,2.01,8.19,1
"3125","TRINITY_DN41327_c0_g1",1.56418567125328,-0.438256158988778,5.10531079401639,0.000269169326910801,0.00541246591817146,0.680232040970905,10,4,19,12,13,44,29,33,36,23
"3126","TRINITY_DN41341_c1_g1",-1.10960326532293,-0.362501191397521,-3.54323200767175,0.00411660598510378,0.0309786090296604,-1.77653906184641,41.39,14,39.36,19.16,33.28,14.19,6.07,13.14,28.27,8.1
"3127","TRINITY_DN4142_c0_g3",-1.2199527928322,3.41661747321359,-8.08620434978561,3.63342303957795e-06,0.00047232969652181,4.78684517057341,380,147,565,498,415,176,161,181,243,204
"3128","TRINITY_DN41441_c0_g1",2.40997843641509,-0.379893927117199,4.65533638723165,0.000572612624003125,0.00863224714525023,-0.00503500820284675,11,9,4,7,19,36,50,34,34,71
"3129","TRINITY_DN41467_c0_g1",-1.63239279561774,0.0888572844250793,-5.04572168895,0.000296992866598513,0.00577388069624954,0.63562559082014,90,26,39,37,45,15,12,18,15,14
"3130","TRINITY_DN41475_c0_g1",-1.92591953936712,-1.63997783077927,-3.59405864728853,0.00375168363737058,0.0290846153471888,-1.7665107673975,14.36,9,16.68,18.25,18.03,4.64,1.75,7,1.61,5.56
"3131","TRINITY_DN41479_c0_g1",-1.76004281938982,0.717501511221223,-7.19682453625679,1.16402631100841e-05,0.000855670198239849,3.64777418936884,98.44,48,69.59,75.32,71.06,26.84,19.69,21.45,25.83,17.23
"3132","TRINITY_DN41479_c0_g2",-1.84006835695994,-0.990825899355553,-3.60962479670538,0.00364667027815974,0.0285139415392943,-1.6397148917639,58,11,15,20,28,4,5,6,10,7
"3133","TRINITY_DN41573_c0_g2",-3.29061574013943,-0.891327675609252,-3.99394466614115,0.00182126248153867,0.0181327500338681,-1.12092340973099,54.48,10.4,79.5,21.76,49.77,7.66,7.15,2.93,0,19.32
"3134","TRINITY_DN41594_c0_g2",1.36374648603139,-0.40093806250424,3.31087132251293,0.00630589662469493,0.0408494025159109,-2.1481186679391,20,1,7,20,24,27.01,28,22.56,58,37
"3135","TRINITY_DN41601_c3_g2",-1.64949077276471,-0.238935904838114,-4.78571655563967,0.000458816703199222,0.00752384787282525,0.22652091447461,45.55,14,42.15,49.05,43.24,18,5,15,26,4
"3136","TRINITY_DN41619_c0_g1",1.7474731212317,-1.53463407515488,3.19390735270503,0.00782364228655897,0.0467389961213664,-2.30873976722639,9.86,0,4.05,15.8,4.42,26.55,10.92,19.33,18.25,9.53
"3137","TRINITY_DN41624_c1_g3",-2.35443081223894,-1.01401620891008,-5.6184608937298,0.000117785617039591,0.0032734531794282,1.06712132869582,44.52,6,36.33,30,31.09,2,5,8.65,7,5.47
"3138","TRINITY_DN41646_c0_g1",-1.26468844507626,0.156091576503805,-4.8841631188666,0.00038872686303965,0.00678628960672104,0.386467691079246,54.98,25,40.63,42.46,47.68,14.52,9.25,19.89,28.49,19.61
"3139","TRINITY_DN4167_c0_g1",-3.01073460678583,1.85652430467639,-11.7392713575586,6.93952402032912e-08,5.79056390820652e-05,8.34764431123536,379.84,74.02,276.37,300.67,259.67,28.48,41.66,33.65,54.55,18.3
"3140","TRINITY_DN4167_c0_g2",-1.99430101719081,1.70220040344373,-9.8188750666664,4.80252716257755e-07,0.000166599127660022,6.68692021874123,186.62,64.98,161.36,205.87,166.79,35.87,41.61,63.47,45.99,31.78
"3141","TRINITY_DN41727_c0_g1",-3.41890284423922,-0.504222416048,-6.73666495337614,2.20853111630673e-05,0.00125457570717303,2.28260064455879,90.6,26,39.22,61.22,72.94,4.09,2.01,4.1,7.29,8.13
"3142","TRINITY_DN4174_c1_g1",-1.07236803572254,3.19248388809888,-6.62663093513706,2.58449404002757e-05,0.00136282953017611,2.81822237116217,370.8,198.05,292.47,298.99,413.69,158.95,136.34,168.04,225.79,161.79
"3143","TRINITY_DN41763_c0_g1",-1.61881447564964,0.310358740097553,-4.43393765292083,0.000838452108097857,0.0109967588723081,-0.337503073802334,103,29,60,39,48,17,6,29,31,14
"3144","TRINITY_DN41771_c0_g2",1.02993950693555,-0.790005181476676,3.25228171967709,0.00702484036711027,0.0436373363117735,-2.22035128539132,15.6,4,10,9,15,16,22,16,36,18.01
"3145","TRINITY_DN41784_c0_g1",-1.35919900589565,0.371695971306168,-5.63386421931869,0.000114965379396301,0.0032223705160975,1.52267901496331,72.85,20,73.87,35.57,59,24.43,13.98,19.36,21.99,24
"3146","TRINITY_DN41823_c0_g1",-1.08805002979305,-0.376935494771515,-3.21853963441441,0.00747594926527111,0.0453507137471226,-2.32223880355265,32.89,15,38.01,35,22,9,8,19,23.27,9
"3147","TRINITY_DN4186_c0_g2",1.15741780169515,2.7181678542857,4.08892914099248,0.001537544107461,0.0162570484905056,-1.24868020840775,86.8,44.02,180.17,161.64,90.2,311.07,170.85,338.74,228.57,321.96
"3148","TRINITY_DN4190_c0_g1",-1.08571328323837,6.19669308309239,-4.49086886874732,0.000759676968360357,0.0103479187464345,-1.02620560067537,2921.09,1759.56,2458.23,2139.67,3436.48,1219.73,739.66,2097.17,2093.86,1049.35
"3149","TRINITY_DN41944_c0_g2",-2.68144187723101,-1.46924110798825,-3.64116614052071,0.00344300668604256,0.027560121447985,-1.75726207352028,53.81,11.92,19.63,17.47,26.18,4.99,0,2,12.83,4
"3150","TRINITY_DN41970_c1_g1",3.158103347946,-2.21585263891349,3.7329410356401,0.00291417347690764,0.0247278251823681,-1.83101335248233,2.95,5.07,3.49,0,0.72,27.53,10.13,16.32,23.91,8.14
"3151","TRINITY_DN41975_c0_g1",1.20484958792956,-0.487797448921271,3.15679276165949,0.00837858242373257,0.0489183724943872,-2.39939774766642,10.71,1,17.76,18.91,17.87,39.18,31.43,34.72,20.95,24.85
"3152","TRINITY_DN41993_c0_g1",-2.41067232584913,-1.51792281637358,-4.41317701027261,0.000869256611144965,0.0112325356437451,-0.715114143364005,21,10,33,13,26,1,3,3,5,6
"3153","TRINITY_DN42017_c0_g1",-1.22106267518637,1.13317578468448,-5.24347382585353,0.000214685488827748,0.00473301623565876,0.912725034031861,120,32,108,60,99,40,27,25,67,38
"3154","TRINITY_DN4205_c3_g1",1.04282524388962,-0.0760238454945475,3.76855956213399,0.00273207033039274,0.0236705316067196,-1.4192482633802,19.51,5.83,15.05,14.45,33.77,49.35,25.83,36.19,35.52,33.84
"3155","TRINITY_DN42060_c0_g5",-1.67018725820089,-0.178324395933497,-5.56228678939793,0.000128706163371918,0.00342410520288203,1.37229550842166,59.1,18,49.23,32.22,39.09,9.02,5.02,11.84,21.64,17.1
"3156","TRINITY_DN42065_c0_g2",-3.20026066468585,-2.22383907666624,-4.25478746678786,0.00114672209194605,0.0134969827911416,-1.25453626138651,13,12,20,17,20,3,0,2,0,4
"3157","TRINITY_DN42070_c3_g1",-1.96188626286831,-1.99046287395566,-4.22007495701417,0.00121899196271428,0.0140011747979318,-1.1053141357712,17.95,4,14.97,9.98,19,2,1,4,5,3
"3158","TRINITY_DN4208_c8_g1",1.22628004019369,-0.581417179542606,3.5236053813656,0.00426704745802613,0.0317409524681602,-1.78831611909849,8.57,7,15.44,13.67,13.46,23,16.49,26.44,25.67,35.04
"3159","TRINITY_DN42085_c1_g1",-1.28685187285442,0.195539480278527,-3.94169618335568,0.00199988537028491,0.019343502795168,-1.15379060463515,68,16,61,31.33,55.23,21,12,28,37,7
"3160","TRINITY_DN4209_c1_g1",1.16191113316949,2.4315056520987,4.39036246090207,0.000904471758776362,0.011496361087057,-0.668245202806347,83.27,49,56.99,136.26,130.72,224.16,230.08,193.63,294.84,147.57
"3161","TRINITY_DN42097_c0_g1",-1.59257345247982,-0.166355742447431,-4.99184454772388,0.000324755005493067,0.0060766582058139,0.544767559642791,64.45,16,42.32,26.39,51.16,16.1,10.11,10.13,26,6
"3162","TRINITY_DN42103_c5_g1",1.16489951355302,0.0278748253764255,3.7657531267648,0.00274598470177214,0.0237441252828169,-1.43201564371517,28,9,12,18,20.99,31,51,35,38,42
"3163","TRINITY_DN42139_c0_g1",1.76734467266521,1.40417899326295,8.14788192063794,3.36297193292491e-06,0.000451444089928196,4.86352390137107,48.18,15,40.34,31.45,43.67,121.46,115.08,96.8,215.57,129.97
"3164","TRINITY_DN42139_c2_g1",2.00042930574266,-1.17354684961476,3.69363244058291,0.00312966405576566,0.025890609225794,-1.53133574328783,5.99,4,7.33,9.05,6,33.79,7.72,17.47,43.87,16.78
"3165","TRINITY_DN42140_c2_g1",-1.8730797090342,0.747395702936902,-7.31831192791533,9.87340803510984e-06,0.000784024587476015,3.79886677704814,126.86,39,93.94,73.07,64.13,23.05,18.01,23.65,30.31,16
"3166","TRINITY_DN42141_c0_g1",1.30516700450016,-0.755129385745301,3.54086704658551,0.00413444314070481,0.0310500602106836,-1.7444388613742,10.21,1,10.12,12.9,19.36,20.41,31.4,20.26,24.86,28.66
"3167","TRINITY_DN42142_c1_g2",-1.3384100854063,1.2483578979329,-3.82377655793934,0.00247256237679017,0.0222203146037025,-1.48015008234835,106.97,24.33,75.23,205.49,107.74,36.78,19.97,52.63,63.47,35.57
"3168","TRINITY_DN42145_c0_g1",3.2856610996194,-1.10471908487751,3.54598160992642,0.00409596650674325,0.0308662118450552,-1.81303908228563,10.43,5,1.01,6.05,3.44,53.29,14.28,31.13,106.14,16.03
"3169","TRINITY_DN42155_c0_g1",-1.59963059958256,-0.460434223089649,-4.63109009159579,0.000596847349043221,0.00887623557531812,-0.0210369817728253,35.97,9,56.48,34.89,32,14.1,11.14,8.09,17.17,4.03
"3170","TRINITY_DN42172_c0_g2",-1.02128348453328,-0.43426839188817,-3.49382526057301,0.00450610768611121,0.0329398765718001,-1.85577307829224,28.28,10,33,30.34,30.21,10.1,14,22,12,9
"3171","TRINITY_DN42182_c0_g1",1.77453297265653,-0.560708597939054,4.37471194538873,0.000929485300597094,0.0117178150962167,-0.425710968773121,10,6,20,13,6,29,22,39,44,23
"3172","TRINITY_DN42199_c0_g1",1.03277719234193,-0.517952367747497,3.42593807970997,0.00510341813845131,0.0357772324265545,-1.95789079910453,20,5,10,11,20,27,19,28,41,16
"3173","TRINITY_DN422_c0_g2",1.34148538337835,1.51025614217971,4.70050237829495,0.000530171445340539,0.00823159159432605,0.00147667658778161,58.16,11,48.19,56,57.64,161.26,172.43,137.41,106.6,77
"3174","TRINITY_DN4220_c1_g1",1.32814283322126,0.29866642157713,4.42373248868795,0.000853449817493368,0.011120240415822,-0.35220101113718,22,8,20.68,14.29,36.74,40.67,43.32,37.92,69.49,73.39
"3175","TRINITY_DN42223_c0_g1",-2.0281251838762,0.341462372667014,-4.60782245288531,0.000621112988411801,0.00912081626661223,-0.052680263223114,100,26,121,48,49,12,6,25,46,8
"3176","TRINITY_DN4225_c0_g1",-1.03686426932886,3.27455062065676,-5.61049978039372,0.000119271814309746,0.00329816210926922,1.24607231461707,328.86,128,412.95,413.91,398.76,261,183,216.92,152,136
"3177","TRINITY_DN4226_c0_g1",1.29403316488685,2.54357740327518,3.59206172622669,0.00376537741948313,0.0291614856262692,-2.09822959849904,143.07,6,115.24,114.98,211.26,292.93,237.03,232.92,341.5,266.86
"3178","TRINITY_DN42260_c0_g1",-1.11821664495111,-0.499877247499717,-3.45381864005955,0.00484891521476653,0.0346139672464051,-1.91500851020607,25.48,7,43.74,21.19,45.01,16.25,8.13,11.23,19.45,7.18
"3179","TRINITY_DN42307_c0_g1",2.86252740896061,-1.83081642065045,3.27840517020227,0.00669456233314741,0.0423043494892685,-2.32158746692205,6,0,2,2,6.87,52.67,9,27.61,14.97,12.01
"3180","TRINITY_DN42318_c1_g1",-1.45712793148005,1.87627488904206,-3.50600008718139,0.00440676543172953,0.0324596149204861,-2.14407615184208,130.95,88.11,225.64,67.81,299.19,60.4,41.63,107.4,65.24,35.67
"3181","TRINITY_DN42321_c0_g1",-1.74049505545061,-0.684992835080009,-3.50189650075751,0.00443999727558618,0.0326382085443923,-1.80620725332223,48.5,16,33.63,20.91,28.81,9.21,10,12.41,17.83,1
"3182","TRINITY_DN4233_c0_g1",-1.02200973021298,7.2503387434381,-15.9745927913442,2.20405641605547e-09,8.44527583888401e-06,12.1295531762295,6024.48,2179.81,6474.8,5059.18,6151.31,2914.76,2433.06,3042.31,3339.47,2642.51
"3183","TRINITY_DN4234_c0_g2",-1.49563353949666,-1.1858936038338,-3.22824449596862,0.00734328323905625,0.0449121487168428,-2.2331796225014,29.78,3.01,12.86,26.04,29.47,4.39,12.13,6.66,6.53,4.51
"3184","TRINITY_DN4236_c0_g2",-1.83008211476259,4.21926779572395,-15.8986562392523,2.32675941889189e-09,8.44527583888401e-06,12.0029739210969,1004.84,354.26,1080.79,722.62,1157.12,248.13,247.47,269.39,329.59,259.24
"3185","TRINITY_DN42376_c0_g1",1.4685241290584,0.053439744867351,3.41388704266643,0.0052175918464405,0.0362851516312657,-2.02939681758505,8.04,10,33.4,22.95,15.08,46.94,33,44.41,36.56,60.97
"3186","TRINITY_DN42389_c2_g1",2.83962545151989,-2.14638444070062,4.49435443161824,0.000755111989438268,0.0103087895476087,-1.00294124197077,3,1,1,1,7,19,13,14,14,16
"3187","TRINITY_DN4245_c0_g1",-1.68978233992315,4.18226971401635,-8.14981035189615,3.35487140778991e-06,0.000451444089928196,4.80757998161721,844.28,286.98,1187.38,789.47,997.79,337.98,141.32,237.57,506.38,264.55
"3188","TRINITY_DN4247_c3_g2",-2.09572902344524,0.908118911951157,-8.97325572560122,1.24223463263886e-06,0.000258267690559543,5.65921248428425,126.01,35,93.42,91.29,133.25,35.56,17.22,14.06,32.64,21.99
"3189","TRINITY_DN42471_c0_g1",-1.55626026844331,0.702687474290691,-4.36244561981735,0.000949592772549431,0.0118839591648525,-0.485551034448697,109,28,84,79,50,61,21,17,18,21
"3190","TRINITY_DN42485_c2_g1",2.30454246708117,-1.19698140977514,3.5486389082151,0.00407612028687911,0.0307913642091021,-1.785098432279,13.06,0,18.92,4.35,2.78,50.13,14.75,18.49,33.02,24.81
"3191","TRINITY_DN42522_c0_g1",-3.86631789569437,-2.58165302498228,-5.54620261796881,0.000132026323709476,0.00348689539624154,-0.0377696783474377,30,6,18,14,16,0,2,3,0,0
"3192","TRINITY_DN42548_c0_g1",3.78011867075031,-0.361384183936867,4.87817677842568,0.000392650388679729,0.0068296834366749,0.125924877212738,8.55,1,4,14.01,5,59,111.49,102.01,44.04,88.05
"3193","TRINITY_DN42559_c0_g1",-1.20815877821362,-0.32166999755218,-4.41904259968995,0.000860435629107152,0.0111688415442734,-0.34345891262867,38.99,9,37.77,38.6,30.58,12,16.21,13.62,11.74,13.62
"3194","TRINITY_DN426_c0_g2",1.31384657902072,7.8735678876842,10.2148785385957,3.14633358424851e-07,0.000135860004307816,6.9928609805024,3857.64,1608,3716.11,4708.28,4163.29,11503.15,11783.5,10763.05,8962.14,8822.82
"3195","TRINITY_DN42604_c1_g1",2.57076018617345,-1.00229704086364,5.86449721721704,8.02981842801265e-05,0.00263284638728358,1.29783703581354,5.2,5,4,10.06,6.12,29.76,22.73,39.42,31.89,21.99
"3196","TRINITY_DN42608_c0_g1",1.0609609350444,2.65753551014157,4.38762822449028,0.000908790731311069,0.0115326202295093,-0.709672214550535,207.71,30,99,124.29,104,218.52,252.61,255.17,232.59,317.27
"3197","TRINITY_DN42624_c0_g1",1.97903122264247,-1.51776998857395,4.21196790530651,0.00123654155749625,0.0141422426546173,-0.899588299416485,4.24,2,9.28,2.09,7.56,17.61,14.82,18,15.53,19.14
"3198","TRINITY_DN42664_c0_g1",-1.35083505612077,1.60874070262747,-5.45157498233575,0.000153481934389445,0.00383211287583204,1.20373091999944,142.89,22.92,197.94,127.31,151.87,47.35,36.33,65.9,58.86,57.73
"3199","TRINITY_DN42669_c0_g1",-1.95308628132995,-1.1164379140395,-3.48785321330552,0.00455566916626132,0.0331766456795707,-1.83391994059399,30,8,15,33,29,5,4,12,2,11
"3200","TRINITY_DN4267_c0_g1",-1.16620696702897,-0.135749468604102,-4.71351898059555,0.000518560784391692,0.00810430050990084,0.120705075211649,43,17,35,30.34,43.67,15,7,19,22,14
"3201","TRINITY_DN4269_c0_g2",1.2699833831465,-0.511708726467764,3.58308540448187,0.00382756606273643,0.0295025027139994,-1.68894867601785,11.43,1,21.83,22.6,10.44,25.95,22.92,27.06,38.27,33.3
"3202","TRINITY_DN42699_c0_g1",-1.82929775932162,-0.0759784776000891,-5.04008717510981,0.000299775817393096,0.00581179189085993,0.61943298197717,41,18,71,60.08,38.05,16,7,23,10,10
"3203","TRINITY_DN42712_c2_g1",-1.25143268273418,-0.303323920535771,-3.47542388646551,0.00466060806693338,0.0336813225404759,-1.89636622676989,35.34,10,47.42,21,52,7,7,18,19,21
"3204","TRINITY_DN42725_c0_g1",-2.83867669232147,0.550040059978996,-6.9762144792719,1.57703960321919e-05,0.0010357309746994,3.30269567988819,157.48,46,131,50,118,12,15,11,28,7
"3205","TRINITY_DN42833_c0_g1",1.38546226128051,0.0645960253988727,4.08184702017931,0.00155702803193374,0.0163871428184497,-0.899798791540283,20.44,3.13,18.75,14.1,29.89,68.95,60.47,28.12,43.81,39.65
"3206","TRINITY_DN42884_c1_g1",2.21623063961558,-1.78292362785914,4.20624288136899,0.00124909248439137,0.0142435757573774,-1.05333715178895,3.02,0,4.05,10.07,5.24,15.12,9,21.17,19.06,14.22
"3207","TRINITY_DN42893_c0_g1",-3.40509861092909,-2.27412187720262,-4.05235434470868,0.00164095469331599,0.0169384270148572,-1.4768103491518,15,4,34,11.18,32,2,0,4,5,0
"3208","TRINITY_DN4291_c17_g1",-1.54659985755997,0.651130596178366,-3.19448563568229,0.00781529547325657,0.0467117282821263,-2.49437880061544,54.19,45,118.87,57.99,62.78,11.68,5.71,53.29,31,44.24
"3209","TRINITY_DN42937_c0_g1",-1.83004900117737,0.251508615200375,-5.45553072679539,0.000152514974222059,0.00381893537236971,1.2529566588731,87.99,38,46.4,40.71,65.68,22,13,13.2,24,8
"3210","TRINITY_DN42938_c0_g1",1.02066704746896,0.724802384933882,4.0451185708794,0.00166225143044122,0.0170783196883335,-1.02798802792945,21,16,38.96,26,45.1,62.87,62,58.56,65,57.97
"3211","TRINITY_DN4294_c10_g1",-1.68635055858993,-0.481157382388127,-3.32323862897882,0.00616392499937946,0.0402790670940914,-2.12265230313175,93.06,7,37.68,19.09,35.29,26.14,7.65,7.76,7.99,8.64
"3212","TRINITY_DN42994_c0_g2",-1.73472505461815,0.478871904697083,-7.09505475443622,1.33803987443434e-05,0.000928329058051365,3.49048634389191,67.39,26,82.49,85.58,54.6,21.3,14.58,19.14,21.14,19
"3213","TRINITY_DN430_c0_g1",-1.38663852046603,6.05047167545677,-3.65930136751704,0.00333121678259084,0.026940173720097,-2.5250489295876,4881.9,650,1410.72,2949.83,5954.23,1085.35,1261.2,982.2,1306.66,990.86
"3214","TRINITY_DN430_c2_g1",1.10207440580866,0.744538672333841,3.31056113629858,0.00630949971948214,0.0408620801473485,-2.30835152803422,40,16,28.87,24.24,31.44,116.96,57.54,82.09,44.02,43.69
"3215","TRINITY_DN43010_c0_g1",-1.27913060895172,0.26437856608097,-4.12053336002754,0.00145362434996188,0.0156428017360485,-0.85761298632072,57.94,31,55,35,47.86,17.05,29.02,19,27,9
"3216","TRINITY_DN43046_c0_g1",-3.32583458246594,-0.759935908022306,-5.04149196093979,0.000299079423397123,0.00580558196665374,0.23592268982136,45,29,81,28,58,3,4,1,14,4
"3217","TRINITY_DN43047_c0_g1",-5.01981660696381,-1.6573853997917,-6.73292804264569,2.22029560978445e-05,0.00125894227100982,0.9444357239626,57.26,24,33.61,48.19,59.83,4.23,0,1.04,2.06,0
"3218","TRINITY_DN43056_c0_g1",-2.66053817595421,-1.72331430044123,-3.70434936807446,0.00306934120516567,0.0255425445736617,-1.74813070905814,26,5,36,13,31,8,0,3,10,1
"3219","TRINITY_DN43073_c0_g1",1.89724698756967,-1.35172482417736,4.42458646458254,0.000852184150770449,0.0111111019500091,-0.533335333714321,7.9,4,5.61,5.37,5.41,23.64,18.55,15.56,15.22,17.85
"3220","TRINITY_DN43073_c7_g1",2.90630844165653,-1.76329681244233,4.77714232566355,0.000465518179655063,0.00759530530897466,-0.536055768375268,3.1,1,5.36,5.63,1.57,24.31,14.45,14.44,24.78,23.14
"3221","TRINITY_DN43074_c0_g1",1.11165927175277,0.971357607085446,4.50112488091121,0.000746326411710011,0.0102341024362136,-0.279074974452428,43.87,13.75,38.23,27.3,42.05,88.58,96.38,76.38,59.95,71.27
"3222","TRINITY_DN43078_c0_g1",2.0742277769021,-1.25646969093324,3.66732509467981,0.00328294962407503,0.0266817169871293,-1.5961727709858,11.35,0.7,4.05,9.73,5.27,22.58,13.03,17.61,57.82,13.8
"3223","TRINITY_DN43090_c0_g1",2.50798687183415,-1.5815537372574,3.59635289711189,0.0037360137811508,0.0289849703428194,-1.80687837565129,0,0,16.17,5,9,21,13,22,34.48,14.9
"3224","TRINITY_DN43118_c0_g1",-1.18258282728203,0.261175007828572,-3.77653211441732,0.00269293609448358,0.0233971321179361,-1.44210927909831,67.33,21,67.14,24.54,53.89,23.38,14.17,21.26,35.42,11.16
"3225","TRINITY_DN43130_c0_g1",-1.56588296761322,0.220497782547477,-4.7905207470547,0.000455106062351778,0.00749383710349269,0.238861250928638,66.34,19,76.46,27.53,74.6,20.1,7.03,20.17,28.27,14.09
"3226","TRINITY_DN4315_c0_g1",-1.20135762714398,0.0717690466206308,-3.75965814792136,0.00277645505194466,0.0239266360605189,-1.45303313879687,54.94,10,51.09,51.97,41.86,35.26,15.32,11,28.26,9.45
"3227","TRINITY_DN4315_c10_g1",-2.05367395079192,0.853777492013374,-5.81844737794545,8.62119090193719e-05,0.00273979050855799,1.79890432326305,132,43.24,98,64.65,116,31,21.74,8,53,18
"3228","TRINITY_DN4315_c6_g1",3.19926315928588,-1.63370016363039,4.2017733949697,0.00125898273757901,0.0143077968290414,-1.19424647916348,5.78,0,4,1.85,4.64,16.03,30.85,15.85,30.74,42.89
"3229","TRINITY_DN43174_c0_g1",2.15560456279773,-1.10049243026325,3.49078165633304,0.00453129723005671,0.0330628877121324,-1.84026940440487,6,2,18,4,6,13,13,31,40,40
"3230","TRINITY_DN43202_c0_g1",-1.08866419109411,0.0499001443245091,-3.34137238052375,0.00596159231900271,0.0395059457516398,-2.16811686017378,49.7,15,50.08,25.79,53.23,18.91,5.12,30.77,23.68,19.76
"3231","TRINITY_DN43209_c0_g1",-1.54422982530012,0.353990578846077,-6.0921584868367,5.67568141252327e-05,0.00213306132599201,2.17191158647803,92.05,16,67.39,53.34,53.07,23.41,16.08,23.92,23.36,11.03
"3232","TRINITY_DN43235_c1_g1",1.02091817207212,2.0269261668832,5.44657042396241,0.000154714549678634,0.00384903868394694,1.15424855002921,97.62,36.15,78.23,55.56,77.6,145.05,126.54,180.12,152.72,182.49
"3233","TRINITY_DN4325_c1_g1",-1.52173869618444,2.87977574963399,-3.39278068585931,0.00542385281630877,0.0372701304133991,-2.5337950032823,673.43,131,151.98,462.74,297.61,59.59,92.53,137.76,199.5,139.51
"3234","TRINITY_DN4329_c4_g1",1.55498116434762,-0.180016369269336,3.54857566274286,0.0040765914976163,0.0307913642091021,-1.76772346888751,23.77,2,31.17,18.57,6.76,40.25,42.96,41.17,37.75,43.05
"3235","TRINITY_DN4329_c7_g1",-3.47110238371447,-1.48724172881591,-4.13493604267823,0.00141696776980265,0.0153959046014031,-1.25256325967456,27.11,5,69.66,30.26,44.67,3,0,4.96,4.56,3.32
"3236","TRINITY_DN43317_c1_g1",-2.15161276543735,-0.929140227148376,-4.53858571295659,0.000699605605509054,0.00984261720869744,-0.260109316826639,51,7,33.17,17.02,40.83,7,3,11.98,3.97,8
"3237","TRINITY_DN43318_c0_g1",-2.21062588238775,-1.30223235440599,-3.94922623151683,0.00197306586110709,0.0191591242006039,-1.22378872964748,41.58,15,15.24,17.17,25.18,5.08,3.03,7.07,5.01,1.02
"3238","TRINITY_DN43330_c0_g1",-1.84798065984801,-1.1501951650042,-4.07464003846173,0.00157711792341858,0.0165113390192015,-0.952388070092329,30.27,3,29.02,18,39.3,4.05,5,3,12,8
"3239","TRINITY_DN43333_c1_g1",1.71739204828488,-0.316161874628826,3.74768661474138,0.00283731885259544,0.0242724805361684,-1.42651961095091,12.56,8,24.12,8.97,8.36,46.78,43.67,31.7,22,45.96
"3240","TRINITY_DN43336_c0_g1",-2.70646747553087,-1.6552382809641,-3.93849397912158,0.00201140427302834,0.0194123462099022,-1.41452017036358,27.99,6,33.98,30,13,6,2,1,3,3
"3241","TRINITY_DN43348_c0_g1",3.65554785430699,-1.55815787277041,4.8004577500691,0.000447530351503012,0.0074129001364395,-0.601076560390003,10,1,0,0,11,25,34,29,40,30
"3242","TRINITY_DN4339_c1_g1",1.25270152083877,0.766139039751015,4.80026861269493,0.000447673305040662,0.0074129001364395,0.233170216131941,29,6,29,42,42,58.81,71.14,64,83.57,87.5
"3243","TRINITY_DN43392_c2_g1",2.14662156910769,-1.68572702881155,3.23299477717289,0.00727921589239829,0.0446560752226978,-2.28932130129171,7.56,1,2.4,1.01,13.85,19.93,14,11.59,36.65,8.84
"3244","TRINITY_DN4340_c0_g2",1.00045589934689,1.77853104013297,4.34738297129437,0.000974904834716952,0.0121158175530255,-0.644671018360362,49.76,36.25,102.57,49.66,64.02,140.21,109.65,117.87,133.71,143.6
"3245","TRINITY_DN43414_c0_g1",-3.51644539125585,-0.967220744266077,-6.38802308870139,3.65445573813277e-05,0.00165801126317577,1.44748858978328,51,24,49,27,61,2,2,3,4,7
"3246","TRINITY_DN43477_c0_g1",-2.94121901405044,-2.47806611123948,-4.22399849969042,0.00121059155583163,0.0139509352004578,-1.31300746732212,17,5,16,16,11,2,0,5,3,0
"3247","TRINITY_DN43479_c0_g1",-1.48058742183848,-0.242120201136006,-4.32911753979166,0.00100654347325654,0.0123342024978458,-0.487307861651079,53.97,9.43,44.58,21.79,63.6,18.11,12.97,9.07,19.07,7.32
"3248","TRINITY_DN43481_c0_g1",-3.33891436475944,-1.21252936102162,-4.81225978731352,0.000438704065344528,0.00730952472393251,-0.345058352555612,53,23,42,21,39,4,0,4,8,4
"3249","TRINITY_DN43518_c0_g1",2.05350414219707,-0.566997036872203,3.45725316731739,0.00481847041398833,0.034473970462508,-1.87907668231609,8.04,2.02,28.47,18.44,3.69,46.12,28.98,29.13,67.6,18.32
"3250","TRINITY_DN43527_c0_g1",1.43427931375579,-1.51626979012051,3.39272446768361,0.00542441313119806,0.0372701304133991,-1.99947299648973,9.98,4,6.24,4.28,5.9,14.87,13.23,14.1,11.58,14.43
"3251","TRINITY_DN43556_c0_g1",1.66274234836996,-1.33678880936277,3.66326023942066,0.00330731177161622,0.0268005101409132,-1.59240621503084,4.41,1,7,9.35,10.1,20.29,21.34,19.73,15.19,12.34
"3252","TRINITY_DN4356_c1_g1",1.01917043371426,3.38754719412371,5.68037532434062,0.000106874421758389,0.00310116625692527,1.345249436031,175.96,101,166.29,258.15,185.91,464.28,343.13,353.9,549.56,304.8
"3253","TRINITY_DN43606_c7_g1",-2.23609948077997,-1.79417724287242,-3.2790857722803,0.00668617070324411,0.042270673552157,-2.26131120797578,20.93,7,23.98,17.17,12.29,0,2.95,8.4,6.1,2.87
"3254","TRINITY_DN43621_c0_g1",-3.60502337021212,-0.755220373796478,-9.38494822661723,7.75593211864746e-07,0.000201711967306402,3.85712045596202,72.02,18,56.51,50.84,56.06,5.11,3.12,4.17,3.07,3.08
"3255","TRINITY_DN43644_c0_g1",-1.19601873384211,0.393420506715164,-3.68473129731026,0.00318068985634533,0.0261728727678054,-1.61427847391879,60,20,34,61,78,25,11,23,21,35
"3256","TRINITY_DN4366_c1_g1",-1.34732748853433,-0.576217888489716,-4.53640518085349,0.000702239667845289,0.00987517536099086,-0.170346987012757,34.2,13,21.08,32.15,32.8,12.24,6.11,11.02,10.59,10.03
"3257","TRINITY_DN43675_c0_g2",-1.26169207090442,1.24771885643579,-4.31906165896283,0.00102441581701234,0.0124910623094811,-0.621403216365861,134.37,30,114.98,97.78,80.55,19.27,40.83,52.22,44.07,59.91
"3258","TRINITY_DN43683_c0_g2",1.19776389199656,-0.891126707084355,3.48905815889736,0.00454562488231522,0.0331385177370957,-1.82615666002068,14.02,3,7.01,10,13.56,22.45,10,23.14,25,25
"3259","TRINITY_DN43723_c3_g1",-1.87202961531296,-0.17317391640196,-6.24676838779759,4.50253380686168e-05,0.00188534611861499,2.28186170152253,61.35,20,35,35,60.54,10,13,9.01,17,8
"3260","TRINITY_DN4375_c3_g1",2.1087104418829,0.239023208872564,4.25853008966403,0.00113920035871651,0.013429294087111,-0.611362171147645,14.68,6,16.84,21.81,15.46,44.59,49.37,62.78,202.28,33.86
"3261","TRINITY_DN43787_c1_g1",1.60002112305016,0.784382433329918,4.00515069267046,0.00178514701080715,0.0178852454136552,-1.08615532534967,44.13,2.31,49.89,24.53,25.63,58.71,46.75,91.46,170.86,103.68
"3262","TRINITY_DN43792_c2_g1",1.22548258612485,-0.342339593783798,4.0210316958325,0.00173522760770546,0.0175282158266738,-0.981453361030836,13.98,2,12.96,17,25.99,27.04,21.89,32.87,51.46,32.44
"3263","TRINITY_DN43845_c0_g1",-2.66522547109331,-1.85551210338593,-3.32815950152046,0.0061083402661714,0.0400954390087756,-2.2640801810022,13.65,12,23.97,13.58,25.75,0.92,0,7.82,2,11.01
"3264","TRINITY_DN43855_c0_g1",-4.01925803623359,-2.45979910287287,-5.30242512604769,0.000195095343752027,0.00444857728434274,-0.234115635715828,34.61,4,15.41,15.45,32.28,0,3,0,1,1
"3265","TRINITY_DN43858_c1_g1",-1.91649202804719,-1.55576722763149,-3.76905864264382,0.0027296034741925,0.0236591178164569,-1.50777871974513,21,12,15,11,25,2,4,3,5,6
"3266","TRINITY_DN43877_c2_g1",-2.01398897385029,-1.31444020629974,-3.83133765697759,0.00243905424535256,0.0220185265412325,-1.36834180505566,33,10,20,11,37,4,2,8,8,3
"3267","TRINITY_DN43881_c0_g1",-1.00544591646425,0.237537715964218,-4.51966179619723,0.00072281352063168,0.0100319823043302,-0.198975889150524,49.52,13.07,39.52,48.48,62.96,25.86,17.99,17.5,26,19.57
"3268","TRINITY_DN4391_c0_g1",-1.70055284902249,6.23504311434454,-16.9347518495137,1.13313143975943e-09,6.82046062288481e-06,12.7972856818658,3222.65,1496.58,4216.61,3679.95,4005.05,1342.41,860.28,1145.92,1339.01,984.68
"3269","TRINITY_DN43913_c0_g1",-3.93239642423529,-2.61393555309802,-4.8578550957225,0.000406282107745071,0.00698221753104444,-0.647388683899486,24,9,14,26,12,0,1,3,0,0
"3270","TRINITY_DN43926_c0_g3",2.2765156824674,-1.4858576909271,3.90109166821699,0.00215112765933932,0.0202419735917227,-1.35710153496038,9,0,6,6,4,23,28,25,14,16
"3271","TRINITY_DN43938_c0_g1",-1.12554400087647,0.229862351700854,-3.88153359294196,0.00222813745810707,0.0206763968966319,-1.26124286145094,63,17,60,31,46,29,27,19,15,15
"3272","TRINITY_DN4397_c0_g2",-1.19182487229598,-0.68488951791695,-3.88145931650592,0.00222843527477951,0.0206763968966319,-1.20045570993142,36.99,7,33,19.22,26,6,11,13.51,13.01,9
"3273","TRINITY_DN44_c1_g1",-1.00063051257224,5.20739726959153,-8.99237408004568,1.21491369245212e-06,0.000255661002825478,5.75346086432058,1714.44,467.92,1384.61,1231.85,1722.22,696.63,555.45,694.79,969.32,668.72
"3274","TRINITY_DN4403_c1_g1",-1.52634642453709,-0.676768856521426,-3.21080345130462,0.00758343489901261,0.0458030783055789,-2.2940983737961,43.7,1.74,38.99,47.96,29.41,6.17,6.94,8.21,22.65,8.74
"3275","TRINITY_DN44075_c0_g1",-1.63609868502716,0.780635035874133,-4.18139915376471,0.00130510755944888,0.0146025967056472,-0.79638785913972,63.4,35,76.76,97.97,99.47,9.44,13.31,54.75,32.57,36.25
"3276","TRINITY_DN44101_c3_g1",2.82922750520944,-0.882347981645024,3.22582978533935,0.00737606864110753,0.0450266014000507,-2.23727175857781,0,8.27,7.75,10.37,12.81,33.61,9.42,62.07,66.02,23.93
"3277","TRINITY_DN44108_c0_g1",1.67356965529974,0.437431442244937,4.73153423649583,0.000502928483276815,0.00796391400357934,0.142580936846449,18,5,18,23.4,40,95.01,29.01,60.01,93.01,72.01
"3278","TRINITY_DN44115_c0_g1",2.26660584857152,-1.52194085968071,3.31688235954189,0.00623648314221042,0.0405749691228512,-2.15097170089492,12,2,5,2,4,10,10,38,27,21
"3279","TRINITY_DN44118_c2_g1",-1.27432183097465,-0.0674316530006855,-3.39059116821884,0.00544571880006608,0.0373299044108512,-2.06680792422634,54.24,18.42,37.15,24.87,48.56,25.66,27.5,8.97,10.81,13.09
"3280","TRINITY_DN44196_c0_g1",-1.03850834363015,2.84540359797222,-5.30108951210068,0.000195517687712349,0.00445656189769736,0.806861155079331,249.52,93,392.85,275.58,268.66,176.68,81.29,124.42,228.87,107.99
"3281","TRINITY_DN4422_c0_g1",1.2414227043365,3.55541032039091,3.4281978801297,0.00508229294709808,0.0356614140003758,-2.59861590990715,346.39,85,95,312.93,175.56,483.41,737.55,548.48,411.95,338.65
"3282","TRINITY_DN44239_c0_g2",-1.4199155179179,-1.35138105123747,-3.37872626679073,0.00556577675025117,0.0377706981838124,-2.00587583233768,19.12,4.05,27.9,15.48,19.39,9.91,3.6,7.17,9.34,1.11
"3283","TRINITY_DN44246_c1_g1",-1.32026569032832,-0.792814715058943,-3.48754914356355,0.00455820742828131,0.0331855964395089,-1.83224035536885,34,8,29,18,29,14,7,3,16,10
"3284","TRINITY_DN4425_c0_g1",1.1299039315407,1.34412727629486,3.32458850964573,0.00614862630530349,0.0402265841180931,-2.37679674409693,31,7,87,88,47,104,96,84,130,115
"3285","TRINITY_DN44266_c0_g1",-2.39235364277565,-1.70415190620839,-3.74348669345088,0.00285899467782366,0.0244068982477161,-1.66190684080466,19,15,13,16,27,2,6,2,5,1
"3286","TRINITY_DN44273_c0_g1",-4.41742039810873,-3.03445189007699,-7.05717396800603,1.4097275798226e-05,0.000960793141268053,1.00263205577264,29.12,4,15.18,10.16,18.29,0,0,1.01,0,0
"3287","TRINITY_DN44278_c0_g1",1.16937864485414,-0.672250751965253,3.49625014059764,0.00448614103762235,0.0328510962859548,-1.8254763256775,20.18,3.97,8.51,8.48,17.35,21.77,25.83,19.51,39.89,17.52
"3288","TRINITY_DN4430_c0_g1",1.29401311905222,2.42826653706423,4.81371689047301,0.000437627070048173,0.00730537883788445,0.064079907716474,89.4,61,76.84,134.2,63.6,312.64,195.53,239.43,205.91,173.96
"3289","TRINITY_DN44308_c0_g1",1.26611086025889,2.55521061353086,8.20647421888588,3.1259379972942e-06,0.000432781209544669,4.98759447682551,118,28,103,105,120.68,292.37,208.31,204.12,356.65,218.17
"3290","TRINITY_DN44326_c0_g1",-1.26606514968594,-0.15360749408108,-3.40547602514766,0.00529881533770211,0.0366800209535042,-2.03127283093738,44.65,16.87,41.97,17.41,60.01,13.28,21.62,18.17,11.89,10.14
"3291","TRINITY_DN44369_c0_g1",1.39999260325162,-0.829506108027322,3.32916600109834,0.00609703388288923,0.0400510264043238,-2.08311025934012,7.61,2,11,16,12,16,15.46,20,32.63,39.18
"3292","TRINITY_DN4438_c0_g1",-1.01971629354954,3.95440488055408,-9.48796428767926,6.91096638228828e-07,0.0001930942770016,6.42417816542484,629.45,198.55,686.33,575.29,629.27,305.35,210.35,345.55,398.4,258.38
"3293","TRINITY_DN44382_c0_g1",1.46997822937203,-0.891760273132349,3.31736193133057,0.00623097866515564,0.0405555466023011,-2.09797569544105,11,4,11,3,21,27,25,15,26,22
"3294","TRINITY_DN44388_c0_g1",-1.65866194956078,-0.48269059102331,-4.27920489497501,0.00109856260382702,0.0130950703989102,-0.56771064465125,49.2,15.02,39.34,14.44,50.72,10.09,8.9,9.02,12.19,7.88
"3295","TRINITY_DN4439_c0_g1",2.36216413171087,1.23606998136723,6.02554719613604,6.277463040979e-05,0.0022748694245038,2.10041422675928,38,16,24.75,21,28,241.73,176.05,141,96,97.62
"3296","TRINITY_DN4439_c1_g1",-1.22358600168195,0.701308419863637,-5.84818445885695,8.23423814721715e-05,0.00267035048407773,1.84215593690478,74,20,66,64,86,42,25,27,27,20
"3297","TRINITY_DN4444_c2_g1",-2.33095692873941,-1.83401104071656,-3.44413401274543,0.00493582195480906,0.0350117328047731,-2.07318578373331,15,7,21,20,19,14,2,3,4,0
"3298","TRINITY_DN44464_c0_g1",-1.81868782480557,-1.08037522022703,-3.25452337776334,0.00699586395755497,0.0435201095759727,-2.19195150884213,41,6,12,21,49,11,4,5,6,6
"3299","TRINITY_DN4450_c0_g1",1.00485728535573,1.80271814194182,3.88976294961448,0.0021953939268712,0.0205084998784331,-1.4529900147514,49,43,61,81,68,201,93,112,158.01,104
"3300","TRINITY_DN44546_c0_g1",1.33747701354815,-0.482776914506998,3.19993209002484,0.00773712188579345,0.0464016901907512,-2.33297881912162,17.24,5.51,5.96,21.57,15.01,38.66,28.73,31.66,31.68,15.35
"3301","TRINITY_DN44550_c0_g1",-1.05235050081188,1.59125430566791,-5.39639897820766,0.000167664917457593,0.00404706348565301,1.11660761432592,155.85,49,136.01,89.89,100.5,54.07,36.94,70.37,75.02,45.82
"3302","TRINITY_DN4456_c0_g1",1.36328994985214,5.86591349700033,9.50916811112761,6.749640731332e-07,0.000191182025632242,6.32327984093457,1144.71,319,1242,706,1168,2331,1772,2940,3226,2562.86
"3303","TRINITY_DN4462_c2_g1",-1.12982504903072,3.36022502634791,-5.38107628535156,0.000171844239098061,0.0041207914857581,0.861512243466939,349.81,113.05,416.71,361.92,724.49,227.4,165.17,193.44,207.46,170.62
"3304","TRINITY_DN44620_c0_g1",-1.02026166943724,-0.100201480691653,-3.27658041313772,0.00671711369928851,0.0423708587908537,-2.26070522631313,53.45,21,26,36,29.79,19.57,13,20,18,10
"3305","TRINITY_DN44631_c0_g1",-1.10129669858132,4.65893083085041,-4.30719285177199,0.00104593558223992,0.0126785112213326,-1.1852357531308,854.71,249.68,1542.01,1061.05,1106.23,333.1,300.11,546.4,601.87,731.92
"3306","TRINITY_DN44652_c1_g1",1.30020570468785,2.52559551457535,3.33822278528703,0.0059962453172464,0.0396419867076371,-2.56691140222184,145.4,55.36,38.88,96.97,140.42,334.81,302.69,199.88,170.55,237.15
"3307","TRINITY_DN44673_c2_g1",-1.36495975788576,-0.0434065525899305,-3.82119766519875,0.00248409914430518,0.0222721292235453,-1.33677797452883,58.3,8,29.08,62.29,58.46,14.2,9.91,11.32,23.27,21.68
"3308","TRINITY_DN4471_c0_g1",-1.09318583693738,3.35942540598916,-9.5562816620725,6.40548475673381e-07,0.000189246829071196,6.5307406073328,512.27,148,420.76,330.63,408.49,194,186.24,182.36,222.32,178.2
"3309","TRINITY_DN4472_c0_g1",1.55072236076887,2.70627321222485,6.09952245511375,5.61301180551305e-05,0.00212462632705413,2.10236042910482,110.4,52,158,118,51,319.54,277.26,322.36,336.82,237.72
"3310","TRINITY_DN44730_c0_g1",-1.48862864160309,-0.689814296079022,-3.44983874700998,0.00488443939162025,0.0347670736085034,-1.901126520817,46,2,38.4,19,53,9,8,12,13.26,7
"3311","TRINITY_DN44744_c0_g1",-4.52013175708386,-3.02749064582782,-6.8170262567949,1.97095985533911e-05,0.00117048899834738,0.87037578230317,15.26,6.7,29.7,10,17.32,0,0,0.96,0,0
"3312","TRINITY_DN44744_c0_g2",-2.18019638266694,-1.63908727084289,-4.03645535957274,0.00168812595024664,0.0172400247453597,-1.1837215485468,22.84,4,28.73,13.24,21.26,5.91,2.81,0.56,4.29,7.42
"3313","TRINITY_DN44766_c3_g1",-2.34285704953237,-1.09890982703672,-3.78648182154328,0.00264490348185074,0.0231271566456282,-1.41836363171691,49,16,18,16,46,5,1,10,8,3
"3314","TRINITY_DN4477_c1_g1",-1.64805360645519,-0.572000386074992,-3.79722126000314,0.00259404567707344,0.0228657455145461,-1.33665899825052,45.14,10,27.1,39.36,26.23,10.09,20.01,8.47,5,11.01
"3315","TRINITY_DN44825_c0_g1",-1.68046963937508,-0.585044794048247,-4.16612266305686,0.00134083909207141,0.0148376581106139,-0.749074186292293,40.56,9,43,19,53.24,6,5,9,26.06,6.01
"3316","TRINITY_DN4483_c1_g1",-1.3219626112166,-1.19444330684491,-3.31762078787375,0.00622800958182623,0.040549044249115,-2.09354457875339,21.53,3.02,18.13,18.81,27.6,9.85,9.75,7.45,4.25,5.39
"3317","TRINITY_DN44868_c0_g3",-1.4131319047459,-0.131407616994693,-3.80201294806933,0.00257167952809496,0.0227425655406989,-1.359702414964,59.19,13,48.3,19,62.51,9.02,9.03,13.07,30.19,14.05
"3318","TRINITY_DN44900_c0_g2",-1.51518219591502,-1.27401315974192,-3.35505847055106,0.00581335639763848,0.0388614410351175,-2.03988178531175,26.74,6,23.54,10.35,30.46,9.22,1.03,5.14,11.57,5.05
"3319","TRINITY_DN44932_c0_g1",-1.3571788488457,-0.582929213873062,-4.09413503326119,0.00152338300660998,0.0161486444450048,-0.860208507319474,45.82,7,21.85,25,45.57,11,4.95,10.98,13.9,13
"3320","TRINITY_DN4498_c2_g1",-2.11415306578333,-1.69820139036333,-3.49068439339998,0.00453210456223068,0.0330633734060279,-1.94953027999619,17.8,7.86,17.95,21.29,18.13,7.76,0,2.64,5.85,7.91
"3321","TRINITY_DN450_c1_g3",1.0104930988937,4.10839401857261,7.46577898377508,8.1047474352068e-06,0.000714170922834209,3.90093569570378,416.62,138,332.05,244.9,338.63,578.72,626.27,784.66,826.41,518.11
"3322","TRINITY_DN4501_c0_g1",-1.78446641038968,0.088289124998499,-3.50509202978983,0.00441409718254116,0.0324826210019726,-1.87645986902182,56.31,25.48,44.97,58.2,52.6,41.64,25.17,2.55,15.1,12.77
"3323","TRINITY_DN45064_c0_g1",-1.85740787429671,-1.18716951513154,-4.79530561295484,0.000451441577329667,0.00745337286549527,0.0153062441970562,33,11,24,16,22,8,4,7,6,3
"3324","TRINITY_DN4507_c2_g1",-2.80049274589,-1.29499600779787,-5.37451274857365,0.000173667945631188,0.00414345423211184,0.428302274948519,29,16,28,18,42.29,3,2.99,4,3,4
"3325","TRINITY_DN45086_c0_g1",-1.03328775465814,-0.177921462499435,-3.58415757439596,0.00382008310264419,0.029455855572187,-1.72965014616081,43.75,5.02,42.9,39.31,41.27,25.55,9.38,15.78,19.35,13.15
"3326","TRINITY_DN4510_c0_g3",3.30147647231033,-1.33575351077934,5.43693756237874,0.000157116604601257,0.0038876004882222,0.297358493944084,6.32,0,2.33,8.86,3.35,39.03,41.09,33.5,33.01,18.54
"3327","TRINITY_DN45163_c0_g1",-1.80529464094957,-0.631599228111154,-5.71632499179803,0.000101034041829657,0.00299646974778947,1.45329560736848,38.49,16,34.39,28.44,28.99,12.9,8.33,6.83,7.35,6.68
"3328","TRINITY_DN45211_c0_g1",-3.19398561573433,-1.31392258446362,-4.54977497699844,0.000686250347028373,0.00971448565527464,-0.642730255462492,43,15,36,18,48,3,6,4,8,0
"3329","TRINITY_DN45229_c0_g1",-3.31368871224148,3.00154855099489,-9.05699611724473,1.12723779397432e-06,0.000243373004553588,5.98158887565821,929.04,272,895.04,330.13,857.04,68.04,30,89.06,115,63
"3330","TRINITY_DN45229_c1_g1",-3.33688895842876,1.4167258847519,-7.8819510255693,4.70855207358172e-06,0.000542432226566277,4.51240170199828,318.06,74.24,319.88,107.65,295.85,18.48,15.8,17.32,50.94,16.31
"3331","TRINITY_DN4529_c0_g2",1.10212274422182,7.20183302112367,4.67914969485967,0.000549810377795972,0.00842215113077292,-0.777191621304538,2901.82,1295.76,1591.82,3090.35,3611.61,6454.94,5822.34,4218.79,5665.55,7533.74
"3332","TRINITY_DN45332_c0_g1",1.02477202442825,0.0450716490632378,3.19638601862748,0.00778792896047218,0.046581431463386,-2.41112895795975,16.12,14,20.35,18.35,20.35,45,51.49,34.34,29.7,27.72
"3333","TRINITY_DN45387_c0_g1",1.12204330052225,1.42813376674243,4.96777096449135,0.000338028567349594,0.00623620794045496,0.446897063323507,43.43,17,56.16,64.72,48.29,78.94,83.04,125.61,135.96,120.94
"3334","TRINITY_DN45391_c0_g1",-2.94825967884081,-1.07837523599154,-4.19688902512324,0.00126988401455078,0.0143850299267073,-0.905298988411346,49.25,8.54,61.24,22.12,47.06,8.87,2.36,7.57,11.7,0
"3335","TRINITY_DN45408_c1_g1",-1.62210825611882,0.346733735974086,-6.20847864143262,4.76681790778394e-05,0.00194028656670958,2.32923948971474,68.82,24,51.54,55.15,71.8,25.01,12.24,22.02,13.01,21.01
"3336","TRINITY_DN4544_c11_g1",-3.9446065091878,-1.90674312731348,-6.11587700852057,5.47644000412992e-05,0.00209189600391498,0.463929573176713,31.64,12,39.98,23.57,25.24,3.28,2.07,1.13,1.1,0
"3337","TRINITY_DN4544_c6_g1",-1.57614219656433,1.04094962440874,-3.56369950591061,0.00396548001789652,0.0302594752087429,-1.90386793496081,113.87,25,52.1,158.18,127.2,79.12,21.83,21.24,21.53,36.4
"3338","TRINITY_DN45473_c0_g1",-2.08192326688076,-1.21105319922364,-5.32930994499788,0.000186795238781743,0.00434449146629684,0.628486815241908,31.07,9,25.76,19.25,28.96,6.09,2.06,2.04,11.3,5.1
"3339","TRINITY_DN45482_c1_g1",-2.7091902046408,1.34806165595226,-6.16728149969526,5.06965632797576e-05,0.00200796112212859,2.30383393501677,180,53,158,198,228,109,7,12,43,22
"3340","TRINITY_DN45506_c0_g1",-3.4177527346012,-1.56259669713863,-4.72992645819172,0.000504303338757066,0.00797840701039491,-0.66329831077888,34.56,14,30.7,25.46,35.47,0,0,6.34,10.08,4.14
"3341","TRINITY_DN45589_c0_g1",-1.94764370211457,0.191575008381097,-5.05573313261068,0.000292114858653078,0.00572063806726344,0.651620883197226,90.82,19.87,37.82,73.7,68.35,17.04,25.74,12.08,19.55,5.65
"3342","TRINITY_DN45615_c0_g1",-1.75021849789614,0.90548091133293,-4.78756052290079,0.000457388734702015,0.0075153910565141,0.202553963106507,169,20,94,62,125,32,15,31,62,13
"3343","TRINITY_DN45615_c0_g2",-1.26416410947357,-0.108761693174623,-4.36778547318406,0.000940784395979081,0.0118072266022188,-0.429682187245507,64,13,42.98,21.99,46.99,14,15,18,17.27,11
"3344","TRINITY_DN45651_c0_g2",-1.1474291011285,-0.815167795180732,-3.34571157756416,0.0059141832944955,0.03930144103191,-2.06581937249951,40.02,4.3,29.37,16.88,26.26,9.74,3.02,12.4,15.03,9.95
"3345","TRINITY_DN45683_c0_g1",-2.17229045201856,-1.61540580556622,-4.00531644944382,0.0017846183880719,0.0178852454136552,-1.22809725039836,20.4,6,29.45,20.54,14.13,6.52,1.14,1.63,3.53,6.81
"3346","TRINITY_DN45716_c0_g1",-2.17571315401868,-0.81399000140012,-5.7267007884417,9.94118874164915e-05,0.00297057534326323,1.30840494645239,30,15,38,29,40,9,3,3,13,6
"3347","TRINITY_DN45720_c2_g1",2.09816928266962,-1.39956926713954,3.4395833933603,0.00497720364164303,0.0352001340584324,-1.94491125640089,12.53,3,7.17,2.37,3.54,24.34,16.28,10.59,43.34,12.84
"3348","TRINITY_DN45736_c5_g1",-1.2479918396644,-0.354944023362683,-3.65847107930841,0.00333625275816563,0.0269642585485879,-1.58332167742803,28.46,13,49.13,20.27,44.77,22.64,11.34,11.23,11.11,9.08
"3349","TRINITY_DN45743_c0_g1",-1.76986503792689,-0.530248420170987,-5.13972339165586,0.000254362154199219,0.00523545143249778,0.714799016657623,54.2,8,28.14,41.48,36.29,8.14,7,14.07,8.23,10
"3350","TRINITY_DN45782_c0_g1",2.1773579865322,2.02531675491292,4.81302072568547,0.000438141283518087,0.00730594184795657,0.146591933249543,92,23,91,16,53,224,140,179,566,208
"3351","TRINITY_DN45788_c2_g1",2.13964825509797,-0.880984950495231,3.37470478677032,0.0056070762661568,0.0379467059713558,-2.00778778579519,3,0,15.01,6.72,29.17,49.06,29.96,18.01,43.68,26.28
"3352","TRINITY_DN458_c0_g1",-1.30799587091711,4.99195671251131,-3.87908663719776,0.00223797031312844,0.0207415199590843,-2.00295598024667,1917.09,300.24,1799.8,1384.25,1186.17,586.79,549.8,244.09,659.36,1053.86
"3353","TRINITY_DN45803_c3_g1",-2.19421139300957,-0.753217283364689,-5.94847795667326,7.05919199995117e-05,0.00245295997531224,1.60815794025002,36,17,30,38,35,7,8.39,4,11,4
"3354","TRINITY_DN45803_c4_g1",-1.9268612766909,-0.958297175734062,-4.70050213845319,0.000530171661764506,0.00823159159432605,-0.0357427570742317,30.96,12,31.91,16.31,36.5,3,5.16,12.38,8.63,4.39
"3355","TRINITY_DN45866_c0_g1",-1.20427577517044,0.249038669961936,-5.38150230974817,0.000171726566477259,0.00411956955199603,1.14728873023387,52,17,62,45,49,22,14,29,19,17
"3356","TRINITY_DN45898_c0_g1",-1.81750261677629,0.218668525270304,-5.51962797778585,0.000137711680449218,0.00357587083447365,1.34568604142603,73.03,23,54,46.02,79,16,7,10,46,13.25
"3357","TRINITY_DN459_c6_g1",-1.97918098920548,0.901227481322053,-3.43615222148675,0.0050086388133512,0.0353536156203486,-2.09673264541764,190.16,33.43,157.32,95.64,44.12,17.66,7.3,94.89,29.58,18.36
"3358","TRINITY_DN45924_c0_g1",-1.15325402712173,2.1916777291384,-3.74399674680491,0.00285635324333541,0.0243880116246508,-1.78128029361896,341.04,60,120.19,140.68,222.74,86.29,115.19,61.16,88.11,73.61
"3359","TRINITY_DN45924_c0_g2",1.11752907214403,3.03847891275298,4.87565921970764,0.00039431281283952,0.00685088001328494,0.0704832101316617,128,72,235,163,100,362,239,422,391,241
"3360","TRINITY_DN45931_c3_g1",-1.00167836933912,1.54509006775811,-3.31100625546754,0.0063043299065082,0.040843538250663,-2.44693315776195,168.76,49,129.87,52.42,129.8,65.61,36.49,40.46,98.74,45.46
"3361","TRINITY_DN45965_c0_g1",2.98816386755961,-1.45428133740626,3.52019100389235,0.00429378670656228,0.0318803824676701,-1.91014721384668,10,2,1,10,2,29,10,51,21,28
"3362","TRINITY_DN4602_c0_g2",1.60133187510573,0.807203271652748,3.74626868574294,0.0028446178631443,0.0243248114961133,-1.54105516549756,27.36,11,29.6,43.76,19.29,179.45,81.13,42.27,71.46,75.09
"3363","TRINITY_DN46050_c0_g2",-1.41516807138113,0.217208271293399,-4.32665346632687,0.00101089267310285,0.0123699800302938,-0.510074799172969,65.58,38,56.62,33.41,39.46,15.06,12.67,26.02,19.57,14.19
"3364","TRINITY_DN46055_c0_g1",-3.15752046708964,-1.15859583470807,-5.51658827786211,0.000138378278510341,0.00358244420765113,0.57600412949115,35.04,13,50,44.09,28,7,6,2,4,1
"3365","TRINITY_DN46061_c0_g1",-1.8639679899827,2.18246559828,-11.8082179688659,6.50686549084485e-08,5.580360143454e-05,8.59045333587028,255.55,76.75,299.12,193.43,237.27,59.62,50.26,84.52,81.02,49.68
"3366","TRINITY_DN46074_c2_g1",-3.08293728038696,-2.11004396616517,-4.94071002570913,0.000353631809413304,0.00639978222967547,-0.567494534056284,28,6,16,14,24,3,1,3,3,0
"3367","TRINITY_DN46094_c0_g1",-1.19887096002968,-0.311198589815022,-3.34114220439666,0.00596411790749678,0.0395184410936915,-2.11944119488772,27.74,24.01,38.47,29.08,30.98,7.34,10.51,21.15,19.26,8.52
"3368","TRINITY_DN46120_c0_g1",-1.12012562482448,-0.355798928958385,-3.81230130503302,0.00252432411029153,0.0224984485517632,-1.32904031631602,43.36,10,25.57,31.61,37.05,16.98,6.14,22.03,13.27,10.67
"3369","TRINITY_DN46208_c7_g1",-2.87900436796648,-1.36929587603018,-6.18331905596177,4.9494057228818e-05,0.00198304546138394,1.14581176330424,36.34,11,26.89,19.7,37.56,2.4,3.12,4.54,2.71,2.57
"3370","TRINITY_DN46210_c0_g2",-2.81649356220736,-2.25717339341381,-3.35612953650483,0.00580191451624922,0.0388101633137641,-2.28818054780332,25.07,4,12.01,23.03,12.02,6,2,0,7,0
"3371","TRINITY_DN4623_c0_g1",1.13867616458106,2.72399126155502,6.12086367148463,5.43550265203682e-05,0.00208208075532239,2.12474122204935,94.05,50,167,109,125.65,291.03,221,213,301,311.19
"3372","TRINITY_DN4625_c0_g2",-1.27279508298481,0.594305757108427,-3.48871097048324,0.00454851668683119,0.0331517715272016,-1.98026226659313,43.73,11.01,85.69,78.28,108.61,34.24,16.58,28.93,21.73,30.3
"3373","TRINITY_DN46252_c1_g1",-1.31971634411416,-0.184506653506364,-4.55982516571916,0.00067448146730763,0.00960799134830131,-0.120844079236892,49,21,28,30,44,11,9,13,20,16
"3374","TRINITY_DN46257_c0_g1",-1.04623759881549,4.64791524788022,-3.2906009194131,0.00654579507092733,0.0417034413990529,-3.04545612213644,1515.92,302.7,1158.14,494.83,1279.31,593.84,816.52,437.05,377.4,325.61
"3375","TRINITY_DN46267_c0_g1",1.51888864225554,-0.7281700376946,4.21791454008109,0.00122364327494105,0.0140389306839576,-0.676790900868006,17.6,3,6.13,9.66,12.28,32.79,13.34,27.22,28.48,31.39
"3376","TRINITY_DN46270_c4_g1",-1.41081025688181,0.129622847654403,-4.67028681637734,0.00055818398916805,0.00850820660655362,0.0497548405218904,63,26,56,27,48,18,12,19,14,21
"3377","TRINITY_DN46304_c2_g1",-1.82594141942018,-0.719263761068028,-5.35525612342204,0.00017913720866062,0.00423969504038942,0.942261517374085,45,14,25,24,36,6,8,10.75,11,4
"3378","TRINITY_DN46341_c1_g1",-2.26070164956718,0.9790829557351,-7.38871123966648,8.98251701970658e-06,0.000751582200783131,3.90331011773898,146,68,113,97,94,18,33,19,39,12
"3379","TRINITY_DN46348_c1_g1",2.27880187203494,1.30282427671402,3.56789297613498,0.00393522279702795,0.0301217475233522,-1.88905458267624,21.94,1,103.23,170.26,10.74,141.4,155.62,182.64,173.06,154.18
"3380","TRINITY_DN46353_c0_g1",2.39727101679655,-1.86821640886238,3.39602253927792,0.00539164121035096,0.0371176462029365,-2.12429030399646,6.2,0,4.05,13.96,1,22.46,7.07,11.43,26.22,14.58
"3381","TRINITY_DN46409_c0_g1",-2.14743842604285,0.944328184462339,-5.23223430607435,0.000218650103833749,0.00478088052816088,0.913929437232945,150,65,66,91,120,31,28.06,8.03,25,34
"3382","TRINITY_DN46422_c1_g1",-1.87018756696662,1.42943865449173,-6.9490836799793,1.63774543632487e-05,0.00105231535069915,3.38308133212542,181.9,56.01,129.53,108.21,157.86,40.72,16.73,33.59,88.14,27.4
"3383","TRINITY_DN46422_c2_g1",1.52898240696399,-0.935970198858708,3.88555154660246,0.002212088142196,0.0205988786950472,-1.20827529885713,19.76,1,6.77,9.32,8.71,20.27,20.02,15.84,34.92,28.06
"3384","TRINITY_DN46477_c2_g1",-2.98624172139619,-0.521514615684308,-6.21712562285959,4.70572748908656e-05,0.001932302163262,1.8833463217701,49.87,29,38.53,48.61,68.15,5.24,4.13,10.47,3.04,7.89
"3385","TRINITY_DN4648_c0_g1",2.36529018059608,0.125091088873669,4.43479534796173,0.0008372041933576,0.010992065603114,-0.318787536682855,15.19,4,9,23.2,14,81.73,59.74,138.19,36.07,49.62
"3386","TRINITY_DN46554_c0_g1",-3.08668020548836,-1.41414262792247,-3.23254460749862,0.00728526306393521,0.0446800629506945,-2.31665907454195,73,14,24,10,43,3,1,1,6,5
"3387","TRINITY_DN4657_c7_g1",1.66996955761223,-1.41939416033938,3.61867428956102,0.00358700691897593,0.0282009808037848,-1.66982847252951,4.21,1,14.47,6.83,6.04,15.13,16.94,17.58,24.64,10.45
"3388","TRINITY_DN4658_c0_g1",1.1170998800409,2.89950184029603,7.56154638623251,7.13967798729077e-06,0.000665206853884141,4.14935054638941,120.31,54,124.62,147.19,167.2,297.45,229.64,345.33,326.57,293.36
"3389","TRINITY_DN46586_c1_g1",-2.14246492131681,0.383867370655641,-8.38785985738136,2.49888331002371e-06,0.000376721756284362,4.90266511860474,106.41,27.57,86.13,51.51,70.03,17.8,11.59,21.25,16.54,11.59
"3390","TRINITY_DN46592_c0_g1",-2.19803901755758,0.628304708700601,-6.74814856226804,2.17279211088701e-05,0.00124587693208413,3.0611820583021,97.33,35,90.52,48.66,153.76,18.11,17.71,17.05,25.31,13.16
"3391","TRINITY_DN46609_c0_g1",-1.14222890287067,-0.246524546598773,-3.9587601169046,0.00193964089782371,0.0189306176019769,-1.09275695115857,38.49,14.09,45.37,26.06,33.75,10.28,7.96,13.4,30.72,13.52
"3392","TRINITY_DN46682_c0_g3",-1.85501163769645,-0.829244721110477,-3.78820707711375,0.0026366647465304,0.0230901680284724,-1.35438121237469,48.37,8,25.39,19.37,49.34,4.12,5.03,7.19,26.06,3.02
"3393","TRINITY_DN46683_c0_g1",2.52453687784958,-2.10615645501432,3.22553873322833,0.0073800303316295,0.0450387539946094,-2.41388003389588,0,1,1.21,1.25,19.13,11.07,7.77,12.99,20.63,19.1
"3394","TRINITY_DN46756_c0_g1",-2.70531932946315,-2.03398080317293,-4.17279230531954,0.00132511573169997,0.0147376163906717,-1.32013580011312,21.95,8,23.86,10.59,16.96,3.63,0,3.31,2.14,3.33
"3395","TRINITY_DN46785_c0_g2",-1.54420985331929,-1.58039159401935,-3.34304117255913,0.00594331404824302,0.0394314753317079,-2.08949243816935,15.36,11,15.44,10.56,19.68,2.88,6.47,5.87,5.26,2.6
"3396","TRINITY_DN4681_c8_g1",-1.39749297309374,4.71001412693322,-9.34042719358717,8.15487116278382e-07,0.000206371714983432,6.20623025100518,1088,339,1153,1410,1342,362,428,455,519,456
"3397","TRINITY_DN4681_c8_g2",-1.50628538241641,1.6862595037034,-7.57234163675964,7.03885269824374e-06,0.000659537293491888,4.1975811050195,124.46,51,151.48,151,182,38,46,50,58,63
"3398","TRINITY_DN4683_c4_g1",2.0595665980677,-0.864605846198746,3.50403342176896,0.00442266020074315,0.0325307523754962,-1.80198389824656,19.33,3.55,15.35,4.99,3.32,51.41,22.34,30.03,35.13,13.24
"3399","TRINITY_DN4689_c2_g1",-1.48167028831737,-0.208573395959987,-5.10527369918993,0.000269185768522131,0.00541246591817146,0.714454735574954,59.47,11,27.66,40.51,52.03,12.36,10.01,13.38,19.33,10
"3400","TRINITY_DN46909_c0_g1",2.16129081910559,-1.57938493525459,4.26628538089215,0.00112377681108301,0.0133239190727254,-0.899654828049251,12,0,5,4,5,17,23,15,28,12
"3401","TRINITY_DN46920_c4_g1",1.95882461557424,-1.36147899882062,3.31551120295349,0.00625224834095866,0.0406297443230389,-2.1109282240036,1.5,6,11.55,8.28,6.6,17.43,10.18,17.46,21.4,22.02
"3402","TRINITY_DN46981_c0_g2",2.23637556260897,-0.224707961845054,4.86973844287459,0.000398251643882456,0.00688875784016996,0.33343461645907,14.33,2,17,24.76,5.09,68.45,33,53.72,70.92,30.7
"3403","TRINITY_DN46989_c0_g1",-1.45201193801998,-0.371124064122697,-4.01566337287986,0.00175193864469302,0.0176589466915613,-0.988912006480347,50,21,24,31,34,16,13,9,16,5
"3404","TRINITY_DN4699_c3_g1",-1.09813760865389,2.60143141277671,-6.04641924256372,6.08193458752609e-05,0.00223806493987224,2.02168083153143,200.06,95,305.04,256,226.04,129,94,107,173.94,72
"3405","TRINITY_DN4705_c0_g2",1.47144141946897,-1.05981401359776,3.17621337539269,0.00808342599883716,0.0477966833407211,-2.31405535511021,5.82,0,10.88,15.43,15.42,28.01,11.55,26.68,23.16,21.33
"3406","TRINITY_DN4707_c0_g1",-1.32808425043069,4.78893877540043,-7.24177338439396,1.09500914831465e-05,0.000822562346595293,3.51845395343009,995.58,415.64,1406.5,1679.67,1010.42,417.14,500.14,512.87,565.85,392.54
"3407","TRINITY_DN47070_c0_g3",-2.3323061014033,-1.54251403168392,-3.59682772076308,0.0037327790764468,0.0289822118358323,-1.77587697216189,24.6,6.4,41.25,9.51,29.72,7.47,1.27,2.15,6.66,1.56
"3408","TRINITY_DN471_c0_g2",-1.06849850209062,2.65528603375521,-5.02641359289917,0.000306643886786603,0.00588795261840546,0.380321529994429,324.29,96,260.58,165.14,273.84,138.61,57.02,151.66,153.33,114.78
"3409","TRINITY_DN47104_c0_g1",-1.7797244827638,-1.48998880944401,-3.60052670725344,0.00370767783419696,0.0288194474957192,-1.71074775712488,17,9,14,14,29,5,4,3,3,8
"3410","TRINITY_DN47116_c1_g1",2.34821992513011,-0.236246659831485,6.87002597425983,1.82927984939038e-05,0.00112107112295724,2.90967085068258,13.72,2,10.68,17.53,8.76,63.14,54.97,39.36,50.35,48.26
"3411","TRINITY_DN47131_c0_g1",2.1440761033779,-1.07864031284806,3.18031024343379,0.00802251217819625,0.0475424551173615,-2.30722830941517,3,9,17,2,11,38,11,29,17.2,29
"3412","TRINITY_DN47133_c0_g1",-1.01504797240575,5.79501207259727,-9.85962622607969,4.59513018888591e-07,0.000161215965285981,6.71926188733225,2042.14,911,2499.17,1948.9,2155.34,1203.14,754.37,997.17,1419.79,959.58
"3413","TRINITY_DN47158_c0_g1",2.34966880745377,-0.391736002466852,4.84047216696735,0.000418336143803076,0.00711805461767768,0.27090845138689,6.75,6.29,7.78,15.94,12.1,33.67,46.56,43.65,84.42,20.46
"3414","TRINITY_DN4717_c0_g1",1.14366712261769,3.56408267675737,5.60813897119407,0.00011971633492157,0.0033025680676368,1.20704386780554,162.57,92.38,198.31,324.7,204.79,464.46,524.01,504,546.99,340.31
"3415","TRINITY_DN47193_c0_g1",-2.69004496775723,-1.7218176256517,-4.37224776083812,0.000933488832705965,0.0117467023521353,-0.900741206727658,27.48,4,40,16,18,5,3,2,2,2
"3416","TRINITY_DN47262_c2_g1",-1.63726114322562,-1.20855621927405,-3.40356021501776,0.00531749496345705,0.0367769577736947,-1.96230051737181,23,8,20.19,18,22.1,6,5.93,7.04,2.01,14
"3417","TRINITY_DN47286_c0_g1",-4.54014055407076,-2.46685264528205,-5.02102459890873,0.00030939594554877,0.0059165626651426,-0.470702012774629,61,8,26,15,17,0,2,1,0,0
"3418","TRINITY_DN47290_c2_g1",-1.61826309883105,-0.745853200930458,-3.88357615893719,0.00221996369321335,0.0206422215456557,-1.19814199077403,29,12,43,34,18,6,8,5,13,10
"3419","TRINITY_DN4733_c1_g1",1.15180306115583,1.83030712017479,6.46579882913238,3.26151721532784e-05,0.00154441844334405,2.71152955285051,69,16,72,81,67,123,124,146,183,161
"3420","TRINITY_DN47330_c2_g1",-2.59145000050484,0.879135236408116,-5.97605644407096,6.768218775949e-05,0.00238541080466495,2.0242026301525,204,49,71.62,89,173,29,22,12,32,9
"3421","TRINITY_DN47347_c0_g1",-1.36926247164065,0.289424497996937,-3.7963692749699,0.00259804338042658,0.0228834541333291,-1.41059778203205,78,7,80,55,59,27,12,17,44,12
"3422","TRINITY_DN4745_c1_g2",1.53457047185418,-0.631599976958969,4.99837421828257,0.000321249880073933,0.00603668216518723,0.486228852557045,21,2,10,6,15,30,24,29,35,27
"3423","TRINITY_DN47456_c0_g1",1.3574158354339,-0.0722242218320705,4.79083122355283,0.000454867341642219,0.00749190413756301,0.240937539802225,24,9,10,17,18,41,39,33,42,36
"3424","TRINITY_DN4749_c0_g1",2.60534328010332,-0.239596975314446,4.21706318939729,0.00122548126270599,0.0140574060950342,-0.665947983521593,3.12,10,21,22.08,7,59,21,58,66.69,56.06
"3425","TRINITY_DN47504_c0_g1",2.71094263777008,-0.836972488503017,3.76763181829311,0.0027366620728195,0.0236936917656279,-1.41123108001037,12,7,5,4,6,15,21,29,95,47
"3426","TRINITY_DN4753_c1_g3",1.7412932977205,0.00236016959456939,4.1914198012093,0.00128220689186968,0.0144602283836467,-0.715966656628686,24.83,15,5.02,17.76,18.04,48.46,37.67,37.15,57.38,40.85
"3427","TRINITY_DN4753_c2_g1",-4.08355549085872,2.98821884080482,-6.76461045495788,2.12263005108488e-05,0.00123221561347234,3.11495526502459,985.01,357,680.01,938,1151,60,16,8,319,103
"3428","TRINITY_DN4753_c2_g2",-3.45909000897085,3.72272841413736,-6.35363660810389,3.8439523935608e-05,0.00170738187035614,2.42961313145149,1376,398,947,1309,1577,99,54,21,590,178
"3429","TRINITY_DN4756_c1_g2",-1.56241390329781,-1.56009663079058,-3.96328299671686,0.00192398900590443,0.0188038102463734,-1.19897236218803,17.39,6,22.11,11.43,17.75,6,2,5.99,5.01,4.13
"3430","TRINITY_DN47575_c1_g2",1.59771886279557,0.155902504312248,5.92306371162997,7.33908176313584e-05,0.00251204889528887,1.91158122349526,17.23,8,24.05,18.19,14.2,52.26,36.06,69.21,49.96,46.92
"3431","TRINITY_DN476_c0_g2",-1.00438702168452,5.02178927703665,-7.1859444453047,1.18142069669455e-05,0.000862297460750534,3.41119185403848,1797.25,465.26,1127.26,944.43,1401.43,657.01,550.09,650.92,737.62,522.78
"3432","TRINITY_DN47631_c0_g1",-1.52809252932107,0.203731458222169,-5.22166227207434,0.000222449667987001,0.00483315344787521,0.905387496889677,84.9,21,43.4,32.16,70.29,16.49,13.57,14.49,25.48,15.84
"3433","TRINITY_DN47635_c0_g1",-1.21543459532216,2.75232097388273,-6.01718628024859,6.35764762501773e-05,0.00229440108445117,1.95994410535169,221,85,265.24,295,424.76,111.97,108,140.34,152,96
"3434","TRINITY_DN47666_c0_g1",-1.19403934642715,1.7225413705899,-3.62694221163679,0.0035333697163292,0.0279999100235008,-1.90700916992365,146.61,69.87,143.47,87.9,151.98,60.4,18.97,89.82,55.18,98.74
"3435","TRINITY_DN47695_c0_g1",-5.94438692129472,-2.23329716875761,-6.71325740789597,2.28333233844881e-05,0.00128057407115838,0.920155370915881,76.69,6,69.35,44.64,41.73,0,1.09,0,0,0
"3436","TRINITY_DN477_c0_g3",2.46639177521993,4.94698689304663,7.14807880826602,1.24415290202569e-05,0.000883033947060715,3.40781737851904,329.72,145.78,374.18,368.52,352.65,4384.09,1778.25,1540.26,2225.5,995
"3437","TRINITY_DN4770_c1_g2",1.15752047259412,1.77026960037972,7.14254352330392,1.25361702872634e-05,0.000887710370295805,3.64378226997717,64.15,25,69.62,65.51,55.21,120.29,108.15,143.11,180.27,139.24
"3438","TRINITY_DN4777_c0_g1",1.51602825253468,0.120577520535499,3.47277291685255,0.00468330663254513,0.0337951172077126,-1.93646968479123,27,15,16,12,14,112,45,37,36,28
"3439","TRINITY_DN47805_c0_g2",1.0761066645694,4.25931625589806,5.50962672798114,0.000139917796802444,0.00360160506878393,0.948862670511933,314,75,516,417,380,692,862,923,815,602
"3440","TRINITY_DN4782_c10_g1",2.3250447027361,-1.41215603495373,4.60125203362258,0.000628150230498026,0.00916734115641505,-0.408753591431415,3.33,2,8.2,2.49,9.05,15.49,14.33,28.35,25.08,22.15
"3441","TRINITY_DN4785_c1_g1",-4.02002121493462,-3.14724751822405,-6.82684563998751,1.94385318375298e-05,0.00115634919451232,0.824922005610607,12,7,13,10,17,0,0,0,0,1
"3442","TRINITY_DN4786_c2_g1",-1.21554471438255,3.80812770935901,-9.14943123001922,1.01342883063114e-06,0.000231257672758317,6.04866089357115,596.59,215.59,570.33,501.53,729.39,233.84,176.29,239.61,379.96,256.26
"3443","TRINITY_DN479_c3_g1",1.24065543652603,3.24379902410189,9.60364522557058,6.078432234776e-07,0.000180451884680174,6.58739904197516,192.32,63,189.85,116.19,186.86,459.61,324.23,370.82,441.45,389.16
"3444","TRINITY_DN47911_c0_g1",-2.69060038491919,-1.98688928577015,-4.28413895142357,0.00108908884633525,0.013035289413357,-1.15380592578953,18,5,18,19,19,4,3,4,0,2
"3445","TRINITY_DN47924_c0_g1",2.99773949700294,-1.92998516879418,4.89107560047481,0.000384247423740005,0.00674240122793345,-0.557296920855569,3.11,0,1.58,1.03,11.1,19.18,19.2,21.88,23.28,11.75
"3446","TRINITY_DN4794_c0_g1",1.00250539689306,0.716598969276567,3.9725766970249,0.00189223506433225,0.0186024089718815,-1.15045600275749,33.75,9,31,36.68,37.86,49.13,64.9,43.18,93.48,71.68
"3447","TRINITY_DN4795_c25_g1",-1.67413982353429,-1.04524404787405,-3.72962670738996,0.00293174012581505,0.0248359293852144,-1.45471973959881,36.19,7.14,19.05,23.42,26.88,7.29,1,4.36,10.15,17.44
"3448","TRINITY_DN48010_c0_g2",-1.05864193997113,-1.03637301750102,-3.22005914609013,0.00745501874144679,0.0453038576170511,-2.25512833974959,25.03,6,19,18.04,21,12,3,8,8,12.46
"3449","TRINITY_DN4802_c0_g1",-1.15209194873424,4.0656870068093,-3.66361583174388,0.00330517320457439,0.0267866957653314,-2.26541602334735,788,164,732.49,622.17,949.27,521,99,336.26,503.94,301
"3450","TRINITY_DN48022_c0_g1",1.18181740115815,-1.11134000991493,3.18475930661156,0.00795688577604252,0.0472606563004111,-2.30452776601324,9,3,17,8,7,19,12,23,19,14
"3451","TRINITY_DN4810_c0_g1",-1.49008742249063,6.85741195279826,-8.22287027570087,3.06285926012523e-06,0.000429406516710889,4.67478845542402,5766.26,2058,6833.67,3202.94,6072.08,1852.96,1260,1891,2700.97,1813
"3452","TRINITY_DN48102_c0_g1",-1.19234652732696,1.19005527389325,-5.01569075257891,0.000312145399373117,0.00594703922261377,0.544536462729867,107.89,35.66,143.32,58.26,90.58,31.84,30.85,39.7,60.29,37.84
"3453","TRINITY_DN48128_c0_g1",-1.9422702247627,0.773717742415145,-5.13445962343914,0.000256570400290365,0.00526466047984272,0.765593275930427,83.76,22.21,93.48,148.41,91.18,16.84,6.68,35.2,30.94,37.83
"3454","TRINITY_DN48128_c1_g1",-1.30514994196199,1.81139849307229,-5.2237999277573,0.00022167583037467,0.00482482875360421,0.821481330946424,224.7,46.06,130.99,112.75,184.99,65.3,30.15,64.48,108.58,50.48
"3455","TRINITY_DN48134_c0_g1",-2.11772240038297,0.0630080512462364,-7.38767951536989,8.99493499997949e-06,0.000751582200783131,3.70994515582504,80,21,60.92,40.82,71,8,12,11,25,10
"3456","TRINITY_DN48134_c0_g2",-1.98799560775581,-0.421388024431702,-4.1306742103876,0.00142771380801859,0.015460973731591,-0.802388719715057,78.07,11,25.11,36.49,51.11,10.08,6.03,3.02,15.09,19.16
"3457","TRINITY_DN4819_c1_g1",1.8852331874609,1.12891147970177,3.3112545449236,0.00630144802662411,0.0408367862721806,-2.34257233804131,74,15,19,17,34,226,67,132,52,172
"3458","TRINITY_DN48225_c1_g1",1.09305986995206,0.423815440882466,3.80350357754445,0.00256476223427673,0.0226987155571333,-1.40587943359591,21,6,29,33,32,44,59.06,35,79,55
"3459","TRINITY_DN48287_c0_g1",-1.88807869661025,-0.680501480983415,-3.59878195640006,0.00371949609664556,0.0289003957437612,-1.65133936254919,60.63,8,50.59,17.03,31.73,11.14,9,1.88,13.3,11.99
"3460","TRINITY_DN48316_c0_g1",-2.60822427482818,2.03399359416836,-6.54501396474143,2.9071330881975e-05,0.00145127738035229,2.82664852745662,441.19,110,206.09,172.1,380.77,49.87,16,36.42,116.44,38
"3461","TRINITY_DN48419_c0_g1",-1.42996131364266,2.85363274511772,-3.7390495059094,0.00288207980252485,0.0245499604974899,-1.90527337898276,615.89,53.15,337.67,423.75,233.21,64.47,103.61,198.78,193.83,108.61
"3462","TRINITY_DN4842_c3_g1",1.0957559039819,0.0813539256897248,3.70256582361466,0.00307929699492667,0.0255874620969899,-1.54325756621515,17.91,4.02,17.74,28.18,28.86,58.56,36.66,46.76,35.77,33.61
"3463","TRINITY_DN4842_c5_g1",-1.50687334898953,0.0435679812800974,-5.13390272016752,0.000256805207989636,0.00526467728517399,0.768991865316795,57.77,24,44.38,32.38,53.62,10.47,10.59,12.15,20.97,25.11
"3464","TRINITY_DN4846_c0_g2",3.16310745214056,-2.02577315946137,4.26689799215392,0.00112256774328726,0.013317255141691,-1.22879630063998,1.38,0,5.49,7.09,1.07,19.21,13.44,13.03,39.72,14.12
"3465","TRINITY_DN48463_c1_g1",-4.14434695615274,-0.857719466154704,-7.02726593547417,1.46921896307537e-05,0.000989785398522007,1.83804535513726,77,22,60.01,40,79,6,3,2,1,5.01
"3466","TRINITY_DN48505_c1_g2",-1.02542416408568,1.32295602788577,-3.49418253451875,0.00450316018396287,0.0329261261147826,-2.08152930504315,99.14,36,155,49.2,125,58,40,50.25,66,26
"3467","TRINITY_DN48554_c0_g1",1.68150112519604,0.237974516814554,5.82998914324328,8.46876607238232e-05,0.00271327873562217,1.78851836682686,20.7,9.37,15.51,11.09,29.73,41.17,38.88,70.15,76.63,53
"3468","TRINITY_DN48557_c0_g1",-1.0529109295675,2.84019063080237,-4.89314137584433,0.000382919287302502,0.0067267425753499,0.125845231426022,318.02,88.76,213.32,342.31,310.33,133.39,85.95,123.18,162.6,194.45
"3469","TRINITY_DN48561_c0_g1",1.13846546997597,3.93562951707162,4.04832175080195,0.00165278860753411,0.0170235848103446,-1.53573586976007,283.59,112.77,295.82,375.91,201.73,857.57,391.37,369.05,1010.13,638.64
"3470","TRINITY_DN48562_c0_g1",-3.71075909074418,-2.39874213216376,-4.59219575990259,0.000637986729693268,0.00926273326712906,-0.899441419748899,27,17,11.01,14,22,3,0,1,0,1
"3471","TRINITY_DN48564_c0_g1",-2.41082589703324,-1.96606645117086,-4.23595974742375,0.00118535103500887,0.0137736273446985,-1.1675140244359,27.64,6,16.88,9.3,18.95,2.1,1.03,3.26,2.15,2.15
"3472","TRINITY_DN4861_c0_g2",1.01591554334637,-0.610832854821284,3.18482405654544,0.00795593468164917,0.047259553123855,-2.35042843648097,10.26,4,15.75,15.55,15.88,25.73,14.5,20.47,27.09,32.4
"3473","TRINITY_DN48627_c0_g1",1.42174922480721,-0.65941430738923,3.43209645676665,0.00504605693779516,0.0355322576954145,-1.92956968993508,12,6,13,20,6,34,22,17,31,24
"3474","TRINITY_DN48733_c0_g3",-1.49046055564792,-1.62409458989077,-3.5625485946097,0.00397382570157689,0.0302781873303076,-1.77177936371991,17.74,5,17.07,15.78,13.9,3.84,6,6.98,5.76,2
"3475","TRINITY_DN48755_c0_g1",2.78772666461223,-0.753649314546398,4.24273019943141,0.00117130680427234,0.0136721838469203,-0.716480885217174,5,3,8,4,14,20,31,39,107,32
"3476","TRINITY_DN48777_c0_g2",-2.65403680615254,-0.996019460245137,-5.92141806865287,7.35760614552389e-05,0.00251208120422321,1.29267247640294,48.59,13,39.49,24,36.63,7,6,4,9,1
"3477","TRINITY_DN4880_c0_g1",1.7824319578701,4.02113828923599,9.39811368061352,7.64201543335268e-07,0.000200984223620533,6.33111855147212,201.82,94,229.61,249.71,283.73,1126.2,628.84,783.35,1099.11,540.85
"3478","TRINITY_DN48815_c3_g1",1.46771754995692,0.727574075130338,4.53453205632611,0.00070451064751241,0.00989809407567606,-0.197085976482327,21,10.09,51.09,31.97,20.4,82.07,47.39,96.36,110.68,45.59
"3479","TRINITY_DN48816_c0_g1",3.47170355743002,-2.09955296331524,6.20506256146549,4.79118381607115e-05,0.00194549176441913,0.51272352004565,2,0,1,2,6,24,19,16,23,17
"3480","TRINITY_DN4882_c0_g1",-1.03487927836567,1.33761795843752,-4.65584064166034,0.000572119668641912,0.00862902914003439,-0.0638536099492226,122,45,90,83,93,62,59,32,49,35
"3481","TRINITY_DN48826_c0_g1",-1.32140884615266,-0.438722303018347,-3.93575860114972,0.00202129811933747,0.0194819131603301,-1.11760224485903,50,17,34,18,32,12,6,14,19,7
"3482","TRINITY_DN48845_c0_g1",1.48185463243364,-0.618744332075403,3.70101152781091,0.00308800011961693,0.0256218531827609,-1.4895850834589,8,2,21,11,14,28,14,32,55.56,22.92
"3483","TRINITY_DN4888_c0_g1",2.23244688236177,0.20406085188051,3.54476925000424,0.00410505385151743,0.0309082874312277,-1.80046783221278,13.4,8,27.98,12.3,10.18,124.61,143.62,55.81,46.89,23.44
"3484","TRINITY_DN48881_c0_g2",-3.13795127554798,0.313346018831475,-7.83967432451858,4.971016470749e-06,0.00055206892992052,4.13016730114199,134,39,85,69,144,15,2,11,19,11
"3485","TRINITY_DN48897_c1_g4",-1.6918107327391,0.0615496975256413,-3.16147088198692,0.00830650578421683,0.0486633803077967,-2.47397746586771,61.66,2,94.64,65.91,76.54,10.77,11.39,22.35,17.59,20.48
"3486","TRINITY_DN48908_c0_g1",-1.93944694923294,-1.46900005518361,-3.8742789954504,0.00225741976972186,0.0208604028946472,-1.33642311701213,19,7,17,16,35,2,2,3,10,7
"3487","TRINITY_DN4893_c1_g1",-2.21751745648818,-1.56438822768155,-4.63427140682529,0.000593607379530655,0.0088450937430644,-0.426214590422144,27.97,7,25,18.98,15,3,5,2,6,3
"3488","TRINITY_DN48949_c0_g3",-2.46165860477888,0.481889880716584,-5.64985982276554,0.000112112113418748,0.00319018376929994,1.54254932402605,75.38,17.62,186.27,55.44,129.7,14.48,13.87,10.74,17.44,22.84
"3489","TRINITY_DN48969_c0_g1",-1.19435503518178,0.183827354252614,-5.08442813409552,0.000278594327995041,0.00553317547926593,0.696599464300347,54.23,16,47.25,44.18,52.21,22.05,24,16,26.39,10.09
"3490","TRINITY_DN48972_c0_g1",-1.09681917438373,0.370747969984342,-3.47083309090643,0.00469998745712211,0.0338798535491917,-1.98372929654937,73.64,19,51.88,29.58,67.82,29.11,10.19,17.07,27.05,37.44
"3491","TRINITY_DN48976_c2_g1",1.35400318446076,0.746856070557452,5.05306805837169,0.000293405118882854,0.00573328458252483,0.636920113554489,20,19,39,32,23,67,62,62,88,66
"3492","TRINITY_DN48993_c1_g1",-1.95877617451363,0.0282236498424063,-6.54729608086388,2.89755147685423e-05,0.0014499028249011,2.70723458291565,49.36,29,48,68.03,51,11.01,9,16,14.01,12
"3493","TRINITY_DN4901_c0_g1",1.03461234514992,1.60584893975538,3.14374689991953,0.0085829272956243,0.0497072401660297,-2.74645252496322,92.62,5,84.98,64.62,67.07,135.58,93.93,88.4,188.98,146.59
"3494","TRINITY_DN4902_c0_g1",-1.57810803637766,2.81722385454058,-5.423483262746,0.00016053763822584,0.00394307004183339,1.02404141591763,318.9,152.88,409.63,398.67,215.26,71.95,117.65,76.93,221.64,101.92
"3495","TRINITY_DN49020_c0_g1",-1.57600428518524,-1.2081653864899,-3.30909392322239,0.00632657101977955,0.0409232251549704,-2.1089093116094,30.08,11,19,11.99,24,2,8,3.93,12.6,7
"3496","TRINITY_DN49020_c0_g3",-1.62384405462063,-1.73771156438334,-3.78708661980226,0.00264201233778257,0.0231140518324452,-1.50208826969433,17.76,6,18.5,9.2,17.51,4.03,3.04,3.88,6.11,2.02
"3497","TRINITY_DN4903_c0_g1",1.19271347284041,2.35485428912984,4.07583592791305,0.00157376583855692,0.0164874267049903,-1.20836426179712,70.4,38,119,120.51,75.2,307,212,266.05,192.85,114.37
"3498","TRINITY_DN4903_c0_g2",1.23061654019904,4.02316051203876,5.51334028535223,0.000139094321141444,0.00359213556747882,0.989670586336986,276,117,362,271,250,934,720,813,553,440
"3499","TRINITY_DN4906_c0_g2",-1.06976770411659,1.54091484715187,-4.5804350590847,0.000651001322424102,0.0093910234979388,-0.215030259865229,149.49,39,76.83,125.34,138.53,61.24,36.29,45.61,80.12,48.57
"3500","TRINITY_DN49078_c0_g1",-1.65365657483623,-0.233823641027149,-3.7696906451015,0.0027264828946496,0.0236353875865258,-1.39796875959104,38,21,46,35,45.58,4,4,18.33,24.75,22
"3501","TRINITY_DN49079_c2_g1",1.2569789390613,-1.10744123384007,3.92586311594766,0.00205751131784822,0.019694507871526,-1.15402808890338,7.88,1,10.38,11.98,10.69,20.28,15.41,17.37,21.05,16.77
"3502","TRINITY_DN491_c0_g1",1.3819346857483,3.42731019427051,9.60362378648768,6.07857615039776e-07,0.000180451884680174,6.58342529954782,148.82,80,175,203.77,192.66,526.93,369,523.43,487.66,431.89
"3503","TRINITY_DN49108_c0_g1",-1.06342429517486,-0.724082216352233,-3.44255905905589,0.00495010424387644,0.0350734586677475,-1.91574882090132,32.1,7,28.78,18.98,24.16,11.56,10.41,13.71,7.35,10.36
"3504","TRINITY_DN49109_c0_g3",-1.44055575988758,0.661626275577641,-4.61448929439697,0.000614056604817854,0.00905202678537301,-0.0658576218741764,111.4,28.04,98.26,49.13,48.52,19.01,23.06,33.86,31.99,17.57
"3505","TRINITY_DN49181_c1_g1",-2.86416524582168,-2.24034205004536,-4.45578230204255,0.000807264357528233,0.0107277008146324,-1.0579892758442,18,6,14,12,24,0,1,2,7,1
"3506","TRINITY_DN49202_c0_g1",3.23725695175019,-1.21464144206165,3.25914126757236,0.00693655190326183,0.0432600956390881,-2.23069944216407,3.44,8.44,0,5.31,10.22,36.28,45.88,11.73,72.67,17.96
"3507","TRINITY_DN49212_c0_g1",-1.43421861267621,-0.687274042353497,-4.25842718418356,0.00113940648640239,0.013429294087111,-0.60771300166151,37,12,25,28,26,11,12,5,16,5
"3508","TRINITY_DN49234_c0_g1",1.29913620563059,0.705303690136187,4.11169191861978,0.00147661217405065,0.0158158448083915,-0.907343691924496,14.62,13,38.24,37.23,34.78,91.6,58.4,59.15,70.55,57.54
"3509","TRINITY_DN49260_c0_g1",-5.25770349843992,-1.55780899962892,-5.08800820034837,0.000276954211792284,0.00551479157360526,-0.355995888924917,99.35,23,34.92,32.78,93.7,2.11,0,1.04,4.24,0
"3510","TRINITY_DN49288_c0_g1",-1.25050070110842,-1.19493972580478,-3.37204185784279,0.00563459495381976,0.0380661891912979,-2.00823529666091,17.4,5,27.05,17.79,19.66,9.98,4.21,7.24,5.58,8.93
"3511","TRINITY_DN49317_c1_g1",1.19665761373697,0.545932744409152,3.57516449033015,0.00388331447723174,0.0298181662889456,-1.81355951053834,22.49,9,43.53,18.18,33.76,108.41,45.5,67.45,45.88,45.29
"3512","TRINITY_DN49352_c0_g2",-2.33535202791755,0.00719411673474742,-3.18972073112629,0.00788433988336874,0.0469476518880124,-2.37827218107632,111.11,24,17.2,75.32,107.16,3.42,7.44,15.34,22.44,14.01
"3513","TRINITY_DN49352_c2_g1",-1.7776188700983,-0.642679377615417,-5.49694482819967,0.000142769009594072,0.0036503937078322,1.16940440663405,44.53,9,44.1,26,31.96,5,5,12.13,14.67,7
"3514","TRINITY_DN4938_c0_g1",-1.13340137513071,4.60979631771724,-11.5634529744044,8.18960724314829e-08,6.02014128630858e-05,8.54602995777232,1097.03,398.08,965.3,945.46,971.19,480.08,326.29,438.61,616.42,403.46
"3515","TRINITY_DN49399_c0_g1",-1.39368564694761,-0.468368766162382,-3.65804617177856,0.00333883298053787,0.0269780501023623,-1.5724264753057,62.53,8,38.6,20.15,34.29,11.76,3.11,10.09,21.73,14.05
"3516","TRINITY_DN494_c0_g1",1.51151065158929,0.233049419247126,3.21393006654403,0.00753980748133483,0.0456215612305207,-2.39462094709007,15.71,13,11.62,11,53.71,86.14,63.2,37.57,37.18,41.02
"3517","TRINITY_DN49412_c0_g1",3.28007408896165,-1.09900229431767,4.4599812059932,0.000801409373720217,0.010682869197687,-0.604778113543973,2.07,2,10.71,7.37,3.2,26.65,21.8,31.2,90.93,32.08
"3518","TRINITY_DN49429_c0_g1",-1.07669305640624,1.17017778267565,-4.50686625718917,0.000738959736870908,0.0101709622948128,-0.295188865147545,98.01,30,112.84,54.65,120.19,57.54,27.68,43.49,57.73,26.24
"3519","TRINITY_DN49505_c3_g1",-1.94012709370186,0.0279123976893302,-4.71408761775015,0.000518059671305565,0.00810390191827164,0.121473455073026,77,26,30,67,57,14,10,21,18,5
"3520","TRINITY_DN49523_c0_g1",-2.24414231653733,-0.396182712469847,-3.25219101635723,0.00702601537882444,0.0436373363117735,-2.22218246778928,45,19,98,13,80,14,3,5,20,6
"3521","TRINITY_DN4953_c1_g1",-2.58904635944627,-1.39029912132724,-4.30708166626773,0.00104613938382927,0.0126785112213326,-0.769325471787746,33.02,3,40.88,24.63,23.82,3.35,13.5,3.24,1.92,3.22
"3522","TRINITY_DN49535_c0_g1",-1.19926237206388,-0.0163718573863466,-4.17937062704566,0.00130979484624365,0.0146251739902085,-0.742327605290368,53.01,12,49.67,23.01,60.69,19.4,9.22,22,19,14.94
"3523","TRINITY_DN49598_c0_g1",-2.43027386204552,-1.24401018399591,-5.58537162445206,0.000124094184604719,0.00336520321079147,0.837336870731164,41,8,31,18,29,4,6,6,5,2
"3524","TRINITY_DN49647_c0_g1",2.22301550580257,-1.53730332974523,3.25954057705444,0.00693144712846095,0.043238873329265,-2.23021509919771,5,2,8,3,5,12,13,49,23,10
"3525","TRINITY_DN49647_c2_g3",2.43170576845483,-1.79480765251822,3.3477815956736,0.00589170168822857,0.0391773417881475,-2.16225998849783,4,7,1.04,2.02,6,31,14.03,9,23.13,9.07
"3526","TRINITY_DN49766_c0_g1",-1.48884166606899,-0.235619921770562,-3.721144230129,0.00297719579241258,0.0250730886238259,-1.48535899212268,61,11,20,41,60,8,15,13,15,14
"3527","TRINITY_DN49770_c0_g1",-1.8715931619918,-1.8017832425695,-3.39244361022213,0.00542721326019538,0.0372769259611284,-2.07678957521868,16,4,13,15,27,3,4,2,11,1
"3528","TRINITY_DN4980_c10_g1",-1.82128589835663,1.54580676176735,-6.46265768699653,3.27648415996726e-05,0.0015479444828589,2.71863470700017,188.43,31,230.5,121.23,149.78,52.09,18.78,58.73,59.29,34.44
"3529","TRINITY_DN49817_c1_g3",-1.30312700694985,0.521211952905364,-5.71450805353391,0.00010132097134342,0.00300065579784821,1.64436279110653,60.68,21,81.31,58.88,58.2,26.31,24.45,28.55,26.22,13.8
"3530","TRINITY_DN49842_c0_g1",1.39545348852274,-0.906888548689503,3.77775451690543,0.00268698691233259,0.0233684602623539,-1.36926582459387,16.28,2.13,12.54,3.72,12.63,23.3,14.68,23.8,26.25,24.03
"3531","TRINITY_DN4988_c1_g3",1.55230822616177,2.20019769053316,6.5381516874265,2.93614839016044e-05,0.00145482541060849,2.798003404715,107.45,17.18,123.91,61.12,52.41,265.58,155.84,194.4,260.01,233.92
"3532","TRINITY_DN49887_c0_g1",-1.94926361677999,1.15821116255709,-7.21964415811479,1.12842521214666e-05,0.000839493975899181,3.71817213144866,144.18,65.23,101.17,96.38,120.1,23.98,22.85,44.93,46.84,15.61
"3533","TRINITY_DN49953_c0_g2",-1.22261923910742,-0.545520544835371,-3.58040790395548,0.00384631855071704,0.0295879504011057,-1.69891106978165,48.8,6,24.89,28.47,33.72,20.11,4.14,9.41,13.9,13.41
"3534","TRINITY_DN49964_c0_g1",-1.64066265465126,-1.1054835874229,-3.39586486617003,0.00539320337067996,0.0371176462029365,-1.97146138172861,29,9,35,10,25,6,8,8,4,7
"3535","TRINITY_DN50011_c0_g2",2.89276981610801,-1.26443146023698,4.41929065589151,0.000860064650086143,0.0111688415442734,-0.661292942862393,1.09,2,3.07,5.28,18.61,24.77,19,25.99,45.94,27.59
"3536","TRINITY_DN5003_c0_g1",1.091411156954,4.07663490666902,3.16169438480914,0.00830307791108672,0.0486523491036044,-3.18588023636292,368.44,190,189.43,248.65,394.41,511.14,916.23,689.57,413.57,910.67
"3537","TRINITY_DN5003_c0_g2",1.15191970537265,3.47057815796712,3.56356597621627,0.00396644737221553,0.0302594752087429,-2.3383676909129,236.92,106,103,198,275,409,507,435,312,608.01
"3538","TRINITY_DN50087_c1_g1",-1.29166715536485,-0.56071292758705,-4.22068993467743,0.00121767129207801,0.0139942897761529,-0.659265692105089,33.09,9,31.13,28.03,35.08,16,3.01,8.03,18.03,12.42
"3539","TRINITY_DN5009_c0_g2",-2.35083730277364,0.247575384825772,-5.90941105204728,7.49427289692697e-05,0.00253328302924796,1.89087598369876,63.6,30.85,112.23,54.59,67.59,18.04,8.15,14.74,6.63,26.21
"3540","TRINITY_DN50106_c2_g1",-2.38761598123548,-1.0096929739344,-4.74538812536629,0.000491242926586466,0.00784616353617721,-0.032807981773983,36.2,5,25.32,31.59,63,3.9,2.88,6.09,7.86,6.89
"3541","TRINITY_DN50109_c0_g1",-1.31060501415143,-0.718911690170663,-4.01232250994502,0.00176242228697526,0.0177337166480508,-0.992055892519326,35.3,11,25.43,17.22,34.14,11.16,6.1,5.08,18.05,8.09
"3542","TRINITY_DN50113_c0_g1",-1.0316660441696,0.331445329843723,-4.09142793519199,0.00153072994368637,0.0162079210127052,-0.91527170657468,70,18,52,28,61,23,23,24,23,19
"3543","TRINITY_DN5015_c0_g1",1.14762200034584,1.29660119620233,4.96346691579725,0.000340461122208091,0.0062588748057623,0.452739613391836,64.31,17.07,29.24,42.86,56.8,105.91,76.56,74.69,138.34,102.65
"3544","TRINITY_DN50174_c1_g1",-2.75034136595134,-0.506434625283736,-3.29624674254019,0.00647806327640665,0.0414819935026057,-2.12824228938813,20.06,33.02,35.08,79.15,94.07,5.93,8.09,4.39,12.68,2.74
"3545","TRINITY_DN5018_c2_g1",-1.2050764154778,1.84059086080183,-6.68156748122753,2.38892725927258e-05,0.00130656758552315,3.01413890899287,145.24,50,151.56,150.29,163.35,50.45,55.45,48.13,108.68,63.19
"3546","TRINITY_DN50255_c0_g1",-2.25931056175336,-0.965841633972574,-5.23741842197407,0.000216811971198327,0.00476261316170555,0.615827199887309,40,11,41,21,33,2,3,6,16,5
"3547","TRINITY_DN50353_c1_g1",-2.75200357824796,-1.59955289411634,-4.22649505432847,0.00120527766458619,0.0139083321309789,-1.04036984213837,23.84,5,24.77,17.25,49.99,3.07,5.29,1.04,6.31,0.95
"3548","TRINITY_DN50435_c0_g1",-2.69647855986436,-1.81828325555103,-3.85500354743064,0.00233716418407231,0.0213684591740953,-1.61040036863596,19,11,30,16,16,0,2,4,5,4
"3549","TRINITY_DN50445_c1_g1",-3.54221429398569,-2.3552643819773,-5.43814885293813,0.00015681240578651,0.00388401621841372,-0.122917681752265,17.94,6.01,18.21,16.93,26.41,0,1.29,0,2.54,2.66
"3550","TRINITY_DN5047_c0_g1",2.08407953547645,2.38874642902462,4.60629541559867,0.00062274114130327,0.00912985918577886,-0.257720164586474,155.23,34.81,46.53,31.96,85.78,284.25,262.56,456.68,479.73,115.25
"3551","TRINITY_DN50503_c0_g1",-1.69488804457386,-1.3152771607497,-3.52602052170102,0.00424823625039041,0.0316582297838652,-1.78534549114996,25.31,3,15.16,26.35,29.96,3,2,5.18,9.93,11.06
"3552","TRINITY_DN50615_c1_g2",-1.2121970796902,-0.833810954771105,-3.53739966491737,0.00416073779726272,0.0312087299100418,-1.75050479220781,32,9,21,15,36,10,3,9,14,10
"3553","TRINITY_DN50666_c0_g1",1.12233328171951,0.152013141487627,3.31819518902717,0.00622142632274669,0.0405147260680197,-2.21157092217784,27,9,11,30,24,51.23,44.98,44,34,38.27
"3554","TRINITY_DN5071_c1_g1",-1.35277025247641,0.899088015718518,-3.83819117933963,0.00240908560726315,0.0218502082957234,-1.40578681815788,104.01,37,81.24,113.67,43.09,28,27.09,21.98,32.03,41
"3555","TRINITY_DN5072_c0_g1",1.63478424159634,2.38871816056188,5.34653878791643,0.000181672538113236,0.0042816472837466,0.965646752628206,95.71,22,120.12,65.18,73.95,171.03,250.52,325.12,217.8,367.4
"3556","TRINITY_DN50802_c0_g1",1.31818654234142,2.87368711351284,8.0898773326416,3.61668199844524e-06,0.000471145316540078,4.83276285104227,150,31,120,146,138,254,291,356,418.11,298
"3557","TRINITY_DN50812_c3_g1",1.2272184721161,-0.843824984598403,4.03210545131318,0.00170127457086998,0.0173121790049571,-0.967201805211158,13,2,13,8,12,23,21,18,22,27
"3558","TRINITY_DN5092_c2_g1",2.81353830263463,-1.94398856077174,4.58461897228075,0.000646339848023344,0.00934366085365046,-0.828516937192131,6,0,2.02,6,2,21,9.12,13.62,23.48,21.26
"3559","TRINITY_DN50942_c0_g1",-1.77487800936295,1.30325611943546,-6.55829219357733,2.85185216103676e-05,0.00143744670147046,2.8531273321725,193.02,44.27,81.11,109,147.38,31.98,30.8,32.04,46.73,32.32
"3560","TRINITY_DN50956_c0_g1",-1.88452192365657,-0.254770270482993,-3.93689851449176,0.00201716897171785,0.0194527798946797,-1.1209387429332,47.4,4,77.16,37.44,80.49,21.97,5,9.87,15.54,9.48
"3561","TRINITY_DN5097_c0_g3",-2.59486052827756,-0.717488982104218,-5.47266003696571,0.000148401401593461,0.00375399006374151,0.950066883623434,43.06,21,42.53,26.38,59.45,8.15,1.05,11.24,11.26,2.05
"3562","TRINITY_DN51002_c0_g1",-2.14791161002348,0.913957422137087,-7.4392593443681,8.39598336966284e-06,0.00072609969343129,3.96088215914333,122.82,53,85.61,72.19,149.42,29.45,24.31,24.47,21.31,14.79
"3563","TRINITY_DN51069_c0_g1",-2.10595958741158,-0.286290107608711,-4.67972298039254,0.000549273283152194,0.00841601158513192,0.0560073909452656,59.84,15.24,74.43,18.02,60.08,10.68,8.66,11.77,7.43,11.95
"3564","TRINITY_DN51097_c0_g2",-2.11243229058742,-0.87431772141775,-3.32751511823672,0.00611559002069534,0.0401174389246676,-2.07800479035628,48.31,13,12.81,38.41,47.36,6.07,6.85,6.33,13.64,1.25
"3565","TRINITY_DN51172_c0_g1",-1.60547243331818,-1.44345920227477,-3.98180517193438,0.00186123912269076,0.0184120143139874,-1.14145221660033,20.16,6,18,17.07,19,6.04,7.07,7,4,2.01
"3566","TRINITY_DN51191_c0_g4",2.65342503266443,-0.75251481160291,4.52951645298812,0.000710629385167697,0.00994784476883585,-0.279644025129922,5.01,7,18,8,3.04,50.23,16.03,41.89,37.96,38.18
"3567","TRINITY_DN51222_c0_g1",1.41689308350228,-0.308785623737447,3.75878442336483,0.0027808513998789,0.0239386605659727,-1.41063843284085,23.41,2,20.69,11.68,11.22,48.57,36.16,39.42,50.44,15.23
"3568","TRINITY_DN51242_c0_g1",2.70110566833328,-0.932144083450365,4.47534867192433,0.000780355541907054,0.0105047730546494,-0.420409506751428,3,4,7,8,9,59,27,19,55,19
"3569","TRINITY_DN51275_c0_g1",1.10764665518461,0.513247264766058,3.72626128688989,0.00294968880612195,0.0249571642094298,-1.54839817655419,39,6,48,14,31,64,44,50,99,41
"3570","TRINITY_DN51292_c0_g1",-1.41931865401741,1.26866035412169,-3.32692480717035,0.00612223908101462,0.0401312121841285,-2.36221388030663,130,41.55,140,116,65,76,48,10.68,46,46
"3571","TRINITY_DN51301_c0_g1",4.1808658071388,-2.67630512211706,6.15215314863846,5.18593426814459e-05,0.00203308540304022,0.455577376420607,0,0,2,0,1,14,12,21,32,10
"3572","TRINITY_DN51361_c0_g1",-1.81409036864205,0.23565099679696,-7.80925443998992,5.16953366739831e-06,0.000563972376138712,4.26700543462252,66.52,18,65.27,47.97,80.61,23.4,13.93,11.19,19.3,13.22
"3573","TRINITY_DN51362_c0_g1",-3.72562353428094,-2.33671049175987,-6.01279770773141,6.40016972553051e-05,0.00229904650378229,0.344974486483296,21,6,24,18,23,0,2,0,4,1
"3574","TRINITY_DN5137_c1_g2",-1.30029837686,1.2525554535933,-7.62209655245838,6.59342861786172e-06,0.000649671731553624,4.23683876934889,97.58,33,131.99,87.02,111.49,45.99,36.99,35,44,38
"3575","TRINITY_DN51380_c0_g1",-1.64908811492642,-1.53878809830338,-3.28966514907876,0.00655709038888846,0.0417586299005673,-2.16543141519966,25.43,8.03,11.68,21.65,13.45,3.35,4.7,4.54,6.86,2.23
"3576","TRINITY_DN51458_c0_g1",-1.7275220183085,2.70963261759377,-5.94133707958136,7.13667418097148e-05,0.00247195085115166,1.85920610388368,553.72,97,298.31,201.38,405.16,105.88,56.44,81.46,182.31,94.7
"3577","TRINITY_DN51476_c1_g1",-2.12208759391799,-0.243393976635776,-4.92416764762874,0.000363540762860691,0.00652176496952991,0.426812498052045,72.07,19.35,34.7,39.22,48.94,11.25,8.31,17.69,4.44,14.61
"3578","TRINITY_DN5148_c7_g1",1.04086089885297,0.52640874164712,4.51902132833274,0.000723612889007223,0.0100363092251613,-0.213151159978644,23.25,12,34.06,29.62,26.56,70.21,42.22,46.9,56.43,55.96
"3579","TRINITY_DN51511_c0_g1",-4.04218552756016,-2.00679979946693,-6.48059233908743,3.1919998314037e-05,0.001531465466896,0.720869150256748,33.09,10,31.63,18.08,36.37,2.03,2.08,0,1,1
"3580","TRINITY_DN51518_c0_g1",-1.81547806609894,0.230858244756256,-5.86478295410212,8.02628603691458e-05,0.00263284638728358,1.84052819466928,59.53,24.88,69.2,33.42,95.58,19.14,11.72,17.69,21.1,9.81
"3581","TRINITY_DN51549_c2_g2",-1.8435001874658,0.177730224188238,-4.68576898427659,0.00054364224841494,0.00837948905152676,0.0757973323657994,89.39,45.46,39.18,54.01,41.45,13.1,11.19,12.51,21.35,13.6
"3582","TRINITY_DN51572_c1_g1",-3.28477606130211,-1.33807483700825,-4.67270948744395,0.000555881899250385,0.00849198305663354,-0.537876343787993,40,21,39,16,40,1,7,2,6,1
"3583","TRINITY_DN51578_c0_g1",-2.27303300459544,-0.749539323716096,-6.03387542049394,6.19865710701231e-05,0.00225813969937343,1.6846865884941,35,20,36,40,30,6,5,6,10,4
"3584","TRINITY_DN51760_c0_g1",-1.30497771961267,0.331886083830044,-3.41779622664906,0.00518027364876818,0.0360825197139467,-2.06685331184728,75,25,49,25,88,19,9,24,44,15
"3585","TRINITY_DN5182_c3_g1",-1.72851232591868,-1.44771910484315,-3.39260875660846,0.00542556658457784,0.0372739080401104,-1.99307993960182,20.67,1.05,21.91,19.02,26.1,7.33,11.7,5.78,2.7,2.61
"3586","TRINITY_DN51852_c0_g2",-1.62390303112949,-0.967850950093253,-4.0581884214489,0.00162398909769459,0.0168167162174149,-0.947742766059474,32.8,9.63,18.6,21.02,35.04,10,6,8,11.94,2
"3587","TRINITY_DN51882_c1_g1",-1.99393106359981,-2.14002890639909,-3.2945411573976,0.00649844969299811,0.0415655873044391,-2.31020062882765,15.58,4,13.03,11.24,14.38,4.59,0,1.55,3.5,8.15
"3588","TRINITY_DN5191_c1_g3",1.49186950140546,-0.581060988410838,5.10075276669745,0.000271197518208016,0.00544051473499304,0.650744806068716,16.12,3.09,13.34,8.32,11.17,39.87,18.59,32.97,29.88,26.28
"3589","TRINITY_DN5201_c3_g1",-1.34933229962981,3.27135359651935,-10.6007097266706,2.1102440691094e-07,0.000108059902998011,7.62690911441203,469.06,149,494.07,398.46,366.12,161.35,137.4,166.38,244.04,130.99
"3590","TRINITY_DN5201_c6_g1",-1.08240872545041,-0.650670883315122,-3.18029023462517,0.00802280854963573,0.0475424551173615,-2.35573635502539,40.93,7,25,13.95,41.21,13.47,5.83,12.92,15,8.72
"3591","TRINITY_DN52013_c0_g1",-2.78314018744229,-2.1352247934186,-3.58460517292958,0.00381696361909685,0.0294391543282528,-2.0029530006532,32,5,22,10,13,4,4,1,0,2
"3592","TRINITY_DN52025_c0_g1",-1.72803435548758,-0.486227060707585,-5.13435235348301,0.000256615611067406,0.00526466047984272,0.708205339984536,49,16,34,24,42,6,4,11,19,11
"3593","TRINITY_DN5208_c0_g1",-1.40780091029001,3.75058103334527,-5.83170577420856,8.44634044410969e-05,0.00271214056028541,1.54099303574617,773,249.13,631.06,483,555.42,344.7,125.99,169.84,451.51,154.9
"3594","TRINITY_DN52105_c0_g3",1.08095008580771,0.689242189863417,4.34425237391143,0.000980253184053806,0.012158135437644,-0.515383846520887,27.87,9.72,29.25,27.5,51.32,55.04,49.03,60.24,109.52,50.83
"3595","TRINITY_DN52121_c0_g1",1.39528739216506,-0.73657149820619,4.15736633383886,0.00136177587591307,0.0150074847021025,-0.768158425132207,17.33,3,10.73,6.25,13.22,26.21,12.48,26.9,42.01,22.6
"3596","TRINITY_DN52173_c0_g1",-2.30327361330933,-0.413278069720395,-4.52899144831607,0.000711273057555707,0.00995001505116359,-0.196010324427037,77.89,20,27.31,40.14,49.04,14.39,7,18.79,6.01,2.23
"3597","TRINITY_DN5223_c1_g1",-1.36012677168937,1.61250399106355,-7.40117081936263,8.83398895130248e-06,0.00074621224318061,3.97896636894176,169.72,47,142.37,116,125.77,49,47,53,82,31
"3598","TRINITY_DN52241_c1_g1",1.42354351460096,-1.15434787645716,3.15514607772108,0.00840410279503222,0.0490025060800425,-2.34713872878344,5.26,2,8.79,9.63,13.09,18.54,9.98,32.12,17.07,18.01
"3599","TRINITY_DN5226_c0_g1",-4.39980867616085,-0.682202106823316,-4.09957855693453,0.00150871983122609,0.0160483087232642,-1.14422086957504,156.17,26.52,55.76,81.79,69.56,0,0,70.27,6.37,2.94
"3600","TRINITY_DN52280_c0_g1",-1.72737127137582,-1.45621078985166,-3.55497761196855,0.00402917475813923,0.0305530496089379,-1.7655426786198,24,7,16,14,22,10,8,1,5,4.03
"3601","TRINITY_DN52302_c0_g1",-3.67207261858672,-2.13306314614277,-5.43447169979454,0.000157737797236832,0.00389288309503592,-0.103275368416418,27,12,15,24,25,2,0,1,1,3
"3602","TRINITY_DN52389_c2_g1",-1.32243732141906,-0.534510759564225,-3.55385253218957,0.00403746680552901,0.0306069347698672,-1.74108634853041,54.21,9,35.28,17.41,31.77,24.44,5.48,11.08,11.24,7.15
"3603","TRINITY_DN5249_c1_g3",-1.08510769753478,2.70770002368869,-4.04896735897179,0.00165088810959251,0.0170068466785316,-1.32626179968549,285.74,81,326,159,361,148,73,151.52,229.15,67.51
"3604","TRINITY_DN5254_c0_g2",1.71963670631696,-1.44590817370715,3.14968920683411,0.00848923446676414,0.049331192344603,-2.36094166976797,5,4,6,6,7,10,16,32,13,14
"3605","TRINITY_DN52611_c1_g1",-2.06766453463075,0.364369137507021,-6.6577805523618,2.47159928231132e-05,0.00132364538147579,2.91346595931068,77.03,26,90.7,44.33,94.44,8.92,10,17.35,27.13,21.31
"3606","TRINITY_DN5268_c0_g1",-2.65588923686752,1.35816137193384,-10.0873553633479,3.60009156272272e-07,0.00014457611786439,6.80824222388705,194.97,88.93,183.12,130.59,176.07,26.51,10.39,35.2,49.5,19.51
"3607","TRINITY_DN52701_c1_g1",-1.2692370696254,0.186712721292364,-4.09286044448427,0.0015268376227634,0.0161797098902342,-0.899480409294727,61.46,12,52.46,72.24,35.1,25.43,17.38,18.4,15.66,17.43
"3608","TRINITY_DN52704_c0_g1",1.14873543263627,0.394136287173719,3.80877052402459,0.00254047373581987,0.0225790984720233,-1.39374807553876,28.84,9,29.13,11,44.02,51.59,31.82,64.12,68.25,49.09
"3609","TRINITY_DN52723_c0_g1",-1.9954559493247,-0.35875880702371,-4.4291140941266,0.000845506392562109,0.0110610865948994,-0.336338478755697,55,28,47,40,27,13,2,7,17,13
"3610","TRINITY_DN52742_c0_g1",1.11923620154372,1.89353244572967,4.70385197319441,0.000527157894565632,0.00820543122602436,-0.04812953198208,61.37,30,66,102.76,56,118,163.79,157,198.53,108
"3611","TRINITY_DN52810_c2_g1",-1.49887323546438,-0.765422062277475,-4.56290487088821,0.000670917420500054,0.00958089937119272,-0.153085052185209,25,8,34.96,19,43,11,6,8,9,9
"3612","TRINITY_DN52817_c1_g1",-1.64013447779825,-0.89038595818943,-3.62523104110651,0.00354440297721567,0.0280248422268415,-1.60855642202934,39.67,15,23,16,23.66,4,9,8.02,5.95,14.01
"3613","TRINITY_DN52853_c0_g1",-2.42806723342368,-1.40183165302874,-4.82358324485637,0.000430407004674924,0.00722784109999108,-0.165767187124061,23.3,9,33.66,15.91,33.14,8.28,2.71,1.74,6.27,1.74
"3614","TRINITY_DN52892_c1_g1",1.74461371055915,-1.24057408782562,3.39052180367684,0.005446412982402,0.0373299044108512,-1.98984595743007,8,2,12,6,5,10,27,24,26,15
"3615","TRINITY_DN52932_c0_g1",-1.87773224738804,4.19809535788565,-8.56183568678961,2.02266521577443e-06,0.000333054751316373,5.32667822110326,1174.15,308.67,655.22,979.23,1325.81,297.71,270.03,257.38,234.47,258.61
"3616","TRINITY_DN52933_c0_g1",-1.44604106808548,-1.19280596054108,-3.35987937428694,0.00576203586106108,0.0386312910259283,-2.02878420472921,30.58,9,17.27,13,24,7,6,13,7,2
"3617","TRINITY_DN52967_c0_g1",1.62549149801563,-1.35599989521456,3.63878468023152,0.00345796930572884,0.0276261726860065,-1.62808607003354,13.59,1,6.54,7.52,4.29,18.65,10.85,17.82,31.35,11.78
"3618","TRINITY_DN52992_c0_g1",1.0687459837345,-0.181415123703901,3.31517889763948,0.00625607517607112,0.0406417811648648,-2.17715595358791,21.71,4.01,17.22,27.77,12.04,28.25,21.75,28.83,52.85,40.37
"3619","TRINITY_DN53041_c0_g1",1.15461944550366,-0.00627390090696591,3.63770746500529,0.00346475925766311,0.0276517971619726,-1.64590222763969,15.21,7,15.45,14.86,38.83,38.28,33.26,27.42,65.89,33.27
"3620","TRINITY_DN5305_c1_g1",1.31012545920498,2.08994507347057,5.77684181394691,9.19520108045825e-05,0.00284604148529391,1.67007158585752,64,28,124.64,47.77,85,194.86,137.98,193.65,279.63,130.71
"3621","TRINITY_DN5305_c1_g2",1.30911542911928,3.55002982064265,7.12564597600145,1.28298630103205e-05,0.000902298839591423,3.498396922537,187,72,289,180,188,564,407,495,789,334
"3622","TRINITY_DN5309_c1_g2",-1.6015848014213,0.315294509226175,-5.12983334616606,0.000258527856942104,0.00528770391204406,0.766322139435642,49.36,28,48.45,67.16,77.76,16.72,8.26,26.25,30.04,12.71
"3623","TRINITY_DN5317_c2_g3",1.10258461875061,2.24869624045282,4.85735002791537,0.000406627157865332,0.00698620304503854,0.162054375977191,93.06,35.53,108.56,54.12,110,126.31,183.1,184.89,259.26,214.32
"3624","TRINITY_DN53199_c0_g2",1.37225625481029,-0.127517813565367,4.16724683956469,0.00133817540776869,0.0148241872249792,-0.752009745762074,21,11,14,9,19,32,28,49,31,47
"3625","TRINITY_DN532_c3_g1",-1.12823740261222,3.69080279546777,-3.53311251639091,0.0041934852688964,0.0313751761036974,-2.44041312539529,605.03,198,809.59,244.32,661.95,244.59,115.4,247.31,483.32,212.6
"3626","TRINITY_DN5324_c3_g1",2.62444629227187,-1.76742064923871,3.36799414856703,0.00567668683007123,0.0382501154935878,-2.14791522276637,8.23,6,2.52,3.19,0,27.33,7.45,11.34,27.59,19.88
"3627","TRINITY_DN5330_c0_g1",-1.54992611402286,0.211548759354162,-5.84979187259854,8.21385261948786e-05,0.00266660868321838,1.82343061518193,63.34,15.02,61.37,43.7,64,19.01,28.03,15.65,14,13.57
"3628","TRINITY_DN53302_c0_g1",1.47452167422162,-1.18857226264767,4.04361715594953,0.00166670617343888,0.0171102682284737,-1.01274904248933,11,0,9,12,8,23,17,19,25,15
"3629","TRINITY_DN53320_c3_g1",-2.10783799542223,-1.52123904064562,-4.48109887173996,0.000772626571256102,0.0104439898252894,-0.563040279107426,16.35,5,25.4,23.23,24.1,3.03,2.02,8.05,4.03,3.02
"3630","TRINITY_DN53439_c0_g1",-2.87175686925624,-2.2495173782958,-4.0067181886925,0.00178015449745613,0.0178617126923824,-1.53787291352441,15.42,3.78,21.26,20.79,14.04,5.55,0.66,0.14,6.52,0
"3631","TRINITY_DN5345_c0_g1",1.95591003448718,1.82579688634836,6.2998020640903,4.16188865064108e-05,0.00177744699674131,2.48013936322393,54.8,21,69.65,28,55.36,210.02,170.46,105.84,324.03,186.14
"3632","TRINITY_DN53465_c0_g1",1.65102327745326,-0.647742975024443,3.9315465162967,0.0020366314882337,0.0195697047765927,-1.11997228500489,11.01,7,5,14,14,22,17,39,28,34
"3633","TRINITY_DN53476_c0_g1",-1.65609216541345,-0.545138588155744,-5.01390848218995,0.000313069822154267,0.00595394304517563,0.532451121047112,48.24,12,25.54,24.9,47.22,6.29,6.21,13.41,13.77,8.38
"3634","TRINITY_DN53491_c0_g1",2.09487152970844,-1.23862712519315,4.1325631318306,0.00142294058891728,0.0154284481487257,-0.930106504213362,4.08,1,3.02,14.38,10.26,20.62,14.36,27,21.11,26.13
"3635","TRINITY_DN53526_c0_g1",-1.08927388018642,2.55023181838936,-6.71064396444384,2.29184975492066e-05,0.00128210251756043,3.00709143230254,272,106,261,167,218,96,100,89,153,106
"3636","TRINITY_DN53669_c1_g1",-1.09521537871057,0.517902110329171,-4.04694863567732,0.00165683821897341,0.017045240737453,-1.00712684149175,59,18,66,56,62,17,24,15,49,32
"3637","TRINITY_DN537_c0_g1",-2.3199676908186,-0.201211734347216,-5.15794861471115,0.00024686952069688,0.00514121388330217,0.763934941178609,87.82,19,28.72,49.44,67.72,5.95,6,13,9.59,16.82
"3638","TRINITY_DN53751_c0_g1",-1.73203961126935,-0.16757479300312,-3.28413671722107,0.00662422572196188,0.0420685683307315,-2.22048759983116,34,15,70,67,33,26,15,18,14,2
"3639","TRINITY_DN53752_c0_g1",-1.15322195196116,2.0527888545796,-5.30876830646278,0.000193102605002115,0.00442383195027761,0.928696124930838,168,59,267,112,174,92,47,74,105,66
"3640","TRINITY_DN5380_c4_g1",2.34284643993451,-0.679410796041286,4.52594887000704,0.00071501535208746,0.00997710442431857,-0.250161335842686,8,4,12.17,5.72,8.45,23.76,17.29,31.55,82.87,43.75
"3641","TRINITY_DN53803_c0_g1",1.20790457178251,-0.300775906834594,3.24353117584114,0.00713911875524622,0.0441305306452962,-2.28478135959493,10.26,8,22.96,18.39,12.51,23.75,41.56,34.48,39.94,19.16
"3642","TRINITY_DN53836_c0_g1",2.21708010709851,-0.974791314064247,6.22891991925252,4.62373805401105e-05,0.00191102126746368,1.73504258277112,10,1,11,5,7,26,19,33,37,29
"3643","TRINITY_DN53848_c0_g1",1.48458879458395,0.00734341260181769,4.48914863833636,0.00076194051975271,0.0103630623818701,-0.234082493340306,26,4,11,14,30,36,33,40,84,42
"3644","TRINITY_DN53848_c0_g2",1.37216817806221,1.34519475398309,5.68499815258287,0.000106103800873777,0.00309137411703499,1.58683688263179,59.47,19,40.84,40.55,36.97,89.88,71.66,114.55,193.91,99.87
"3645","TRINITY_DN53889_c0_g1",1.11775583061858,-0.393799873755628,3.55046928294509,0.00406250713997485,0.0307237075486992,-1.7601980717895,22,7,10,17,13,38,15,30,33,27
"3646","TRINITY_DN539_c6_g1",1.07026610367809,1.28805860126139,3.18162697587681,0.00800303291679168,0.0474708238757015,-2.63057657993615,24.11,41.67,44.2,70.29,39.67,99.76,73.52,85.35,120.3,74.92
"3647","TRINITY_DN53937_c0_g1",-1.28414704330119,2.6913219116388,-4.58654272145906,0.000644208228064126,0.00932455922796616,-0.369638007893483,391.32,150,195.45,181.19,319.6,111.37,59.19,125.87,121.74,154.17
"3648","TRINITY_DN53938_c0_g2",-1.91019874949219,-0.624034394134503,-3.93181270250469,0.00203565894076109,0.0195692093086892,-1.12107762652823,24.64,9,66.37,39,36.01,18,3,4,14.01,8.34
"3649","TRINITY_DN53940_c4_g1",-2.41450665444633,-1.10890835168093,-4.41398720118497,0.000868032618815767,0.0112226294276876,-0.548749966785106,33,12,49.97,16,34,7.99,2,9,8,1
"3650","TRINITY_DN53945_c0_g1",-1.14783702188656,0.23384731889634,-4.57020198008738,0.000662550958557462,0.00950232698042771,-0.115798006267935,45.53,19,45.32,44.5,64.6,25.16,9.17,25.12,27.26,16.17
"3651","TRINITY_DN5396_c0_g1",1.44940460791811,1.44449818590644,5.58627877675004,0.000123916554324227,0.00336481943553755,1.43022757661183,36,32,42,46,44,133,91,157,104,109
"3652","TRINITY_DN54019_c0_g1",-1.88434388702277,1.08620055086676,-6.86068902337758,1.85342994156514e-05,0.00112637456084299,3.25315062862841,105.49,24.99,138.46,102.71,152.89,33.68,41.32,28.97,35.29,14.27
"3653","TRINITY_DN54041_c0_g1",-1.76374362916143,0.283326755434026,-7.32662839601866,9.76341501929934e-06,0.000782718960057352,3.72906224667769,66,27,57.06,59.19,63.38,13.14,13.03,14.28,33.21,12.15
"3654","TRINITY_DN54107_c0_g1",-1.93432856201452,0.0744854995474362,-4.47564425719249,0.000779956280668538,0.0105047730546494,-0.25636887232823,56.04,33,69.03,23,88,21.04,6.01,17.35,14,10
"3655","TRINITY_DN54111_c0_g1",-1.52302208637512,0.447494176923022,-5.24039827927874,0.000215762773520419,0.00474631982163834,0.935090167591227,68.77,34,67.33,36.1,74.97,17.12,23.1,14.17,21.35,26.16
"3656","TRINITY_DN5412_c1_g1",1.72930822092832,-1.08870885198472,3.13877533911895,0.0086621136105296,0.0499923536052885,-2.37128325233896,12,0,17,11,4,19.03,30.49,14,30,28
"3657","TRINITY_DN54173_c0_g1",-2.10522783315479,-0.628562105378246,-3.19691196618751,0.0077803721322897,0.0465706105491105,-2.29788311704821,43.61,13,17.96,29.86,88.5,2.06,9.53,3.18,17.86,15.72
"3658","TRINITY_DN54188_c0_g3",-1.77704933764549,0.134518923740169,-4.76510325469394,0.000475101201751647,0.00768374777521234,0.200930019825638,69.76,19,89.4,25.19,69.08,10.24,9.3,15.72,29.6,14.39
"3659","TRINITY_DN5421_c0_g1",2.06903033458196,3.12209313257237,9.30693096331421,8.46953277964958e-07,0.000208357255011077,6.26438162171773,118.7,47,104.66,125.53,116.79,510.58,387.11,324.55,628.65,611.16
"3660","TRINITY_DN54216_c1_g1",-2.22726075484412,-1.63033399336125,-3.44588889173887,0.00491995742707563,0.0349423292506332,-1.99409816195591,29.79,6,20,30,11.42,7,3,3,4.68,1
"3661","TRINITY_DN54230_c0_g2",-2.06177485872575,-2.23258364004715,-3.22329366927509,0.00741066159310844,0.0451490336740081,-2.42996979887105,11.94,5.02,13.27,12.99,12.77,0,3.5,4.01,4.48,1.43
"3662","TRINITY_DN5428_c1_g1",-1.571166584464,6.59116838872147,-5.94062458536094,7.14445440020327e-05,0.00247284624609726,1.39936311454145,3060.52,2276.42,6020.16,3472.14,5500.05,1535.29,1001.46,970.74,2644.69,1816.04
"3663","TRINITY_DN54337_c0_g4",-1.0847058667236,1.23223984904528,-3.51102876121724,0.0043663876225076,0.0322699823955235,-2.03612508444283,103.22,35.71,130.52,71.93,78.91,80.76,62.48,31.51,32.87,26.1
"3664","TRINITY_DN5434_c0_g1",1.48980508687666,1.08840077153435,3.91199263198524,0.00210940107920578,0.0199954138994429,-1.29334106896586,28,15,27,63,33,145,129.01,94,68,62
"3665","TRINITY_DN54355_c0_g1",1.11377012015315,0.45201394459946,3.70545950647469,0.00306316106070877,0.0255169544757205,-1.58038321892036,37.37,18.04,30.33,17.17,16.17,53.66,58.97,49.72,48.61,44.62
"3666","TRINITY_DN54412_c0_g1",-2.75272404747211,-1.37619887217624,-5.42529833533361,0.000160071568870883,0.00393631988635576,0.420596532618411,33.44,11,20,30,33.01,2,1,8.04,5,2.54
"3667","TRINITY_DN54425_c0_g3",1.39330092111776,0.363634164816438,4.52632176124781,0.000714555602825213,0.00997341305679278,-0.188827672352778,23.46,14.76,32.76,10.65,23.35,56.62,41.39,65.96,79.24,32.28
"3668","TRINITY_DN54431_c0_g1",1.992341337537,0.690145922236383,5.98572117897815,6.66927945573389e-05,0.00235591915236073,2.03080267759676,19,5,42,28,18,66,106,83,91,104
"3669","TRINITY_DN54550_c0_g2",1.07422648082768,3.61097148658285,6.4341147205867,3.41588043199493e-05,0.00159428408854742,2.48537334097508,251.66,68.48,289.76,205.29,225.61,549.48,283.72,568.96,645.28,448.61
"3670","TRINITY_DN54550_c2_g1",2.10582663903766,-1.69983318621784,4.40372836237741,0.00088366454531601,0.0113334747337075,-0.731029383616996,3.93,4,3.32,2.92,7.03,14.12,10.21,13.24,23.32,15.25
"3671","TRINITY_DN54604_c0_g1",-1.03991248618711,0.0141017933915464,-3.54764719290123,0.00408351547292524,0.0308175156956964,-1.81049139473328,42.5,16,53.38,20.15,54.39,19.13,13.09,18.16,17.14,20.3
"3672","TRINITY_DN54616_c0_g1",-1.23525884425096,0.786170946089057,-5.03072123235391,0.000304462552126215,0.00586399053920447,0.597004706490298,75.14,32.27,65.33,53.14,99.03,39.35,14.03,26.03,40.03,29.35
"3673","TRINITY_DN54653_c0_g1",1.28370932238942,-1.10548267335664,3.48730349400015,0.00456025907277519,0.0331903438502737,-1.8282381805152,14,1,7,12,8.06,13,18,19,26,18
"3674","TRINITY_DN54714_c0_g1",-1.3656823083464,1.92906398575233,-6.83549856821993,1.92029562704094e-05,0.00114897688351283,3.22522096661519,126.7,68.2,197.16,159.92,185.21,52.42,51.61,77.63,66.41,68.8
"3675","TRINITY_DN54717_c0_g1",1.33552716495901,-1.20719055638512,3.60389550419865,0.00368496745858338,0.0287007278799958,-1.65577097382657,13.03,1,11.28,7.03,6.11,21.31,17.14,14.13,19.47,16.12
"3676","TRINITY_DN54739_c0_g2",1.47500525694472,-0.384676092956344,3.61274302602143,0.00362599796636447,0.0283935963424454,-1.64685550764688,19.68,3.08,13.56,13.07,10.83,34.51,67.82,25.69,30.62,22.14
"3677","TRINITY_DN54771_c0_g1",1.93724595687714,0.680773021998637,6.79912463056453,2.02141938814517e-05,0.00119443640554247,3.12762222828298,24.64,7,21.71,21.94,30.74,86.94,48.62,83.51,163.07,68.08
"3678","TRINITY_DN549_c3_g1",-1.06812649000157,0.0946878781277048,-3.72344435385781,0.00296479894281892,0.025030134689798,-1.5176366018651,42.44,18.86,47.14,35.47,44.91,12.52,11.81,34.69,17.98,21.43
"3679","TRINITY_DN5491_c2_g1",1.81294341037383,1.01381631933526,7.55875673409299,7.16598292971739e-06,0.000665206853884141,4.11586026916388,38.06,8,26.97,29.16,36.91,103.03,60.04,120.98,121.6,125.2
"3680","TRINITY_DN54928_c2_g1",2.63971805315148,-0.891598856237012,4.79904849717208,0.000448596641266484,0.00742151078379665,-0.0243196997962434,7.64,0,8.49,4.03,14.83,36.07,15.09,40.23,62.26,44.66
"3681","TRINITY_DN54955_c2_g2",-1.20427449894226,-0.435780237123769,-3.53381230933731,0.00418812197377665,0.0313426439991226,-1.78594906214779,29.5,7,52.46,22.68,43.43,10.91,5,14.32,22.22,12.8
"3682","TRINITY_DN54964_c1_g1",-2.21828466362131,0.772600765683605,-7.73037590012223,5.72486502569817e-06,0.000597126631092585,4.28111319000837,135.99,33.01,114.43,79.19,98.3,18.5,6.3,32.65,32.62,21.28
"3683","TRINITY_DN5498_c0_g2",2.57473556946629,-1.62343273679195,3.80527213501608,0.00255658002110056,0.0226652840119048,-1.53820940180415,1.05,1,11,5.26,5,22.01,10.99,15,40,16.64
"3684","TRINITY_DN55006_c1_g1",-2.48277573657917,-0.920874413300086,-5.18514909817512,0.000236115957391007,0.00500056227131378,0.506419126022253,45,20,30,26,37,7,2,2,16,4
"3685","TRINITY_DN55018_c0_g1",-1.48224049291206,-0.25778333103357,-3.77913105593939,0.0026803037449656,0.0233234774019357,-1.38605304266157,45.91,12,60.12,16.88,59.7,15.65,7.66,8.64,23.57,10.69
"3686","TRINITY_DN55027_c0_g2",2.08617158859223,-0.176798418899533,7.10561431932763,1.31875679352438e-05,0.000920119711712356,3.23398774610323,22.19,1,11,10,17,48.53,39.67,65.09,64.25,40.06
"3687","TRINITY_DN5510_c4_g1",-1.08397047209554,0.252614569649687,-4.17284638297026,0.0013249890304295,0.0147376163906717,-0.771573836759522,64,18,63,28,49,22,12,27,27,18
"3688","TRINITY_DN5512_c0_g1",1.34977183340458,3.64159756770576,6.89512696327913,1.76600317357624e-05,0.0011001756881447,3.16264596120207,258,87,201,229,164,612,567,579,431,512
"3689","TRINITY_DN5513_c0_g1",1.17698106928352,4.71611926378553,3.65184314404484,0.00337673404200996,0.0271988747229365,-2.37802833855668,542.92,231,977.8,227.77,361.35,1150.6,736.31,721.26,1865.97,1101.49
"3690","TRINITY_DN5514_c0_g1",1.3840151031258,1.30754341442544,4.81297075945789,0.000438178214789701,0.00730594184795657,0.209281497462492,41.1,16,66.23,33.2,38,151.89,59.15,135.37,95.92,119.85
"3691","TRINITY_DN55157_c1_g1",1.01785432155711,1.83228037020904,5.83689408374242,8.37894302439745e-05,0.00269788194730286,1.7815672137195,76.39,28.13,69.92,62.48,64.83,118.54,139.66,167.65,135.19,125.25
"3692","TRINITY_DN55194_c0_g2",1.02640542088922,2.03295043310718,3.35158799010121,0.00585058804601806,0.0390174004390888,-2.456628386598,108.21,30,142.96,34.95,71.33,206.83,82.62,169.23,217.61,153.04
"3693","TRINITY_DN5520_c0_g1",-1.74567856462951,1.3473959273313,-4.90848284538937,0.000373205298398077,0.00661443190742952,0.364929178390297,151.23,47,161.61,110.92,111.98,36.76,13.17,69.96,92.6,15.85
"3694","TRINITY_DN55214_c1_g1",1.31968235075291,0.274982351907827,3.15152110096783,0.00846055901826857,0.0492340588314059,-2.51278195480449,15.28,10,16.97,28.96,28.77,34.42,62.54,72.6,82.71,20.42
"3695","TRINITY_DN55217_c1_g1",1.86663695330035,-1.37007199248533,3.8942317769279,0.00217782119033455,0.0204091824041247,-1.29086842938749,6,0,10,11,6,26.83,11,19,19,23
"3696","TRINITY_DN55217_c5_g7",-1.58920735724641,-0.471005758456406,-3.57569676691398,0.0038795423683848,0.0298026850165494,-1.70292878418256,48.05,13,43.27,23.49,33.02,22,6,2.39,20.69,12
"3697","TRINITY_DN5522_c1_g1",1.02244137188485,3.48531550229033,3.307917176864,0.00634029649463837,0.0409752166179079,-2.81512408777641,249.59,121,101.29,301,214.05,311.42,474.45,433.79,412.56,515.2
"3698","TRINITY_DN5522_c1_g2",1.03401669837087,1.09220260769679,3.43401156847697,0.00502835297447698,0.0354481949386922,-2.14696759167508,51.32,18.95,20.6,54.27,47.99,63.99,62.58,96.63,86.76,97.54
"3699","TRINITY_DN55260_c0_g1",1.3084716191646,1.34782477556552,4.56216576315339,0.000671770970095063,0.00958643722242429,-0.216219103639909,29.05,26.15,42.74,39.76,66.75,136.86,82.41,92.25,166.37,68.04
"3700","TRINITY_DN55361_c2_g1",-1.82363675222096,-0.478299006599878,-5.07315072689196,0.000283827852728902,0.00560466973146922,0.626850510339465,65.36,7,53.07,28.89,32.64,7.22,7.47,9.97,13.96,9.97
"3701","TRINITY_DN55364_c1_g1",1.53533257615755,-0.558909835857956,4.02131362469166,0.00173435455859299,0.0175274836798691,-0.976934813187311,13.95,2.01,9.32,6.22,27.03,39.57,17.05,24.1,39.65,37.07
"3702","TRINITY_DN554_c2_g1",-1.57413844851163,3.04687541967435,-8.19973364850813,3.15227254519342e-06,0.00043545083919598,4.96026620309186,421.46,167.81,429.26,250.92,463.04,90.23,129.49,127.98,183.54,129.97
"3703","TRINITY_DN5540_c0_g1",-1.46229797328899,4.40769959337238,-5.80239628456615,8.83801287483106e-05,0.0027786640478364,1.40527437261907,1306.14,385.94,1127.55,588.52,1038.32,378.6,198.85,353.91,732.44,241.68
"3704","TRINITY_DN55523_c0_g1",-1.28467996747785,1.53828219665301,-6.00951708018976,6.43215352472137e-05,0.00230483945148632,2.06120028161234,150.6,42,132.71,78.22,163.32,52.62,40.2,43.03,81.15,37.15
"3705","TRINITY_DN55577_c0_g1",1.92128207565184,0.619226065383093,5.8002327852755,8.86767646145331e-05,0.0027823236084442,1.76584699678331,14,11,21.01,25,29.54,93.27,90,76,58,78.17
"3706","TRINITY_DN55587_c0_g1",1.74783799498816,0.749493949900494,4.27067564272726,0.00111514185475573,0.0132444276298243,-0.628761949341672,34,2,40,23,34,129,64,47,182,72
"3707","TRINITY_DN55623_c1_g1",1.61339106158706,1.44219428342018,3.58605941971077,0.00380684638534499,0.0293804426057881,-1.91753847898193,42,24,40,39,41,54,136,114,141,269
"3708","TRINITY_DN55645_c3_g1",-1.99994975273252,1.38239359872126,-6.3716880886011,3.74320586825433e-05,0.00168343391080094,2.59320857720821,181.26,67,142.88,71.51,183.54,20.54,28.9,37.46,44.97,40.94
"3709","TRINITY_DN55650_c2_g1",1.16040915015229,1.99508687180524,4.63083417231364,0.000597108788569287,0.00887798542657749,-0.183793658035901,61.16,21.73,107.1,94.64,59.82,127.85,171.21,227.06,166.35,138.64
"3710","TRINITY_DN55674_c0_g1",-1.08417600436775,-0.704944434495125,-3.24091075095798,0.00717370462450413,0.0442696295376655,-2.24578225835227,25,17,21,17,30,13,9,8,9,11
"3711","TRINITY_DN55695_c0_g2",-1.18461228539272,-0.373313570443059,-3.64745230676972,0.00340382857754055,0.0273457606253891,-1.6013450134115,32,9,44,32.02,34,9,13,8.06,31,10.16
"3712","TRINITY_DN55794_c0_g1",-1.90512995386999,-0.802067808332078,-4.4936060359913,0.0007560897324478,0.0103175754252346,-0.293893855521728,31.09,18,32,16.22,44.94,9,2.07,7.03,9.25,8
"3713","TRINITY_DN55806_c0_g1",-1.24669246769511,-0.600684029524846,-3.91976726394395,0.00208015195953143,0.0198279134296306,-1.13951722811784,34,15,28,16,34,9,11,7,14,11
"3714","TRINITY_DN55828_c0_g1",-1.82305897213997,-0.964406391681437,-3.30079465613175,0.00642401924844649,0.0412983176005283,-2.11995279802661,25,16,22,37,19,5,3,16,3,11
"3715","TRINITY_DN5585_c1_g1",1.5045875501943,-1.17321437528483,3.33922481142788,0.00598519855797191,0.039589276127999,-2.06041121543314,16.75,4,4,5.53,8.99,12,15.96,27.01,24,14
"3716","TRINITY_DN55866_c0_g1",1.30300920839621,1.22718224126615,4.43524237803129,0.000836554548236875,0.0109912712826861,-0.415245899649228,38.54,15,43.66,43.51,45.62,69.34,67.65,77.69,181.83,133.33
"3717","TRINITY_DN55878_c0_g1",-1.25096002522342,1.40890625913785,-4.98900616962673,0.000326291146996115,0.00609755220306315,0.48227451502013,175.88,51,81.42,83.6,116.62,39.44,39.53,44.89,66.19,36.52
"3718","TRINITY_DN55926_c0_g2",-5.04280698374242,-2.01436833254836,-5.87993397097586,7.84132018752487e-05,0.00260425542257881,0.307019858127601,31.88,12.77,49.84,46,41.7,0,0,0,22.84,0
"3719","TRINITY_DN55929_c0_g1",3.60057717523272,-2.24206453191121,3.30105720452381,0.00642091329500764,0.0412869472185913,-2.33831703769514,0,0,27.8,0,0,20.6,43.77,9.17,21.61,12.25
"3720","TRINITY_DN55967_c0_g1",-1.38810619969214,-0.955943181406397,-3.66139635596323,0.00331854456188381,0.0268668532328834,-1.55117357838824,32.17,6,28.71,14.38,31.05,5.16,6.5,4.45,18.42,7.63
"3721","TRINITY_DN56008_c0_g1",-1.31976860399821,0.212364770379253,-4.91198205581259,0.000371026069227698,0.00660064356102837,0.429204122504465,70.32,17,72.62,28.8,49.58,19.33,14.29,17.9,27.15,15.04
"3722","TRINITY_DN56025_c0_g1",1.28066019041615,2.64587172967321,3.65487747415437,0.00335813925820856,0.0270985863716495,-2.00828327765947,118.98,13,242.01,177.71,70.12,270.87,244.03,352.56,377.36,188.7
"3723","TRINITY_DN56042_c1_g1",2.45171301645969,-2.27812739493729,3.50741306304838,0.00439538160456304,0.0324028203579941,-2.10810465006863,2,2,6.36,3,0,10.99,9,11,20.92,9.4
"3724","TRINITY_DN56164_c0_g1",1.37887843956585,0.290726915049976,4.91782627617707,0.000367416134554213,0.0065664866791472,0.438631179127843,26,8,27,11,28,41,59,57,52,53
"3725","TRINITY_DN5618_c1_g1",-1.03167962817213,5.8166662923643,-3.99950107323777,0.00180326154354198,0.0180114936776324,-1.87807828152969,1627.23,1826.29,2251.89,1905.87,1864.38,899.25,1050.6,1080.37,1637.46,693.15
"3726","TRINITY_DN56216_c0_g1",-3.64624377724001,0.458629127081835,-7.62910108714151,6.53318124318322e-06,0.000646491787506535,3.88052375678626,201.73,53,162.31,63.22,149.3,8.87,8.05,10.9,18.65,4.01
"3727","TRINITY_DN56311_c0_g1",-2.92183295204494,-1.86459651698494,-4.25418613334686,0.00114793542196087,0.0135066151743978,-1.21017386146997,22,9,25,14,29,3,2,1,11,0
"3728","TRINITY_DN56349_c0_g3",-1.48282149008594,-0.818134797121017,-4.09588933971919,0.00151864140214139,0.0161146085508808,-0.867853812188078,34.82,8,32,16.16,34,4.06,7,9,17,7.07
"3729","TRINITY_DN5644_c9_g1",1.54532036193647,-0.9991111335967,4.19119596586985,0.00128271385636006,0.0144602283836467,-0.748310173290816,7,4,9,5,18,24,15,22,25.04,18.99
"3730","TRINITY_DN56468_c0_g1",-1.65722990296764,-0.103161994113649,-4.5755724087433,0.000656463147888196,0.00943778497224688,-0.0960223641877409,48,15,48,31,77,12,10,15,33,5
"3731","TRINITY_DN56500_c0_g1",-1.32617423071004,0.0255569438217494,-3.23789622314815,0.00721370157787332,0.0444250515291193,-2.33737469310859,41.76,26,21.12,46.21,76.12,17.75,11.4,20.78,16.25,12.22
"3732","TRINITY_DN5654_c0_g1",-1.29735302699463,4.80076262331906,-16.7347465227613,1.29777262633831e-09,6.82046062288481e-06,12.6180999611885,1265.73,457.24,1188.11,1049.09,1361.26,514.83,424.49,494.92,579.67,408.63
"3733","TRINITY_DN5655_c0_g1",2.35167156923167,-1.32420437683865,5.19542581492866,0.000232182415751881,0.0049539736723729,0.372666997797208,4,4,4,5,8,26,22,18,30,14
"3734","TRINITY_DN56562_c0_g1",-1.72804419503541,-0.755363922799647,-3.82561457196952,0.00246437361259225,0.0221751537678823,-1.29042079312611,38,9,26,50,22,21,4,6,8,6
"3735","TRINITY_DN56574_c1_g1",2.01887325582315,-1.3236447207246,4.85921584804201,0.000405354001226769,0.00697208882110042,0.028734703352427,5,3,6.26,8.99,5.03,19.48,15.15,21.94,27.57,13
"3736","TRINITY_DN56598_c2_g1",3.31843085002044,-0.81012417475032,5.54099309088555,0.000133120993554867,0.00350148695232263,0.845551695793889,8.71,4.36,10.32,6.76,1.44,38.82,30.96,61.25,54.27,39.04
"3737","TRINITY_DN56617_c0_g2",1.53575601351194,-0.609283558727995,3.51942946648173,0.00429977386758787,0.0319075155360913,-1.7829254585557,16,1,12,24,7,23,18,26,49,39
"3738","TRINITY_DN56678_c0_g1",-2.7959853714122,-1.45300230424264,-4.51456201701892,0.000729204184074175,0.0100843683557993,-0.68467565358777,28.01,23,20.76,20,28,4,4,2,5,1
"3739","TRINITY_DN56693_c2_g1",1.5224293646299,-0.315467575547183,3.1972404311776,0.00777565649153742,0.0465468964652887,-2.34251763562585,14.36,2,23.87,10.56,13.36,57.12,39.44,39.93,17.72,44.67
"3740","TRINITY_DN56705_c0_g1",-1.6690606325807,1.0101055883136,-6.25847101132368,4.42489868614583e-05,0.0018586982589941,2.43219186868794,115.72,27.06,125.74,56.07,142,34.55,20,36.81,36.09,23
"3741","TRINITY_DN56755_c0_g3",-2.15018178197077,-0.816999815086588,-5.85686696827138,8.12475806829938e-05,0.00265724343856647,1.48683995065946,36.14,13.97,33.74,32.36,29.75,3,9.55,5.34,8.96,7.43
"3742","TRINITY_DN56761_c2_g1",-3.23959967970684,-2.33781308711347,-4.11957826511371,0.00145608964754286,0.0156556892837326,-1.40558373870578,21.44,9.43,14.5,13.49,17.83,6.44,0,0,11.26,0
"3743","TRINITY_DN56787_c0_g1",1.32933369294498,0.90642917939986,4.73453387029587,0.000500373889395186,0.00794062108280996,0.115592339640323,22.87,13.98,48.56,41.27,26.81,87.08,66.65,91.57,68.79,80.69
"3744","TRINITY_DN5684_c1_g1",-3.05062703133106,-2.00394458765973,-4.35882187701528,0.000955619172850533,0.0119457928276727,-1.12563553582688,21,6,17,19,29,7,1,6,1,0
"3745","TRINITY_DN56854_c0_g1",1.13791788476866,-0.324692003253781,4.2524906863766,0.0011513635639438,0.0135340562243293,-0.608666290859327,19,4,17,9,24,35,21,29,40,32
"3746","TRINITY_DN56932_c0_g1",4.10050115131453,-1.49358474615873,6.7053158654584,2.30931940382397e-05,0.00128464733826417,0.916995475202032,3,0,1,4,5,33,41,31,44,45
"3747","TRINITY_DN56967_c0_g1",-2.50889173692136,-1.56784621021254,-3.59473079774315,0.00374708586378967,0.0290572613831984,-1.80108453942807,39.85,5,20.04,20.24,24.65,3.18,1.27,0,13.25,8.99
"3748","TRINITY_DN5705_c0_g1",2.85365116339127,0.0464791518153502,4.0426030865865,0.00166972193096915,0.0171208883748727,-0.943432226910838,15,6,7,6,20,145,156,48,56,31
"3749","TRINITY_DN57135_c0_g1",-1.17447777030064,0.872264897365097,-4.42033096281641,0.000858510638421226,0.011161537747815,-0.409368531682247,114.1,16,78.64,59.16,94.8,25.69,27.26,24.66,63.6,29.93
"3750","TRINITY_DN5714_c0_g1",-1.0012048051238,2.46137110284905,-6.10554335821496,5.56231755568001e-05,0.00211361221186541,2.12603100841316,232.49,103,169.14,210.97,207.67,108.69,97.41,103.88,105.99,100.41
"3751","TRINITY_DN57162_c0_g2",1.55852763751821,0.372168365175269,4.66966485029446,0.000558776605349566,0.00851513766710883,0.044407382360319,13.08,8,21.46,45.54,18.58,71.72,45.31,52.86,63.73,57.83
"3752","TRINITY_DN57181_c3_g1",-1.27189414009511,0.353902405969576,-4.66232214485096,0.00056582275156146,0.00858016288394327,0.0282629365090399,62.38,21,41.26,68.01,54.6,31,14,26.54,19,16
"3753","TRINITY_DN57256_c0_g1",1.53023242416449,-1.32064233973736,3.42963970046367,0.00506886094659321,0.0356021638637329,-1.9298198565998,4.06,2,8.19,8.21,11.24,22.2,8.05,21.3,22.11,12.11
"3754","TRINITY_DN57264_c0_g1",-1.34366500854226,1.38049108441494,-4.31883981204918,0.00102481380560493,0.0124911572973734,-0.634492843808884,144.44,70.17,84.37,121.18,84.93,45.09,45.39,42.96,66.48,19.41
"3755","TRINITY_DN57388_c0_g1",-1.05123739906106,2.90349777086089,-3.14997288127171,0.00848478759000804,0.0493099919160298,-2.99942427627999,328.71,43,606.42,200.03,364.75,137.73,92.16,139.09,238,161.3
"3756","TRINITY_DN5743_c0_g1",-1.59253349212741,2.68753015320791,-5.81346955368564,8.68782378967969e-05,0.00275670988368521,1.66241325793578,191.23,152.52,319.57,356.26,350.56,161.58,64,83,140.52,70.9
"3757","TRINITY_DN57530_c1_g2",-1.20663286431318,-0.739355972060321,-3.66818843246312,0.00327779904591223,0.0266628521703879,-1.5423152474043,36.99,11,29.02,15.51,25.56,15.85,5,6.99,15.04,6.74
"3758","TRINITY_DN5755_c1_g1",-2.54790201532681,-1.36224272225477,-5.01198716589098,0.000314069586307935,0.00596522095848708,0.0412501694659211,18.61,11.36,26.83,29.35,33.17,6.42,2.01,3.02,4.74,2.05
"3759","TRINITY_DN57635_c0_g1",-2.30826373873601,-0.939584376458013,-4.38784831773043,0.000908442281056461,0.0115325851091025,-0.514573201901181,49,11,30,27,36,2,1,4,23,12
"3760","TRINITY_DN57654_c0_g1",-1.1964979330007,-0.263321236456089,-3.61270927068142,0.00362622110443293,0.0283935963424454,-1.67157299319221,50.32,4.59,40.3,37.98,41.69,13.66,12,25.2,15.13,9.08
"3761","TRINITY_DN57661_c0_g1",3.01368555443088,-1.87232342102046,3.94258043421551,0.00199671656866146,0.0193158788472047,-1.52754907427766,2.1,2,1.57,8.28,1.62,26.55,11.33,27.77,26.39,9.68
"3762","TRINITY_DN5770_c0_g1",1.0438250406542,-0.0156592045137868,3.4753789999757,0.0046609914670656,0.0336813225404759,-1.92465147564495,18.63,11,22.24,24.57,12.14,49.93,28.12,30.11,37.72,33.72
"3763","TRINITY_DN5771_c0_g1",-1.01976199802756,6.11752362002728,-4.80137591091166,0.000446837067661607,0.00740904813479295,-0.470969624446875,4393.82,989,2894.12,1887.49,2445.08,1425.83,923.22,1285.56,2251.76,982.98
"3764","TRINITY_DN57754_c0_g1",-1.85062072371524,-0.189331372071976,-4.77665211312289,0.000465904405999591,0.0075965985868589,0.212477004562975,33.15,16.33,59.27,49.88,57.46,18.61,6.01,5.22,26.6,8.42
"3765","TRINITY_DN5776_c0_g1",1.29753537733326,1.85052037718635,3.38976577274509,0.00545398497628407,0.0373610677075204,-2.34750020592358,152.61,21,37.26,64.18,51.21,264.43,81.27,173.02,213.52,97.79
"3766","TRINITY_DN57774_c7_g1",1.88817970776384,0.742852266546981,4.56911064285276,0.000663795266330805,0.00950708100673639,-0.134591170171054,20,9,45,41.01,12,75.53,102.04,117.8,100,48.68
"3767","TRINITY_DN578_c0_g1",1.07420159526963,6.25649647453132,12.3188836339638,4.07896943437867e-08,4.12898696121334e-05,9.1920238909359,1524.38,479,1489.6,1597.73,1432.29,2905.3,2622.59,3068.04,3338.6,3023.66
"3768","TRINITY_DN57829_c0_g2",-2.56145466216754,0.768808588377618,-8.7347580242252,1.64445815418302e-06,0.000308638304268976,5.34917658627598,145.89,27,105,105.61,150.01,21,6.71,21.12,36,13.95
"3769","TRINITY_DN5784_c3_g1",-1.5175218771694,1.36983670704534,-3.95454228989266,0.00195435555786485,0.0190373161361475,-1.26265631177227,126.33,50,100.56,101.5,157.96,36.4,28.45,13.48,123.94,49
"3770","TRINITY_DN579_c1_g1",-1.31559923929609,-0.59108918261784,-3.49936209165465,0.00446064907704934,0.0327379674505059,-1.82545122307828,39,15,22,21,32,12,10,20,7,6
"3771","TRINITY_DN58001_c0_g1",-2.74426932397656,-2.54309253022131,-4.00833038923821,0.00177503464716353,0.0178190277016833,-1.55954462909203,19.53,4,10.87,9.48,15.63,0,0,2.9,6.52,1.3
"3772","TRINITY_DN5802_c1_g1",1.83941223866837,-0.257077181307472,5.03400262588994,0.000302811836792572,0.00584611887306551,0.59181660531395,21,6,6,15.02,13.15,43.49,44.09,38.48,34.92,39
"3773","TRINITY_DN58122_c0_g1",2.08953538556326,-0.390495611319823,3.75433939802358,0.00280332855244049,0.0240985565162321,-1.40662244023642,5,6,6,30,17,25,55,49,44,27
"3774","TRINITY_DN5814_c0_g1",-1.0590761715325,6.20071954613345,-3.31468553860852,0.00626176108737188,0.0406641464177053,-3.17988151066172,2880.12,1113,3194.12,2314.56,3550.19,1303.05,978.8,598.57,3234.31,1862.8
"3775","TRINITY_DN58159_c0_g1",-1.77714237919744,-1.69013680717645,-3.46887430588998,0.00471689273021041,0.0339506589702995,-1.93734749682225,20,6,13,21,14,1,3,5,5,6
"3776","TRINITY_DN58284_c1_g1",1.89229943186002,-0.617465657302682,4.18989982093715,0.00128565358438397,0.0144760279957223,-0.717857374512654,9.04,5,5,13.01,17,25,35,19,56,28
"3777","TRINITY_DN5830_c1_g1",2.80351775894378,0.740439141890922,10.164109737136,3.31914860073656e-07,0.000139422304624681,6.54228265550528,21.05,3,13.49,21,26.73,134.17,129.02,133.84,151.5,79.28
"3778","TRINITY_DN58301_c0_g1",-1.7714100423215,-0.243036256518347,-4.03348503687785,0.00169709302253581,0.0172919485203277,-0.96378141644522,84.04,12,48.84,17,58,9,15,13,13,9
"3779","TRINITY_DN58319_c0_g1",-1.99215593851834,-0.206235907266403,-6.16087092253209,5.11858721976754e-05,0.00202344765458519,2.15385501628455,61.36,12,68.13,36.86,51.52,11.78,8,10.49,24.75,4.73
"3780","TRINITY_DN5835_c0_g1",-1.52181206182204,1.05047929708423,-3.98339688070473,0.00185594624704163,0.0183861653878272,-1.17007097612072,54.55,31,184.13,104.68,99.89,26.61,16.62,44.81,39.77,37.57
"3781","TRINITY_DN584_c2_g1",-1.21118300516317,4.83110254648916,-4.19803549690181,0.00126731647526647,0.0143691255443912,-1.40158709092734,1233.67,482.41,1254.29,866.54,1490.81,462.23,380.68,241.86,1073.84,701.63
"3782","TRINITY_DN5860_c1_g2",1.08931064655856,3.90312036281007,3.81094182856508,0.00253052975385247,0.0225195276845698,-1.96273618465938,322.37,113.69,292.3,222.29,276.49,822.77,360.31,620.23,417.04,915.32
"3783","TRINITY_DN58659_c0_g1",1.13643417339847,0.0423892804330184,3.33452998962095,0.00603713507206813,0.0398185234383746,-2.17013210648719,12.24,7.18,18.25,33.76,23.83,32.95,33.53,35.98,69.39,30.69
"3784","TRINITY_DN58734_c0_g2",1.47556750029465,0.43134334913299,5.26052168598135,0.000208815898304526,0.00464874795420617,0.965910254455883,22.02,18,28.49,18.01,15.69,72.96,43.53,55.62,55.35,56.95
"3785","TRINITY_DN5876_c5_g1",2.41615743545217,-1.15233118885668,3.19040157014673,0.00787443684468523,0.0469334677881876,-2.30006456988404,11,2,5,5,5,75,15,40.97,19,12
"3786","TRINITY_DN5876_c6_g1",1.71927011431303,4.89632060033667,3.72864167238132,0.00293698194565525,0.0248632795695531,-2.24603850572381,479.26,228,479.82,489.58,303.31,4384.43,521.44,1155.73,1766.32,1217
"3787","TRINITY_DN5879_c1_g1",1.5443720705479,-0.887661702286628,3.21781537257662,0.00748594648454463,0.0453979791325537,-2.25683278497329,9.32,3,7.47,9.12,13.86,37.25,29.3,31.58,17.67,10.18
"3788","TRINITY_DN589_c5_g1",-1.21071214352702,3.20306056597318,-6.46618550062236,3.2596798301948e-05,0.00154441844334405,2.58255944552295,523.47,148.01,405.84,253.92,402.81,157.33,109.45,184.52,262.57,137.74
"3789","TRINITY_DN58985_c0_g1",-1.79782684051596,-0.851975947081317,-3.55381172719818,0.00403776787321594,0.0306069347698672,-1.7213062615969,55,8,21,15,46,7,11,3,10,9
"3790","TRINITY_DN59014_c0_g3",2.04799690468476,-1.09146893581039,3.67499608750158,0.00323747429605742,0.0264708107564822,-1.55801396113155,13.19,4,3.11,2,16.09,29.56,15.46,21.79,20.62,33.66
"3791","TRINITY_DN59069_c0_g1",1.14522417779015,-0.00752674241602136,3.78024032370906,0.00267493062415824,0.0232964134435787,-1.40018582149292,22.82,1,26.81,16.56,28.57,64.56,30.13,39.31,43.19,38.34
"3792","TRINITY_DN59124_c0_g3",1.95301011973067,-1.06986269713857,3.60221782432478,0.00369625951553451,0.0287656345608988,-1.67477866789197,10.33,0,22.27,2,11.5,29.85,27.88,21.05,40.65,16.33
"3793","TRINITY_DN5913_c0_g2",1.36252533614781,4.71984210506236,8.84743379911196,1.43933051660298e-06,0.000285218960410199,5.62589555341597,343,250,416,441,501,1222,1109,1218,1090,949
"3794","TRINITY_DN59181_c0_g2",-1.52427684807502,1.68967378405289,-5.91740833016864,7.40294995653986e-05,0.00251716604579528,1.91726189481033,215.54,61.48,102.38,167.2,131.79,48.15,32.74,51.3,68.13,51.62
"3795","TRINITY_DN59245_c0_g1",-1.14532343387201,1.77331740419655,-4.64543841296048,0.000582379230921083,0.00872622003176778,-0.133248714187845,139.95,60.57,103.47,161.73,153.32,90.41,45.48,46.75,99.52,37.81
"3796","TRINITY_DN59381_c0_g1",-3.124484945004,-1.68972994796022,-3.70518447871083,0.0030646909509287,0.0255169544757205,-1.80086071423622,64,12,21,13.03,22,2,2,2,4,1
"3797","TRINITY_DN59406_c0_g2",-1.04009497179974,-0.553025589855712,-3.1901145319831,0.00787861038348378,0.0469372357977546,-2.34974012210594,32,13,18,29,31,10,10,7,17,15
"3798","TRINITY_DN5942_c5_g1",1.37264781955582,-0.977932068930621,3.34208787570749,0.00595374853178545,0.0394666735738795,-2.05606710983261,14.2,2,13.92,4.02,10.35,24.98,29.97,15.72,21.1,16.85
"3799","TRINITY_DN5944_c0_g1",1.49712425823316,-0.541621057732195,3.63680549666738,0.00347045508421344,0.0276839363603213,-1.59551748511444,14,2,12,8,19,44,28,45,19,26
"3800","TRINITY_DN59520_c0_g1",1.692813066968,2.29783296073394,8.87066075373187,1.40056147833964e-06,0.000279806672830205,5.76160214264936,85.66,20.47,91.9,75.87,69.11,287.88,204.86,284.28,213.29,240.77
"3801","TRINITY_DN5960_c0_g1",1.10427752021855,0.284162943152689,3.77837848957397,0.00268395537371417,0.0233486723606794,-1.43510197564781,18.88,8.29,16.93,25.34,39.85,42.24,48.52,41.78,46.22,55.4
"3802","TRINITY_DN59662_c1_g2",-1.12666210015815,3.33858558646931,-4.99992442961804,0.00032042357691083,0.00602707978003687,0.230503910541647,477.77,173,418.91,324.07,424.81,247.81,82.89,170.1,350.99,161.69
"3803","TRINITY_DN59673_c3_g1",2.96603266903462,-1.23439055223933,3.87688181984942,0.00224686844583235,0.0207943094714113,-1.3665666168965,5.81,3.11,0,3.41,22.96,43.2,14.84,36.35,39.86,19.64
"3804","TRINITY_DN59700_c1_g1",1.27795374857257,-1.0437532074436,3.37147604266054,0.0056404597258531,0.0380891412020973,-2.01030028006821,6.4,5,15,10.99,7.45,16.54,14.42,19.58,25.14,14.81
"3805","TRINITY_DN5975_c0_g1",-1.20979601596542,0.00713914929192121,-4.43750825338579,0.000833269739386187,0.0109754137942872,-0.321261796123983,70.52,14.6,37.83,31,42.16,19,12,23.46,16,14
"3806","TRINITY_DN5976_c2_g1",1.059712545795,0.680078675829155,3.29283732160499,0.00651888006302881,0.0416209328587436,-2.32556102992477,47.65,3.66,56.2,22.2,33.28,54.04,47.37,66.08,123.44,53.44
"3807","TRINITY_DN59789_c0_g1",-4.19537022323429,-0.31112392080327,-3.26248667210498,0.00689390145667439,0.0430993068319136,-2.18345605090382,232,28,229,25,59,6,7,5,3,3
"3808","TRINITY_DN5980_c0_g1",-1.50349056400443,2.329858232079,-8.9907031454484,1.21727561752106e-06,0.000255661002825478,5.90176013813096,311.51,88.32,193.79,189.88,247.27,78.14,65.81,82.75,105.18,70.46
"3809","TRINITY_DN59809_c0_g1",1.80824779605502,-0.186534061713631,5.32024203297249,0.0001895523722818,0.0043755064985632,1.0197970642647,19,8,10,19,9,57,35,35,41,38
"3810","TRINITY_DN5982_c3_g1",2.46957252376036,-2.57591457114627,3.22558177489595,0.00737944432946695,0.0450387539946094,-2.46115319222655,1,0,3,0,12,14,9,5,13,9.31
"3811","TRINITY_DN59826_c0_g1",-3.44979002386097,-0.833717558969465,-4.87425143141219,0.00039524563596846,0.00685936692798776,0.010193446079902,62,17,26,55,74,3,6,1,3,14
"3812","TRINITY_DN59827_c0_g1",-2.87043148436384,-1.84233365521672,-4.01900842857239,0.00174150640139175,0.0175796202833314,-1.45795229152343,23,9,15,32,21.12,4,0,2,7,2
"3813","TRINITY_DN5984_c0_g1",1.34029012265113,-0.46468057880766,4.41311884102788,0.000869344559199619,0.0112325356437451,-0.355537512676333,18,5,11,11,15,32,28,25,51,17
"3814","TRINITY_DN5984_c0_g3",1.26229738939763,0.804367338515386,4.81900535087986,0.000433741400248327,0.00726211062433126,0.258635492747886,25.8,18,25.56,34.7,36.48,67.69,46.95,80.62,115.59,52.23
"3815","TRINITY_DN59851_c0_g1",-2.87292226263457,-0.731457500879288,-6.32709190537765,3.99736694206112e-05,0.00174890167341951,1.86021032162897,64.52,18,35.99,42.05,45.28,2,5.04,4,14.34,4
"3816","TRINITY_DN59870_c0_g1",-3.69355102018045,-2.55600527213912,-4.98115797612424,0.000330578464132658,0.00615631926884337,-0.538247977615655,18,6,12,17,28,0,0,0,5,3
"3817","TRINITY_DN59892_c1_g1",-1.04042187717979,-0.119928224416923,-3.42109103343119,0.00514903131850789,0.0359510810019312,-2.01097203876165,38.22,18,34.2,26.4,47.15,13.04,5.83,21.02,26.32,18.06
"3818","TRINITY_DN5990_c0_g1",1.22933619693331,4.42559468674678,10.7387252328683,1.83458722465194e-07,0.000100249638891866,7.74318051871282,324.2,155.66,397.49,455.24,360.85,853.25,826.8,931.4,1016,787.45
"3819","TRINITY_DN59964_c0_g1",-3.97378475980083,-0.67193199591382,-7.25802238044824,1.07114563349788e-05,0.000809782990836756,2.25248684032222,92.02,22,53.01,58,99.01,3,1,3.01,11.01,3
"3820","TRINITY_DN59988_c2_g1",-3.12072810648148,-0.372918917737849,-5.96116232934931,6.9237496509959e-05,0.00242500109727564,1.62697301319387,102.44,29,39.13,49.1,73.38,15.06,2.01,5.01,8.03,4.01
"3821","TRINITY_DN60_c0_g2",-1.00872071960669,2.02476628871342,-6.68997179619679,2.36042586457521e-05,0.00130019247355745,3.01591710761044,160.11,63.17,154.57,165.9,147.05,64.19,69.99,90.43,94.02,66.21
"3822","TRINITY_DN6009_c0_g2",1.41223785482055,1.06939581023186,3.78508045649067,0.00265161499361445,0.0231685188376546,-1.50729902736422,87,3,30,32.01,48,89,140.99,75,129,78
"3823","TRINITY_DN60157_c0_g1",-3.19111109265592,0.116397959958429,-5.92136408795183,7.3582146243461e-05,0.00251208120422321,1.8064239956852,166,25,93,43,126,10,10,8,19,3
"3824","TRINITY_DN60184_c0_g1",-1.52484511762006,-0.842489420828288,-3.20424836544777,0.00767573056236333,0.046147063532869,-2.28347576892679,42.49,8,25.71,14.51,40.38,14.49,1.15,4.29,15.62,12.55
"3825","TRINITY_DN60238_c0_g1",-1.52888998786663,-1.61028245526088,-3.35571657664333,0.00580632333520182,0.0388312415576781,-2.06932788912155,25,7,16,10,14,5,3,6,3,5
"3826","TRINITY_DN60245_c0_g1",-1.83556589378227,-0.745240924104471,-3.18965783455092,0.00788525536930142,0.0469481003320436,-2.30774590940817,46.77,12.01,22.44,38.66,23.41,2.03,17.38,25.49,7.11,3.05
"3827","TRINITY_DN6027_c2_g1",1.15035417720576,1.4249144463104,3.31821679647786,0.0062211788156438,0.0405147260680197,-2.40003730589881,87.79,6.66,34.31,55.95,75.24,101.35,99.49,143.33,89.46,148.36
"3828","TRINITY_DN60272_c0_g1",1.03396329377286,2.09147055313494,3.87795503214052,0.00224253266550739,0.0207697475670842,-1.51842149523472,83.85,27,81,45,153.59,206,181,185,146,131
"3829","TRINITY_DN60369_c0_g1",-1.40500431292812,1.67396682063687,-6.13571905417219,5.31546205470402e-05,0.00206427138964694,2.24097101465478,124,47,138.02,178.65,147,68,59.11,59.72,42.64,37
"3830","TRINITY_DN6037_c0_g1",1.12690188390518,-0.551938137165248,3.69071324109921,0.00314630522014428,0.0259730019697151,-1.51785124800969,12.35,12,12.26,14.34,10.22,26.95,16.26,21.39,33.4,21.46
"3831","TRINITY_DN60412_c1_g1",-1.03458006273083,1.63605523667806,-4.5078875987217,0.000737657234068363,0.0101626191185304,-0.352934594141538,151.07,22.04,182.76,118.07,112.25,60.34,45.51,71.75,65.68,57.31
"3832","TRINITY_DN60431_c0_g1",-1.10096458486517,1.1999081225557,-3.78534526954209,0.0026503453930495,0.0231607029903793,-1.54594402402295,120.47,26.02,98.26,77.84,92.75,79.34,39.21,43.76,23.33,39.73
"3833","TRINITY_DN6044_c1_g1",-1.5578415057654,-1.46931998270926,-3.94047152728663,0.0020042826195363,0.0193621174631265,-1.21205792814438,17.12,7,20.26,15.59,19.43,9.02,1.16,6.48,6.24,3.01
"3834","TRINITY_DN6046_c1_g1",-2.75250348806722,-0.896445649669329,-5.74054726590327,9.72899141340131e-05,0.00293189732452271,1.1725285071038,66.75,13,37.5,26.03,34.16,4.24,5.14,2.1,5.19,9.53
"3835","TRINITY_DN60466_c0_g1",-1.23146872930106,-0.431409119750881,-3.9994919069605,0.00180329108743825,0.0180114936776324,-1.01586817759107,41.95,11,36.88,25.3,29.18,6,8.11,14.11,19.94,15.6
"3836","TRINITY_DN60475_c0_g1",-1.95178387346819,-0.910680855723412,-4.12837940082314,0.00143353501307415,0.0154859902007177,-0.838662204152163,31,8,26,32,30,8,17,4,3,10
"3837","TRINITY_DN60490_c0_g1",-3.13812505913009,-0.560812903327558,-4.15228778535331,0.00137407390633156,0.0150998959900624,-0.827359796798193,58,14,91,30,80,0,8,15,14,6
"3838","TRINITY_DN60491_c0_g1",-1.86334053527974,-1.54010237906828,-3.96650944725948,0.00191290326136243,0.0187340127807466,-1.20922881626414,22.17,4,18.96,15.78,24.36,1.05,6.3,8.45,6.32,2.11
"3839","TRINITY_DN60627_c0_g2",-2.12695260584068,-1.33396377470346,-3.2308775638114,0.00730770084479335,0.0447521483451651,-2.25156998619109,20,14,32,18,23,8,6,8,8,0
"3840","TRINITY_DN60702_c1_g1",-2.09940810295963,-1.56314399044641,-3.66391864778939,0.00330335315620908,0.026775459528695,-1.647967571858,13.96,4,27.11,19.83,26.57,5.6,4.6,1.52,2.08,8.26
"3841","TRINITY_DN60787_c1_g1",-1.67714103118921,0.170072321746243,-6.89971623605423,1.75468850448543e-05,0.0010985982986562,3.19806518371852,57,19,81,45,52,22,11,13,20.11,14
"3842","TRINITY_DN60811_c0_g1",1.93466266464619,-1.07290255013705,3.47053282422307,0.00470257489477348,0.0338866888199271,-1.86269601391953,13.6,3,12.4,1.09,9.66,16.09,14.42,36.93,33.32,23.2
"3843","TRINITY_DN60820_c0_g1",-1.55522355871701,-1.61834826771141,-3.44254808257294,0.00495020393032032,0.0350734586677475,-1.95210995534249,23.97,7,14.99,10,18.66,6,1.88,7.01,6.98,1.96
"3844","TRINITY_DN60835_c1_g5",-1.38544708141064,-0.0854070951727278,-3.96946655610951,0.00190280085795458,0.0186743162053557,-1.0832251276457,34.19,19,38.82,38.13,57.95,16.81,6.16,13.47,12.37,30.2
"3845","TRINITY_DN60949_c3_g2",-2.32582433845505,-1.42804888168444,-3.81867127647042,0.00249545473811558,0.0223317882853857,-1.44638152471568,31,9,40,11,25,2,2,2,12,4
"3846","TRINITY_DN6095_c0_g4",-4.80189907748626,-1.7459318973842,-5.15174126222314,0.000249395029691613,0.0051723251601651,-0.311665858134485,54.3,8.44,45.92,58.3,43.29,33.58,0,0,1.32,0
"3847","TRINITY_DN61013_c3_g1",-1.37091729465412,-1.3019203463169,-3.48808509517005,0.00455373447023052,0.0331741382807685,-1.83696640085742,22.56,8,23.66,10.27,21.38,5.55,2.05,5.18,10.24,7.28
"3848","TRINITY_DN61059_c0_g1",-2.59025304690687,-0.84540270313582,-6.34561033409384,3.88966928084445e-05,0.00171812388453412,1.89489228128213,51.16,11.01,46.26,28.69,40.41,9.18,1.03,11.2,6.13,3.06
"3849","TRINITY_DN61090_c0_g2",-1.03240778625017,-0.134016693244694,-3.21186570423031,0.00756858418149411,0.0457463719693519,-2.36757769079748,44.41,18.03,57.02,21.07,27.02,13.06,11.94,14.06,24.14,16.05
"3850","TRINITY_DN61179_c4_g1",-1.11012644987623,-0.278336545525342,-4.60020989543643,0.00062927404168879,0.00917450811920751,-0.0574117621263328,42.35,11,32.9,28.49,37.51,14.12,13.16,19.43,13.28,10.1
"3851","TRINITY_DN6118_c0_g2",-1.0407185154618,2.08210934902151,-7.20813578428834,1.14623202169433e-05,0.000849670286621629,3.72343816500091,160.8,51.08,184.31,165.16,178.1,63.92,70.38,86.86,102.92,78.72
"3852","TRINITY_DN6118_c0_g3",-1.09384343135605,1.7875113391121,-4.68643404559398,0.000543026530007517,0.00837948905152676,-0.0671935821595078,135.17,50,173.53,95.86,173.58,72.71,39.09,50.66,127.91,48.22
"3853","TRINITY_DN6122_c0_g4",2.30214978948652,3.76090509063389,6.05748480836165,5.98090169745554e-05,0.00220614526890373,1.93119729001858,272.84,72,100.27,102.88,252.53,888.1,675.49,1194.21,1263.04,359.01
"3854","TRINITY_DN6122_c0_g5",-1.48792624970008,0.281701052835351,-4.99969888109104,0.000320543661294958,0.00602707978003687,0.565300154358712,52.37,13,68.54,59.68,68.9,35.28,13.71,19.13,13.16,17.99
"3855","TRINITY_DN61322_c0_g1",-1.53540346506334,-0.787808421992131,-4.1871423659609,0.00129193091320226,0.0145070285558126,-0.726604005659171,37,11,29,15.04,34.75,9.01,3,12.24,7.94,11
"3856","TRINITY_DN61417_c0_g1",1.17104549170672,0.576278891772506,3.90674254144794,0.0021293921439742,0.0201206664010111,-1.24592782926665,47.4,13.23,31.88,14.46,23.99,75.17,40.31,83.51,57.42,44.9
"3857","TRINITY_DN6142_c0_g3",1.21062948699582,0.575916149693603,4.70463368289329,0.000526457191207303,0.00819865791744477,0.0882760365552127,22,11,39,30,23,52.01,66.98,70.01,63,48.01
"3858","TRINITY_DN61420_c2_g1",-1.44039061426371,-1.14115600593991,-3.19851149189379,0.00775743553107859,0.0464707318677043,-2.28062244788684,14,6,27,20,30,10,6,9,4,6
"3859","TRINITY_DN6145_c2_g1",-2.26532768124386,-1.45487936394689,-4.31141573899963,0.00103822555608613,0.0125999118783817,-0.774758683224283,19.99,4,34.2,17.83,36.63,4,1,7.63,6.16,3
"3860","TRINITY_DN6151_c0_g1",1.31074610296104,2.21966585518466,7.68085082760164,6.10589793944325e-06,0.000615052179387833,4.3380340885806,77,45,65.36,76.52,90.78,186.71,152.5,199.57,239.67,202.39
"3861","TRINITY_DN6152_c0_g1",1.68184528760863,9.18658064302825,3.41802948767047,0.00517805547153449,0.0360792788598862,-3.23237863579963,20154.11,4050.6,9393.9,9626.26,2817.76,67384.84,13904.68,35481.48,38696.44,16602.87
"3862","TRINITY_DN61555_c1_g1",-1.23449533910826,-0.70248236659228,-4.36730327667514,0.000941576301704956,0.011809964143343,-0.436157078435989,35,8,27,27,25,12,5,14,13,6
"3863","TRINITY_DN61584_c0_g1",-1.82737424283887,-1.25673025825261,-3.48932507552907,0.00454340295233189,0.0331301423595405,-1.83718945229742,41.61,5,14.44,16,29.25,5.61,10.61,3,4,7.7
"3864","TRINITY_DN61625_c0_g1",2.1567721855849,0.639682174711259,3.59208024467151,0.00376525019572734,0.0291614856262692,-1.77086586472864,7,6,29.44,30.73,49.36,55.96,101.36,115.48,184.76,41.42
"3865","TRINITY_DN61625_c1_g1",2.80066834272629,-0.853195934610404,4.39342486057492,0.000899659779983974,0.0114614228926211,-0.563590068366132,2.18,0,14.2,8.72,13.35,32.06,45.18,45.54,65.25,21.22
"3866","TRINITY_DN61759_c1_g1",-1.01360853293122,1.45010949031206,-4.14148688687689,0.00140061319828597,0.0152935568112753,-0.957602590644851,89.52,47.02,127.86,113.25,94.71,51.37,55.46,65.92,64.9,24.78
"3867","TRINITY_DN6176_c8_g1",-1.11527460799454,0.929508523234406,-3.54130535349801,0.00413113136858549,0.0310467817252262,-1.93432667943194,138,36,68,68,50,32,31,33,53,21
"3868","TRINITY_DN6180_c3_g2",1.98147364342125,-0.896696737507363,3.31375267154805,0.00627252659818297,0.0407058299931269,-2.09979065609323,14.01,5.22,3.51,3.27,16.35,20.68,51.19,18.32,40.84,14.55
"3869","TRINITY_DN6185_c0_g1",1.1541112915559,7.02454223952012,17.3351553685917,8.67443716003796e-10,6.82046062288481e-06,13.0656038161602,2685.29,972.8,2196.87,2232.93,2499.39,5415.5,4682.75,5362.89,5979.56,5058.97
"3870","TRINITY_DN6188_c1_g2",-2.1933468490349,0.533414098681416,-5.02594756330921,0.000306880860535442,0.00588795261840546,0.604630949589559,135.77,37.97,134.87,35.15,69.17,11.09,17.33,23.19,21.96,13.49
"3871","TRINITY_DN6190_c1_g1",1.73290766947279,-0.156797740626159,4.10118086702571,0.00150443159467596,0.0160137290308656,-0.852789255461907,15,3,16,13,16,30,91,45,37,36
"3872","TRINITY_DN61924_c0_g1",2.22248866736132,-1.12409209709919,3.55777095663557,0.00400866240626032,0.0304461114713114,-1.74155432285277,9,4,3,6,8,38,29,35,13,16
"3873","TRINITY_DN6193_c0_g1",-1.31452404756455,2.40114422543415,-4.46071352088889,0.000800392769052977,0.0106767450212753,-0.543810913337484,209.34,47,206.94,201.5,454.99,101.32,81.5,108.99,78.64,98.21
"3874","TRINITY_DN61933_c1_g1",1.6124954797195,0.481376777284793,5.03477751389218,0.000302423400968062,0.00584611887306551,0.618357390742271,38.95,15,12,13.58,29.58,67.67,40.67,57.82,89.37,62.01
"3875","TRINITY_DN6197_c0_g1",-1.12727040677398,2.80530075981125,-6.63399303497824,2.55732535935419e-05,0.00135196683466954,2.87260098399596,254,119,283,271,308,201,109,95,155,99
"3876","TRINITY_DN61981_c1_g1",-1.97212565486377,-1.24464248959099,-3.51783934054999,0.00431230281565489,0.0319812724310663,-1.80876941152338,26,13,22,11,40,4.08,1,11,6,6
"3877","TRINITY_DN620_c0_g1",1.16510749671307,2.50656927195274,5.19034660435583,0.000234117855178236,0.00497360702726765,0.681994618218768,114,36,99.32,84.71,127.2,197.54,233.4,179.08,244.95,339.11
"3878","TRINITY_DN6207_c0_g1",1.36013558198313,1.95074144999388,3.87275245524767,0.0022636317886689,0.0209055841589482,-1.49884381474008,41.21,35.06,62.61,47.42,137.7,187.5,107.81,146,333.11,112.59
"3879","TRINITY_DN6212_c1_g1",1.41373675477875,0.155193053844928,3.27488529141894,0.00673813182779308,0.0424450799107413,-2.28152067840374,26.12,13.31,15.76,5.83,40.37,40.33,40.98,39.59,45.44,68.14
"3880","TRINITY_DN62145_c0_g2",1.31689967469311,-0.938125551795213,3.92997148974332,0.00204239587792621,0.0196133531368876,-1.13479362375384,11.95,1,13,7.01,12.1,17.83,24,18.91,35.07,16.1
"3881","TRINITY_DN622_c0_g1",2.69640163059172,1.03500182657978,10.0486713079794,3.75128730667393e-07,0.000145757191968478,6.60593397831576,22.2,4,18.99,37.23,28.26,172.06,133.87,111.39,189.52,133.58
"3882","TRINITY_DN62307_c0_g1",-2.49164727577801,-0.0732431249508501,-9.07056912596114,1.10970026514127e-06,0.000242126402727715,5.19552121130978,63.02,25,81.58,44.24,64.04,8.19,6.1,11.17,12.23,10.1
"3883","TRINITY_DN62382_c0_g1",-1.12003526777743,0.885778288738392,-4.56636864457758,0.000666932382376725,0.00953943496571647,-0.166145186616586,77,28,71,66.87,92,32,30,50,45,15
"3884","TRINITY_DN6241_c3_g1",-1.38965676762396,-0.544581957475258,-3.3361606336301,0.00601904445490573,0.0397246640660024,-2.09660595555859,50,14,20,17,52,12,5,10,19,7
"3885","TRINITY_DN62435_c0_g1",1.04580371419961,1.33758391455502,5.66979880598454,0.000108659861962429,0.00312656889290947,1.56127264572967,45.84,26,40,46,56.81,107.83,82.03,94.71,115,79
"3886","TRINITY_DN625_c3_g1",-1.35122054936902,0.52457857102994,-6.4698154309031,3.24248469466218e-05,0.00154013034558462,2.70071541392892,74.38,23,57.45,47.82,81.34,26.78,21.02,17.6,28.08,21.63
"3887","TRINITY_DN625_c7_g1",1.02664535757946,2.35233706545142,3.96941574496087,0.00190297397874856,0.0186743162053557,-1.40125150031302,82.59,44,110.53,78.27,113.11,185.72,198.14,232.89,139.32,255.25
"3888","TRINITY_DN62517_c0_g1",-1.99290035255373,-1.44208295142813,-3.43686855715668,0.00500205935758898,0.0353273660313856,-1.94233437506321,23,6,24,12,27,6,5,10,1,5
"3889","TRINITY_DN62603_c0_g1",3.38948620713972,-2.41251161249718,3.93737609815308,0.00201544159141245,0.019442194561246,-1.60029920514601,0,0,0,18.54,0,15.25,18.72,10.31,16.71,16.67
"3890","TRINITY_DN62629_c0_g1",-2.26064962254456,-1.81431622800542,-3.47889046554722,0.00463109496840864,0.0335241327209023,-1.99985583581739,29.69,5,15,13.45,20,6,3,0,8,3
"3891","TRINITY_DN62716_c1_g2",-1.04823255731142,0.746580231195214,-3.68332934974366,0.00318880392507111,0.0262116965874988,-1.66086367614051,103.09,31,46.93,58.28,62.47,26.65,29.96,32.67,48.14,16.8
"3892","TRINITY_DN6277_c0_g4",1.77199274446971,-1.01692030314708,3.44751829174621,0.00490527372753785,0.0348912385817311,-1.88950744980252,5.93,10.61,11.96,8,5.19,33.94,10.46,32,18.51,16
"3893","TRINITY_DN6280_c0_g2",1.21565230038743,4.32114113503143,9.95002348406338,4.16863902459236e-07,0.000151643341873976,6.91840182113224,296.83,161.02,419.43,293.47,400.33,841.13,807.98,859.36,835.02,732.34
"3894","TRINITY_DN6283_c0_g1",1.18054735181139,4.11577823930622,6.14770624260228,5.22064933257347e-05,0.00204028262650472,1.98479856781798,233.7,130.06,325.88,325.44,384.04,569.12,543.35,683.57,1202.06,637.6
"3895","TRINITY_DN6291_c0_g1",1.20805062798575,3.43350742681132,7.07307724967443,1.37914460788764e-05,0.000946977928722643,3.43486844885765,246.2,94,175.87,115.38,237.13,436.3,348.66,438.43,605.2,397.77
"3896","TRINITY_DN62937_c2_g1",-1.61796341903714,0.811760089328277,-3.75960104792985,0.00277674214565133,0.0239266360605189,-1.52718440322562,82.1,33.16,137.38,44.4,98.99,13.26,23.37,11.81,60.23,47.63
"3897","TRINITY_DN630_c4_g2",2.79841421816096,-1.59860326054523,4.64803617600474,0.000579799210972398,0.00869600235101376,-0.546049825689131,6,1,4,6,2,24.02,24,21,32,11
"3898","TRINITY_DN63094_c0_g2",1.09074556092727,1.21912030646713,3.14356662126931,0.0085857859762352,0.0497144704107812,-2.68256497165283,21.85,16.06,59.57,48.7,69.01,119.37,86.05,96.38,125.65,45.86
"3899","TRINITY_DN6320_c1_g1",1.08493952850259,0.184672781596951,3.21657564976758,0.0075030901127713,0.0454734818051927,-2.38984773252569,26.16,4,17,35.39,25.61,55.42,19.65,56.34,70.2,37.43
"3900","TRINITY_DN63201_c2_g1",1.44820174065887,0.0646953111841511,4.63058070642741,0.000597367839736169,0.00887969893308353,-0.0100853924862205,16.76,3.8,22.17,15.61,26.07,37.19,33.48,75.39,69.75,31.33
"3901","TRINITY_DN63233_c0_g1",1.16238011631836,2.215694708353,5.45631182864943,0.000152324799308978,0.00381871652814836,1.15010629278355,75.37,35,75.89,97.54,94.92,263.63,140.44,233.39,187.2,136.72
"3902","TRINITY_DN63359_c0_g1",1.7480993055366,0.147625542481121,6.12346020059053,5.41431543471599e-05,0.00208063487026768,2.1781948970776,20.92,5.07,16.3,23.65,13.2,58.53,53.48,46.98,82.91,34
"3903","TRINITY_DN63384_c0_g1",-1.05395887433059,0.359951222127835,-4.74804869966519,0.000489031487525629,0.00782703895586639,0.164707490842805,53.81,21.98,53.53,47.76,47.11,24.44,17.89,24.8,19.53,26.36
"3904","TRINITY_DN63396_c0_g1",1.06416261028766,0.467920808757513,4.20192509789217,0.00125864571498983,0.0143077968290414,-0.735006213959144,29.38,11,29.36,16.03,35.95,38.88,41.85,58.64,62,65.61
"3905","TRINITY_DN6344_c1_g1",-1.08957283493373,5.59142662908189,-5.6394090018923,0.000113967716038587,0.00320464421370314,0.998154115787279,2259.03,972.53,2185.76,1191.02,1948.91,840.52,720.66,917.12,1526.67,617.62
"3906","TRINITY_DN635_c11_g1",-2.49859811993974,-2.29032761754637,-3.27803322582196,0.0066991528044281,0.0423221074492107,-2.38257759182931,17.77,4,10.7,13,18,7,3,0,0,4
"3907","TRINITY_DN63524_c1_g1",1.57252568206684,-1.07445596180407,3.2874968393253,0.00658333910016289,0.0418698380814626,-2.14064601335063,13,1,4,5,21,20,29,16,30,15
"3908","TRINITY_DN63684_c0_g1",-1.38668731587066,-0.272421624459557,-4.23497255268274,0.00118741337048089,0.0137846213198823,-0.638038967980125,52.78,15,35.71,20.43,50.46,12.18,12.78,11.41,23.3,6.02
"3909","TRINITY_DN63712_c0_g1",1.11916523438486,2.73643999581373,4.86048119973152,0.000404492957270055,0.00696115694690952,0.0954255279764897,152,31,112.93,100.25,181.98,291.99,164.88,412.99,294.84,245.99
"3910","TRINITY_DN6372_c1_g1",-1.59786587987554,0.312771360377883,-4.97451550295352,0.000334253328918009,0.00619060424535969,0.526093151346789,80.82,20,53.56,36.6,89.01,17.95,7.06,15.66,35.91,21.73
"3911","TRINITY_DN63758_c4_g2",-1.06947034608273,2.03303329348519,-4.02509140805872,0.00172269960149673,0.0174382385234787,-1.25468574376021,181.18,24.63,269.02,180.26,148.98,75.73,66.17,73.75,98.51,83.94
"3912","TRINITY_DN6378_c0_g1",1.12139392041675,3.68736060775282,7.84844228394301,4.91532343893498e-06,0.000550837371519704,4.45730378957109,201,120,285.16,236,200.87,530.01,484.24,550.9,599.89,385
"3913","TRINITY_DN6383_c0_g1",-1.4366051550178,4.32722242306935,-4.60868882472377,0.000620191225849821,0.00911582190282665,-0.59296851021243,878.98,418,756.68,911.91,951.15,299.4,410.32,725.08,188.35,238.13
"3914","TRINITY_DN6387_c0_g1",-2.56198912147439,0.496599235401779,-8.18468405786978,3.21193071222123e-06,0.000439756757468374,4.69210677285832,72,35,145.57,83.33,90.28,15,19.97,13,13,13
"3915","TRINITY_DN6393_c9_g2",-2.81304169193006,-1.89688786823548,-4.38969744898858,0.000905520234771459,0.0115029647653415,-1.03679832597232,27.52,6.15,19.12,13.53,25.16,0,3.09,5.58,3.55,1.13
"3916","TRINITY_DN63953_c0_g3",1.32820560195907,-0.0386236544637413,3.79462850487166,0.00260623116571408,0.0229211739097726,-1.37447033458874,10,5,18,25,30,38,28,47,48,42
"3917","TRINITY_DN63965_c0_g1",-2.16702719775566,-1.47705454188065,-5.04064456421517,0.000299499299421382,0.00580947670675297,0.112710374986088,26,10,22,15,21,3,3,6,3,4
"3918","TRINITY_DN64_c2_g1",1.27785998419924,6.95528613326556,10.6513705078981,2.00420279065708e-07,0.000107613490363038,7.51564197795703,2049.49,974.12,2819.4,2012.8,1812.73,5819.88,4351.02,5066.06,6893.33,4352.08
"3919","TRINITY_DN64035_c0_g1",-2.09952051548523,0.738271276442893,-3.27957502526943,0.00668014493016543,0.0422671983961323,-2.34020712795769,73.46,53.98,146.4,94.94,72.99,10.24,22.26,30.49,124.41,2.48
"3920","TRINITY_DN64059_c0_g1",-2.72914546284238,-1.93136574720158,-4.64985533262198,0.00057799959387333,0.00867533274732386,-0.777644806260517,28.07,8,24,11.26,17.06,2,2,2,4,0.57
"3921","TRINITY_DN64078_c0_g1",-4.20664872924589,-2.29763314123336,-4.26648380381075,0.00112338504968049,0.0133218321581853,-1.22814704064706,68.68,6,12.97,16.38,32.88,1.15,0,1.01,0.76,1
"3922","TRINITY_DN641_c0_g1",-1.35583092622622,4.75489200686644,-5.25482080077789,0.000210759679645686,0.00467792548481733,0.459027298133075,1475.08,507,1289.85,923.86,1114.44,697.71,295.1,304.53,975.65,297.4
"3923","TRINITY_DN64146_c0_g2",1.66034784329024,2.43661982438421,3.60413277668489,0.00368337328524837,0.0286955505447283,-2.05488117916163,75.98,33,57,183.96,65.88,329.93,263,534.99,208,115
"3924","TRINITY_DN64221_c0_g1",-2.63181287869049,-1.08097244274283,-4.07734933424336,0.00156953431777574,0.016459851401837,-1.00535844667613,32.41,15,44.74,29.96,19.97,8.24,8.84,2.02,1.11,8.91
"3925","TRINITY_DN64238_c0_g2",1.2283918849838,-0.180146338538153,4.19764241324206,0.001268196184332,0.0143715575679124,-0.700580939709067,16.3,5,16.49,13.91,22.5,44.34,42.9,34.56,42.16,18.81
"3926","TRINITY_DN64243_c0_g1",1.69432854105522,1.13807549872218,3.80694190955996,0.00254887946221502,0.0226102671264697,-1.47783096261221,24.39,13,33.62,58.41,31.67,268.68,98.38,69.39,97.04,69.47
"3927","TRINITY_DN64272_c0_g1",-1.21948175016378,0.87739643542829,-3.79632818784475,0.00259823633038755,0.0228834541333291,-1.47829772701196,96.25,28,95.15,47.22,89.51,25.21,19.03,24.17,93.92,22.43
"3928","TRINITY_DN6431_c6_g1",1.02196630189961,3.02181548127475,3.88748361594801,0.00220441314065311,0.0205524245818519,-1.66449451801217,158.91,19.58,314.36,165.64,156.4,374.64,243.95,372.27,398.25,288.75
"3929","TRINITY_DN64341_c1_g2",1.22964895000738,-0.244002490717149,3.16003118194904,0.00832862072361604,0.0487511301964018,-2.4309047116847,15.51,5,15.93,16.92,18.05,54,21.89,20.11,77.19,19.98
"3930","TRINITY_DN64427_c0_g1",-2.07759032567535,-1.73967271766602,-3.63216253604161,0.00349992688653847,0.0278409931163639,-1.7465518724269,16,5,19,11,31,1,7,5,4,2
"3931","TRINITY_DN6446_c0_g1",1.04802329477423,0.398919635936157,4.05258485031201,0.00164028091278678,0.0169371347496251,-0.98213310352227,29.47,17,18.29,26.35,22.83,43.02,47.5,43.6,52,52.87
"3932","TRINITY_DN64489_c0_g1",-4.61730551047601,-2.82811275865311,-6.94160158992886,1.6549215494155e-05,0.00106114325891286,0.977997613306331,16,9,16,21,27,0,1,0,0,0
"3933","TRINITY_DN64526_c0_g1",-1.42199582289926,-0.417816765517817,-3.76118866173384,0.00276877111490203,0.0238879528857022,-1.40598504094075,28,11,48,28,39,6,11,15,9,22
"3934","TRINITY_DN64545_c0_g1",-2.07970555697519,-1.71925487311824,-3.63234695662325,0.00349875138049466,0.0278405904381169,-1.74047049056392,21.27,8,17.17,12.16,16.25,3.04,10.11,4.05,1.01,3.04
"3935","TRINITY_DN6456_c1_g1",-1.67579333758548,-1.3365985389545,-3.4131364451122,0.00522478849057457,0.0363016080340768,-1.96104088556098,21.94,10,27.05,10.31,22.45,8,5,9.49,4.44,1.23
"3936","TRINITY_DN64597_c0_g1",-1.5343999748286,-0.660708449725386,-4.71885383996819,0.000513879292921036,0.00806584102167975,0.0894464361031355,35.27,12,24.8,29.45,31.27,16.8,5.15,7.14,7.41,10.61
"3937","TRINITY_DN646_c1_g1",1.10374084145018,5.09454269524107,11.339964249694,1.01403463402479e-07,6.88072643755633e-05,8.31240449702673,745.71,241,740.22,561.55,551.04,1513.88,1190.5,1404.1,1549.55,1110.93
"3938","TRINITY_DN64674_c0_g1",1.44657883137749,-0.78012780433245,4.75629337462473,0.000482244546695513,0.00776100503937875,0.120592274783829,12.84,3,10.07,7.03,13.71,27.47,15.3,28.05,24.96,27.67
"3939","TRINITY_DN647_c2_g1",1.18880956018229,2.87461002799616,7.37125534230694,9.19510731250155e-06,0.000761098507147917,3.8988817296293,112.55,42,128.78,182.52,141.44,312.03,266.89,340.42,357.87,239.51
"3940","TRINITY_DN64782_c0_g1",1.07765401562661,0.159052104402678,4.15945156943673,0.00135675943406139,0.0149655558296575,-0.782097211226056,20,8,28,20,21,43,39,51,35,45
"3941","TRINITY_DN6479_c0_g1",1.71675038832521,3.1643014675294,7.77434533633486,5.40784857257075e-06,0.000577722895603977,4.41728609931487,109,47.01,162.84,166.27,129.82,449.98,277.91,434.85,758.19,374.97
"3942","TRINITY_DN6479_c0_g2",2.57570212025436,-1.40648857956342,3.6511663938009,0.00338089562206446,0.0272181933339291,-1.684001594624,1.09,1,8,9,7.58,17.93,20.99,13.02,46.99,24
"3943","TRINITY_DN6481_c0_g1",-1.79911300277752,1.82553758958937,-7.29581695021313,1.01776074385946e-05,0.000789506160952686,3.84511856674802,188.35,57,144.01,213.26,205.09,75.43,39.54,57.92,35.62,53.41
"3944","TRINITY_DN64869_c0_g1",-1.85001205680431,-1.61522378649556,-3.49094995124702,0.00452990064230396,0.0330628877121324,-1.9063618581658,23,11,16,11,19,3,3,11,5,1
"3945","TRINITY_DN64901_c1_g1",-1.27745489772165,-0.214535219700464,-3.90166808211552,0.00214890010497095,0.0202329200415945,-1.18692821819165,53.56,21,36.74,27.13,30.8,10.83,7.71,17.3,27.67,8.97
"3946","TRINITY_DN64934_c0_g1",-2.09329030529599,-1.10322531617015,-5.61133668379095,0.000119114651443009,0.00329676893648718,1.03271109654897,36,9,22,30,26,7,2,5,7,6
"3947","TRINITY_DN6496_c0_g1",3.175314599927,-1.53054750693457,3.24796588891756,0.00708097034039295,0.0438859536864985,-2.31190755864461,10.22,0,0,23.16,2.13,20.36,28.67,35.51,52.55,9.44
"3948","TRINITY_DN64985_c0_g1",-4.54039742878767,-2.39035581997882,-7.01208924293271,1.50042643356054e-05,0.00100322291249106,1.05679825573815,37,11,24,21,23,0,1,0,0,2
"3949","TRINITY_DN65_c0_g3",-1.50560016927539,1.20075521524883,-4.95205979666342,0.000346997480113749,0.00632994075328286,0.444648031470511,139.43,38.82,78.56,155.6,80.47,24.48,32.95,36.47,56.04,30.92
"3950","TRINITY_DN65000_c0_g1",-3.68560236190195,-0.948206989836414,-7.33347426772046,9.67385374814083e-06,0.000782081246570376,2.15044965537877,62.4,22.07,43.23,37.42,60.21,1.3,3.03,6.71,3.03,2.02
"3951","TRINITY_DN6504_c0_g1",1.15345646934716,2.37664434918702,4.68548635632836,0.000543904128368842,0.00837948905152676,-0.143328274616457,102,12,153,103,116,239,232,241,245,165
"3952","TRINITY_DN6504_c0_g2",1.21629719199921,2.61215839795236,6.35920148256671,3.81259074763487e-05,0.00170101050205895,2.49786953831109,122.42,20.1,157.49,90.41,137.56,279.92,241.39,310.97,255.72,231.6
"3953","TRINITY_DN6504_c0_g3",1.04255045223989,3.97532250709156,9.36692626209632,7.91483728350515e-07,0.000202790611029824,6.28848306665772,268.38,110,370.86,246.47,336.08,661.59,525.83,604.46,653.17,611.64
"3954","TRINITY_DN6512_c1_g1",-1.08333259720707,-0.683865421587987,-3.71135333291806,0.00303056322009658,0.0253462302200357,-1.47632303014578,26.35,8,37.18,23.94,22.23,12.1,9.09,7.07,16.22,8.18
"3955","TRINITY_DN65130_c0_g1",-4.19249727506615,-1.62675734352674,-4.88742438181858,0.000386606708504598,0.00677417452801985,-0.567642789726686,44,13,64,17,50,0,1,3,2,3
"3956","TRINITY_DN6515_c0_g1",1.24419552122432,3.25438662487548,7.1208698320112,1.29142004444605e-05,0.000906752196526935,3.52225482638761,156.18,61,194.26,181.49,156.38,296.64,334.51,442.13,479.16,471.91
"3957","TRINITY_DN6515_c4_g1",-1.58234091455506,1.42107387204154,-8.68986207476618,1.73474216280784e-06,0.000311386218224007,5.4856334257089,108.31,44,141,128.55,143,47,44,34,47,32
"3958","TRINITY_DN65158_c0_g1",-2.35940179084874,0.926360025330087,-6.01425568264829,6.3860096542813e-05,0.00229904650378229,2.081535537102,190.67,50,122.17,59.17,129.29,28.79,22.72,11.12,46.18,11.37
"3959","TRINITY_DN6525_c0_g1",1.06823345939298,0.591788638810921,3.61258223502041,0.00362706099355068,0.0283965718561896,-1.76026985371599,27,21,37,17,30,69,29,56,89,48
"3960","TRINITY_DN65283_c0_g1",3.53413113096518,-1.74252928708628,4.91622712953401,0.000368400239792386,0.00657076198922595,-0.549068084997503,2,1,2,9,1,39,22,25,24,23
"3961","TRINITY_DN65292_c0_g2",2.83234220932925,-1.35204832286116,3.55637317459905,0.00401891336469644,0.0305052074300277,-1.83799167980475,6.3,2.74,8.6,0,8.29,44.97,25.62,14.83,21.09,37.98
"3962","TRINITY_DN6536_c1_g1",-1.52827805296391,-1.09169244880379,-3.15992798208152,0.00833020823197999,0.0487558007496019,-2.33940620238887,27.15,20,15.36,12.46,29.95,5.87,6,5.88,11.17,3.32
"3963","TRINITY_DN6536_c1_g2",1.24150074130122,2.69061287650971,5.56827567597251,0.00012749254638665,0.00341240128057341,1.26975250499413,108.01,51.69,131.54,135.67,85.83,265.06,155.97,346.29,304.67,293.57
"3964","TRINITY_DN6536_c1_g5",-1.84960736017263,0.510129687648348,-4.18538814715614,0.00129594091731578,0.0145406754877135,-0.760690399234619,80.98,39.57,71.25,34.99,121.79,10.39,13.47,11.89,57.37,20.78
"3965","TRINITY_DN6537_c0_g1",-1.28817701376986,5.26568442574622,-13.3070712576418,1.72976852171017e-08,2.6051157726478e-05,10.0911246239539,1729,572,1681,1533,1856,570,669,755,749,607
"3966","TRINITY_DN65413_c1_g1",-1.03181937357547,1.31974917933233,-3.33305988983,0.00605349184269458,0.0398667890681213,-2.36996153157143,111.36,16,83.75,120.28,154.89,42.37,26.27,42.58,82.91,58.28
"3967","TRINITY_DN65456_c0_g1",-3.52612554568608,-0.673562661344713,-7.35738417915411,9.3678705336298e-06,0.000769211794827889,2.65991392734325,78,21,71,42,48,3,6,2,5,8
"3968","TRINITY_DN65562_c0_g1",-1.81374704928763,-2.25133195276125,-3.31746583132211,0.0062297867604571,0.0405520633443712,-2.3046110427523,11.06,6,10.81,11.71,11.58,1.73,3.58,1.01,3.31,1.57
"3969","TRINITY_DN65597_c0_g1",1.84139630588979,-1.03232822949901,3.40186341263252,0.00533409509653614,0.0368395341090635,-1.96257537411205,11.35,3,4.15,14.53,6.08,11.35,16.24,38.6,35.27,20.62
"3970","TRINITY_DN65640_c1_g1",-1.81317880904272,-1.10742732404043,-3.70953102176101,0.00304060396088688,0.0254061181836053,-1.49246339309015,41,5,25.58,15.62,32.11,8.73,5,1.18,13,7
"3971","TRINITY_DN65959_c0_g1",-1.08461758046032,-0.269012753163958,-4.41529918837891,0.000866054345120595,0.011210511739265,-0.349929346878594,38.76,14,33.63,33.24,30.95,14.18,12.87,13.5,22.56,8.28
"3972","TRINITY_DN66035_c0_g1",-1.13549482214064,3.98052392647127,-6.13118816450645,5.35177346518102e-05,0.00207445893237914,1.97104314004209,550.07,234,897.14,659.04,558.49,252.03,242.4,229.04,490.41,286.73
"3973","TRINITY_DN66111_c0_g1",-2.35131072994731,0.160186385790457,-8.06958669031493,3.71020798797224e-06,0.000477287339252729,4.44611070572419,67.92,28,62.59,66.51,87.3,19.61,4.15,9.23,19.68,12.49
"3974","TRINITY_DN66111_c1_g1",-1.19373064243463,-0.0303443215332556,-3.64417855448263,0.00342417472357732,0.0274556474264968,-1.6395329651515,70.2,10,32.55,35.76,51.14,24.48,11.17,21.32,24.46,7.16
"3975","TRINITY_DN66142_c0_g1",-1.48189433758237,-1.62982854955299,-3.3987573773389,0.00536461859421149,0.036982305006892,-2.01034692237184,17.01,6,20.08,10.03,17,8,3.01,2,8,3
"3976","TRINITY_DN6617_c1_g2",1.17216120164364,0.32279986686477,3.47955170547103,0.00462548709152842,0.0334953180400724,-1.95095583291664,40.49,5.07,19.52,34.24,16,33.52,53.95,42.51,70.58,58.21
"3977","TRINITY_DN66177_c0_g1",2.97786551364839,-2.37562201051778,4.8303314250907,0.000425540734074593,0.00719379147321801,-0.682169928499817,2,0,6.32,2,1,11.29,8.85,13.95,18.6,15.51
"3978","TRINITY_DN66274_c0_g1",2.64415161058959,-1.8086285557257,3.9876584227028,0.00184185181535446,0.0182846729733934,-1.38402674473109,4,3,0,7,5,15,16,17,17,20
"3979","TRINITY_DN66372_c0_g1",-1.40244674200684,-1.1462320633907,-3.82407372158923,0.00247123655133743,0.0222181005492113,-1.31177035428474,20.35,6,20.67,25.52,22.95,5.16,2.05,7.29,10.26,10.3
"3980","TRINITY_DN66376_c0_g2",1.05997446752779,1.66602600255744,4.29373505807493,0.00107090590918652,0.0128901165848828,-0.720785795329675,52,37,57.89,67,51,135,133,148,109,86
"3981","TRINITY_DN66500_c1_g1",-2.03819721623654,-0.627976716739551,-4.65454891705606,0.000573383337261815,0.00863885046365469,-0.0210771172392912,55.13,9.06,40.6,35.03,28.88,20.78,4.73,10.68,4.11,6.2
"3982","TRINITY_DN666_c1_g1",2.17804538416079,-1.50885907410838,3.30999364543195,0.00631609704123614,0.0408774700976058,-2.15082020050972,1.06,2,10.12,5.47,9.8,17.11,20.91,25.26,18.9,10.63
"3983","TRINITY_DN66629_c2_g1",-1.4180484002448,1.04052871519003,-5.7068422578988,0.000102541070555609,0.00302085211100561,1.63096485802601,112.77,29,92.74,62.69,130.54,30.05,21.76,37.55,62.83,22.06
"3984","TRINITY_DN6664_c7_g1",2.29870897440285,-1.56503773400813,3.28281523053877,0.00664037616404227,0.0421364656640923,-2.21794826968846,10.73,0,3,5,5.02,11,37.9,14.5,19.58,24
"3985","TRINITY_DN66651_c0_g1",1.00575556813223,1.53591271297437,4.49005307479882,0.000760749548879613,0.0103559883474908,-0.365809564849705,70.59,25,61.54,55.93,39.99,109.43,103.11,143.51,133.13,69.88
"3986","TRINITY_DN6677_c0_g1",-1.22148024100361,7.6781875044356,-10.3265078108946,2.79945057894066e-07,0.000125261213295962,7.12396861925422,8371.17,2302.67,10006.86,8947.71,9235.79,3695.96,3482.11,3592.02,4063.2,3255.41
"3987","TRINITY_DN6682_c0_g1",1.33503059844778,0.658320724227387,4.46757134616707,0.000790937662150368,0.0105849195410622,-0.304841451869558,20,15,22,35,33,95,53,69,54,59
"3988","TRINITY_DN66940_c0_g1",-2.09087040491763,-1.30692848979148,-4.48632739350464,0.000765668068923665,0.0103885897428913,-0.465773282228912,21.58,6,38.45,21.36,24.59,4,1.04,3.19,9.51,8.04
"3989","TRINITY_DN66943_c0_g1",3.19381284327007,-2.39745292621714,3.53977354164663,0.0041427172981401,0.0310970712041764,-2.06278243932554,18.21,1,0,0,0,16.9,5.12,19.22,24.68,10.31
"3990","TRINITY_DN66992_c3_g1",1.31214191954747,-0.21111381650735,3.94809146584487,0.00197708364600574,0.0191830548355692,-1.109163873377,19.46,10.06,8.34,18.76,16.65,29.95,28.05,25.63,45.76,39.47
"3991","TRINITY_DN670_c2_g1",-3.75987921306552,-1.97888054791012,-3.66056186062983,0.00332358635070881,0.026900617378892,-1.90208651404594,18.61,34.79,14.63,21.27,38,0,1.33,1,2,1.33
"3992","TRINITY_DN6713_c0_g1",-1.00205916491293,2.00287203521291,-5.5764373594365,0.000125858050983393,0.00338774321365413,1.3591346425943,134.76,63,167.6,163.07,151.54,98,69.61,89.01,71.84,54.01
"3993","TRINITY_DN67181_c0_g1",1.21735099417311,4.26038035080965,6.57704040069425,2.77569443923675e-05,0.00141882102842708,2.62108341519408,338.45,94.01,474.44,379.74,289.42,1038.47,754.02,925.12,761.95,578.49
"3994","TRINITY_DN67181_c2_g1",1.8131988323755,-1.40296236381148,3.80052068918457,0.00257862360029374,0.0227756901832267,-1.4314969798736,6.56,0,10.01,2.99,15.78,25.26,13.85,19.96,19.02,17.36
"3995","TRINITY_DN6730_c0_g1",1.25721940892214,3.78884556698912,4.39598157333999,0.000895662807218054,0.0114257601660323,-0.884374311874884,248.51,103,116,370.18,326.08,456.95,440.67,638.31,842.26,543.29
"3996","TRINITY_DN6730_c2_g1",3.22116157131178,-2.15557499062488,3.88812298182455,0.00220187935427757,0.0205473245228852,-1.65011110556637,1.12,0,0,3.96,10.07,34.68,6.88,15.8,21.74,15.24
"3997","TRINITY_DN6734_c1_g1",-1.94984777236132,-1.61808635506311,-4.09139768116048,0.00153081225863343,0.0162079210127052,-1.09616576188175,22,6,27,15,15,3,1,3,9,5
"3998","TRINITY_DN67367_c1_g1",-1.48645571318014,1.23011584953146,-6.07374645992619,5.83564355700797e-05,0.0021714588250013,2.16767407974514,135.2,30,77,99,158.44,33,34.18,37.01,42.9,37.08
"3999","TRINITY_DN67458_c0_g1",1.20418155716214,-0.591388292771946,3.29911341929623,0.00644394441909925,0.0413760161772091,-2.16158304781806,12,8,13,18.94,8.31,26.66,26,16.54,37.62,18
"4000","TRINITY_DN67542_c0_g2",-1.03875835025745,1.89379856362542,-3.23538617512838,0.00724717693230193,0.0445538312640163,-2.64853783757924,190.73,24.25,196.32,120.12,172.68,55.45,129.11,49.72,119.86,44.89
"4001","TRINITY_DN67748_c0_g1",-1.31639455786633,-0.9380308007751,-4.11520657057219,0.00146742929169811,0.0157392433392001,-0.841113106827881,27.1,4,28,23.08,26,14.07,6,8.02,8,6.02
"4002","TRINITY_DN67822_c0_g1",1.66304680306519,-0.75530748258181,4.20167627396895,0.00125919855034725,0.0143077968290414,-0.707647262549956,14.72,3,6,8.01,14.51,26.01,17.18,26.98,56.03,17
"4003","TRINITY_DN67946_c0_g1",-1.42607326300816,-0.0480545346646822,-5.63899360232184,0.000114042140132098,0.00320464421370314,1.50431820968889,41,16,56,37,47,10,11,20,18,16
"4004","TRINITY_DN6797_c0_g1",1.26968309612072,1.77997116474103,3.22980274360407,0.00732220452055336,0.0448221697206947,-2.61778520096633,68.05,6,85.03,88.09,76.03,109.06,88.01,292.12,231.99,123.73
"4005","TRINITY_DN68018_c0_g1",-1.92494895648266,-1.22248398863986,-4.62821060402015,0.000599795859854616,0.00890721374562357,-0.232239124085211,29.9,11,29.83,12.36,25.84,5.25,3.12,5.19,8.2,3.1
"4006","TRINITY_DN68035_c0_g1",-2.03686653987251,-0.864782808654403,-3.91094447924729,0.00211337667286713,0.0200148439871472,-1.16782955716803,36.38,6,49.06,17.01,46,2,4,7,10.01,18.01
"4007","TRINITY_DN68036_c0_g1",1.74326839114884,-1.16112837293681,3.81967885822454,0.00249091947850224,0.0223041322445702,-1.33324368928188,7,4,7,6,10,31,8,19,21,26
"4008","TRINITY_DN68065_c0_g1",1.00823641900616,0.773503389154482,3.38923111922813,0.00545934622984897,0.0373853511146406,-2.17590461781587,44,14,18,30,51,73,66,76,53,55
"4009","TRINITY_DN68127_c0_g1",1.00399701626548,2.00919915753334,3.35191651344126,0.00584705327242805,0.0390022518597696,-2.45287443993192,108,37,48,76,81,114,137,253,129,163
"4010","TRINITY_DN68147_c0_g1",-1.89874641675286,-1.74833697468886,-3.82547668666054,0.00246498695328799,0.0221751537678823,-1.47723364679307,20,5,13,12,26,7,1,4,3,4
"4011","TRINITY_DN68190_c0_g1",2.47339473842217,-1.76905315730982,4.06634769737751,0.00160056555168042,0.0166710849277567,-1.26081682736304,5.01,0,4.58,7.46,2.8,12.78,13.1,28.06,26.97,10.62
"4012","TRINITY_DN68218_c5_g1",-1.88287641315575,-1.25542456714079,-3.42407975930952,0.00512085710499158,0.03581815637959,-1.93408563526432,25.06,1,34.3,22,33,13.81,3,9,3,4
"4013","TRINITY_DN68300_c0_g1",-3.4062583730206,-1.80308462050184,-4.60233708626141,0.00062698236899299,0.00916329167350986,-0.858276505685432,32,16,17,22,29,3,4,1,0,2
"4014","TRINITY_DN68388_c0_g1",-2.64761261348877,0.390004093598114,-5.75194328544751,9.55794265774589e-05,0.00291205916803195,1.67655312462975,104,21,128,47,154,9,4,26,24,14
"4015","TRINITY_DN68428_c0_g1",-1.16694710311982,-1.17982139824274,-3.52859628193156,0.00422826722965038,0.0315589320556572,-1.76431355146479,24,9,18,13,20,11,4,7,8,5
"4016","TRINITY_DN68643_c0_g1",-1.08713501125865,4.15040499458231,-3.36722726725432,0.00568469748006843,0.0382805800822286,-2.82461251210174,529.23,405.92,822.06,885.67,485.94,583.85,420.33,172.86,336.93,251.65
"4017","TRINITY_DN68688_c0_g1",1.41638748283785,-0.423620364036181,3.86339740597393,0.00230208725174025,0.0211657658755892,-1.23319138250258,23.7,3.02,14.23,4.85,22.76,36.77,25.77,26.59,43.57,30.54
"4018","TRINITY_DN6879_c0_g1",-1.12863091905387,4.77068985298936,-7.71273178812733,5.85761463551226e-06,0.000603306271143259,4.16491772433515,1393.89,372.81,1061.56,966.79,1190.49,390.2,592.67,539.48,636.47,403.17
"4019","TRINITY_DN68825_c0_g1",1.08897882607904,2.40734642958645,3.29275338442806,0.00651988821686628,0.0416209328587436,-2.63172020276488,84.73,28.06,125.59,119.01,103.37,360.37,236.12,145.9,322.32,100.1
"4020","TRINITY_DN69031_c0_g1",-1.75438299305599,1.10445971358204,-5.96199935718432,6.91490935538081e-05,0.00242494019906039,2.0079194108924,120.05,47,153.32,57.72,119.84,27.05,17,27.16,57.62,29.61
"4021","TRINITY_DN6911_c1_g1",-1.48709072339683,0.869042059591579,-3.89830919988855,0.00216191404532489,0.020312472015611,-1.2954001091206,72.98,33,97.86,50.19,139.05,13.27,32.16,45.94,53.22,15.01
"4022","TRINITY_DN69310_c0_g1",-1.55382302613725,-1.45730551191816,-3.64450164706663,0.00342216119826213,0.0274453081127894,-1.62068449930135,26.81,2,16.32,19.08,21.05,3.16,5.08,3.81,11.69,4.13
"4023","TRINITY_DN69338_c0_g1",-3.09669840125467,-1.62467506713676,-3.39546896247646,0.00539712784928995,0.0371405160412299,-2.16134529575342,15,15,34.01,37.98,20,2,3,0,3,8
"4024","TRINITY_DN69403_c0_g3",-2.58748287565987,0.0122716312584584,-3.66542461850795,0.00329431689582985,0.0267311700303858,-1.57444654390473,68.64,18.46,29.74,60.28,180.09,8.24,16.77,19.47,3.15,16.04
"4025","TRINITY_DN6943_c2_g2",-1.24007866505287,0.195890562189509,-3.54614240338846,0.00409476280964506,0.0308609073562752,-1.82920486211814,51.34,22.45,31.14,62.02,56.09,20.62,15.35,18.47,39.43,7.64
"4026","TRINITY_DN69531_c0_g1",2.43859320424512,0.600165192815342,3.19624504763753,0.00778995569325112,0.0465873301837162,-2.44450478835052,35.16,14,17.04,8.89,13.73,78.55,84.94,119.27,30.25,268.19
"4027","TRINITY_DN69582_c0_g1",-1.66047347486808,-0.0608241999030676,-5.1080541403502,0.000267956310025849,0.00539636084330378,0.72464436056251,46,23,41,47,47,7,19,17,12,15
"4028","TRINITY_DN69606_c4_g1",1.49751082707093,0.216404865854016,3.70009143746123,0.00309316395706416,0.0256578033343361,-1.55405335095228,11.23,4.78,31.62,30.22,21.12,68.18,51.49,28.2,90.56,40.02
"4029","TRINITY_DN6966_c0_g1",-1.38225251397844,4.69680733141062,-12.9240138212362,2.39571320747342e-08,3.14745742840572e-05,9.77412507264923,1048.54,491,1125.52,1131,1226,379,456,432,503,410
"4030","TRINITY_DN69662_c0_g1",-1.83687780623439,-0.674909758421049,-4.0881910501276,0.00153956286814726,0.016267099244072,-0.878835199542695,52,14,22,18,55,9,3,12,10,7
"4031","TRINITY_DN69698_c0_g1",1.0516563490392,0.0829866229770792,3.3801873187843,0.00555084876034982,0.0377061756432955,-2.10037330757082,22,21,20,11,21.96,28,30,48,46,35
"4032","TRINITY_DN6970_c0_g2",1.94405795639427,-1.66111902045026,3.44027949228208,0.00497085076833705,0.035175348755819,-1.97083023334678,10,5,1,5,6,11,12,13,22,15
"4033","TRINITY_DN6975_c0_g1",-1.53090314341504,-1.0124836807114,-3.62605792643882,0.00353906700199157,0.0280129463754155,-1.61129314913167,17.97,12,24,25,28,12,6,3,12,4
"4034","TRINITY_DN69754_c0_g1",-1.41540683422916,-1.08710311890118,-4.16655089208891,0.00133982377562748,0.0148311264283129,-0.79243488290944,19.13,7,21.59,23.84,28.4,7,3,7.07,12.64,5.13
"4035","TRINITY_DN6976_c0_g1",1.82762261985517,2.28780612406488,6.32005944915444,4.03909167956396e-05,0.00175267626865577,2.48129416823439,95,11,145,55,68,248,204,252,460,201
"4036","TRINITY_DN69785_c0_g3",-1.01954272646824,0.860279022560945,-5.23144702633251,0.000218930681689277,0.00478532096741574,0.907966977616173,86.63,21,80.65,49.82,88.7,34.49,27.23,40.73,40.67,25.42
"4037","TRINITY_DN69812_c0_g1",-1.03429012002935,0.455324458021609,-4.95170661283858,0.000347201946780715,0.0063316673980554,0.484823029382845,54.64,14,65.95,47.69,68.68,27.47,26.19,25.4,27.35,18.21
"4038","TRINITY_DN69964_c0_g1",-1.30455702751142,5.20310095986804,-3.85960991907278,0.00231784709779232,0.0212568576554998,-2.06490784866781,1099.99,403.08,2286.6,1717.05,2060.75,951.57,551.46,930.28,322.28,708.07
"4039","TRINITY_DN69965_c0_g1",-1.2522927979865,-0.458755773939159,-4.77799167470065,0.000464849792019758,0.00758951479577896,0.207825055112507,41,11,28,32,31,13,6,15,17,8
"4040","TRINITY_DN69969_c0_g1",-3.07012482584883,-0.609915827247497,-8.02618837489757,3.91904911950138e-06,0.000493781036396344,3.46676579351932,60,22,62,35,57,4,3,4,11,6
"4041","TRINITY_DN6997_c0_g2",-3.40032934199087,-0.183619805998781,-6.34556959139397,3.88990281560326e-05,0.00171812388453412,2.17020834175095,146.87,23.17,75.48,43.04,78.29,4.01,7.03,7.03,5.01,13.12
"4042","TRINITY_DN7000_c3_g3",-2.2907171988179,-1.23313953090911,-4.18531658395782,0.00129610477884911,0.0145406754877135,-0.849965959821038,35.11,6,32.43,16.71,29.45,7.25,6.96,1.01,2.36,12.07
"4043","TRINITY_DN70005_c0_g1",-2.8442725334013,-1.42877940713087,-4.26475354078705,0.00112680601958277,0.0133495813693778,-0.946268136174759,39,8,29,20,36,0,2,12,10,2
"4044","TRINITY_DN70016_c1_g1",-2.21583129275818,-0.660932568939531,-4.00661645506785,0.001780478083352,0.0178620569765751,-1.01330674949986,58,6.55,26.14,57.46,51.81,13,3.98,5.2,21.89,2
"4045","TRINITY_DN7004_c0_g1",1.02953784689154,2.92087866760753,5.77922010872182,9.1613225662462e-05,0.00284067143636123,1.56903259684627,134.24,68.55,156.97,153.24,118.54,327.01,299.24,279.31,258.79,291.14
"4046","TRINITY_DN70052_c0_g1",-3.01918472510138,-1.73654023250425,-4.76239826141426,0.000477282640089798,0.00770691643835377,-0.57841301737374,21,6,33,16,35,4,1,3,1,4
"4047","TRINITY_DN70136_c0_g1",-1.64143823113262,-1.57831173897164,-3.4488922504895,0.00489292666367539,0.0348194578343469,-1.93472898049966,27.25,5,13.49,10.24,24.46,4.24,2.07,2.12,8.04,6.2
"4048","TRINITY_DN70209_c0_g3",-1.1647627263886,2.29041824477586,-7.01004166189225,1.50469064125165e-05,0.00100336541809943,3.44599596775732,213.29,76,196.3,174.06,208.73,79.8,102.49,98.41,75.28,86.72
"4049","TRINITY_DN70238_c0_g1",-2.14809356277733,-0.278737681485573,-6.2339969434683,4.58891270126661e-05,0.00190555602876806,2.19919294653788,53.36,19,47.27,43.54,51,20.15,10.92,4.14,14.63,4.13
"4050","TRINITY_DN70269_c0_g1",-1.20515692040173,0.574420361991783,-5.30844380558985,0.000193204026094969,0.00442383195027761,1.03717295293588,91,23,52.88,51,63,31,27,20,29,19.72
"4051","TRINITY_DN70289_c4_g1",1.19070645457267,2.06460796320129,6.04131814778647,6.12911754177797e-05,0.0022471520050255,2.07342055937733,63.93,28,79,106,69,200,177.01,142.84,200,142
"4052","TRINITY_DN70311_c0_g1",-2.18464881127383,-1.15284257606428,-5.01387675665401,0.000313086303486514,0.00595394304517563,0.253317167598655,31.97,15,23,27,20.83,7,3,5,4,5
"4053","TRINITY_DN70338_c0_g1",2.52045738899278,-2.37567432888803,3.19656617099354,0.00778533969324851,0.0465800377725904,-2.48419787731327,15.4,0,0,3.81,1,14.75,14.63,7.2,11.92,10.06
"4054","TRINITY_DN70405_c0_g1",1.79444864780256,-0.0395664445431853,4.31229589660795,0.00103662604318095,0.012583552160912,-0.515447581433323,9.72,4.39,19.1,13.31,27.38,66.19,33.9,45.35,92.6,23.27
"4055","TRINITY_DN7064_c0_g1",1.14732433240475,2.44245987310819,5.90604747113764,7.5330383063564e-05,0.0025418035483109,1.8289306407817,92,41,143.74,92,83,278,196,236,260.93,143
"4056","TRINITY_DN7065_c0_g3",1.39301460869251,-0.356274554289924,4.56381400454594,0.000669869071026618,0.00957234849213407,-0.119617652213971,12.73,2,15,19,15.62,34.01,40.66,27,33.03,35
"4057","TRINITY_DN7065_c3_g1",1.43529573066597,-1.27047873790372,3.67090163735044,0.0032616661991223,0.0266016859679572,-1.558422180854,7.02,3,6.07,7.03,11,25.12,10.8,12.06,18.34,18.31
"4058","TRINITY_DN7065_c4_g1",1.49440815223666,-0.305534609208318,3.6339577988977,0.0034885009572774,0.0277909891768759,-1.60939100511525,37.19,0,9.15,15.87,19.34,38.99,46.05,34.92,42.22,39.1
"4059","TRINITY_DN7066_c0_g1",-1.5991024812512,0.472511657922545,-4.17319121521309,0.00132418140083813,0.0147351870857727,-0.782031061972162,61.32,47.33,47.8,48.62,86.06,15,20.8,32.16,12,23.97
"4060","TRINITY_DN70751_c0_g1",2.21518035831014,-1.70632770898524,4.031214718284,0.00170398005599965,0.0173225815768631,-1.24553909862401,4,0,7,7.12,4,13.25,9,19.38,20.33,24.04
"4061","TRINITY_DN70774_c0_g1",-1.24697294103145,-0.890853200703638,-3.21573875452108,0.00751468560561625,0.0455096907390734,-2.26572194329775,35,13,20.03,18.58,19.24,12.04,8,4,14,5.99
"4062","TRINITY_DN70823_c0_g1",-1.53528285447413,2.37759186104075,-9.78659722681697,4.97394019053277e-07,0.000170628254936121,6.75840324023136,223.6,96.42,273.39,203.4,260.77,113.59,71.22,82.75,74.51,71.95
"4063","TRINITY_DN709_c1_g1",2.38092403495767,1.10383772342989,4.36917803421274,0.00093850129768625,0.0117893715052526,-0.485182197705906,59.61,6,7.9,106,17,115.45,109.31,117.45,207.96,135
"4064","TRINITY_DN7102_c2_g1",1.01773346075831,3.89291106878282,6.57292779423205,2.79221316544061e-05,0.00142372897225125,2.65458670318347,321,110,249,280,290,493,659,647,552,524
"4065","TRINITY_DN7113_c5_g1",2.0150213027044,-0.376024715377752,6.27602009666876,4.3111308195673e-05,0.00182081878144078,2.19814046618167,12.14,1,10.89,19.5,11.86,44.53,32.3,33.27,65.38,37.44
"4066","TRINITY_DN7115_c2_g1",1.08538078457447,1.51910697543918,4.86229708274593,0.000403260637584946,0.00695157393902715,0.26370895614205,52.98,15,87.52,50.06,51.67,141.18,73.74,109.65,176.23,89.8
"4067","TRINITY_DN712_c0_g2",-1.29217999907242,0.641574816910827,-5.32234856602991,0.000188908070833773,0.0043704367020771,1.05744483540409,56.16,26.21,70.57,75.62,69.49,25.77,25.74,34.93,21.57,20.6
"4068","TRINITY_DN7121_c0_g1",1.39300682441319,-0.0264729363282151,4.52045185098462,0.000721828721596846,0.0100250742017908,-0.184127694252624,15,7,17,16,21,47,45,49,29,39
"4069","TRINITY_DN71259_c0_g1",-2.63763048246866,-2.44644910106156,-4.15578548125641,0.00136559173545413,0.0150414838531612,-1.39362619685273,19,6,12,11,12,1,0,6,2,1
"4070","TRINITY_DN71394_c1_g1",1.2844751085977,-1.01821533931819,3.4610673664215,0.00478488809393178,0.034307625409208,-1.86800547274414,19.87,2,10.32,6,7.69,21.57,19,25.14,20.16,13.41
"4071","TRINITY_DN71528_c0_g1",-2.44598385144378,-0.870687745087548,-4.33738274512666,0.000992096574078893,0.0122511452407018,-0.578172993583905,21.87,24,53.04,23.69,37.4,6.35,5.38,3.08,5.26,7.31
"4072","TRINITY_DN71595_c0_g2",-1.14467881907029,-1.27513277946366,-3.32265373821928,0.00617056575676628,0.0402982648703125,-2.08597225229287,18.76,5,16.49,15.31,24.31,5,3.04,5.16,12.65,8.24
"4073","TRINITY_DN716_c5_g1",1.21803590917972,-0.34519732864956,3.24227177603193,0.00715571995374498,0.0441939783660577,-2.28133379700627,18.5,7,15.17,10.44,15.4,31.03,21.73,50.57,51.85,12.29
"4074","TRINITY_DN71630_c0_g1",1.59288863459115,4.64475396675535,9.60894452687243,6.04297129207662e-07,0.000180451884680174,6.5252114181157,427.28,181.93,485.77,335.46,302.57,1245.43,1049.56,1463.12,1365.96,771.96
"4075","TRINITY_DN71630_c0_g3",1.37294600628262,0.662644396903835,3.6923441770255,0.00313699676654336,0.025934298613003,-1.62422334804446,31.71,21,15.29,30.2,25.63,64.88,51.58,78.56,44.84,95.56
"4076","TRINITY_DN717_c11_g2",-1.27235769708482,0.883492344608008,-3.94421161368005,0.0019908846589796,0.0192745603516263,-1.2206546640115,69.34,36.44,90.39,48.18,116.26,19.75,19.24,45.19,61.61,21.22
"4077","TRINITY_DN717_c22_g1",4.2300505014896,-1.07410588118844,4.06239402035906,0.00161187175747408,0.0167445924092378,-1.26541635499526,0,1,6.41,28.32,0,61.97,17.6,62.4,68.84,67.82
"4078","TRINITY_DN717_c8_g1",-1.86103480108018,2.17785109594282,-9.87113315524214,4.53832585065366e-07,0.00016105318656676,6.81912623707418,265.35,77.83,225.81,235.02,237.42,52.12,53.38,51.94,71.23,99.65
"4079","TRINITY_DN7170_c0_g1",-1.18099951599535,2.5975210107821,-5.42730220428422,0.000159558678324658,0.00392719485010764,1.04943770217144,357.66,60,290.49,190.78,266.89,162.06,63.34,127.26,136.82,88.93
"4080","TRINITY_DN7181_c4_g1",-2.25775914751837,-1.10174498542708,-5.5081152187702,0.000140254444109276,0.00360250890801147,0.898119775695118,27.66,7,38.9,22.04,37.22,10.32,4.39,4.5,4.51,3.15
"4081","TRINITY_DN71866_c0_g1",-3.0466744108262,-2.78001031675737,-4.48538238586084,0.000766920900347429,0.0103980019668763,-1.06765176945754,13,4,11,17,11,4,0,2,1,0
"4082","TRINITY_DN7194_c0_g1",1.61512320604953,1.6507357698265,4.11977828756351,0.00145557298996633,0.0156528598022364,-1.00960350554643,49.02,35.01,77.76,31.09,35.25,208.49,110.53,77.17,292.08,107.86
"4083","TRINITY_DN72_c1_g2",2.39943016592748,0.793097689001793,6.42195649064073,3.47716047847837e-05,0.00160950303766928,2.63172719957331,21,7,20,32.6,17.33,129.11,98.55,64.09,104.9,161.82
"4084","TRINITY_DN72016_c0_g1",1.79040494319948,-1.42328525223657,3.55653267675494,0.0040177422666437,0.030503817715568,-1.76459213923482,13,3,4,3,7,21.68,24,12,17,13
"4085","TRINITY_DN72022_c1_g1",1.09541027937437,1.41587479372798,5.74455136319419,9.66852572066069e-05,0.00292095414339219,1.67112133336551,40,22,56,42,65,105,108,97,116,93
"4086","TRINITY_DN72062_c0_g1",-1.09929271046122,1.70072567774746,-4.21277898649948,0.00123477404138431,0.0141272609796921,-0.869304721061714,199.4,49,90.19,105.84,146.11,56.65,41.44,57.44,59.77,86.84
"4087","TRINITY_DN7208_c0_g2",1.81067471728983,1.82033218150963,3.33940362272225,0.00598322943799491,0.0395813639744279,-2.40652300225889,35,4,163,159.05,28,218,144,306.3,171,156
"4088","TRINITY_DN72097_c0_g1",-2.69521083879466,-0.532581555789203,-3.46910028534548,0.00471493926045772,0.0339480025017191,-1.85662113697512,21.13,6,103.27,71,79,6.04,4.02,9.01,5.01,12.66
"4089","TRINITY_DN72131_c0_g1",-2.11699702008213,-1.04467671849521,-5.67678658572546,0.000107476740549705,0.00310712176726435,1.15308674752528,37.39,8,22.11,34.69,27.65,6.24,4.08,4.55,6.3,5.43
"4090","TRINITY_DN72156_c0_g1",2.23770907169929,0.257309407062174,8.27747693641473,2.86242045209469e-06,0.000407255156857012,4.70281725357576,16,8,13,17.01,15.99,95,55.96,49.04,83.04,58.06
"4091","TRINITY_DN7219_c0_g2",-1.1017496697566,3.35359997308172,-8.09921146383566,3.57450854871724e-06,0.000469614369928068,4.80700645198712,448.64,132.69,526.31,300.32,444.84,218.87,150.99,178.31,244.06,175.32
"4092","TRINITY_DN722_c1_g1",-1.08318469907617,3.52952052809637,-9.71965775350989,5.35075166668857e-07,0.000173893796797203,6.70403885287888,470.59,203,460.96,377.6,486.67,210.79,220.99,231.83,228.96,185.39
"4093","TRINITY_DN7225_c0_g3",2.09343316945352,-0.155973156101739,3.30971011188823,0.00631939585653601,0.0408896631404575,-2.15491558540476,20.65,2.56,2.24,21.68,27.06,26.61,68.16,50.72,43.62,71.83
"4094","TRINITY_DN72254_c0_g1",-3.83013524895797,-0.801997180558139,-4.82544188726505,0.000429060903312883,0.00721701243741866,-0.190725383882619,83.3,27.21,42.32,75.3,50.11,10.3,7.18,1.01,9.27,0
"4095","TRINITY_DN7228_c1_g1",1.69635808853648,0.803070338436026,4.37106982504329,0.000935408946789604,0.0117588826641621,-0.465106719335333,28.96,1,21.94,60.12,45.53,135.24,84.04,78.19,108.18,67.31
"4096","TRINITY_DN72287_c0_g1",-2.40636362629421,-1.38640671262502,-4.09855816845758,0.00151145727402708,0.0160682746166023,-1.08651739585565,26,19,16,26,24,8,1,2,5,4
"4097","TRINITY_DN7230_c1_g1",-1.38875520129824,-0.530708532866097,-3.65297774036544,0.00336976876973883,0.0271640315918842,-1.57429991379353,33,18,31,18,42,6,12,8,23,7
"4098","TRINITY_DN7232_c0_g1",1.30307442223424,-0.60697051475304,3.92149572329878,0.00207370630128051,0.0197847986235274,-1.13577271023101,18,1,11,15,13,22,30,38,33,19
"4099","TRINITY_DN7235_c0_g1",-1.31798560228061,4.37223060114811,-3.24468540115757,0.00712393813409742,0.0440608919652725,-3.07915942117366,1072.8,386.09,695.98,765,1150.48,400.85,75.45,440.28,836.17,438.01
"4100","TRINITY_DN72394_c0_g1",1.95089478997769,-0.570325250827249,4.0182480271698,0.00174387221738983,0.017600624661554,-0.983308980040769,7.03,7,4,15.02,20,30,40,29,27,34.28
"4101","TRINITY_DN72462_c0_g2",-1.59864069979277,-2.15322214363261,-3.21911371542078,0.00746803461794402,0.0453307883186239,-2.37329748364719,11.26,4,13.34,9.31,12.51,6.14,1.03,3.04,2.05,2.06
"4102","TRINITY_DN7250_c0_g2",1.24928332448813,1.41393852421032,8.31835344797142,2.72159036652475e-06,0.000395418263416872,5.07138140079359,52.75,15.35,54.3,43.2,49.94,111.79,103.01,124.17,119.61,98.02
"4103","TRINITY_DN7258_c3_g2",-1.40342630716891,0.808055113069531,-4.78798302742666,0.000457062203026824,0.00751402473708742,0.206301438984162,96.23,20.05,70.46,81.38,89.93,42.61,12.83,38.03,20.62,38.14
"4104","TRINITY_DN7268_c0_g1",-2.87746081607215,-0.916281109466956,-3.76036963238825,0.00277288032681584,0.023913381902266,-1.44555647915764,58,12,77,40,16,6,3,4,3,9
"4105","TRINITY_DN72739_c0_g1",2.86749616147479,-1.60740216620842,3.55967070733001,0.00399477294367126,0.0303686861050749,-1.89419245581273,7.93,1,2,4.28,2.91,59.05,21,17,23,10
"4106","TRINITY_DN7288_c0_g1",-2.10539164305588,3.10293818147169,-7.72822828546342,5.74084974939481e-06,0.000597784132083694,4.36387335199404,467.45,142.1,756.9,276.56,698.47,111.28,99.2,107.26,131.23,120.67
"4107","TRINITY_DN7295_c0_g1",1.08205905544759,1.29402981488302,3.51984868604289,0.00429647693573305,0.031886881950438,-2.02512974141977,58.56,15,60.42,57.17,29.31,143.91,82.14,107.19,129.35,46.5
"4108","TRINITY_DN7312_c0_g1",-1.11656901808346,2.60059008658829,-3.46049794618881,0.00478988641025139,0.0343354894427911,-2.37140211504267,411,70.74,231.27,194.93,222.38,72.89,181.18,59.21,182.15,128.9
"4109","TRINITY_DN733_c0_g1",-1.34911671332915,5.09001762764548,-15.2723753203797,3.67132679720026e-09,1.00255782514035e-05,11.6265811057094,1711.37,555.51,1494.43,1370,1520.79,647.96,458.99,639.08,705.98,465.92
"4110","TRINITY_DN7334_c0_g2",-1.51191975232832,1.47337467877249,-5.73874133732752,9.75639344105177e-05,0.00293774144575487,1.66040007953704,123.82,35,130.54,111.07,200.17,46.07,19.27,42.47,77.22,49.13
"4111","TRINITY_DN7334_c5_g1",1.13669111064622,1.77024630784919,6.91539566429118,1.71661072393945e-05,0.00108651320152351,3.3392689416889,56,17,85,67,69,151,109,137,166,134
"4112","TRINITY_DN7334_c7_g1",-2.82573790204982,-0.54328345339567,-3.23940398348277,0.00719366842597095,0.0443621415119771,-2.22160492023053,47.57,4.05,79.34,46.89,103.93,13.61,7.2,0,18.01,14.85
"4113","TRINITY_DN7339_c1_g1",-1.39802262796288,1.51747267656098,-5.63179298047631,0.000115340418396092,0.00323141567836745,1.49333733030053,183.83,52,92.6,97.36,150.31,57.42,37.22,55.21,59.26,28.14
"4114","TRINITY_DN73425_c0_g1",1.03652703395948,0.535514843787851,3.53599723126003,0.00417142148823525,0.0312555435087429,-1.88401447867005,33,10,42,17,30.47,49.01,43,99,61,38
"4115","TRINITY_DN73432_c0_g1",-1.24229256436688,-1.49569691079514,-3.15587101773894,0.00839285801458275,0.0489676036516699,-2.34772741237348,15,5,19,11,21,3,6,6,9,4
"4116","TRINITY_DN7346_c0_g1",-1.29275209450642,3.09006856454639,-5.0478237402905,0.000295961603548937,0.00576702411457171,0.353475183475282,657.73,120.24,281.17,260.47,408.52,128.24,124.46,146.75,242.84,123.25
"4117","TRINITY_DN7347_c0_g1",-1.06610139805753,2.45009466138581,-4.31700547373436,0.00102811073518795,0.0125115848790669,-0.805724484389858,299,105,239,161,155,126,129,95,113,58
"4118","TRINITY_DN7360_c0_g1",1.22429265862941,1.28777041943152,3.54831230412114,0.0040785542506032,0.0307913642091021,-1.97178742944149,36,29,36,50.8,42,145.9,145.69,72,78,73
"4119","TRINITY_DN7363_c0_g2",-1.50706136841604,-1.55129868417315,-3.198075144554,0.00776368581436865,0.0464977761072391,-2.29642088445532,16.93,10.28,12.28,15.09,17.54,4.22,3.19,1.36,7.14,7.69
"4120","TRINITY_DN738_c0_g1",1.04559414254545,4.25267816399855,5.58376614809157,0.000124409214001429,0.00336930708164923,1.06786379880617,354.85,149.18,313.8,389.43,378.19,864.52,961.26,688.69,719.24,514.97
"4121","TRINITY_DN7380_c0_g2",1.5599589962938,-0.55582512561294,4.12753215840613,0.00143569040846399,0.0154998823775721,-0.808288132454979,9,5,15.08,7,19,22,19,44,34,34
"4122","TRINITY_DN7380_c2_g1",-2.58325789251579,-2.35321291942345,-3.56213459475389,0.00397683215388082,0.0302937863111069,-2.05340763872057,15,5,11.7,11.65,18.37,0,3.54,5,0,3
"4123","TRINITY_DN73810_c0_g1",1.04758768966685,0.0478998239177818,3.87592427229064,0.00225074423026277,0.0208270575049102,-1.24806993190872,16,5,29,21,24,49,36.71,46,44.58,25
"4124","TRINITY_DN7388_c0_g1",1.05614567980457,2.16181142908329,7.3767961828387,9.12705079725937e-06,0.000758106793454897,3.94534459891372,90.59,35,76,75.94,97.69,201.73,147.68,152.88,196.75,176.77
"4125","TRINITY_DN73887_c0_g1",-1.27888637563222,-0.817556011095539,-3.92666631708764,0.00205454715017159,0.0196780172838212,-1.12897017854331,22.03,9,30.04,18.04,32.03,7.02,7.02,6.01,11.02,14.01
"4126","TRINITY_DN73931_c0_g1",-2.22759836212028,-0.750869366646968,-4.64849553894585,0.000579344230011308,0.00869128948365846,-0.0733161440567907,49,16,25,32,33,14,12,5,3,5
"4127","TRINITY_DN7394_c0_g1",1.12725583513615,3.51447663711932,6.37845603625981,3.70615996591566e-05,0.00167214169094312,2.4145177524111,235,85,203,247,165,598,408,486,522,305
"4128","TRINITY_DN73958_c0_g1",-1.82360291514636,-1.8221175719067,-3.18820847896262,0.00790638106886022,0.0470421293351302,-2.36601710972958,20,11,12,14,12,1,2,8,4,3
"4129","TRINITY_DN7402_c2_g1",-3.29633739493438,1.51181791140679,-11.7242793152116,7.03764753556091e-08,5.79414213367753e-05,8.15681207593153,321.42,101,241.44,158.55,261.99,34.39,13.93,31.91,19.03,21.54
"4130","TRINITY_DN74031_c0_g1",-2.16504861105823,-0.924970728270077,-4.75563712992057,0.000482781132039908,0.00776524338140147,0.0250673923779177,37,15,31,23,29,15,11,3,5,3
"4131","TRINITY_DN74062_c0_g1",-1.48984496303334,0.488685277734274,-3.98092398606617,0.00186417601263055,0.0184263070958718,-1.11171945556604,95.01,19.02,77.71,51.01,59.03,19,12,59.5,35,8
"4132","TRINITY_DN74081_c0_g1",-3.34716903008746,-1.64459297398903,-3.26913322070451,0.00680995008833428,0.0427362412106709,-2.34726914318702,19.97,9.8,18.11,50.84,46.53,0,0,7.82,5.76,7.18
"4133","TRINITY_DN74114_c0_g1",1.81059276927726,-1.40006873894933,3.41881669598923,0.0051705767039167,0.0360556488213945,-1.95746343212905,4,5,8,8,5,20,7,14,19,27
"4134","TRINITY_DN7414_c5_g1",3.09674792572343,-1.50789647593901,4.40756804415541,0.00087777977548144,0.0112989671829118,-0.850965166991118,9.08,1,5.03,2.01,2.01,45,21.07,23.07,40.23,12.07
"4135","TRINITY_DN7415_c3_g1",-1.72740015477674,-0.631789985141437,-4.49528024104745,0.000753904287836753,0.0102968551128829,-0.249750410749582,51.99,11,44,22.32,28,8.2,3,6,20.4,10
"4136","TRINITY_DN7415_c3_g2",-2.13590549354428,-0.741694332496328,-5.57084571335622,0.000126975453829903,0.00340742300003863,1.17575921774144,47.62,8,42.34,28.15,43.17,5.15,3.05,13.4,14.21,3.03
"4137","TRINITY_DN74161_c0_g1",-2.21494071894233,-1.38422987247931,-4.84732886703394,0.000413537260313694,0.00706962011609848,-0.0581188766212275,25.1,8,29.17,14.61,27.11,5.29,2.13,7.22,2.13,4.28
"4138","TRINITY_DN7421_c3_g1",1.05420623665677,-0.187719719336748,3.39456666299635,0.00540608292929678,0.0371814222230138,-2.04444467231142,16,11,18,9.34,26.47,31.79,18.53,27.51,50.94,33
"4139","TRINITY_DN743_c0_g1",-2.12723535181205,4.50085545090276,-8.42161329204081,2.39785097903956e-06,0.000371083965548208,5.13178670426677,1353.92,431.02,1699.97,1156.3,1239.58,269.16,335.71,137.35,563.66,315.08
"4140","TRINITY_DN74310_c0_g1",-1.07352689203089,0.0329125407986597,-4.74147657714722,0.000494513186292993,0.00788063794690468,0.163450777914333,52,12,40.4,34.18,51,16,10.16,22.1,24,19
"4141","TRINITY_DN74361_c0_g1",-1.4161820224921,0.11829258760836,-3.35036516395286,0.00586376420855944,0.0390657680963733,-2.1559255774164,59,15,80,20,74,32,6,16,27,13
"4142","TRINITY_DN7438_c2_g1",-1.86770872148389,3.39398703692798,-12.4558298629673,3.6090688573164e-08,4.04219077171194e-05,9.32990971669232,511.49,188,742.92,452.29,586.46,139.35,115.23,158.14,172.21,173.93
"4143","TRINITY_DN74452_c0_g1",-1.87652449024199,0.353276263273981,-4.33616568623795,0.000994210281043522,0.0122633832269028,-0.497115976600842,39,38,84,47,113,17,6,21,30,14
"4144","TRINITY_DN7453_c3_g1",1.0558905998753,0.44565064070544,3.54840659538382,0.00407785140800985,0.0307913642091021,-1.85223739503697,41.22,16,33.24,15.43,17.74,70.63,47,41.25,58.84,37.61
"4145","TRINITY_DN74543_c0_g1",1.31522215438865,0.0869047392100897,4.47196214902294,0.00078494511477929,0.0105366936842156,-0.265948840840307,26,17,19.12,12.08,13.52,51.52,30.27,37.56,44.4,42.55
"4146","TRINITY_DN74545_c0_g1",1.56187702855838,-1.64176523991828,3.39423484723294,0.00540937990736621,0.0371932055303982,-2.01987926619405,7.1,1,3,11,6,13,8,19,15.36,12
"4147","TRINITY_DN74598_c0_g1",2.41776056220594,-1.16288366790263,3.35036445071249,0.00586377190262617,0.0390657680963733,-2.05575933080893,0,7.22,8.4,6.4,14.27,33.1,19.49,13.53,33.8,23.34
"4148","TRINITY_DN74660_c0_g1",-1.18658661281795,0.322311069410842,-5.1182264993425,0.000263508366129597,0.0053365413551231,0.748150179887904,60,27,50,38,53,22,24,19,24,15
"4149","TRINITY_DN74678_c0_g1",-1.6284498196815,-1.62091584128973,-3.14098665074353,0.00862680175674565,0.0498304728601993,-2.38956260783135,18.29,10,19.3,9.08,17,11.13,4.13,3.02,4.06,1.01
"4150","TRINITY_DN7480_c2_g1",1.65057947352542,-0.887700177674719,4.65364191251604,0.000574272385228234,0.00864039260308795,-0.0578095272195238,7,4,9,11,11,24,24,26,21,22
"4151","TRINITY_DN74810_c0_g1",-3.68948966029913,-2.3614300532405,-5.09535789724253,0.000273618862188958,0.00547841034450188,-0.419880792223987,33.14,7,19.34,20.11,13.13,1,0,2.03,4.07,0
"4152","TRINITY_DN74822_c0_g1",-2.47756553185686,-1.89524814232236,-4.9942001462922,0.000323485912774375,0.00605843547896829,-0.33787558014368,19,6,22,15,19,2,1,1,5,4
"4153","TRINITY_DN7487_c0_g1",-1.1277751425833,4.88503291979311,-5.2296971548691,0.000219555675241252,0.0047921964774821,0.39485688704523,1165.11,433,1738.16,708.21,1528.16,473.92,378.78,756.54,604.57,568.87
"4154","TRINITY_DN7492_c2_g1",1.5659940313069,-0.719090589354203,3.45323346397734,0.00485412190585783,0.0346351189557325,-1.8876912810295,11.06,7.82,19.25,4,10,19.5,39.52,20.16,38.02,17.58
"4155","TRINITY_DN74962_c0_g1",1.00591487336599,0.0691941061104172,4.45234099159431,0.000812096180331612,0.0107661106677106,-0.297640585095732,21.99,6,18.78,20.9,28.19,36.65,32.51,40.59,59.7,29.25
"4156","TRINITY_DN74981_c0_g1",-1.51876421697578,-0.5786344694569,-3.33313081363123,0.00605270169256298,0.0398665545386027,-2.0957058170968,37,15,34,12,57,7,5,15,12,10
"4157","TRINITY_DN74994_c0_g1",-1.58373942769872,-0.13976142547964,-4.54087596590948,0.000696850100188029,0.00981727127228164,-0.150723505760072,66,18,43,31,44,13,8,11,38,6
"4158","TRINITY_DN751_c10_g1",-1.45877607621169,0.317201689336438,-5.79286492055267,8.96948975422957e-05,0.00279721239062711,1.74976030675665,61.86,17,60.54,49.14,69.42,12.93,19.39,32.18,19.37,16.39
"4159","TRINITY_DN75144_c0_g1",-1.44357289961736,-1.03445392393276,-4.12398946339747,0.00144473949953069,0.0155743321607928,-0.848828662435918,27.51,8,22,15,33,6,5.3,6.3,14.67,4.03
"4160","TRINITY_DN75196_c0_g1",-1.34503954742967,-1.13481518771887,-3.49556612449995,0.00449176412890025,0.0328778391929033,-1.81516277936385,22.31,7,30.39,13.46,21.4,4.04,10,5.03,12.27,5.02
"4161","TRINITY_DN75215_c0_g1",-2.7025590330918,-2.00387517334196,-4.17078060593338,0.00132983798076329,0.0147715120770231,-1.32061125739401,22,10,14,17,18,6,0,2,6,1
"4162","TRINITY_DN75238_c0_g1",-2.07736047509422,-0.0211930168306788,-5.99308416096468,6.5949327469054e-05,0.00233633911219687,1.96731392582768,74,18,61,53,56,15,4,15,33,5
"4163","TRINITY_DN75263_c0_g1",-1.55264955361697,-1.70875992041576,-3.16937498089516,0.00818614222480629,0.0481912394029306,-2.35149394127677,13,6,12,13,23,7,6,3,3,3
"4164","TRINITY_DN75275_c0_g1",-1.27152298650515,-1.29214341289947,-3.17899066015792,0.0080420815676399,0.0476018455366783,-2.30916217061535,18.25,8,13.16,15.2,27.32,5.02,2.05,7.17,8.13,9.13
"4165","TRINITY_DN75285_c0_g1",-1.27767762406485,-0.558990630150496,-3.80400606436388,0.00256243474916361,0.0226856689476376,-1.32848784945463,33,14,26,23,33,5,11,17,11,12
"4166","TRINITY_DN75486_c0_g1",2.91668635321244,-1.61125596425024,3.342943599435,0.00594438119992013,0.0394314753317079,-2.17869419653671,3.92,8.44,0,0,26.11,26.83,17.78,25.66,26.34,14.59
"4167","TRINITY_DN75521_c0_g1",-1.22665567993492,-0.863554597532634,-3.16910355904537,0.00819024615275621,0.0482051105148278,-2.34579690577235,27,14,17,22,22,8,10,9,6,12
"4168","TRINITY_DN75529_c0_g1",-2.43489034605997,-1.17523858004231,-4.57096106890539,0.000661686905943955,0.00949299327793385,-0.337282410140593,50,7,34.22,14.22,34.66,2,3.01,6.03,5,8.02
"4169","TRINITY_DN75670_c0_g1",-1.50168738730898,-1.47889339353706,-3.50784410906895,0.00439191479862946,0.0323849958186974,-1.83002188092071,17.34,5,22,19,16,4,3,3,14,4
"4170","TRINITY_DN7570_c0_g1",1.73187522232523,0.563811403380648,4.92308831727049,0.000364197328231838,0.00652968707480307,0.442818529122598,31.88,7,41.1,7.43,32.5,88.45,46.68,82.47,102.36,56.35
"4171","TRINITY_DN7570_c1_g1",-1.08367558006043,0.0192519473638968,-3.64812955702401,0.00339963499171663,0.0273307840563297,-1.63966254270561,47.71,7.72,34.57,58.93,51.17,14.06,17.05,23.2,20.31,15.75
"4172","TRINITY_DN75708_c0_g1",-3.36869775731309,-1.05646235280608,-7.31208024134609,9.95669471918796e-06,0.000784227840019121,2.17706684967852,39,19,43,35,51,3,4,5,3,2
"4173","TRINITY_DN75758_c0_g1",-1.09742079180121,0.31986857896425,-3.14173541513073,0.00861487780001328,0.0498034622207351,-2.54902238002944,65,25,50,20,80,20,20,22,27,18
"4174","TRINITY_DN75852_c0_g1",1.62728896167045,-0.630314685213695,3.30607117721821,0.00636188889098107,0.0410570563587269,-2.13291872761553,12,6,7,15,10,52,22,38,15,25
"4175","TRINITY_DN75985_c0_g1",-1.31440669106557,2.00159891001545,-7.04252318070566,1.43854251599742e-05,0.000977196075663464,3.50496560597328,204.51,64,168.37,123.74,210.21,59.09,48.59,96.14,87.66,56.61
"4176","TRINITY_DN7600_c0_g1",1.68479376855251,2.50505772495551,4.8993324599309,0.000378967650021676,0.00668203725115318,0.214870753218321,97.46,15,83.39,113.88,110.37,532.95,306.54,285.65,236.57,172.95
"4177","TRINITY_DN76093_c0_g1",-2.76174502336382,-2.48338718561753,-3.66622992122478,0.00328949524265991,0.0267164118710891,-1.93311452257949,11,7,11,13,20,4,2,3,0,0
"4178","TRINITY_DN76107_c0_g1",1.53815555618914,-0.444971356682858,4.56248790202908,0.000671398812646513,0.00958555696723627,-0.125781122115915,11,7,15,6,20,26,28,39,32,32
"4179","TRINITY_DN7612_c1_g1",1.8181914524505,-0.773728353227876,3.97791149294022,0.00187425249735198,0.0184962990580934,-1.06580540094597,10.74,0,6.56,27.74,10.69,24.67,29.02,27.34,51.42,23.29
"4180","TRINITY_DN76128_c0_g1",-2.51819494014002,-1.66837689191905,-3.41244986390932,0.0052313801911756,0.0363237674625785,-2.07441280972851,16,13,15,17,31,5,3,5,0,4
"4181","TRINITY_DN7616_c3_g1",1.12712664733052,0.138857541341785,4.51918404738686,0.000723409711898558,0.0100357454258171,-0.191334575045176,25.86,5,24.45,23.09,19.2,44.75,32.19,62.58,53.57,30.29
"4182","TRINITY_DN7616_c3_g2",1.67454160707836,-0.486762385995479,4.73068409286119,0.000503654975137261,0.00797042905563448,0.124224312416501,13,6,7,20,10.2,26.3,23.67,36.29,48.49,24.97
"4183","TRINITY_DN7621_c1_g1",1.39245705988025,-1.16594252094337,4.1518390814405,0.00137516599154207,0.0151038330924475,-0.83018913002341,10.23,2,9.55,6.31,9.25,26.31,12.06,14.13,23.56,16.11
"4184","TRINITY_DN7632_c0_g1",1.48173689910426,5.57312662430571,10.5672017839193,2.18369009797827e-07,0.000110409028837299,7.50764104589218,838.53,237,753.95,882.06,829.85,2188.27,1997.61,1655.51,3042.34,2040.12
"4185","TRINITY_DN7635_c0_g1",1.4722344432387,5.16869521622119,3.57513984330414,0.00388348923520925,0.0298181662889456,-2.57309647347046,328.18,400.67,373.03,791.46,840.81,2901.48,2304,1202.27,1027.68,1172.61
"4186","TRINITY_DN7639_c0_g2",1.09444313406617,-0.410902341035723,3.44264215984626,0.00494934960372718,0.0350734586677475,-1.93458505866392,12,2,27,13,17.96,27.83,25.97,31,28,35
"4187","TRINITY_DN764_c0_g1",-1.32727915765338,4.70888786481243,-6.3632583763736,3.78989894252635e-05,0.00169578753552983,2.24030049022666,1312.06,373.74,798.83,1391.58,1355.31,656.84,348.05,351,563.58,391.13
"4188","TRINITY_DN764_c1_g1",-3.05448657986681,-0.937603048256185,-3.77877893591705,0.00268201167800321,0.0233350510206203,-1.45166244102382,37.18,22.64,57.59,26.28,42.58,21.86,16.97,0,7.8,0.17
"4189","TRINITY_DN7644_c0_g2",1.981071887085,-0.0803813445031999,5.29125333144177,0.000198657881828037,0.00451148469551953,0.974044392944565,20.94,2,13.68,11.64,14.69,51.85,42.14,77.12,35.56,61.74
"4190","TRINITY_DN7656_c0_g1",-1.26769003316331,-1.30278341947767,-3.30368139191311,0.00638995254654819,0.0411521474597682,-2.11578543516494,21,2,28,19,17,6,5,6,12,4
"4191","TRINITY_DN7666_c1_g1",-1.13703145709747,0.984665610159166,-5.01162390991608,0.000314258984549435,0.00596522095848708,0.553183530467005,100.2,28,81.41,51.26,106.18,32.04,23.99,49.44,38.27,33.62
"4192","TRINITY_DN76690_c0_g1",-1.56838238938101,-1.43943388068217,-3.41547505089736,0.0052023994042194,0.036203962404118,-1.96593247552987,33.87,8.02,17.29,11.52,14.83,7.25,2.14,4.3,7.79,3.22
"4193","TRINITY_DN76829_c0_g1",-2.38934128167958,-0.543183281206199,-4.81864836977873,0.000434002549211119,0.00726392931501627,0.205896274829784,75,11,62,20,51,6,9,4,15,6
"4194","TRINITY_DN769_c1_g1",1.41016673377195,3.06786767071127,6.50249266224352,3.09196392997754e-05,0.00150272467477967,2.66093888259451,121.13,53,170.86,212.45,94.89,348.76,377.94,424.67,380.53,320.39
"4195","TRINITY_DN76950_c0_g1",-2.18354750938942,0.927770648506473,-7.73131644801662,5.71787950754783e-06,0.000597126631092585,4.30955389280429,142.63,48.03,109.37,60.21,143.79,21.81,21.74,23.43,31.11,16.35
"4196","TRINITY_DN76975_c0_g1",-1.77189620756448,-0.640891159708548,-5.1850821172876,0.000236141823993668,0.00500056227131378,0.741031062541607,54.91,12.97,32.77,20.91,34.63,10.91,3.68,7.4,14.17,6.82
"4197","TRINITY_DN76998_c0_g1",-1.60801441227477,-0.254642875828862,-4.0608369429304,0.0016163471307351,0.0167741517022909,-0.919271649730145,55,16,32,21,73,9,5,17,17,14
"4198","TRINITY_DN7717_c3_g1",1.02828482707433,2.48495360011008,4.41703688471597,0.00086344139303099,0.0111937390587608,-0.631131353893911,123.7,29.55,118.95,110.19,106.68,217.54,147.07,386.17,215.33,191.3
"4199","TRINITY_DN77295_c0_g1",-1.29446201130669,-1.47940955777003,-3.21911722230442,0.00746798629581369,0.0453307883186239,-2.25043962670281,21.17,3,17.08,14.07,16.07,6,5,3.05,5.07,11
"4200","TRINITY_DN77391_c0_g1",-2.62608235562685,-1.23993810673624,-5.7616827975596,9.41427866317146e-05,0.00288712978233068,0.909729576630472,33,15,26,27,30,9,1,5,5,2
"4201","TRINITY_DN7743_c1_g1",-1.00473060180026,4.99148215611778,-6.99965630569737,1.52651863658598e-05,0.00101323017232188,3.14822101213458,1141.08,502,1543.7,1076.73,1231.78,559.99,424.48,555.73,994.32,606.83
"4202","TRINITY_DN7746_c0_g1",-1.04439740542952,4.31155045476308,-11.4052649159902,9.52317739587049e-08,6.68224043000239e-05,8.40356185628928,819.14,345,803.96,704.42,746.49,399.66,293,401.94,422.36,360.78
"4203","TRINITY_DN77497_c0_g1",-3.83883969187339,-1.41349996019779,-5.73385590941523,9.83093184080697e-05,0.00295119761354578,0.289746936662032,37,15,43,43,36,0,1,6,2,6
"4204","TRINITY_DN775_c0_g1",1.13628790330639,5.32833991225658,10.2885324472069,2.9126017039115e-07,0.000128462378580805,7.22254628288829,600.87,258,960.58,702.55,838.9,1669.35,1492.48,1524.48,1892.78,1456.45
"4205","TRINITY_DN77502_c0_g1",-1.47024355185227,-1.10380954944464,-4.2874069198644,0.0010828608660944,0.0129808760938841,-0.616156102891645,31.87,6,21.89,16.68,24.72,12.81,3.53,4.14,8.37,6.66
"4206","TRINITY_DN77503_c0_g1",-1.56545183363003,-1.0278572466729,-3.59249079643899,0.00376243078840608,0.0291491060606432,-1.66344638047953,38.27,10,22.4,11.65,29.82,3.16,6.44,6.33,12.79,6.47
"4207","TRINITY_DN7764_c0_g2",1.18593584239951,0.436065313695033,3.82970923789025,0.00244623113104899,0.0220510773547464,-1.36286635160586,17.61,10.05,30.39,24.6,33.52,63.28,36.31,58.84,96.68,29.52
"4208","TRINITY_DN7771_c1_g1",-1.52464020146057,-0.649296535511737,-4.60344289296866,0.000625794502766669,0.00915543623462063,-0.0821534205138201,40,16,34,20,25,7,11,8,12,7
"4209","TRINITY_DN7773_c2_g1",-1.37188560045817,1.95769803150987,-7.31519643366849,9.91495334414375e-06,0.000784227840019121,3.86934830694014,202.96,65,177.55,110.08,212.98,75.67,46.87,58.86,88.29,57.58
"4210","TRINITY_DN77744_c0_g1",-1.96644562157128,-0.251744546829552,-5.15700820203157,0.000247250398964335,0.0051454663668776,0.764567586786852,51.86,25.03,41.17,40.59,47.36,10.76,3.18,25.15,16.76,4.15
"4211","TRINITY_DN77764_c0_g1",-1.8266243682096,-0.217291964418551,-5.34458499141917,0.00018224594772845,0.00428534759342586,1.05161477090685,45,23,41,31,57,10,13,5,16,15
"4212","TRINITY_DN77839_c0_g1",2.21463260586869,-1.49034893551914,3.7660874772561,0.00274432317120937,0.0237333987641227,-1.53724974207268,12.88,0,17.08,1.74,3.01,22.16,20.89,17.24,27.17,15.08
"4213","TRINITY_DN7785_c0_g2",1.07209970583082,1.73973621798639,3.91163988476744,0.00211073817113252,0.0199990579394032,-1.40023203179749,56.47,21.13,46.77,59.17,117.54,164.4,149.42,131.87,156.59,75.42
"4214","TRINITY_DN7792_c0_g1",1.17215113836334,2.58294830288775,4.41486177901857,0.000866713368494364,0.0112126161906118,-0.646856676770588,112.22,23.33,154.13,118.49,110.75,294.97,210.49,171.32,482.41,182.03
"4215","TRINITY_DN7792_c4_g1",1.07363378563818,-0.926374790139017,3.40542408361362,0.00529932089988681,0.0366800209535042,-1.96292612915651,11.49,7,6.79,12,11.61,21.03,14.76,15.95,21.39,16.83
"4216","TRINITY_DN7792_c5_g1",2.42006532663299,0.293498526418696,4.0472883437112,0.0016558353926877,0.0170387614509401,-0.959787291016715,11,10,6,55,14,95,125,40,63,58
"4217","TRINITY_DN7796_c0_g2",-2.14481624759163,-0.86697436138299,-4.41908938961097,0.000860365639959817,0.0111688415442734,-0.414961262021003,30,10,30,30,39,6,8,11,2,11
"4218","TRINITY_DN7811_c1_g3",-1.01963514176058,0.847319715058626,-4.23445101091051,0.00118850441986869,0.0137905971786078,-0.722094953622228,105.02,28.7,82.32,49.76,54.91,36.61,26.64,36.13,32.27,31.4
"4219","TRINITY_DN7815_c0_g1",2.33156380857207,-0.0780022889964936,5.45927275392831,0.000151606171776152,0.00380853453817487,1.17457359205424,31.68,0,11.36,20.8,9.54,78.8,35.4,70.22,81.78,57.37
"4220","TRINITY_DN78180_c0_g1",-2.9939196481717,-2.47927911218898,-5.7940479392747,8.95305911626357e-05,0.00279491149803358,0.125447973724487,16,4,14,15,16,1,1,1,1,1
"4221","TRINITY_DN78190_c0_g1",-3.64024148028028,-0.779046743204536,-4.88864574933707,0.00038581581884489,0.00676607645044994,0.00506509105546282,82.17,14,38.89,48.44,88.58,0,7.35,4.05,9.7,6.13
"4222","TRINITY_DN7824_c1_g1",-4.91702025688063,-1.54227198361839,-4.33445611816199,0.000997187258147063,0.0122706892817985,-1.12058881464608,85,15,42,21,114,2,0,2,1,2
"4223","TRINITY_DN78252_c0_g1",-2.13224162098077,-1.56567605514632,-4.5803261117831,0.000651123173137003,0.0093910234979388,-0.470009808605191,19.29,4,24.15,18.64,29.14,2,2,4,10,3.03
"4224","TRINITY_DN7830_c0_g1",-1.37890578281277,1.81014828915494,-5.14164360650605,0.000253561573627069,0.00522687788653448,0.691352253867787,139.19,103.04,147.77,181.77,108.5,50.8,61.31,54.33,73.03,41.81
"4225","TRINITY_DN78300_c0_g1",1.30160018421834,-0.202942710949375,4.40771192309198,0.000877560058682695,0.011298494266793,-0.361828486646822,23,7,13,16,13,24,31,31,53,38
"4226","TRINITY_DN78368_c0_g1",-1.37870427698599,-0.725864174462618,-3.72269736135308,0.00296881914833576,0.025036069581261,-1.45386673704505,40.87,8,20.81,21,40.87,7.52,8,12.75,17.54,3.58
"4227","TRINITY_DN7846_c1_g1",-1.31416519514387,0.124085519673165,-4.33553282762266,0.000995311238148458,0.0122671613439503,-0.491571406598559,72.38,25,41.15,28.75,47.88,11.66,14.83,16.29,27.43,17
"4228","TRINITY_DN78463_c0_g1",-1.50392341580475,-1.07176243310061,-3.85159129518584,0.00235158048289741,0.0214737343475228,-1.26532670749415,28.95,7,31,20.32,17.37,6.46,8.32,3.24,13.02,5.1
"4229","TRINITY_DN7848_c3_g1",1.55720185394561,1.6960139690746,5.60195822802227,0.000120888428797431,0.00331653951854107,1.43819678272248,43,30,56.24,33.44,68.31,107.03,168.82,192.82,138.45,145.16
"4230","TRINITY_DN78577_c0_g1",-3.44810958088357,-1.19557988344088,-5.75029748177622,9.58244753370222e-05,0.00291223140463366,0.680378511804043,46.93,16,24.98,36.25,53.24,1.05,4.14,3.13,2.09,4.13
"4231","TRINITY_DN78692_c0_g1",-1.56681236296908,-0.23993044306245,-5.00055316151074,0.000320089082835962,0.00602611586708403,0.554768934221413,75,10,37.88,34.81,38.9,12.64,7.32,18.1,16.83,8.4
"4232","TRINITY_DN7877_c0_g1",1.28631079494676,0.8855382774818,3.55513548705021,0.00402801258175438,0.0305517406827379,-1.89461227414426,21.98,11,30,81,29,103,42,79,89,82
"4233","TRINITY_DN7887_c0_g1",-1.42880866425811,1.76258787284889,-6.49778068559495,3.11320220466296e-05,0.00150653612643831,2.75994875294491,173.06,76,157.96,103.56,149.84,62.05,48.92,47.85,45,71.2
"4234","TRINITY_DN7887_c0_g3",-1.17445149878048,2.85519486566406,-3.32720678820949,0.00611906203008337,0.0401312121841285,-2.66152308641931,170,73,589,370,297,116,103,218.94,165,92
"4235","TRINITY_DN78881_c0_g1",-1.74474652089748,-1.00121213805195,-4.08980008573085,0.00153516550028031,0.0162428717120131,-0.900178622558275,27.66,6,38.16,18.32,27.28,4.07,8.27,12.22,4.38,8.26
"4236","TRINITY_DN79_c0_g1",-1.22479010607514,4.8184089830711,-14.5811901545994,6.19715567223175e-09,1.30688059168482e-05,11.1088791514709,1266.73,512.35,1224.75,977.7,1206.71,533.24,464.78,521.11,554.21,426.87
"4237","TRINITY_DN79008_c0_g1",-2.40927374827533,-2.04320376248205,-3.53684783461296,0.00416493828454471,0.0312287331618133,-2.029721506247,22,8,16,13,13,4,6,0,5,1
"4238","TRINITY_DN79115_c0_g1",-3.41197535902659,-1.06407756020747,-5.13546685097121,0.000256146295259236,0.00526340147742673,0.108492525654804,57,22,42,26,53,7,3,5,7,0
"4239","TRINITY_DN7912_c0_g1",2.53291109983923,-2.01243112487816,3.71800776635806,0.00299418598925693,0.0251584042761861,-1.78205740775179,2,4,3,3,3,9,12.54,15.4,18,19.45
"4240","TRINITY_DN7929_c0_g1",2.1010092168629,1.16370072110226,3.59639766966445,0.00373570864873997,0.0289849703428194,-1.84130767588138,51.99,16.32,27.53,27.53,19.88,223.3,58.11,99.46,360.94,47.41
"4241","TRINITY_DN79325_c0_g1",-3.15043409868327,-2.55897364684207,-4.92556132646339,0.000362694813278953,0.00651321717097834,-0.611087068347673,18,6,13,15,13,1,0,4,3,0
"4242","TRINITY_DN7935_c2_g1",-2.68576957151603,1.21000428369133,-7.85990652869251,4.84350877032402e-06,0.000547243560225754,4.4846027129295,163.58,67,187.47,80.32,237.59,25.02,21.06,17.02,23.89,30.55
"4243","TRINITY_DN79399_c0_g1",1.70774708449807,-1.01784249711482,4.16421679882724,0.00134536751500778,0.0148699373423316,-0.798105717247833,12,4,3,7.77,13,21,20.01,24.03,29,15
"4244","TRINITY_DN794_c0_g1",-1.10381989629779,1.48976884659473,-4.99652662826922,0.00032223761746599,0.00604579802807316,0.48350340089046,137.63,29,112.7,117.45,120.76,89.17,33,36,63.4,49.49
"4245","TRINITY_DN7941_c1_g3",1.15126178086158,0.0795017470549601,4.79642737686472,0.000450586955814737,0.007443243271174,0.250314027307852,25.24,5,17.78,13.71,33.58,41.78,37,37.55,52.8,41.4
"4246","TRINITY_DN7941_c3_g1",-2.37727897986478,-0.502335314985176,-4.24199194818109,0.00117282976225852,0.0136847868782954,-0.642205120593617,30.75,28.01,31.93,33.59,72.96,9.57,7.73,6.5,3.26,14.04
"4247","TRINITY_DN7950_c1_g1",1.70342280412491,-1.06356897976896,5.00833549720742,0.000315979000081887,0.00597582581839398,0.361329601887056,12.99,2.16,6.43,6.67,7.31,20.89,23.07,22.95,23.54,17.11
"4248","TRINITY_DN7951_c2_g1",-1.18185405849553,5.04172837519531,-7.51970505893705,7.54529515677398e-06,0.000682331436197921,3.87714126933507,1293.09,516,1955.99,969.01,1475.01,596,399,612,796,612.27
"4249","TRINITY_DN7955_c0_g1",-1.81598610411215,0.483085968484043,-7.39514699056071,8.90546755512905e-06,0.000749175491272627,3.85082767165926,74.61,27,80.42,50.62,92.65,22.64,9.94,14.49,28.75,22.34
"4250","TRINITY_DN79620_c0_g1",-3.48437664687488,-2.07486130748508,-6.4714587220998,3.2347320901564e-05,0.00154000182808772,0.689813992058437,22,10,23,22,22,1,1,2,1,1
"4251","TRINITY_DN7964_c1_g1",-1.35304846775502,3.33561179240393,-6.87839647996866,1.80791440707273e-05,0.0011130119522226,3.16971061273277,507.39,197.41,397.83,313.37,539.99,173.56,95.77,167.06,224.83,224.3
"4252","TRINITY_DN79640_c0_g1",1.15618352449462,-0.62909128255608,3.3435369674425,0.005937894569483,0.0394081162807864,-2.08210037643121,21.1,5,12.43,8.71,11.02,19.23,14.06,39.92,35.84,19.14
"4253","TRINITY_DN7968_c2_g1",-1.23378581138631,4.19810146037631,-11.8435076576829,6.29674079193487e-08,5.47621338620274e-05,8.81886633836359,868.38,288,881.7,582.48,827.67,331.26,260.36,321.08,401.71,326.57
"4254","TRINITY_DN79686_c0_g1",-1.7638978242443,-1.60270951958653,-3.72357033643185,0.00296412147358749,0.0250278371053029,-1.5561667018642,22,6,24.54,10,16.34,5,7,3,4,3
"4255","TRINITY_DN79809_c0_g1",-4.91453371102196,-3.09196692637807,-6.82837156173518,1.93967661290812e-05,0.00115539584934971,0.893005418711334,20,6,19,31,12,0,0,0,0,0
"4256","TRINITY_DN7983_c2_g1",-1.96281353110763,0.334330048472013,-6.97303906285578,1.58401906637943e-05,0.00103585511476456,3.30773290546158,98.05,24,62.51,55.67,70.55,19.05,15.43,22.61,21.06,6.15
"4257","TRINITY_DN7993_c2_g1",-1.00049747271623,1.17207927746023,-4.15114240081466,0.00137686340181682,0.0151090388013835,-0.903853154634665,87.96,34,101.18,72.97,90,49,42.89,69,33.58,25.5
"4258","TRINITY_DN79955_c0_g1",-4.39724634473784,-2.27689332472269,-6.12443183063814,5.40640964882802e-05,0.00207996874140706,0.462122195659464,27,14,24,17,38,3,0,0,4,0
"4259","TRINITY_DN7999_c0_g2",1.35150340989867,0.149079706411326,4.14003450423815,0.00140422220498157,0.0153140078970685,-0.810784642543215,14,8,31,17,20,43,48,60,35,48
"4260","TRINITY_DN79997_c0_g1",-1.31375351013319,0.417715934080663,-4.11681533186792,0.00146324576215506,0.015708014485666,-0.876651851613684,62.8,21.31,53.28,60.13,61.16,12.89,21.97,11.21,52.2,25
"4261","TRINITY_DN80008_c0_g1",-3.79908795335616,-2.78446226300629,-5.43482929624149,0.00015764755221587,0.00389288309503592,-0.147854787332106,26.11,8,11.37,13.63,12.5,2.08,0,1.05,0,0
"4262","TRINITY_DN8002_c0_g1",-1.32691602357028,4.94593621077506,-7.84109598950291,4.96194056324967e-06,0.00055206892992052,4.3228589014342,1098,496,1449,1398,1535,524,658,646,491,375
"4263","TRINITY_DN80028_c0_g1",-2.03645779470864,-1.20949110697812,-3.97216823182883,0.00189361924298161,0.0186130533294537,-1.14403964271531,43,10,24,14,26,2,2,4,13,9
"4264","TRINITY_DN8005_c1_g1",-1.20613044785022,4.88403307504805,-5.06961519704036,0.000285489788514678,0.00562669117816927,0.123796551630878,1396.17,216,1688.68,1333.21,1439.32,511.63,354.51,564.63,819.52,529.64
"4265","TRINITY_DN8009_c0_g1",1.21121382893941,4.53418276455574,3.27063525087597,0.00679112190976783,0.0426613142925375,-3.05610390968589,332.74,280,518.95,532.29,227.75,1887.14,474.66,1008.07,1211.53,576.48
"4266","TRINITY_DN80191_c0_g1",-2.02435025260354,-0.0920021838761054,-7.85517814122729,4.87299153680764e-06,0.000547243560225754,4.15532101010243,70.23,18.28,48.81,39.9,60.54,8.93,7.78,14.83,17.79,9.57
"4267","TRINITY_DN8022_c5_g1",-1.49781968346863,-0.370456580160502,-3.917437183342,0.00208887385914001,0.0198619930788694,-1.14965586555794,51.65,13.06,32.93,32.49,32.85,7.67,20.96,4.51,23.53,9.75
"4268","TRINITY_DN80285_c0_g1",2.60570031591632,-1.76092852100651,4.44225773214443,0.000826428011976546,0.0109062357092387,-0.827223328048431,6,3,3,2,3,12,19,15,29,17
"4269","TRINITY_DN803_c2_g1",1.36807833223933,-1.16296351367566,3.26204955191901,0.00689945918977697,0.0431245881213026,-2.18043231759426,8.46,4,11.68,9.45,5.86,14.76,21.02,11.38,27.3,14.6
"4270","TRINITY_DN8053_c8_g1",1.39783981884878,-0.629355764303994,3.86328309270673,0.00230256129392777,0.0211669725736865,-1.22871183016236,12.62,2,17.63,7.8,13.8,27.75,26.13,15.86,35.78,38.1
"4271","TRINITY_DN806_c0_g1",-2.17585585944723,1.11776055854789,-5.62429986731561,0.000116708032665951,0.00325643361999872,1.50869078958471,171.66,59,68.09,130.69,137.49,17.95,29.34,24.24,20,45.3
"4272","TRINITY_DN8073_c0_g1",-1.34940524014307,5.3097778011754,-6.46447500903311,3.2678160851063e-05,0.00154621538408539,2.32933902470703,2414.92,735.54,1377.68,1544.57,1767.96,599.32,489.11,778.37,1258.36,444.92
"4273","TRINITY_DN8073_c1_g1",1.22603547180266,-0.556903201288202,3.85577741005246,0.00233390739796673,0.0213553834295354,-1.24436161367905,23,6,8,11,13.02,24.06,17,29.71,31,28.18
"4274","TRINITY_DN8078_c2_g1",1.19466076175175,4.75755052077433,6.58729320366725,2.73496397497017e-05,0.00141084841709656,2.57675087712438,339.87,183.77,701.74,432.09,575.94,1080.67,1177.55,1327.78,1079.31,889.91
"4275","TRINITY_DN80831_c0_g1",-1.35018489923402,-0.67205255896245,-4.01462414885705,0.00175519281087268,0.017677787399064,-0.98751161325441,29,13,24,34,23,10,12,9,8,9
"4276","TRINITY_DN8087_c3_g1",1.20597470573519,2.15374717500695,7.07035046381809,1.38433770549744e-05,0.000947913190241961,3.53780345736238,81.08,28,85.99,72.58,87.98,176.14,198.59,204.39,167.86,180.77
"4277","TRINITY_DN809_c5_g1",-3.76529422638729,-1.95482706094996,-3.65705225345096,0.00334487646884211,0.0270075003095795,-1.90961499980182,61.55,6,13.01,18,48.9,4,1,1,3,0
"4278","TRINITY_DN8090_c0_g4",-1.11946156958173,1.81373726831486,-4.36571131670367,0.000944195687811711,0.0118356060355253,-0.61937502325378,195,50,150,95,158,60,43,67,143,38
"4279","TRINITY_DN8092_c0_g1",1.07110414710172,2.08223964274582,4.78081884552312,0.000462632205682706,0.00756330776714211,0.0546973299389135,60.01,43,65.12,96.01,92.01,191.07,180.31,152.03,164.14,131.93
"4280","TRINITY_DN80986_c0_g1",-2.58201565036652,-2.11783926790225,-3.88626875254619,0.00220923588662051,0.0205848645732674,-1.63382674358407,19,4,14,15,18,1,6,2,0,4
"4281","TRINITY_DN810_c4_g1",-1.14788914262936,2.13919267949514,-6.97300429315602,1.58409567106978e-05,0.00103585511476456,3.40384872090717,210.27,81.88,152.28,170.4,168.56,82.74,53.06,86.64,107.42,68.31
"4282","TRINITY_DN8100_c1_g1",-2.36186919220117,-0.0054639566132448,-3.48309019871666,0.00459559503255712,0.0333570944011211,-1.87869126593191,64.89,17.54,74.44,46.94,97.97,1.04,1.65,24.95,49.71,26.48
"4283","TRINITY_DN81169_c0_g1",1.32761011698026,-0.972174193116741,3.96531758069588,0.00191699068942433,0.0187621399731453,-1.08023240610495,11.68,2.06,6.48,8.7,14.44,27.81,15.97,22.76,23.68,13.2
"4284","TRINITY_DN813_c1_g1",1.64340535238346,-0.859736243015699,4.54864660018988,0.000687585007090183,0.00972223471898435,-0.208163376560747,6.69,2,10.99,13,12,28.84,16.99,19.99,31.3,27.99
"4285","TRINITY_DN813_c3_g1",-1.31827011959173,0.182219737747273,-4.55042726661267,0.000685480043206837,0.00970803250182013,-0.144848146029154,66.82,20,50.78,27.86,61,14.97,21,12,29,17
"4286","TRINITY_DN81314_c0_g1",-3.66792942955438,-0.537144606750196,-7.47379644124363,8.01883970092643e-06,0.000711300901482169,2.80997745843207,116.93,18,73.73,49.53,68.28,6.19,2.02,3.02,9.37,3.13
"4287","TRINITY_DN81341_c0_g1",-1.99465312576886,-1.63050026397209,-4.13010955439142,0.00142914388625453,0.0154696869402918,-1.0499882450643,23.21,5,14,14.43,30.51,6,2,2,7,3
"4288","TRINITY_DN8153_c0_g1",1.0265222008766,3.00325113668435,5.89287447665293,7.68691459443689e-05,0.00257124378319225,1.7361017233967,220.96,68,111.65,148.18,136.15,302.74,283.21,311.27,334.67,307.18
"4289","TRINITY_DN81553_c0_g1",-2.76039817516808,-2.03247869293489,-4.70697884529284,0.000524360891355267,0.008179182083446,-0.764055983280254,24,7,17,15,18,2,0,3,3,4
"4290","TRINITY_DN81607_c0_g1",-1.74592680778835,-0.0987298992920035,-4.99709400593902,0.000321933953664346,0.00604579802807316,0.554884596971059,50.62,13,73.13,31.92,58.28,20.56,3.01,12.03,19.09,15.9
"4291","TRINITY_DN8161_c0_g1",-1.45592046388719,-1.07711969460022,-3.84356797685967,0.00238583973772521,0.0216967352172395,-1.27631338694153,18.86,8,30.67,14.51,29.76,6.23,4.09,5.28,8.16,11.34
"4292","TRINITY_DN8162_c0_g1",1.12822751347143,2.57719129841836,5.74585851122777,9.64887271730327e-05,0.00292037941261916,1.56649124449419,162.55,18,111.7,113.79,133.28,227.9,208.57,287.28,323.33,215.8
"4293","TRINITY_DN8171_c2_g1",1.50186518323617,0.567352827132915,5.19928695405492,0.000230722393727141,0.00493304929635162,0.871690606907665,29.06,7,24.86,26.35,25.84,65.63,30.55,90.53,93.75,74.06
"4294","TRINITY_DN8173_c0_g1",1.00661080558722,3.28450475398564,5.853773325316,8.16358883384664e-05,0.00266386328839883,1.63703679978734,204.53,55,181.47,193.68,206.5,476.9,427.97,340.76,436.84,251.79
"4295","TRINITY_DN8192_c1_g2",-1.60508640269545,-0.159135280874264,-3.91950158211723,0.00208114455335983,0.0198308528254869,-1.15937487654965,46,7,75,47,44,7,5,18,24,21
"4296","TRINITY_DN8196_c1_g3",-1.32007660032721,0.676465440631166,-4.03036416512118,0.00170656765161475,0.0173351241941132,-1.04860697161914,112.63,25,71.88,34.99,87,27,12.93,24.83,53.97,21.8
"4297","TRINITY_DN8197_c1_g1",-1.11849610796468,3.78161732539037,-6.68894938736049,2.3638737178621e-05,0.00130093114376603,2.83692406174047,663.74,257.76,588.01,343.88,595.85,245.48,232.1,275.06,248.89,265.18
"4298","TRINITY_DN8206_c0_g1",1.23047371270657,1.20441848924725,6.29274631780796,4.20558546775639e-05,0.00178970703971758,2.48205791112367,34.03,13,42.17,49.17,53.33,94,94.52,99.18,102.24,85.42
"4299","TRINITY_DN822_c5_g1",1.00215592801258,-0.300081507765289,4.06331685578962,0.00160922538316105,0.0167264838260378,-0.917134146897144,16.48,7,20.1,12.7,16.56,30.12,25.38,36.68,29.18,24.27
"4300","TRINITY_DN82203_c0_g1",1.57987382044098,0.135226219106172,5.89654620848871,7.64369254446836e-05,0.00256511211589776,1.87044154899141,20.45,4,16.13,14.05,31.3,50.9,34.71,55.9,84.4,39.7
"4301","TRINITY_DN8251_c0_g1",1.76104004115811,4.71517905061309,6.59437670168387,2.70719566295981e-05,0.00140473880501212,2.60545900352321,310.56,226.19,717.61,231.69,332.54,1213.51,833.61,1124.2,1920.53,1519.84
"4302","TRINITY_DN8256_c1_g2",1.08236247718176,-0.499173964590345,3.92496623636196,0.00206082641330133,0.0197110385794618,-1.13398205945802,12.93,3,16.5,12.89,18.85,35.46,22.78,22.23,39.58,18.22
"4303","TRINITY_DN8258_c0_g1",-1.62357908258707,1.64588893529947,-9.94861860977817,4.17493167690871e-07,0.000151643341873976,6.81685055679365,159.05,46.17,143.92,155.27,166.45,57.99,39.96,55.21,54.68,32.45
"4304","TRINITY_DN8271_c0_g1",-2.00270730016772,1.80878687252878,-7.72119793132475,5.79351147298436e-06,0.000599297062630531,4.38459854404033,229.47,50,163.54,156.23,302.98,48.2,38.35,53,76.21,28.36
"4305","TRINITY_DN8272_c1_g1",-1.0253767084413,0.0304157597680296,-3.30335348716275,0.00639381295863644,0.0411682825672133,-2.23280475463884,77.28,10,47.09,35.25,29.05,15,13,23,25,17.05
"4306","TRINITY_DN8280_c0_g1",-1.00871668409184,4.18143339666274,-6.91238086182844,1.72386326760236e-05,0.0010872840556477,3.11143298613434,655.87,288,949.25,515.43,754.84,300.77,328.77,362.75,491.09,279.11
"4307","TRINITY_DN8282_c1_g1",2.16807678734874,3.10541727029297,3.16953355949928,0.00818374545809555,0.0481912394029306,-2.95095875852809,370.23,92,73.14,50.98,64.56,230.01,162.57,680.55,963.84,947.04
"4308","TRINITY_DN8286_c0_g1",1.03002554814713,1.05245665727675,4.40306055469804,0.000884692226555873,0.0113397816373938,-0.455790175828189,37.26,25,35.3,31.31,47.4,111.41,64.16,65.96,95.2,57.16
"4309","TRINITY_DN8293_c0_g1",2.87989659577498,1.58667643044137,4.30227881090355,0.0010549824742116,0.0127556408493475,-0.638143612754061,58.78,15,31.78,23.33,18.77,805.56,124.98,186.02,175.18,139.01
"4310","TRINITY_DN8298_c0_g1",1.51249623008857,2.78385080214264,7.4319816659633,8.47784664496003e-06,0.000731424336821163,3.99066960371843,108,61,92,92,132,280,293.99,318.97,285,377.97
"4311","TRINITY_DN83_c3_g1",-1.05442722945738,2.78576950870063,-6.26874336739013,4.35792309995515e-05,0.00183555958783104,2.33544772160834,251.22,107,325.78,306.63,212.8,147.34,102.31,147.01,129.57,122.41
"4312","TRINITY_DN8300_c0_g1",3.03418275258582,0.750764206519271,4.9852459295625,0.000328337962079658,0.00612328978631673,0.543702267074325,38.4,2,32.28,9.07,12.77,179.27,73.67,85.42,379.16,104.44
"4313","TRINITY_DN8305_c0_g2",1.03909653316467,0.905649557180437,5.26927419887261,0.00020586829154982,0.00460912083633731,0.966741111426518,35,14,36,44,35,82,48,72,97,62
"4314","TRINITY_DN833_c0_g1",-1.25208882562975,2.87207763298023,-10.0655294458773,3.68457454169604e-07,0.000145757191968478,7.0757162835638,336.48,114.45,332.69,258.64,320.78,134.99,90.98,117.52,159.97,148.04
"4315","TRINITY_DN833_c0_g2",-1.177661805062,-0.525448272058183,-3.17373628768871,0.00812048223856896,0.0479647538996706,-2.38363751105705,37.23,3.52,39.68,36.77,26.84,14.66,9.27,17.63,8.64,12.67
"4316","TRINITY_DN833_c3_g1",1.81721404463947,-0.688233765949773,3.58098447429193,0.00384227249019715,0.0295678765858292,-1.6784751994318,3.61,2,18.37,7.24,25.42,32.03,31.03,25.8,41.5,22.01
"4317","TRINITY_DN8341_c4_g1",-1.22828712869729,1.8935534106352,-4.04278006931854,0.00166919519293819,0.0171208883748727,-1.192909500954,186.05,91.83,166.8,149.06,99.56,59.47,31.18,108.64,100.08,44.45
"4318","TRINITY_DN83424_c0_g1",-2.42824513847207,-1.82078624931796,-3.33687150493077,0.00601117515359212,0.0396981864581825,-2.21551381372672,29,11,21,10,15,0,3,3,6,5
"4319","TRINITY_DN8345_c0_g1",-2.02372339354213,1.08200153412344,-3.94816831867335,0.00197681127226959,0.0191830548355692,-1.22727015502814,156.34,14,109.42,167.26,152.98,20.92,22.39,8.71,80.78,53.74
"4320","TRINITY_DN836_c2_g2",1.09617428226478,1.22979955781412,3.80479036801152,0.00255880624747899,0.0226720699860936,-1.50889090109523,51.29,13.27,54.46,39.94,41.09,116.24,100.23,104.01,58.34,100.46
"4321","TRINITY_DN836_c33_g2",1.48375747001582,3.17923712170855,6.80000398851625,2.01890886272367e-05,0.00119409563654656,3.08187377241774,144.53,58.3,180.05,131.48,141.31,449.56,257.22,309.82,688.63,439.1
"4322","TRINITY_DN8371_c0_g2",-2.24987280798976,-0.125166624403367,-5.45048601232247,0.000153749261215296,0.00383363009618116,1.19897686611055,43.79,11,85.18,57.61,77.81,6,6.13,19.54,19.84,7
"4323","TRINITY_DN83784_c0_g1",1.3324352655382,1.30703483793776,4.03423511588759,0.0016948239802651,0.0172816734254205,-1.11341687178652,45.34,11.28,62.96,60.6,29.59,190.33,64.68,132.6,119.74,67.64
"4324","TRINITY_DN83786_c0_g1",-2.80163542032426,-2.29347519900938,-3.94317694000632,0.00199458185680119,0.0193042315973685,-1.61161554537774,11.34,4.64,23,11.79,22.22,1.23,1.76,3,0,1.76
"4325","TRINITY_DN83833_c0_g1",2.60978116557237,-2.08514961941664,4.13105144025954,0.00142675924138247,0.0154533467175732,-1.34824833817001,2,0,7,4,3,13,11,24.12,16.11,10
"4326","TRINITY_DN8385_c0_g1",3.09366892400971,3.37459321147166,10.5090550818832,2.3177523629338e-07,0.000111809822583153,7.52040070976823,75,39,96,141,90,1110,938,843,681,567
"4327","TRINITY_DN840_c1_g1",-1.00515744159819,7.23817027159601,-3.299255446781,0.00644225876337261,0.0413725006885837,-3.30273638502004,6322.27,1619.52,6008.96,5237.1,7775.37,3933.72,963.97,3259.61,4027.21,3766.15
"4328","TRINITY_DN8406_c0_g1",-3.00225325340973,-0.787468591141707,-4.4622382707295,0.00079828041070686,0.0106554731518217,-0.460355852795037,29.26,25,46.13,29.96,92.78,4.13,2.07,4.14,11.14,3.11
"4329","TRINITY_DN841_c3_g3",1.0876480496903,0.639701736466212,3.61358870259011,0.00362041224375726,0.0283768996226864,-1.76131623700726,27.91,9.6,38.83,24.07,36.15,32.79,58.04,89.07,79.28,59.03
"4330","TRINITY_DN841_c4_g2",-2.22498016220506,-1.3095170275245,-3.94309154545342,0.00199488731331879,0.0193042315973685,-1.22757870937136,36.01,9,14.6,30.66,25.36,6,5.53,1,9,3
"4331","TRINITY_DN8410_c3_g1",1.25394189524253,0.755098071435678,5.61994633517213,0.000117510484863766,0.00326995827821894,1.50631543824731,44.5,12,26.51,20.56,35.39,87.1,72.81,59.22,77.2,53.45
"4332","TRINITY_DN8414_c1_g2",-2.84662725847186,-1.04160215072248,-5.53226229637818,0.000134977129681337,0.00352965595042299,0.766399479902086,43.08,19,35.3,20,46.12,3.19,2,2,7.89,7.46
"4333","TRINITY_DN843_c0_g1",-1.39058593967904,1.19326906974377,-5.6769175456015,0.000107454697812815,0.00310712176726435,1.5804574633811,138.68,45,93.74,59.26,117.59,38.21,36.1,41.29,34.38,32.12
"4334","TRINITY_DN84363_c0_g1",-1.12061331452628,0.982157116423625,-4.97364862974143,0.000334736069962177,0.00619768601140166,0.492054737004763,117.41,22,83.54,56.19,94.35,34.49,20.82,41.57,53.55,31.38
"4335","TRINITY_DN8437_c0_g1",1.55835538444342,3.51991659245105,6.35514207323891,3.83544117485442e-05,0.00170504551234637,2.38878411180095,116.62,94.71,214.65,185.94,203.6,601.13,427.93,503.05,878.33,326.08
"4336","TRINITY_DN8437_c1_g1",-1.30184752930369,6.51239661570911,-16.3315378691247,1.71388825633209e-09,7.55922657514244e-06,12.3889059474968,3889.96,1441.39,4605.82,3591.48,4128.03,1723.79,1513.49,1607.53,1681.5,1320.31
"4337","TRINITY_DN8437_c1_g2",-1.15304307297245,3.57273780754243,-3.33049848896604,0.00608209818193514,0.0399912041889182,-2.79594494915843,667.33,43.5,637.11,543.6,688.27,237.31,202.48,220.55,266,237.83
"4338","TRINITY_DN8437_c1_g3",-1.41687804065643,6.10034238459617,-9.13263215594855,1.03315822660432e-06,0.000231983469732231,5.86065169442582,3311,746,3755,3165,3562,1188,1207,1127,1267,951
"4339","TRINITY_DN8464_c1_g1",1.35854887581508,-0.133534984176042,3.18374343201957,0.00797182270300309,0.0473266136203283,-2.40159019991907,22.55,7,8.06,12.95,30.06,26.86,33.66,21.55,66.26,51.99
"4340","TRINITY_DN8487_c1_g1",-3.2725681289651,-2.16198277988948,-4.86247030246497,0.000403143290625576,0.00695149173681878,-0.637775148555421,31.45,8,22.29,11.21,18.3,1.01,1.02,3.05,0,1.01
"4341","TRINITY_DN8501_c2_g1",-2.7925203724575,-2.60538125682514,-4.88552196154572,0.000387841998352916,0.00678042687267719,-0.678386061465539,15.12,4,12.07,9.46,15,1.01,1,2.02,2,0
"4342","TRINITY_DN8503_c0_g1",-2.83883057117249,0.174436365006645,-4.96344501797573,0.000340473545257427,0.0062588748057623,0.502970970776349,192.45,18,63.64,47.7,98.99,13.62,8,10.54,5.71,27.17
"4343","TRINITY_DN85066_c0_g1",-2.2594841009003,-1.9080621755627,-4.46520810791966,0.000794182719892408,0.0106168423009128,-0.840988363999559,22.56,6,20.16,11.6,14.49,4.18,2.22,1.12,3.3,2.17
"4344","TRINITY_DN8513_c0_g1",-1.04367289563341,2.05878370661488,-5.64815724774325,0.000112412224253696,0.00319290742008239,1.46616185576041,207,65,131,132,194,74,61,66,115,78
"4345","TRINITY_DN8521_c3_g1",-1.9263372297536,-1.65328806643348,-4.14090705479138,0.00140205286152882,0.0152984555740735,-1.03561832543892,22.01,5,18.51,12.76,23.03,1,2,4.47,9,4
"4346","TRINITY_DN8522_c1_g1",-4.27637365756225,-1.51425047061558,-3.17043802806422,0.00817008877716638,0.0481518222594703,-2.48530794062151,52,9,92,71,17,11,3,0,3,0
"4347","TRINITY_DN8540_c0_g1",2.03176258039621,2.9455065736426,13.024791907585,2.19719058581378e-08,2.95022933108098e-05,9.71267579553896,111,35,79,113,136,416,325,436,567,391
"4348","TRINITY_DN8544_c4_g2",-1.85847296005573,-0.584670952116277,-4.85292530256891,0.000409663189290719,0.00702718315171004,0.282125366190753,55,10,47,35,23,11,6,5,14,8
"4349","TRINITY_DN8548_c5_g1",-1.9027348343142,-0.724330379367602,-4.61409486878458,0.000614471736754892,0.00905202678537301,-0.0955358072700196,26.86,11,43.67,32.24,35.4,6.46,6.43,2.62,14.32,12.84
"4350","TRINITY_DN8553_c0_g2",-3.17233892258193,-2.24642444922979,-3.62637083773581,0.00353704989842355,0.0280079196111641,-1.95978917442931,15.78,9.49,15.48,23.9,16.24,9.99,0,8.5,0,0
"4351","TRINITY_DN856_c2_g1",-1.35883236173901,1.05118777596146,-6.63509011649707,2.55330284253947e-05,0.00135196683466954,2.95403073968462,89.35,23.53,96.23,93.71,115.3,25.53,33.36,30.03,51.3,32.9
"4352","TRINITY_DN8565_c1_g1",-1.40640604126074,1.61950942612224,-5.28994291437272,0.00019908022566531,0.00451775294905606,0.949680139130079,165.69,59.25,105.23,157.06,122.7,60.31,53.73,42.72,82.17,23.48
"4353","TRINITY_DN8567_c0_g2",-3.86673408342424,-0.923897095326928,-4.66853181179306,0.000559857868379972,0.00851900040826183,-0.418630445386007,78.06,21,52.06,21.34,101.03,3.21,2.12,2.07,4.15,3.1
"4354","TRINITY_DN8572_c0_g3",1.48974944046541,0.662503478707524,6.23022572359104,4.61475429599585e-05,0.00190986493477984,2.37814352318065,39.02,10,27.11,27.05,18.8,74.09,61.15,53.44,101.05,66.62
"4355","TRINITY_DN8588_c0_g1",1.09569053353517,4.23390878888032,3.90090868241278,0.00215183530650985,0.020245547235467,-1.85108847042021,245.98,95,373.95,581.46,384.55,939.64,374.05,1018.59,955.78,661.57
"4356","TRINITY_DN8606_c0_g4",-1.29977545204948,3.30870573036817,-6.32143938131663,4.03086797246023e-05,0.00175033780283737,2.35565625042647,402.56,192,419.69,415.39,437.22,159.37,100.77,130.69,350.35,178.98
"4357","TRINITY_DN8607_c0_g1",4.51297074562897,-1.38587875392448,4.90913576019698,0.000372797661203317,0.00661100229293005,-0.52913548657677,1,1,2,6,2,70,24,30,85,55
"4358","TRINITY_DN86089_c0_g1",-1.53556585187774,0.362697126847443,-5.01041018854297,0.000314892677918048,0.00597174234523453,0.581152136780359,77.64,23,51.21,45.94,75.31,10.21,20.14,19.17,42.84,13.01
"4359","TRINITY_DN8611_c0_g2",-2.63470688263529,0.719550703206472,-3.64095490141616,0.00344433120958326,0.0275671501658259,-1.68980010571289,39.69,54,162.83,230.24,115.78,31.65,7.53,6.2,50.38,11.1
"4360","TRINITY_DN86133_c0_g1",-1.49093110032772,-1.07497277662761,-3.29190070375281,0.00653013855723755,0.0416380623329517,-2.1340281641338,18,9,19,32,23,6,16,6,8,3
"4361","TRINITY_DN8636_c1_g2",-3.41491439395844,1.34407459420722,-9.29108391995723,8.62292029025136e-07,0.000209625229166315,5.98942359593491,345.14,103.07,205.75,133.09,253.35,17.18,9.62,19.46,44.69,16.38
"4362","TRINITY_DN8651_c0_g1",1.0543780259609,1.49716133579349,4.58327025795107,0.000647838688847607,0.00935955623747357,-0.200016281640195,69,12,57,43,77,134.34,95,78,180,96
"4363","TRINITY_DN8651_c1_g1",-1.28872530619579,3.04014438001598,-3.26510786801405,0.00686066930058567,0.0429778439659698,-2.80650329882456,500.32,91,418.01,410.32,251.6,141.26,184.29,75.97,442.06,65.89
"4364","TRINITY_DN86539_c0_g1",-1.12941837643853,-0.459664799521558,-3.75320296010941,0.0028091050711721,0.0241254328363265,-1.42011686661406,27.21,9,29.87,22.4,54.12,10.36,11.36,12.76,16.39,10.62
"4365","TRINITY_DN8676_c0_g1",1.18833262606775,1.28498259896898,6.37825312340596,3.70726497198472e-05,0.00167214169094312,2.60240589027208,54.28,19,55.55,32.46,38.66,102.93,73.79,106.02,107.15,104.09
"4366","TRINITY_DN8677_c0_g3",-3.09546744466755,1.02930889250258,-12.5551547795446,3.30490618663761e-08,3.8172063032686e-05,8.51767478665976,178.41,36.7,193.03,188.43,160.2,20.25,10.15,19.15,24,17.37
"4367","TRINITY_DN8688_c1_g1",1.13867826345765,0.841644151731736,3.55316701554206,0.00404252773358777,0.0306354936786423,-1.89518645137015,30.77,16,34.49,38.95,27.91,80.74,76.3,48.55,53.64,102.25
"4368","TRINITY_DN8693_c2_g1",-4.759069311482,1.35840195489557,-3.69852413398369,0.00310198055885785,0.0257205714446562,-1.58382586259225,369.21,125.28,376.36,326.17,318.73,404.12,248.98,15.68,0,0
"4369","TRINITY_DN8719_c0_g1",1.77091546744343,2.76784409032746,7.57916064576109,6.97594960698518e-06,0.000657336957945949,4.18966105958333,88,42,128.79,146.98,63,404.56,292.93,306.68,340.24,351.72
"4370","TRINITY_DN8728_c4_g2",1.04724903828486,1.86759001660619,5.00880054625304,0.000315735155533297,0.00597487415993564,0.463949159776997,72.17,27.11,113.92,52.82,56.4,161.91,136.52,116.41,196.54,109.9
"4371","TRINITY_DN8732_c2_g1",-2.82394284432823,-0.518273611946734,-3.19311776305283,0.00783505357791777,0.0467890607668536,-2.2925027714649,39,15,25,51,183,27,4,3,8,3
"4372","TRINITY_DN8765_c0_g3",2.49578593642999,-0.96852748090871,4.45362889294598,0.000810284364040824,0.0107483220001703,-0.455321858002963,13.46,2.93,7,2,7.94,46.81,11.61,36.54,38.91,31.97
"4373","TRINITY_DN8770_c1_g1",1.57554189557233,-0.777666216687224,3.32785043877672,0.00611181634642351,0.0401101226153892,-2.07984422861255,13.22,0,11.17,7.99,18.82,45.41,22.75,15.71,29.4,39.83
"4374","TRINITY_DN8784_c0_g1",-1.49354671728427,3.37369343302132,-6.60161398955041,2.67913406232301e-05,0.00139686815963521,2.76883762319546,369.65,310.62,522.58,315.76,559.75,208.64,122.39,149.64,182.27,168.7
"4375","TRINITY_DN8804_c0_g1",-1.54732698905822,4.0742145832687,-6.62027017409088,2.60821480731349e-05,0.00137416423141633,2.70839934270731,814.09,216.01,1333.32,677.67,724.6,353.78,178.08,198.56,438.65,258.02
"4376","TRINITY_DN881_c1_g2",1.29123827918704,-0.362991284046745,3.23936545248842,0.00719417967495736,0.0443621415119771,-2.27315705255664,9.22,1,16.32,19.64,27.82,31.92,40.73,31.09,28.13,36.73
"4377","TRINITY_DN8830_c0_g1",-1.31155189688776,5.72249442964596,-17.7568037922076,6.5873184173759e-10,6.82046062288481e-06,13.3158990852776,2523.82,830.24,2436.22,2034.04,2349.46,970.13,803.84,951.41,1101.13,730.54
"4378","TRINITY_DN8831_c0_g1",1.70788972555921,0.566541558489785,3.26217693902157,0.00689783906795619,0.0431188263583882,-2.35176470814839,40.13,16.97,46.62,4.69,23.89,69.28,57.11,118.63,82.56,38.54
"4379","TRINITY_DN8838_c0_g1",-1.24504622186043,4.09422845687193,-3.41980262980763,0.00516122546311004,0.0360067054452738,-2.71345774085708,1437.97,515.09,424.13,577.87,476.9,342.07,229.31,395.54,266.15,265.41
"4380","TRINITY_DN8841_c1_g2",-1.05649417404412,1.37327181114786,-4.93494478777406,0.00035705264186429,0.00643759367541603,0.394833350774523,145.85,41,92.34,70.15,111.1,39.51,42.97,42.42,74.59,40.62
"4381","TRINITY_DN8841_c4_g1",-1.87555837079546,-0.0115529009070102,-6.18240030178383,4.95621220060054e-05,0.00198304546138394,2.24062194693447,67.41,11,59.55,39.09,79.01,12.13,7.64,14.62,25.94,9.28
"4382","TRINITY_DN8843_c2_g2",1.28978520990705,0.591017313689766,4.54909207272144,0.000687057772519051,0.00971923100515609,-0.165257846372476,53.29,11,17.58,15.16,35.64,67.05,57.7,60.64,79.62,48.4
"4383","TRINITY_DN88572_c0_g1",-1.81383837837989,-0.729875565911226,-5.07750099526357,0.000281796877812693,0.00557657513519809,0.558810846665467,36,14,41,27,26,15,3,7,12,4
"4384","TRINITY_DN8859_c0_g1",-3.19022585459972,1.09181997510178,-9.06449713434348,1.1175093423839e-06,0.00024244430644698,5.72837343982983,208.49,35.06,148.38,193.72,245.73,35.56,21.58,12.83,16.78,12.44
"4385","TRINITY_DN88598_c0_g1",-1.95137196471125,-0.299975450551069,-5.41697316797713,0.000162221092394755,0.00396078608667116,1.12911910599566,50,20,53,30,48,15,7,16,15,3
"4386","TRINITY_DN8861_c0_g1",-2.20537288746932,1.77913532619418,-7.1552202331638,1.23205509358314e-05,0.000880373841172575,3.66021871596524,239.23,89,224.34,153.9,176.27,25.95,49.67,19.01,92.51,50.69
"4387","TRINITY_DN8861_c0_g2",-2.41142467467105,2.72225769223007,-11.8749683886624,6.11557381767783e-08,5.39463502991386e-05,8.7312391960907,425.18,150,502.59,374.85,389.24,74,83,40.98,127.98,79.94
"4388","TRINITY_DN8861_c0_g3",-2.75206733977861,0.206148952903052,-5.83973727467441,8.342250983452e-05,0.00268990764347882,1.76827550300055,102.77,17,150.66,75.11,66.7,16.05,6.33,3.99,28.64,13.31
"4389","TRINITY_DN88613_c0_g1",-1.47267193480483,0.821138760114651,-6.23756798162238,4.5645844018562e-05,0.00190056613382209,2.39876956600429,92,38,89,47,95,30,25,22,32,26
"4390","TRINITY_DN88616_c0_g1",-1.22125002660299,-1.12931129473046,-3.33917858288733,0.00598570774650189,0.039589276127999,-2.05995287206748,19.75,6,21.83,20.96,21.35,7.45,4.17,3.09,14.52,9.41
"4391","TRINITY_DN8863_c0_g1",1.04374146871774,1.97073541027961,5.08197716829643,0.000279723060935522,0.00554667295011132,0.572978484140936,103.4,17.73,91.52,80.76,60.72,200.19,162.69,133.64,181.7,115.01
"4392","TRINITY_DN8864_c0_g1",1.94162592515802,-0.161681368836726,6.10267334524219,5.58642138134967e-05,0.00211885962810552,2.07529855291688,14,4,19,9,14,38.44,52,61,41,42
"4393","TRINITY_DN8865_c3_g1",-1.65232539411495,-1.59100374515099,-3.62507479494909,0.00354541217412166,0.0280248422268415,-1.69144772328459,23.13,8,17.98,11.6,14.42,7.2,1.03,6.18,3.47,4.3
"4394","TRINITY_DN88653_c0_g1",2.59297692932901,-1.38354353106283,6.24521472389763,4.51294905800798e-05,0.00188625550179194,1.30549044840431,7,1,3,5,6,25,15,24,29,25
"4395","TRINITY_DN88736_c0_g1",-1.73359262895496,-0.0519056506448742,-5.41844916636407,0.000161837786337167,0.00395661239476211,1.1824311312969,79.99,10,54,43.22,51.12,15,8.23,11,31,8.56
"4396","TRINITY_DN88829_c0_g1",1.62518312075361,-1.01861403297274,4.33569347300793,0.000995031650212045,0.0122671613439503,-0.533435303167253,6,7,10,11,7,19,17,19,28,18
"4397","TRINITY_DN889_c1_g1",1.02280351247487,4.48860946200446,7.39177320923277,8.9457703990709e-06,0.000751542082451469,3.75970401921717,626,131,379,360,478,927,809,808,1132,719
"4398","TRINITY_DN88981_c0_g1",-1.10194204529478,-0.773836541265341,-3.71337029296734,0.00301948963476472,0.0252939638527072,-1.46945818570616,21,8,26,24,31,16,5,9,13,7
"4399","TRINITY_DN89010_c0_g1",1.83797972975395,-1.40406503688325,3.61536125206294,0.00360873303979754,0.0283048511762846,-1.67461493152806,13,3,3,6,5,18,8,14,27,23
"4400","TRINITY_DN8903_c0_g1",-2.59423082372137,2.43561501513271,-14.3191180171439,7.60251626836763e-09,1.46700054543489e-05,10.4650310807717,397.14,150.03,306.62,323.76,409.14,61.23,44.26,73.26,52.19,64.18
"4401","TRINITY_DN8903_c1_g1",-1.48229099653538,-0.428278923072121,-4.85088430618594,0.000411071620966506,0.00704101260788899,0.315185148163679,42.25,13.03,29.9,40.02,30.74,19.86,5.9,8.25,12.04,10.57
"4402","TRINITY_DN89094_c0_g1",1.61505253501297,5.47151669551844,4.36895584841925,0.000938865183497719,0.0117893715052526,-1.15116687340099,960.24,58,656.6,1137.62,1023.46,2739.85,2560.62,2253.73,1688.29,2035.53
"4403","TRINITY_DN89225_c0_g1",1.03719641786705,-0.45055856861575,3.86630447616334,0.00229006573009651,0.0210866356549358,-1.23248559807096,21,4,17,15,11,27,24,30,35,20
"4404","TRINITY_DN8924_c0_g1",1.19937528542329,4.50788926070001,7.87792355659779,4.73290470997603e-06,0.000543210780727881,4.41692423544804,455,189,454,325,373,1128,586,1056,1189,775
"4405","TRINITY_DN8928_c0_g1",1.17244332217141,4.80363354118211,12.771401116915,2.73411277036727e-08,3.37651990689276e-05,9.6416018819605,507.94,217.02,468.83,505.74,516.72,1141.72,1075.79,1100.45,1204.74,1083.17
"4406","TRINITY_DN89399_c0_g1",-1.1494162765921,-1.12146416575799,-3.3682296442849,0.00567422920139266,0.0382419018475872,-2.01471316297129,20.95,5,27.8,12,25.71,7.95,4.93,10.88,8.94,5.84
"4407","TRINITY_DN89663_c0_g1",-1.90299234550411,-0.354576435818418,-5.67510165032836,0.000107760770207815,0.00311371644304732,1.47935302280547,32.18,19,40.04,40.36,53.35,6.05,9.05,12.1,10.04,12.07
"4408","TRINITY_DN897_c0_g1",1.42777326428591,-0.38804964504819,4.73066654290574,0.000503669984049455,0.00797042905563448,0.134083379104418,16,3,20,10,13,34,32,21,51,32
"4409","TRINITY_DN8981_c1_g1",-1.88471052362192,1.9689711782056,-4.44250588112796,0.000826072160788787,0.0109038699838363,-0.492375044599428,212.07,46.79,192.75,241.52,278.5,44.53,28.47,20.2,195.91,85.87
"4410","TRINITY_DN89821_c0_g1",2.82194611268483,-1.46178129312733,4.84024236441561,0.000418497985840792,0.00711884672994415,-0.291953162486825,8,0,3,4,6,29,35,28,24,14
"4411","TRINITY_DN89849_c0_g1",-2.31136659022924,-1.39815729124557,-5.53787087119911,0.000133781651111106,0.00351237124450869,0.661218092660937,29,11,20,21,25,5,2,6,5,2
"4412","TRINITY_DN89878_c0_g1",-1.92788094914643,-1.261673808259,-4.18051647826496,0.00130714500335802,0.0146087945099278,-0.861561577677824,28,10,18.01,24,25.21,6,4,5,12.75,1
"4413","TRINITY_DN8988_c0_g1",-1.07302616852712,5.84643738743535,-9.68457161578568,5.56041383323171e-07,0.000174942065734407,6.5187782962724,2311.34,808.74,2949.85,2066.13,2193.41,1192.62,1021.4,957.05,1389.19,850.28
"4414","TRINITY_DN89897_c0_g1",-2.07723779326302,-1.32016274547497,-4.6405078084593,0.000587309214971999,0.00877666248937342,-0.281073318386333,29.64,9.01,21.35,24.68,19.92,2.05,1.03,5.09,8.13,8.23
"4415","TRINITY_DN89909_c0_g1",-1.0417847997435,0.077085341651256,-3.29217737853196,0.00652681077649224,0.0416343387380853,-2.25751236153416,49.89,13,45.59,23.76,67.5,21.53,12.36,34.03,17.43,13.39
"4416","TRINITY_DN89967_c0_g1",1.21334342435963,-0.579731694381962,3.78380139397288,0.0026577560457942,0.0232057579631929,-1.35827687268197,10.04,1,16.8,14,20.97,25.4,23.21,34.01,33.1,22.11
"4417","TRINITY_DN9_c0_g1",1.83920918957042,1.88686780022193,3.23731129876266,0.00722148845741239,0.0444401504154176,-2.60718074083373,122.68,17,17,61,74.2,229.99,405.99,81.46,206.74,162.28
"4418","TRINITY_DN90_c0_g1",-1.85370921091242,4.97065349069834,-7.55878430704496,7.16572242517336e-06,0.000665206853884141,3.94989329934622,1787.41,544.47,2433.28,1043.25,1836.62,463.59,209.19,539.86,624.96,543.45
"4419","TRINITY_DN9001_c2_g1",1.68263958452566,0.287792461700361,6.23221626255473,4.60109529416576e-05,0.0019071073042007,2.34579686422798,26,11,14,16,19,54.2,66,58,51,51.58
"4420","TRINITY_DN9009_c12_g1",1.0809279190518,0.0263114719787321,3.48279982945899,0.00459804054806588,0.0333670005596394,-1.91642799162048,13.66,14,24.06,18.38,18.61,47.55,30.46,46.17,31.67,30.09
"4421","TRINITY_DN9009_c8_g1",-1.75651800612021,0.677984050061852,-5.56757175654909,0.00012763456299329,0.00341292330829003,1.42845588859278,119,17,80.62,108,67.99,26.99,15,15,46.25,18.98
"4422","TRINITY_DN90190_c0_g1",-3.06124345273091,-1.82137178645063,-4.95574592147502,0.000344871020067663,0.00630405439524513,-0.49001672998192,30,13,26,17,17,3,1,1,2,3
"4423","TRINITY_DN9023_c0_g2",1.367602269607,0.857663134532076,3.84558209149844,0.00237719153345041,0.0216460771786474,-1.37947133872141,40.01,9,26.01,36.38,32.68,132.94,107.77,78.23,68.02,38.63
"4424","TRINITY_DN9044_c0_g1",-1.92462272610437,2.42399107954337,-4.5235718780415,0.000717953282740435,0.00999147606550741,-0.424554363200317,251,29,616,262,410,74,76,77,106,65
"4425","TRINITY_DN9049_c0_g1",2.20939038605598,1.07636304071039,5.80571717836124,8.79268449052294e-05,0.00277452764384112,1.78050347724625,37.58,20,10.09,36.4,29.02,135.92,114.3,92.19,109.33,136.07
"4426","TRINITY_DN90500_c0_g1",-1.47816467386443,-0.261890574366555,-5.05340980986455,0.000293239330247759,0.00573185886804008,0.632943798218162,53,15,36,26,45,7,13,13,19,12
"4427","TRINITY_DN90563_c0_g1",-3.21485153129494,-2.0714139176297,-4.53527770116551,0.000703605709585183,0.00988762980324667,-0.955797090750536,28.12,11,15.97,12.93,25.81,0.67,2.81,0,4.59,1.64
"4428","TRINITY_DN9058_c0_g1",1.44802703183169,0.275374253306493,5.09662258784315,0.000273049207123257,0.00547055238203987,0.715244035751155,26,11,25,19,13,55,60,38,58,47
"4429","TRINITY_DN90631_c0_g1",3.58327643496872,-1.20468677617137,6.54470803424778,2.90842011671079e-05,0.00145127738035229,1.35052656271664,2,3,3,4,7,44,32,29,52,32
"4430","TRINITY_DN90707_c0_g1",-1.96857689025253,-1.77474969259601,-3.65507115554737,0.00335695591940492,0.0270925779782271,-1.73117402797721,13,8,17,20,15,1,2,5,4,5
"4431","TRINITY_DN90719_c0_g1",-1.25824016398714,-1.21306795172329,-3.22675790625307,0.00736344975164471,0.0449941511830414,-2.2353749051379,27.08,7,15.05,12,27.03,11,5.01,7.02,8.07,3.02
"4432","TRINITY_DN90724_c0_g1",-1.86453111808291,-0.298019997062094,-4.9783700988115,0.000332115629917466,0.00616580755145631,0.508938772659844,62.57,12,55.98,29.15,43.34,11.15,17.35,12,16.28,3.03
"4433","TRINITY_DN90775_c0_g1",-1.73449406781324,-0.642395745019422,-4.53362410256602,0.000705614208631624,0.00990233321695126,-0.189287514903873,43.56,9,49.84,17.28,36.76,8.39,8.39,4.14,12.58,11.39
"4434","TRINITY_DN90815_c0_g1",3.34696888100173,-2.03100307038203,3.51203789357876,0.00435833034631285,0.0322327023568689,-2.08292176144521,0,3,1,2,5,12,9,21,56,19
"4435","TRINITY_DN9083_c1_g1",-1.34125303456277,1.77237294409642,-3.3083468468828,0.006335281365133,0.0409624035323803,-2.49052583887516,184.23,16.35,164,133.34,271.91,88.13,53.59,86,33.83,61.92
"4436","TRINITY_DN90862_c0_g1",-1.77213045967644,-0.716931337129727,-4.89963082421819,0.000378778294077423,0.00668060614187168,0.322125691198652,30.47,15,31.35,27.26,33.34,15.2,8.07,9.12,7.13,3.04
"4437","TRINITY_DN9089_c1_g1",-1.23689148692632,0.849953199136721,-4.27114409479835,0.00111422456118131,0.013238625784842,-0.656713900106696,95,43,71,40,93,26,27,42,37,20
"4438","TRINITY_DN90900_c0_g1",1.58288959654682,-0.821942155491225,3.8602265412234,0.00231527376253289,0.0212458796684323,-1.23814309258688,12.35,4,10.56,4.13,15,28.37,11.32,33.05,26,29.42
"4439","TRINITY_DN91059_c0_g1",-1.31974426611158,-0.106449240573348,-3.30458098162333,0.00637937382421733,0.0411183272335878,-2.20778153104295,75.92,17,30.66,19.64,54.17,9.29,9.37,17.29,17.38,22.59
"4440","TRINITY_DN9107_c0_g1",-1.37661530282138,-1.48289163165062,-3.28861127086764,0.00656983496784201,0.041802992504253,-2.14922371690254,17,5,16,17,18,4,8,2,9,6
"4441","TRINITY_DN91131_c0_g1",-2.64651099168989,-1.83922464073961,-4.88830273880395,0.000386037761894558,0.00676804648536774,-0.46028931198296,25,8,19,12,26,2,3,2,4,1
"4442","TRINITY_DN91242_c0_g1",-2.24948582353959,-1.29209406249595,-4.95327593522677,0.000346294394289191,0.00632258612021555,0.12269353805742,31,5,19,28,36,6,2,3,6,7
"4443","TRINITY_DN9145_c0_g2",-1.10597529320667,0.742215485557588,-4.84634500229462,0.000414222289244687,0.00707401430439539,0.303293080067967,93.39,24.2,64.13,49.42,75.96,24.81,18.63,31.79,53.34,25.38
"4444","TRINITY_DN9146_c1_g1",2.29691926831381,1.06405374185233,5.50879650509278,0.000140102600492631,0.00360160506878393,1.33842573931294,54,11,20,19,23,146,51,182.02,122.01,168
"4445","TRINITY_DN9156_c0_g1",-1.70268849154421,1.2519934448696,-6.29972177503499,4.16238316591295e-05,0.00177744699674131,2.49189792681552,153.64,49.43,118.47,68.02,143.58,23.15,27.08,31.22,63.39,34.07
"4446","TRINITY_DN91643_c0_g1",-1.22868321633946,0.0245731233116544,-3.95054158506507,0.00196841922304524,0.0191230255167711,-1.12477974136911,58.69,19,35.2,36.15,45.31,23.18,11.16,24.33,24.13,6.05
"4447","TRINITY_DN91664_c0_g1",-1.04893060879856,1.15593241204326,-4.46284105181285,0.00079744693295075,0.0106489518200352,-0.368310049008223,124.49,34,85.6,53.56,100.79,53.38,28.71,36.04,40.69,46.97
"4448","TRINITY_DN9167_c0_g1",-1.82499424635465,3.28166688749177,-5.75938728373483,9.44793191181614e-05,0.00289236935890344,1.50510351486533,447.08,216,718.06,295.21,650,137,64,109,336,147.33
"4449","TRINITY_DN91707_c0_g1",-1.78999430317027,-1.1299602815866,-3.30177225506638,0.00641246194029706,0.0412497864245716,-2.12011397315458,22.61,16,13.65,28.03,25.23,4.12,3.08,11.57,3.14,9.41
"4450","TRINITY_DN91737_c0_g1",-3.22613952526124,-2.38148497147573,-5.17950840753909,0.000238304756235903,0.00502535803542239,-0.361678910906763,19,6,14,19,17,3,2,1,1,0
"4451","TRINITY_DN9174_c0_g1",-1.04403594677768,4.89471040749531,-5.4199226929092,0.000161456075082393,0.00395461710598478,0.710942571559043,1136.24,488,1561.37,792.07,1298.57,489.34,322.15,701.22,779.84,616.89
"4452","TRINITY_DN91746_c0_g1",-1.49496535697934,-1.67257744508019,-3.26952768065191,0.00680500036531462,0.0427255146946991,-2.1984291708929,13.63,4,13.57,15.47,20.81,3.15,2.09,8.53,3.1,6.16
"4453","TRINITY_DN9179_c0_g1",-3.02613951818215,2.20219458533206,-16.8253119156161,1.22022304014401e-09,6.82046062288481e-06,11.7100478753293,383.05,128.25,448.46,311.24,333.48,45.88,25.22,35.57,64.57,47.51
"4454","TRINITY_DN91948_c0_g1",-3.71488135312536,-2.99576437927608,-6.57338758624798,2.79036117950629e-05,0.00142372897225125,0.661903109513183,14,6,14,11,13,1,0,1,0,0
"4455","TRINITY_DN9196_c0_g1",1.10771377250179,3.56533134801795,6.05816935758166,5.97471023861652e-05,0.0022051787675678,1.91848882250503,181,97,269,219,200,612,451,467,399,429
"4456","TRINITY_DN9197_c0_g1",-1.47205016366112,4.07260882677664,-5.17016137782834,0.000241978885604137,0.00507737436377158,0.413637414715973,991.48,287.54,1001.03,413.65,922.21,298.4,134.28,316.88,555.23,207.14
"4457","TRINITY_DN9223_c0_g1",-1.6911993961724,2.20043266365944,-4.21305639347992,0.0012341701151813,0.0141255859633392,-0.937900536310408,298,27,484,208,182,84,75,72,56,81
"4458","TRINITY_DN9223_c1_g1",-1.12470452331581,0.801881510858325,-3.40976008950445,0.0052572856175808,0.0364503561996833,-2.14811302439513,74.61,26,120.81,35.57,83.83,26.83,14.64,33.93,58.69,29.75
"4459","TRINITY_DN92271_c0_g1",-3.8193639301644,-2.11708259854775,-5.25414084670116,0.000210992786438191,0.00467973512104362,-0.259251179869636,40,7,25,18,24,2,6,0,2,0
"4460","TRINITY_DN92298_c0_g1",-1.63588830592467,0.14314502693283,-3.84844185260029,0.00236496769494682,0.021560907312502,-1.3025037304779,71.12,24,69.43,19.78,68.45,15.01,20,18,10,18.52
"4461","TRINITY_DN923_c1_g1",-1.35492799112668,5.79801513708118,-14.0942808751267,9.08410995066666e-09,1.69977460979929e-05,10.7281139671206,2620.85,1035.93,2219.76,2189.46,2652.55,900.06,880.89,1013.99,930.94,948.78
"4462","TRINITY_DN92375_c0_g1",1.13224422427223,2.63206736961948,4.80934483808422,0.000440866947308852,0.00733171350994532,0.0238280208792663,112.06,40.03,69.79,155.01,152.35,227.16,249.16,213.7,274.66,284.35
"4463","TRINITY_DN9238_c1_g2",1.48269630323938,1.88779584911005,5.08741029130314,0.000277227420997451,0.0055148965179609,0.602773725166236,86,6.91,83,88,57.63,170,115,211,261.88,159
"4464","TRINITY_DN92589_c0_g1",-3.29288370657644,-2.58961284817748,-5.53802781041535,0.000133748360467895,0.00351237124450869,-0.0750948900979092,17.65,4,12.48,11.4,23.17,0,0.81,1.02,2.03,0.61
"4465","TRINITY_DN92610_c0_g1",-2.0346515104183,-0.462785379762193,-4.16693560893446,0.00133891230476523,0.0148269650277338,-0.747908671193053,63,18,48,15,56,9,8,5,18,6
"4466","TRINITY_DN9264_c0_g1",1.35959274611691,1.14543805363685,5.99778831582547,6.54789348352129e-05,0.00232858528180294,2.05918738187879,33,16,43.01,38,41,129,69,117,90,77
"4467","TRINITY_DN92651_c0_g1",2.7229007218929,0.560158418355668,4.37645074503608,0.000926671048980282,0.0116942742555558,-0.427643221166632,13,12,45,30,4,133,72,155,87,59
"4468","TRINITY_DN9276_c0_g1",1.47584633884641,4.10799432859531,13.0835251144209,2.08973586196896e-08,2.93265931829226e-05,9.90053981597021,323.42,96,294.12,245.44,296.65,923.39,582.16,856.59,934.09,645.36
"4469","TRINITY_DN92790_c0_g1",-3.47372978992819,-2.22724568044704,-5.98944346023871,6.63158381985915e-05,0.00234663058858833,0.327514754414682,23.05,7,21.24,21.8,17.18,1,0,1,2,3
"4470","TRINITY_DN9287_c1_g1",-1.23933906914963,3.16976484883101,-7.85585617702601,4.8687520360401e-06,0.000547243560225754,4.51227907032634,439.01,163.15,429.1,287.2,349.47,122.93,127.01,171.59,247.85,143.71
"4471","TRINITY_DN929_c2_g1",1.39799985129073,0.406062369561196,4.7561130396353,0.000482391937247128,0.00776100503937875,0.180203897251849,19.27,11,37.46,20.62,17.5,61.01,41.67,82.86,54.12,45.1
"4472","TRINITY_DN929_c3_g1",1.10525699183389,1.07098418533295,3.21657119592016,0.0075031517746388,0.0454734818051927,-2.52859354525432,37.43,27.63,51.92,33.03,26.58,73.24,53.82,67.13,80.15,149.64
"4473","TRINITY_DN9298_c2_g1",-1.64251644957511,1.7710216979603,-8.51351024346739,2.14432180768323e-06,0.000344811414012563,5.32756571521836,184.01,62,178.01,112,200,51,50.01,64,62.07,33
"4474","TRINITY_DN9299_c0_g1",1.77935293131845,2.41599326991598,9.62423087124278,5.94192044416859e-07,0.000179774449596078,6.5849132577805,79.36,26,91.45,71.78,87.44,279.08,206.47,215.64,435.73,252.95
"4475","TRINITY_DN9299_c0_g3",1.87431848791688,0.463488758528851,5.66664443818674,0.000109198440924849,0.00313472121349493,1.56603180483265,22.58,5,21.24,15.66,31.73,82.99,46.65,63.4,152.88,45.79
"4476","TRINITY_DN9301_c1_g2",2.88288747692289,-1.77929168209494,3.32713051358435,0.00611992124338702,0.0401312121841285,-2.25067891858595,10.96,1,8.03,0.49,0.71,12.28,31.85,14.13,37.4,15.69
"4477","TRINITY_DN93017_c0_g1",-3.33191012746216,-0.978813085023777,-5.71390319526532,0.00010141668121174,0.00300097602932605,0.818605678182063,67.43,16,43.34,41.95,43.18,9.88,0,4.17,8.93,3.14
"4478","TRINITY_DN93059_c0_g1",-1.64256291373611,-0.961208718651523,-4.74914722370714,0.000488121448628007,0.00782001988186593,0.0622968159023731,25.19,10,28.14,24.2,24.08,4.04,5.04,11.08,7.05,8.04
"4479","TRINITY_DN9313_c3_g1",2.4304208271967,-2.30514672743701,3.78028018697949,0.00267473773884999,0.0232964134435787,-1.79782482368611,0,0,6,6.86,2.35,11.13,10.96,11,14.37,10
"4480","TRINITY_DN9315_c1_g1",1.33640288217124,1.63906291220923,3.9288869995196,0.00204637475017035,0.019638012912249,-1.34982227004724,35,27,52,78.56,57.53,172.23,126.68,136,208.4,58
"4481","TRINITY_DN9320_c1_g1",1.07852991309504,1.41424181735385,3.2170634786688,0.00749633939820461,0.0454431538543431,-2.57868348381719,67.23,3,86.54,49.12,78,120.87,96.73,97.09,156.13,103.58
"4482","TRINITY_DN9323_c1_g1",-2.78548311442006,-0.837043145742059,-5.02158014280178,0.000309111043993913,0.00591294570772495,0.332397312128959,87.48,11,46.39,25.6,31.61,8,6,4,4.66,4
"4483","TRINITY_DN9330_c0_g1",1.11652581848413,3.62227191965067,8.66087426468219,1.79585002805661e-06,0.000313249004328926,5.48453402347566,237,111,224,214,202,538.94,458,536.77,479.93,415.99
"4484","TRINITY_DN9334_c3_g1",-1.24088926341843,0.37271417724107,-4.81194117998592,0.000438939928777636,0.00731148171625613,0.267290253843588,65.02,32,50.7,37.59,54.28,22.45,25.78,19.38,22.42,15.22
"4485","TRINITY_DN93500_c0_g1",-3.42013013409482,-1.63236936208663,-3.2336164018335,0.00727087388438947,0.0446401557406965,-2.38902626579889,17,10,27,77,25,2,7,2,1,1
"4486","TRINITY_DN9353_c0_g1",1.17573891498112,2.58141033402095,5.23782117725853,0.000216669848998604,0.00476118499500562,0.75063525916567,103,30,158,72,147,188.95,295,268,268,244
"4487","TRINITY_DN93535_c0_g1",-1.10062194792102,-0.968976667388136,-3.29274094570898,0.00652003762943944,0.0416209328587436,-2.14247312663737,18,4,27.99,25,24.98,7.97,5.99,13,9.99,7.49
"4488","TRINITY_DN9354_c3_g1",2.54618985648529,-1.31142787369679,3.73730230280762,0.00289122231965566,0.0245931983637587,-1.52888979293937,1.66,4,6.43,6.08,7.43,14.5,13.11,19.18,53.86,28.24
"4489","TRINITY_DN9355_c0_g2",-1.34748818201147,-0.43534557652784,-3.80859312770722,0.00254128793631958,0.0225814251882343,-1.32572909126271,44,16.13,26.15,19.06,45.37,11.11,6.11,21.32,13.17,7.09
"4490","TRINITY_DN93554_c0_g1",-2.89192083426593,-0.84195227109839,-5.5275552935907,0.000135989142900304,0.00354605472795945,0.928957686305418,36.9,9,50,59.04,45,1,7,5.02,8,6
"4491","TRINITY_DN936_c0_g3",1.80968211649769,1.31962550440018,9.77422012193027,5.0414037736395e-07,0.00017104208803005,6.55122503741792,39.95,14,35.61,37.48,38.31,131.98,97.74,101.67,180.56,126.56
"4492","TRINITY_DN93605_c0_g1",-1.6019562806713,-0.833821021928052,-3.51653468071913,0.00432261032571019,0.0320423220158407,-1.78089760581645,33,10,27,35,21,12,1,10,8,16
"4493","TRINITY_DN93609_c0_g1",-1.47760717071347,-1.53851954354392,-3.44719695329595,0.00490816600497745,0.0349037699499422,-1.92702015503675,15,7,21,18,13,4,5,5,7,3
"4494","TRINITY_DN9375_c1_g1",1.94326747237724,-1.70853987390359,3.862097571349,0.00230748342750866,0.0211932897042696,-1.42132302746635,5,1,5,7,4,12,19,15,13,15
"4495","TRINITY_DN9376_c1_g1",1.56443664577405,0.107216516233183,6.65684044928856,2.47492855477329e-05,0.00132427979549516,2.87233661166288,17,8,22,14,18,45,39,41,59,56
"4496","TRINITY_DN9389_c0_g1",1.07220720225562,1.91313487403029,5.13792560709158,0.000255114100936865,0.00524917877529142,0.672997714445324,96.93,12.03,68.39,84.02,83.2,161.82,139.64,151.87,150.12,167.75
"4497","TRINITY_DN9397_c0_g1",-1.01800751735031,1.71395374715468,-3.96004693424903,0.0019351744023635,0.0188921974699038,-1.31578161974661,102.64,55.6,159.19,120.36,132.92,63.43,27.52,49.46,106.02,80.7
"4498","TRINITY_DN94_c3_g3",1.91164509836161,-1.30445019909616,4.08856212817511,0.00153854758567182,0.0162604148053854,-1.00944203074589,8.77,0,10.79,7,6.84,30.25,13.63,23.83,31.04,11.34
"4499","TRINITY_DN9406_c0_g1",-1.31810708491322,3.71589864761826,-6.97429477398943,1.5812551255108e-05,0.00103585511476456,3.26103006670392,690.05,202,421.87,488.58,805.17,210.65,187.34,240.06,335.02,185.56
"4500","TRINITY_DN94111_c0_g1",-2.36812841026551,-1.9827028607563,-3.9133195571901,0.0021043791720237,0.0199545165649913,-1.55213521477909,22,6,16,20,12,1,3,2,6,1
"4501","TRINITY_DN94164_c0_g1",2.39552426823235,-1.86602425806361,4.0265035033631,0.00171836391493991,0.0174057636187187,-1.3390747809071,9,1,2,1,7,15,13,15,29,10
"4502","TRINITY_DN9430_c0_g2",1.03497145004493,3.40478130208864,3.56673053920634,0.00394358644310591,0.0301595957008799,-2.323225768698,217.63,86.21,139.77,181.08,266.67,422.66,408.14,481.15,257.83,547.22
"4503","TRINITY_DN9434_c2_g1",-1.00634556546143,3.02962452589436,-7.38189151607282,9.06494097165303e-06,0.000755387280860501,3.89485849853362,361.32,124,339.7,231.29,346.84,191.52,116.4,156.47,210.69,123.05
"4504","TRINITY_DN94400_c0_g1",-2.26681288699654,-1.38635789357879,-4.93868225520653,0.000354831059356486,0.0064083381845991,0.0157879674308123,21.66,11.01,22.69,23.68,23.51,3.07,6.16,6.13,4.08,1.02
"4505","TRINITY_DN9444_c0_g1",1.1745876893881,1.57842440970427,3.60040490769618,0.00370850160869103,0.0288222224459979,-1.92643976947748,58,22,69,51,46,120,67,74,211,190
"4506","TRINITY_DN9447_c0_g1",-1.43672467728769,1.25281864372367,-4.76787995169867,0.000472872792729402,0.00765974533196619,0.136416317679399,127.89,37.07,139.23,57.75,132.61,22.24,58.55,34.22,53.3,32.64
"4507","TRINITY_DN9448_c1_g1",1.66902695454342,-0.831687210544086,4.56741582215207,0.000665732485212632,0.00952668586255147,-0.176108817117731,10,4,10,4,19,28,23,24,27,23
"4508","TRINITY_DN94506_c0_g1",-3.3031275594268,-1.1052859523581,-4.2379243072036,0.0011812579543582,0.0137389934386344,-0.899373608659695,47.8,12,22,52.6,54.25,0,12.01,5,5,4
"4509","TRINITY_DN94544_c0_g1",-2.16441071459284,-1.5548621484795,-3.883135292263,0.00222172529723224,0.0206451608206917,-1.38161050942711,33,10,22,14,15,6,6,2,6,1
"4510","TRINITY_DN946_c1_g4",1.95979625448064,0.491902689428075,4.91650092522511,0.000368231551576229,0.00656975340446084,0.43512580274276,9.77,8,29.11,24.14,29.02,100.55,51.62,107.81,68.02,52.02
"4511","TRINITY_DN946_c6_g1",1.58326258445984,2.21182477875673,4.72579670884181,0.000507852857435073,0.0080099356937167,-0.0440813464332246,113.23,37,57.15,55.08,66.5,242.68,216.61,386.12,169.88,131.32
"4512","TRINITY_DN94606_c0_g1",-1.42872800428804,-0.947521144515452,-3.48679979550641,0.00456446886420501,0.0332085328790936,-1.82819241563488,24.09,3,43.69,26.54,23.22,4.9,5.68,7.55,15.62,7.81
"4513","TRINITY_DN9465_c2_g1",-2.35660622375468,-0.438820475015906,-5.28509242078383,0.00020065177586837,0.00454173235202349,0.877469138180699,69,18,38,31,59.04,11,13,5,16,2
"4514","TRINITY_DN9468_c1_g2",1.09199924011931,0.477045423264769,4.37583557865318,0.000927665682264501,0.0116992343652549,-0.443562045178471,24.24,4,36.37,28,38.66,57.85,40.36,52.35,85.54,51.07
"4515","TRINITY_DN94759_c0_g1",-1.14529606466587,-0.714745911918824,-3.76288487504198,0.00276028079966272,0.0238413510725379,-1.3902855531196,26.77,14,25.88,17.31,29.56,9.21,5.19,15.22,12.31,7.16
"4516","TRINITY_DN9476_c1_g1",1.02559288467548,1.6028728634614,4.61036843886467,0.000618408295336124,0.00909611134359576,-0.169626128941267,68.82,29.46,51.18,43.8,63.25,118.12,124.33,152.2,102.24,88.45
"4517","TRINITY_DN94857_c0_g1",-2.03003726281909,-1.51126941809726,-3.65589732548229,0.00335191304837222,0.027055415282469,-1.65317076417256,22,7,35,12,18,3,4,12,3,2
"4518","TRINITY_DN94864_c0_g1",-1.95064905624871,-0.567017072515405,-3.44012283449601,0.00497227976913177,0.0351774885724173,-1.91086901826432,28.04,12,97.82,21,38.53,11,2,6,12.1,18
"4519","TRINITY_DN9492_c1_g1",-1.10359456639717,-0.312644077804171,-4.42743238519603,0.000847980343828181,0.0110793673869451,-0.330164894167911,32.12,14,30.9,28.04,42.09,17,11,13,19,8.32
"4520","TRINITY_DN9492_c3_g1",-1.6198722709998,-0.277024468542781,-4.43306214994427,0.000839727931401095,0.0110064785200923,-0.321238710011501,31.24,14,37.23,41.71,58.93,19.05,8.05,6.02,11.32,19.04
"4521","TRINITY_DN95_c1_g1",1.7318219278654,-0.867604993799881,3.43206507816168,0.00504634754006266,0.0355322576954145,-1.91497954913553,12.41,9,6.42,3.28,13.5,13.94,12.17,28.89,43.22,31.47
"4522","TRINITY_DN95019_c0_g1",-1.66705229302455,-0.430630160309307,-4.51600771746993,0.000727386576157297,0.0100660390642225,-0.199193229230788,29,21,29,49,38,8,6,9,16,11
"4523","TRINITY_DN95052_c0_g1",-2.21030499470339,-0.666713142531142,-5.4765930183023,0.000147473536176697,0.00373204750485192,1.06936483973023,42,15,32,24,64,5,6,6,14,5
"4524","TRINITY_DN9526_c1_g1",-1.73534654195299,0.889659321966032,-3.60798544661493,0.00365758666975528,0.028584819856227,-1.80211894109884,153.03,14,102.03,156.01,62.92,12.01,28.24,18.59,74.74,27.98
"4525","TRINITY_DN9550_c0_g3",1.22495901263268,0.531881767726887,4.69303375968467,0.000536955850714745,0.00831810082035476,0.0718928684206173,20,12,40.31,20.08,29.02,83,46.16,47.2,64.39,52.01
"4526","TRINITY_DN9557_c4_g1",-3.76914065219169,-1.72480432332394,-5.46468676909861,0.00015030140629461,0.00378654069191332,-0.0521697084840458,37,16,43.64,17,29,3,1,2.01,1,1
"4527","TRINITY_DN9559_c3_g1",2.38084015401231,0.251399222742766,8.23963107565193,2.99978412863761e-06,0.000421937745729191,4.65010036349369,12.09,10,17,15,13,74.85,81.04,59,84.05,49
"4528","TRINITY_DN9563_c1_g1",-1.09969534627502,-1.1242607795973,-3.3450095836096,0.00592182710273964,0.0393310723824855,-2.05182676714067,28,5,16.62,16.26,20.27,7,5,10,7,10
"4529","TRINITY_DN95662_c0_g1",-1.73695829259333,-1.78050126060731,-3.43121126738664,0.00505426135601225,0.035565872388723,-2.01725025563259,20,9,16,12,12,5,4,3,6,1
"4530","TRINITY_DN9570_c1_g1",1.29976128185735,2.96112194074379,3.65792984156668,0.00333953974428799,0.0269802302931172,-2.0630726292343,195.01,27,106.02,92.44,282.41,355.07,286.37,251.15,750.97,232.59
"4531","TRINITY_DN9604_c1_g2",1.20671852847309,1.12307497620608,4.35262841820664,0.000966011385730026,0.0120309138858527,-0.543639656632748,50.22,8.92,48.9,46.89,35.97,115.04,83.43,110.18,124.99,44.15
"4532","TRINITY_DN96189_c0_g1",-1.10557441079187,-1.05362449592918,-3.18577997588338,0.00794190676999083,0.0472171056454259,-2.30861733907981,23.49,5,27.28,16.22,20.46,4.05,7.19,11.52,13.02,6.02
"4533","TRINITY_DN962_c3_g1",-1.16636688403686,3.50819227837082,-8.14611692028596,3.37040431199226e-06,0.000451444089928196,4.85429593180481,598.25,156,480.66,356.47,496.48,194.43,201.91,233.03,203.5,216.69
"4534","TRINITY_DN9623_c0_g1",1.22819682408185,-0.390877067705086,3.50937946344088,0.00437958893074939,0.0323249889189473,-1.82417697926233,24,5,18,6,16,25,34,39,28,27
"4535","TRINITY_DN9629_c2_g2",-1.28421183579041,2.65265710358803,-4.53228201433068,0.000707248737777779,0.00991496113225965,-0.458493076960807,278.82,95.96,178.92,216.45,512.66,106.94,80.74,109.01,166.98,92.74
"4536","TRINITY_DN963_c0_g1",-1.04509288378145,9.99744373016905,-8.94844575534421,1.27867619043568e-06,0.000264065877615459,5.38739115363234,32575.87,14521.29,48117.17,33729.61,40751.3,19566.36,13624.49,22220.88,25761.77,17789.59
"4537","TRINITY_DN9642_c2_g1",-2.31641929983629,0.0742943704688679,-8.87984687817333,1.38553903682748e-06,0.000277773585863712,5.19272590318842,68.94,25,78.29,45.36,73.94,9.22,10.12,14.15,18.42,7.12
"4538","TRINITY_DN9645_c0_g1",-1.31903039064924,8.38781872516813,-15.0489767958366,4.33782746082525e-09,1.08604997325284e-05,11.4130374547854,13867.05,6511.34,12482.17,13565.67,14386.59,5929.26,5485.34,6317.33,5979.38,5292.02
"4539","TRINITY_DN96456_c0_g1",-2.04875864599566,-1.3446877978667,-4.86636467381853,0.000400514493381844,0.0069188626550631,0.0252128339633053,28.9,6,29.69,16.05,22.72,5.1,2.07,8.14,3.06,5.16
"4540","TRINITY_DN9654_c0_g1",-1.06419910915644,0.620665449290208,-5.10496687230828,0.000269321804487625,0.00541314754295843,0.720245362253657,73.29,17,52.71,61.23,76.86,32.07,24.57,20.08,35.27,27.45
"4541","TRINITY_DN9657_c0_g2",-1.35623683717416,1.58300827201629,-4.10716203150069,0.00148853545482607,0.0159103491889562,-1.03339800282025,168.1,32,104.6,119.31,177.61,54.85,47.96,58.78,26.41,85.27
"4542","TRINITY_DN96612_c0_g1",-3.94406719897825,-1.03530372998269,-4.34310260184783,0.000982225123007378,0.0121665871405135,-0.823363894584387,37.32,13.43,70.48,48.35,56.4,0,32.12,6.32,0,6.1
"4543","TRINITY_DN96642_c0_g1",-1.22912443508597,-0.433089792845936,-4.70165775005337,0.000529129954105997,0.00822783087538079,0.094608664457736,47,9,32,22,39,13,7,13,18,10
"4544","TRINITY_DN9665_c0_g1",-1.68193837611028,0.500613588032353,-5.41916182457326,0.000161653056301773,0.00395661239476211,1.20593082797479,120.77,22.87,58.55,51.44,73.59,33.02,9.92,27.51,22.17,14.55
"4545","TRINITY_DN9684_c1_g1",-1.50243268527675,3.4362402456279,-12.0462617888716,5.22285044863291e-08,4.67392129713312e-05,8.9853364766366,582.54,204.41,477.33,389.91,549.05,200.39,134.07,198.12,213.96,139.43
"4546","TRINITY_DN9684_c1_g2",-2.08054651990647,1.60117102191121,-8.43486068815444,2.35940225244636e-06,0.000367208680057236,5.21171975211855,199.43,83.59,132.1,132.87,201.1,50.53,20.11,46.86,39.87,39
"4547","TRINITY_DN969_c4_g1",-1.3942231777653,0.686494811917245,-3.45070159674881,0.0048767152423549,0.0347281066526272,-2.05682122039497,67.76,12,82.85,77.03,120.97,11.6,18.95,37.96,69.26,19.62
"4548","TRINITY_DN9691_c0_g1",1.11696946839257,0.413937750887489,3.30208648657901,0.0064087515265191,0.0412345096654685,-2.27661859059145,28,21,30,15,21,88,29,58.87,47,38
"4549","TRINITY_DN9694_c0_g1",1.04977994604112,1.1750359754796,3.3878280759595,0.00547344076108417,0.0374441489068162,-2.24443530632838,48.55,38.01,46,28.25,34.36,91.62,41.98,109.02,129.08,67.15
"4550","TRINITY_DN9695_c1_g1",1.46511644060682,0.368294414706914,3.89686752075116,0.00216752470079926,0.0203404734384427,-1.23646073317978,13,12,22,22,30,65,83,62,41,37
"4551","TRINITY_DN970_c2_g1",1.07506078963187,5.77238934236739,8.98189443550964,1.22980877168515e-06,0.000256548081195996,5.70432062424764,1069.14,423.93,891.06,1002.68,1167.73,2359.09,1626.44,2156.97,2144.22,2373.21
"4552","TRINITY_DN9734_c0_g1",1.81159356881926,1.06617552083693,6.29905869681092,4.166469575252e-05,0.00177796242800733,2.48819509627868,37.31,14,25.46,27.63,33.47,84.41,152.32,93.22,147.44,67.52
"4553","TRINITY_DN9734_c1_g1",1.09245430350555,-0.228051611160728,4.58688821950608,0.00064382617549638,0.00932337952858859,-0.0783935411701444,16.53,5.82,20.27,11.48,21.49,34.7,27.25,38.18,35.76,25.32
"4554","TRINITY_DN974_c2_g2",-2.43801471566337,-1.99715110678152,-3.32314461051127,0.0061649919814015,0.0402790670940914,-2.28318890919239,14.16,9,13.49,27.88,12.35,6,2,2,1.41,1
"4555","TRINITY_DN97607_c0_g1",1.81620185836449,-1.68143612047085,3.7456527235871,0.00284779462874249,0.0243418636123465,-1.5530344240265,3,1,4.06,10.25,7,13,12.98,15.62,14.5,13.93
"4556","TRINITY_DN977_c1_g2",-3.65335026514733,-2.18772652394766,-5.22065305630122,0.000222815994839059,0.00483770817486717,-0.298513517800853,28.93,6.01,21.4,13.05,34.15,0,0,3.05,3.3,2.05
"4557","TRINITY_DN97762_c0_g1",3.1682197189946,-2.44535384557571,3.31542013128035,0.0062532968882781,0.0406322820432912,-2.33202019491393,0,4,2,0,3,5.02,10,17.46,29,16.01
"4558","TRINITY_DN9781_c0_g1",1.00329818565918,1.88821042798237,4.71737119068969,0.000515175906158856,0.00807797914004496,-0.0254696385617521,71,23,95,75,62,106,150,121,185,165
"4559","TRINITY_DN9799_c0_g1",-1.63842401989614,5.14511409663406,-5.74745969016202,9.6248565276365e-05,0.00291617095617517,1.22898944130906,1768,735,1702,1271,2089,553,510,1260,360,371
"4560","TRINITY_DN98085_c0_g1",-1.87090258261383,-2.01919211283149,-3.38182126224664,0.00553420244722562,0.0376583345314841,-2.13727736668695,16,5,12,10,15,3,5,3,1,4
"4561","TRINITY_DN9809_c0_g1",-1.22280254748503,3.11926837333347,-6.49544932240915,3.12376766648385e-05,0.0015104651986691,2.63646319049658,432.3,160,284.6,329.78,389.19,138.66,107.4,126,215.35,203.38
"4562","TRINITY_DN98228_c0_g1",-2.34338522424511,-2.21710779336075,-3.79734424841565,0.00259346911069043,0.0228657455145461,-1.76201800145036,22,8,12,10,12,4,2,1,2,1
"4563","TRINITY_DN9825_c1_g1",-2.01796812910357,3.59383666058872,-12.5875459182447,3.21178736024564e-08,3.81387396000861e-05,9.45420263032979,663.15,224.9,830.22,504.61,804.09,149.73,105.28,179.68,231.19,174.53
"4564","TRINITY_DN9827_c1_g1",-1.38587223331387,-1.25896787573858,-3.29765604908991,0.00646126707123553,0.0414134067014216,-2.12574396559894,28,8,16,12,23,12,7,3,7,4
"4565","TRINITY_DN98353_c0_g1",-3.23901634359025,-1.21912144692989,-6.18501132622798,4.93689469874396e-05,0.00198207655304319,1.14140101465565,44.09,14,38.23,21.06,48.22,3.39,1.01,2.01,3.02,7.05
"4566","TRINITY_DN9839_c0_g1",1.99495544838168,-0.545482264278905,5.20994428222227,0.000226742438202223,0.00488619451043176,0.786126319634387,7,6,11,13,11,54,30,32,31,25
"4567","TRINITY_DN984_c9_g1",2.84930968858779,-1.28064459797281,3.3628966279011,0.00573015011197763,0.0385011217752333,-2.07831292146208,4.92,4,18.97,3.59,1.28,26.15,7.86,43.25,40.37,32.21
"4568","TRINITY_DN98576_c0_g1",-1.51191484596462,-0.222091680541526,-3.21077019932528,0.00758390024933988,0.0458030783055789,-2.35231845865579,81.71,4,48,35.56,45.12,21.31,15.55,4.48,23.06,11.01
"4569","TRINITY_DN98582_c0_g1",3.02561436568522,-1.81917484826843,3.70726170352102,0.00305315538919039,0.0254730764723319,-1.80884563123295,0,0,12.53,1.09,7.75,23.88,13.66,13.72,22.31,36.4
"4570","TRINITY_DN98725_c0_g1",-1.52368675535386,-1.59242071082289,-3.58768008133759,0.00379560369271338,0.02931835586911,-1.7318800971795,22.57,5,15.51,11.16,19.26,4.05,5.1,7.18,6.06,1.02
"4571","TRINITY_DN98903_c0_g1",1.65886804620605,-0.858031382052308,4.57729916951482,0.000654518157740954,0.00941859408160998,-0.170446496530767,16.96,2,7.34,9.1,8.05,20.01,29.73,19.64,33.27,24.62
"4572","TRINITY_DN9909_c0_g1",-1.01695732288509,0.264022275116324,-3.96909895539272,0.00190405369255927,0.0186743162053557,-1.11636755242489,51,16,43,47,56,13,25,17,32,25
"4573","TRINITY_DN9930_c3_g1",-3.19531897390475,-1.72626180948931,-4.47146611600403,0.00078561972059835,0.0105434571848526,-0.940046457438137,37,11,36,18,16,3,2,2,1,3
"4574","TRINITY_DN99401_c0_g1",-1.65785272384342,-1.62027409005074,-3.3613040437303,0.00574695785194955,0.0385804689543576,-2.07110184994277,23.29,7,25.7,9.17,13.34,4.2,3.07,3.14,6.38,3.12
"4575","TRINITY_DN9941_c0_g1",1.69203000749344,0.151541681994942,4.75353574802039,0.000484503557927224,0.007790918149711,0.183268835595063,13,5,21,35,13,53,48,53,46,66
"4576","TRINITY_DN9965_c2_g1",-1.21191189639528,0.392092165218808,-3.28010212504152,0.00667365917539451,0.0422428262217293,-2.31629003833773,98.89,20,32.87,39,78.99,28.02,14,19.02,44.01,13
"4577","TRINITY_DN9975_c6_g1",1.92810525681193,-0.755942683642359,4.70150731083939,0.000529265443830556,0.00822786571642728,0.011063222252516,11.82,2,8.36,15.22,6.91,25.98,22.06,38.43,26.2,36.49
"4578","TRINITY_DN9977_c0_g2",1.03349975232887,3.87919932180736,4.19997052720867,0.00126299515608193,0.0143411961930392,-1.2558664408252,243.49,130,439.82,225.04,229.15,884.67,361,427.83,659.94,610.92
"4579","TRINITY_DN999_c4_g1",1.13321009793027,0.381160382230951,4.15372666823003,0.00137057791698908,0.0150775779829399,-0.805121132760063,48.38,3,25.05,18.75,30.06,60.2,43.27,67.19,55.01,46.88
