"","GeneID","logFC","AveExpr","t","P.Value","adj.P.Val","B","10L1brain","10L2brain","10L3brain","10L4brain","10L5brain","22L1brain","22L2brain","22L3brain","22L4brain","22L5brain"
"1","TRINITY_DN100037_c0_g1",-1.01912006616721,-0.880593162670338,-3.09210328646499,0.00948849572553512,0.0491520335849748,-2.47043800808532,32.56,18.92,20.83,14.69,26.14,7.56,8.3,4.64,12.73,13.79
"2","TRINITY_DN100247_c0_g1",1.4250390068252,-1.20541703847329,3.11185056065723,0.0091491665254269,0.0479423740418157,-2.41581838571054,10,3,14,6,14,18,11,15,23,24
"3","TRINITY_DN10027_c1_g2",-1.57244533283212,0.614645569906947,-5.74589781227014,9.82042942050243e-05,0.00254031129511251,1.67660568848962,79.51,46.05,83.77,70.63,96.83,38.27,13.36,23.45,28.72,13.86
"4","TRINITY_DN10035_c2_g1",1.07410867722745,-0.583690954893513,3.12627688930068,0.00890900805476771,0.0471335349860778,-2.45338408760438,14.1,19.55,11.56,13.22,10.84,33.93,24.32,29.74,28.01,10.89
"5","TRINITY_DN100416_c0_g1",-2.03831880226252,-2.17923345757532,-3.19657685522939,0.00782647607971274,0.0434194902289828,-2.55431536502882,15,16,11,13,13,4,0,3,7,1
"6","TRINITY_DN10046_c2_g2",1.21287451098513,-1.12870224236055,3.70225523999568,0.00310402687611493,0.0237306782897539,-1.50525387099931,8.51,7.16,8.47,8.05,14.26,15.34,17.63,19.41,17.16,15.64
"7","TRINITY_DN10049_c0_g1",-4.14418469142253,-1.16113824662952,-3.70649979995134,0.00308025638970809,0.0236237684868817,-1.94702775170308,51.78,63.64,76.13,35.49,55.97,0,33.83,0,34.21,0
"8","TRINITY_DN1006_c7_g1",1.02335401150807,-0.199275158047657,3.18958204550271,0.00792796556504441,0.0437518256120703,-2.40214019913234,18.47,13.44,24.44,11.55,23.78,43.02,23.67,17.88,59.31,27.39
"9","TRINITY_DN10077_c0_g1",2.54331612118132,-0.822251959872671,4.33545407842047,0.00100588520095014,0.0112159723304795,-0.625569773026637,10.93,6.59,17.86,11.47,1.93,47.1,31.89,24.79,37.22,34.72
"10","TRINITY_DN10078_c0_g1",1.08745342353066,1.76851802885208,3.41842015192038,0.00520651119371716,0.0333123251285247,-2.3054609812731,72.65,60.92,43.65,93.64,63.7,252.3,139.66,114.58,100.21,101.13
"11","TRINITY_DN1008_c0_g2",-1.15095908516237,2.08641991619968,-5.64538810058845,0.000114856082835853,0.00281995783526684,1.44286889148251,248.98,143.88,170.15,129.24,190.39,84.14,49,90.35,120.94,49.7
"12","TRINITY_DN10083_c1_g1",-1.22034863685904,0.846083269945586,-3.86538260790841,0.00231270963425514,0.0195053176408632,-1.36236549738921,115.32,109.32,53.63,44.11,79.92,28.09,19.04,23.36,43.75,39.69
"13","TRINITY_DN10086_c0_g2",-1.75241412819121,1.46121242083477,-7.61037457637572,6.88067876738367e-06,0.000532557673075529,4.20881529027703,182.32,124.1,163.81,86.17,152.67,52.88,28.38,40.51,57.32,22.88
"14","TRINITY_DN10119_c0_g1",1.79820316007717,4.63213580013773,9.86134375529348,4.76339174735572e-07,0.000135014967728474,6.77509020341832,291.89,447.74,356.09,336.08,385.48,1695.56,1212.94,1355.3,1096.62,950.44
"15","TRINITY_DN10149_c0_g1",1.01871396087552,2.89572407161189,6.56386365587608,2.89177945885228e-05,0.00122779971360326,2.73646340183923,130.99,135.34,124,172.05,157.6,255.93,207.09,338.31,375.6,276
"16","TRINITY_DN101534_c0_g1",4.33536360579892,-2.6057775686655,6.98213827356012,1.60226367111535e-05,0.000876473709431235,0.559481809533512,0,3.59,0,1.22,1.18,15.8,13.84,17.86,28.55,16.74
"17","TRINITY_DN101618_c0_g1",-1.20740232310821,-0.189605411304305,-3.93971072620102,0.00202420270601827,0.0178709086578549,-1.13059423082027,43.06,32.67,45.06,31.15,39.58,22.48,7.44,6.2,28.3,13.99
"18","TRINITY_DN1018_c0_g1",1.12380850324986,2.27529998191594,5.45854241453908,0.000154258956790905,0.00340339198932477,1.12262690690663,87,98,67,114,92,234,188,232,173,148
"19","TRINITY_DN101808_c0_g1",-1.42048251240045,-0.979111984566005,-3.17235122889433,0.00818367224765489,0.0446666844217304,-2.32606210593894,15.17,27.3,27,15.39,36.58,9.08,9.16,9.36,4.06,5.21
"20","TRINITY_DN10186_c1_g1",2.31241262449523,-0.546242806302877,3.92413886912748,0.00208140806438301,0.0182101936840749,-1.14982007241056,14,5,15,11,6,19,65,29,72,35
"21","TRINITY_DN101955_c0_g1",-1.4110664937432,-1.4597429368088,-3.52392271415887,0.00429301790885044,0.0293679516942895,-1.82955371468788,22,16,18,10,21,8,4,6,4,3
"22","TRINITY_DN1022_c0_g1",-1.00087798822183,2.96668004490901,-4.83646355930785,0.000426659588768116,0.00644861634117167,-0.00378665326217398,352.75,271.03,274.78,267.07,353.16,136.44,105.02,114.02,326.09,124.13
"23","TRINITY_DN10247_c0_g1",1.76018455105464,0.21738176347443,3.6108063856861,0.00366448610576661,0.026551804660833,-1.71668082454266,30.73,29.83,21.76,14.19,7.47,86.93,22.74,94.19,44.8,61.37
"24","TRINITY_DN10264_c0_g1",1.29070895396989,4.18396242182593,11.1073959890899,1.32733854097711e-07,6.98247564344181e-05,8.08046135725879,361,275,338,352,260,848,735,777,864,619
"25","TRINITY_DN10273_c0_g1",2.98626634896965,3.91317176219683,4.28459004855062,0.00109936169740356,0.011913718227065,-1.04136022365312,295.97,49.72,168.38,570.97,51.25,526.6,912.14,724.96,2086.74,2558.54
"26","TRINITY_DN1028_c1_g1",1.02148529980844,1.42804826928384,4.17527981786763,0.00133209018050427,0.0135710103175156,-0.909694836175126,83,50,41,37,60,150,99,77,95,104
"27","TRINITY_DN10295_c0_g1",-1.38073652932327,2.49349487762711,-4.76464938084008,0.000481488427863681,0.00692707514162333,-0.0438438944779858,316.81,253.94,180.78,327.15,189.83,111.52,139.72,87.5,107.66,45
"28","TRINITY_DN10295_c1_g1",1.88035204085691,0.50033430847313,4.03139112650503,0.00171877116376625,0.0160690792258176,-1.02906409389953,21.03,49.85,8.44,29.91,17.75,104.77,61.18,81.24,107.48,28.57
"29","TRINITY_DN10303_c0_g2",-1.85800244490793,-0.797814779638785,-3.3321513657241,0.00609912540522349,0.0369515863568411,-2.07467197095087,73.07,21.61,38.05,20.18,21.54,5.22,14.72,8.38,8.62,2.07
"30","TRINITY_DN10303_c2_g1",-1.08944669091494,-0.676026288620677,-3.22742210524306,0.00739434623944465,0.0418428345164547,-2.26730116200408,37.61,20.39,24.62,28,23.2,8.08,9.1,19.25,13.17,4.03
"31","TRINITY_DN1033_c2_g1",1.55971852255754,1.41910158911937,8.62747448989037,1.93029759509456e-06,0.000273753378303681,5.39423758532363,36.04,46.01,50.66,44.9,43.95,120.99,103.28,152.36,154.74,90.38
"32","TRINITY_DN10349_c0_g2",-1.11885634140437,3.21327133744126,-6.11324586815919,5.60704264231602e-05,0.00182512619286379,2.02956152812567,444.38,351.29,481.64,223.41,404.35,162.39,124.78,221.21,205.52,152.38
"33","TRINITY_DN10356_c0_g1",-1.37772902533266,4.05917439976188,-5.01009679934988,0.000319449332720577,0.00537810813934553,0.135254912250867,613.79,815.5,560.44,1273.02,599.24,384.38,268.85,196.94,354.54,227.86
"34","TRINITY_DN10385_c0_g2",1.71162912208528,1.4268540783722,7.06103902025575,1.43701455878428e-05,0.000821374233167358,3.51166198454075,48.17,53.85,30.05,33.72,46.79,147.56,139.74,172.49,120.58,87.57
"35","TRINITY_DN10387_c0_g1",1.1791854326334,1.83704746218146,4.2556391666146,0.00115655770137203,0.0123694284553699,-0.827801742243109,55.33,42.4,99.32,74.82,70.85,195.6,194.49,132.32,127.76,99.64
"36","TRINITY_DN10391_c1_g1",1.16240685910084,1.2706026555447,4.27344381954584,0.00112102632035102,0.0120978073382248,-0.716090517309431,47.73,43.66,71.96,27.38,44.13,91.9,72.98,68.45,119.32,150.23
"37","TRINITY_DN10394_c0_g2",-1.21941745117297,1.14979719838621,-5.91739835387233,7.54192278561941e-05,0.00217646357505597,1.92413522804101,95.28,72.15,112.1,73.89,119.71,47.06,41.05,26.16,48.03,28.77
"38","TRINITY_DN10401_c0_g1",1.22024948814237,4.53622592302211,11.5291205801494,8.8485431915591e-08,5.72150489659208e-05,8.47638099166751,396.19,420.79,465.44,383.27,395.66,1087.28,876.48,771.4,1192.08,890.65
"39","TRINITY_DN104058_c0_g1",-3.05398865159558,-1.93457633770334,-3.17726540792017,0.00810990910240771,0.0443962643643335,-2.58091975593841,21.16,21.22,24.49,20.89,19.15,23.15,0,20.79,0,0
"40","TRINITY_DN10418_c0_g1",1.6040008244798,2.79513397630006,9.95195595993626,4.32206070193162e-07,0.000127727846842075,6.92047792188457,120.02,92.18,104.7,122.16,108.24,385.26,346.05,354.22,310.62,257
"41","TRINITY_DN10419_c2_g3",1.48403068975528,-0.930853546930995,3.6457234520162,0.00343917092392564,0.0253874534346248,-1.58363495431795,11.01,4.74,8.97,15.41,11.62,17.46,11.92,28.98,37.95,18.91
"42","TRINITY_DN104221_c0_g1",1.30583074214828,-1.21760213069849,3.25243577831584,0.00706166851065121,0.0405725667465905,-2.20011446603352,10,5,17,6,8,17,10,13,28,19
"43","TRINITY_DN10427_c0_g1",1.71963591338583,2.24794748237893,4.28647540976869,0.00109574041834447,0.0118806970704479,-0.823359391966425,71,73.17,68.63,67.46,78,456.88,340.74,218.99,136.23,151.35
"44","TRINITY_DN104278_c0_g1",1.01099802149158,1.42107732354459,5.61768594178764,0.000119952948916955,0.00288603075622908,1.45737655228816,63.25,56.12,40.13,63.23,45.15,106.74,91.16,89.73,119.39,97.87
"45","TRINITY_DN10428_c4_g1",1.44079676037449,0.605053843228385,7.32342366479937,1.00622559842402e-05,0.000661657285980641,3.77688648096676,22.68,28,31.69,21,29.54,75.3,57.7,55.6,71.67,70.96
"46","TRINITY_DN104281_c0_g1",1.26290404864861,-0.826305240980322,3.41782802349474,0.00521216175105124,0.0333238231587041,-1.94416734600517,14,10,18,4,13,27,11,29,30,18
"47","TRINITY_DN10430_c0_g2",1.01562776610139,1.56001410158413,5.88071754341849,7.97724829468842e-05,0.00224571297344439,1.84721324459212,54.54,46.79,76.41,60.19,56.61,113.14,84.37,104.45,169.3,98.97
"48","TRINITY_DN10435_c0_g2",-1.00779273550849,2.48630552351237,-3.51725362014567,0.00434559814813197,0.0295679775783343,-2.25798122624349,192,238,321,138,225,119,48,185,94,128
"49","TRINITY_DN104373_c0_g1",1.16659509299617,1.45028302620502,3.65177770519287,0.00340157111330139,0.0251815621645897,-1.83107009222985,72.12,48.24,73.18,18.94,67.85,109.54,59.11,154.93,168.86,88.87
"50","TRINITY_DN10448_c0_g2",1.04949838902304,-0.582160078038244,3.2339719390153,0.00730573298113171,0.04154035623988,-2.27413652942767,9.07,24.01,13.18,9.8,16.2,30.03,23.28,20.16,22.19,24.59
"51","TRINITY_DN104545_c0_g1",3.33950828754841,-1.9225065911054,4.58353036494673,0.000655148581170412,0.00844963820637074,-1.13432700652873,5,4,4,1,2,22,23,13,38,15
"52","TRINITY_DN104687_c0_g1",4.63780432692829,0.384170350681995,3.22504630151158,0.00742675643484098,0.0419785539005936,-2.24126234810744,238.72,0,409.5,0,0,234.94,144.29,246.85,247.78,128.53
"53","TRINITY_DN104708_c0_g1",1.11651609559642,0.400128575059184,4.48744087818677,0.00077278985213466,0.00943663062494133,-0.269785678992154,29.9,20.82,34,25.59,20.81,52.41,36.28,79.32,52.83,39.7
"54","TRINITY_DN10485_c0_g2",1.75218993752732,-0.233648606100015,4.67097203760017,0.000564324150293068,0.00769041872783576,0.0387955071988833,24.37,6.32,11.05,19.96,13.8,62.8,29.3,45.24,34.45,35.56
"55","TRINITY_DN104953_c0_g1",1.2280318326345,0.412111967765052,4.25807038941112,0.00115163771127371,0.012331681781888,-0.648804266227726,19,35,28,13,37,69,47,62,46,46
"56","TRINITY_DN104969_c0_g1",1.31580963796138,-1.4318303470331,3.46106534024964,0.00481552383959475,0.0316148944282395,-1.90852224328828,12.01,7,5.05,4,9.14,16.02,9.27,15.05,14.05,17.02
"57","TRINITY_DN10497_c0_g3",1.70650693369286,0.184118660397396,5.35613395302087,0.000181704640874585,0.0037710243656466,1.09292075299485,23.64,19.97,17.79,19.65,12.48,63.38,35.37,31.41,86.28,65.78
"58","TRINITY_DN10501_c0_g1",1.21301546327146,5.6809827468331,7.81613420009309,5.27091615970975e-06,0.000471450792071791,4.20977278817116,677,876.75,1177.99,977,953.99,2027,2335.01,2487,1989,1751.78
"59","TRINITY_DN10506_c2_g1",-1.02406569584862,-0.0565331682014841,-3.43387413480292,0.00506122063890321,0.0326830789458825,-1.99937238246861,56.88,29.14,36.58,40.07,37.19,14.87,5.87,18.86,32.74,17.88
"60","TRINITY_DN105077_c0_g1",-2.92560262853392,-1.88358096962021,-3.25769325309669,0.00699369246136754,0.0403538265334568,-2.48065643945531,17.97,19.66,34.58,9.5,38.23,2.21,0,2.08,3.31,3.16
"61","TRINITY_DN105079_c0_g1",-2.4211468362039,-1.6817970386844,-3.38573888095376,0.0055278969149761,0.0346334689307402,-2.22645407692805,16,20,24,21,31,1,0,5,14,3
"62","TRINITY_DN10509_c4_g4",1.93970640848647,0.910995793720011,7.19331619874871,1.19942517430938e-05,0.000740090638867596,3.64402660026678,37.45,18.1,46.49,23,20.77,109.95,90.76,130.95,103.83,66.63
"63","TRINITY_DN1051_c1_g1",5.91308678987427,-1.86178700859111,3.4017454651786,0.00536804318919824,0.0339669636010491,-2.31562977493728,0,0,0,12.26,0,64.22,88.31,23.5,176.55,19.99
"64","TRINITY_DN105118_c0_g1",-2.58305899688714,-1.58599419571248,-3.91188622446926,0.00212759098014556,0.0184581526906437,-1.52435223985145,30,24,13,18,33,4,2,4,1,4
"65","TRINITY_DN10517_c0_g1",2.06115507740635,-1.46237255564155,4.05371285269109,0.00165189249391455,0.0156716452188984,-1.1826088163733,5,5,7,5,6,27,16,11,18,23
"66","TRINITY_DN1052_c8_g1",3.89234479687216,-2.01732548840995,4.68286807612029,0.00055302575595983,0.00758668282480078,-1.03763478434343,0,3.16,6,1,3.07,19.3,15.21,16.33,52.26,26.71
"67","TRINITY_DN10529_c0_g1",1.60847191680611,1.99451786800295,7.49638897589819,7.99253409547623e-06,0.000579589440937607,4.08122122850169,47,75,69,65,66,136,170,243,232,174
"68","TRINITY_DN10529_c2_g1",2.12245270329718,0.619460937413642,6.93988800943028,1.6989844816852e-05,0.000909161747552818,3.28641021894867,22,26,24,10,29,88,54,110,78,110
"69","TRINITY_DN105296_c0_g1",1.74504901976987,-1.31503756391684,3.24388148339227,0.00717370165703539,0.0410070987868152,-2.2274074878555,5,11,10,4,7,14,9,23,45,12
"70","TRINITY_DN1053_c5_g1",-1.15939203682547,-0.220381967737514,-3.21631699764784,0.00754707700033218,0.0424114844938095,-2.34575321225851,40.06,51.15,40.65,28.42,25.22,19.17,8.9,6.77,15.08,27.48
"71","TRINITY_DN105342_c0_g1",-1.4628965881467,1.42168262665942,-7.9875503006639,4.23722765088121e-06,0.000422837022054397,4.66508374781212,129,99,157,99,132,61,34,44,43,31
"72","TRINITY_DN105410_c0_g1",1.22686402779563,-0.492480685044801,4.25266363230516,0.00116260892906774,0.0124188988954802,-0.615213866546435,16.28,15.14,7.71,15.52,15.95,32.22,23.02,23.77,41.01,18.98
"73","TRINITY_DN10545_c0_g2",-2.10045538952568,-1.30571774169637,-4.14729258250151,0.0013995320973609,0.0140664759409943,-1.01667669911917,31,18,28,20,25,1,1,5,8,13
"74","TRINITY_DN10552_c1_g4",1.36020526166777,-1.30352596167261,3.09424278582654,0.00945112857808417,0.0490427953740778,-2.44357023692049,12.9,6.96,4.41,3.95,14.5,27.14,13.06,15.46,18.23,9.21
"75","TRINITY_DN10553_c2_g1",1.44021173037765,0.279524216988341,4.4486200985077,0.00082638747540729,0.00985915359377899,-0.32309411584525,23.37,27.01,16.01,18.41,22.03,27.84,38.98,58.42,77.3,73.62
"76","TRINITY_DN10553_c4_g3",-1.11895336391512,0.361765660360509,-4.671228405823,0.000564078132796415,0.00769041872783576,0.0317308139653774,58.96,61.65,56.99,29.47,63.34,26.57,21.53,17.53,23.33,20.52
"77","TRINITY_DN105530_c0_g1",-1.80006826155853,-0.81667514208568,-4.66401107849669,0.000571047137529291,0.00772438004249144,-0.0740232445114932,29,26,39,28,26,7,5,8,4,14
"78","TRINITY_DN105595_c0_g1",2.16914353554507,-0.597088355818724,4.87370181860755,0.000400844681339774,0.00619073267198332,0.243252122694908,19,7,18,8,4,26,29,39,57,34
"79","TRINITY_DN10560_c1_g1",-1.28371127657607,1.97213005518084,-6.40505132549528,3.6404252877234e-05,0.00140970529825416,2.59542985516072,188,178,154,128,194,73,42,107,84,43
"80","TRINITY_DN105662_c0_g1",1.44988068303294,-0.620830418638469,3.48268136615909,0.00462889478546462,0.0308561929100999,-1.84782516841835,9,12,23,8,11,18,28,17,44,38
"81","TRINITY_DN105693_c0_g1",1.91583109245941,-1.71938220473766,3.13617856555803,0.00874785323383574,0.0465921864059446,-2.45463049528144,10.3,3.32,3.22,5.72,4.22,18.14,3.87,13.6,22.44,19.89
"82","TRINITY_DN10579_c0_g1",-1.13618128648213,2.84940239450622,-4.58187619532662,0.00065700711949662,0.00846648535097222,-0.41974769954146,252.55,256.31,432.06,222.27,336.8,161.78,52.9,134.29,200.56,151.4
"83","TRINITY_DN105839_c0_g1",1.4867464003061,0.63698159171123,4.39291971242265,0.000910151040092154,0.0105032005321956,-0.439724162328194,26.28,10.7,29.47,50.03,32.96,76.01,78.54,62.79,72.71,54.52
"84","TRINITY_DN105872_c0_g1",-1.18970777251155,-0.987794092966331,-3.33619490180478,0.00605400520336438,0.0368110567859038,-2.06860755714047,19.57,29.96,22.78,16.87,23.95,15.87,3.51,8.09,10.05,3.42
"85","TRINITY_DN105922_c0_g1",2.14598281982646,-0.633757541072191,5.80182365839494,9.00632230666504e-05,0.00240136466465195,1.43982420675763,12.93,6.15,16.01,7.38,7,28.97,24.04,46.31,52.16,28.02
"86","TRINITY_DN10598_c1_g1",-1.31321137875911,-0.513906556611272,-3.66773335566819,0.0033044836066798,0.0247060558329738,-1.55343929497375,24,27,28,46,38,20,9,8,12,6
"87","TRINITY_DN105994_c0_g1",1.08402286559538,-0.31936687185795,3.8353632798969,0.00244095295256359,0.0201826305300043,-1.29853700612397,18,18,18,13,13,24,36,30,26,34
"88","TRINITY_DN106_c1_g1",2.65073978847265,2.5659821300281,7.65515532469148,6.49019220533226e-06,0.000514077165269329,4.27856058638666,36.46,87.81,84.89,109.03,46.04,353.59,297.57,445.83,742.27,270.33
"89","TRINITY_DN1061_c2_g1",1.02243059846562,-0.140863121594776,3.42147724914489,0.00517743694775013,0.0331974198011199,-2.01401459886184,29.5,10,20.12,16.68,21.32,37.01,31.59,22.14,53.61,26.56
"90","TRINITY_DN10611_c0_g1",1.10505502192224,4.80623458529879,3.93054235143441,0.00205768466575316,0.0180662967386084,-1.88581249832268,412.85,470.41,553.3,315.31,1070.09,662.33,1073.67,1201.99,1490.91,1304.96
"91","TRINITY_DN106147_c0_g1",1.25199328020452,1.00780924255539,6.04884030306336,6.17758507893074e-05,0.00193572648253178,2.11775196704121,41,43,45,31,27,94,80,96,83,61
"92","TRINITY_DN10623_c0_g1",1.25835232359043,0.9865521101907,3.30981150053664,0.00635462580206355,0.0379212691825892,-2.35939658307273,38,26,33,42,44,149,136,55,66,48
"93","TRINITY_DN106234_c0_g1",-2.13145704193237,-1.58909990829271,-3.38037092315236,0.00558258186465449,0.0348484700992119,-2.13684737009545,16.2,24,31.04,23.14,12.08,3.04,1.01,2.02,5.09,4.05
"94","TRINITY_DN10630_c2_g1",2.2745657845409,0.780453730744208,7.1282339550671,1.31060335077564e-05,0.000775542348866035,3.5380153997183,17.37,25.44,40.46,14.38,21.01,72.25,84.73,125.19,102.44,133.96
"95","TRINITY_DN106323_c0_g1",-2.46210244526531,-0.98956989608114,-4.65898336895574,0.000575955034527386,0.00776875984642611,-0.284468037249146,28.01,54.02,33.65,36.68,23.07,5.22,3.4,3.21,6.95,3.14
"96","TRINITY_DN10635_c0_g1",-1.09644808850693,3.55617687501014,-9.84895995351473,4.82737788029e-07,0.000135484026290862,6.80975717792761,506,410,462,507,451,251,199,235,225,183
"97","TRINITY_DN106368_c0_g1",-1.36811807855099,-0.761920221991779,-4.2718179694935,0.00112422332753626,0.0121238774901817,-0.607748825347879,36.25,21.06,23.05,19.05,38.64,13.18,6.02,8.09,8.05,7
"98","TRINITY_DN106428_c0_g1",1.43947210474208,-0.474691057950473,4.89092320306505,0.000389465237863407,0.00608192834594544,0.355928477625434,15,10,13,17,11,22,33,32,34,30
"99","TRINITY_DN106446_c0_g1",1.14785215686907,-0.336053441475045,3.30071198935259,0.00646178201518304,0.038339577213771,-2.19184986037228,16,12,25,18,11,49,28,32,34,15
"100","TRINITY_DN106464_c0_g1",-1.67202088424984,-1.01140020238781,-3.20171722317476,0.00775272981731116,0.0431550686610495,-2.27731702920476,42.17,13.38,26.96,30.89,19.84,4.09,3.07,14.38,4.04,9.17
"101","TRINITY_DN106672_c0_g1",1.53046409336886,-0.39255483121995,3.86047753219587,0.00233318013489904,0.0196083696538006,-1.24483590154517,23.68,9.28,7.59,12.43,18.76,55.94,21.83,18.97,53.02,30.07
"102","TRINITY_DN106801_c0_g1",2.07604050515713,0.825476083371101,10.8875749465807,1.64822640631307e-07,7.63522432428934e-05,7.31342129152555,21,21,32,23,28,92,77,109,112,96
"103","TRINITY_DN106827_c0_g1",1.29245282835887,-1.07116429488264,3.20710374682527,0.00767620449229754,0.0428577727698217,-2.2699326918792,15,9,10,5,9,15,9,23,22,29
"104","TRINITY_DN10699_c0_g2",1.27884035961396,-0.250847358580466,3.57606246511483,0.00390369981149405,0.0276398154555357,-1.73340218013272,14.66,14.79,43.42,10.51,9.94,28.14,31.76,34.93,41.4,31.48
"105","TRINITY_DN107_c12_g1",2.77792757187294,-1.99728640689147,3.52350253172995,0.00429631144783461,0.0293742963776722,-2.19657489162321,4.54,5.51,1,7,1.68,10.44,9.74,13.85,33.36,19.06
"106","TRINITY_DN107_c3_g1",1.19815703314999,3.21789283930107,7.90912715306427,4.68030684226494e-06,0.000443485050169146,4.54918382756185,153.07,191.08,137.06,206.15,159,391.06,381,399,449,293
"107","TRINITY_DN107009_c0_g1",-2.50223246384078,-2.10408717688888,-3.41200975861221,0.0052680171360471,0.0335254147737326,-2.31984568376259,29,13,13,11,19,0,1,5,3,3
"108","TRINITY_DN10705_c0_g1",-1.21388363528402,5.24148973886778,-11.0032345964879,1.47009068432416e-07,7.18865669364501e-05,7.93519412178904,1740.92,1828.88,1680.81,1265,1424.82,650.41,569.28,684.63,743.16,703.89
"109","TRINITY_DN107108_c0_g1",-2.55635317174156,-2.07075059548124,-3.35921538592358,0.00580350476481507,0.035742311218487,-2.37623663574071,31,19,14,12,13,0,1,5,3,3
"110","TRINITY_DN10712_c0_g2",1.40186392260334,0.963513595861433,4.29927229581632,0.00107148642884375,0.0116953487926933,-0.630580631817529,40.8,22.16,46.13,38.53,28.3,134.96,97,83.62,94.04,38.81
"111","TRINITY_DN107179_c0_g1",1.66100709091187,-1.53245265674631,3.33402384346425,0.00607818892160324,0.0368814759647702,-2.12517453557403,3,4,13,11,6,13,14,17,18,12
"112","TRINITY_DN10721_c0_g1",2.0332504682827,2.71335925711111,7.7945207818756,5.41930468185227e-06,0.000475147967947519,4.44520075810825,148,70,65,74,108,518,328,234,427,351
"113","TRINITY_DN107243_c0_g1",1.42084358474469,-0.557734624736431,3.14118001486528,0.0086675708334547,0.0462662990726517,-2.41443410828476,15.43,18.08,6.01,6.13,20.3,32.47,26.53,27.31,17.17,44.4
"114","TRINITY_DN10734_c0_g1",-1.12939347918256,2.63857576235076,-10.0003500580802,4.10454938072098e-07,0.000124478057446809,6.96638815924542,247.28,261.7,241.61,223,273.58,107.18,108.08,122,126.36,98.46
"115","TRINITY_DN10742_c2_g1",1.30785324120893,-0.5488639365231,3.1638392519493,0.00831304346865261,0.0451385462100369,-2.38418813405398,16.79,12.33,33.58,7.03,6.93,21.54,28.71,22.17,45.22,23.52
"116","TRINITY_DN10746_c0_g1",-1.66784846490264,2.80405588014441,-6.21896505419626,4.78840589835871e-05,0.00165590812108478,2.25274971014419,283,335,483,262,377,96,59,72,254,108
"117","TRINITY_DN107510_c0_g1",-2.46936186169199,-1.96828351708417,-3.86508831071334,0.00231393259994603,0.0195076805933791,-1.7572905969689,15,16,18,18,16,1,6,1,1,5
"118","TRINITY_DN107575_c0_g1",-2.04795924700224,-0.598051152930858,-5.27031912904161,0.000208666552660671,0.00411040713827918,0.786007342630915,57,26,40.11,25,50,11.07,4,4,10,10
"119","TRINITY_DN107590_c0_g1",1.42297021002952,-1.42379682924332,3.73036327591625,0.00295004978652921,0.0229561728029352,-1.52325681789932,11.12,5.95,6.17,7.6,5.41,16.82,15.78,13.54,19.58,9.49
"120","TRINITY_DN107621_c0_g1",1.89188416095928,-0.471932957677954,3.50939869527103,0.00440837141853701,0.0298608956170086,-1.80317713470116,11.56,2.57,21.19,11.3,24.24,23.3,24.17,40.11,50.91,50.29
"121","TRINITY_DN107678_c0_g1",-1.82906284815501,-1.0618896939022,-3.15102915169606,0.00851163664741954,0.0457589036888919,-2.35703491655973,43.59,34.29,11.14,21.4,31.92,7.15,6.2,3.09,10.14,2.18
"122","TRINITY_DN10768_c0_g1",1.22108940360263,-0.0517744866535586,3.35173120318621,0.00588376928020604,0.0360720093135318,-2.1406510801812,21.76,17.59,12.46,25,17.8,52.96,48.44,21,62.49,21
"123","TRINITY_DN10788_c0_g2",-1.19431083777488,1.26833935010988,-3.62508869053571,0.0035705515158221,0.0260843138511406,-1.8457693733018,80.18,120.59,191.14,67.07,78.35,32.51,34.98,70.44,40,35.97
"124","TRINITY_DN10792_c2_g1",-1.354456211545,-0.541533388054936,-3.71394082975859,0.00303903472353055,0.0234312559220514,-1.47620209784123,32.7,38.88,40.56,16.14,35.22,9,5.05,5.36,20.26,15.09
"125","TRINITY_DN10794_c0_g1",-1.11777904253119,0.5024994628595,-5.38855765774167,0.000172496585471147,0.00364360841783767,1.14700381695693,56.6,64.54,52.06,54.09,66.04,22.22,13.81,28.47,38.53,21.18
"126","TRINITY_DN107952_c0_g1",-1.33186605212345,-0.122553729343971,-4.20144806722049,0.00127207901877752,0.0131563448999287,-0.70370792229035,56.59,28.23,56.99,45.59,29.43,16.29,8.11,11.09,24.19,12.19
"127","TRINITY_DN107957_c0_g1",-2.18024408817821,-0.131755914774598,-4.05212177089556,0.00165656923669923,0.0156968216759072,-0.935117951510225,78,48,65,18,92,4,14,9,17,12
"128","TRINITY_DN10799_c0_g1",1.03619071447672,2.62595006316669,6.59537406401176,2.76375978317191e-05,0.00119335561807025,2.81063845249728,121.52,86.23,142,130.81,117.88,261.1,236.27,190.32,321.66,200.16
"129","TRINITY_DN108232_c0_g1",-1.29709940568546,-0.763176472486321,-3.25256896385308,0.00705993827736155,0.0405663805080941,-2.21391461821055,29,34,26,16,27,3,19,10,11,8
"130","TRINITY_DN10827_c1_g1",2.11675393526232,-0.669642792531865,4.0714656698963,0.00160062798764202,0.0153471395898812,-0.931600171753153,7.24,5.18,14.63,4.83,22.35,55.93,25.7,40.84,48.47,14.54
"131","TRINITY_DN10827_c1_g2",1.43317710947161,-0.0549810493980231,3.23867134973371,0.00724281617689899,0.0412998871362142,-2.32612065825275,23.03,18.8,15.66,19.51,10.49,23.4,93.8,30.49,43.2,38.9
"132","TRINITY_DN10830_c0_g1",1.92184479200444,-0.00653158923509531,5.79842817371682,9.0536535225096e-05,0.00240580688679906,1.6978062268289,14,13,27,6.43,21.14,57.54,36,41.89,92.05,39.53
"133","TRINITY_DN10836_c5_g1",1.43730044614573,-1.3993903181505,3.42882012376601,0.0051082762207924,0.0329069259163,-1.95621522899717,7.93,3.98,10,8,8,22.65,15,11.99,15,13.33
"134","TRINITY_DN10843_c0_g1",1.63905156467665,1.58641966558098,5.82825384241548,8.6467371199362e-05,0.0023469066899122,1.7736123184956,39,49,67,51,37,140,163,115,119,193
"135","TRINITY_DN1085_c5_g1",-1.04356403409238,2.48257299557119,-6.11668601830102,5.57818530603282e-05,0.00181985623682946,2.12123452070188,244.14,227.34,249.85,151.1,230.76,125.48,88.67,79.54,167.7,77.56
"136","TRINITY_DN108501_c0_g1",-2.25592777587381,-1.43008935424101,-4.27913599367693,0.00110990769998108,0.012013620397917,-0.926019608951187,37,15,23,18,25,2,8,5,3,2
"137","TRINITY_DN10856_c1_g1",1.08716983977546,-1.23699680071813,3.32172332633657,0.00621706824257557,0.0374169375692879,-2.0920847505922,6.7,8.97,8.02,9.93,12,17.46,14.82,13.8,17.15,11.41
"138","TRINITY_DN10872_c0_g3",-1.14510269260827,4.68742753508169,-9.05903777236961,1.16371945153301e-06,0.000208174989148301,5.85016297118216,889.44,946.38,1361.33,1044.32,1051.18,452.18,375.07,461.91,695.62,400.64
"139","TRINITY_DN108738_c0_g1",1.61187490730259,-0.346634290927653,6.65648460173956,2.53236029789493e-05,0.00113497280239372,2.71873247023887,13,12,19,10,13,37.39,32.22,29,43,34.76
"140","TRINITY_DN10890_c0_g1",1.00921142471391,2.27101952105066,5.32844587766996,0.000189978195583671,0.00387153857933709,0.911922807496784,106.54,108.25,66.83,94.25,100.78,173.91,131.87,190,299.69,154.54
"141","TRINITY_DN10913_c1_g1",-1.14807069680388,2.74768547686556,-4.01225386338042,0.00177833689567033,0.0164390892720536,-1.40835432888683,354.75,203.47,311.51,230.11,268.62,138.77,130.66,251.35,79.02,73.56
"142","TRINITY_DN10917_c0_g2",-1.75182237295941,1.4337954679625,-3.61143834063505,0.00366027673295086,0.0265305952733759,-1.87867750548045,250.24,190.3,52.38,157.53,113.39,36.97,50.85,37.17,50.65,20.06
"143","TRINITY_DN109181_c0_g1",-2.45351912185075,-2.30816715955456,-3.74436236058277,0.00287630962692891,0.0225747937516735,-1.99494679919197,18,12,11,17,13,3,0,1,4,2
"144","TRINITY_DN10922_c0_g2",1.22983475303149,-1.18589957477673,3.47072391734486,0.00473120363039797,0.0312437949424431,-1.86377535454709,14.62,7,11,6,7,19.32,18,12,21,14
"145","TRINITY_DN109227_c0_g1",-1.57425646205948,-1.12118633704824,-3.49566441847133,0.00452036193505269,0.0303670129111359,-1.83523089853715,34.3,20.17,27.56,16.08,21.25,7.11,7.09,6.08,13.08,1
"146","TRINITY_DN109347_c0_g1",-2.65583691282649,-1.56207173397659,-3.97061889193325,0.00191541445459592,0.0172637496250181,-1.45364820585067,42,14,22,18,28,2,5,1,2,6
"147","TRINITY_DN109474_c0_g1",-1.0867694737636,-0.0124064939061804,-3.92554555848347,0.00207617253396744,0.018179762148892,-1.17061382580897,50.49,40.8,63.15,25.46,33.98,17.21,11.27,18.47,27.93,11.21
"148","TRINITY_DN10948_c0_g1",-1.02885219154007,4.51744317701383,-3.99890559054474,0.00182114430742206,0.0166857139098032,-1.72197432550057,783.93,846.98,1479.77,545.29,1074.71,467.21,216.52,459.88,750.35,415.72
"149","TRINITY_DN10958_c0_g1",-1.19149389345614,1.35504091296267,-4.6332239265791,0.000601801817838984,0.00797869415645816,-0.114205269081701,114.66,114.3,107.53,90.98,100.69,65.13,33.63,21.69,47.44,69.82
"150","TRINITY_DN10966_c1_g2",1.30624493818462,-0.244835334175577,3.53029949128099,0.00424334963603889,0.0291341317672247,-1.81053368165187,21.68,19.28,6.93,11.95,25.75,47.99,26.73,22.69,34.23,43.65
"151","TRINITY_DN10969_c1_g1",1.0251062423903,1.54359573102117,4.67149098949954,0.000563826267085528,0.00769041872783576,-0.0777223823974902,56.1,54.26,43.71,70.23,63.95,88.48,140.47,123,117.31,93.36
"152","TRINITY_DN109774_c0_g1",-1.16110378499426,-0.155296285407061,-3.64100117698809,0.00346879390660017,0.0255544639162472,-1.63361401291396,47.04,25.02,31.01,35.03,61.8,11.01,7.01,19,25.01,14.04
"153","TRINITY_DN10981_c1_g1",2.24305440049458,-0.125447173933948,5.68238948309955,0.000108402737083154,0.00271391772347008,1.49164761877876,10.67,9,13,19,14,29,46,47,94,57
"154","TRINITY_DN11_c3_g1",1.8172317460839,0.0615771947463603,5.10364068722002,0.000273806522100269,0.00487278269863878,0.710150690791582,21.56,13.25,21.21,18.23,10.41,67.96,30.71,30.18,89.44,54.9
"155","TRINITY_DN110223_c0_g1",1.25207822221654,-0.0679875210372263,4.37456491628676,0.000939652919691933,0.0107279778070548,-0.427977286242745,36,21,15,11,14,41,29,29,51,42
"156","TRINITY_DN110360_c0_g1",2.5974258759671,-1.86567293448781,4.65243880137263,0.000582409814373149,0.00782216395258984,-0.925785728271443,5.55,3.88,3.82,4.38,2,19.92,11.76,16.76,16.47,17.62
"157","TRINITY_DN11037_c2_g1",1.89756224974037,-0.303559191573951,6.15959780389826,5.23117880796161e-05,0.00174703829676874,2.0928888601602,15.82,9.99,12.07,8.79,17.39,43.11,21.47,48.08,66.56,32.9
"158","TRINITY_DN110510_c0_g1",-1.03235930256012,-0.497549543086812,-3.41440588411848,0.00524494094199284,0.0334299685833519,-1.97852606897672,29.24,41.91,30.57,20.52,27.72,17.69,6.15,11.36,20.76,6.06
"159","TRINITY_DN110593_c0_g1",1.65527119719352,-0.91923484718796,3.60396094645025,0.00371040144411838,0.0267470621528318,-1.65166691068319,19.25,8.18,6.16,9.25,6.15,15.47,16.34,23.79,26.43,41.88
"160","TRINITY_DN110601_c0_g1",1.73813019551552,-1.49209707938366,3.33396663608349,0.00607882748595014,0.0368817454171507,-2.12360573402661,4.31,14.3,7.14,2.18,6.71,14,18.24,14.83,28.32,8.13
"161","TRINITY_DN110791_c0_g1",-2.47542749806299,-1.24271113190808,-3.99489471564419,0.00183421404984702,0.0167609308008544,-1.28070635999193,43.31,20.4,37.76,23.48,28.29,8.45,0,5.43,8.15,4
"162","TRINITY_DN110800_c0_g1",-1.11986345920691,1.7893479530857,-4.00231776082524,0.0018101012682331,0.0166164024433317,-1.2635682718029,172.27,127.39,152.05,171.45,88.96,43.38,98.36,55.16,79.66,45.84
"163","TRINITY_DN110921_c0_g1",-2.62282610815062,-1.19270921358,-3.90638617519602,0.0021486643626888,0.0185864258151539,-1.36708857610765,41,16,56,17,39,4,4,3,4,3
"164","TRINITY_DN11108_c0_g1",1.12043726008921,2.07845974836856,5.12805533508071,0.000263060175661928,0.00474134649943047,0.612871774170617,96.68,93.58,61.83,54.59,98.59,174.54,109.98,256.5,188.69,140.17
"165","TRINITY_DN11109_c4_g1",-2.24119860618201,0.0396779441045808,-6.40932457808389,3.61778264682638e-05,0.00140312687329518,2.46987858657648,90.01,54,43,57,78,17.01,13,11,15,4
"166","TRINITY_DN11117_c0_g1",1.15338221180557,1.89555375552961,4.53205328663829,0.000715645496696694,0.00895985852399165,-0.360454738344942,60.91,81.76,48.8,92.97,72.27,205.94,87.62,144.91,150.8,178.92
"167","TRINITY_DN111171_c0_g1",2.34648904919475,-0.645567050442168,3.87111906727551,0.00228900405602324,0.0193785939244884,-1.24363684170235,6,5,14,3,33,30,18,36,85,40
"168","TRINITY_DN111184_c0_g1",1.72652209829864,-1.49670624424704,4.21536356253416,0.00124131628860749,0.0129632347407505,-0.9315280077348,9.6,4.71,5.4,5.58,5.8,13.72,15.4,19.46,15.27,15.01
"169","TRINITY_DN1112_c0_g1",1.01616309953056,4.12016915851841,6.0719432170371,5.96614565311196e-05,0.00188996486109829,1.84347961533823,323,279.19,319.48,342.52,395.73,948.15,618,486.87,746.47,609.54
"170","TRINITY_DN11127_c0_g1",-1.15180048512399,1.78155988992198,-8.60664870838239,1.97896411224809e-06,0.000277296203845797,5.41418150788648,156.88,130.93,163.44,114.21,136.96,75.45,51.93,55.55,70.96,50.74
"171","TRINITY_DN11153_c0_g1",-1.6096498825992,1.20618393418047,-6.18769785675565,5.01641685700135e-05,0.00170624142455617,2.31581252753518,111.08,103.67,108.24,120.44,103.52,37.86,30.16,38.7,19.99,50.62
"172","TRINITY_DN11168_c2_g1",-1.23849517160081,1.82586206078103,-5.55166723061539,0.000133088129224145,0.00310188627558106,1.32446183578104,204.02,139,134,90,198,54,45,68,72,68
"173","TRINITY_DN1117_c2_g1",1.58229794565018,0.433908677058024,6.30787995702635,4.19814505992064e-05,0.00153021524632715,2.45649711094041,26.39,19.45,27,27.16,15.61,72.94,43.7,46.45,92.74,58.51
"174","TRINITY_DN11183_c0_g1",-1.04896212419343,1.63896278149063,-5.23872818990099,0.000219627084327446,0.00424840499611776,0.844891826037514,166.93,104.2,119.84,96.25,132.14,71.67,36.64,54.74,53.83,74.49
"175","TRINITY_DN11187_c0_g1",-2.06795330623879,2.12466241491798,-6.3316318551867,4.05391308348762e-05,0.00150234388504126,2.49059443045849,244,205,194,367,241,125,41,27,76,45
"176","TRINITY_DN11191_c0_g2",-1.48373475152836,-1.37188836752985,-3.08296447790945,0.00964978692336461,0.0496889982149262,-2.46499326853054,18,19.83,24.57,8.57,26.36,3.86,2,6,5,11.01
"177","TRINITY_DN111932_c0_g1",1.23191826610279,0.34004353257603,5.09871207861875,0.000276031373036677,0.00489273884919438,0.706288225023077,33.03,15.15,18.3,27.41,29.02,46.77,35.34,60.76,67.02,45.37
"178","TRINITY_DN11194_c4_g1",-2.71798287376222,-0.296825726986537,-6.44564148013237,3.4312881208251e-05,0.00136752906256998,2.20417262016659,69.39,53.41,52.92,50.18,76.31,3.11,5,4,29.99,5.29
"179","TRINITY_DN1121_c0_g2",1.53897908382337,-1.56483472970288,3.33327261656306,0.0060865797433119,0.0369107415969464,-2.1268700710307,7,4,8,7,6,12,9,11,18,23
"180","TRINITY_DN11210_c1_g1",1.49848416210506,2.61735290605591,4.10124720972475,0.00151829531061598,0.0148316369939379,-1.21869257986187,163,98,47,84,146,380,362,200,201,322
"181","TRINITY_DN11210_c1_g2",1.59608478954136,-0.473579936412553,3.09245521577218,0.00948233896390507,0.0491296718571723,-2.49931570556912,26.37,9.69,4.26,14.83,14.28,50.46,45.56,21.24,20,34.81
"182","TRINITY_DN112290_c0_g1",-1.80455560574962,-1.06351929651845,-4.10310652880903,0.00151330286042605,0.0147951979550916,-0.946102124363152,36,25.07,16,27.06,26.08,8.02,5.11,2,7.39,7
"183","TRINITY_DN11234_c0_g1",1.14932126890607,2.66823408088643,4.99938463783505,0.000325164706628105,0.00543360503394375,0.317205647879428,105.27,104.63,151.6,165.19,81.71,296.87,219.84,173.88,340.27,273.51
"184","TRINITY_DN11236_c0_g1",1.00798363380719,-0.828708228778887,3.45971629548805,0.00482742237477458,0.0316662175305672,-1.8809277734231,12.19,11.25,16.62,8.15,11.04,20.16,20.27,24.38,23.29,12.33
"185","TRINITY_DN11246_c0_g1",-1.14956666978904,1.57813322512371,-6.69338527708169,2.40269467037784e-05,0.00110381277179043,3.0183891197495,108.96,96.05,150.24,131.05,132.01,57.04,37.01,50,72.63,47.01
"186","TRINITY_DN112661_c0_g1",-1.75098708653185,-0.610747497835239,-4.12758467926803,0.001449139740933,0.0143834186566478,-0.827213603574114,44,29,37,50,20,12,8,5,11,6
"187","TRINITY_DN1127_c0_g1",1.71347343123502,1.90893359394155,3.45501989982549,0.00486907855794127,0.0318585878400244,-2.24747003942262,59.81,89.61,103.87,42.89,29.25,454.04,69.41,162.91,295.42,117.61
"188","TRINITY_DN11271_c1_g1",1.24735807596402,0.2229756421293,5.64520025114829,0.000114889863153492,0.00281995783526684,1.52044187177479,23,18,29,15,26,38,48,46,65,39
"189","TRINITY_DN11277_c0_g1",3.23531615841591,-1.24888907774794,3.14505563875283,0.00860587048549383,0.0460359190379648,-2.45618206906135,11.86,20.49,0,16.33,0,23.2,33.21,62.66,24.53,25.45
"190","TRINITY_DN1128_c1_g1",-1.21776860918372,6.00528391455107,-3.08154575336101,0.00967507185856397,0.0497985415048507,-3.57468788181869,2438.58,2305.28,2572.7,3158.76,3086.62,1040.01,731.2,411,3295.1,1702.98
"191","TRINITY_DN11293_c1_g1",-1.2158408133751,0.784365729737777,-4.88749265817302,0.000391704719306258,0.00609620059820111,0.356320530868249,91.63,72.08,75.99,47.41,81,48.25,20.91,16.71,34.82,31.96
"192","TRINITY_DN11295_c0_g1",-1.83252030814827,1.74212560480741,-4.40770675341609,0.000887085876086606,0.0103369567621926,-0.529295273631279,255,164,108,188,177,20,80,32,128,28
"193","TRINITY_DN11300_c1_g1",-1.19694897914537,0.0851400264116423,-3.92746111813352,0.00206906488979856,0.0181377005471922,-1.17447807152261,56.49,46.91,54.71,21.47,56.75,24.62,7.99,17.24,19.71,20.56
"194","TRINITY_DN11312_c1_g1",1.74919168078825,0.0523565950966432,4.81001602811155,0.000446048724023633,0.00663504157561538,0.261562445815664,33,10,22,20,9,36,38,62,74,44
"195","TRINITY_DN11325_c0_g2",1.18018898898858,-0.519653524789059,3.55601628321496,0.0040489248855741,0.0283415610450075,-1.74285811112063,22.22,19.88,6.13,10.69,14.93,26.41,22.35,20.05,33.69,30.46
"196","TRINITY_DN11330_c1_g1",-2.4120247448649,-0.308074603923538,-5.68022777960793,0.000108769003211371,0.00271808659635373,1.37600852567837,74.65,44.17,53,48,46,12.01,1,19.4,7,11
"197","TRINITY_DN113335_c0_g1",-2.96431904738885,-1.72550859418331,-4.26975412710974,0.00112829523774051,0.0121509019062291,-1.35026256055713,19.85,22.45,27.9,22.07,32.11,5.47,3,1.24,4.3,0
"198","TRINITY_DN11343_c2_g1",-1.20972402011103,2.11343664106289,-3.70880703227002,0.00306741381400376,0.0235721924050209,-1.83856563723232,163.26,164.73,287.46,89.39,267.81,76.07,36.05,73.85,149.09,73.54
"199","TRINITY_DN11344_c0_g1",1.13919426342096,3.500567417933,6.76757306550988,2.16292003143125e-05,0.00103039983139726,2.9651199775514,171.4,273.28,285.96,173.28,161.27,481.09,426.32,490.05,467.45,409.66
"200","TRINITY_DN11356_c0_g2",-1.14294311831642,-0.215684178517834,-3.43772552990757,0.00502565844285784,0.0325232195769347,-1.96956180478859,49.96,39.79,32.13,31.16,32.96,19.83,10.45,23.79,20.13,4
"201","TRINITY_DN11364_c4_g1",1.52152090216651,1.35981579894524,5.15999880531537,0.000249665703160152,0.00458952514343763,0.751562251405776,29.99,22.42,82.31,60.16,43.49,109.43,109.08,123.22,127.2,111.07
"202","TRINITY_DN11366_c0_g1",-1.25279597049056,1.31556312502309,-4.22399979267146,0.00122261361464447,0.0128447391340344,-0.803032616553457,97.19,126.58,130.19,118.02,69.14,78.75,33.2,46.06,33.56,29.28
"203","TRINITY_DN113704_c0_g1",-1.28548232189097,-1.42668666119497,-3.44579923838479,0.00495193239723009,0.032187042055043,-1.93450068566371,17.39,16.18,18.2,12.08,22.11,7.07,3,5.38,9.13,2
"204","TRINITY_DN11371_c0_g1",1.05987334107188,1.6221792686761,3.43040825330155,0.00509344209384325,0.0328215846084528,-2.25870297004797,102.98,49,58,67,38,180.99,123.01,118,152,56.99
"205","TRINITY_DN11374_c0_g1",1.10058900360827,0.355217607603717,5.72837861877167,0.00010091200644952,0.00258364744431737,1.64679844708913,29.23,27.49,18.11,24.96,26.76,52.02,37.31,51.6,57.93,44.19
"206","TRINITY_DN1139_c4_g1",2.15058309068737,-0.38770291688013,5.68660484483623,0.000107692258662986,0.00270643290050452,1.41773677645698,9.37,11.93,21.03,12.81,5.41,43.34,32.88,44.43,39.42,46.65
"207","TRINITY_DN1139_c8_g1",-1.73000349009853,-1.47795560894044,-3.40553806709072,0.00533086104359144,0.0338282425291244,-2.02870029285139,34.78,11.9,23.54,14.64,16.92,6,2.55,2.22,6.91,3.13
"208","TRINITY_DN11409_c0_g1",2.58324138864176,3.75705882983331,5.85554734168516,8.29131835179431e-05,0.00229593920383951,1.60228001926045,266.69,204.7,92.66,69.67,210.5,1018.36,803.16,1233.51,1593.85,339.96
"209","TRINITY_DN11409_c0_g2",2.52110569626298,1.05925036660914,4.79776061857672,0.000455344415584798,0.00669787896990775,0.210441652600246,53.37,7.32,26.49,18.35,50.3,116.84,153.78,194.33,224.11,54.44
"210","TRINITY_DN11409_c0_g3",3.07409000060827,-1.42588010612247,3.84558892084465,0.00239646589564244,0.0199407806978698,-1.6493831189157,10.95,1.91,6.95,1.07,6.93,22.83,22.74,39.44,56.55,13.72
"211","TRINITY_DN11409_c0_g5",2.30567351461099,1.66457147406315,5.36218167712926,0.000179948589999259,0.00374916275693018,1.06094011106434,67.22,42.88,33.36,19.15,53.57,194.18,204.55,309.82,279.16,70.42
"212","TRINITY_DN1142_c6_g1",-2.06405298728835,-0.208754525329431,-5.18909077910563,0.000238090841653447,0.00445560774941093,0.786791320623434,65.27,48.98,68,23.7,58.8,7,3,16,17.69,10.69
"213","TRINITY_DN114361_c0_g1",-2.70266973506507,-0.478986807586825,-4.90609492724136,0.000379720921211957,0.0059839544207441,0.231780983773244,37.48,31.68,53.34,74.82,78.95,9.58,6.48,4.61,9.17,2.53
"214","TRINITY_DN11438_c0_g1",-1.36260944691126,3.48850862490642,-7.3352973487401,9.90328534353094e-06,0.000657472229320149,3.77022184551081,495.67,465.49,585.78,430.14,484.81,188.32,110.97,139.07,316.99,248.36
"215","TRINITY_DN11445_c0_g1",-2.42531951275105,1.6132702426255,-6.15563799703241,5.26221875827546e-05,0.00175239789271025,2.26557263555538,181.43,217.63,234.08,81.27,334.5,47.27,25.91,25.75,39.74,34.37
"216","TRINITY_DN11454_c0_g2",-1.13027178530713,0.700604082060328,-6.26164211739048,4.49479382252122e-05,0.00160074487515308,2.4131649364903,83.16,64.57,65.61,49.29,73.04,34,19.54,24.37,33.55,28.85
"217","TRINITY_DN11455_c0_g1",1.20658737899923,1.35148013340384,4.27237334291562,0.00112313019910487,0.0121184050024745,-0.727959125337923,72.51,44.04,28.39,62.98,38.78,111.94,116.02,110,82.21,101.04
"218","TRINITY_DN11455_c1_g1",1.24803722245944,-0.553917482719786,3.46373880878916,0.00479203212120172,0.0315073193402686,-1.89040925387269,12.14,8.02,15.01,12.04,20.26,36.66,10.14,26.01,38.03,30.02
"219","TRINITY_DN11466_c0_g2",1.09714909247881,1.13733694098169,3.15747891862166,0.0084110563630805,0.0454204360749768,-2.65911114838307,59.42,20.28,44.52,66.83,38.45,127.62,52.66,55.73,98.6,116.53
"220","TRINITY_DN11470_c0_g1",-2.28594608769872,-0.147483786337902,-7.79607986944911,5.40845246440966e-06,0.000475147967947519,3.91807906417157,62.88,57.55,45.71,62.26,47.96,9.32,10.53,8.08,8.85,11.29
"221","TRINITY_DN11480_c0_g1",1.31381136104778,-0.0320306802633367,3.65896002532232,0.00335751114265912,0.0249596496895424,-1.6167087697295,29,12,25,14,15,37,18,72,43,45
"222","TRINITY_DN11487_c0_g2",1.27647147569813,-0.891414188054242,3.33734414927742,0.0060412431113868,0.0367648931738457,-2.06997938532443,13,19,11,5,8,20,25,24,17,20
"223","TRINITY_DN11516_c2_g1",2.98624878614486,-2.28164603298059,3.5631840774059,0.00399637382390221,0.0281132439694954,-2.17444531342362,7.35,3,10.84,0,0,24.11,11.41,12.82,11.88,12.94
"224","TRINITY_DN1152_c0_g1",-1.67606218177342,3.6497019224251,-6.87245376606945,1.86648203062879e-05,0.000949587651586521,3.11447809880146,447.71,589.55,584.35,665.94,871.94,217.49,90.63,179.32,339.12,185.81
"225","TRINITY_DN1152_c2_g2",-2.27624870981174,-0.990914263196583,-3.19882762254694,0.00779409871944825,0.043301788589549,-2.29659940272717,29.77,41.64,28.55,18.56,60.69,9.15,0,5,18.45,6.46
"226","TRINITY_DN11523_c0_g1",-2.07786167350408,1.39806608231265,-10.3810507610639,2.75326878343374e-07,9.7287721668544e-05,7.09570733623099,162.44,162.38,137.5,112.4,167.62,42.45,19.59,44.05,33.5,28.85
"227","TRINITY_DN11524_c0_g1",-2.30994312230924,-0.750471150046297,-4.0706442713171,0.00160296320987119,0.0153600398718037,-0.963797169861348,46,23,22,50,57,2,8,5,8,10
"228","TRINITY_DN11525_c1_g1",-1.56770288971886,-0.983911892998514,-3.27940436751687,0.00671992003143297,0.0393372610365117,-2.15705522271326,39.35,34,25,12,26,13,3,6,14.18,2
"229","TRINITY_DN115332_c0_g1",-1.60855863924795,-0.669375539234795,-5.8893503342138,7.87245301266561e-05,0.00223037265316387,1.61722822094639,43.67,26.34,32.73,23.3,32.48,10.16,5.33,9,10.12,6.18
"230","TRINITY_DN11553_c1_g1",1.03038668523173,0.118125682656453,3.65883133570377,0.00335829542206068,0.0249596496895424,-1.63736216573267,26.01,15.33,23.21,21.5,23.69,32.78,44.13,64.83,41.14,25.94
"231","TRINITY_DN11562_c0_g3",2.90410689093638,-1.36233617271373,4.6320964613396,0.000602960439579447,0.00798592403525095,-0.624515241547643,3.6,4.99,10.65,11.85,1.47,32.66,20.45,20.56,36.83,22.93
"232","TRINITY_DN115646_c0_g1",-1.16618465808277,-0.716831215748553,-3.50071556318955,0.00447884089456711,0.0301608845619125,-1.81567145120132,28.6,23.35,34.45,21,26,12.01,7,4,21,8
"233","TRINITY_DN11567_c0_g2",1.81871262199632,-0.517516477549832,4.14914076240937,0.00139497114393099,0.0140338289752817,-0.785730535434707,13,4,23,11,13,24,21,39,56,37
"234","TRINITY_DN11571_c0_g1",-2.78447278589524,-0.292671577655637,-3.87372945721395,0.0022782998025359,0.0193121919899787,-1.2225484699893,120,60,41,21,93.04,3,14,3,9,16
"235","TRINITY_DN11576_c0_g1",-1.49283835758577,3.80565850552388,-3.732445179313,0.00293896164318254,0.0228988235782764,-2.08504829101096,329,351,1225,990,784,249,227,217,343,131
"236","TRINITY_DN11581_c0_g1",-1.6639499702459,1.41191913014188,-5.11539650281767,0.000268575570488814,0.00480726357697084,0.67997177859315,110,114,162,138,129,111,34,36,28,21
"237","TRINITY_DN115836_c0_g1",-1.340777791402,5.25900232122174,-4.42428551858089,0.000861948393979586,0.0101453169053113,-1.0406395310058,1775.28,1079.66,1924.41,2007.44,1802.54,947.29,219.03,637.84,1111.01,721.76
"238","TRINITY_DN115946_c0_g1",-1.70330205800978,-1.08049040111789,-3.6737286797785,0.00326874125266186,0.0245475335504966,-1.56740330490779,30.62,21.85,21.99,17.92,32.03,1,5.87,5.79,13.73,8.87
"239","TRINITY_DN11606_c0_g2",-1.71782130107795,-0.680755008083039,-4.88940323831106,0.000390455818655383,0.00608792198425171,0.280547557894901,37.72,33.84,31.51,26.38,31.66,16.94,6.06,2.65,11.2,7.75
"240","TRINITY_DN11610_c0_g2",1.27797360889047,0.0710424007216347,5.01673898998928,0.000315958549636509,0.00534554674574452,0.581095981621868,13.84,18.03,23.68,17.29,26.62,32.01,39.86,38.44,57.83,44.42
"241","TRINITY_DN11611_c0_g2",-1.9018814437892,2.37794356026939,-7.67034925358099,6.36314292756159e-06,0.000509002234646209,4.29889207586892,341.43,255.22,283.45,266.85,235.16,55.62,28.01,103.07,113.93,88.79
"242","TRINITY_DN11645_c1_g1",-1.04796748568391,0.840142000099389,-3.63643465632055,0.00349768842698435,0.0256971844498315,-1.76352114227023,85.79,63.23,68.75,52.63,95.96,29.85,12.45,26.75,73.66,36.23
"243","TRINITY_DN11661_c0_g3",1.45641553228572,3.2101079665305,3.32407873855522,0.00619022750741333,0.0373024155222964,-2.73482926100901,198.26,118.74,157.9,131.35,173.57,356.45,309.42,402.84,1417.84,176.67
"244","TRINITY_DN11661_c0_g5",1.84445698117683,0.186299475178304,4.64283665827497,0.000592017462938625,0.00790300136561818,-0.00248411964016171,27.74,7.19,19.13,17.12,25.6,54.39,29.86,70.32,117.02,38.95
"245","TRINITY_DN1167_c0_g1",1.09954467694845,4.47852059755516,5.95983263086158,7.06952128793591e-05,0.00210068676126057,1.62593828073328,379.03,398.42,392.68,436.14,459.57,1125.54,1129.7,801.76,788.36,650.84
"246","TRINITY_DN11677_c0_g1",-4.60547961794822,0.575899894233492,-13.8936576854045,1.12586067398295e-08,1.55303723281817e-05,7.19998037493745,230.01,215.84,181.18,162.91,208.26,9.63,4.57,3.41,9.3,7.95
"247","TRINITY_DN11679_c0_g1",-1.41234058936783,3.74084200446943,-7.30413777129687,1.03263020748814e-05,0.000671198821985538,3.70183100718379,675,550,486,506.7,771.52,230,200.73,305.63,168,232.75
"248","TRINITY_DN11690_c0_g1",1.41339521868461,0.777117823230394,4.16000307646013,0.00136847468408457,0.0138462424677857,-0.846532966490818,20.02,17.48,34.05,42.87,47.38,125,70,70.26,71.01,48
"249","TRINITY_DN11701_c0_g2",1.40384680625681,0.916363505428498,6.44185702150428,3.45023603758682e-05,0.00136937309333225,2.66858864662013,27,26.21,38.56,29.02,49,87.81,58.99,107.28,94.62,65
"250","TRINITY_DN11710_c0_g1",-4.89280156187543,2.05301519004595,-14.8219159689128,5.45186130102167e-09,1.05755886999881e-05,9.97316325431152,835.05,526.4,447.57,667.3,676.99,18.18,13,20.16,23.29,19.15
"251","TRINITY_DN117129_c0_g1",-3.30329899897441,-1.83912369983302,-4.95900040603779,0.000347695720648482,0.00568483057614603,-0.787321761434341,20.63,23.21,25.5,30.05,27.48,1.18,0,3.67,3.31,1.34
"252","TRINITY_DN11724_c0_g1",-1.55853418801234,1.94469545830711,-5.74824473612766,9.78474429247576e-05,0.00253814549607664,1.62394657282376,200,188,131,132,288,84,32,48,87,57
"253","TRINITY_DN11725_c0_g1",3.40045251322029,-0.00351477349335015,4.99568685370981,0.000327162482565918,0.00545481706763276,0.450184691075511,12.52,24,1.09,7.16,18.33,105.68,64.64,88.68,170.39,37.51
"254","TRINITY_DN11753_c0_g1",1.32713272615757,2.02378094035932,9.23304297166119,9.53885243658033e-07,0.000188571568837034,6.1218247151497,94,66,63,66,69,202,130,190,192,163
"255","TRINITY_DN11757_c0_g1",2.13096013649061,0.734538284143845,4.53060380166995,0.000717431085701323,0.00897678234505623,-0.20987281432931,26.55,16,47.7,14,22.07,97.81,101.79,86,216.85,33.68
"256","TRINITY_DN11758_c0_g1",1.0494540180483,1.52224181462267,3.34636852208437,0.005941973796341,0.0363283838701932,-2.39153203411258,36.8,40.79,135.59,52.9,52.13,112.83,64.49,124.94,136.55,127.21
"257","TRINITY_DN11770_c2_g1",2.28462333455116,-0.511535637987756,3.09976070028311,0.00935543728531422,0.048722998074385,-2.45018601728905,24.6,0,17.61,19.79,13.25,52.71,19.9,40.21,50.58,48.89
"258","TRINITY_DN11771_c0_g1",-1.05669472680795,0.857995440666016,-3.72236287312284,0.00299306086560604,0.0231922821320362,-1.61659817452459,90.48,85.68,59.68,57.4,69.06,31.03,34.18,56.55,20.6,27.87
"259","TRINITY_DN11796_c0_g2",1.52290624104318,-0.736053201531636,3.65394586306527,0.00338820846128702,0.025118792789434,-1.567393866069,10.85,6.94,7.92,25.01,10.63,37.67,27.27,24.73,28.64,13.01
"260","TRINITY_DN11810_c1_g1",-1.78655904202893,1.9849140940394,-8.25075212984937,3.05003768187153e-06,0.000348049705941081,5.0081027966061,230.61,145.79,238.81,160.67,244.71,44.99,32.74,57.91,103.35,56.06
"261","TRINITY_DN11823_c0_g2",-1.11493452959543,6.94381037937042,-9.49368296683949,7.12010376957771e-07,0.000158983209134089,6.21526793138908,5590.98,3520.7,5643.11,4650.27,5441.68,2283.12,2417.1,2285.63,2391.21,1921.27
"262","TRINITY_DN11851_c0_g1",1.245374718039,0.757270716140198,4.72392092720927,0.00051581927714158,0.00725011855742535,0.0930535919704667,40,25,24,30,39,55,89.1,90,64.27,54
"263","TRINITY_DN11852_c0_g1",2.50952994581973,-1.21712414859217,4.21669667880648,0.0012384100089951,0.0129459519869252,-0.946368902969864,15,3,2,5,11,33,11,26,38,29
"264","TRINITY_DN11861_c0_g2",-2.85506409920744,-1.54230660316638,-3.17216792575042,0.008186436726044,0.0446738350182378,-2.47953403684512,17.89,31.14,50.47,22.51,19.44,8.86,0,6,1,6.67
"265","TRINITY_DN118686_c0_g1",-3.1009411901511,-1.80961049939323,-3.6200679674333,0.00360328855472874,0.0262431695114669,-2.07643073571458,36.05,31.35,16.51,16.34,26.43,0,0,7.76,9.59,2.39
"266","TRINITY_DN119005_c0_g1",-1.91814342056048,-1.47430840963351,-3.58764136988298,0.00382225328942707,0.0273155135491476,-1.80514752897894,37,23,19,15,15,8,1,3,8,2
"267","TRINITY_DN11901_c0_g1",-1.25855837271192,4.07015809214515,-3.85079476567367,0.00237413922987301,0.0198160976946533,-1.91972281579067,736.2,740.92,814.19,449.18,914.73,317.13,205.13,123.77,728.17,349.05
"268","TRINITY_DN11906_c0_g1",-1.36192828256102,4.19660680585131,-5.71787228323565,0.000102573634994307,0.00261484838547705,1.28597743749685,726.01,766,1265.95,485,987,326,176,329,531,270
"269","TRINITY_DN11909_c1_g1",1.75598461103604,0.349774389943149,3.66405658760405,0.00332660135980056,0.0248102190085618,-1.63958765818406,26,18,24,10,25,45,82,28,66,135
"270","TRINITY_DN11916_c1_g2",2.37574365933859,-0.524905693092829,5.08690507449963,0.00028143892741171,0.00495223422924222,0.545316959611163,16.5,12,3,23,5,35,33.95,43.33,57.91,30.93
"271","TRINITY_DN11921_c0_g1",-2.05481658224833,3.11622838211258,-9.7192034812723,5.55627054891198e-07,0.000143215941110546,6.68034349260504,612.07,528.8,369.71,505.08,416.06,178.3,92.87,113.4,110.87,88.82
"272","TRINITY_DN11923_c0_g3",-1.66363020578707,0.0381231918650561,-3.65264246501327,0.00339623501919157,0.0251542647155826,-1.62336814884718,101.83,34.03,47.33,20.9,89.6,19.72,11.03,15.08,13.56,11.89
"273","TRINITY_DN11928_c2_g1",-1.32446281307394,1.50579908144457,-6.18458038997046,5.03977439658489e-05,0.00170913346891408,2.30236912874353,145.05,137.93,100.84,86,154.22,48.09,33.74,35.2,66.18,54.01
"274","TRINITY_DN11942_c0_g1",-1.02215644724406,1.41830479632959,-3.82880231939721,0.00246994365877347,0.0203260350887849,-1.51258945324809,94,82,119,176,81,45,50,45,66,38
"275","TRINITY_DN119566_c0_g1",-1.18360555140919,-0.179337858098311,-3.55414609146153,0.00406275208839211,0.0283827851020125,-1.77869749024162,34,38,48,30,37,28,16,13,8,13
"276","TRINITY_DN1196_c0_g1",-1.18229850459396,2.44888546492471,-6.20696103375911,4.87461401323684e-05,0.00167175022241803,2.26222979009973,236.56,178.81,174.53,227.13,326.2,115.96,85.19,83.97,115.39,84.65
"277","TRINITY_DN11967_c2_g1",2.52825031368376,1.74770357609526,11.5649349020004,8.55398213299614e-08,5.58926196761687e-05,8.18239322761472,38,39,48.01,44.21,31.03,265.06,214.61,227.2,263.12,138.11
"278","TRINITY_DN119750_c0_g1",-1.82639295558797,-0.379785869798696,-4.36165002666846,0.00096100663718694,0.0108896542527824,-0.448529206793073,60,67,28.72,25,33,9,12.52,8,8,12
"279","TRINITY_DN11976_c0_g1",-1.2174232588467,3.38697746965959,-5.36240727246537,0.000179883432183216,0.00374916275693018,0.81811710429603,467.88,338.28,517.96,588.49,327.98,210.65,121,148.54,334.24,159.53
"280","TRINITY_DN11978_c0_g1",1.07286135850364,1.64195228412685,5.94126919979892,7.27220069925475e-05,0.00213333925427949,1.9330725273213,61.32,60,68,65.06,46.66,121,137,121.35,120,108
"281","TRINITY_DN1198_c1_g1",-1.16861303071797,4.27236223462366,-9.53403462396768,6.80875939481342e-07,0.00015770407860957,6.42700166353463,736.18,856.72,984.62,699.73,698.04,349.49,311.19,380.74,355.19,354.19
"282","TRINITY_DN119925_c0_g1",2.10243795978345,-1.24098687044071,4.46261450983794,0.000806632801425955,0.00971472017592173,-0.571975227600229,11.48,7.24,6.13,1.17,9.53,33.28,19.75,18.58,22.48,19.6
"283","TRINITY_DN11996_c1_g1",1.39438372049077,-0.893826164154589,3.45842411336654,0.00483884746584227,0.0317243998304492,-1.87677363616303,20.12,5.52,7.08,15.73,8.59,20.2,12.2,24.5,38.05,17.88
"284","TRINITY_DN11997_c0_g1",1.72648341690388,2.52377385107239,3.88074978374673,0.00224976718348895,0.0191604797988528,-1.58868166730776,100.29,158,50,47,122.84,501,389,144,222.64,298.81
"285","TRINITY_DN11998_c0_g2",-1.1970586282039,0.344469881978585,-3.90467944491263,0.00215524735479513,0.0186157285446297,-1.23770999702834,72.51,55.27,40.44,38.65,66.56,30.43,14.23,36.18,14.17,16.5
"286","TRINITY_DN12003_c0_g1",1.3496804990576,1.79560813152026,9.47244317834188,7.29010189531164e-07,0.000161041204643977,6.34797797978512,73,52,72,55,53,174,121,155,164,136
"287","TRINITY_DN12008_c0_g1",-1.28072688964915,3.1159079885077,-8.03693142927328,3.98143222084337e-06,0.000410537248632278,4.72219030856296,474.32,310.43,358.12,300.43,418.44,143.84,107.1,141.2,255.82,127.37
"288","TRINITY_DN12012_c0_g1",2.02504745205678,2.07173064595375,9.0527977537073,1.1721107312828e-06,0.000208474502961744,5.9195086210484,47,68,67,51,60,298,260,234,221,157
"289","TRINITY_DN12013_c4_g1",-2.11259467952515,0.777239542465452,-8.69022394315607,1.79126468152656e-06,0.000258802498678822,5.30104758447748,117.12,128.57,103.76,66.32,84.07,23.02,15.75,24.35,23.17,16.19
"290","TRINITY_DN120151_c0_g1",-1.07935658581556,0.797905178152522,-5.16192107866696,0.000248882905155075,0.00458434003118178,0.789901466301349,89,68,80.79,47,72,25,19,34,49,30
"291","TRINITY_DN120156_c0_g1",-1.77685702140691,-1.24929442203135,-3.72176322139114,0.00299631048529225,0.0232041028973796,-1.53892762751424,22.51,24,20.25,14.59,35.8,8.19,6,4,9,1
"292","TRINITY_DN120165_c0_g1",-3.11806322350904,-2.52611667308283,-4.71467415713512,0.000523964727636852,0.00732370783682278,-1.05568663877429,15,12,18,13,17,0,0,1,5,2
"293","TRINITY_DN12020_c1_g2",2.64483619834106,0.346093656558547,5.87525769050731,8.04428878686141e-05,0.00225639937711539,1.81980317682612,15.36,26.49,32.01,2.89,16.74,113.78,62.71,63.37,132.65,73.05
"294","TRINITY_DN120229_c0_g1",-2.82773002740431,-1.84891135573216,-3.20822069132062,0.00766043197510911,0.0428043617267911,-2.53151858054261,19,27,32,15,20,0,7,4,12,0
"295","TRINITY_DN120239_c0_g1",2.33714400156296,-1.07371343297671,3.21260893026005,0.00759878125007422,0.0425671642737214,-2.27331022750418,0,18.98,24.87,4.14,8.28,21.7,23.45,25.36,37.89,25.49
"296","TRINITY_DN12028_c0_g1",-2.78111949552127,1.47939287760026,-9.73803485879561,5.4435211764263e-07,0.000142574317934804,6.47321778116159,292.01,185.74,164.18,133.63,252.18,40.92,17.16,21.48,32.85,26.46
"297","TRINITY_DN120295_c0_g1",-1.4200745767734,-0.753384992222903,-3.14257635276756,0.00864528981557547,0.0461791343268249,-2.38914764247079,37,31,20,15,40,7,7,3,11,23
"298","TRINITY_DN12034_c0_g1",2.95956930921685,0.0885737975849059,4.37172825940321,0.000944300390898138,0.0107572953688036,-0.428814696564259,15.59,13.42,22.17,23.27,2.24,98.4,60.92,34.35,143.93,83.5
"299","TRINITY_DN12034_c1_g1",-3.67344434742188,0.177608917347576,-7.23887349745373,1.12761535691413e-05,0.000709084776923702,3.16781802553414,138.09,96.83,133.31,54.1,136.47,5.25,13.28,13.04,4.07,5.34
"300","TRINITY_DN12034_c1_g2",-3.89394767680553,1.19665654427402,-8.89279123209933,1.41107168591018e-06,0.000230643575820861,5.43713559438597,281.8,215.17,254.39,131.97,370.19,8.05,26.21,14.32,27.7,6.54
"301","TRINITY_DN12037_c0_g1",-1.0260312347992,0.770786964606811,-3.10032094885745,0.00934577611365674,0.0486920232199254,-2.69642531967043,81.26,62.84,118,32,72,26,19,42.48,56.85,19.49
"302","TRINITY_DN12050_c2_g2",1.6115155733818,0.979352050073288,3.6733825570138,0.00327079391413268,0.0245533028692553,-1.71000373163949,11.21,48.4,38.78,50.23,35.14,180.88,55.97,84.4,87.22,78.43
"303","TRINITY_DN12052_c1_g2",1.1838763955374,-1.26519956668419,3.2311844149122,0.00734331371294923,0.0416624490830464,-2.23258235017941,8.01,16.51,7.24,5.43,7.39,14.75,15.08,12.13,23.8,11.36
"304","TRINITY_DN120534_c0_g1",-2.38078001942641,-0.67174085955248,-5.43811215220099,0.00015936263745306,0.00346678575688993,0.886824725758212,54,30,54,25,50,6,8,5,13,2
"305","TRINITY_DN12054_c3_g1",2.09986001177867,-1.21187297030122,4.43084052902584,0.00085221515898333,0.0100647647980843,-0.577988034342781,8.98,8,3,11,4.99,20.01,17.99,19,22,32.99
"306","TRINITY_DN12059_c0_g1",-1.63785890767936,1.44546392702853,-4.38294279601969,0.000926065435441928,0.0106294518779594,-0.537862649393277,207.7,122.49,148.51,118.13,87.37,106.72,40.41,25.27,49.94,16.74
"307","TRINITY_DN12070_c0_g1",-1.32454649990936,0.92661260167795,-5.81310837272021,8.85089272966647e-05,0.00237839963333903,1.77583029504955,87.08,64.56,77.89,80.89,112,37.49,19.68,45.52,37.46,19.21
"308","TRINITY_DN120721_c0_g1",-1.3547877299973,-0.0648236946379185,-3.58550314690927,0.00383716175233013,0.0273820948769133,-1.73330628728025,40,39,30,58,53,21,15,5,18,21
"309","TRINITY_DN120722_c0_g1",3.376696031362,-0.968465737946052,4.52317451429979,0.000726656340364324,0.00904411691648972,-0.636993550100211,3.18,1.9,8.73,9.41,10.06,78.67,18.93,44.18,54.87,33.96
"310","TRINITY_DN12075_c0_g1",1.30177138381984,2.40312141230406,6.43019780714489,3.50931378324019e-05,0.00137665294874371,2.59586382836066,88,127,90,97,69,245,226,245,196,214
"311","TRINITY_DN12079_c1_g2",-1.49805063311775,-0.294894515567779,-5.24020005384178,0.000219103177174539,0.00424249137839379,0.882079604811788,45.16,33.6,31.8,33.69,51.34,19.02,13,7.31,13.91,7.18
"312","TRINITY_DN120792_c0_g1",-3.99842820203789,-1.65317385239418,-5.25722548784962,0.000213137801970708,0.00416571659934815,-0.531429268632889,55.17,39.79,28.61,33.67,27.92,1.64,2.78,0,2.08,1.02
"313","TRINITY_DN12084_c0_g1",1.51267500690923,0.948092915302393,4.7963958533312,0.000456392076004611,0.00670597509400468,0.199241657384217,46,31.01,55.01,14.3,30.98,106.74,51.17,71.07,159.97,73.44
"314","TRINITY_DN12086_c1_g1",-1.71642058090516,-0.854178341397533,-3.81850556340038,0.00251615814187933,0.020575418324202,-1.31950754894013,37.66,20.63,35.45,15.51,37.96,11.87,2.08,8.15,4.08,13.57
"315","TRINITY_DN1209_c0_g1",1.28878289800511,1.833511661154,5.2452597995231,0.000217312189060867,0.00421808531074554,0.836399840583484,73,62,54,67,61,248,144,98,151,140
"316","TRINITY_DN1209_c0_g2",1.21021846414094,1.85811184920415,5.85173193767517,8.34005828649592e-05,0.00230028892745603,1.78248476789223,70,56.77,56.06,68,80.16,160.96,185,109.22,150.35,148.52
"317","TRINITY_DN120919_c0_g1",-1.08720743653555,0.547842263532653,-3.83461405108784,0.00244424575225115,0.0202002544035731,-1.38110423369693,86.06,69.27,56.5,31.2,66.33,22.57,13,25.07,42.48,29.27
"318","TRINITY_DN121006_c0_g1",-3.14402567293066,-2.16302293829534,-3.3342979691494,0.00607513000021401,0.0368774083045584,-2.41635286954063,27.67,12.89,16.98,21.83,19.94,0,0,7.92,0,17.48
"319","TRINITY_DN12103_c6_g1",1.18144362035985,-1.0801197131316,3.28150625479595,0.00669399838105176,0.0392425021881585,-2.15435510413683,8,10,11,15,7,24,10,15,25,15
"320","TRINITY_DN12111_c1_g1",2.22058210946756,-1.146036124117,3.48892088441189,0.00457640727966171,0.0306133145396197,-1.87621602172674,6,11,14,3,4,56,11,27,21,23
"321","TRINITY_DN121131_c0_g1",-2.05658615523754,-0.52328842816386,-6.24826764861329,4.58469466800226e-05,0.00161240984034885,2.0377480924873,44,28,45,40,45,10,5,14,7,5
"322","TRINITY_DN12114_c0_g1",-1.33072225486954,1.98272032691399,-6.2698098352595,4.44081437242664e-05,0.00158698394561895,2.39896622777236,207,150,206,114,197,92,44,77,95,38
"323","TRINITY_DN121157_c0_g1",3.52329522156845,4.07976858292148,10.9948088957159,1.48234052386919e-07,7.18865669364501e-05,7.97784479726807,134,93,166,165,137,990,2302,2025,1745,1096
"324","TRINITY_DN12121_c1_g1",-2.21567119983334,1.18191016509551,-5.54757333331555,0.000133951188211783,0.00311373500407973,1.37772957289504,135,244,148,100,88,12,30,25,50,27
"325","TRINITY_DN12130_c1_g1",1.23373409269392,1.2909273790059,3.68447875039875,0.00320564179076846,0.024274567231059,-1.7465107846033,59,46,38,33,53.99,171,37,137,132,79
"326","TRINITY_DN121330_c0_g1",-1.56243490257505,-0.683167620024078,-3.89075109666646,0.00220975362827643,0.0189537441925703,-1.19399004507744,48,23,19,24,50,12,5,9,10,6
"327","TRINITY_DN12135_c1_g1",1.94062405221195,0.0188991585053187,6.84963869656091,1.92706744135373e-05,0.000966242199956311,3.05794522551521,18,13,11,14,22,59,27,55,80,48
"328","TRINITY_DN121376_c0_g1",-1.30596034129709,-0.27923445250849,-4.68278908239468,0.000553099995615836,0.00758668282480078,0.0594690324461409,39.11,36.63,47.07,20.86,45.75,10.16,7.58,12.13,20.47,14.09
"329","TRINITY_DN121415_c0_g1",-1.51891473919492,-1.55643831770761,-3.3059600346114,0.00639975929374259,0.0380844270347788,-2.17031889025178,17,21,21,15,12,3,5,4,8,2
"330","TRINITY_DN12143_c0_g1",1.0727411905872,3.23430308237745,10.7956836054915,1.80632581801379e-07,7.97422673500277e-05,7.78218560513314,198,170,171,172,168,371,360,384,434,304
"331","TRINITY_DN121458_c0_g1",-2.59056152273469,-0.173420918488421,-3.66924260039746,0.00329544837037429,0.0246667867047647,-1.54586100950548,97,26,101,24,117,8,6,16,8,6
"332","TRINITY_DN121511_c0_g1",-1.48683897514419,-0.44389582778028,-5.45003225186137,0.000156363592289954,0.00342775108338717,1.14779147932218,40.04,35.04,46.04,20.02,37,11,8.04,11.01,12.01,9.03
"333","TRINITY_DN12153_c0_g1",1.06468170368074,1.21313101924094,4.56644823880795,0.000674608691449837,0.00860503269826525,-0.213089112867293,59,38,51,26,57,79,112,105,86,73
"334","TRINITY_DN121530_c0_g1",1.09812934862155,-0.159710911338262,3.92228382745288,0.00208833314193267,0.0182502029357072,-1.16682176727307,19.02,20,11.01,20.02,21.01,29,31.04,25.04,58.03,28
"335","TRINITY_DN121573_c0_g1",-1.03745796342101,0.598836067468873,-3.5796221867527,0.00387847337670809,0.0275397342010728,-1.83014484410192,61.1,64.87,70.86,66.05,43.4,20.93,13.02,31.33,30.4,46.43
"336","TRINITY_DN121666_c0_g1",1.00513571484635,0.697050694907813,5.34454827915428,0.000185119388868711,0.00381517019042501,1.07595638309586,34,24,40,35,32,59,51,53,82,58
"337","TRINITY_DN12171_c3_g1",1.09612716782623,-0.81447130595673,3.78529535045789,0.00267136953782328,0.0214550436304573,-1.35859750236796,8.44,12.37,12.15,14.99,11.83,20.57,17.37,21.22,27.71,15.63
"338","TRINITY_DN121768_c0_g1",1.42275907426022,-1.50857817135298,3.58878519005015,0.00381430249560046,0.0272806790081695,-1.74344015951406,8,9,4,6,7,18,9,18,13.01,12
"339","TRINITY_DN121818_c0_g1",-4.68624572705902,-2.00071489367106,-5.92955932645782,7.403212540313e-05,0.00215648528966396,-0.0307002327039454,57,42,40,21,28,0,0,2,2,1
"340","TRINITY_DN121870_c0_g1",1.81622142843409,-0.700912000280535,3.9633777048793,0.00194034778965167,0.0174179535350453,-1.08322680868904,4,15,11,19,9,30,29,33,40,15
"341","TRINITY_DN12188_c0_g2",2.02326195050874,-0.715098137117822,3.86044149386606,0.0023333312235636,0.0196083696538006,-1.24894936712747,8.01,17.9,12,19.02,2.76,34,28,33,42,18
"342","TRINITY_DN1219_c0_g2",1.24635919269942,0.0891555512857514,4.23541214775664,0.00119834666671092,0.0126679446507857,-0.663056287305735,14,29,24,16.03,19,52,34,40,35,54
"343","TRINITY_DN12195_c1_g1",-1.27274073749793,2.07924523798809,-3.98660611729737,0.00186153110191865,0.0169456931544945,-1.33398224665605,249,185,184,103.26,215,76,35,61,203,50
"344","TRINITY_DN12198_c2_g1",-1.09143365576413,1.26190214397989,-3.18255905464584,0.00803119991454953,0.0440921449601652,-2.6336827224097,76.86,99.05,191.37,52,107.24,37.22,40.37,26.56,83.1,38.82
"345","TRINITY_DN122036_c0_g1",1.29025998321871,-0.909026759072149,4.24265564214574,0.00118320424276889,0.0125592031746984,-0.662718426613307,10,8,12,13,10,24,12,20,30,19
"346","TRINITY_DN122083_c0_g1",-1.57039167312886,-0.432354807304997,-5.80722927741541,8.9315106749384e-05,0.00239503403896148,1.62250208253804,44.71,30.38,33.74,26.15,47.72,10.18,6.06,12.16,10.13,12.18
"347","TRINITY_DN12210_c0_g1",-1.01193383752161,0.423408757598388,-4.6655233022522,0.000569579522497346,0.00771629840233527,0.0188493105617455,52.36,52.82,55.49,48.29,58.08,23.23,11.17,25,32,31.24
"348","TRINITY_DN12215_c0_g1",1.52863764523139,2.36940560327317,4.87449862410025,0.000400310551837969,0.00618592910002242,0.1603892825711,60,61,145,160,53,255,251,177,321,196
"349","TRINITY_DN12216_c0_g1",1.00444822762013,1.58538598980279,5.84157344092669,8.47131373532893e-05,0.00232015457805035,1.78654578383626,71,59,58,54,53,87,105,128,131,122
"350","TRINITY_DN122209_c0_g1",1.90018640193135,0.200348685141344,5.23545443379031,0.000220797108886346,0.0042577694119326,0.912030713990353,15,15,18,25,15,31,83,66,69,54
"351","TRINITY_DN122282_c0_g1",-1.43301619777796,-0.874767509326834,-3.0995935367701,0.00935832187018408,0.0487339321954536,-2.44508995399251,54,21,18,27,20,12,3,4,11,11
"352","TRINITY_DN122311_c0_g1",2.61821704544778,-1.93424043447932,3.53858957652276,0.00417965461772533,0.0288660303449802,-2.13260776969105,3,6,2,8,2,12,27,15,18,10
"353","TRINITY_DN122336_c0_g1",-2.65691103358134,-0.548236683445796,-6.24874116603355,4.58147936265565e-05,0.00161219246007646,1.87661221967858,55,39,45,33,65,7,4,7,3,14
"354","TRINITY_DN12238_c0_g1",-1.63834556969567,3.6033453678439,-9.63941541185397,6.06261368693104e-07,0.000146264322080873,6.58460947372523,602.25,456.52,529.9,591.53,780.24,164.88,129.99,218.56,206.28,229.74
"355","TRINITY_DN12245_c0_g1",2.3896485760347,-1.43583562200963,4.59554858467854,0.000641809373698292,0.00833466005500999,-0.579877858910069,5,3.63,8,5,5,26,25.83,16.98,29.52,11.97
"356","TRINITY_DN12252_c1_g1",2.08899656345452,-0.0301906425386218,4.63295338876065,0.000602079619331167,0.00798043185408747,-0.0162610838457109,16.81,11.13,15.84,5,31.04,70.84,48,68.1,83.4,21.12
"357","TRINITY_DN122581_c0_g1",-1.33968091512035,0.884245758046034,-3.50264271237638,0.0044631021923904,0.030096969635029,-1.9999761211047,68.45,73.84,87.91,98.24,75.33,58.54,53.87,29.64,13.39,18.08
"358","TRINITY_DN122662_c0_g1",1.58753364173102,-1.00704983464624,3.320373400384,0.00623250427912633,0.0374626194076196,-2.09355998785612,12,5,14,5,10,27,29,19,14,25
"359","TRINITY_DN122839_c0_g1",-1.56535650628925,-0.67653962453587,-5.03298498640019,0.000307588358113536,0.00524827920328192,0.493652230148752,39.63,29.6,21.67,33.23,33.01,9.24,5.09,8.12,13.79,5.06
"360","TRINITY_DN12285_c1_g1",2.06874399206342,-1.09461561029012,4.05182806676126,0.00165743403205548,0.0156989841698805,-1.05217548023768,6,2.84,14.71,6,12.16,22.17,19.76,16.13,34.93,33
"361","TRINITY_DN12289_c0_g1",1.82251346694747,9.56364336822908,31.8650352267681,8.10447740891288e-13,5.03077330680858e-08,19.7901252062414,11540.54,9593.72,10966.88,10517.83,10246.01,47367.88,38440.5,41769.59,46067.34,35496.18
"362","TRINITY_DN12289_c0_g3",1.90383734063563,7.18856776930126,19.3129859050974,2.69005808897418e-10,3.33965331629966e-06,14.2190301843136,2271.02,1782,2029,2440.97,1886.03,8552.09,7321.95,7213,9020,6804
"363","TRINITY_DN12291_c3_g1",1.0567272183427,3.14365465588825,9.14503702265239,1.05441498171048e-06,0.000198338653256655,6.04512868384175,177.13,157.15,148.08,170.77,179.27,413.81,309.02,355.49,381.18,278.57
"364","TRINITY_DN123069_c0_g1",-3.18907713914226,-2.0563835249995,-4.05712649252712,0.00164190465916228,0.0156126822629962,-1.6453081035361,29,19,17,11,36,2,0,1,2,4
"365","TRINITY_DN123189_c0_g1",-6.19621975319318,-2.29995451673743,-8.68755693113409,1.796950042378e-06,0.000258802498678822,1.40333585113197,69.14,38.11,35.19,50.46,57.1,0,0,0,1.06,0
"366","TRINITY_DN123231_c0_g1",-2.3375489428996,-0.625968690737687,-6.79097132232624,2.09269045346802e-05,0.00100855331683675,2.44407517809144,40.75,38.07,48.03,29.69,54,7.52,3.18,3.7,12.63,6.31
"367","TRINITY_DN123305_c0_g1",-1.38797796350132,0.0900823331410245,-4.7131069797425,0.000525358538205006,0.00733823265088604,0.109447438624731,71.55,44.38,43.56,36.44,51.53,12,16,24.42,27.48,7
"368","TRINITY_DN123376_c0_g1",-2.05370816672534,-1.41008262073813,-4.22210079093841,0.00122670086100637,0.012862538724005,-0.958526279622031,17,21.64,24,24,23.91,4,4,1,7,5
"369","TRINITY_DN1234_c2_g1",1.04859390925807,4.38430432399088,9.86541793031555,4.74254067353829e-07,0.000135014967728474,6.78520034464056,377.36,331.46,367.94,438.78,466.23,870.74,771.31,828.62,890.17,685.53
"370","TRINITY_DN123440_c0_g1",1.59427090217538,-0.808404254215643,4.68567954600543,0.000550390265203951,0.00757537146835256,-0.0202290424273794,13,11,15.17,5,8,32.16,14,25,31,26
"371","TRINITY_DN123470_c0_g1",-1.35171313618636,-0.639342788560075,-4.62304759293594,0.000612344247657037,0.00807534668133906,-0.0674715531758023,39,29,27,28,26,9,6,6,19,9
"372","TRINITY_DN123541_c0_g1",-4.19612696137337,-2.60887170829813,-6.22817826419624,4.72333899420703e-05,0.00164163798838974,0.120949096636028,22.3,24.33,17,17,21.05,0,0,0,1,4
"373","TRINITY_DN12360_c0_g1",2.25972239147465,1.4895744777211,8.66943677451208,1.83609367748436e-06,0.00026382796050038,5.42764786362745,25,32,47,41.8,41,213.49,171.7,188.8,166.88,104.89
"374","TRINITY_DN123628_c0_g1",-3.80066061949255,-1.29309635408272,-3.35424598494652,0.00585667442695586,0.0359734027685393,-2.34097350689894,47.63,44.69,29.07,41.97,71.89,0,0,31.63,33.46,0
"375","TRINITY_DN123635_c0_g1",-1.33061227639611,-1.37385185782555,-3.38572281151506,0.00552805980410487,0.0346334689307402,-2.0132003417896,17,22,17,10,25,5,5,6,6,4
"376","TRINITY_DN12371_c0_g2",1.50613239098352,-1.04431665680313,3.53234168255837,0.00422756748455232,0.0290643508734191,-1.76518303748184,9.28,8.22,15,10,5,19,15.58,31,29.32,11
"377","TRINITY_DN12374_c1_g1",-1.24453760731465,1.39920664091131,-6.36199789785058,3.8771432007781e-05,0.00146839406372849,2.55958692092904,112.66,90.05,138.3,88.2,138.28,51.58,24.15,42.04,66.76,44.71
"378","TRINITY_DN123763_c0_g1",-4.13115136735301,-1.52512996618629,-4.43845459851869,0.00084105299960042,0.00998040984461795,-1.2435059887876,72.53,27.05,41.24,28.87,46.43,5.91,3.56,0,5.26,0
"379","TRINITY_DN123770_c0_g1",1.61266333832257,0.167340482368156,4.86034097267253,0.000409913192445809,0.00627779580675718,0.339409348157579,36.93,12.97,22.28,8.82,22.12,38.6,33.02,53.36,85.3,58.87
"380","TRINITY_DN123981_c0_g1",-1.96114185721039,-0.795767124332461,-5.28328305458372,0.000204336869755919,0.00406278246419888,0.741599370223256,28.56,24.29,35.4,29.31,41.36,6.43,9.65,7.57,4.18,6.41
"381","TRINITY_DN12399_c0_g1",2.43425155709339,0.90147019622191,5.85746458463784,8.26694048694064e-05,0.00229192525139059,1.84031847038671,36,15,27,54,9,91,128,129,111,125
"382","TRINITY_DN124_c0_g1",1.14566077192361,2.02000536371205,3.39476628609669,0.00543715663063423,0.0342541419557484,-2.39361866547153,51.59,94.28,132.99,116.45,36.1,154.35,130.05,136.81,262.53,143.89
"383","TRINITY_DN124072_c0_g1",-1.34952680294558,0.285851580504743,-3.21559292713132,0.00755714524549701,0.0424526908569214,-2.41427433409273,88.88,56.14,73.73,17.67,68.47,20.75,11.28,14.36,38.74,16.82
"384","TRINITY_DN124181_c0_g1",-1.14466178995787,-0.792870345423058,-3.20969933028466,0.00763960224120255,0.042737983914961,-2.28159626620084,31,31,32,13,24,10,4,8,20,6
"385","TRINITY_DN124198_c0_g1",-2.95245991443033,-1.27248006934009,-3.43314469412229,0.00506798479042406,0.0327084724350991,-2.04951956177421,32,26,17,52,36,8,7,3,0,5
"386","TRINITY_DN124203_c0_g1",-1.26730956216489,-0.333512593641427,-4.04149065300367,0.00168817139916976,0.0158919550245775,-0.955227207593637,38.9,22.36,53.23,34.93,31.33,13.29,6.11,15.31,12.33,15.05
"387","TRINITY_DN12421_c1_g1",-2.19869139145454,0.022522130002835,-6.38448261958715,3.75154032457232e-05,0.00143394774696738,2.43507261113874,57.36,51.65,70,52.55,79.31,21.06,2,10.67,14.55,16.69
"388","TRINITY_DN12422_c2_g1",1.04814375745168,0.59678429112147,3.36501529075875,0.00574206856651279,0.0354413010040484,-2.20658806973874,24.44,19.34,61.01,24.1,33.45,53.13,62,79.22,65.52,34.14
"389","TRINITY_DN12426_c1_g1",-1.00368199425835,3.33698276025454,-8.18592288647285,3.30494133938623e-06,0.000368224162978089,4.89044764150139,470.75,402.73,405.21,310.84,369.05,197.88,145.43,210.78,273.8,155.65
"390","TRINITY_DN12427_c0_g3",-1.31495669719594,1.85668226996635,-6.10259500030956,5.69739527285947e-05,0.00184446337777655,2.16181327592581,150.33,126.52,214.48,103.77,209.19,56.97,40.58,58.41,89.13,63.43
"391","TRINITY_DN124295_c0_g1",1.78890402004126,0.0690643540840098,4.29284204022035,0.00108360317241805,0.0117778993739587,-0.561110248338015,11,13,15,26,22,83,53,68,33,33
"392","TRINITY_DN12438_c0_g1",-1.3763809849823,2.69427495449223,-9.5125128322438,6.97295398927522e-07,0.000158983209134089,6.45519472855122,303.14,247.39,307.39,206.51,367.91,118.56,83.84,117.08,125.48,94.55
"393","TRINITY_DN124384_c0_g1",-2.38562327026092,-1.4421114928474,-3.51040321918226,0.00440029236094527,0.0298289557729952,-1.95227153153055,28,21,50,12,23,5,1,1,7,5
"394","TRINITY_DN12440_c0_g1",1.04227652710904,-0.0855635208164177,3.40272727400125,0.00535839244778132,0.033930108416156,-2.05234826325019,16.25,14.54,35.97,16.47,17.41,28.25,27.23,25.46,60.79,37.93
"395","TRINITY_DN124402_c0_g1",-1.25122031092854,-1.27960977933407,-3.20571918929561,0.00769580152662758,0.0429260073751486,-2.27330253452002,24.07,21.09,13.19,12.12,22.28,7.91,7.25,2.91,7.3,5.46
"396","TRINITY_DN12448_c2_g1",2.12299688935798,0.728897723997915,7.1339261395571,1.30045399669922e-05,0.000773963388217713,3.5427759473525,31.96,13.5,33.99,19.47,20.25,80.81,84.06,114.95,77.97,112
"397","TRINITY_DN12459_c1_g3",-1.46875758601392,-0.911469646569132,-3.29660950203689,0.0065106901053703,0.038556055867273,-2.13022317307366,31.94,25.39,19.1,27.66,28.02,9.73,2.17,2.13,24.64,7.46
"398","TRINITY_DN124665_c0_g1",-1.44729612357211,0.108559965337293,-4.32960233117349,0.00101620504795644,0.0112814032912893,-0.506090615526762,68.7,30.05,40.43,40.23,87.72,14.21,9.16,17.22,21.35,19.15
"399","TRINITY_DN124774_c0_g1",-1.51176781106504,-0.943433928562256,-4.66295715425288,0.000572072310669344,0.00773319177101238,-0.0865631878034421,23.1,30.46,27.05,20.02,23.15,6.33,5.29,6.34,6.35,10.57
"400","TRINITY_DN12495_c0_g1",1.405508394706,1.46637447840481,4.04453068813664,0.00167907139714279,0.0158423283031223,-1.13469679823562,60.56,37.03,21.91,76.85,62.28,97.11,135.68,126.83,98.12,157.33
"401","TRINITY_DN12495_c1_g1",1.28310642418667,4.00633425905421,11.0363276524728,1.42302260150034e-07,7.13240203221051e-05,8.0152733254251,242.12,228.17,327.06,277.34,339.31,752.1,574.98,622.57,879.96,576.63
"402","TRINITY_DN124960_c0_g1",-1.68287624176979,-0.977130972440288,-4.05052634846404,0.00166127249508804,0.0157207333807362,-0.994918752300362,44.7,25.58,21.12,21.08,23.26,7.1,2.05,15.23,7.17,3.18
"403","TRINITY_DN124989_c0_g1",-1.33663731289629,-0.195037065271878,-3.42238617351147,0.00516882460138423,0.0331764676151716,-1.99395275249124,47.51,46.27,50.1,28.18,28,5.88,26.89,18.82,19.84,6.39
"404","TRINITY_DN12500_c0_g1",-1.08457439711458,1.67357165376979,-5.42124833881484,0.000163709616770105,0.00352606202338219,1.13245034086715,152.08,158.85,103.93,105.83,122.06,52.72,57.29,41.85,84.56,55.43
"405","TRINITY_DN12502_c1_g1",-1.12603136353485,1.83841541183221,-5.80680067488989,8.93741827851244e-05,0.00239542876606382,1.71577086126922,211,142,137,113,126,70,58,70,57,65
"406","TRINITY_DN125126_c0_g1",1.64446194789284,-0.229134547936082,4.20602132099664,0.0012618826527258,0.0130964895143456,-0.690109107321873,23.97,8.16,27.01,4.44,20.63,43.89,22.78,46.44,52.04,38.8
"407","TRINITY_DN12535_c1_g1",-1.73001935152037,2.11697541884092,-9.56048455525633,6.61263661784137e-07,0.000154313084742814,6.46538282626821,202.44,218.19,210.41,184.31,266.88,74.24,31.94,64.84,81.34,71.87
"408","TRINITY_DN125373_c0_g1",-1.99404896782636,-0.819878932649697,-4.51000879966536,0.000743310109206822,0.00918482263396068,-0.319509705507916,43,32,35,17,37,3,5,19,6,5
"409","TRINITY_DN12541_c0_g1",1.04061966281584,0.103374409966268,3.33237537135112,0.00609661691407232,0.036950199850611,-2.19625598361987,15.06,20.68,17.01,25.21,32.92,42.62,59.71,31.09,38.64,31.87
"410","TRINITY_DN12554_c1_g1",-1.31938310579546,2.73670359204753,-7.85993257019568,4.98338034976537e-06,0.000456885316346625,4.52110411205163,305.9,263.67,380.5,194.01,316.74,106.2,86.22,122.88,174.45,88.85
"411","TRINITY_DN12555_c0_g1",1.30919631089978,4.12176380990869,6.00399475721544,6.61103666007293e-05,0.00201163475312435,1.74335333910803,252,277,323,396,275,1066,730,798,810,418
"412","TRINITY_DN12556_c0_g1",-1.85283710139366,-0.774177253389078,-4.41384661591707,0.000877688443445385,0.0102616941317061,-0.435085591732619,45.81,22.39,32.4,18.87,49.75,4.07,4.08,5.85,14.57,7.43
"413","TRINITY_DN12561_c1_g2",-2.1219878990559,0.498410326617471,-4.72607877125242,0.000513937583341742,0.00723897471031434,0.123340845667353,119.22,62.45,88.14,73.63,76.01,25.57,10.27,3.18,53.97,19.38
"414","TRINITY_DN12570_c0_g2",-2.80422558600962,-1.77142015524512,-3.88816550988301,0.00222002728682259,0.0190155890440494,-1.73868663329979,20,15,25,27,29,4,0,1,5,5
"415","TRINITY_DN125764_c0_g1",-1.38135840382235,-0.919750272302351,-3.38547822368395,0.00553053969008181,0.034638555213615,-1.9910393057796,27.84,23.23,23.28,21.77,29,14,9,3.18,17.9,2
"416","TRINITY_DN12579_c0_g2",1.7850292514708,-1.23885323215664,3.20236401860181,0.00774350038228128,0.0431132875351806,-2.28268173818996,5.17,13.88,5.35,14.25,3.73,32.27,17.12,15.62,28.05,8.46
"417","TRINITY_DN125820_c0_g1",2.60446018654544,-1.48497892728981,3.19036740043563,0.00791650478679533,0.043723807258162,-2.40122797686895,3.63,1.03,9.27,10.44,6.96,23.93,14,18.03,17.43,47.03
"418","TRINITY_DN12592_c0_g1",1.04066294069494,3.33817112911986,5.16622344376283,0.000247140220132356,0.00456441000431296,0.492610302312904,279.6,213.61,187.53,191.43,121.58,390.01,322.29,474.06,543.42,278.24
"419","TRINITY_DN12606_c0_g1",1.33671266427068,-0.168075598296021,5.4197740407602,0.000164095548985631,0.00353192340767479,1.16711949061252,14.56,16.25,17.05,11.6,23.31,32.91,29.2,35.93,60.68,27.54
"420","TRINITY_DN12610_c0_g1",-1.12655409868431,3.77812521068394,-9.83133119500307,4.92006375686583e-07,0.000135736905619417,6.7822860532624,647,497,614,456.87,565,265,220,284,337,174
"421","TRINITY_DN12611_c3_g1",-4.59827010731695,-0.0272873049425937,-5.8954115276623,7.79974706927888e-05,0.00222082159130881,1.16764266655323,148,94,156,85.04,186,16,5,0,6,10
"422","TRINITY_DN12620_c4_g1",-1.4386419317296,-0.286376007744198,-3.43656844502416,0.00503631567804888,0.0325660246195512,-1.95688091176743,53.46,18.89,47.25,30.72,48.28,6.39,17.36,6.35,15.81,21.46
"423","TRINITY_DN1263_c0_g1",-1.16096878467086,5.48606550367847,-8.182294265156,3.3198676491079e-06,0.000368653782559434,4.70609600803094,1896.84,1682.6,2421.26,1669.29,1598.75,927.61,552.59,687.99,1183,795.12
"424","TRINITY_DN12633_c0_g1",-2.27368697679177,-0.55412971755979,-4.07808328687593,0.00158194220946628,0.0152267763545371,-0.918607340929456,54,21,36,40,79,5,2,5,11,20
"425","TRINITY_DN126614_c0_g1",-1.41174822634155,-1.36111648222275,-3.7537500719415,0.00282792271984082,0.0222965165643845,-1.48212327388982,20.83,13.55,23.07,14.58,20.83,9.3,4.13,3.13,6.31,3.14
"426","TRINITY_DN12674_c0_g1",-1.00222753003435,4.51473401527767,-6.4862929665902,3.23459411911834e-05,0.00131575488433913,2.43169774452306,802,963,1182,895,655,477,377,397,549,397
"427","TRINITY_DN12681_c0_g1",-1.18715679137882,2.76564155050381,-3.91716178007676,0.00210757801213972,0.0183589387490262,-1.57975381315576,217,355,242,466,198,184,100,141,116,80
"428","TRINITY_DN12696_c0_g1",-1.41895693936155,3.06654134712896,-3.68717649648778,0.00319000384903191,0.0242044125320629,-2.04136534610668,436.67,294.08,281.44,357.5,566.13,139.6,88.55,48.59,381.06,193
"429","TRINITY_DN127_c1_g1",1.0329069827222,0.595204557215686,4.1071453749131,0.00150251666704769,0.0147318306097486,-0.922766445516741,42.05,29.52,20.39,36.99,26.85,59.53,37.21,49.89,97.59,47.79
"430","TRINITY_DN12705_c0_g1",-1.13832354155105,1.81918175811509,-6.29725719525055,4.26440690716418e-05,0.00153989990898958,2.4478299854796,188.69,140.46,129.57,138.74,123.87,84.5,40.84,54.27,76.51,62.4
"431","TRINITY_DN12711_c2_g1",1.39909658621515,0.45076379334292,4.90080509013669,0.000383089041655075,0.00602174453575516,0.395031716045565,15,24,41,29,20,48,48,56,87,55
"432","TRINITY_DN12711_c2_g2",1.07602172565806,2.86034381861128,6.61806047550618,2.67533187793516e-05,0.00117114633985153,2.81982962914579,124.42,106.01,180.13,147.58,138.41,302.04,186.79,311.57,406.44,254.44
"433","TRINITY_DN12730_c0_g1",3.80219122634652,1.34006645983017,11.8198500812954,6.73938304586202e-08,4.92165250810399e-05,7.99442044994658,18.01,7,32,26,28,242.02,260,239.01,301.03,243
"434","TRINITY_DN12743_c0_g2",1.41236729434416,-1.35646958523838,3.58779657909112,0.00382117342350316,0.0273140855700755,-1.71672772157296,12.17,11.65,6.6,2.16,7.15,14.85,14.22,18.29,18.56,12.56
"435","TRINITY_DN127538_c0_g1",1.81684242770903,-0.24665714013569,6.7046795326412,2.36443537589857e-05,0.00109285153777757,2.79888846992085,11.04,13.1,12.12,19.7,12.03,50.02,27.38,36.05,50.33,39.49
"436","TRINITY_DN12754_c0_g1",1.02503280255842,2.99439964280341,5.79917144439542,9.04327026330686e-05,0.00240415418431703,1.56715073837202,130.28,164.07,180.36,174.11,125.13,354.5,189.27,316.32,381.87,327.11
"437","TRINITY_DN12756_c0_g2",1.41690469264525,-0.703792691643103,3.47493805272262,0.00469488674638085,0.0310991783048602,-1.85722541625154,15,18,10,12,6,34,15,15,43,26
"438","TRINITY_DN12760_c0_g1",-1.4203839180115,-1.10400946257789,-3.64117679423458,0.00346768758837671,0.0255520194068962,-1.60540237424816,32,21,18,18,22,14,4,10,5,3
"439","TRINITY_DN12767_c0_g1",-1.0077233096833,2.28673249148945,-5.26755007517312,0.000209603826871853,0.00411869197506913,0.813549392865366,280,135.23,184.7,165.64,196.39,81.64,79.29,116.55,122.66,66.99
"440","TRINITY_DN128094_c0_g1",-1.22630245276734,-0.675918915254849,-3.08877019962752,0.00954700532665288,0.0493275186155028,-2.49061424056262,43.71,17.41,23.03,34.34,24.58,13.17,8.41,3.94,14.91,11.05
"441","TRINITY_DN12817_c0_g1",1.03323906745696,3.01450147552615,9.71853716061041,5.56030573309945e-07,0.000143215941110546,6.6799086080703,166,152,169,134,147,317,279,365,331,278
"442","TRINITY_DN128178_c0_g1",-1.08885148632179,-0.907161065534228,-3.73762019278257,0.00291158472647259,0.0227654656271879,-1.43621038891082,29.24,18.38,23.28,15.81,27.71,6.56,5.86,9.07,14.4,6.45
"443","TRINITY_DN12832_c0_g1",-1.24865675534816,3.24609727847236,-5.85976532020451,8.2377866717362e-05,0.00228895420707857,1.63644850239922,587.59,385.91,353.94,333.95,376.15,224.75,96.72,216.18,236.23,104.15
"444","TRINITY_DN12838_c0_g1",-2.8279002816752,1.17011217807119,-7.53210303932098,7.62481896232054e-06,0.000564653300548858,4.05511144792653,221.83,176.21,136.89,126.9,176.23,14.13,5.05,18.59,59.56,35
"445","TRINITY_DN12844_c0_g3",-1.43991871923707,-0.231840739783612,-4.58560328891481,0.000652827302927651,0.00843105613370908,-0.0906233719241829,50.01,25.32,53,28.9,50.92,10.2,5.24,17.5,19.17,12.32
"446","TRINITY_DN12844_c1_g1",-1.30595552644991,-0.243027369151721,-4.93665792994253,0.00036085992724052,0.00580722468783959,0.447706874276076,36,28,36,35,57,15,10,11,15,14
"447","TRINITY_DN12847_c2_g1",-5.60738893146682,-2.12136136913446,-5.49896155691311,0.000144663474436271,0.00325882174829507,-0.330683824832936,40.08,55.03,82.74,24.47,40.39,0,5.33,0,0,0
"448","TRINITY_DN12853_c1_g1",-1.38030786206884,3.18079731229708,-5.22249239113094,0.000225494532756888,0.00430555140767489,0.621206152003377,300.63,388.46,642.63,244.63,518.35,102.54,170.81,164.32,197.52,140.98
"449","TRINITY_DN12875_c0_g1",-3.04301430140976,0.613655167278311,-12.8913789782443,2.59041274262352e-08,2.41818852188933e-05,8.21871208141167,140.3,103.87,139.37,93.45,131.66,16.21,9.24,18.78,14.25,7.02
"450","TRINITY_DN12875_c0_g2",-4.48786966710625,-2.81240191217084,-7.81238732091103,5.29632586874242e-06,0.000473041916512687,0.954546887462479,18.02,19.04,23.02,15.03,22.02,0,0,1,1,0
"451","TRINITY_DN12876_c1_g1",2.47530768211301,-1.55099166364635,3.64748873563038,0.0034281638978219,0.0253333149754044,-1.80284884182274,3.88,6.01,12.57,6.03,1.63,27.77,9.15,27.83,20.5,17.63
"452","TRINITY_DN12881_c0_g2",1.32854926886722,-0.166332503090698,3.62779292243131,0.00355304521946943,0.0259895789000721,-1.6539098993204,26.71,19.58,10.49,9.26,21.13,20.14,50.87,42.18,41.04,35.34
"453","TRINITY_DN12883_c1_g3",1.38814493556773,-1.37758712672618,3.7225390463211,0.00299210683939385,0.0231922821320362,-1.52087933874504,7,6,5,8,12,18,12,19,16,11
"454","TRINITY_DN12883_c1_g4",1.29029319659491,0.143955206043476,3.24037282673773,0.00722017169254494,0.0412086187608528,-2.35581844621635,9.75,15.75,25.98,35.42,26.84,36.85,43.98,39.1,40.83,67.06
"455","TRINITY_DN128888_c0_g1",-1.09788489445737,-0.573020832103814,-3.96709055630561,0.00192752185513303,0.0173354088141883,-1.0697735716743,29.07,30.54,29.21,17.72,34.65,12.87,11.38,6.49,13.05,11.82
"456","TRINITY_DN12892_c3_g1",-1.39105142872559,-0.127101049664419,-4.55948626425738,0.000682712127767545,0.00867695628682996,-0.130257740629656,54.76,43.6,33.08,32.8,43.5,9,13.77,22,10.19,17.65
"457","TRINITY_DN12932_c2_g3",1.64222844496356,5.41395610592986,3.4897809793667,0.00456921980785955,0.0305866224903563,-2.75694156585797,1591.46,645.21,632.19,663.24,289.28,4921.37,873.93,2574.22,2593.8,1152.71
"458","TRINITY_DN12941_c0_g1",1.01547935564237,3.07845951556678,9.04772215245045,1.17898407083606e-06,0.000208502157302215,5.9362263537383,169,161,161,171,146,327,295,364,342,298
"459","TRINITY_DN12944_c0_g1",1.03812182170948,1.68964372734253,4.98805418828139,0.000331327013757531,0.0055065041638514,0.430658909096679,55.67,56.84,92.28,52.93,61.96,180.76,125.94,103.73,129.31,94.72
"460","TRINITY_DN12947_c1_g1",1.26989780549367,-0.488389462515226,4.09867711433545,0.0015252243661541,0.0148699194761504,-0.859875803278972,13.96,19.8,16.81,9.28,10.14,22.74,24.02,24.95,31.04,39.31
"461","TRINITY_DN12957_c0_g2",1.07739392228095,2.29589566113737,7.33006970938339,9.97294246057257e-06,0.000659043639415061,3.85261851345245,87,96.65,87,118,82,184.91,165,195,235,185
"462","TRINITY_DN12965_c0_g1",1.31833049576897,2.11180965067667,3.53762897036247,0.00418698493427768,0.0288941526192721,-2.14815557420228,61.15,89.45,107.18,55,81.24,230.39,56.91,211.75,328.16,206.95
"463","TRINITY_DN12966_c0_g1",1.05324441577861,2.19863604745715,5.4067975428165,0.000167534155853536,0.00357580874897051,1.04850445623123,85,101,73,68,116,224,189,186,159,145
"464","TRINITY_DN12976_c0_g1",-1.02712760175533,0.239270140937275,-3.70152859724511,0.00310811506862916,0.02373140880916,-1.57557509805402,51,55,54,29,54,34,12,13,36,17
"465","TRINITY_DN12980_c0_g1",1.35811050355411,1.90920674241106,3.72221864451181,0.00299384213558022,0.0231922821320362,-1.77960647109894,78.91,47.18,57.68,84.01,69.77,158.77,129.58,151.45,422.3,74.48
"466","TRINITY_DN12987_c1_g1",1.54205726982484,-1.29126095292686,3.77592324775351,0.00271692851030003,0.0217016858545628,-1.43573690183572,10.97,13.19,2.6,7.01,6.58,19.26,15.69,14.69,18.4,16.05
"467","TRINITY_DN1299_c0_g4",1.24032998640935,-0.31055210627953,4.13605979781511,0.0014275869672659,0.0142446605700151,-0.804590434832908,21.9,8.86,13.46,25.6,13.6,34.56,29.16,27.96,37.75,27.55
"468","TRINITY_DN13_c23_g1",1.01807211079698,-0.800792366839932,3.48970451646197,0.0045698583115641,0.030587598105675,-1.83420630503003,10.46,11.54,14.56,10.3,13.58,18.07,17.73,26.92,28.73,12.47
"469","TRINITY_DN130_c1_g1",-1.35416793090982,2.99559704836176,-3.45713056034872,0.00485031226724708,0.0317738230506123,-2.45059939044716,555.1,327.44,599.65,149.11,297.38,309.21,80.26,116.43,162.73,86.6
"470","TRINITY_DN130_c3_g1",2.16345089811722,-0.502907023814639,3.97502794981687,0.00190039519596497,0.0171835588338426,-1.06205566080148,20.94,7.37,18.99,12.11,3.43,42.83,33.7,33.73,79.35,19.08
"471","TRINITY_DN13007_c0_g1",-1.59539077095922,1.81406749677298,-9.49491126958498,7.11040391501644e-07,0.000158983209134089,6.36422695320086,202.42,172.84,165.27,119.92,179.75,60.02,32.63,58.1,66.13,50.98
"472","TRINITY_DN13013_c0_g1",-1.54298015835991,2.37346890212773,-9.78869173443062,5.15225357262468e-07,0.000138201717055386,6.72813481060322,224,232,292.63,247.96,206.02,99,66,86,75,78
"473","TRINITY_DN130307_c0_g1",-3.06839333501296,-2.26897183938352,-5.07317717523872,0.000287866611285764,0.00501388077682424,-0.731544207039075,19,23,16,14,16,1,0,2,2,2
"474","TRINITY_DN13038_c0_g1",1.59203083823199,0.13707683395324,3.14709935368916,0.00857351263813827,0.0459459745747902,-2.50795143689422,6.12,22.11,19.22,19.69,41.97,47.47,26.57,37.78,57.17,101.56
"475","TRINITY_DN13038_c1_g1",2.52530550390947,-0.574992760151438,5.26698916131179,0.000209794225699246,0.00411889476198254,0.717133117070201,10,7.87,7.03,9,9,56.41,53.32,42.4,26.16,37.62
"476","TRINITY_DN13054_c0_g1",-1.56048550285539,0.746695569236483,-5.85403349097126,8.31062085552056e-05,0.00229676003758739,1.83554968908168,104.08,65.52,78.38,54.64,108.39,38,13.32,17.25,43.16,20.67
"477","TRINITY_DN13058_c0_g3",1.06524736706172,0.215604603064283,3.9542402870447,0.00197228942950986,0.0175952236789152,-1.14425397164248,28.67,25.92,12.73,18.68,35.49,37.72,46.9,36.76,56.5,40.08
"478","TRINITY_DN13072_c0_g1",1.02352927063888,2.43124466879802,7.30814284761082,1.0270865272368e-05,0.000668996527719802,3.81580532223252,98.71,103.77,110.99,89.65,116.45,205.79,214.34,247.89,227.35,156.12
"479","TRINITY_DN13073_c2_g1",-1.2490389508835,0.928730248506804,-4.12989078713287,0.00144324197351262,0.0143478222715923,-0.915461564302197,101.34,69.54,82.82,48.73,123.69,32.52,21.74,28.19,75.85,17.82
"480","TRINITY_DN13089_c0_g1",1.29124064459772,2.06815238062909,6.08062041907678,5.88872655077158e-05,0.00187647234041373,2.10968056361973,63,83.72,68,70.01,91,249,151,178,234,104
"481","TRINITY_DN13098_c0_g1",1.03738081764587,1.0816184143184,4.48803544495986,0.00077199774566978,0.0094340325839022,-0.33056559708965,41,46,33,42,46,60,94,97,77,79
"482","TRINITY_DN13108_c0_g2",3.60172675169273,-1.89716667187563,3.08671317996164,0.00958329536818965,0.0494573891490692,-2.68783085474724,0,0,11.96,2.27,6.13,28.09,52.21,26.04,20.4,8.7
"483","TRINITY_DN13114_c0_g1",1.16249017561443,1.05583479185711,4.57490133267937,0.000664904487447042,0.00853635597803262,-0.180970521242473,29,36,44,45,47,123,45,77,97,85
"484","TRINITY_DN13115_c0_g1",1.36638771031599,0.828137006838067,7.82278254419452,5.22615048638225e-06,0.000470156616364771,4.40428895083502,30,31,35,27,35,83.23,58,89,95.59,56
"485","TRINITY_DN13115_c0_g2",1.52943791538728,1.01403694766764,6.68614708263459,2.42756032056547e-05,0.00110963460485111,3.00232357336262,23,32,40,33,45,82.77,65,112,102.41,98
"486","TRINITY_DN1312_c0_g1",1.00253607401325,5.99515669915966,3.66902703974429,0.00329673729285243,0.0246734592134702,-2.49280739113193,1387.43,1143.78,938.45,760.91,2474.62,2586.86,2142.49,3314.13,3250.53,1372.25
"487","TRINITY_DN1312_c3_g1",2.43839713134129,2.5066849861122,7.41517348240197,8.90119068844372e-06,0.00061392501199384,3.96814054256873,84.61,78.31,58.71,44.39,81.45,356.77,320.04,458.68,641.5,167.28
"488","TRINITY_DN13132_c0_g1",-1.2729166775042,3.80444815569975,-9.5938344515229,6.3739621417694e-07,0.000151014246560379,6.52222534242326,651.73,656.74,527.26,509.85,622.31,280.77,167.37,301.43,260.29,224.95
"489","TRINITY_DN13132_c0_g2",-1.44164289291304,0.547282215441446,-5.5341138754779,0.000136830579780694,0.00315513425308573,1.3648845863518,51.27,67.26,80.74,61.15,77.69,30.23,14.63,14.57,24.71,31.05
"490","TRINITY_DN13148_c0_g1",-2.53728099539219,1.34526641236975,-10.3932002055916,2.71894290991588e-07,9.7287721668544e-05,7.05009639160269,226.67,136.02,155.26,162.53,159.25,29.69,36.11,21.18,38.77,14.09
"491","TRINITY_DN13158_c0_g1",-2.3385183270223,0.85760639730961,-3.45300434654675,0.00488706826367677,0.031927103408154,-2.05130097768185,409,82,70,44,155,35,10,12,32,22
"492","TRINITY_DN13161_c0_g1",-1.20695408252144,2.00850335228085,-6.10648812975653,5.66419149816038e-05,0.00183698549141488,2.15393479511262,191.85,146.31,177.99,116.22,205.55,72.8,58.43,104.83,59.04,63.45
"493","TRINITY_DN1318_c4_g1",-2.67289730389767,-0.408095277296334,-6.31485125207065,4.15525524419139e-05,0.0015225119855081,2.03756795047786,53.99,47.27,55.17,39.21,67.19,1.18,10.85,12.92,7.69,7.94
"494","TRINITY_DN13183_c0_g1",-1.05967025091831,2.12184727489096,-4.44527625046725,0.000831181919697315,0.00989794607698115,-0.543579304587894,163.17,147.57,232.02,133.31,183.01,46.91,103.83,115.64,81.55,72.21
"495","TRINITY_DN13186_c0_g1",1.17273728527243,1.81482134153659,3.67467755872721,0.00326312075018875,0.0245401610999493,-1.85187335900995,60.7,98.13,53.94,78.13,46.1,157.42,155.77,223.8,98.78,105.36
"496","TRINITY_DN1319_c1_g1",1.16319886984746,2.65169864790771,10.5844809485575,2.2351138743122e-07,8.67140366462846e-05,7.54955706110615,132.69,104.82,120.48,107.89,111.35,241.54,234.81,278.06,320.11,207.82
"497","TRINITY_DN13224_c3_g1",1.21141251390889,-0.0658315959256149,3.79026584371996,0.00264752685033736,0.0213182749653446,-1.39402670733174,19,12,11,30,28,38,31,30,59,31
"498","TRINITY_DN13233_c0_g2",-1.0541799763419,3.92150836031738,-3.15482607352656,0.00845228012868579,0.0455835653091261,-3.17721797685861,711,601,465,519,763,558,86,240,489,293
"499","TRINITY_DN13235_c0_g1",2.78558376153991,-0.454110968659633,3.9444952234536,0.00200695398975622,0.0177970945657325,-1.12831192416976,26,26,1,3,14,38.03,31,49,109,43.04
"500","TRINITY_DN13236_c0_g1",-2.78744410109751,-1.10117668091372,-5.54077251526187,0.000135398005601073,0.00313842262870838,0.529594640114305,50.61,34.73,23.81,30.1,40,3,4.53,3.02,7.09,1.01
"501","TRINITY_DN13240_c4_g2",-1.81496208918065,-0.451886046498472,-3.63942475293839,0.0034787409481831,0.0256064704870767,-1.59396316146255,25,74.01,27.47,52.1,32.51,12,9,11,7.83,6
"502","TRINITY_DN13244_c1_g1",1.10238124446362,1.05152203883564,6.0009857634071,6.64125196618034e-05,0.00201983867980734,2.04775274857034,49.85,45.88,33.16,32.33,40.64,102.13,73.83,81.63,94.62,55.72
"503","TRINITY_DN13263_c0_g1",2.23043934515981,2.02851565208709,4.15919099590426,0.00137043742469854,0.0138593243240041,-0.994584182389507,38.03,38.15,83.96,52.85,67.2,479.35,77.88,460.47,303.12,131.17
"504","TRINITY_DN13263_c1_g1",-1.47302635761038,2.13308617325232,-5.68869420316641,0.00010734193496172,0.0027020045704841,1.51190193526326,290.45,154.33,200.19,190.82,187.55,87.81,43.16,70.51,148.84,35.51
"505","TRINITY_DN13269_c1_g1",1.02617633640118,-0.072749156553844,3.76648370846686,0.00276362310878555,0.0219653189314666,-1.43568243869374,20.38,17.09,37.58,13.45,14.73,37.31,28.3,40.41,44,25.51
"506","TRINITY_DN13304_c2_g1",1.28778067232385,0.624052945866104,5.14452423316715,0.00025606251785517,0.00465577760203334,0.770483037826247,24.7,22.9,32,34,29.77,44,46.05,74.84,97.78,63.82
"507","TRINITY_DN13306_c0_g3",1.09956131976747,0.8023657305105,5.67654660604891,0.00010939573503585,0.00272825667200294,1.57496650366821,38.16,29.81,41.73,34.18,27.31,70.54,50.08,56.01,96.11,68.29
"508","TRINITY_DN13306_c1_g1",-1.96660452949003,1.44919947164222,-6.47644189059921,3.28113173935599e-05,0.00132513319185936,2.72163717481478,160.12,186.31,95.1,177.14,131.97,24.65,41,40.01,32.03,41.77
"509","TRINITY_DN13310_c0_g1",-1.60752178688382,3.15551380053584,-5.74856958033804,9.77981583803483e-05,0.00253792762679839,1.48321020118996,598.16,341.29,434.08,237.41,651.36,122.2,81.98,145.5,257,121.95
"510","TRINITY_DN13314_c0_g1",-1.14262189656762,3.90053783987463,-4.92069424913472,0.000370585554504657,0.00589990451662531,-0.00127909268900517,616.8,590,773.89,339.39,841,315.73,141,292,375.79,297
"511","TRINITY_DN13320_c1_g1",1.66315977689449,-0.604480559178849,5.16273875124519,0.000248550711832672,0.00458091950305857,0.705320274199755,11.23,11.15,7.28,20.18,9.3,25.66,26.1,25.09,38.72,30.57
"512","TRINITY_DN13321_c1_g1",1.33363680315775,0.75343983682493,5.13595734560174,0.000259677822193542,0.00469917186522179,0.752274714781969,36.06,24,43.85,18.21,35.16,64.1,39.56,76.4,97.43,89.91
"513","TRINITY_DN13322_c2_g1",1.39347300772039,0.991689641223698,3.26131874611917,0.0069472029143629,0.0401789503126957,-2.44333133783568,45.31,29.09,23.73,64.77,25.46,154.46,124.96,82.25,73.57,37.14
"514","TRINITY_DN13336_c0_g1",-1.50056809994273,0.241717392924556,-3.84387728674594,0.00240385384098028,0.0199754783567617,-1.32444815022725,56,112,48,56,32,18,18,15,24,12
"515","TRINITY_DN1335_c1_g2",1.02539477224244,5.10680057310611,3.96744382522852,0.00192630606851972,0.0173300936726278,-1.85636793067886,506.71,713.14,1272.12,433.67,620.72,1230.48,782.17,1289.58,2220.66,1412.19
"516","TRINITY_DN13357_c0_g3",-1.15286534486823,0.34385295892271,-4.01647636891094,0.00176501311193942,0.0163573341162328,-1.04836588993504,72,55.28,55.86,27.64,64,13.43,15,25.74,37.94,20
"517","TRINITY_DN1340_c7_g1",2.06820091810715,-0.863021140504419,3.86552842526147,0.00231210393020152,0.0195028589975987,-1.26546587482544,18.78,6.31,9.99,8,4,44.92,37.39,28.21,29.55,13
"518","TRINITY_DN13404_c2_g1",5.18059472421593,-2.40764203868442,4.99442090589213,0.000327849386608778,0.00546276382522224,-0.75610551552214,4.36,1.83,0,0,0,26.6,42.72,50.86,30,10.86
"519","TRINITY_DN13411_c0_g1",1.90467816612905,2.08840819281766,9.13376897663528,1.06808674179514e-06,0.000200303372840458,6.01083471569814,61.5,51,86,59.99,52.13,286.99,229,239,205.01,169
"520","TRINITY_DN13415_c1_g1",-2.25574782076013,0.223587043300575,-4.07156308256386,0.00160035127874193,0.0153471395898812,-0.916613172665457,48.01,76.61,56.93,84.4,133,14.11,2,12.01,58.84,7.06
"521","TRINITY_DN134172_c0_g1",-2.90131800862473,-1.84506440037704,-4.81284210503109,0.00044393350576945,0.0066145751500243,-0.868681244647131,33.45,18.65,26.3,15.51,18.43,1.18,2,1.12,2.12,1.11
"522","TRINITY_DN13425_c1_g1",1.49258464986166,-0.430845957879207,3.8219910592335,0.00250041551721222,0.0204790596141221,-1.30643845897612,14.04,21.45,4.02,12.35,20.89,33.9,33.46,36.07,34.04,20.71
"523","TRINITY_DN134477_c0_g1",1.25050723995737,-0.966311508668359,3.68449223197669,0.00320556344737347,0.024274567231059,-1.52205446364352,17,8,7,10,10,17,15,19,21,27
"524","TRINITY_DN134507_c0_g1",-1.07754481669492,0.359566189891174,-3.47134834334629,0.00472580439119272,0.0312240108333046,-1.98651991038624,53,47,85,25,70,27,17,26,29,14
"525","TRINITY_DN13453_c0_g2",-1.07099367772688,1.46814163339535,-3.37461971443906,0.00564178124476618,0.0350799888657124,-2.32739645745914,110.82,130.99,111.24,112.32,90.82,71.75,52.75,17.82,95.41,42.85
"526","TRINITY_DN13453_c0_g3",-1.15042049863845,0.241905342418013,-3.83004773737708,0.00246441344008366,0.0202939771663244,-1.35437499357706,41.71,57.45,80.23,44.14,36.22,25.93,12.01,16.64,33.69,14.56
"527","TRINITY_DN134572_c0_g1",-1.21508907440056,-0.809723410633016,-3.54889677740186,0.00410182103812815,0.0285284525625509,-1.73469243841968,41.36,23.09,32.04,14.67,19.94,7.41,6.32,9.48,11.39,8.44
"528","TRINITY_DN134658_c0_g1",-1.8692277279207,-1.69127034913965,-3.91837165233214,0.00210301576359666,0.0183372103539119,-1.45810372232624,21,18,14,14,22,4,1,6,7,1
"529","TRINITY_DN134667_c0_g1",-4.74675654949796,-3.06961758957929,-7.79577851373544,5.41054827303655e-06,0.000475147967947519,0.932280031222962,21,16,21,10,24,0,0,0,1,0
"530","TRINITY_DN134741_c0_g1",-1.63554361771337,-0.888731535423575,-4.11941566757718,0.00147023332580265,0.0145420087653933,-0.867212552213632,33,25,41,21,19,12,6,7,5,6
"531","TRINITY_DN134785_c0_g1",1.05440776955909,1.54320406023062,5.04259230509938,0.000302748457660477,0.00519568917910326,0.536762454943898,66,35,50,61,80,133,111,113,132,79
"532","TRINITY_DN134829_c0_g1",1.19143357554655,0.555467988253876,3.59487417065145,0.00377226126066733,0.0270485555613566,-1.79641736635767,52.89,19.87,30.88,13.3,33.15,64.28,58.38,61.81,41.95,74.3
"533","TRINITY_DN13483_c0_g3",2.3451760660841,-1.50740202051614,4.82299757265487,0.000436418856849067,0.00654038245293312,-0.380199278427408,9.46,3,5.51,3,6,23.85,21.75,14.31,22.93,18.38
"534","TRINITY_DN134937_c0_g1",-1.83400788970119,-1.21942118215923,-3.29524942838967,0.00652698695394372,0.038589978872188,-2.15228993813687,36.92,13,30.45,22.86,20.65,1.47,3,2.6,13.01,10
"535","TRINITY_DN134975_c0_g1",2.16677901667505,-1.82240172982317,3.69974261574697,0.00311818673918098,0.0237932788749748,-1.8119960706971,2,5,9,3,6,16,19,13,16,10
"536","TRINITY_DN134982_c0_g1",-2.1626996317771,-0.91521435933431,-4.15306244204774,0.00138534415920919,0.0139736518262515,-0.870993534357458,47,32,15,33,39,6,8,5,5,4
"537","TRINITY_DN13504_c0_g1",1.24438077676477,-0.70774399217586,3.84979301356269,0.00237841880728517,0.0198374310488901,-1.25597100852394,11.35,11.91,15.02,5.55,17.95,20.57,28.26,22.6,34.54,16.25
"538","TRINITY_DN135105_c0_g1",-1.2927864852253,-0.712658551782296,-3.7223064403771,0.00299336653044033,0.0231922821320362,-1.45892643667641,26,30,36,18,28,4,13,8,15,9
"539","TRINITY_DN135126_c0_g1",3.37311629264957,-1.65083419719219,4.44674202910662,0.000829076711631879,0.0098810131747014,-1.210233881308,7.07,4.95,0,1.3,8.32,18.72,17.25,36.45,31.85,28.35
"540","TRINITY_DN13513_c0_g1",1.00706882055048,2.27189121487159,4.48521064681462,0.000775768620445485,0.00946071932132279,-0.50132041869451,90.84,70.42,142.77,103.27,80,142.62,146,213.95,312.79,146.93
"541","TRINITY_DN13521_c0_g2",-3.13693209127074,1.37742484579232,-8.21785484900941,3.17664760976411e-06,0.000359025860845846,4.86768096949349,158.84,147.91,324.77,209.1,230.45,17.2,25.8,34.65,11.69,29.92
"542","TRINITY_DN135247_c0_g1",-1.42287503084669,-0.919423793266937,-4.40853698145375,0.000885809057305764,0.0103317759156704,-0.434635121406065,35.08,19.63,28.02,15.37,28.05,7.22,5.15,6.19,8.25,9.27
"543","TRINITY_DN13526_c0_g1",2.5250427817446,-1.83934945076508,3.27858048473929,0.00673010831724519,0.0393746224019489,-2.38439810194274,3,3,12,9,1,12,23,21,16,12
"544","TRINITY_DN135270_c0_g1",-1.81442595970878,-1.66115300116728,-3.30018202026701,0.00646807908406385,0.0383696044594973,-2.22346233556615,29,12,18,20,12,4,3,2,5,3
"545","TRINITY_DN135396_c0_g1",-2.2125749793571,-2.22438279548828,-3.22915652408805,0.00737077595232575,0.0417495708061565,-2.53171779816007,11,12,22,11,13,1,1,2,1,6
"546","TRINITY_DN1354_c3_g1",-1.24739148153594,3.19926385100328,-6.97689689468019,1.61393668814547e-05,0.000877263625043272,3.30117121102437,393.28,296.85,339.19,381.38,550.84,227.72,118.5,156.39,183.93,132.75
"547","TRINITY_DN135447_c0_g1",-1.84630301372046,0.45214925943123,-5.51477891685015,0.000141081888008988,0.00321967541039335,1.33375511611473,101.99,75,46.15,54,91.34,18,12,20,13,31
"548","TRINITY_DN135455_c0_g1",-1.88120267659798,-0.14419136890879,-3.7417325116904,0.00289001651706334,0.0226508693535593,-1.44415271678373,66,32,50,83,35,26,11,14,15,2
"549","TRINITY_DN13555_c0_g1",1.03570788952113,-0.188603182866433,4.45064103098511,0.000823503825624075,0.00984035854080242,-0.303346746618121,21,14,22.6,11.4,21.45,29.61,26,32,36,37.45
"550","TRINITY_DN135608_c0_g1",-1.33407647531583,-0.746858867429419,-3.61843799147601,0.0036139825646321,0.0262963724905607,-1.62420640806147,47,29,28,14,24,10,6,6,10,13
"551","TRINITY_DN135612_c0_g1",-1.90297618732473,0.053708189998509,-5.68338576291602,0.000108234372781181,0.00271391772347008,1.54540608504014,71,37,43,59,75,9,12,13,12,22
"552","TRINITY_DN13564_c1_g1",1.34318518526956,0.107732858266116,3.77420816497197,0.00272535182894776,0.0217485511658422,-1.43527543906258,12.09,28.08,23.85,23.91,14.79,35.62,32.33,52.02,39.3,69.53
"553","TRINITY_DN135694_c0_g1",2.06179973806789,-1.39661974863894,4.25094903693437,0.00116611076209273,0.0124458664797359,-0.884560165413926,5,6,3,9,8,23,11,13,34,19
"554","TRINITY_DN13577_c0_g1",-1.91505778597952,0.660433872895968,-7.14150196884156,1.28707595720746e-05,0.000769269466968555,3.54603843356238,87.52,115.75,93.14,62.05,72.87,27.86,10,27.6,20,19.34
"555","TRINITY_DN135785_c0_g1",-5.76183439425511,-2.41269506996933,-4.92006335221438,0.000370975524507534,0.00590459864314889,-0.808610196432538,66.02,54.65,61,13,28.97,1,0,0,0,0
"556","TRINITY_DN135987_c0_g1",1.17453315473438,-0.352291672441512,3.49035905286018,0.00456439554610944,0.0305642167345412,-1.86903262513152,26,18,16,12,9,35,19,24,32,44
"557","TRINITY_DN136_c0_g1",1.18649112882501,0.476277401764131,3.14419656230483,0.00861950880978165,0.0460890162682734,-2.57316440498741,14.83,38.94,30.38,34.19,22.54,55.09,39.91,28.92,102.68,67.43
"558","TRINITY_DN136058_c0_g1",-1.76146296870647,-0.665570642871224,-5.00667015969319,0.000321266015166707,0.00539563490948544,0.437665844189336,40,25,30,28,49,9,3,5,16,9
"559","TRINITY_DN13615_c0_g1",-2.00221722201986,1.88690540946308,-10.3272575199701,2.91095480951665e-07,0.000100385893803298,7.17498019295254,212.4,161.56,204.62,165.31,279.35,52.82,30.15,40.36,73.07,50.09
"560","TRINITY_DN136212_c0_g1",-1.36836079484406,-0.733132524101393,-3.59121240886349,0.00379748666897436,0.027194876267872,-1.6678331135672,24,33,28,16,40,15,11,4,9,8
"561","TRINITY_DN136250_c0_g1",1.24345902295463,-0.164911049085549,5.06069531770584,0.00029384490117732,0.00509216314787296,0.641466670896136,20.03,12.74,19.87,19.71,13.87,37.6,22.74,32.96,46.03,38.06
"562","TRINITY_DN136262_c0_g1",1.51606744326591,-1.25830927354539,3.11653843877696,0.00907042039719722,0.0476625138183036,-2.40959815000463,6.64,10.98,4.27,8.05,9.35,18.43,14.52,7.72,27.15,24.21
"563","TRINITY_DN13633_c0_g1",1.68847527577078,0.00285756266441394,4.23163960146571,0.00120631268842213,0.0127261478281977,-0.658455563497395,21,20,25,12,9,76,66,32,50,27
"564","TRINITY_DN13635_c1_g2",-1.53514751258515,3.44996314181,-9.29559581811511,8.88712773117612e-07,0.000179191990346857,6.20800839240421,437,572,662,390,510,169,166,199,233,116
"565","TRINITY_DN136395_c0_g1",-1.85179097630463,-1.39158496933607,-4.1618146958744,0.00136410662704732,0.0138150125039911,-1.00248110378411,21,18,26,20,22,3,2,2,14,4
"566","TRINITY_DN13641_c0_g1",1.20084398903864,0.0282841732602869,3.31048852333688,0.00634672549432638,0.0378923380143133,-2.22205184426816,22.26,16.34,8,25.11,37.92,30.99,28.33,48.05,59.52,35.71
"567","TRINITY_DN13648_c0_g1",-2.30839907752145,2.3073257845926,-5.5280164553169,0.000138156458869864,0.00317626815847701,1.26314833749899,307.05,338.97,439.17,122.99,435.07,75.58,22.42,51.3,129.71,52.03
"568","TRINITY_DN1365_c2_g2",-1.33720066667649,-0.424519960578871,-4.84105661959844,0.000423383392521306,0.00641589777720561,0.286776827199614,37.84,44.1,32.34,24.78,32.02,9.7,6.43,8.41,19.49,13.27
"569","TRINITY_DN13652_c0_g1",1.16388003612069,2.3459225430885,6.04159273576174,6.24554208171355e-05,0.00194626114219559,2.02215506455132,94,61,97,117,111,256,156.4,162.45,260.84,209
"570","TRINITY_DN136530_c0_g1",-1.49986031214037,-0.481320559355532,-3.52149254629893,0.00431210214100949,0.0294433426796858,-1.78904701235587,52.83,41,40.62,14.46,39.64,10,4,10.11,27,5.56
"571","TRINITY_DN13663_c0_g1",2.12780061695473,-1.22465313823319,3.48453649322518,0.00461322545712581,0.0307882332034864,-1.88661430410969,2,14,13,6,6,14,29,20,28,22
"572","TRINITY_DN13665_c1_g1",-1.49312708659203,0.943500657209663,-5.63670731982109,0.000116428145721275,0.00284034307231314,1.51434222771222,81,74,82,74,150,29,22,20,50,30
"573","TRINITY_DN13666_c0_g2",-1.30205560903901,4.81098553283172,-3.60019256556933,0.0037359284232109,0.0268718448368938,-2.48357393472356,1598.95,772.17,1399.22,1198.25,1285.61,642.82,124.78,492.02,917.66,654.47
"574","TRINITY_DN137031_c0_g1",1.750947994218,-0.415592099368997,3.40818754899962,0.00530504136440019,0.0337104891295146,-1.97837314711426,6.47,27.07,12.51,3.39,30.06,24.08,50.12,33.2,51.73,25.84
"575","TRINITY_DN13708_c0_g1",1.40777252877365,0.0243633616015401,3.8985473307212,0.00217907150478421,0.0187761916418622,-1.21688940577822,24,13,20,13,24,53,15,52,83,36
"576","TRINITY_DN13708_c0_g4",1.40129286593997,0.18361317948006,4.34752804148911,0.000984935271519971,0.0110758826167266,-0.483167665992141,22.65,14.54,47.58,16.05,13.05,59.54,33.65,37.31,68.74,46.03
"577","TRINITY_DN137134_c0_g1",-1.00513478312736,-0.696400137256086,-3.21891097783458,0.00751111861826365,0.0422849713512593,-2.28312062879029,23,38,21,22,23,14,11,10,10,7
"578","TRINITY_DN137182_c0_g1",-1.46723763906756,-1.42698369327211,-3.09749459932412,0.00939461745202869,0.048869645832333,-2.44905091143349,21,16,17,10,32,3,4,4,12,3
"579","TRINITY_DN13723_c0_g1",1.22486208272244,3.23985208495939,8.96910643800056,1.29115723819498e-06,0.000218981678698676,5.84050809876232,153.66,193.41,156,167,174,363.2,337.83,408.15,570.36,307.76
"580","TRINITY_DN13723_c1_g1",2.6907127336019,-0.879000188265386,6.17269164452071,5.12991589816164e-05,0.0017315628029499,1.50007874762248,9.74,4.19,2.11,11.97,10.04,35.66,31.43,38.16,46.61,24.45
"581","TRINITY_DN13739_c0_g1",1.01294846988922,0.1243685675736,3.84049589456914,0.00241851799385503,0.0200570589112301,-1.32913203437392,37,23,15,25,16.26,49,28,44,46,33.95
"582","TRINITY_DN1375_c2_g1",1.16194982906534,4.26769189134339,10.3417663225052,2.86748931582632e-07,9.99980515677546e-05,7.30239305703047,341.67,326.06,372.66,305.25,398.76,872.2,672.04,846.24,728.76,771.23
"583","TRINITY_DN1375_c3_g1",1.58438017850313,0.0838548289598895,3.54771517225815,0.00411066813847931,0.0285707775196467,-1.81413821588026,16,12.59,24.76,20.17,18.55,99.16,14.5,38.28,83.06,43.11
"584","TRINITY_DN13750_c0_g1",1.25922774283212,3.0954970713832,11.2389924344948,1.16796822419699e-07,6.4865521854942e-05,8.1981861891567,155.63,134.17,177.77,145.62,139.99,372.45,315.41,353.64,379.68,375.21
"585","TRINITY_DN13753_c0_g1",1.10982797532319,1.45549563635264,5.77706893956994,9.3574932522865e-05,0.00246230197601709,1.69872535709389,60.71,48.85,67.2,56.25,35.31,118.23,83.45,113.86,145.27,83.32
"586","TRINITY_DN13753_c0_g2",1.31713090808833,0.926770464088757,4.40042115953121,0.000898373052797642,0.0104273763798356,-0.457414979426966,28.9,36.04,54.27,43.14,20,96.26,74.1,99.91,89.05,46.36
"587","TRINITY_DN137563_c0_g1",1.04929367993114,0.891443066890278,3.91997914463392,0.00209696990419365,0.0183024901339871,-1.27821347148236,38,26,38,32,51,52,105,79,73,56
"588","TRINITY_DN13779_c0_g1",-1.09875048577247,0.656225765169163,-3.10523049478155,0.00926154163186041,0.0483557015103123,-2.66788156723601,101.25,29.69,57.05,65.1,94.99,36.04,16.84,19.55,41.79,27.79
"589","TRINITY_DN137793_c0_g1",-1.27391519331858,-0.851722099106625,-3.5128116441236,0.0043809836612893,0.0297370344221839,-1.79148968043049,34.65,20.84,22.7,15.14,30.02,7.4,12.79,4.32,7.51,12.98
"590","TRINITY_DN137848_c0_g1",-1.8418556094978,-0.999720119336536,-4.62078846223856,0.000614710728222468,0.0080928003698158,-0.213650180669992,30.71,27,22,21.01,35.57,12,5,9,5,2
"591","TRINITY_DN137976_c0_g1",-1.81257735910324,-2.16013597669167,-3.35042457953147,0.0058978973450665,0.0361193843525709,-2.33510367846507,11,13,15,12,11,1,2,2,3,3
"592","TRINITY_DN137990_c0_g1",-1.16711373571863,-1.13677142405939,-3.25050499768522,0.00708679979763266,0.0406342149120866,-2.20170041825784,23,19,31,13,16,7,7,7,9,4
"593","TRINITY_DN13803_c0_g1",2.06711486524292,2.36217345923643,13.3326558322761,1.78269604674542e-08,1.94138727027501e-05,9.7727527255827,53.66,74.34,69.12,81.57,74.7,272.81,238.21,318.82,338.29,255.66
"594","TRINITY_DN13810_c3_g1",-1.12490085984843,1.81402570669177,-3.67067828320805,0.00328687702177927,0.0246293583111934,-1.85675058566402,110.06,149.02,234.6,78.58,188.39,52.27,37.05,61.23,118.06,63.26
"595","TRINITY_DN13814_c0_g3",-1.61767189170061,-0.000601751113528393,-3.90524350771171,0.00215306942245764,0.0186133418676415,-1.19602126921564,51.35,69.15,84.49,28.82,30.43,17.04,21.22,7.5,15.59,11.95
"596","TRINITY_DN13815_c0_g1",6.21432915179334,0.475982732397061,5.18091210573594,0.000241286680517244,0.00449958052665749,0.199376135082026,2.15,5.74,8.47,12.74,3.47,415.2,487.45,330.38,328.85,142.03
"597","TRINITY_DN138260_c0_g1",-1.73482038494323,0.0479200917189998,-6.87095974027681,1.87038662729845e-05,0.000949587651586521,3.09973579961714,51.4,59.93,56.5,39.06,55.95,19.75,16.33,13,11.54,10.05
"598","TRINITY_DN138291_c0_g1",-2.43722096842023,-2.1130820136396,-3.32146089627427,0.00622006602077894,0.0374260862128295,-2.41849665555843,23.48,9.81,13.99,15.72,17.59,4.97,0,2.08,1.11,5.29
"599","TRINITY_DN138333_c0_g1",-2.21380569079129,-0.852351423102608,-5.40741250508575,0.000167369494265714,0.00357511837131794,0.80517290246217,28.13,30.58,40.72,25.25,43.88,3.99,3.21,9.3,4.08,10.23
"600","TRINITY_DN13835_c0_g1",1.25126814569234,4.26042812025704,5.69938204378605,0.000105568658691266,0.00267145084370226,1.24143799210284,344.76,276.99,371.61,308.1,392.47,499.84,597.02,896.61,1393.32,841.66
"601","TRINITY_DN13836_c0_g1",1.47024978567269,0.994446372335008,5.82411595696195,8.70201444975083e-05,0.00235310953489139,1.79101884399516,32.85,17.28,52.88,41.72,36.93,95.32,71.61,77.08,122.24,78.8
"602","TRINITY_DN13836_c3_g1",1.03752088482616,-0.497388218252665,3.18855323322023,0.00794300447701002,0.0437945493887591,-2.36145505379804,11,12,20,14,17,41,29,18,25,20
"603","TRINITY_DN138369_c0_g1",-5.97552600815442,-2.30978982129075,-6.13871933825481,5.39705904431776e-05,0.00178052077583225,0.124101400694697,66.98,47.35,62,17,50.03,0,0,1,0,0
"604","TRINITY_DN13845_c0_g2",1.18881999370774,1.31691872634389,4.06776234468109,0.00161118440735121,0.015424531292708,-1.07775755726637,35,36.53,36,83.13,56.97,96.66,122.6,77.62,98.73,109.56
"605","TRINITY_DN138451_c0_g1",1.2434813586762,-0.796498476903948,3.51775153660613,0.00434164988558036,0.0295475907244288,-1.78579012473303,19.71,8.46,5.29,13.71,13.57,26.19,17.52,15.88,29.52,22.43
"606","TRINITY_DN138521_c0_g1",4.59601711542759,-2.99118699776275,7.44066870583951,8.60460220762444e-06,0.000599463611039371,0.764563553036897,0,1,1.01,0,1.01,14.26,16.37,20.23,14.05,11
"607","TRINITY_DN138547_c0_g1",1.18456776514966,0.323922756600675,4.50812324139075,0.000745727624514388,0.00920284225926563,-0.230796311040013,35,30,21,18,19,43,29,72,63,47
"608","TRINITY_DN13859_c3_g1",-1.56793231377254,-0.783048190450719,-4.47400793305361,0.000790913527305166,0.00959389801439448,-0.326896388780545,35.6,29.44,36.79,24.79,20.86,7.19,2.09,12.81,10.27,7.87
"609","TRINITY_DN13862_c0_g1",4.35685092197718,-0.820556114217462,3.69048830731146,0.00317091330098169,0.0241126145100009,-1.82561174810821,6,1,10,2,8,87,61,32,183,45
"610","TRINITY_DN138639_c0_g1",-1.51934463770227,-0.0331539575184734,-3.90021082885886,0.0021725818556734,0.0187384807710255,-1.2027188709575,45,60,35,30,75,28,5,8,17,21
"611","TRINITY_DN13866_c0_g1",2.60457428550812,-0.236282219313767,4.83946113231447,0.000424518442018464,0.00642792201481335,0.252226684920342,13.12,17.97,12.53,14.08,3.35,86.23,29.85,82.87,54.5,35.5
"612","TRINITY_DN13875_c0_g1",-1.35053092238228,2.17228437294759,-4.79914474739425,0.000454284464297191,0.00669167517522841,0.0609818547112706,198.54,169.37,316.35,118.41,222.17,42.66,57.12,80.24,138.24,81.65
"613","TRINITY_DN13877_c0_g1",1.65111423864524,0.0284887670823792,8.14598855830344,3.47325046501145e-06,0.000378243069061615,4.53103939895792,22,18,15,14,15,50,39,43,54,48
"614","TRINITY_DN13878_c1_g2",-3.50856229187694,-0.310758351774297,-7.1360387819265,1.29670845662543e-05,0.000773216913895935,2.58604089559923,97.19,74.35,83.08,77.64,49.43,6.49,8.82,2.06,7.49,3.16
"615","TRINITY_DN13879_c1_g1",1.01084800963335,1.37066638783793,4.57060720722693,0.000669815817223491,0.0085692800985843,-0.226313866494198,38.05,67.62,71.06,49.24,38.84,106.6,91.9,106.42,111.47,73.58
"616","TRINITY_DN138815_c0_g1",-4.49886725601813,-1.64837818457786,-6.55169930907588,2.9428760493579e-05,0.0012426944754275,0.381653620951102,56.01,42.67,35.64,37.59,43.03,2.1,0,2.07,0,3.14
"617","TRINITY_DN13882_c0_g1",-1.15245267370111,3.16968647906996,-5.65663224375269,0.000112853094630689,0.00278668118597742,1.32320823661425,495.23,343.62,307.81,271.57,447.08,121.68,115.57,182.51,277.04,151.45
"618","TRINITY_DN13888_c0_g2",2.29052090386025,-1.5045790654427,4.04926838583497,0.00166499067214171,0.0157453733977033,-1.2415287143163,5,6,7.04,6,3,15,16.46,13.21,41,17
"619","TRINITY_DN138997_c0_g1",-3.18758947687002,-2.26500048551688,-5.51483423128158,0.000141069528567574,0.00321967541039335,-0.382454187807617,26,16,17,12,22,1,1,1,1,1
"620","TRINITY_DN13907_c0_g2",1.60571600764192,-1.07947527439506,3.53202496615934,0.00423001115193307,0.0290747106904101,-1.77031573473493,9,13.49,4,10,7.57,36.42,12.45,15,19,23.85
"621","TRINITY_DN13910_c0_g2",-3.01286504836487,-1.74996325412464,-3.86627274986046,0.00230901465967155,0.0194807619408556,-1.77648746974063,27.97,23.79,38.9,12.28,24.39,0,4.42,3.47,3.24,1.53
"622","TRINITY_DN139134_c0_g1",-4.2323370744785,-2.62357252914065,-6.01278968301746,6.52355376288322e-05,0.00199381130614088,-0.0187316558500399,21.95,20.1,14.5,22.82,23.45,0,1.87,1.07,0,0
"623","TRINITY_DN139162_c0_g1",-1.18080067612379,-0.80565133773382,-3.25136677348396,0.00707557165703171,0.0406073442158456,-2.21189436217569,24,26,19,20,42,8,4,11,19,5
"624","TRINITY_DN139309_c0_g1",-2.24973071441706,-1.0393005967502,-5.59447242664562,0.0001244080769135,0.00296791197783573,0.86015191111763,31.08,25.61,43.15,19.62,36.02,3.09,3.13,5.2,7.25,4.1
"625","TRINITY_DN13934_c0_g1",-1.53008101710605,1.86700636717183,-5.30575643157668,0.000197054043434516,0.00397097268520899,0.936818290170248,182.65,83.04,201.25,214.67,206.59,63.87,42.92,73.66,57.68,46.97
"626","TRINITY_DN13934_c2_g1",-1.36306454558278,-0.695075114593537,-4.07357453612678,0.00159464862891546,0.0153110934247948,-0.90582788130023,44,20.98,22.44,21,39,6,8.01,9.98,13.01,8
"627","TRINITY_DN13935_c1_g1",2.04010397578842,-1.05873480231221,4.2934156852378,0.00108251646989688,0.0117707460748076,-0.704365969266067,12.03,9.26,5.86,2.3,9.57,24.24,32.86,14.69,28.75,27.82
"628","TRINITY_DN13944_c2_g2",2.15486912343706,-0.509428144623905,5.7587237656259,9.6270762308791e-05,0.0025077261013663,1.44497233533834,18.23,4.06,17.22,7.08,10,47.25,30.38,39.35,51.48,28
"629","TRINITY_DN13962_c1_g1",-1.43959652349081,1.32640696592449,-7.5082671716601,7.86817450267752e-06,0.000573605881186301,4.078016619954,136.32,134.2,116.9,80.93,106.95,41.75,31.58,34.96,62.97,29.64
"630","TRINITY_DN13982_c3_g1",2.22230791282298,0.947771620938945,5.39990719082196,0.00016939083961571,0.00359725178867792,1.15939358832869,46.49,19,11,68,18,92.01,107.05,99.95,182.1,86.07
"631","TRINITY_DN13983_c0_g1",1.87162447503832,-1.0009852088377,3.76078564022439,0.00279220821914782,0.0220926557634755,-1.42943633045842,9,11,4,4,17,24,9,26,38,32
"632","TRINITY_DN13989_c0_g1",-1.2474785984939,3.8737712199267,-4.6314329651105,0.000603643360647782,0.00799284078159366,-0.494110490696472,689.87,461.71,576.01,674.89,725.95,275.44,98.96,241.92,357.29,446.32
"633","TRINITY_DN139914_c0_g1",-2.79035454105829,-1.41318766543415,-3.9333183388851,0.00204748714509837,0.018004767483448,-1.4941511201459,30.82,40.21,30.29,15.69,31.27,8.04,3.35,5.84,3.87,0
"634","TRINITY_DN13994_c1_g1",-1.43092323364667,-0.281946229637411,-4.66598835315695,0.000569128983572889,0.00771356168696583,0.0317211129600325,51.04,29.03,50.04,26.22,41.04,21.28,10.01,11.01,16.01,5.01
"635","TRINITY_DN14008_c0_g1",-1.25966743408793,2.92501340300823,-6.73759773719209,2.25658047270829e-05,0.00105977743240039,2.9903186518311,484.85,280.82,348.07,219.11,312.58,146.33,88.1,137.35,184.63,116.93
"636","TRINITY_DN14021_c0_g2",-1.42840899493072,2.20875600941161,-7.47577009307558,8.21342075300851e-06,0.000584678761264048,4.05030660432839,195.59,248.66,243.74,156,197,118.13,50.42,62.03,85.44,69
"637","TRINITY_DN140390_c0_g1",-1.72010564178553,0.144158769658141,-5.65753571575331,0.00011269376492859,0.00278515647920121,1.52378761484698,82,48,56,40.04,62,16,13,8,36,10
"638","TRINITY_DN14040_c1_g1",-1.28947919764259,1.28611356101454,-4.25307139741455,0.00116177773209329,0.0124145620488825,-0.748310794108771,76.79,87.84,168.35,132.9,85.1,41.98,23.73,58.67,38.14,44.76
"639","TRINITY_DN14042_c1_g1",2.4482014721897,-0.246896387598445,5.79206390444363,9.1430788430757e-05,0.00242024510066133,1.56033321427575,22.38,8,8.6,8.47,10.83,104.32,34.29,46.39,51.76,39.63
"640","TRINITY_DN14044_c0_g1",1.85857272334836,-1.29043607104057,3.41280656214922,0.00526033197906514,0.0334936759943061,-1.98912044054812,17,11,4,2,6,30,19,14,16,22
"641","TRINITY_DN14050_c0_g1",-2.00136076972593,0.548296268860365,-4.63341038966396,0.000601610426412011,0.00797789175444902,-0.0305622761658979,65.41,81.25,167.03,60.54,59.4,11.79,24.32,34.06,11.25,18.21
"642","TRINITY_DN140592_c0_g1",-3.96154357238597,-2.74497931369062,-4.83320534387584,0.000428999757111584,0.00646509612113243,-0.934659898791009,10.92,16,22,24,17,3,0,0,0,0.08
"643","TRINITY_DN14070_c0_g1",1.39421492193004,1.93739887142471,7.33425971237144,9.91707016486988e-06,0.000657683988690313,3.87168745598742,48,65,79,74,67,167,159,177,160,175
"644","TRINITY_DN14072_c0_g1",1.23597089488882,2.83923507570424,5.90335437747768,7.70554539606978e-05,0.00220828266350709,1.75409832081754,102.15,144.63,162,127.8,111.25,206.83,255.13,402.03,365.5,294.04
"645","TRINITY_DN14084_c1_g1",-2.21397302748694,1.6929493448846,-6.73871821169643,2.2530027987361e-05,0.00105949163430867,3.082049910228,215.65,136.18,283.33,114.13,252.11,65.53,20,23.46,65.07,38.52
"646","TRINITY_DN140861_c0_g1",-2.0731752376409,-2.10683081391477,-3.29366217580745,0.00654605819480157,0.0386377858070302,-2.41610981091181,10.64,18.03,18.42,9.54,15.69,6,1,1,2.17,1.06
"647","TRINITY_DN1409_c8_g1",2.57045845798445,-0.582012203304185,4.87093398507613,0.000402705882684653,0.00620903252900326,0.193645904296895,5,7,13.43,14,7,43.96,20,56,38,62.99
"648","TRINITY_DN1409_c8_g2",1.93104574793712,2.59945173097189,9.20335376747505,9.86597987237097e-07,0.000191381510811736,6.11438908090157,106.64,71.19,106.83,72.05,76.45,283.59,208.69,375.53,360.35,416.19
"649","TRINITY_DN14091_c0_g1",-1.02576116745688,2.6933225039237,-4.68395270185047,0.000552007459720814,0.00758585588990698,-0.221323469660781,335.48,242.35,255.48,170.43,280.39,100.09,79.57,119.76,254.08,100.87
"650","TRINITY_DN14092_c0_g3",-1.25903956841203,2.03801363568737,-4.60409312426522,0.000632498459646482,0.00825172538547619,-0.25167325457318,252.41,186.76,137.42,137.88,178.73,91.08,40.44,62.58,155.88,40.62
"651","TRINITY_DN1410_c10_g1",-1.94132882102959,1.6382449494618,-10.2855453558682,3.03991358195683e-07,0.000101451395530316,7.08491427599665,144.18,166.89,197.89,123.79,204.51,44.46,32.34,45.79,40.92,41.78
"652","TRINITY_DN1410_c5_g1",-1.0714135480412,-0.484014832446211,-3.84468547679656,0.0024003625229755,0.0199571528597885,-1.27079430395624,26.74,36.88,26.05,22.02,38.08,8.78,13.06,10.92,18.04,9.1
"653","TRINITY_DN14103_c0_g2",-2.03905695268115,-0.532475641658795,-6.10107935710068,5.71037771499645e-05,0.00184656239408147,1.87089033852776,50.25,33.06,45.83,25.71,44.32,4.32,6.18,13.23,7.82,9.23
"654","TRINITY_DN141118_c0_g1",1.32721468117825,-1.46744185140483,3.20889711595626,0.0076508960076239,0.0427780326767471,-2.28094137235506,11,8,10,4,5,14,10,12,27,10
"655","TRINITY_DN14161_c2_g1",1.29027859191105,-0.931792713777175,3.88194029297312,0.00224496525539836,0.0191446590553095,-1.215098641345,15,6,7,11,14,23,18,17,22,22
"656","TRINITY_DN14168_c0_g2",1.22215799240795,0.055067187621864,3.97443419744386,0.00190241067863038,0.0171892635320673,-1.094585850434,21.69,10.96,16.19,27.14,28.32,30.99,34.41,36.06,52.83,53.17
"657","TRINITY_DN1417_c5_g1",2.84682086114468,-1.29438223151708,3.12983898947552,0.00885069177886219,0.0469370219120967,-2.46062827949378,3,3,4,5,14.61,85.86,26,18,20.64,19
"658","TRINITY_DN14172_c0_g1",-1.92319069172965,2.59058926969244,-9.29662537269411,8.87680967042426e-07,0.000179191990346857,6.2152641579047,334.9,306.97,324.91,242.02,395,47.05,89.57,93.84,131.66,68.6
"659","TRINITY_DN14173_c0_g1",1.19214716758243,0.815015971780184,4.39576121777696,0.000905670797026166,0.0104777176019498,-0.455289872647511,47.92,31.4,18.96,36.69,36.09,69.12,76.3,92.79,62.43,54.67
"660","TRINITY_DN14174_c1_g1",2.37117553442009,-0.455692814589601,6.03942053922525,6.26606384522208e-05,0.00194626114219559,1.77456804786897,9,9,30,6,6,39,40,43,56,38
"661","TRINITY_DN14176_c0_g2",-2.45363534508262,-1.3346106205772,-4.43757669986377,0.00084233218334188,0.00998795185267696,-0.780844189683202,31.65,26.2,27.05,23.41,29.54,3.2,0,8.94,7.93,4.99
"662","TRINITY_DN141806_c0_g1",2.17941387623725,-1.72174665054552,3.41010832765276,0.00528640257983867,0.0336182925664282,-2.12624148228269,1.72,3.58,3.65,7.69,11.18,14.58,22.48,17.38,16.67,9.1
"663","TRINITY_DN14188_c0_g1",-3.42954660801479,-1.53880738145866,-3.60331275399203,0.00371477955229588,0.0267662479314236,-2.03127686006529,39,18,44,15,52,4,2,2,0,5
"664","TRINITY_DN14198_c1_g1",1.48360244889286,-1.11684835596237,3.08015716822689,0.00969988407775359,0.0498931558039838,-2.46579646592897,3.08,15.85,9.97,11.13,9.46,13.78,12.81,19.76,25.52,23.43
"665","TRINITY_DN14198_c1_g2",1.06696987689766,0.205525623197665,5.47957028585458,0.000149185796447577,0.00332045192439044,1.27937888681486,25.72,26.58,21.56,16.38,25.01,54.64,35.29,43.14,52.48,32.27
"666","TRINITY_DN1420_c0_g4",1.668319912518,-0.595599696504526,4.1081312008692,0.00149989601905913,0.0147154331416274,-0.849618889415316,12.24,10.5,10.78,18.12,7.09,53.97,18.23,37.16,25.51,22.28
"667","TRINITY_DN14207_c0_g1",1.09878807198589,1.83906219969265,5.15854772779321,0.000250258334536435,0.00459737669666016,0.692139355548376,44.25,69.75,89.89,66.41,79.11,166.15,105.67,175.87,144.75,119.01
"668","TRINITY_DN142096_c0_g1",-1.75414673680009,-1.85285995855466,-3.29602791879996,0.00651765377609781,0.0385749175166611,-2.28982733735939,15,16,16,18,12,2,2,3,9,1
"669","TRINITY_DN1421_c0_g1",1.22350910422325,6.05748817176392,11.4759070289339,9.30658168636598e-08,5.89486481223961e-05,8.3662269011109,1039.07,1179.04,1292.98,1143.77,1305.3,3018.89,2379.12,2883.16,2559.33,2839.83
"670","TRINITY_DN14222_c0_g1",-1.56968074353541,-0.219801509916722,-4.76534595248057,0.000480922530100856,0.00692158245617449,0.184105491761567,33,55,33,38,58,12,11,9,23,7
"671","TRINITY_DN14232_c0_g1",-1.51670992808709,0.247486406947129,-4.13837223691463,0.00142176416871096,0.0142116890512985,-0.83000041499772,68.55,37.94,95.75,51.14,42.69,13,8,33.31,16.85,23.15
"672","TRINITY_DN14239_c0_g3",1.44638328886958,-0.571747861727696,3.38890074462493,0.00549594114638424,0.0345089066073898,-2.00696336149179,6.03,11.65,18,22.62,10.02,19,36.85,33.07,33.69,20
"673","TRINITY_DN14242_c0_g1",1.27678960517195,0.321947288522023,3.43290549513178,0.00507020490119544,0.0327132589827248,-2.04709327363956,21,26,17,22.57,31,100.71,53.73,54.49,50.5,21
"674","TRINITY_DN14244_c2_g1",2.42698137419849,-0.33644895120995,4.55940731496451,0.000682804602019772,0.00867695628682996,-0.165424639128554,6.3,11.72,30.03,17.12,3.75,59.83,55.39,48.59,48.06,28.51
"675","TRINITY_DN14253_c0_g1",-1.08385450600308,2.49179643607436,-3.91974590133999,0.00209784603067361,0.0183075628438119,-1.53033627230278,304.15,168.33,238.41,139.01,315.46,103.92,43.68,112.34,166.37,128.85
"676","TRINITY_DN142545_c0_g1",-1.95860858167703,-1.38334647006451,-4.62783420503612,0.000607361592788791,0.00802839938474689,-0.407477777784014,21,18,29,18,22,4,4,7,3,3
"677","TRINITY_DN142569_c0_g1",-1.9557348327557,-1.52557751625187,-3.43232423176717,0.0050756039877616,0.0327338225388378,-2.01822217626093,27,23,30,11,13,2,6,4,4,3
"678","TRINITY_DN14261_c0_g3",-1.17214961563548,0.993988837289035,-5.70655298752168,0.000104396280209821,0.00265042727924107,1.61609504887548,101.07,66.19,77.79,76.18,96.78,28.73,20.61,46.29,53.06,27.75
"679","TRINITY_DN142614_c0_g1",-1.87309676018738,-1.07804755640543,-4.23479551012697,0.00119964500037631,0.012675193830359,-0.78304179398133,32,34,24,19,25,3,8,4,16,2
"680","TRINITY_DN14285_c0_g1",-1.20248064528787,1.23382982482103,-5.09997340311707,0.00027546018706092,0.00488551249582913,0.663298478532429,113.63,80.16,136.85,70.73,99.83,52.21,28.35,23.38,56.78,48.94
"681","TRINITY_DN14296_c0_g1",-3.15429763751128,-0.74314698283867,-5.68155851162849,0.000108543377328225,0.00271572817584533,0.868874260851469,78.31,34.93,55.19,29.77,65.69,3.43,5,5,7.07,1.13
"682","TRINITY_DN143_c1_g1",1.73880803929812,3.53325777587179,7.7447443360616,5.77832108559056e-06,0.0004895123903443,4.31843325465527,176.94,119.61,189.52,260.31,145.08,528.56,726.5,653.77,579.38,411.17
"683","TRINITY_DN143_c1_g2",1.25592023418456,2.19078839290566,5.48630669922684,0.000147598076574204,0.00330281290745031,1.17975929551359,76.64,67.84,80.83,102.43,82.87,177,265.81,218.92,186.93,130.93
"684","TRINITY_DN143016_c0_g1",-1.36468299263518,-1.21108700372063,-3.65602203422165,0.00337546314697998,0.0250482366270933,-1.59590508868046,30,24,20,14,16,6,2,7,9,6
"685","TRINITY_DN14304_c0_g1",1.34375197259694,-0.280740908323048,3.10386106452114,0.00928496028618504,0.0484413031437763,-2.52576864307524,41,21,5,15,11.99,27,27,30.98,53.72,31
"686","TRINITY_DN14329_c1_g1",-1.41046823743379,2.7372597995528,-3.31920476103128,0.00624589873054172,0.0375031841555085,-2.65294014597496,407.52,343.57,110.16,284.42,481.21,111.9,127.2,90.25,87.83,142.18
"687","TRINITY_DN143320_c0_g1",1.04161956236484,-0.666760280279425,3.33840729594819,0.00602946144920997,0.0367120359565572,-2.09135114593958,18.16,10.94,13.08,9.65,13.98,14.1,25.04,22.5,38.81,18.09
"688","TRINITY_DN14354_c1_g2",1.5369799236128,-0.187240653695159,3.70317405027026,0.00309886542008845,0.0237041247180001,-1.52171900664747,25.92,20.17,7.24,18.57,11.56,62.72,29.27,47.25,50.32,16.72
"689","TRINITY_DN14357_c1_g3",2.1292702931641,-0.549494489140629,4.52687393425629,0.000722047239505626,0.00900258030851221,-0.229367109608815,9.51,4.59,13.25,31.47,6.43,49.4,19.86,41.8,45.3,30.01
"690","TRINITY_DN14357_c3_g1",-2.06655657141682,0.00918387967800952,-6.54335260768784,2.97849180854703e-05,0.00125177319244244,2.6517166744945,77.39,57.22,60.29,30.02,71.48,17.13,9.13,7.1,15.13,11.87
"691","TRINITY_DN14357_c5_g1",1.29353278908217,0.915445179120114,5.43955213437093,0.000158997141979986,0.00346292659462194,1.21508166907844,24.16,50.8,30.8,32.49,37.22,74.83,66.87,97.69,76.31,75.9
"692","TRINITY_DN14360_c0_g1",1.09719771824561,3.16740449826293,4.41079978559754,0.000882338770787135,0.0102990404020009,-0.775763705812422,158.98,238.03,187,181.01,104,538.03,313.02,393.01,355.01,233.03
"693","TRINITY_DN1439_c2_g1",-3.37150776279326,-2.53950434302734,-4.64410553569403,0.000590738412258585,0.00788930641190608,-1.10735840135326,18.79,21.97,10.51,13.93,18.16,2.13,0,3.25,1.03,0
"694","TRINITY_DN144_c0_g1",1.02273677603946,4.37869136647718,4.868941474925,0.00040405133554219,0.00622349958972528,-0.163441094322977,270.75,363.9,417.25,517.72,463.8,795.97,655.96,561,1132.92,942.99
"695","TRINITY_DN1440_c3_g1",-1.75874501906735,1.63884169462301,-7.51779647365613,7.76990212644352e-06,0.000569432000704669,4.10269484823305,214.99,104.66,198.13,137.78,150.62,45.68,35.63,41.75,76.75,28.65
"696","TRINITY_DN14421_c0_g1",-1.66466248572503,0.773089069819187,-7.67148527893999,6.35375112602793e-06,0.000509002234646209,4.20747348160445,90.17,60.2,117.56,81.66,80.75,25.73,17.36,20.96,32.9,24.73
"697","TRINITY_DN14428_c0_g1",-1.12842682680126,1.0556267902142,-3.86261872590577,0.00232422136552911,0.0195598857163576,-1.39746354822376,105.64,58.42,107.93,53.37,118.92,20.26,37.08,37.14,63.86,32.38
"698","TRINITY_DN14432_c1_g1",1.12714785000259,0.268044948905293,4.69897861525736,0.00053810053624789,0.00745945655459284,0.0798613199258016,19.65,26.15,38.9,16.6,20.92,42.91,43.46,39.2,61.28,44.65
"699","TRINITY_DN14433_c0_g1",-1.25010377461539,1.54564608306887,-4.5846095901745,0.000653938981377931,0.00843921171102987,-0.217389228236774,158.09,132.78,103.28,78.98,165.2,58.57,34.63,62.89,86.47,23.88
"700","TRINITY_DN14439_c0_g1",1.38762209034489,0.470486583358621,5.26641637218991,0.000209988843587849,0.00412103935405379,0.962191725657096,23,25,20,29,26,76,71,59,49,44.32
"701","TRINITY_DN1446_c0_g4",2.49671384717958,-0.972175658422649,3.25921706439235,0.00697411447309688,0.0402988903498957,-2.20237282458652,15,1,4.19,18.7,11,44,16.82,17,66.68,29.01
"702","TRINITY_DN14468_c0_g1",2.11661459888366,0.249257155182857,4.20650020346347,0.00126081987050462,0.0130888742971745,-0.708062024201662,14.2,17.06,13.74,26.16,14,121.14,41.5,41.95,42.69,122.58
"703","TRINITY_DN14468_c0_g2",1.43517121578151,1.95945211149375,3.18268163963293,0.00802938640136348,0.044088114239561,-2.75429455967662,55.2,38.44,75.34,104.49,71.41,256,349.79,175.41,104.8,93.9
"704","TRINITY_DN14493_c0_g1",1.00780322534032,0.676803055362896,5.7315061969307,0.000100422884329123,0.0025792134699609,1.65709144975421,31,30.73,34,28,36.74,57.59,45,71.45,65.25,59.55
"705","TRINITY_DN14494_c1_g1",-1.52897584482754,1.9170367001505,-4.69176696937681,0.000544728799987452,0.00752246841611148,-0.0799265519109174,247.34,106.36,238.11,96.02,256.53,43.6,37.4,72.92,85.61,64.73
"706","TRINITY_DN145_c0_g1",1.48657407057053,0.479449642826363,6.32499607295071,4.09367064522911e-05,0.00150986637927482,2.4843547075665,35,19,28,24,17,61,70,54,76,48
"707","TRINITY_DN145_c0_g2",1.04912154217066,1.6476588294224,6.0048574753723,6.60240044861256e-05,0.00201103920236893,2.02742732948158,53,62,78,53,59,116,136,123,121,110
"708","TRINITY_DN14514_c0_g2",-1.73524098237538,-1.0674573977022,-3.89453770161794,0.00219479617607715,0.0188671621428906,-1.23543403307621,39.3,18.96,28.23,14.61,25.69,6.26,9.49,9.25,3.5,3.49
"709","TRINITY_DN1454_c15_g1",1.56161381315439,-1.25972732112784,3.11158963494769,0.00915356965387266,0.0479573499910948,-2.41788064444496,3.3,5.83,10.62,6.83,18.1,18.4,10.44,26.71,16.62,18.02
"710","TRINITY_DN14540_c1_g1",3.73673840508115,0.88412261202716,4.0000046308236,0.00181757982698672,0.0166645160849692,-1.05951535505137,67.13,49.84,7.16,49.94,0.02,220.41,241.4,127.21,233.74,102.09
"711","TRINITY_DN14548_c4_g1",1.30869676475438,0.2935044704901,5.42240438274581,0.000163407665119719,0.00352178472761794,1.19622141368134,26.46,32.61,21.04,12.58,22.8,60.73,54.17,47.33,52.25,38.35
"712","TRINITY_DN14550_c0_g1",1.03913023136137,0.448662431219509,3.54841296413493,0.00410544116713822,0.0285472336741277,-1.86631073477464,24,29,34,22,27,79,68,41,41,38
"713","TRINITY_DN14556_c0_g1",1.08058822021945,0.892500925030911,5.83042817136945,8.61783976894397e-05,0.00234521607109789,1.80099904818082,40,38,28,37,39,84,65,71,91,49
"714","TRINITY_DN14560_c0_g1",-2.64756703529011,1.19825979969539,-7.69742937475525,6.14325111734206e-06,0.000504412923092449,4.26309630271319,168.79,120.13,160.18,139.52,217.51,44.4,4.16,27.79,37.67,21.68
"715","TRINITY_DN14576_c1_g1",-1.64317959958378,0.164789023010231,-3.55311819876783,0.00407037231579819,0.0284087324079337,-1.80715739871945,56.56,77.43,71.74,63.34,26.65,24.58,20.39,23.2,13.36,4.67
"716","TRINITY_DN14581_c0_g3",-1.65607996723935,-1.08805497239009,-3.6355258511991,0.00350346821230448,0.025727467858818,-1.62176185427117,33.27,17.07,25,19.09,26.34,1.01,5.18,11.33,9.05,7.2
"717","TRINITY_DN14582_c1_g1",3.85613652071739,0.055404480177792,4.15211666451662,0.00138765954426248,0.0139856435380012,-0.806980128663586,11,4,35,22,2,64,61,131,291,73
"718","TRINITY_DN14594_c0_g1",-1.31508523865439,0.884472435139228,-6.14291509219515,5.36328075263291e-05,0.00177557487700765,2.25137127415703,92.21,87.06,74.62,66.26,86.06,32.17,14.07,35.14,52.06,23.1
"719","TRINITY_DN14598_c0_g2",-1.44658995558194,-0.490675555921565,-4.2078152222393,0.00125790622941626,0.0130727057232186,-0.688741809660708,25.71,47.14,39.15,35.21,26.3,9.58,7.39,13.78,14.73,5.73
"720","TRINITY_DN14599_c2_g1",-2.44370379861252,-0.287386789613686,-4.59661429024103,0.00064064030750436,0.0083264460737072,-0.112531878544827,77.06,73.07,24.03,42.05,69.05,6,11,12.02,9.01,4
"721","TRINITY_DN14603_c1_g1",1.13854444542461,-0.284655232706816,3.52621481305534,0.00427509694540062,0.0292919955887062,-1.81727367333627,17.01,24.82,14,7,23.53,28.69,35.97,21.16,47,27.01
"722","TRINITY_DN14607_c0_g1",-1.11950069098753,4.54133429735854,-5.34478319214295,0.000185049482758594,0.00381517019042501,0.626474885962801,826.62,1031.17,1374.51,827.92,761.03,384.68,416.38,503.38,690.14,247.93
"723","TRINITY_DN14607_c0_g2",1.2116857984294,-0.476943054797098,3.58970455594138,0.00380792416584571,0.0272444772557292,-1.69034940392668,19.03,10.25,21.82,16.08,7.91,39.74,17.71,28.43,31.43,23.4
"724","TRINITY_DN14609_c1_g3",-1.41430270743462,1.84688537584633,-5.0733951866735,0.000287763336415465,0.00501388077682424,0.560837455608144,258,121,155,92,226,56,37,63,89,53
"725","TRINITY_DN14618_c0_g1",-1.14065633657894,2.565038296867,-4.86004462394531,0.000410116757825478,0.00627807339710449,0.100866385731446,223.25,197.3,378.47,152.91,297.09,92.24,64,120.08,164.6,111.64
"726","TRINITY_DN14623_c0_g1",1.36444661472036,-1.1891536905301,3.9109613181459,0.00213111978370918,0.0184736030094509,-1.20848812065743,8,10,9,7,8,22,18,18,15,14
"727","TRINITY_DN14628_c0_g1",-2.33397722833937,-0.072306469108522,-4.35756094317135,0.000967872398868887,0.0109414881237274,-0.450019110081673,103.45,40.07,43.1,30.48,122.25,10.38,4.14,15.97,9.29,12.64
"728","TRINITY_DN14645_c0_g2",2.809291169633,-0.238833753951517,4.55352367971275,0.000689733116337746,0.0087430045872063,-0.181025016393677,10.26,17.27,3.62,14.01,9.43,74.41,70.86,28.05,123.41,30.76
"729","TRINITY_DN14664_c0_g1",-1.16687916237896,2.53258015311842,-4.44033078418405,0.000838325996890802,0.00996137977239656,-0.613697396403442,371.24,237.26,157.67,268.16,198.19,123.35,85.04,82.05,170.53,72.58
"730","TRINITY_DN146657_c0_g1",-2.03335113127175,-1.23357770014562,-4.11294831644534,0.00148715847645536,0.0146367330374964,-1.02423416989163,32,29,28,12,29,6,5,2,10,2
"731","TRINITY_DN14667_c0_g1",1.27340842558783,1.38189801000792,5.8851248979884,7.92356304230878e-05,0.00223974158601218,1.86655044328383,44.3,50.37,42.17,52.66,48.47,101.98,93.05,80.03,189.96,94.84
"732","TRINITY_DN146771_c0_g1",-2.03805375269718,-0.133827642732015,-7.28057443042295,1.06589952528499e-05,0.000685169288807071,3.43550868812931,72.41,42.87,47.88,42.53,60.26,15.83,4,11.81,15.45,8.45
"733","TRINITY_DN1468_c0_g1",1.07586562921242,4.53562183334334,6.14953127662991,5.31047169293014e-05,0.00176373579383063,1.91491202585962,555,456,330,524,346,925,975,845,878,899
"734","TRINITY_DN14704_c0_g1",1.09319758898972,2.70937430830968,6.67687265332165,2.45982235787906e-05,0.00111779658157383,2.92023045609372,122,118,97,126,157,280,168.87,282.75,360.86,227.86
"735","TRINITY_DN14705_c0_g1",-2.75740086142608,0.638168452452693,-8.8428534576974,1.49597516432029e-06,0.000238105544487225,5.33738665775682,150.22,88.49,115.13,104.43,96.76,6.57,15.71,14.7,16.4,25.75
"736","TRINITY_DN14721_c0_g2",-1.24578838882514,0.211015679038695,-3.46052288626138,0.00482030467234617,0.0316295552041455,-1.98327813587144,57.5,64.33,76.17,33.22,31.76,26.92,16.45,8.17,24.5,22.65
"737","TRINITY_DN14723_c3_g1",-1.43746344922462,-1.13775671237324,-3.67280587916984,0.00327421680497901,0.0245730545220973,-1.56079157030101,24,24,21,14,24,16,4,6,4,5
"738","TRINITY_DN14731_c0_g1",1.24577077353474,5.52089595994401,7.72190394882478,5.95150078661016e-06,0.000493725118444442,4.0958842327538,540.1,788.79,1107.81,978.99,772.25,1854.53,1775.01,2111.12,2111.71,1668.83
"739","TRINITY_DN14732_c1_g1",2.54234857111648,-1.13161162950744,4.05477828908834,0.00164876844442037,0.0156515755343248,-1.11849955432552,8.78,5.26,1.07,5.16,16.82,41.91,11.54,35.79,40.4,20.17
"740","TRINITY_DN14738_c0_g1",-1.77409240975875,1.80361552418427,-3.56888613295804,0.00395506702615079,0.0278953335508788,-2.01380485391204,268.37,298.87,148.95,119.07,127.53,163.55,10.19,51.42,80.04,31.35
"741","TRINITY_DN14765_c0_g1",1.23611327995624,-0.996359930542436,3.24497341405848,0.00715930147881004,0.040935384264727,-2.21403814258503,8,14,17,11,5,19,14,19,24,18
"742","TRINITY_DN14766_c0_g1",-1.03632919109752,-0.223835922552504,-4.20670931353466,0.00126035608468228,0.0130888742971745,-0.693942990913108,41.76,37.29,41.4,22.75,34.21,11.42,9.74,13.68,25.72,14.86
"743","TRINITY_DN147777_c0_g1",-2.85683552512183,-2.25312054084807,-4.01373105804557,0.00177366393867958,0.016410555273453,-1.70389977020849,12.98,14.99,19.03,18.24,17.75,0,1,3.77,1.01,3.02
"744","TRINITY_DN1478_c3_g1",1.01718737392404,-0.339198102695606,3.28932807002076,0.00659842155216141,0.0388531985798584,-2.21306150470523,20.32,15.88,16.91,10.25,17.72,34.21,32.04,17.06,26.46,38.32
"745","TRINITY_DN14781_c0_g1",1.29661664296162,2.05602582259204,7.10454089451124,1.35376606256094e-05,0.000790760483474069,3.5636369922095,68,62,80,91,71,215,115,209,188,167
"746","TRINITY_DN14783_c0_g1",2.12812652492826,-0.824567841000394,4.42421012176285,0.000862061018685083,0.0101453169053113,-0.455451213107085,14.13,11.95,12.08,3.89,4.2,31.65,45.74,29.38,27.72,21.44
"747","TRINITY_DN14787_c1_g1",1.16335649135742,1.05574611885723,3.70881089127917,0.00306739237997805,0.0235721924050209,-1.66829669959944,53.42,22.02,29.34,70.19,37.57,60.27,103.46,77.58,91.91,84.83
"748","TRINITY_DN1479_c0_g1",-1.50615332699947,3.12205502177279,-6.75400427375669,2.20479331932438e-05,0.00104500987537207,2.99807055406887,535.64,279.29,394.42,461.63,359.31,116.03,150.11,214.51,150.44,90.87
"749","TRINITY_DN1480_c6_g1",-1.83876955498984,0.235763589453333,-5.08484161556466,0.000282395362749431,0.00496021781191515,0.685069845376329,61.84,71.73,45.01,59.41,77.32,11.31,14.09,5.65,37.69,19.41
"750","TRINITY_DN1480_c6_g2",-1.88151974249603,3.1443085567936,-5.0083406063415,0.000320379051618802,0.00538693878704825,0.287564247314272,457.02,406.9,364.76,561.37,574.11,113.66,66.95,46.63,340.16,207.44
"751","TRINITY_DN14807_c0_g1",1.60860950463309,-0.112606887885298,4.80687287153175,0.000448413676772508,0.0066542745809172,0.254885832950768,10,26,12,23,14,39,44,30,56,38
"752","TRINITY_DN14814_c1_g1",-1.97415286041431,0.5460978360384,-5.89623345812672,7.78994266670875e-05,0.00222016942650725,1.88683856468489,67,68,91,64,125,33,6,29,19,14
"753","TRINITY_DN14820_c0_g1",1.50370736819421,-1.09953473500777,4.31296444022526,0.00104615287586105,0.0115078670239587,-0.617275330231869,11.3,8.86,7,9.83,6.6,23.01,17.91,21.44,16.94,17.77
"754","TRINITY_DN14821_c0_g1",-2.70322184787511,-0.87592883137185,-4.69339811962895,0.00054322216119713,0.00751001613232753,-0.191751645342374,37.33,27.27,44.34,44.38,35,7,5,7.29,1.02,9.54
"755","TRINITY_DN14823_c0_g1",-1.57588722365305,-0.0254346184955156,-3.99129795909435,0.00184601678740213,0.0168365627477519,-1.05232613596525,83.83,31.2,41.29,39.55,50.01,19.82,8.36,19.13,7.08,22
"756","TRINITY_DN14827_c0_g1",1.17491697505643,2.3513110424591,4.20014108979522,0.00127500869211825,0.0131754435749206,-1.00838217529552,74.42,137.33,85.02,61.27,126.87,227.11,216.99,319.7,178.14,135.27
"757","TRINITY_DN1483_c0_g2",1.74617020831765,0.629422727293282,5.07865333137163,0.000285284249164093,0.00499224339238483,0.670515967026087,39.01,31.6,29.49,8.92,23.68,88.37,48.04,108.79,63.58,81.07
"758","TRINITY_DN1487_c5_g1",-2.67649086702501,-2.36831953963695,-4.09631634232644,0.00153161793815162,0.0149064991992511,-1.6359739338392,20.58,13.55,12.3,13.16,12.75,1.22,1.09,1,5.07,0
"759","TRINITY_DN14873_c0_g2",-1.33071259548946,2.17046752731026,-3.55833793518482,0.00403182669723302,0.0282728886583871,-2.11566189824114,323.76,226.21,268.35,82.15,170.49,80.08,36.12,96.09,151.04,50.51
"760","TRINITY_DN148924_c0_g1",-1.86511013168568,-0.715735615327453,-3.19250059292045,0.00788545914834559,0.0436336237452669,-2.29888835533893,41,33,52,10,48,9,2,10,6,15
"761","TRINITY_DN149032_c0_g1",-1.75475528883778,-0.663863782595292,-4.39669346554119,0.000904205917195107,0.0104657240544414,-0.428209359799961,42,29,42,15,48,7,7,6,14,6
"762","TRINITY_DN149083_c0_g1",-1.53979476412354,-1.33107519825797,-3.20036121901503,0.00777211535026967,0.0432105945591258,-2.28867859278461,37,16,22,10,18,4,6,7,4,5
"763","TRINITY_DN1491_c2_g1",1.23745614486269,3.53490440930316,8.70173357515083,1.7669496002734e-06,0.000258683088413611,5.50942851401455,282.98,216.38,211.66,130.63,204.03,482.91,477.93,444.49,595.76,426.13
"764","TRINITY_DN149101_c0_g1",-1.53984816877337,-0.365462937969025,-3.22181769034124,0.00747103061560018,0.042155872596379,-2.29607439475986,33.61,52.09,56,13.64,57.71,11.52,5,9.9,25.42,7
"765","TRINITY_DN14913_c0_g2",1.76231412188599,2.94544481275756,5.47913815490762,0.000149288259941848,0.00332147650452697,1.08250681575949,75.67,118,173,84.14,150,560,280,210,531,464
"766","TRINITY_DN14918_c0_g1",-5.80467187197458,1.55119479303405,-6.80391151711287,2.05489755771649e-05,0.00100158196232417,2.92450993205732,966.44,578.21,412.9,302.61,1046.02,12,5,5,13,13.02
"767","TRINITY_DN14922_c0_g1",1.06380285480826,1.46540660791622,3.33910309424815,0.00602176331990749,0.0366825256447436,-2.39303453278755,89.35,60,43,39,43.24,95,136,85.01,82,162.01
"768","TRINITY_DN14924_c0_g1",1.62012380270096,0.820512629672403,4.34763063922995,0.000984759209144808,0.0110758826167266,-0.530431948786235,30.31,21.37,40.13,50.56,15.86,52.08,54.87,86.41,118.37,119.12
"769","TRINITY_DN14925_c1_g1",2.64979501113904,-1.95516372104806,3.61748790720893,0.00362023089651006,0.0263325770646784,-2.06611369447574,10,4,1,8,1,14,20,15,15,15
"770","TRINITY_DN149254_c0_g1",1.97819752712222,-0.0348110798987797,5.17424721553888,0.000243924392084364,0.0045198097654462,0.805239762533356,27.14,10.33,17.02,21.57,6.55,64.85,47.14,58.59,52.28,32.86
"771","TRINITY_DN14927_c1_g1",1.37908406814802,-0.0976422776808998,4.40420633239922,0.000892490338022737,0.01038242537155,-0.378161074016466,11.69,13.54,31.64,12.71,20.56,29.79,48.05,39.39,45.83,33.48
"772","TRINITY_DN149408_c0_g1",-2.54112032960719,-1.2211261702654,-3.80810285504256,0.00256375238159387,0.0208301525307667,-1.49018641598246,56.08,23,33,12,35.23,4,9.06,2.54,3.69,2
"773","TRINITY_DN14943_c1_g1",-2.90062537539237,-1.5895624043975,-3.81083186616215,0.00255117773845685,0.0207499973416805,-1.70550597330696,22.04,23.16,42.48,17.95,22.41,4.57,1.09,4.28,0,6.69
"774","TRINITY_DN14944_c0_g2",-1.00819677628998,1.11502363408648,-4.94269770160178,0.000357250477680304,0.00577750912129421,0.417694099773128,107.67,64,120.41,64.51,79,47.4,31.3,34.29,45.92,39
"775","TRINITY_DN149511_c0_g1",-1.57968261519843,-0.592341398590581,-4.49801370895579,0.000758829919629471,0.00931639255330442,-0.25521882238907,35.06,25.57,42.85,27.62,33.16,18.6,11.87,8.23,8.22,3.08
"776","TRINITY_DN149609_c0_g1",-1.04556778702611,-0.935219106511389,-3.45076356380292,0.00490714772231846,0.0320031821512078,-1.88958272538647,22,19,22,20,24,12,10,10,8,4
"777","TRINITY_DN14967_c1_g1",-1.36835688618102,2.52921853193754,-4.21209766676916,0.00124846610974128,0.0130094485976297,-1.00846408202148,225,281,321,190,258,176,50,40,131,161
"778","TRINITY_DN14970_c0_g1",1.0044724187764,1.61036270938111,5.53524492645257,0.000136586115143315,0.00315418397001717,1.31452589536817,84.41,54.57,63.38,58.17,44.79,149.05,101.55,103.05,126.74,101.56
"779","TRINITY_DN149713_c0_g1",1.05167079457377,1.10400790523095,4.2944904659448,0.00108048347401022,0.0117542816624099,-0.661153083478878,49.42,36.28,49.62,57.27,26.38,73.62,83.49,63.88,111.72,81.29
"780","TRINITY_DN149716_c0_g1",1.35102970680581,0.510921616988088,4.64600162568979,0.000588832502328914,0.00787401739542547,-0.0161785692711032,33.12,23,29.74,14.17,32.26,54.66,44,38.3,110.31,70.23
"781","TRINITY_DN14973_c1_g3",-2.21224285175118,1.04243182237972,-6.78189295831328,2.1196462249255e-05,0.00101680772616712,3.12085052415533,77.37,93.49,149.74,143,175.12,21.54,15,25.81,35.99,23.66
"782","TRINITY_DN149734_c0_g1",-1.4648127708782,-0.2130665598692,-4.90795236855503,0.000378545642952429,0.00597301531281878,0.403530124402899,49.43,34.53,30.96,44.1,45.08,10.13,5.88,13.61,14,22.61
"783","TRINITY_DN149747_c0_g1",-1.06621974055348,-0.407672640652746,-3.40434945251946,0.00534248579572519,0.0338570151387285,-2.00596406031883,43,31,26,19,42,10,7,9,24,17
"784","TRINITY_DN14978_c0_g1",1.03340522322801,1.2238623483266,4.95931342476837,0.000347514912617579,0.00568422679468342,0.433570873720059,58.19,43.44,40.32,52.19,38.34,101.64,79.62,113.41,102.11,55.76
"785","TRINITY_DN1498_c4_g1",1.0814622234008,-0.657642080040794,3.29499224963791,0.00653007319658522,0.0385971970676853,-2.16420480606499,14,14,16,15,8,23,22,23,38,13
"786","TRINITY_DN14992_c1_g1",1.76970686745116,0.474113629171366,3.99523512406705,0.00183310104823232,0.0167532265117746,-1.08853491323293,29,38.82,7,13.18,42,48,76.75,101.25,65.67,56.76
"787","TRINITY_DN14994_c1_g1",-1.15774116758814,3.37526402947489,-7.35091162841826,9.69830516369594e-06,0.000648812094419071,3.79879529846422,552.8,320.7,412.34,338.12,526.76,227.98,157.31,163.94,251.61,153.24
"788","TRINITY_DN150061_c0_g1",-2.44713092473733,-0.263641591313812,-7.25238678482862,1.10720845748789e-05,0.000699886535540765,3.2127439399388,59.07,63.07,48,54.09,47,8,12,3.4,13,7.65
"789","TRINITY_DN15013_c1_g1",2.75844949106098,-1.90653252302231,4.12152273056497,0.00146476231502912,0.0145035578106314,-1.52069277909022,1.9,7.45,2.65,3.69,3.26,14.44,22.19,18.13,22.28,9.58
"790","TRINITY_DN15015_c0_g2",1.4321115426244,-1.26498442084252,3.41043728621473,0.00528321712939515,0.0336111024019172,-1.96526293406477,16.82,8,6,7,5,23,9,22,20,12.52
"791","TRINITY_DN150193_c0_g1",-1.45133127137997,-0.745934956268648,-3.57913908051507,0.00388188717373384,0.02755659262417,-1.68632538805154,46.54,28.51,16.41,27.73,25.79,5.99,7.4,13.81,6.72,10
"792","TRINITY_DN150232_c0_g1",-3.86594530851571,-0.389822624797604,-6.17329973655205,5.12526399838332e-05,0.00173137257055368,1.42732003507483,91.01,62.44,134.4,43.88,89.14,3,4,2,6,8
"793","TRINITY_DN150256_c0_g1",-2.33213534639586,-0.318526971514163,-6.92183285381785,1.7421989126944e-05,0.000919524600304287,2.85598569413318,40.23,39.55,64.35,54.87,57.68,9.02,7.62,10.82,9,4.9
"794","TRINITY_DN150297_c0_g1",-1.36621230556747,-1.5027142171291,-3.3775288882478,0.00561175672412237,0.0349809638893023,-2.04930465761233,15.85,21.92,15.98,13.86,16.2,7.45,4.19,4.57,6.55,1.14
"795","TRINITY_DN150317_c0_g1",-2.89124603840137,-1.17617737954351,-3.73540260608817,0.00292328402034909,0.0228291718826544,-1.64814723432559,23.22,46,32,39.64,36,2.92,5.04,0,14.09,5
"796","TRINITY_DN150347_c0_g1",1.48529119745015,-1.39775274763044,3.92356990206394,0.00208352955933916,0.0182210501361537,-1.25218270049872,10.93,6.35,4.29,5.11,8.84,11.72,14.82,18.31,17.48,15.77
"797","TRINITY_DN15035_c0_g1",1.98409271872201,-1.90397303735117,3.37154032016404,0.00567374036393485,0.0352050938975301,-2.22395042075764,11.09,6.21,4.01,1.01,3.01,8.02,11.03,15.03,17.33,14.02
"798","TRINITY_DN15036_c0_g1",1.77418870320962,-0.868755255806109,3.60308481716002,0.00371632036959818,0.026771135037999,-1.65353729872386,7,3,16,10.14,18,23,23.01,27,23,34
"799","TRINITY_DN150410_c0_g1",-2.31518650352804,-0.44125431838659,-5.29839722993889,0.000199408296272743,0.00400151890231075,0.8342705039639,59,39,66,25,57,4,7,7,21,4
"800","TRINITY_DN150440_c0_g1",2.53479863109883,-0.682359437490943,3.32014093721765,0.00623516635156309,0.0374682812303647,-2.09426328078493,12.44,5,1.05,8.79,32.56,20.25,21.01,37.5,62.8,76.76
"801","TRINITY_DN150485_c0_g1",-1.31154092448787,-0.72079154832412,-3.75175341033334,0.00283814358754505,0.022354387140372,-1.41197655217956,41,20,34,15,31,8,11,11,8,8
"802","TRINITY_DN150550_c0_g1",2.06834784931175,0.0360714158750442,3.60051209078323,0.00373375700735221,0.0268624516080646,-1.7018284252696,35,15,2,37,16,62,63,51,62,35
"803","TRINITY_DN150624_c0_g1",-1.22786570228812,-0.387499772578836,-4.71026168624424,0.000527899002340043,0.00736212147186157,0.0972081126034041,42.46,32.94,34.44,21.28,36.89,13.48,8.59,18.16,11.44,9.6
"804","TRINITY_DN15072_c0_g1",2.8703563345168,-0.00608927320325798,4.80187513162771,0.000452201138138386,0.00667626467647075,0.216524293905782,11.71,8,29.47,13.13,5,62,32.47,54,112.45,135
"805","TRINITY_DN15073_c0_g1",1.48496017659852,0.0803996006908125,3.71588044903876,0.00302838297387597,0.0233752604725662,-1.52887554611298,12,15,12.34,32,29,63,70,31,48,29.2
"806","TRINITY_DN15083_c0_g1",-1.11026816597961,1.0146790076619,-4.76569359967757,0.000480640360673519,0.00691912563739519,0.139701845990415,89,92,92.05,60,80.17,45,33,52,38.7,17.14
"807","TRINITY_DN150942_c0_g1",-2.88148277481838,-1.56154556542044,-3.6015207024947,0.00372691119391969,0.0268287470081608,-1.95632388477654,32.04,25,43,12,26,3.01,3,0,4.01,7.05
"808","TRINITY_DN150943_c0_g1",-1.79527067872965,-0.484930018061024,-5.89565076194924,7.79689201335261e-05,0.00222082159130881,1.68600733383815,58.53,30.47,41.72,27.67,33.75,8.06,7.13,7.08,10.86,11.26
"809","TRINITY_DN150946_c0_g1",-1.11530171415225,-1.08412433291536,-3.21465206944727,0.00757024819750874,0.0424906721755686,-2.25838115369434,30,25,17,15,17,7,4,5,13,8
"810","TRINITY_DN150960_c0_g1",-2.31908633574432,-0.212991824162243,-4.26665812134371,0.00113443234252495,0.0121916124012974,-0.597652152160374,92.29,29.11,97.68,31.06,51.14,7.3,2.04,15.75,9.37,16.77
"811","TRINITY_DN150976_c0_g1",-1.31132134683728,-0.39676181669615,-3.4368209369521,0.00503398816130135,0.0325596835820107,-1.94392248628251,51.41,20.53,33.26,28.08,47.05,10.01,3.01,9.44,24.08,18.01
"812","TRINITY_DN15100_c0_g1",1.37317832345276,1.72446818103412,4.79577384260637,0.000456870399404073,0.0067107839973044,0.113923128025163,53,41,64,109,42,117,189,137,148,132
"813","TRINITY_DN15105_c0_g1",-1.07266674203743,3.38093565313444,-6.65853691526078,2.52495639215213e-05,0.00113329098399459,2.82180658928299,528.47,271.19,440.14,358.38,492.9,223.09,176.1,195.22,201.29,180
"814","TRINITY_DN15121_c0_g1",2.29175775600887,-0.635025430241335,3.93065977270688,0.00205725226187992,0.0180650554397983,-1.14946524996928,12,5,18,4,11,45,45,34,72,13
"815","TRINITY_DN15124_c0_g1",2.46701325111708,-0.143868015592466,4.83924973014639,0.000424669075341521,0.00642792201481335,0.278383916898847,14.11,11.26,19.46,22.16,3.5,80.9,28.35,43.81,83.55,52.51
"816","TRINITY_DN15128_c0_g1",-1.55136057697109,0.110101646260968,-3.58440038334733,0.00384487384836043,0.0274108991918141,-1.75002709802291,29,41,48,62,106,21,9,11,17,22
"817","TRINITY_DN15131_c1_g1",-1.5582359154247,2.79485025975394,-6.76769855127415,2.16253675955619e-05,0.00103039983139726,3.05186771848989,449,327,349,204,341,99,87,111,215,67
"818","TRINITY_DN15133_c2_g1",1.03344013550294,2.14241620323796,6.73692469993104,2.25873238886766e-05,0.00105977743240039,3.05224340521373,113.49,79.17,75.15,70.76,89.64,146.65,167.64,200.2,212.46,136.76
"819","TRINITY_DN151380_c0_g1",-1.36060909843415,-0.515481176976398,-4.94879226157388,0.000353646683772886,0.00574031494735129,0.429879452099646,29.07,38.31,29.28,26.59,38.87,8.21,6.25,13.28,16.92,7.15
"820","TRINITY_DN151402_c0_g1",-1.36107127658726,-0.604547533142935,-3.62562635180117,0.00356706385580017,0.0260680388256346,-1.61647199594539,42,33,22,18,42,15,9,4,16,8
"821","TRINITY_DN151417_c0_g1",-2.89820252588846,-1.99375283797428,-4.93654387714273,0.000360928453872558,0.00580722468783959,-0.809305784895138,28,15,19,15,23,2,1,2,1,2
"822","TRINITY_DN15148_c0_g1",3.74667853221704,1.35060059603738,16.0207929930641,2.26593089097045e-09,5.07582031154333e-06,10.3877944972666,13.13,21.21,32.37,18.2,19.32,241.54,234.31,271.59,268.47,248.26
"823","TRINITY_DN15149_c0_g1",-1.13535813416929,-0.164481978966654,-3.76212766980572,0.00278544851129775,0.0220568861959812,-1.43024396370949,53.05,26.39,44.05,26.34,43.6,21.04,10.76,7.3,24.78,14.4
"824","TRINITY_DN151515_c0_g1",-1.79315799591392,-1.5828616500538,-3.50227605247594,0.00446609229020223,0.0300977876873417,-1.91490142816075,26,19,12,13,19,3,7,4,2,5
"825","TRINITY_DN15153_c1_g1",1.349136096506,1.77442202784754,3.49561639755126,0.00452075855127439,0.0303670129111359,-2.16121421314752,83.33,51.58,49.1,57.31,61.98,104.54,104.65,76.65,311.94,244.02
"826","TRINITY_DN151702_c0_g1",1.01480914054057,-0.848959216964235,3.50341193569517,0.00445683583918486,0.0300710465088653,-1.80907794645461,16,8,13,9,13,24,14,20,19,22
"827","TRINITY_DN151833_c0_g1",-1.13433680098824,0.820606224406079,-4.48457448635218,0.000776620490098288,0.0094692477513968,-0.306797865815987,119.92,67.13,62.04,44.58,84.61,33.58,19,29.45,39.5,32.01
"828","TRINITY_DN151847_c0_g1",-1.30354249393916,-0.301296156647818,-4.52093234975523,0.000729464784871593,0.00906522463585971,-0.19202676541644,39,37,36,43,28,10,7,21,14,12
"829","TRINITY_DN15186_c1_g1",-1.72742458020181,1.88135008460442,-8.34657509731637,2.71109759965981e-06,0.000333244895844125,5.1153555305743,224.43,167.04,181.64,162.26,183.35,56.49,26.99,41.47,103.23,56.3
"830","TRINITY_DN1519_c0_g2",-1.08037471183026,1.10210438877927,-4.66635852692111,0.000568770627569964,0.00771207250672301,-0.0325119945792132,116.73,91.47,72.7,73.31,84.05,61.38,21.01,35.07,58.13,26.11
"831","TRINITY_DN151974_c0_g1",4.17186985925537,-2.70395581638489,6.91560742570105,1.75736974304766e-05,0.000922901602622171,0.507390848585449,2,0,2,1,1,12,14,14,24,17
"832","TRINITY_DN15198_c0_g2",-1.6906732238798,-1.11360544801338,-3.61604617262063,0.00362973374896866,0.0263853113945966,-1.65674992040465,40,24,14,19,28,6,10,3,9,3
"833","TRINITY_DN15200_c0_g1",1.62518838829632,2.04688464119962,9.70770229478656,5.62636485429205e-07,0.000143724679821121,6.61445439932016,60.76,71.87,56.81,57.69,83.93,234.74,158.94,195.97,266.93,140.95
"834","TRINITY_DN152006_c0_g1",-1.21880210266671,-0.381884781693378,-3.85939064327547,0.00233774129013155,0.0196284259223084,-1.25001662103742,41,39,47.67,18,29,9,9,16,19,9
"835","TRINITY_DN15205_c0_g1",-1.76821666387286,-0.663681086770411,-4.1929831703045,0.00129117827661498,0.0132894379609681,-0.736961967964094,23.57,29,53,31.13,38.4,10,6,11,13.01,2.03
"836","TRINITY_DN152051_c0_g1",-1.69870479284225,0.276121074635471,-3.62862876396568,0.00354765205836048,0.0259659183905988,-1.68976791845212,103.46,84.06,48.81,33.95,58,20.18,22.01,18.9,37,3
"837","TRINITY_DN152077_c0_g1",-1.60859966468871,-0.767639100818258,-4.76662848697439,0.000479882414962003,0.0069178404612985,0.0950692148946555,34,34,29,30,21,12,5,5,9,8
"838","TRINITY_DN152096_c0_g1",-2.60761950414836,-0.449037370203753,-6.36436527826401,3.86371056186406e-05,0.00146420005749176,2.03799873678389,56,49,61.04,38.04,57,8.01,8,9,14,1
"839","TRINITY_DN152369_c0_g1",-1.58871700491954,0.702648986244636,-6.84743389376749,1.93303238523723e-05,0.000968450785159126,3.1899159518946,106.21,81.24,96.64,51.26,64.33,23.56,21.76,19.37,31.46,22.29
"840","TRINITY_DN1524_c0_g2",-1.28749404080329,1.48836758830612,-6.8927329100978,1.81433384476803e-05,0.000940384655135205,3.29038898379171,158.21,112.59,120.72,98.26,118.62,44.48,26.11,52.44,76.8,42.44
"841","TRINITY_DN15247_c0_g1",2.4512313799016,-0.181676567663416,5.04711023559525,0.000300500183687026,0.00517125556442979,0.574673579815789,17,11,9,25,5,43,76,66,64,29
"842","TRINITY_DN15253_c0_g1",1.21734620711832,2.40137832589683,7.01658632018081,1.52775065092669e-05,0.000853230643709996,3.42459210598216,66.85,105.29,97.68,109.36,106.15,240.23,208.13,204.1,227.79,206.96
"843","TRINITY_DN15259_c0_g2",1.14025649073021,3.49460210402479,9.03030570557501,1.20290024357479e-06,0.000208696580398792,5.89790599995229,174.01,235.72,181.14,204.86,244.57,446.18,397.81,473.05,503.21,442.63
"844","TRINITY_DN152597_c0_g1",1.10704800311744,0.0978572592810616,4.26622022246756,0.00113530317015404,0.0121988590936718,-0.614256961623389,24,26,14,15,30,53,38,41,50,25
"845","TRINITY_DN15265_c1_g1",1.6701323089107,-0.85058123660962,4.37232826747437,0.000943315368796261,0.0107510419783307,-0.484796051247717,11.81,5.76,9.42,15.48,8.07,36.42,14.82,29.42,24.27,21.84
"846","TRINITY_DN15269_c1_g2",-4.75837382275436,-1.88667405537386,-6.54368419243659,2.97706820694016e-05,0.00125177319244244,0.371900431297427,39.87,38.03,39.99,31.34,50.91,5.04,0,0,0,3.04
"847","TRINITY_DN15271_c0_g1",-1.08602601568704,0.587127632513906,-3.26431408806263,0.00690902969732583,0.0400620497790638,-2.37877223640744,65.82,57.29,94.94,27,84.45,30.86,18.58,18.81,50.55,20.04
"848","TRINITY_DN152728_c0_g1",-1.8687395583519,-0.75508369759862,-5.071991589634,0.000288428921337658,0.00502173798454945,0.487233657295618,26,26,44,26,43,9,3,8,7,9
"849","TRINITY_DN152798_c0_g1",-2.01369683673238,-0.725613706730862,-5.2310192438725,0.00022239270703541,0.00427779744349858,0.682960028635922,45.85,34.79,35.62,35.31,23.5,6.05,3.08,13.33,6.15,6.25
"850","TRINITY_DN15289_c2_g1",-1.33249376267639,-0.361453272861096,-3.94040080051959,0.00202170548843121,0.0178590218427321,-1.11710268172183,41.95,53.22,23.14,34.88,28.46,8,9.32,16.29,14.68,10.94
"851","TRINITY_DN15291_c0_g1",1.95627268006168,0.425794756583368,3.48815806839742,0.00458279147579189,0.0306411243072281,-1.9486123989132,22.26,14,29,8,40,45,21,109,168.7,85
"852","TRINITY_DN15294_c0_g1",-1.9589313474824,-0.36655660318274,-3.79373221731565,0.00263102880777578,0.0212074382825443,-1.34577163745268,60.14,25.27,27.06,62.3,62.76,17.5,5.43,3.3,20.02,6.01
"853","TRINITY_DN153122_c0_g1",-1.63576374923246,-0.908567744844789,-3.84492807631183,0.00239931553127527,0.0199528096031734,-1.27976252245145,32.49,29.59,25.4,16.21,27.15,11.91,8.31,8.67,2.48,7.74
"854","TRINITY_DN15315_c0_g1",1.13937612122858,0.941721545472097,5.85016948306329,8.3601053908896e-05,0.00230028892745603,1.82941656780103,38,35,36,35,38,91,74,87,66,62
"855","TRINITY_DN15317_c3_g1",-1.51837284265067,0.661159239876459,-5.80533750540362,8.95761693198086e-05,0.00239773658230177,1.76396321374845,54.42,86.18,84.43,68.02,80.72,23.09,27.92,14.76,26.27,27.63
"856","TRINITY_DN15338_c0_g1",-1.59420959524711,0.993948595997733,-7.56433292527362,7.30847829781104e-06,0.00055190569569139,4.1128267587304,126.08,100.95,83.62,81.89,90.52,28.65,15.55,31.01,48.8,26.94
"857","TRINITY_DN153400_c0_g1",-1.31895616725188,-0.0266538288346688,-5.23457931302129,0.000221110983632068,0.00426249788757049,0.905143981098778,42,41,38,41,59,12,15,19,23,9
"858","TRINITY_DN153484_c0_g1",-1.16203936462997,0.0399155823569132,-3.85013812740961,0.00237694355272969,0.0198315045822772,-1.30095447623408,70,45,25,38,48,18,12,14,21,20
"859","TRINITY_DN153547_c0_g1",-1.73209931161159,-1.69807669558168,-3.39985358950793,0.00538668934690079,0.0340398406311228,-2.08052338347826,16,12,16,13,23,2,3,5,2,8
"860","TRINITY_DN15361_c0_g1",-1.25183402006629,2.0650944567822,-4.81272106132421,0.000444023886858858,0.0066145751500243,0.0969329083826178,256.81,148.49,184.51,102.61,229.55,72.46,47.14,65.3,143.76,54.15
"861","TRINITY_DN153611_c0_g1",-1.06019090615864,0.682346268928227,-4.89074991988134,0.0003895780354919,0.00608215970199301,0.36670939739982,85,55,64,49,75,23,17,33,49,25
"862","TRINITY_DN15362_c1_g1",-1.69441279966216,-0.753838358049564,-3.65627686160523,0.00337390218713472,0.0250426407227311,-1.56552252376585,40.2,24.12,36.54,15.55,45.87,6.41,13.73,4.23,18.17,2.4
"863","TRINITY_DN153638_c0_g1",-1.36850046440783,-0.629194544713603,-3.6824024195904,0.00321773111790001,0.0243212420261171,-1.52422286868717,37,31,40,14,32,13,4,7,10,17
"864","TRINITY_DN153721_c0_g1",-1.1163737443493,-1.22145926335068,-3.30307845461934,0.00643373948472916,0.0382426452911116,-2.12145401417328,18.14,15.22,19,19,19.11,10,6,3.07,8,6.05
"865","TRINITY_DN153869_c0_g1",-1.74845545594402,-1.29545901453352,-3.87103438458108,0.00228935217535689,0.0193785939244884,-1.34110988613463,32.03,17,21,16,26.56,12,1,7,7,2
"866","TRINITY_DN15389_c0_g1",-1.18200048765711,3.16728327935255,-5.3316391902995,0.000189004050298623,0.00385961032140873,0.798430359154872,463.77,368.98,464.26,205.91,407.72,160.14,96.06,170.68,270.02,142.67
"867","TRINITY_DN15406_c0_g1",1.13767294981124,0.391038437800584,4.60844496817371,0.000627810646961372,0.0082060893029017,-0.0718385005808448,26,26,34,24,19,76,48,41,60,35
"868","TRINITY_DN15407_c0_g1",1.36333031501304,-1.14406654002188,3.60401293712273,0.0037100505105618,0.0267470621528318,-1.66016565139846,6,9,8,8,13,25,20,17,17,12
"869","TRINITY_DN154283_c0_g1",-1.09976942067036,-0.316771930149519,-3.6400275954906,0.00347493364047326,0.0255903547986666,-1.62127474102518,32,37,29,22,51,9,19,13,18,10
"870","TRINITY_DN15429_c0_g1",-1.02209265897963,2.35767098794204,-6.34823674935869,3.95621397358118e-05,0.00148279005198572,2.47816179941457,195.48,146.82,223.59,215.08,226.13,104.13,66.11,115.79,130.75,72.16
"871","TRINITY_DN1543_c0_g1",2.36893085959255,3.4316423505908,6.97841123308824,1.61055483382342e-05,0.000876961234690833,3.30454035062273,233.93,112.64,145.55,77.35,115.76,792.6,378.59,1031.74,513.77,816
"872","TRINITY_DN154314_c0_g1",-2.31303081570217,-1.26766686855131,-3.81789684260672,0.0025189179417066,0.0205815410326459,-1.47310847895974,28,21,51.99,13,32,2,2,4,8,4
"873","TRINITY_DN15434_c2_g1",1.25918362012253,1.17936473131699,4.77747487508535,0.000471179827331141,0.00683844203922218,0.143942195800984,32.75,45,34,46,51,82,86,110.69,74.73,120.66
"874","TRINITY_DN154377_c0_g1",1.904446775009,-0.857690716370259,3.9546555266602,0.0019708261674814,0.0175940111957963,-1.11730081242833,4.07,12.69,8.9,12.35,9.57,43.76,27.41,21.41,36.49,12.88
"875","TRINITY_DN15440_c0_g1",1.42014051082762,0.736395753597404,4.25048216356723,0.00116706618549949,0.0124539223652562,-0.68927745931814,36,28,31,29,23.99,85,24.86,96.28,107.99,77
"876","TRINITY_DN15444_c0_g3",-1.65297766716117,-0.628730409280714,-4.30431267879444,0.00106208719542006,0.011617268822644,-0.557322428221436,37.31,21.37,37.81,37.03,34.2,3.68,3.29,11.34,16.16,12.01
"877","TRINITY_DN154443_c0_g1",-2.46484975236238,-0.282054912724725,-7.46742930727758,8.30461963722044e-06,0.000587171360790016,3.41644606555162,60.78,50.91,57.72,34.21,67.94,14.09,3.87,7.98,6.72,10.38
"878","TRINITY_DN15450_c5_g1",-1.65943736539347,-0.76242193291526,-5.64773343572287,0.000114435212331341,0.00281324806742799,1.25946725348288,26.6,30.43,27.73,30.95,33.87,9.16,6.9,5.84,9.93,5.77
"879","TRINITY_DN15460_c0_g1",-1.17272457051402,-0.473075459155209,-3.60921690194407,0.00367509537221923,0.0266100396751588,-1.65581343450973,41.4,34.61,21.07,21.96,39.76,12.33,5.04,7.76,16.86,18.48
"880","TRINITY_DN154696_c0_g1",-1.54641732488537,-0.720831820690752,-3.89249527971588,0.00220285092638817,0.0189128310379833,-1.19325717692718,27,39,18.05,29,40.89,10.83,3,6,11,12.02
"881","TRINITY_DN15478_c0_g1",-1.57838554835091,0.013448756713124,-6.82990962212767,1.98114873354993e-05,0.000982568523379251,3.04816017924375,45.6,50.79,58.62,45.56,47.03,15.27,9.93,10.99,25.01,12
"882","TRINITY_DN15479_c1_g1",1.29952725788928,2.0042568571177,5.43934785918311,0.000159048937095517,0.00346292659462194,1.12762791956433,114.51,63.46,64.47,42.66,85.54,147.96,160.27,203.61,265.66,107
"883","TRINITY_DN15495_c3_g1",-2.03525592045447,-0.935475316857588,-3.31285257885036,0.00631921686794881,0.0377898909307374,-2.10919995163312,36.91,39.58,34.5,12.06,38.58,1,4.98,3,19.27,11.98
"884","TRINITY_DN15503_c0_g1",1.44648446385518,3.09756814581913,7.79688110168387,5.40288443796998e-06,0.000475147967947519,4.41726938554441,122.56,130.46,245.22,100.34,141.87,442.16,278.17,342.55,502.72,379.7
"885","TRINITY_DN15507_c0_g1",-1.45292666614408,2.78227998463635,-7.87619360082868,4.88094007578053e-06,0.000455829021786298,4.54071847082312,300.95,262,405.99,315,279,145,117.86,108.96,143.96,60.9
"886","TRINITY_DN15507_c0_g2",-1.17357797851151,1.89250365186502,-3.85089274837827,0.0023737210647428,0.0198152718360469,-1.54770971391547,136,140,182,183,126,89,96,94,52,27
"887","TRINITY_DN15518_c0_g1",1.64597847776911,1.12525245702696,4.61923548913721,0.000616343038508208,0.00810397749891092,-0.105456208052351,30,27.64,41,51,29.89,64.1,173,108,92.39,107
"888","TRINITY_DN15520_c0_g1",-2.37146754871578,1.00469306271889,-6.57552042000726,2.8437001026635e-05,0.00121486469492591,2.84202083432037,162,165,136,64,133,28,14,18,55,11
"889","TRINITY_DN15527_c0_g1",-1.12353678115131,0.183408214871319,-4.26095547841959,0.00114582744531944,0.0122717567151825,-0.627169033789603,80.23,35.57,49.22,38.93,39.67,19.91,19.95,21.48,20.63,14.05
"890","TRINITY_DN15532_c1_g1",-1.07153004224482,-0.0433776386066816,-3.94198876704132,0.00201597107888637,0.0178261237536741,-1.14109211000575,48.01,41.08,57.46,30,27.99,22.33,11,16.01,16.98,16.51
"891","TRINITY_DN155541_c0_g1",-1.38905867772397,-1.02620989198109,-4.08427674679591,0.00156465864437398,0.0151072671785457,-0.930332121737774,33,15,24,19,26,8,6,8,8,4
"892","TRINITY_DN15563_c1_g2",1.32683180043403,0.475289899343383,3.94398580379501,0.00200878327313056,0.0178011165763524,-1.18372469055285,34.9,47.48,14.63,20.11,19.48,43.25,71.88,71.84,53.72,52.61
"893","TRINITY_DN15563_c2_g1",1.6968289403815,-0.553748828885632,5.68994009476374,0.000107133609651617,0.00269812301537418,1.42077186195329,17,11,12,9,9,24,22,35,47,32
"894","TRINITY_DN15566_c2_g1",1.16072723510732,0.219166484865211,4.68955894886845,0.000546775242825708,0.0075456928464124,0.0667655998376597,20.47,18.06,24.17,27.58,22.61,47.76,45.8,58.63,49.43,28.1
"895","TRINITY_DN15567_c0_g1",-3.2255437195899,-1.76943318828877,-5.03794736664905,0.000305078376129901,0.00521980019842543,-0.692796275758201,31,28,25,18,27,1,0,5,2,5
"896","TRINITY_DN15574_c0_g2",-3.028322432708,-0.433314569958764,-7.15384541962613,1.26559247837518e-05,0.00076198242000641,2.72007108240546,80,46,71,39,63,3,11,7,8,3
"897","TRINITY_DN15590_c0_g1",1.87337225242873,1.64930447053991,9.63840491626497,6.06933604713776e-07,0.000146264322080873,6.47670836085734,39,53,63,46,35,190,159,141,183,140
"898","TRINITY_DN155910_c0_g1",-1.24296744899851,-0.815579969411545,-3.77825164894935,0.00270553579957535,0.0216477738106265,-1.37135035365823,21.4,25.49,29.75,23.52,26.65,5.09,9.21,6.15,18.41,6.15
"899","TRINITY_DN15595_c0_g1",-1.47690467167942,1.336684314486,-4.37627017583416,0.000936870553074787,0.0107140320894986,-0.540459763323474,85,143.05,158,123.05,83,35.01,35.17,34,28.01,76
"900","TRINITY_DN15597_c0_g1",1.02132930391616,3.65541872542938,4.73562320638994,0.000505700377327323,0.00717833185964241,-0.288330480344634,234.01,274,352,126,269,520,402,357,664,545
"901","TRINITY_DN156055_c0_g1",1.81489378884758,-0.193456893074441,5.14324669745674,0.000256598271882172,0.00465799005851222,0.747031801557835,19.23,13.21,7.59,10.11,22.11,63.45,42.48,24.81,55.47,35.24
"902","TRINITY_DN15610_c0_g2",3.45375039222838,0.894381075880405,16.7147895791419,1.40060932620393e-09,4.80063945104407e-06,10.2315916678851,20.18,13.04,20.66,15.11,13.35,183.98,162.77,150.79,190.33,146.27
"903","TRINITY_DN156223_c0_g1",-1.6054910982656,-1.52060656242968,-3.37328655571109,0.0056555947641964,0.0351241009897676,-2.06800971221945,24.12,11.17,22.38,11.17,21.07,5.94,3.79,1.83,4.95,6.09
"904","TRINITY_DN15626_c1_g1",-1.78530505788806,1.83021504803123,-6.60689478748281,2.71847142244912e-05,0.00118335480418728,2.89447541245036,241.16,186.18,127.1,130.82,240.93,38.06,61.15,53.08,73.44,32.16
"905","TRINITY_DN156292_c0_g1",-1.49122425362772,-0.342347361789464,-3.41858306630136,0.00520495762940861,0.0333123251285247,-1.97912344129414,34.48,34.63,29.2,22.97,74.2,18.83,15.23,7.47,6.22,14.87
"906","TRINITY_DN15656_c2_g1",-1.92310465868289,0.116657923199609,-6.49494792142599,3.19428639174383e-05,0.00130728065989792,2.63534337185149,97,48.88,58.99,47.29,51.7,22,12.2,9,17.75,9.13
"907","TRINITY_DN15683_c0_g1",1.29703436482371,2.8148647001395,6.52290700977629,3.0676861868443e-05,0.00127715326869331,2.69037215035308,220.87,82.47,144.93,90.43,111.8,290.52,235.72,347.84,349.8,285.86
"908","TRINITY_DN15707_c0_g1",-1.41879545147761,0.212715618824212,-4.9260994478991,0.000367262074230373,0.00586806331937611,0.441233526678378,56,50,40,49,80,22,7,21,30,13
"909","TRINITY_DN1571_c0_g2",1.48179805846784,3.31661817020556,3.98671517060688,0.00186116897494535,0.0169456931544945,-1.54574225350362,136.38,161.58,151.81,172.85,191.53,886.22,682.91,278.37,439.63,243.43
"910","TRINITY_DN15710_c0_g2",1.34383365310623,-1.09858021379696,3.19092864785456,0.00790832467886184,0.0437172808011105,-2.29442083868967,7,14.53,8.64,4.48,12.51,19.52,12.58,12.84,20.83,30.84
"911","TRINITY_DN15710_c0_g3",-1.78483964919426,2.82046902359073,-8.37706468314605,2.61190237618745e-06,0.000326219774848008,5.16206166554202,398.34,317.97,375.16,244.2,498.65,133.39,56.17,96.07,168.11,81.82
"912","TRINITY_DN15717_c0_g1",-2.53519212585373,-1.68215105591919,-4.16797141954053,0.00134936969750469,0.013695352289553,-1.30762773969146,24,22,13,24,28,5,2,2,3,1
"913","TRINITY_DN15726_c0_g1",1.40357113316292,-0.41879566834888,4.65792641036594,0.000576992405519718,0.00777750965639266,0.014294467987245,19.16,10.39,15.03,14.91,10.15,31.97,33.74,32.01,43.58,17.51
"914","TRINITY_DN15727_c0_g1",-1.67394610747623,-0.169626871769251,-5.54742864368963,0.000133981799076859,0.00311373500407973,1.329960109394,59.25,57.76,34.95,28.84,47.3,10.93,9.93,8.85,14.14,17.59
"915","TRINITY_DN157592_c0_g1",-2.19220085363364,-1.83919340706851,-3.76224004605279,0.00278488324369929,0.022056777578424,-1.75462770609395,26.95,16.92,16.67,14.67,12.06,4.19,1.12,2.19,1.34,4.01
"916","TRINITY_DN15762_c0_g1",-1.64508219941264,-1.01804548482425,-4.48699645462749,0.000773382485218399,0.00944089368484698,-0.374705027286916,29.46,21.31,26.7,16.03,33.54,8.39,4.98,2.66,9.09,7.04
"917","TRINITY_DN15765_c2_g1",-1.93107334996597,1.65477264012447,-7.18552183378047,1.21219268626678e-05,0.000742067542478538,3.67759270761793,207.28,128.59,114.12,175.04,233.42,46.51,34.47,35.55,40.91,52.65
"918","TRINITY_DN157665_c0_g1",-2.11922459647632,-1.79699068708327,-3.0787402462287,0.00972526851883723,0.0499823081667745,-2.58461708080161,20.01,15.01,14.01,32.96,12,4.96,2.01,2.97,3,1
"919","TRINITY_DN15786_c0_g1",-1.50117240912544,-0.738741474021498,-3.15265134942905,0.00848622594749126,0.045703105107112,-2.36793580925399,32,20,54,37,17,7,5,7,17,6
"920","TRINITY_DN1579_c0_g1",2.22439623788502,4.6252574177157,6.040263451738,6.25809197425692e-05,0.00194626114219559,1.76584276199044,542.4,371.85,238.55,138.84,412.35,1478,1349.7,2048.94,2374.57,623.1
"921","TRINITY_DN15795_c0_g1",1.64163801372931,-0.14891775115003,3.18879805120241,0.00793942318355572,0.0437839156624056,-2.3836517339954,33.8,14,14,5,17.13,42,65.2,55.64,20.75,44.36
"922","TRINITY_DN15795_c1_g1",1.46593560887856,-1.23716721485374,3.49794571933607,0.00450156095828642,0.0302806561470168,-1.83473996215633,11,5,9,6,9,18,26,19,18,10
"923","TRINITY_DN15799_c0_g1",1.54060501842593,-0.771350397488793,3.48568517480794,0.00460355023831074,0.0307368804445413,-1.83549189933307,5.09,20.5,12.64,16.71,6.15,28.69,12.28,27.29,33.3,23.54
"924","TRINITY_DN158189_c0_g1",1.3910740103015,-1.44257950762464,3.36503487693463,0.00574186222027935,0.0354413010040484,-2.05166803249122,7,7.01,6,4,13,13,10,21,22.52,9
"925","TRINITY_DN15824_c0_g3",1.59722999598828,3.03242090084087,5.42361149729755,0.000163093001305969,0.00351685176812099,0.975709962824093,220.12,165.28,129.89,119.91,61.01,488.45,370.5,257.6,460.28,388
"926","TRINITY_DN15827_c0_g1",1.61308815629735,-1.00643768900046,4.17551200634453,0.00133154498530734,0.0135699102639908,-0.802237135721247,12.26,7.16,7,5.48,12.76,20.01,19.91,24.06,39.76,11.87
"927","TRINITY_DN15827_c0_g2",1.75344428983969,-0.856888499826746,4.21041228384759,0.0012521725222949,0.0130390030857619,-0.734890096580491,16.23,6.56,10.12,3.33,13.87,40.95,23.49,23.79,34.03,14.37
"928","TRINITY_DN158409_c0_g1",-3.72568000398601,-2.08927382710921,-3.41706730705118,0.00521943026533566,0.0333304018047536,-2.31701601672102,37.02,13.07,40.55,9.86,41.56,0,0,2.18,5.37,1.1
"929","TRINITY_DN15841_c0_g1",1.19362495513429,-1.02976552159592,4.08213557390472,0.00157061161590736,0.0151523955509479,-0.917865598636858,11.79,8.92,11.07,9.76,8.14,17.87,13.69,21.31,19.78,18.62
"930","TRINITY_DN15845_c0_g1",1.23400675634323,4.11365472458304,6.63875557714928,2.59729003051769e-05,0.00115160129538825,2.70660942334835,393.4,345.37,338.18,183.39,309.84,755.98,576.49,534.84,1039.35,768.99
"931","TRINITY_DN15847_c0_g1",-1.17703403921601,2.58111067876599,-6.47200709080415,3.30231425024379e-05,0.0013305636097688,2.63966637447575,232.24,207.07,328.88,283.86,188.77,108.87,102.64,110.69,106.06,101.26
"932","TRINITY_DN158489_c0_g1",-1.49972219355953,-0.933898732503254,-3.10685700687553,0.00923380375821818,0.0482514634638972,-2.43025262056063,44.12,15.27,26.66,11.26,41,6.06,6.19,6.06,7.13,10
"933","TRINITY_DN15852_c0_g2",1.06710425078667,0.39661745321397,4.52845248241071,0.000720089826464073,0.00899334780544894,-0.202887609181326,16.59,29.13,31.98,24.82,31.39,57.82,34.52,47.91,60.24,48.03
"934","TRINITY_DN15861_c0_g1",-1.08529340317076,1.63884827927682,-7.62584296662649,6.74302760133408e-06,0.000525177785853465,4.24217158635109,131.7,123.85,123.93,99.63,144.96,63.4,39.25,63.15,70.69,46.04
"935","TRINITY_DN15870_c0_g1",1.32599171053506,2.5537728347377,10.3807463867877,2.75413469952941e-07,9.7287721668544e-05,7.34162938130242,83,111,116,100,103,267,219,243,287,238
"936","TRINITY_DN15872_c0_g2",-2.24041291889464,-1.42600225207621,-3.10386710268676,0.00928485689683203,0.0484413031437763,-2.48543670029843,25.02,16.29,26.89,27.78,25.32,6.65,1.11,0,19.09,5.5
"937","TRINITY_DN158771_c0_g1",-2.53056332997775,-1.2760319295299,-5.06216056721594,0.000293136395547706,0.00508272307743808,-0.0307628202919368,34,21,34,28,28,1,1,8,7,4
"938","TRINITY_DN15884_c2_g2",-1.98878733669725,-1.3477966813359,-3.47022740858693,0.00473550129070536,0.0312526615833254,-1.93005063462085,32.31,14.53,35.01,20.06,16.16,7.35,1.53,1.13,5.11,9.7
"939","TRINITY_DN1589_c3_g4",-1.71649106191857,0.431403780249035,-4.67549255543942,0.000560002556168217,0.00766180266069779,0.0405042825677304,43.51,76.81,104.52,47.35,87.96,11.89,24.9,16.89,34.65,11.5
"940","TRINITY_DN15894_c0_g1",2.92376445725177,-1.77917339311691,3.84489908987134,0.0023994406039085,0.0199528096031734,-1.79084770577383,4,3.92,4.01,4.07,2.04,36.05,12,16.02,16,25.36
"941","TRINITY_DN15896_c1_g1",-2.02370323990543,2.49285061934547,-7.32534750293785,1.00363147681536e-05,0.000661194540340956,3.84684210192452,270.91,262.7,278.63,380.43,351.44,123.75,45.64,80.48,46.65,101.55
"942","TRINITY_DN15899_c1_g1",-1.84652611631986,-0.129450791774423,-6.32567119940022,4.08960682953931e-05,0.00150926429451143,2.35733696152492,68.76,42,59.36,29.61,50.77,8,10,16,16,9
"943","TRINITY_DN15954_c0_g1",-1.09272327463022,4.69171253578967,-6.4014140684545,3.65981669607537e-05,0.00141368675539628,2.285964456789,1154.43,1018.11,1313.7,653.52,1156.83,409.68,354.41,488.28,769.46,445.57
"944","TRINITY_DN159568_c0_g1",-1.50878753110813,-1.38958106442964,-3.70949039257646,0.00306362063322052,0.0235593641212253,-1.55858834830601,22.3,16.98,14.63,21.11,17.9,4.15,7.7,2.21,6.63,4.45
"945","TRINITY_DN159589_c0_g1",-2.25576211097038,-2.06122096662718,-3.34947510713784,0.00590818525490702,0.0361645490102651,-2.36253480934304,15.38,11.27,12.51,16.75,23.81,2.28,0,2.4,4.89,3.46
"946","TRINITY_DN159632_c0_g1",2.50957041236654,-1.56748582776797,4.11695526667067,0.00147664858769909,0.0145818460758564,-1.24031128136985,3,9,6.07,8,2,22,14.12,21,17,24
"947","TRINITY_DN15964_c0_g1",-2.38806297218402,3.1610369984189,-7.40337966884266,9.04206749588358e-06,0.000619840974868028,3.91558672027669,739,529,545.01,349,753.72,124,31,108,212.73,123
"948","TRINITY_DN15965_c0_g1",-1.11979361705144,-0.304419209921151,-3.77689149147559,0.00271218498047206,0.0216786209731938,-1.39374622377495,30,36,24,42,40,12,15,9,17,14
"949","TRINITY_DN15973_c2_g1",1.15900828899359,0.400537566701276,4.33563748363934,0.00100556352441778,0.0112159723304795,-0.519540104640073,49.06,20.95,19.75,18.93,25.08,53.21,64.93,39.48,59.33,43.87
"950","TRINITY_DN159737_c0_g2",-1.00931179305572,0.430775604070029,-3.53991267079529,0.00416957963182336,0.0288060641141684,-1.87725771685409,66.11,44.12,47.38,43.08,74.07,17.35,16.8,28.31,55.73,14.08
"951","TRINITY_DN15977_c0_g1",-1.3631256881817,0.935817995279033,-5.98298466921922,6.82509834445256e-05,0.00205340167794223,2.02322921818888,72.38,86.91,112.55,86.67,71.34,45.34,20.91,31.41,29.69,27.56
"952","TRINITY_DN159949_c0_g1",-1.1995361337136,3.43317819407495,-4.90578002160803,0.000379920554043512,0.00598558083037995,0.0459747761707234,503.25,592.95,413.26,295.08,476.8,271.45,131.36,313.75,194.29,115.8
"953","TRINITY_DN160098_c0_g1",3.1464087311973,-2.20848966323906,5.14544623211994,0.00025567659495426,0.00465449459988428,-0.671843916778978,2.01,3.04,2.04,1.01,4.02,16.15,11,19.08,25.66,9.12
"954","TRINITY_DN16024_c1_g2",-1.66469184503678,0.172014925103048,-4.66960019519383,0.000565642513769492,0.00770329750303015,0.04056690105564,53.83,41.67,56.97,43.74,104.38,16.58,4.21,18.58,30.64,14.8
"955","TRINITY_DN16030_c0_g1",-2.17952198227385,-0.587495088234358,-4.64127975469477,0.00059359080615286,0.00791377914543226,-0.103205913126784,53.33,41.75,32.85,23.49,65.03,5,4.23,9.68,20.63,2.06
"956","TRINITY_DN16064_c0_g1",-1.75575612505577,2.46807135029804,-9.29519146861774,8.89118359165383e-07,0.000179191990346857,6.21022294356339,318.96,281.82,268.86,189.95,345.86,73.37,49.4,96,124,69.78
"957","TRINITY_DN16079_c1_g1",-5.39465585274074,-2.40818200193266,-6.6450454813157,2.57405366763502e-05,0.00114499572421758,0.422149473880053,56,42,32,28,23,0,0,0,0,2
"958","TRINITY_DN16079_c1_g4",1.59166649555709,1.81400641405798,6.65049962791339,2.55408393159423e-05,0.00114059140985453,2.95341376509639,47.53,59.77,59.99,90.4,39.3,196.16,165.52,176.97,160.65,126.59
"959","TRINITY_DN16102_c4_g1",1.28310437466563,0.532670345724127,4.4619356901738,0.000807579577310408,0.00971882409499152,-0.319474959019001,53.92,15.62,35.36,24.73,17.41,71.19,46.31,59.18,72.56,49.47
"960","TRINITY_DN16118_c1_g1",1.05332645810092,-0.304650109306185,3.97159858348568,0.00191206661814298,0.0172430702738225,-1.07534644997456,17.28,20.83,19,9.71,16.95,20.22,28.26,32.09,42.96,27.85
"961","TRINITY_DN16119_c0_g1",-2.28507740685226,-1.27256940608168,-4.87695712275844,0.000398667225355007,0.00616990429393785,-0.148404587258299,31.74,25.99,32.97,20.06,22.75,1.13,4.9,7.04,7.6,1.06
"962","TRINITY_DN16121_c0_g1",-1.47899525547173,0.939794836681646,-4.78693594977494,0.000463723741463562,0.00677139203190053,0.18609955295214,116,70.08,99.35,69.88,96,42.18,10.31,17.19,60,38.39
"963","TRINITY_DN16125_c0_g1",1.97442585746333,-1.36950571418891,4.31826287003802,0.00103651745946039,0.0114322645306582,-0.769180539856794,8.13,7,5,11.85,3,16,14,17.39,27.9,18.9
"964","TRINITY_DN16127_c2_g1",-1.29324463627909,-0.0374515542025358,-6.03824630824171,6.27718712970697e-05,0.00194629956601592,2.0409888526642,55.5,43.05,45.79,32.94,40.09,15.76,8.59,15.73,21.71,15.23
"965","TRINITY_DN16131_c0_g1",-1.53365717604313,0.135966526452487,-4.93780057308905,0.000360174143420573,0.00580194110397718,0.459652753614117,98,48,46,35,51,21,8,14,27,13
"966","TRINITY_DN16142_c0_g1",1.04087695901363,3.91750840838491,7.10793880981917,1.3474838555742e-05,0.000789316710834574,3.40085603509183,302.27,277.71,268.74,308.29,267.14,565.54,503.46,643.92,537.98,695.83
"967","TRINITY_DN16150_c0_g1",-1.18311451568791,1.82105067259443,-7.42050209687214,8.83831135339694e-06,0.000611626910758932,3.98426420829883,175.45,123.61,149.54,146.5,132.57,49.53,49.49,68.89,74.08,68.96
"968","TRINITY_DN161638_c0_g1",-3.3412615478502,-0.794359042780453,-4.37846813514328,0.000933296926271257,0.0106868609853094,-0.744877257921103,75,41.57,79.33,20,71.68,4,1,4,8,3
"969","TRINITY_DN1618_c0_g1",1.2885016987249,1.52698682160905,5.84904177284519,8.37460620932858e-05,0.00230325789028738,1.80449227005152,58.13,45.19,46.37,66.97,44.43,94.13,117.94,158.52,118.95,120.78
"970","TRINITY_DN16182_c2_g1",-1.7881063164886,-1.8295120630577,-3.21713018471086,0.00753578573389325,0.0423710474316748,-2.38010261078571,26.8,10,18,12,15,2,2,2,8.47,2
"971","TRINITY_DN16185_c0_g1",1.26654971710327,0.590280967665295,3.21686978676207,0.00753939955377325,0.042379850393998,-2.46088373979503,28.02,34.35,32.07,29.6,17.25,97.2,98.34,28.58,60.59,50.15
"972","TRINITY_DN16185_c1_g1",-4.809341397343,-1.09398915921559,-3.92022741463603,0.00209603774795354,0.0182969268972673,-1.74049988558004,59.25,116.61,114.6,38.2,49.19,1,5.59,6.7,1.01,0
"973","TRINITY_DN16188_c1_g1",1.41754120597267,-1.17541846052967,3.65472893711183,0.00338339550093009,0.0250921018309121,-1.58964699578201,7,4.94,11.49,7,14,20.98,16.96,12.99,27.87,13.99
"974","TRINITY_DN1619_c6_g1",1.26466202259744,-1.27625256234663,3.23174878641324,0.00733568925130852,0.0416527650187633,-2.23278905746943,4.42,8.91,11.55,9.9,8.88,18.95,16.71,14.35,16.29,11.4
"975","TRINITY_DN16211_c0_g1",-1.59218993060797,2.09423917446482,-3.41812017380042,0.0052093730427086,0.0333161572484127,-2.34580298386959,134.51,184.33,406.79,146.33,228.02,237.82,49.12,70.2,55.65,22.64
"976","TRINITY_DN16222_c0_g1",-1.11844907470134,6.16501483421179,-4.61946668055804,0.000616099749410922,0.00810397749891092,-0.785577813812819,4304.88,4446.4,2213.58,2186.65,2110.19,1389.52,1159.99,1590.44,1316.78,1122.97
"977","TRINITY_DN16222_c1_g1",-1.03230730627376,0.781660358306644,-4.37440054160624,0.000939921573906419,0.010729071676842,-0.48839145308277,56.27,84.1,58.8,78.73,68,31,36,22.96,38,26
"978","TRINITY_DN16231_c3_g1",-2.24453912943579,-2.12820360398079,-3.67339270792106,0.00327073369594576,0.0245533028692553,-2.01874123610752,15,11,22,14,13,1,1,1,4,3
"979","TRINITY_DN16233_c0_g1",1.19454977270514,2.39837052301537,6.79794441819658,2.07223380046512e-05,0.00100493625726619,3.12091442592477,130.21,109.98,64.03,78.64,109.6,249.56,177.72,221.87,269.15,171.05
"980","TRINITY_DN16237_c2_g2",-1.16041739265659,-0.90086597441201,-3.20789598387506,0.00766501383444021,0.0428125853203083,-2.27625711190601,23.57,24.12,25.38,13.77,33.37,8.21,3.25,5,18.8,9.49
"981","TRINITY_DN16245_c0_g3",1.37776148446753,1.32863233690517,7.52913496078856,7.65467849185013e-06,0.000564989908089304,4.10612107309528,47.14,50.23,42.02,27,57.2,98.38,104.8,124.07,119.41,96.34
"982","TRINITY_DN16255_c1_g1",1.04378357416193,0.622225944183083,5.11583271175525,0.000268383506325213,0.00480726357697084,0.724764304517433,37,27,27,28,34,51,57,43,81,62
"983","TRINITY_DN16258_c0_g1",-1.07495747319509,1.14111956228848,-3.58850365327567,0.0038162579116651,0.0272908783275488,-1.8929740979489,126,57,121,50,121,39,22,47,64,33
"984","TRINITY_DN16264_c1_g1",-1.1083510269565,1.10864807272362,-4.06209608742095,0.00162747588958121,0.0155349743764207,-1.05761712600678,84.13,92.07,77.88,76.74,110.74,61.5,12.86,36.82,49.66,45.89
"985","TRINITY_DN16269_c1_g1",1.75512755979699,-0.918780643540756,4.2112948887873,0.00125023011788124,0.0130256435611548,-0.741382616901023,6,8.23,7.88,6.67,19.05,24.64,24.01,27.61,38.8,12.22
"986","TRINITY_DN16288_c1_g1",1.28062078192784,0.0245637270733509,5.26365529914417,0.000210929651982912,0.00413392242252019,0.952632960894889,17.05,15.21,21.91,15,26.49,59.27,26.59,37.23,46.54,39.52
"987","TRINITY_DN1629_c2_g2",1.75371815234626,-1.43745656205582,3.80061138330652,0.00259860014709632,0.0210361900796631,-1.46079969154328,4.26,4.12,9,5,11.43,18,10,12.43,30.06,16.86
"988","TRINITY_DN16297_c2_g1",1.13541794454331,0.122678125406938,4.15141362558462,0.00138938327347656,0.0139939278464683,-0.805662643481153,23.18,16.61,23.1,25.86,18.95,71.91,27.12,38.07,53.38,28.32
"989","TRINITY_DN16326_c1_g1",-1.40518744618613,0.804168691223326,-3.14634244017902,0.00858548243050262,0.0459790998101046,-2.6103347597879,88.88,100.16,36.7,99.52,99.69,19.44,16.09,17.2,91.92,23.28
"990","TRINITY_DN16344_c0_g1",-1.22223192077981,1.07015850574646,-3.18971432048651,0.00792603408880926,0.043746469119425,-2.58436765256998,190,111,57,50,84,46,18,29,46,45
"991","TRINITY_DN16352_c1_g1",1.64995583547666,-0.165937793357324,5.51029546712577,0.000142087481997552,0.00322482654247344,1.2852390689806,17.27,15.21,25.62,10,10.15,55.92,24.24,42.39,53.81,33.92
"992","TRINITY_DN1636_c1_g2",1.21539467555766,2.35773862466459,7.84737959133886,5.06403404482721e-06,0.000459568493126614,4.51921743432809,135.7,85.09,104.13,58.52,92.31,220.15,185.46,229.4,259.47,172.32
"993","TRINITY_DN1639_c5_g1",-1.51368716106463,-0.222530975170054,-4.81676044071477,0.000441018147429297,0.00659339125325775,0.263686675273362,34,40,42,57,36.01,22,9,11,12,9
"994","TRINITY_DN16402_c1_g1",2.00207850799468,-0.035865237981018,3.70478652574828,0.00308982854798432,0.0236603688198357,-1.51917818382843,49.02,17.07,2.63,17.83,12.14,46.53,34.09,69.25,45.64,63.65
"995","TRINITY_DN16413_c0_g2",-1.80519903389864,-1.02828988488738,-5.08784056327821,0.000281006441157584,0.00494842378111089,0.38885270094424,30,23,31,17,32.76,6,3,3.5,9,8
"996","TRINITY_DN16436_c0_g1",1.43334532441241,1.33425768081177,8.3473079931505,2.70866638615892e-06,0.000333244895844125,5.07392988216463,53,45.12,43,36,40,153,88,108,126,87
"997","TRINITY_DN1644_c0_g2",-1.41212997508027,-0.914142002933229,-3.59610457075346,0.00376382371783414,0.0270063655043812,-1.66195910222452,35.9,25.97,20.95,29.53,17.85,8,5,4,16.18,5.71
"998","TRINITY_DN16451_c0_g1",1.04558994874839,2.62539180141584,5.44449422790481,0.000157749457006074,0.00345176811012596,1.05313607501788,85.27,141.62,123.42,121.93,125.15,300.22,178.15,197.16,266.27,273.13
"999","TRINITY_DN16451_c1_g1",2.77570594138704,0.634641934095386,4.93238529728904,0.000363436416310904,0.005826433911695,0.449330431441111,24,19,48,11,7,82,47,101,248,142
"1000","TRINITY_DN16452_c2_g1",-3.11685623098613,2.43774730046638,-9.48704721233992,7.17275255459284e-07,0.000159584746263009,6.38129816300987,623.74,391,367,262,629,28,45.12,68,59,48
"1001","TRINITY_DN16455_c1_g1",-1.59127826215615,4.18250532238062,-6.30320797957753,4.22715178285151e-05,0.00153393229488706,2.20847159299723,597.93,861.64,1225.87,716.27,1042.45,270.41,199.17,178.27,470.98,386.41
"1002","TRINITY_DN16455_c2_g1",1.36256305810959,-0.674101400795506,3.32113087025715,0.00622383803836255,0.0374322761741417,-2.11092093447435,7.87,9.69,7.95,23.09,17.1,29.77,24.73,35.66,22.24,15.6
"1003","TRINITY_DN16456_c1_g1",1.32202843324726,2.20659286856323,4.60124857237578,0.000635582371318919,0.00827283290359626,-0.284085416766231,70.98,80.54,143.9,55.69,73.26,249.17,134.67,122.15,260.05,272.81
"1004","TRINITY_DN16513_c3_g1",-1.14291212724328,3.84011236409137,-7.96417197170216,4.36441500373025e-06,0.000429551398040398,4.56716028309588,596.35,708.26,548.96,523.28,525.67,290.79,192.72,257.72,268.58,307.63
"1005","TRINITY_DN16520_c0_g1",-1.57427969008612,-0.486135054529812,-4.97372842369969,0.000339294472267505,0.00559993753563762,0.458889379423874,45,40,32,23,39,12,5,19,11,5
"1006","TRINITY_DN16538_c1_g1",-2.88596791859214,0.656082347496661,-3.57514162740608,0.00391025271692812,0.0276704317317141,-1.78733536224362,184.38,101,444,41,58,19,11,14,11,18
"1007","TRINITY_DN16551_c0_g1",4.04934709861032,2.33529235668702,4.33545680995282,0.00100588040929871,0.0112159723304795,-0.642355287476231,99.59,31.73,36.86,27,16.32,2676.07,281.96,455.94,360.13,413.82
"1008","TRINITY_DN16555_c0_g2",2.24211869133819,-0.923313507994954,3.66662385526112,0.00331114192778937,0.0247335528309985,-1.57901531636793,18.41,9.18,15.99,7.94,1.49,30.05,22.56,26.88,45.31,22.56
"1009","TRINITY_DN16573_c0_g1",1.64054800314241,1.80131260313465,9.09428909090774,1.11751069423121e-06,0.00020369742468251,5.94552337458505,63,48,45,63,58,152,189,151,180,161
"1010","TRINITY_DN16575_c0_g1",-1.01723575977636,3.07189496118747,-6.3387282433973,4.01184952831883e-05,0.00149591281975668,2.3862263149281,358.59,224.14,440.81,310.51,325,158.2,121.78,144.49,227.46,157.59
"1011","TRINITY_DN16580_c0_g1",1.3006218096726,1.04009618850197,3.84364474588757,0.00240485936781249,0.0199811592019264,-1.42768430753841,25,45,50,49,27.04,105,37,122,94,93
"1012","TRINITY_DN16586_c0_g1",-1.49356732513086,1.97676120104118,-8.30573266645966,2.85035018660292e-06,0.000336072977074872,5.07514124259847,228.87,174.37,165.05,139.16,200.87,50.03,41.49,74.05,95.36,56.88
"1013","TRINITY_DN16586_c1_g1",-1.58447132281005,1.00572629508959,-7.54132120853893,7.53287329443248e-06,0.000559994702848625,4.08710906216521,113.46,89.57,83.13,104.09,89.8,22.78,26.75,22.14,44.39,34.84
"1014","TRINITY_DN16588_c1_g3",-1.54432238169852,1.323139122369,-5.44337469683566,0.000158031186525386,0.0034548413804824,1.20269884338699,185.58,103.85,116.28,66.85,143.29,29.91,24.68,36.36,74.03,34.56
"1015","TRINITY_DN16597_c0_g2",-1.10361631390046,0.502203129996586,-4.8079979513194,0.000447565645374,0.0066464569069248,0.244146612419132,73.74,47.22,66.65,55.42,47.99,28.95,23.47,24.38,19.67,25.74
"1016","TRINITY_DN16597_c1_g1",-1.35999439464112,2.27084913100828,-6.43090221835287,3.50571414208289e-05,0.00137643073785992,2.61069115083447,177,164,240,208,265,87,99,71,63,86
"1017","TRINITY_DN166_c1_g1",1.16925226706598,5.35605366012479,4.00543862162294,0.00180006161092182,0.0165485064615907,-1.81210984064655,737.72,856.73,1476.4,449.14,536.94,1727.65,1193.61,1073.81,2720.01,1984.5
"1018","TRINITY_DN16608_c0_g1",-1.06757053694522,1.87231559447022,-5.64352121633551,0.000115192265225054,0.00282403028103477,1.46046493954174,139,115,191,148,135,76,71,45,76,70
"1019","TRINITY_DN16619_c0_g1",-1.20462682952028,1.98658211057342,-4.93771376042861,0.000360226198001225,0.00580194110397718,0.315509486060043,204.43,202.19,139.49,113.13,180.81,58.79,66.51,62.52,138.95,41.88
"1020","TRINITY_DN16622_c0_g1",1.61974969055626,3.35394930026538,11.3903310356376,1.00976412421958e-07,6.20595032146596e-05,8.34773613094339,161.28,122.99,202.25,159.61,153.14,604.99,399.2,409.57,556.23,478.03
"1021","TRINITY_DN16624_c0_g2",1.80992672990424,-0.440353891936372,4.8092214071139,0.000446645370157271,0.006640734061591,0.224236200444746,14,17.02,7,18,7.54,46,37,22.78,38,33.34
"1022","TRINITY_DN16642_c0_g1",-1.2687274705472,2.54814727547785,-6.33398392324438,4.03991960020488e-05,0.00149894781388594,2.44216096548189,273.08,263.24,210.73,178.51,330.12,149.38,59.86,97.5,114.94,97.04
"1023","TRINITY_DN16642_c1_g1",1.42637968457987,1.11027083842843,3.82638943769836,0.00248069432265411,0.0203897015777249,-1.4642557545004,17.99,37.7,36.73,45.73,63.68,71.22,67.79,98.11,93.47,163.08
"1024","TRINITY_DN16644_c0_g1",2.06582976035189,0.634246589593466,7.9536495134258,4.42298965966446e-06,0.000429551398040398,4.4912341263232,16.91,17.64,32,18,29.42,96.08,60.01,81.98,138.01,60
"1025","TRINITY_DN16658_c0_g1",1.51139573716507,1.72297677567579,9.25000499133285,9.35720327504491e-07,0.000185571577027201,6.10375779365202,62.4,38.88,57.51,49,69.77,152.21,122.47,134.42,217.62,135.71
"1026","TRINITY_DN16669_c3_g1",3.66362799508449,-0.782565466005594,4.77956371471711,0.000469522919427629,0.00682486916986648,-0.306326622232684,5.01,1.02,8,20,5.08,40.22,76.68,69.1,57.66,35.85
"1027","TRINITY_DN16674_c1_g1",1.46721914417435,2.30926137503506,4.86317386310713,0.000407972586701835,0.00625515123580863,0.148146685117721,78,68,55,138,98,256,183,347,265,117
"1028","TRINITY_DN16674_c1_g2",1.15032695785222,-0.365843488992378,3.47452011524187,0.00469847575230582,0.0311082073507502,-1.89494460709487,21.33,17.52,7.32,11.89,23.27,22.78,36.15,27.54,40.95,22.28
"1029","TRINITY_DN16674_c1_g3",1.31133398119218,1.59918032976801,5.02974097746051,0.000309240908169674,0.00526634297221518,0.513275370931813,41,52,48,82,57,140,96,196,147,82
"1030","TRINITY_DN1668_c1_g1",-1.20737866879963,0.379550361447536,-6.91954903077773,1.74774811265633e-05,0.000919524600304287,3.24973848193213,65.76,52.4,55.45,47.96,54.02,21.04,20.21,19,25.19,20.84
"1031","TRINITY_DN1670_c1_g1",2.61302878220408,-1.56529556306101,3.17972393686563,0.00807325789463748,0.0442629923556262,-2.44046512018739,1.96,10.08,15.43,0,10.08,37.73,15.3,22.06,26.74,11.28
"1032","TRINITY_DN16712_c2_g1",-3.03350075510431,-0.090116289103053,-5.85068992199002,8.35342222588049e-05,0.00230028892745603,1.56094756224121,59.22,79.61,88.5,78.15,77.02,9,11,1,27.05,5
"1033","TRINITY_DN16712_c2_g2",1.10193627743886,0.400230341361481,4.24811395087638,0.00117192510452223,0.012482168657878,-0.666232866319993,29,22,24,31,25,78,35,47,75,30
"1034","TRINITY_DN16713_c1_g1",2.62264921861048,-1.40305773080545,3.99842179761507,0.00182271566604983,0.0166975661879708,-1.33855826590558,4.39,10,5,2,5,33,36.6,22,22.01,12
"1035","TRINITY_DN16715_c0_g1",-1.10106423871524,2.13934517604039,-5.98273448003904,6.8276912447607e-05,0.00205340167794223,1.95497626056722,203.77,211.72,133.41,142.14,196.59,77.52,83.07,66.88,98.14,74.66
"1036","TRINITY_DN1672_c24_g1",-1.02796080128294,0.46161479489385,-3.62113466862115,0.00359630764104289,0.0262015493556451,-1.74013485401148,40.77,77.99,52.21,42.18,72.04,29.33,18.32,29.56,34.16,13.39
"1037","TRINITY_DN16722_c6_g1",2.39528561031646,-1.48619168205455,3.27823409214602,0.00673439653981172,0.0393898188105814,-2.2541533996285,12.19,2.03,0.75,15.78,7.56,13.64,23.89,17.19,37.16,14.68
"1038","TRINITY_DN16728_c0_g1",1.07176452023667,1.91856336388639,5.09701146311559,0.000276803462998567,0.00490192574574444,0.581540706236219,58.89,72.91,86.47,71.01,75.48,132.53,123.6,104.6,236.21,164.28
"1039","TRINITY_DN16733_c0_g1",-1.20547803647441,0.867849850198922,-4.35201295810328,0.000977269444425068,0.0110096231385194,-0.532152816105597,100.8,81.91,58.65,97.29,57.05,37.94,26.05,41.45,33.5,17.97
"1040","TRINITY_DN16734_c0_g1",1.89863621122904,-0.196807641479753,3.91166887328172,0.00212841970002917,0.0184601822634639,-1.16575007077821,20.9,15.41,20.24,10.5,6.27,89.4,43.11,36.39,57.23,17.75
"1041","TRINITY_DN16737_c2_g1",-1.28893002901886,-0.0552840207184098,-3.15253158588613,0.00848809935203483,0.0457042226723903,-2.4738891545943,36.04,63.51,34.76,33.15,50.55,6,6.6,18.81,22.04,36
"1042","TRINITY_DN16739_c0_g1",-1.16104689509089,-0.977485043999761,-4.1557493206846,0.00137878816346542,0.0139259667659472,-0.80195713423875,21.48,21.08,24.92,19.12,21.16,7.24,8.34,6.66,8.69,7.44
"1043","TRINITY_DN16743_c1_g2",-1.29236468076696,0.192596080402412,-4.27912188038606,0.00110993512552847,0.012013620397917,-0.595594901727217,62.01,54.01,73.47,36,35.53,30,8,19.43,22.89,15
"1044","TRINITY_DN16748_c0_g1",-1.09419630518507,1.5157392670546,-5.5412797611521,0.000135289525570152,0.0031370795705049,1.3341942314024,136.77,124.04,126.78,70.02,122.44,59,59,43,58,39
"1045","TRINITY_DN16752_c0_g1",-1.03892540523329,2.40392901131831,-5.8948425544047,7.80654172799532e-05,0.00222082159130881,1.79227945496548,215.33,187.73,242.21,243.35,157.49,123.4,64.97,93.55,131.82,85.73
"1046","TRINITY_DN16763_c0_g3",1.34322940696038,0.170127252360341,3.36667958095023,0.00572456160823502,0.0353684121896667,-2.1402730358282,23.87,13.12,13.85,29.86,26.44,66.82,54.36,19.2,55.49,53.61
"1047","TRINITY_DN16767_c0_g1",-1.38835506218901,0.319900600187399,-4.21277449496364,0.00124698086849227,0.0130027029112698,-0.714324961264167,59.74,58.39,66.05,36.47,60.62,25.63,14.02,25.69,9.25,29.59
"1048","TRINITY_DN16782_c0_g3",-1.85629836691935,-0.461464223689175,-4.04538640549922,0.00167651906689528,0.0158292813262457,-0.948234711610434,56,31.31,33.76,38.41,43.58,32.82,6,8.41,12.49,1.07
"1049","TRINITY_DN16803_c0_g1",1.16747679497264,0.0497653276165773,3.47960138116595,0.00465502979346203,0.0309513247269649,-1.93411886941294,25.07,13.64,27.76,19,16.25,53.83,36.7,57.05,25.65,36.36
"1050","TRINITY_DN16807_c0_g1",-2.26573657224482,-0.0805115759483041,-7.97367910294918,4.31220610092632e-06,0.000428083278382,4.13702199018795,81.19,58.05,58.6,37.76,59.94,10.16,5.07,15.52,12.48,8.15
"1051","TRINITY_DN16809_c0_g1",1.00480380392484,4.32489030034145,8.26205883771223,3.0077797375604e-06,0.000345749850795045,4.90065144075946,415.41,372.58,504.59,324.41,318.39,829.52,722.35,760.77,762.39,747.81
"1052","TRINITY_DN16810_c0_g1",-1.70898190461107,1.74435611346637,-5.90817901318682,7.64891470134804e-05,0.00219814227394203,1.8858470058482,266.06,132,212,110,150,49,33,50,103,28
"1053","TRINITY_DN16810_c0_g2",-2.82104212913245,0.393010449583543,-5.18456492364383,0.000239853786979467,0.00448319300601126,0.825931792664626,180.98,67,67,76,133,3,14,12,39,9
"1054","TRINITY_DN16810_c0_g3",-1.34868987209655,-0.404339870844295,-4.14612430469428,0.00140242315524571,0.0140750226255007,-0.784398356353878,53,31,49,22,25,13,12,9,15,8
"1055","TRINITY_DN1682_c11_g1",-4.356273638695,-2.9746205623557,-6.81421385785057,2.02532883457248e-05,0.000995527199621805,0.438757062642668,17.99,13.56,20.6,11.12,21.86,2,0,0,0,0
"1056","TRINITY_DN16831_c0_g1",1.22345969248469,0.294836546031222,3.13347881363031,0.00879149987460371,0.0467269084010746,-2.56412748051674,10,43,18,32,29,37,36,54,61,56
"1057","TRINITY_DN16835_c0_g1",-1.79558567358595,1.34898709987287,-7.17344267189851,1.23226634623789e-05,0.000746989269300496,3.65265838972217,158.95,102.03,163.58,86.49,161.21,41.01,21,37,66.12,22
"1058","TRINITY_DN1684_c3_g2",-1.26939025334043,-0.551296069828897,-4.08569147452275,0.00156073818465341,0.0150853376283966,-0.880753337981964,25,31.85,43.68,26,28.43,15,8.94,6,16,8
"1059","TRINITY_DN16840_c0_g1",1.67055500288563,1.19726885659084,7.65210635072697,6.51601256173294e-06,0.000514077165269329,4.24229695896053,39,41,25,38,42,141,80,84,154,99
"1060","TRINITY_DN16845_c0_g1",1.74641196279332,1.58699979528,6.90534959585046,1.78267525138849e-05,0.000932247544689884,3.30737532891906,39.87,66.97,42.34,49.98,38.64,202.77,117.5,102.83,222.22,120.88
"1061","TRINITY_DN16852_c0_g2",-1.30672602423262,1.70712649247221,-6.05470698398277,6.12315049141311e-05,0.00192352451216588,2.101244108758,159.79,132.19,97.01,156.94,163.52,48.93,38.74,49.82,70.91,66.01
"1062","TRINITY_DN16873_c2_g3",1.59921702580645,-1.37829370963321,3.19711204947886,0.00781876501352103,0.0433883443097894,-2.29832790442311,16.99,6,5,5.74,5,25,10,24,20.76,8
"1063","TRINITY_DN16888_c0_g1",-1.08293976429747,1.73548552368764,-6.30244165634979,4.23192991887024e-05,0.00153442066462588,2.45965679830729,143.13,114.61,123.43,140.96,136.9,68.61,66.88,66.16,52.43,48.96
"1064","TRINITY_DN16893_c0_g1",-1.57650127618353,2.84436060889019,-8.16486134258743,3.39259170347873e-06,0.000373572685471647,4.90055606922738,437.21,271.74,366.92,260.03,386.24,120.84,68.62,110.86,207.83,82.06
"1065","TRINITY_DN1690_c1_g1",-1.00408549746626,6.13745838105517,-4.88106205048272,0.000395939133753118,0.00614745517473513,-0.326468626551756,1889.38,3052.02,3086.77,2833.73,2967.01,1890.23,728.39,1586.85,1532.17,1228.67
"1066","TRINITY_DN16900_c0_g2",3.94519166775093,-2.53131278716842,4.39203070583772,0.000911557485274428,0.0105116142190089,-1.32427112926033,0,0,0,3,7,19,29,17,12,12
"1067","TRINITY_DN16900_c0_g3",3.48229133548161,-0.650108771223951,5.12234460982102,0.000265533412347694,0.00477206746904191,0.253953622187677,2,13,2,4,33.87,73.06,53,56.77,52.89,41.9
"1068","TRINITY_DN16915_c0_g1",-2.5814649270152,-1.1749342909361,-5.55624016883257,0.00013213102313985,0.00308853144127035,0.56354555534982,33.58,24.08,32.64,32.28,33.03,5.11,5.9,1.13,7.8,1.11
"1069","TRINITY_DN16916_c0_g1",2.30890098606653,0.890736587604625,3.4011289742121,0.00537411205016736,0.0339949690616619,-2.15484745538682,15.09,30.88,43.14,14.94,28.45,67.62,39.98,177.09,444.42,62.14
"1070","TRINITY_DN16930_c1_g2",-1.39483272513472,0.844410870301259,-5.94297621287695,7.25330854917284e-05,0.00213283692506563,1.9652378803493,100.18,82.58,74.52,77.27,71.28,24.63,23.95,42.22,43.1,14.54
"1071","TRINITY_DN16935_c0_g1",1.5384879788857,0.277018674753522,7.46911136430805,8.28614113343819e-06,0.000587162014517171,3.88514596739199,23.87,20.24,19.67,17.42,21.48,69.08,33.34,59.98,63.48,48.65
"1072","TRINITY_DN16944_c0_g1",-3.58447510201338,-0.975742369896411,-4.29291585273441,0.00108346327980414,0.0117778993739587,-1.05121695673456,75,59,38,51,41,0,2,3,28,2
"1073","TRINITY_DN16947_c0_g1",1.79863819444544,-0.490903118995793,4.93007463290667,0.000364837834791086,0.00584353846496145,0.385463854135279,14.05,7.11,13,5.84,21.7,30.03,19.43,37.65,45.38,44.95
"1074","TRINITY_DN16957_c0_g1",-1.34333593516463,1.54546813265866,-5.21116770182505,0.00022968474386538,0.00434555908637838,0.815009391177524,153.74,117.68,123.54,70.7,198.25,52.04,51.17,39.42,67.56,33.09
"1075","TRINITY_DN16961_c1_g1",-2.4182940904288,-2.06436377242373,-3.71559899543976,0.00302992624438109,0.0233813577441213,-1.97513733427006,22.24,14.75,14,15,15.89,5.01,2,2,4,0
"1076","TRINITY_DN16987_c0_g1",1.10008321680377,1.81975636071564,6.37979879608771,3.77734356499846e-05,0.00143937891009033,2.56569971120902,74,60,61,60,79.05,171.12,158,114,145.1,116
"1077","TRINITY_DN17002_c0_g1",1.06992538302182,1.13391775019321,3.3756036769269,0.00563160790739433,0.0350382308553268,-2.27158434817613,23,53,63,23,77,101,86,77,96,66
"1078","TRINITY_DN17009_c0_g1",-1.39760085860252,0.295501016923034,-4.80294666444847,0.000451386279387476,0.00667604286554638,0.246246458004731,44.58,44.04,84.9,44.92,69.59,11.21,16.24,21.4,25.36,21.54
"1079","TRINITY_DN17018_c0_g1",1.07877836208262,4.59033798692349,12.2235882130492,4.66090675566942e-08,3.66229273356233e-05,9.11636334523413,428.68,437.95,472.9,438.23,474.39,995.06,913.89,1034.23,1022.06,765.07
"1080","TRINITY_DN17018_c0_g3",1.14380721689318,6.87797508759627,14.213033406968,8.7306653806073e-09,1.35486830708954e-05,10.7549882627372,1989.13,2053.98,2141.04,2282.31,2334.19,5450.74,4380.97,4520.02,5114.67,4243.12
"1081","TRINITY_DN17028_c2_g1",1.35549310685004,-0.653091293278958,4.03501692059475,0.00170772017902771,0.0160007580970514,-0.96270170050721,21.54,13.5,6.62,8.18,12.81,20.57,25.28,19.8,34.66,30.26
"1082","TRINITY_DN17030_c1_g3",1.136034459892,-0.877017058230032,3.71253228828093,0.00304679406411883,0.0234706744522353,-1.47445230507216,8.4,7.93,12.58,14.04,14.45,19.1,15.18,22.45,23.74,18.71
"1083","TRINITY_DN17031_c1_g1",3.00518554253487,1.28850190706012,8.74559889814169,1.67747671744989e-06,0.000253969975021914,5.43034661353681,17,20.6,21,21.07,55.06,147.49,241.7,156.76,198.78,209.23
"1084","TRINITY_DN17031_c3_g1",-1.59235709538987,1.08304018321654,-5.91545641530519,7.56432671396992e-05,0.00218083621560443,1.9243617822341,108.44,118.23,104.64,94.37,86.35,22.87,20.43,20.49,75.54,35
"1085","TRINITY_DN17038_c1_g1",-1.52302987140881,3.33191094587484,-6.81802680438336,2.01450054500434e-05,0.000992445292306346,3.06799053431363,637.59,416.19,462.28,367.22,490.63,172.24,139.49,127.33,344.61,91.92
"1086","TRINITY_DN17038_c1_g2",-1.67490772736628,1.41269935337903,-6.78515441957591,2.1099198530229e-05,0.00101370870709399,3.14458397757693,175.32,129.76,102.54,125.86,131.42,39.52,23.07,50.89,70.67,21.95
"1087","TRINITY_DN17043_c1_g1",-3.01813269925094,-2.24771306935786,-3.86633304010602,0.00230876461521558,0.0194807619408556,-1.85053151655944,19.24,15.39,19.29,9.46,27,6.32,0,2.07,0,2.06
"1088","TRINITY_DN17047_c0_g1",-1.03952253813368,0.0286688091482488,-3.27212273325756,0.00681050959756365,0.0396879058166697,-2.28827552571081,56.87,36.22,40.05,26.59,50.66,8.73,17.8,12.76,30.64,26.33
"1089","TRINITY_DN17053_c0_g2",-2.47091215501242,0.533027930195193,-5.06543072196945,0.000291561616544128,0.00506107264691281,0.656155752811939,114,182,69,57,81,13,31,5,24,15
"1090","TRINITY_DN17056_c0_g1",-1.66736018174109,0.944469089172899,-5.14603597321541,0.000255430066865887,0.00465297261411645,0.762793493082939,171.96,67.13,82.67,85.34,93.6,40.85,15.11,26.02,53.05,14.96
"1091","TRINITY_DN17084_c0_g1",1.2116609547702,-0.156078577281147,3.66143608337104,0.00334245767634486,0.0248976071563363,-1.6021161358999,13,24.25,20,20,12,42,19,38,33,47
"1092","TRINITY_DN1709_c1_g1",1.03631429689898,5.6227227025609,11.6166988187941,8.14676391867698e-08,5.37981088816973e-05,8.51936773878785,990.34,847.31,902.21,929.3,1030.37,2095.77,1806.86,2098.54,1983.18,1544.52
"1093","TRINITY_DN1709_c4_g1",-1.15638444357505,3.9668444029416,-4.83488705821404,0.000427790213335735,0.00645442994941632,-0.157458162038516,769.92,668.78,431.93,703.14,694.5,224.74,154.39,305.5,500.24,325.76
"1094","TRINITY_DN17095_c0_g1",2.40099938750809,0.399162109133442,8.02282712838135,4.05276188150878e-06,0.000412564830054764,4.46729159297032,17,16,11,14,29,101,98,73,78,59
"1095","TRINITY_DN17105_c0_g1",-1.08183511280234,0.637536273404118,-4.0467673367136,0.00167240865393073,0.0158042410769128,-1.0274147120199,85,55,52,44,91,22,21,24,56,21
"1096","TRINITY_DN17131_c2_g1",1.12496198863538,1.26872587706995,4.93780349592512,0.00036017239096792,0.00580194110397718,0.395380175709318,41.13,48.13,60.64,37.93,44.62,73.32,90.52,79.85,169.88,80.73
"1097","TRINITY_DN17139_c0_g1",1.46650228222527,-0.0168246715252223,4.32572298776131,0.00102310712328143,0.0113387522889791,-0.507090614844032,26,7,24,22,16,38,51,41,48,36
"1098","TRINITY_DN17147_c0_g1",-1.34537205061648,1.80127510285899,-6.52658955766487,3.05141349469382e-05,0.00127208489771407,2.77912652639754,210.64,148.73,127.37,121.26,160.86,54.59,60.37,64.76,82.85,33.28
"1099","TRINITY_DN17152_c0_g3",1.16171991926419,1.28102247927373,3.89533058286993,0.00219167745813463,0.0188455723142054,-1.37404952003503,63.24,47.54,28.11,28.01,76.02,63.17,85,108.84,116.55,126.13
"1100","TRINITY_DN1718_c2_g1",2.1787867920608,-1.27661775972517,3.54060848816608,0.00416429113555894,0.0287860825030696,-1.82368156894604,7,5.03,17,9,2,33,25.03,16,25,14
"1101","TRINITY_DN17208_c0_g1",1.32483150721708,-0.436909857747575,4.19005562280523,0.00129785271840986,0.0133372260319252,-0.714429543763816,16.49,13.45,13.78,12.99,11.68,43.32,37.43,28.32,25.08,19.32
"1102","TRINITY_DN1721_c0_g1",1.07080535227172,2.45974214286426,8.92602538515267,1.35744277471587e-06,0.000225903224658748,5.80545278522068,106.57,91.86,111.56,89.1,122.92,251.82,197.87,198.87,232.87,201.69
"1103","TRINITY_DN17210_c0_g1",1.22903032853982,1.77869142383289,4.95213558186084,0.000351685964647457,0.00572379511524023,0.364000539886734,50,49,62,77,80,196.16,134,146,107.87,137.11
"1104","TRINITY_DN1723_c2_g2",-1.30279442109871,0.860179662073731,-3.22951052149614,0.00736597455885013,0.0417335366662425,-2.4760100091599,57.93,134.43,55.95,63.99,115.64,60.1,14.62,29.37,49.76,13.91
"1105","TRINITY_DN17238_c0_g2",-1.51657137400501,0.91301152979334,-4.90298199677812,0.000381699191699239,0.00600449886949466,0.375796643887726,103.5,109.03,94.64,54.32,84.16,12.76,31.85,23.98,43.88,40.93
"1106","TRINITY_DN17246_c0_g1",-1.14409168547103,3.32225781073997,-7.49001734056011,8.06010661635983e-06,0.000581373092756858,3.99168279735108,321.3,460.91,441.3,367.69,444.63,209.66,176.81,169.77,245.25,123.89
"1107","TRINITY_DN17253_c2_g1",-1.50593591308934,-0.135223097558355,-3.33380009054776,0.00608068689999074,0.0368894212890955,-2.14217246869109,58,40,45,22,70,6,6,21,44,7
"1108","TRINITY_DN17262_c0_g1",1.15749228837196,-0.316078462056485,4.2090411055661,0.00125519637644138,0.0130554724985292,-0.687196385648538,11,19,17,15,18,22,29,32,38,32
"1109","TRINITY_DN17264_c0_g1",1.14123430994324,1.69649411221537,5.85556759946997,8.29106037512228e-05,0.00229593920383951,1.80080288236605,51,50,82,54,72,149,143,137,128,96
"1110","TRINITY_DN1728_c3_g1",3.09751576222138,-0.181090315567208,5.92152949177853,7.4944958941677e-05,0.002170850854571,1.62735836662486,13.43,4.11,9.09,9.81,12.58,83.88,33.4,62.45,147.77,50.45
"1111","TRINITY_DN17280_c0_g1",1.16941491547011,1.68147214730461,5.76667897164062,9.5091782615231e-05,0.0024895517984217,1.66732936552147,52.69,64.49,77.39,48.39,57.25,136.78,167.48,108.27,133.07,108.22
"1112","TRINITY_DN17282_c0_g1",-1.63624518298609,3.24382970020034,-4.55937399514116,0.000682843633852829,0.00867695628682996,-0.508836984484334,478.07,464.78,239.83,455.17,743.66,122.94,170.14,193.55,85.42,192.82
"1113","TRINITY_DN17287_c1_g1",1.11644792511943,0.708307539011572,5.00021673052131,0.00032471692662436,0.0054305657722665,0.539214461220602,33,25,44,28,30,76,71,66,57,50
"1114","TRINITY_DN17294_c1_g1",1.12171335653623,0.726164268310633,3.37533679993744,0.00563436534591775,0.0350475966145343,-2.20734843004147,21.35,35.79,39.04,30.63,38.69,84.82,26.01,63.44,124.21,52.92
"1115","TRINITY_DN17294_c2_g1",-1.85309834981629,-0.860626667212145,-5.21115353406103,0.000229690037091334,0.00434555908637838,0.627320090909508,28.51,28.87,32.9,29.79,27.47,4,9,3.05,10,9
"1116","TRINITY_DN17294_c3_g1",-2.64444598871685,-1.2443298402167,-3.73836604833489,0.00290766064078526,0.0227489446201291,-1.62086882485096,71,27,22,26,21,4,1,2,5,7
"1117","TRINITY_DN17296_c1_g2",1.44750964438154,1.40254550289198,5.62954347650863,0.000117742629527622,0.00285745499336853,1.48129841756188,43.99,66,63.99,26.62,37,93,92.01,156.95,170.99,90.21
"1118","TRINITY_DN17298_c1_g1",1.90002103382022,-1.23778425865299,3.62398125757062,0.00357774613277533,0.0261149749875173,-1.67551064795267,13,3,3,7,15,20,12,33,22,19
"1119","TRINITY_DN173_c1_g1",-1.11231602605906,1.8782648679316,-7.31555745520875,1.01690721472975e-05,0.000663446364782382,3.84776390300372,176.17,146.34,157.71,133.45,126.77,55.05,57.66,63.04,97.86,60.16
"1120","TRINITY_DN17303_c0_g1",1.10042057384336,0.242108550122604,3.37399779497656,0.00564822099125021,0.0351011857332462,-2.14188741922366,14.45,19.77,37.02,19.39,33.31,66.34,22.17,51.83,64.1,33.1
"1121","TRINITY_DN17305_c0_g2",-1.65434196354204,-1.09639018278041,-3.33970584602585,0.00601510269379136,0.0366527421826254,-2.06825564102812,27.15,31.19,12.25,26.16,25.65,6.07,2,5.01,5.03,14.93
"1122","TRINITY_DN17308_c0_g1",-1.12691013299326,1.54387405253242,-6.18402259550758,5.04396582241543e-05,0.00170913346891408,2.29833060401871,152.68,108.16,118.88,99.54,112.18,47.8,37.06,69.67,49.42,58.22
"1123","TRINITY_DN17320_c1_g1",-2.00998727996879,0.538387405189498,-5.80194645500657,9.00461550492029e-05,0.00240136466465195,1.75192784854314,98.93,61.25,126.56,43.01,102.11,23.02,13.03,15,36.01,9.63
"1124","TRINITY_DN17328_c0_g1",-1.63338580878869,-1.64861010571304,-3.52750312380986,0.00426505772501527,0.0292443602366727,-1.88753381051327,18.98,15.96,18.39,13,13.89,8,4,4,2,3
"1125","TRINITY_DN17345_c0_g1",-1.56134368176102,3.12076921192875,-5.51017097275932,0.000142115512658816,0.00322482654247344,1.10546343916385,522.9,466.85,237.31,331.28,550.84,98.53,112.75,145.08,148.79,195.77
"1126","TRINITY_DN17363_c0_g1",-5.77046373938371,-1.532189559841,-5.23756368793718,0.000220042521537541,0.00425246559212993,-0.518559730525601,65.44,41.8,89.67,80.49,90.32,0,0,0,0,31.87
"1127","TRINITY_DN17380_c0_g2",1.48429721519322,-0.539365608251867,4.29469801169844,0.0010800913493738,0.0117540450443895,-0.553849484858687,15,6,18,14,12,21,24,36,46,24
"1128","TRINITY_DN17381_c0_g1",1.04828934958574,4.19493481451767,7.09175008531071,1.3776959515923e-05,0.000797009305676985,3.3474231015626,383.08,336.03,300.96,437.39,292.95,645.36,734.11,806.14,838.07,545.18
"1129","TRINITY_DN17387_c0_g4",1.83865111172563,0.303361054473592,6.82428822082118,1.99685252456657e-05,0.000986413218341728,3.10437604072014,14.41,14.59,22.53,25.51,20.39,55.7,41.73,61.2,104.08,52.65
"1130","TRINITY_DN17388_c0_g1",-1.36931211357317,0.781248853455976,-3.36890768306077,0.00570120864234532,0.035292640423926,-2.21792553377993,46.77,78.37,97.14,80.1,93.75,29.29,21.6,81.2,20.9,12.34
"1131","TRINITY_DN17399_c0_g1",1.42639584094303,1.68891683419015,4.64888210818098,0.000585949395448037,0.00784899067178279,-0.127210140492555,36,49,89,79,43,94,145,128,231,136
"1132","TRINITY_DN17406_c0_g1",-2.10310645410795,-0.335344828663768,-4.60227001059657,0.000634473178337301,0.00826139552000147,-0.090607433951952,95.75,26.54,47.68,32.94,49.51,12.93,3.16,6.33,11.45,13.74
"1133","TRINITY_DN17413_c1_g1",2.83120283958845,-1.98463131295089,5.15132239683142,0.000253231334599678,0.00462916436617493,-0.651693884132775,2.97,2.51,5.01,2.83,3.01,16.48,15.36,13.67,20.08,16.97
"1134","TRINITY_DN17428_c0_g3",-3.83067538517212,-2.1145393808435,-3.34909671210724,0.0059122903891541,0.036182541024978,-2.39153541943656,30.63,31.74,18.92,40.35,13.85,0,0,35.08,1.77,0
"1135","TRINITY_DN17428_c1_g2",-1.21310479975643,-0.140354428244595,-4.31517969966594,0.0010421130513864,0.0114735944575664,-0.519941883475123,43.3,42.81,44.37,36.05,32.02,16.72,4.42,13.19,25.13,17.88
"1136","TRINITY_DN17429_c1_g1",-1.55279848640047,0.922906745281991,-7.2506282322687,1.10984164486621e-05,0.000700234659256454,3.72232420881484,121,77,100,70,87,41,20,21,44,21
"1137","TRINITY_DN17432_c0_g2",1.03250173986719,1.68055386536478,4.20020503048734,0.00127486520220001,0.0131754435749206,-0.903554142672933,61,45,100,47,71,116,157,148,140,75
"1138","TRINITY_DN17439_c2_g2",-2.84120387203582,-1.76765344968811,-3.97053713939827,0.00191569409577548,0.0172637496250181,-1.61691667789809,21.86,23.84,24.48,13,26.83,9,1.04,2.15,0,3.14
"1139","TRINITY_DN17441_c1_g1",-1.42523435559403,-1.4862766270579,-3.19361626559653,0.00786927104509607,0.0435712363619029,-2.30829765741344,19.81,16.49,15.32,9.48,23.08,4.31,5.42,5.73,2.33,6.43
"1140","TRINITY_DN17443_c0_g1",-1.19316410923661,0.197652396116625,-4.73375361905107,0.000507302947738029,0.00719121333132917,0.138593649950395,44.24,41.15,51.99,63.59,45.01,25.16,14.06,16.37,17.31,21
"1141","TRINITY_DN17450_c0_g2",2.13256941490379,0.114460870714464,3.80865225365079,0.0025612157649092,0.0208122669709352,-1.35892565327851,32.63,15,5,54.18,7,45.19,70.36,37.08,92.86,56.93
"1142","TRINITY_DN17459_c0_g3",-2.96267762597036,-2.38806869575179,-3.94495039378103,0.0020053209657602,0.0177876955742496,-1.77787361547572,13.25,15.53,14.72,18,16.76,3.95,4,0,2.11,0
"1143","TRINITY_DN17459_c5_g1",-1.45815963536197,-0.998686760657591,-3.55052100044225,0.00408969163388177,0.02849837432438,-1.73652689816125,31.13,13.76,31.73,15.72,34.91,7.2,2.42,7.96,9.14,7.45
"1144","TRINITY_DN17463_c0_g1",-2.04974133423451,0.218504514990428,-7.96206808940065,4.3760597801222e-06,0.000429551398040398,4.35172096054839,78.86,55.74,81.44,46.29,76.32,13.18,7.62,13.03,28.5,10.93
"1145","TRINITY_DN17468_c0_g1",1.91451554564652,3.33560133190196,9.7805444931626,5.19794486741329e-07,0.000138479497725241,6.74500157899983,160,124,94,188,160,602,441,537,497,578
"1146","TRINITY_DN17474_c1_g1",3.80293316379606,0.13037084827973,3.82793837461721,0.0024737874672506,0.0203522708074372,-1.29162421750657,38.19,38.07,0.09,75.68,0,98.19,88.43,89.64,160,85.03
"1147","TRINITY_DN17485_c0_g1",-1.4045072197604,-0.637974102786102,-3.97709678957178,0.00189338976800718,0.0171451898554745,-1.05614438158404,35,27,35,28,30,8,3,7,30,7
"1148","TRINITY_DN17494_c0_g1",-2.70715084292307,-1.12266233064655,-5.62511381901206,0.000118563264733883,0.0028717454621135,0.641669542817389,34.69,29.68,24.85,34.4,44.99,3.31,3.7,1.19,6.4,4.09
"1149","TRINITY_DN17510_c0_g1",-1.78839822206788,1.17793726999186,-4.25694937581832,0.00115390356459698,0.0123504853755409,-0.715598587945903,102.86,98.58,255.78,136.5,60.79,32.06,27.85,27.55,51.77,20.02
"1150","TRINITY_DN17528_c1_g1",1.40784842358571,1.69550942919914,6.27819187005977,4.38613391908707e-05,0.00157287623855235,2.42873609837932,59,64,35,60,64,133,157,143,129,149
"1151","TRINITY_DN17569_c0_g1",-3.0259509884306,2.46400522031645,-6.89287229325488,1.8139808396751e-05,0.000940384655135205,3.27953281648275,616.07,331.11,639.94,198,560.62,48.15,16.71,47.73,101.75,72.96
"1152","TRINITY_DN17571_c0_g1",-1.08929535936696,3.8244925113289,-5.37475725983017,0.000176354130685447,0.00370457066266276,0.771037463235241,848.05,536.95,414.68,445.49,671.32,270.93,270.74,226.62,383.95,191.98
"1153","TRINITY_DN17571_c0_g2",-1.27699930509254,0.806850040033573,-3.68503121997947,0.00320243291823227,0.0242631296187416,-1.66975988330698,113.25,92.41,59.62,38.85,95.43,21.76,34.91,24.64,59.98,15.53
"1154","TRINITY_DN17575_c0_g1",-1.84716619952721,-0.775395853735242,-5.68622650254626,0.00010775582472127,0.00270693446529669,1.26781629970138,44.41,34.48,27.23,25.61,26.73,8.45,7.45,5.7,7.33,5.2
"1155","TRINITY_DN17580_c0_g2",-1.91180249533336,-0.186685250679516,-3.51322729004776,0.00437766012422173,0.0297242260502012,-1.82357409614704,71.57,30.66,28.89,38.47,83.31,2.16,18.53,10.65,12.75,24.19
"1156","TRINITY_DN176_c0_g3",1.15572918231903,-1.38884297454242,3.08715487232641,0.00957549134372828,0.0494458904975118,-2.45467881393671,10.51,11.15,6.2,5.84,6.34,11.92,10.19,17.77,13.28,16.17
"1157","TRINITY_DN17604_c0_g4",1.75385414509266,-1.3434411023476,3.18459271536102,0.00800116744267609,0.0440149297976494,-2.32015396499153,6.63,2.89,8.55,8.82,10.75,31.62,22.71,14.15,17.76,9.97
"1158","TRINITY_DN17604_c2_g2",1.58164240391969,-0.29404488955473,5.50991133942098,0.000142173989471738,0.00322482654247344,1.26702526694584,13.91,18.2,9.5,13.36,15.7,49.34,26.24,45.99,36.59,26.05
"1159","TRINITY_DN17605_c0_g1",-1.23924154684735,1.91011613224077,-4.47049575264014,0.000795724865687905,0.00963593938991631,-0.463149450045571,215.47,121.33,101.64,137.24,256.33,53.32,52.94,61.61,96.12,63.23
"1160","TRINITY_DN17613_c0_g1",-1.53531209015891,-0.283161198994116,-3.49418356883437,0.00453260896677312,0.0304141323711824,-1.85556061970887,74.02,27.02,31,26,54.03,31,13,8,11,5
"1161","TRINITY_DN17618_c2_g1",1.50872565779408,0.554583899064804,5.49485402734301,0.000145609178278393,0.0032689128869631,1.30648089325166,29.31,21.51,22.52,13.28,45.93,71.82,47.73,68.7,61.97,82.11
"1162","TRINITY_DN17625_c0_g1",-1.56514650282928,1.06633636545932,-5.33374277022085,0.000188365215081977,0.00385258067907698,1.04805129176687,112,76,157,55,125,26,18,32,49,36
"1163","TRINITY_DN17655_c0_g1",-1.27862544871448,1.28873618237546,-5.71479611198497,0.000103065607381442,0.00262415689606055,1.61733167685145,147,86.05,100,90.11,110.01,34,23.68,42,80.02,35.49
"1164","TRINITY_DN17655_c0_g2",-1.24292181257307,1.60622865369909,-4.47577413970274,0.000788505473113493,0.0095765385908916,-0.410279213067363,191.26,111.27,144.24,84.37,134.68,43.59,28.17,46.48,126.18,44.61
"1165","TRINITY_DN1767_c5_g1",-1.03367632988974,5.61968938042517,-4.66791339291088,0.000567267976125665,0.00770347677751576,-0.651833189763095,2619.47,2957.87,1613.99,1533.19,1358.02,890.37,810.29,1016.49,942.03,974.38
"1166","TRINITY_DN1767_c56_g1",-2.63449756259074,1.1853500701402,-8.59581392242911,2.00480225958902e-06,0.000279828632937749,5.27024660479046,178,130.64,220.9,98.7,158.07,23.39,17,44.77,15.81,22
"1167","TRINITY_DN17670_c3_g1",1.11017607284701,-0.830535980113513,3.36787224840312,0.00571204908116756,0.0353227470277341,-2.0281091336412,10.05,16.93,6.16,11.55,15,20.13,18.03,20.42,19.53,22.96
"1168","TRINITY_DN17672_c1_g1",-1.19265532568081,1.62994564460313,-5.66973349794783,0.000110565787497841,0.00275080588903446,1.5247410131111,129,92,160,148,123,73,52,57,60,32
"1169","TRINITY_DN17675_c0_g2",1.12474826320436,0.29196720310319,4.17740765835607,0.00132710250794699,0.0135357477946601,-0.775151999823901,23.21,24.66,31.48,20.78,20.5,28.73,35.92,55.33,75.78,48.68
"1170","TRINITY_DN1768_c0_g1",-1.75356853555179,-1.50300735085781,-3.95191662493424,0.00198049850350575,0.0176330269802949,-1.28459656464867,25.61,17.34,15.45,16.3,17.35,6.15,2.12,5.19,2.02,5.09
"1171","TRINITY_DN1768_c0_g2",1.74376897216533,1.94897733573273,7.16609301306826,1.24465371801397e-05,0.00075355689827039,3.6514106890598,67.6,53,37,87.01,63.01,261.68,165.86,172.67,245.69,127.72
"1172","TRINITY_DN17685_c0_g3",-2.40105447229896,-1.69297412023527,-4.5182898875641,0.000732789173824307,0.00909379351778689,-0.881348500040589,16.11,19.5,21.11,20.06,24.62,4.96,0.97,2.13,2.01,4.19
"1173","TRINITY_DN17690_c0_g1",-1.32883398401739,2.59345033428754,-5.94182105591573,7.26608740307348e-05,0.00213296056926977,1.84805845684312,348.03,179.04,228.31,248.25,335.02,123.6,53.31,131.4,138.91,83.19
"1174","TRINITY_DN17700_c1_g3",-1.11399013644143,-0.286110649267326,-3.9015710655818,0.00216729010401972,0.0186980355687172,-1.18917238114308,56.6,30.47,41.7,20.12,30.09,15.74,9.37,15.54,14.16,12.54
"1175","TRINITY_DN17727_c1_g1",-1.41478454459226,2.76840237594517,-5.53465613745497,0.000136713317991749,0.00315486947292302,1.18996649810678,404.13,301.41,262.99,208.41,382.03,110.15,51.35,104.33,225.46,116.82
"1176","TRINITY_DN17730_c1_g2",-1.58480554462128,-0.708092273632281,-3.49370830740907,0.00453654667740807,0.0304269690387281,-1.82202990754807,34.54,14.72,56.45,25.07,34.22,6.54,3.06,9.73,11.77,11.27
"1177","TRINITY_DN17734_c0_g2",-3.73504743061126,-2.4827574001337,-5.07802576552695,0.000285578947322178,0.00499224339238483,-0.719403903116195,14.95,23.97,14.44,18,25.89,1.03,1.05,1.21,0,0
"1178","TRINITY_DN17749_c0_g1",-1.75559570204043,-1.26447961359549,-3.77184619508838,0.00273699618068652,0.0218073845881806,-1.45359753170126,31.11,21.3,14.93,16.46,24.41,5.51,9.78,4.37,2.18,5.67
"1179","TRINITY_DN17751_c0_g1",-1.3883339743739,0.221047834116563,-3.97582141396039,0.00189770523755177,0.0171674139055263,-1.10238584460416,56.16,33.68,47.14,42.23,102.11,11.16,21.25,25.94,20.99,13.11
"1180","TRINITY_DN17752_c0_g1",-1.15864002651477,0.9656400558705,-3.68313865177564,0.00321343910376663,0.0243138735893722,-1.69761977719684,106.09,62.02,127.87,65.63,63.04,20.71,18.75,53.62,62.93,28.37
"1181","TRINITY_DN17753_c0_g1",5.20083445244237,-1.71087575496834,4.5769677717043,0.000662554454105466,0.00851851805802458,-1.10671632733296,2.74,0,0,19.98,0,63.99,18.51,61.92,87.63,34.38
"1182","TRINITY_DN17774_c0_g1",-1.08433655062757,5.20612367819058,-6.44090442072389,3.45502299988123e-05,0.00136952169664513,2.29262044364416,1349.99,1345.91,1726.23,1414.07,1512.54,820.65,714.66,466.21,651.15,848.4
"1183","TRINITY_DN17815_c0_g2",-1.47965509261047,0.626620932918524,-3.24363317194055,0.00717698042700783,0.0410149036113132,-2.41246084118117,149.89,100.02,58.01,30.91,61.83,28.12,30.51,9.16,36.01,22.3
"1184","TRINITY_DN17822_c0_g1",-1.21316705785282,-0.94544587788236,-3.68398098793429,0.0032085357353221,0.0242915779039376,-1.5226060108026,26.78,24.41,22.2,20.31,19.5,8.08,8.26,3.05,12,9.37
"1185","TRINITY_DN17843_c3_g1",1.63829286303944,0.331849189713947,3.50273065022755,0.00446238536615878,0.0300954051737223,-1.91999635548924,24,22,8,50,18,106,67,52,41,41
"1186","TRINITY_DN17860_c1_g1",-1.96631906309759,1.73561071277003,-8.93971456506399,1.33599283758357e-06,0.000223532127763241,5.76086037402209,235.31,165.13,151.62,125.76,230.51,39.04,45.31,42.99,44.13,46.91
"1187","TRINITY_DN17861_c0_g1",1.3884777970447,-0.878216041487469,3.41618143083954,0.00522790765646482,0.0333590809896584,-1.9439563244336,9,6,15.99,17,8,28,27,20,19,17
"1188","TRINITY_DN17874_c0_g1",1.25533116529196,-0.990467053713893,3.5050973308428,0.00444313739717073,0.0300079763673132,-1.80310238367239,16,13,10,6,7,27,17,21,23,11
"1189","TRINITY_DN17875_c0_g1",1.38037118201948,0.47716327943273,3.4888895123439,0.00457666966137691,0.0306133145396197,-1.96832415267126,27.55,9.1,24.33,32.49,48.81,83.72,29.95,77.59,78.77,42.28
"1190","TRINITY_DN17887_c1_g1",2.15754311007588,1.55791891449901,5.45111188659896,0.000156094918865585,0.00342625035136575,1.20536966055266,47.09,38.65,14.11,80.99,46,264.93,117.43,150.04,144.64,184.37
"1191","TRINITY_DN17893_c5_g1",2.10474779667868,-1.33774248980141,3.15955051615005,0.0083790057790537,0.0453143757387158,-2.36998783573568,3.47,4.96,5.76,5.08,15,38.2,5.9,20.11,22,27.69
"1192","TRINITY_DN17930_c5_g1",3.70113814144492,-1.83785424434451,4.63732101994245,0.000597611063595589,0.00794993266917568,-1.07539660988226,1.23,3,10.13,3.21,1.05,24.52,35.98,20.06,35.36,16.02
"1193","TRINITY_DN1794_c0_g1",-1.13571997628195,2.42402912287246,-5.65935898388966,0.000112372950742343,0.00278003895819907,1.42499096807001,214.95,210.19,166.7,199.06,305.1,107.16,67.61,104.99,91.65,117.27
"1194","TRINITY_DN17945_c0_g1",-2.65359120098254,0.777593145057534,-8.21077688305187,3.20461745443383e-06,0.000361022547852133,4.75209924875175,138.5,95.48,83.87,126.73,165.08,23.52,12,19.07,27.38,7.08
"1195","TRINITY_DN17957_c1_g1",-4.63384840864197,-1.8137808270414,-5.37979428303466,0.000174935719738219,0.00368475054870384,-0.428943384545262,64.35,22.12,40.59,39.95,42.89,2.5,0,0,1.67,2.24
"1196","TRINITY_DN17959_c0_g3",-1.36131962912249,0.591260732533582,-3.28661339610468,0.00663143528981847,0.0389921108440079,-2.33521170287757,83.24,56.65,79.74,34.37,94.79,45.82,27.7,6.26,30.19,28.84
"1197","TRINITY_DN1796_c0_g1",-1.45423586951494,4.49472241256881,-16.2905781896329,1.87522787187778e-09,4.99227088707577e-06,12.2379114509659,1137,964,1068,929,992,390,304,336,423,401
"1198","TRINITY_DN17967_c0_g2",-2.3628594350297,-1.5077965579339,-3.09695704901805,0.00940393570175201,0.0489017261247009,-2.50913926276306,28,27,32.01,10,23.06,12.02,4,0,5,4.01
"1199","TRINITY_DN17969_c0_g2",1.41384827444355,0.71884407524251,3.72154495128351,0.00299749422884661,0.0232051542279915,-1.59359702344471,34,24,28,31,26,111,112,74,42,48
"1200","TRINITY_DN17974_c4_g1",-1.52624100786,-0.372319525845707,-3.97693415768384,0.00189393949873855,0.0171476663425754,-1.05518571959224,23.5,29.93,44.27,52.21,44.78,19.57,5.81,9.75,10.66,10.48
"1201","TRINITY_DN17977_c0_g1",1.40967177099205,-0.651218067344274,3.27446465606315,0.00678124007794046,0.0395767860660094,-2.1876929319301,5.12,23.38,14.4,9.94,12.55,15.08,21.24,30.83,34.5,31.53
"1202","TRINITY_DN17980_c0_g2",1.36443111221466,3.87553415980681,5.72797631497983,0.000100975105517832,0.00258364744431737,1.34140320349637,250.81,238.91,190.57,284.36,279.33,787.54,744.62,493.21,489.76,741.62
"1203","TRINITY_DN17992_c0_g1",-1.87263415703687,2.86470708481329,-8.20411557841114,3.23118189711764e-06,0.000363355770075508,4.95085051121284,522.64,344.26,386.12,286.39,394.11,93.42,57.35,77.48,214.65,110.87
"1204","TRINITY_DN17992_c0_g2",-1.6043334577633,0.197406124086289,-6.21643693554516,4.80642631753943e-05,0.00165658670127837,2.30452837811088,75.62,62,56.41,34.73,55.91,21.9,11,10.65,21.68,18.08
"1205","TRINITY_DN17992_c0_g3",-1.36697058303639,0.887535081519842,-6.46866693415441,3.3183642889706e-05,0.00133409420254897,2.70350536669947,106.81,72.54,96.34,70.44,71.36,31.53,20.14,32.82,49.96,18.16
"1206","TRINITY_DN17997_c0_g1",-1.02799358254499,1.1977881601797,-4.93527910379556,0.000361689287149275,0.00581442352217571,0.398363000494073,93,92.41,110.91,63.15,95.23,35.39,36.04,28.78,56.49,56.59
"1207","TRINITY_DN18017_c0_g1",-1.09786405167853,0.429347940031345,-4.70104607206533,0.000536215930997772,0.00744840964628709,0.076291869044069,55.68,44.31,49.22,61.93,65.99,23.63,26.04,29.48,22.41,15.32
"1208","TRINITY_DN18059_c0_g1",-1.10096353965242,0.292551909265829,-3.91878947471551,0.00210144258513412,0.018329746752651,-1.20982956107106,87.8,46.65,47.26,28.12,54.96,23.44,18.66,14.82,31.5,18.39
"1209","TRINITY_DN18062_c0_g1",-2.16294479979614,-1.8090599965175,-3.76252860232928,0.0027834323068355,0.0220493589860269,-1.73688896107558,14,20,20,16,16,5,1,1,2,8
"1210","TRINITY_DN18066_c1_g3",1.47370887461694,-0.215033193442852,3.57084877155464,0.00394095045902203,0.027827386963182,-1.74323093091515,19.34,17.04,7.8,22.61,14.77,49.72,21.2,25.62,86.62,23.01
"1211","TRINITY_DN18083_c0_g1",-1.10815396606396,2.52252043355954,-6.64390799450357,2.57823935803233e-05,0.00114499572421758,2.89289996085514,206.72,196.01,249.09,219.86,291.7,129.23,67.62,105.17,162.7,76.53
"1212","TRINITY_DN18086_c0_g1",-1.2815840481939,2.83184043612544,-8.39889537773703,2.54327126672562e-06,0.000323506189776079,5.18429771397544,371,210.51,344.58,271,328,133,113,104,140.14,125
"1213","TRINITY_DN18091_c0_g1",1.29770295580458,-0.144007290794715,4.26256825686092,0.00114259275822971,0.0122517365476509,-0.605980481396498,14,18,12,25,18,50,35,42,36,22
"1214","TRINITY_DN18097_c2_g1",1.14583823955284,-0.297995765333723,3.86821187794809,0.00230098639168936,0.0194381368097068,-1.24497453075121,24.26,10.23,27.02,11.99,12.43,31.42,24.47,26.78,49.98,25.6
"1215","TRINITY_DN18105_c0_g1",2.39087825131889,-2.03252774604075,3.83524716383147,0.00244146297402781,0.0201826305300043,-1.82298252765658,4,1,8,6,3,15,13,13,16,11
"1216","TRINITY_DN18124_c0_g1",-1.20717779986116,2.26112098461961,-5.92727084597751,7.4291073649394e-05,0.00216228906549643,1.86002890587314,273,170,176,189,191,118,48,99,79,89
"1217","TRINITY_DN18134_c3_g1",-1.44374963770955,-0.63060025897878,-3.93980339794394,0.00202386716367705,0.017870487954209,-1.1133648855597,52.02,21.04,34.46,25.77,23.97,13.4,12.95,7.08,8.94,5.51
"1218","TRINITY_DN18137_c0_g1",1.47768414949867,-0.606276276370152,5.26351291638153,0.00021097828776209,0.00413392242252019,0.8582181623137,16,15,9,9,11,39,20,23,35,24
"1219","TRINITY_DN1814_c2_g2",1.45528351591274,-0.14534011935076,3.11048284459828,0.00917227047511712,0.0480350558906961,-2.53146833447793,29.98,20.7,21.29,15.01,5.55,21.01,35.05,32.1,69.1,46.4
"1220","TRINITY_DN1814_c3_g1",1.83724090201674,-0.67682035772552,4.71056703739168,0.000527625750057758,0.00735996422676073,0.0262926365071889,18.13,4.5,7.91,10.83,13.17,25.33,27.59,21.84,48.68,32.02
"1221","TRINITY_DN1814_c5_g1",1.73118807598036,-0.17907757094994,5.8313049095253,8.6062166600667e-05,0.00234410834996481,1.72106794414753,11.32,16.28,20.47,13.28,11.29,57.21,29.85,44.6,37.18,41.39
"1222","TRINITY_DN18145_c0_g1",-1.08127118754879,1.26463191479153,-3.41608580663152,0.00522882356934338,0.0333614959649934,-2.21836683458096,56.01,114.02,155,110.99,79,46.3,35,32,59,42.01
"1223","TRINITY_DN18146_c0_g2",-2.11880714838927,-0.596578049199517,-4.80468374158516,0.000450068567732256,0.00666608357752614,0.141858989030054,68,40.14,23,37,36,13.02,4.75,7,7.01,5
"1224","TRINITY_DN18147_c0_g2",-1.00030143107034,0.953152469897756,-3.34681802583447,0.00593707269357282,0.0363091478207724,-2.29204338988972,115.37,76.89,100.33,36.65,73.83,40.91,26,25.86,67.27,26.35
"1225","TRINITY_DN1816_c1_g1",1.10652085494206,3.9096942418075,8.5064494738996,2.23223654870394e-06,0.00029671060283565,5.2425298668168,294.89,298.07,254.2,292.26,253.88,529.89,459.32,749.32,716.45,557.31
"1226","TRINITY_DN18171_c2_g1",-1.63019503163932,-0.410924835850526,-4.72465675899916,0.000515176804460642,0.00724771448658611,0.106498927416152,39.2,22.81,48.17,27.58,55.79,11.2,7.93,8.52,9.42,14.72
"1227","TRINITY_DN18177_c2_g1",-1.56624777632251,0.28666694876331,-3.63677690990425,0.00349551430734311,0.025687291951464,-1.68087331344821,90.25,69.7,41,30.55,86.63,14.78,6,12,49.99,23
"1228","TRINITY_DN18212_c0_g1",-1.62868876991904,-0.393854019929796,-4.73147745450594,0.000509261207272799,0.00720580811038334,0.118733467725271,49.96,31.07,41.64,23.14,45.59,13.41,19.69,10.14,9.2,4.13
"1229","TRINITY_DN18215_c1_g3",-1.6370967620913,0.0581262061567609,-5.36559522103448,0.000178965325152855,0.00373791843658759,1.09846151903362,67.24,60.9,57.79,25.62,56.8,15.36,13.7,16,21.51,7.11
"1230","TRINITY_DN18216_c1_g1",-1.18835996514349,0.19964367761067,-4.69090395111912,0.000545527708985374,0.00753182540203694,0.070500207549812,53.01,37,52,42,64,28,8,23,24,16
"1231","TRINITY_DN18227_c0_g3",1.71762792478212,-0.788924734664634,3.70647973732046,0.00308036830448853,0.0236237684868817,-1.48674655009104,6.66,11.92,8,10.76,12.3,13.09,20.87,28.31,33.66,44.49
"1232","TRINITY_DN18227_c1_g1",-1.68074586594662,-0.940896337055748,-4.0997773657916,0.00152225405411783,0.0148526246707498,-0.915811296237115,38.89,23.11,16.44,26.69,34.81,4.38,2.31,8.8,11.23,6.96
"1233","TRINITY_DN18229_c0_g2",-2.18474565252603,0.430207455134203,-5.65422467111315,0.00011327884087402,0.00279478170445705,1.53223228268408,46,98,80,98,86,11,25,13,14,18
"1234","TRINITY_DN18264_c0_g1",-1.17431177465307,2.3701259423791,-4.13146567672074,0.00143922856292232,0.0143308748499904,-1.13051300120717,326.54,156.66,187.29,142.3,287.48,84.12,48.55,122.91,91.48,139.48
"1235","TRINITY_DN18286_c0_g1",-1.3415358166634,0.53648437748688,-4.55642398697347,0.00068630861279431,0.00871561391787929,-0.162341441152913,105.81,56.07,65.37,42.49,66.71,27.25,12.49,22.43,49.96,13.44
"1236","TRINITY_DN18332_c0_g1",3.63182121352072,-2.30819221232561,4.20042403722086,0.00127437385408542,0.0131754435749206,-1.50629456501558,5,4,3,0,0,35,18,10,19,13
"1237","TRINITY_DN18346_c0_g1",1.38983068271093,0.313094616741416,5.75640367356369,9.66175120174645e-05,0.00251169375871405,1.68353282225689,30.07,23.01,23.85,10.03,29.06,62.9,41.45,58.27,64.59,39.33
"1238","TRINITY_DN18355_c0_g2",-1.09186469199329,0.460442348858928,-3.86945283971111,0.0022958637298473,0.0194186462960269,-1.31108497157146,79.03,48.42,42.3,42.29,80.72,28.87,12.14,31.42,37.6,15.08
"1239","TRINITY_DN18373_c0_g1",-1.24527236553552,-0.195550266557986,-4.46917449739811,0.00079754274588435,0.00964756404214453,-0.272665682977536,53.52,24.04,51.08,31,37,12,10.02,13,18.03,16.03
"1240","TRINITY_DN18375_c0_g1",2.80347434935045,-0.783262755959515,3.57658553596655,0.00389998251297006,0.0276261000239762,-1.72839107382196,4,8,13,5,7,56,12,51,32,80
"1241","TRINITY_DN18393_c0_g1",-1.4490798595026,0.063220339679353,-3.69156368361531,0.00316473965345363,0.0240774665091899,-1.56573455511009,67.52,50.92,24.97,33.88,84.17,22.39,19.45,13.3,15.32,9.65
"1242","TRINITY_DN18401_c0_g1",-1.11306068081161,1.2531725337087,-4.40909190670307,0.000884956697908057,0.0103237741150056,-0.481298896275368,109,86,86,76,132,79,22,47,38,39
"1243","TRINITY_DN18404_c0_g1",1.65227116782324,-1.30298520921633,3.45116668884685,0.00490352916573151,0.0319896657313314,-1.92363137537697,14,5,16,2,6,25,11,18,20,18.19
"1244","TRINITY_DN1841_c0_g5",1.11191473008672,5.18493175186873,11.408003650182,9.92852616602699e-08,6.1630333322996e-05,8.33568026123283,659,659,736,755,577,1349.01,1255,1546,1771,1274
"1245","TRINITY_DN18411_c0_g1",1.69685093117971,0.637513910471683,5.6621463539272,0.000111884363100458,0.00277384425855548,1.55452249689019,51.54,19.43,12,25.1,29.6,82.45,53.45,84.41,79.48,72.52
"1246","TRINITY_DN18422_c0_g1",-1.2728155013247,-0.53053313521673,-5.01347176367874,0.00031767059444593,0.00536719773533933,0.527091248770075,39,28,32,25,31,9,10,8,19,8
"1247","TRINITY_DN18430_c0_g1",1.17460664721318,-0.299104463751654,3.77160739685966,0.00273817628285562,0.021810542099574,-1.40399685225317,20.38,17.43,13.18,6.17,27.84,29.28,22.5,28.92,38.21,39.73
"1248","TRINITY_DN1845_c0_g1",1.51190137139894,3.89374986845505,8.97187450631856,1.28701870494459e-06,0.000218877805728029,5.80898172199379,224,234.56,374,154.38,248,806,471,694.34,813,653
"1249","TRINITY_DN18460_c0_g1",1.96592781760359,0.389489674836873,6.81283813215614,2.02925093477172e-05,0.000995527199621805,3.09918220466953,26,20,18.02,19,14.64,65.72,34,91.92,86.47,76.99
"1250","TRINITY_DN18508_c0_g1",-3.56353084580152,-0.999123529718893,-5.74537096643662,9.82845905968424e-05,0.00254031129511251,0.561549437884077,67,37,45,30,56,2,5,4,1,6
"1251","TRINITY_DN18516_c0_g1",-2.06153273454858,1.33489938847071,-7.10220808777491,1.35809714216483e-05,0.000791261155848119,3.55728427024768,241,120,98,130,146,38,26,32,45,20
"1252","TRINITY_DN18523_c0_g1",1.58986892811914,0.460010210139294,6.01031777547063,6.54801703835161e-05,0.001999319280072,2.04896499142021,34.69,12.82,16.72,22.6,35.48,69.57,55.04,51.82,85.94,54.9
"1253","TRINITY_DN18525_c0_g1",1.50422366301946,3.30747537750043,3.55590395601984,0.00404975401426019,0.0283441685287165,-2.32662485724955,143.56,134.01,177.03,209.11,151,1380.71,292,410.63,439.06,238.97
"1254","TRINITY_DN18527_c0_g1",-1.37882822308285,0.808235658694021,-5.08657068887644,0.000281593687155396,0.00495314438551546,0.673198929833356,94.98,78.07,56.35,65.78,100.73,16.39,29.09,43.8,34.26,20.68
"1255","TRINITY_DN18528_c0_g1",1.57296897904966,3.10566412596346,6.2530650775306,4.55222944419103e-05,0.00160645304444977,2.26294552069893,197.78,124.55,100.25,149.4,123.69,419.2,560.55,417.09,451.46,233.3
"1256","TRINITY_DN18534_c0_g1",-1.26621307768603,3.70900266439795,-4.85651723229888,0.000412547921243958,0.00630285495035625,-0.0792876547078158,686.8,576.78,484.95,330.51,791.09,228.45,113.38,311.86,241.91,311.68
"1257","TRINITY_DN1854_c0_g1",-1.32938555125264,2.23644914972261,-9.16218662436276,1.03396641948672e-06,0.000195083378490027,6.05861186778437,213,204,181,179,237,87,60,95,78,76
"1258","TRINITY_DN18553_c0_g1",2.2134740447682,-0.853979584247882,5.57774014242292,0.000127727612009745,0.00302428967063652,1.01486295425169,7,11,5,5,13.5,33.48,33.48,32.26,26,26.44
"1259","TRINITY_DN18557_c0_g1",1.06711037691669,0.0701077395572978,3.12344339491426,0.00895567209702587,0.0472888593520669,-2.5515398828191,29.12,20.15,20.78,18.08,17.01,84.5,34.02,41.8,31.27,23.16
"1260","TRINITY_DN18565_c1_g1",-1.67213896830538,0.127148028970234,-5.42463068381435,0.000162827823386634,0.00351438606011889,1.18914276764909,56.47,60.04,50.04,42.67,62.56,8.38,13.32,8.44,24.73,28.33
"1261","TRINITY_DN18567_c0_g1",1.19310309170122,-0.187900665406014,3.40137768812374,0.00537166282140164,0.0339829390517413,-2.03800256462899,26.62,7,24.4,13.93,21.19,42.76,22.76,24.61,44.92,41.63
"1262","TRINITY_DN18575_c1_g1",-4.74173917849311,0.461263923680661,-4.93995079583382,0.000358887344261515,0.00579089498510249,0.293376889217939,255.29,223.17,217.82,61.84,325.8,3.43,3.52,7.86,8.65,6.19
"1263","TRINITY_DN18576_c0_g1",1.42071837776456,0.444722493715874,3.20852769130229,0.00765610252421207,0.0427934696435337,-2.45107412747746,58.59,20.67,14.63,30.3,14.53,100.41,26.85,92.18,50.68,49.41
"1264","TRINITY_DN18584_c1_g2",-1.49625384765485,2.74224970698014,-6.90199461015974,1.79103589934333e-05,0.000934258507696118,3.24432294967461,438,275.14,209.06,283.38,353.18,92,115.99,118.97,115,93.42
"1265","TRINITY_DN18608_c0_g1",-3.13643691325305,0.728032825757391,-9.75998585674805,5.31518977401027e-07,0.00014043369713491,6.14366087552325,186.08,118.04,143.86,93.16,131.06,24.58,18,13.01,8.82,9.04
"1266","TRINITY_DN18614_c0_g1",-2.65440769050034,0.971511364610649,-7.74051311459032,5.80999153117673e-06,0.00049001279117699,4.27910808623418,140.41,131.94,202.02,68.19,161.94,13.91,19.26,14.6,36.79,18.06
"1267","TRINITY_DN18620_c0_g1",-1.24537698400059,0.358726474108329,-5.50802201069355,0.00014260028611901,0.00322939444018659,1.32418350299574,48,59,50,64,56,18,21,22,21,21
"1268","TRINITY_DN18621_c0_g1",-1.72943375810352,-0.558519201437546,-4.57925163142435,0.000659967251711161,0.00849757460749193,-0.141449632417903,38,50,26,24,45.7,10,2,12,12.26,10
"1269","TRINITY_DN18630_c0_g1",1.48324540328182,-0.141702686910026,3.95460206543664,0.0019710144964972,0.0175940111957963,-1.1077928489302,29.72,13.43,16.67,17.16,8.84,59.25,27,23.17,46,49.62
"1270","TRINITY_DN18630_c0_g2",-1.03907621985891,1.50168760088297,-3.31720953127535,0.00626883469826045,0.0375828190164062,-2.43704729645077,139.27,137.26,68.41,104.9,121.39,110.68,49.66,33.78,57.35,31.33
"1271","TRINITY_DN18634_c1_g1",-1.7600886368446,-0.451653845752868,-3.91574487026275,0.00211293395090111,0.0183953510369713,-1.15111574887879,58.2,34.44,21.42,39.74,51.06,13,8,8,21.26,2.23
"1272","TRINITY_DN18636_c0_g1",1.7631555878305,-0.375984560578371,3.7405336311843,0.0028962873822074,0.0226885591826277,-1.43651808038162,7.32,9.72,18.01,15.02,15.19,57.97,41.69,18.32,29.61,48.35
"1273","TRINITY_DN18637_c0_g1",-3.37262215563048,-1.92132170102914,-4.31000308366445,0.00105157876285752,0.0115410671485504,-1.38829024140392,35,23,16,23,28,1,6,4,1,0
"1274","TRINITY_DN18663_c0_g1",2.21771045403475,-0.700022785288976,4.9061673386862,0.000379675031910572,0.0059839544207441,0.249344319083518,14,11,3,10,9,20,39,33,47,34
"1275","TRINITY_DN18684_c0_g1",-1.13910263603613,0.268783519918137,-3.42110252694,0.0051809918084066,0.0332114131392121,-2.0604530873764,56.58,42.92,59.18,35.39,60.84,15.64,18.82,8.27,51.34,23.34
"1276","TRINITY_DN18694_c0_g1",1.91135213607798,0.276984727639115,6.04104791812887,6.25068252354429e-05,0.00194626114219559,2.0727567279516,23,25,16,17,13,96,41,60.25,95,35
"1277","TRINITY_DN18694_c0_g3",1.81906748321442,-1.00369012044161,3.79096358862636,0.00264419743484617,0.0212960939972237,-1.38298988807879,4,9,11.12,6.06,13,38.39,28.01,20,19,17
"1278","TRINITY_DN18697_c1_g1",-3.55692797274074,-1.72360918263633,-4.44426407935395,0.000832638890732767,0.00990707811066625,-1.24044266017332,45,17,28,24,40,3,1,2,0,3
"1279","TRINITY_DN187_c4_g1",3.12079988568767,-1.19346170469945,4.3087539389801,0.00105387625148307,0.0115539234253904,-0.943143742649208,11.37,9,1,11.82,2,33.14,37.16,19.92,52.14,24.07
"1280","TRINITY_DN187_c7_g1",2.64068469676064,-1.76137994675274,3.44811110762164,0.00493102477654751,0.0321090246739545,-2.16055150599772,6.19,3.83,0,9.1,7,12,10.6,16.01,33.19,22.96
"1281","TRINITY_DN18702_c0_g2",-2.34367824328109,1.94265671656923,-9.65141655094782,5.98338478059665e-07,0.000146264322080873,6.51360144988053,323,207,244,166,267.81,44,23,38,92,42
"1282","TRINITY_DN18702_c0_g3",-2.20870463598528,0.413348982387635,-7.08464832823653,1.39117691108603e-05,0.000798893764732215,3.41256067495514,115,64,101,64,69,14,9,20,34,7
"1283","TRINITY_DN18709_c0_g1",-1.50982023291437,1.53474269253234,-4.2379405578645,0.00119303832559574,0.0126230077634858,-0.802346243786765,211.27,147.92,71.06,122.76,152.63,66.41,20.63,30.71,62.33,59.74
"1284","TRINITY_DN18711_c0_g1",-1.16516741668025,-0.588540209473337,-3.57321218922455,0.00392401956079524,0.0277393907546753,-1.70794295083106,33.7,26.45,25.45,25.5,27.63,18.02,14.66,9.51,6.34,8.52
"1285","TRINITY_DN18714_c0_g1",2.07720885297502,1.49715146305478,5.44296188543653,0.000158135204316865,0.0034548413804824,1.19620706050082,50.49,36,19,41,59.64,225.19,240.02,125.01,155,86
"1286","TRINITY_DN18739_c0_g1",-2.08709731998086,3.49160915494499,-10.6059329476453,2.18692938803683e-07,8.67140366462846e-05,7.59562058805434,901.41,608.65,656.9,421.1,674.44,149.22,98.54,147.09,246.23,120.57
"1287","TRINITY_DN18744_c0_g1",-2.1168443661852,-0.862015828848388,-3.32062514267069,0.00622962272977185,0.0374561799038995,-2.097354339858,45,15,40,31,51,3,4,15,18,1
"1288","TRINITY_DN18746_c0_g1",-1.50724517938295,-0.551414757643164,-3.55402043453931,0.00406368285672743,0.0283827851020125,-1.73389068492898,52.2,44.13,26.35,19.53,27.14,21.34,4.27,8.28,6.09,13.73
"1289","TRINITY_DN18750_c2_g1",-1.19656416477711,1.09116216840994,-5.17618702974057,0.000243153569755502,0.00451674877829171,0.795718754077155,108.21,81.86,79.76,78.07,98.14,54.93,20.39,56.52,32.32,28.43
"1290","TRINITY_DN18783_c1_g1",2.05097601778028,-1.1691377945115,3.68810219068889,0.00318465595286907,0.0241756553281637,-1.57955904235838,4.05,4.39,14.67,4.29,11.74,17.93,10.05,28.03,47.13,21.34
"1291","TRINITY_DN18783_c3_g1",3.35203221760769,-2.18296152650436,4.68174153541903,0.000554085484692086,0.00759591483586055,-1.05703300542192,1.25,2.38,3.56,1.18,3.63,11.89,16.34,13.38,35.33,15.29
"1292","TRINITY_DN18785_c0_g1",-3.12544014425065,0.45218458215527,-4.60425443909926,0.000632324039872622,0.00825172538547619,-0.0608732417509614,53.26,151.42,141.33,169.51,108.45,17.88,10,2.8,40.62,4.95
"1293","TRINITY_DN18797_c0_g2",-1.24403869682102,2.00993816576632,-5.62822862745738,0.000117985588953351,0.00286199196900754,1.42576838426183,230.63,166.63,166.77,116.55,179.95,81.34,57.38,43,126.41,56.89
"1294","TRINITY_DN18815_c0_g1",-1.22423550587619,1.08294939548422,-5.59617774053357,0.000124074915360825,0.00296338064490491,1.44712816538441,109,72,102,63,112,35,22,45,59,25
"1295","TRINITY_DN18823_c0_g1",3.77527328458732,0.565702152728873,10.3175988793218,2.94028299070955e-07,0.000100837086389671,6.15633420937216,29.33,9.21,20.48,6.11,6.13,146.64,119.77,178.24,172.01,137.02
"1296","TRINITY_DN18841_c2_g1",-1.42691956606393,-1.00283193040872,-3.31967102852115,0.00624055107344415,0.0374819513626485,-2.09400197119919,36.3,26.21,20.09,10.58,29.69,13,5.42,5.35,5.45,6.71
"1297","TRINITY_DN18841_c2_g2",-1.22040130877426,-0.207224803791577,-3.36930829291834,0.00569702008251887,0.0352867569148137,-2.08601846947209,79,33,44,21,28,10,12,15,20,13
"1298","TRINITY_DN18849_c0_g1",2.35607933648427,-0.733340172252132,3.18679939711625,0.00796870798076695,0.0438908233538711,-2.30056050332182,5,9,10,9,9,11,52,33,39,67
"1299","TRINITY_DN18856_c0_g1",1.65936050057855,1.88560493649013,7.55767098394792,7.37269684570459e-06,0.00055272075362351,4.15948671983237,65,76,57,34,65,159,146,261,217,131
"1300","TRINITY_DN18859_c1_g2",1.37977322492294,0.00870360939009424,5.34279746312395,0.000185641279968105,0.00382078806788467,1.06799090861682,23.99,12.5,16.68,16.76,22.05,51,32.48,59.61,40.5,31.62
"1301","TRINITY_DN18862_c0_g1",-1.63215231511436,0.392510898698959,-5.75885570079115,9.6251083541513e-05,0.0025077261013663,1.68716120466923,57.9,67.9,56.77,65.33,79.87,16.25,7.25,16.51,42.35,19.26
"1302","TRINITY_DN18870_c1_g1",-2.46546148463338,-1.03133688895038,-5.24931670070127,0.00021588731764397,0.00420068774449141,0.402202706793648,40.92,27.35,30.52,41.76,26.06,1.75,4.4,3.77,8.88,4.39
"1303","TRINITY_DN18876_c0_g2",1.51463713908864,2.55713898397442,13.1508382194948,2.07665157388898e-08,2.18484864063703e-05,9.72396799921269,106.23,99.58,99.78,84.8,88.51,255.61,251.86,300.43,300.35,239.15
"1304","TRINITY_DN18877_c0_g1",1.14808386083911,-0.231932917802344,3.5415710118514,0.00415698685239938,0.0287638838341143,-1.79822567855521,17,23,14,14,17,27,14,40,63,30.4
"1305","TRINITY_DN18879_c0_g1",1.07438316855643,0.471646369366072,3.25687761183149,0.00700419468682148,0.0403797880000809,-2.37775823434953,20.91,28.04,39.81,29.27,23.78,92.08,37.8,54,76.66,24.38
"1306","TRINITY_DN18891_c0_g1",1.80380609876553,-0.141759601749776,5.37950506792971,0.000175016835330007,0.00368520862831577,1.09563283010533,10.43,11.86,26.66,13.33,13.32,51.28,38.65,60.79,36.21,36.94
"1307","TRINITY_DN18907_c0_g1",1.54535720549051,-1.26361432347162,3.36720524156202,0.0057190433643364,0.0353483916954912,-2.03300948950469,5,8,19,9,4,20,10,20,22,16
"1308","TRINITY_DN18911_c0_g1",-1.66952327444929,-0.772589526891672,-4.26441480381012,0.0011389008579257,0.0122205932333414,-0.637703463775771,43.22,18.16,22.17,28.26,44.31,6,5.01,9.06,10.06,6.05
"1309","TRINITY_DN18919_c0_g1",-1.48758833729282,0.546957118089633,-5.32802613960884,0.000190106633101584,0.00387288452351419,1.05553470323139,67.1,69.92,55.38,67.77,83.92,12.23,11.84,32.23,39.72,22.34
"1310","TRINITY_DN18927_c1_g4",1.17184077942434,-0.200796041662438,3.09791229291779,0.009387383284731,0.0488442942176355,-2.55335469657584,17,9,38.62,10,23.19,33,20,28,65,31.98
"1311","TRINITY_DN18936_c0_g1",1.83456337617935,-0.528102315388963,3.58569452334095,0.00383582498702329,0.0273778314642387,-1.67897482894677,11.27,29.25,11.36,2.79,13.66,47.51,20.61,44.02,57.41,15.31
"1312","TRINITY_DN18942_c0_g2",-1.52493356472836,0.361923896510166,-6.08640182243095,5.83773630570923e-05,0.0018698227215717,2.14731865401925,69.68,45.57,79.65,39.29,79.04,18.5,17.31,14.55,28.64,16.43
"1313","TRINITY_DN18961_c0_g1",2.28656084525055,-0.481028430923852,6.22437094380565,4.75011304925941e-05,0.0016490968535779,2.00476584677716,9.88,5.95,9.04,8.75,20.11,52.73,28.45,43.23,61.49,26.46
"1314","TRINITY_DN18968_c0_g1",-1.20767496830956,-0.43616041389792,-4.7353984038062,0.000505892792654526,0.00717942140174601,0.131860704435389,47,29,26,30,30,12,8,11,14,13
"1315","TRINITY_DN18976_c0_g3",-1.68412104895954,0.0634432939032703,-4.35641583250718,0.000969804228998952,0.010956843672284,-0.457345088670314,67.59,47.91,44.99,26.58,95.05,23.63,12.29,6.61,20.07,13.07
"1316","TRINITY_DN1898_c1_g1",-1.26692603911493,2.68843062914917,-5.99370147279268,6.7150063552497e-05,0.00203325346506236,1.91521551445687,262.62,251.21,397.6,190.65,297.64,114.85,58.08,114.31,189.03,108.96
"1317","TRINITY_DN1898_c3_g1",1.63110470142619,-1.48871630103773,3.82394502671393,0.0024916345865594,0.0204493109735944,-1.43275569694227,4.91,9.26,9.69,2.27,8.5,13,11.73,14,24.99,14.83
"1318","TRINITY_DN18991_c0_g1",-1.04138632196797,1.28206594426656,-5.08122038855326,0.000284082111983316,0.00497998108422829,0.626624245781948,111.49,91.81,87.23,73.22,115.65,39.1,40.2,64.47,37.18,43.12
"1319","TRINITY_DN18998_c0_g1",1.25329894960057,2.40464346181627,7.17919158196027,1.22266867025304e-05,0.000743349020933276,3.64630075097499,131.82,94,72,85.86,93,211.99,238.56,199,228.72,232.09
"1320","TRINITY_DN190_c3_g1",1.74093450661367,2.67242257924286,7.50690802511907,7.88229881515473e-06,0.000573605881186301,4.07151532310202,132.55,91.89,97.35,108.38,65.17,404.64,184.09,365.4,442.91,243.51
"1321","TRINITY_DN1900_c1_g2",1.04580110811283,1.25123643632318,4.80094651934012,0.000452908558199935,0.00667794524172126,0.171658355227338,51.05,38.17,44.45,53.86,48.95,89.39,49.32,110.88,140.69,82.52
"1322","TRINITY_DN1900_c5_g2",2.85132498031011,-2.44569057629764,3.57819605254334,0.00388855979244633,0.0275861097778644,-2.17288449064134,0,11.47,0,2.07,4.32,16.15,4.63,12.9,18.01,9.28
"1323","TRINITY_DN19048_c0_g1",-1.96761699483113,-1.63797946464649,-3.51902474583839,0.0043315705274841,0.0295081111636357,-1.92885155280682,20,15,17,18,18,3,2,9,1,7
"1324","TRINITY_DN19054_c0_g1",1.94200230429363,-0.420419302280522,3.54905827214061,0.00410061338103768,0.0285271611046486,-1.74059531775192,11,12.99,12,4.35,21,90,47,21,28.01,32.34
"1325","TRINITY_DN19055_c0_g1",-1.24019273866203,0.127401679052686,-4.0594114276,0.0016352541871047,0.0155732998481647,-0.956211058758345,81.16,52.36,43.35,23.58,50.32,23.41,11.67,15.86,24.48,14.19
"1326","TRINITY_DN19069_c2_g1",-2.14348469812071,-1.23770397606968,-3.94887010056937,0.00199131479065895,0.0176963313264658,-1.25852828340948,44.62,30,16,16,29,2,3,3,8,6.2
"1327","TRINITY_DN19082_c0_g1",1.03200232901877,0.425078589832595,3.97713344151044,0.00189326589933826,0.0171451898554745,-1.12625900797688,23.97,27.51,38.99,32.77,17.41,52.81,35.02,41.88,71.46,51.23
"1328","TRINITY_DN191_c10_g1",2.41570947923439,1.68822570373044,10.6132092263383,2.17084072145579e-07,8.67140366462846e-05,7.37055967382604,43.62,59.31,42.88,24.37,34.83,195.98,179,192.99,320.96,145.99
"1329","TRINITY_DN191_c2_g1",-1.02881502550693,2.60828545393975,-3.48690454390288,0.00459330226136275,0.0306948696923061,-2.33389724555155,357.86,244.87,235.49,196.7,188.83,136,77.5,71.78,295.54,76.24
"1330","TRINITY_DN191_c5_g1",-1.91911225528076,4.06000656839828,-7.40103451420327,9.0703632020701e-06,0.000620384226621407,3.81492816520867,893.26,650.61,1510.93,586.79,1045.88,241.17,119.82,248.96,309.93,291.38
"1331","TRINITY_DN19104_c0_g1",1.61129327580054,1.2424126392739,6.67847333964874,2.45422177070128e-05,0.00111770625234418,2.99854013334023,37,41,45,47,26,82,121,99,147,110
"1332","TRINITY_DN19106_c0_g1",1.04518310805365,0.358650609143872,3.46892897800771,0.00474675900776082,0.0312891917434156,-1.99315341709505,29.2,29,27.99,36.01,13.1,68.34,38.65,51.29,49.1,35.02
"1333","TRINITY_DN19124_c0_g1",-1.12596338192731,1.98404633946022,-5.12037814672377,0.000266390712686987,0.00478096544334957,0.615134257796734,231.19,167.59,157.18,100.91,164.2,78.66,44.34,78.56,116.57,50.99
"1334","TRINITY_DN19128_c0_g1",-1.40848320769996,-0.022355241918459,-4.78633877189973,0.000464190690882028,0.00677183853015534,0.22459625507478,72.47,44.92,45.79,36.68,35.07,13.95,7.49,19.2,27.64,9.89
"1335","TRINITY_DN19147_c0_g1",1.5904432610927,1.09823354172695,5.90599529105677,7.67449200552336e-05,0.00220447208121637,1.90972206481698,45,36,31,22,46,95,52,91,156,128
"1336","TRINITY_DN19158_c0_g1",-2.13413086160016,2.70973158479151,-4.36183931697489,0.00096069004021303,0.0108880543283154,-0.745581080283773,977.23,221.08,223.53,293.27,508.62,152.71,36.66,65.22,125,77.58
"1337","TRINITY_DN19162_c0_g4",-1.72976251522974,3.02581370751317,-7.70203782110888,6.10664654548218e-06,0.000504074438383325,4.30538839602236,333.86,367.19,650.18,390.42,330.13,152.2,136.57,115.5,112.33,91.41
"1338","TRINITY_DN19185_c0_g2",-1.56784598766054,-1.09562079542239,-3.55730976454604,0.00403938970906479,0.0283003472686781,-1.73834446559753,22.01,26.98,21,16.01,33,14,6,2,11,3
"1339","TRINITY_DN19186_c2_g1",-1.7124770871942,-0.792990041491251,-4.26194522914814,0.00114384121463248,0.0122566545066626,-0.647851699564768,31.24,18.36,39.95,22.96,43.76,3.92,6.62,6.2,13.91,7.21
"1340","TRINITY_DN19195_c1_g1",-1.5334688714839,-0.323993477314932,-3.14761109436565,0.0085654295211555,0.045920203319945,-2.42875419699437,36.07,39,40.01,46.99,32,35,22,3,15,3.97
"1341","TRINITY_DN192_c1_g4",-1.22459743310632,1.23958995369352,-5.08055098138816,0.000284395076971813,0.00498405985543431,0.632415272078491,109.55,101.67,102.74,73.45,116.93,48.92,14.81,40.84,67.36,42.97
"1342","TRINITY_DN19203_c0_g1",-1.1062249824314,2.76486039655627,-6.87621118700549,1.85670046350663e-05,0.000947024030991868,3.19981759015411,322.36,225.36,260.25,249.71,290.44,107.12,148.45,149.16,113.91,111.79
"1343","TRINITY_DN19209_c0_g1",-2.35010298885428,-0.262415744216198,-3.33964349993645,0.00601579129400305,0.0366532601593375,-2.07947891991153,77.82,91.39,65.56,54.98,16.34,7.97,9.9,5.19,15.14,5.99
"1344","TRINITY_DN19214_c0_g1",-1.29723561478507,0.865654210448797,-7.01363647078019,1.53398427422166e-05,0.000853230643709996,3.42259124765978,75.75,92.18,75.86,68.72,80.94,30.1,33.77,28.58,30.82,24.04
"1345","TRINITY_DN19216_c1_g1",1.51188995347626,-0.931549735805416,3.75549064504988,0.00281904361811786,0.0222576079306853,-1.41478532583662,5,17,11,5,15,20,19,18,37,19
"1346","TRINITY_DN19224_c0_g1",-1.78147320142705,-0.666957188221836,-3.7035901437896,0.00309653089468705,0.0236950269670616,-1.48944827143137,39.39,26.83,53.67,16.84,40,4,7,3,19,14
"1347","TRINITY_DN19228_c0_g1",-1.67887250440078,0.369445382653668,-7.16557692754398,1.24552852663824e-05,0.00075355689827039,3.53506766071626,62.37,65.74,70.45,46.6,78.97,25.41,11,12.44,21.48,21.83
"1348","TRINITY_DN19248_c0_g1",1.40823285603423,-1.03243873966304,3.23119674308345,0.00734314707814172,0.0416624490830464,-2.23262604802705,23,11,4,12,5,18,18,21,26,15
"1349","TRINITY_DN19255_c0_g1",-1.56408805959859,-0.321497813084931,-4.85043974119239,0.000416772191452819,0.00634397180290395,0.305170926686976,47,37,27,28,64,11,7,9,15,14
"1350","TRINITY_DN19271_c0_g1",2.43799643431293,-1.22878230321439,4.01074834732192,0.00178311254164096,0.0164566814761009,-1.20305300295736,7,7.99,6,3,6,16.86,31.4,28.73,49.59,12
"1351","TRINITY_DN19274_c0_g1",2.10604397969593,1.08969415968034,3.57533714625184,0.00390886041743352,0.0276668872921058,-1.88323241326876,6.53,65.76,44.66,18.76,65.55,156.02,99.31,58.31,219.14,104.88
"1352","TRINITY_DN19277_c0_g1",1.03484293039008,1.52835489936107,4.96491220627446,0.000344297527689866,0.00564946464018523,0.411268484882122,62.11,61.79,60.1,29.11,79.42,141.05,81.46,98.41,147.82,94.78
"1353","TRINITY_DN19284_c0_g2",1.70573335896585,0.805573805946682,5.29496848220104,0.000200515280163366,0.00401638770598929,0.999614769596247,31.57,21.42,13.11,37.07,47.91,94.62,83.37,108.14,84.46,54.67
"1354","TRINITY_DN193_c0_g1",-1.2917484689257,7.00941460527259,-11.3659163141498,1.03363999316046e-07,6.22933678984877e-05,8.2175981492219,6154.81,4964.27,6066.22,4201.02,5921.89,2242.08,1826.69,2076.76,3259.61,1856.92
"1355","TRINITY_DN19321_c2_g4",-1.91583552252657,0.255776229784112,-5.52067004797522,0.000139771978662482,0.00320273377759132,1.33252706660209,76.29,61.96,55.41,52.35,79,14.1,18.03,4.78,36.19,14.79
"1356","TRINITY_DN19323_c3_g1",-2.00280065758923,-0.81533848257877,-4.55938544547187,0.000682830220331784,0.00867695628682996,-0.246993886823548,40,33.46,35,25.49,25.73,18,7.74,2,5,7
"1357","TRINITY_DN19330_c0_g1",-1.19751245572975,0.271308693545452,-3.851561501545,0.00237086902221325,0.0197994515922057,-1.32030442844582,82,39,45,41,58,37,7,20,23,21
"1358","TRINITY_DN19332_c0_g1",1.39516507832484,-1.30185319557921,3.35805855817526,0.00581583821701502,0.0357792211578781,-2.04781735557165,8.84,5.61,9.55,4.48,11.79,13.83,11.23,26.22,15.04,17.22
"1359","TRINITY_DN19337_c0_g1",1.11129134191587,5.89483120451951,6.83593897304421,1.9644514852298e-05,0.000977877798670047,2.82080834169722,903.56,1217.45,1089.61,1102.36,1236.59,2711.73,2677.58,2297.04,1906.21,2293.69
"1360","TRINITY_DN19337_c0_g2",1.14404477684145,5.07675250181289,5.29245798597795,0.000201329909496397,0.00402620902128845,0.474386674368104,805.16,576.27,375.89,750.34,687.18,1123.44,1593.75,1628.49,1296.02,1178.42
"1361","TRINITY_DN1934_c2_g1",-1.56123968602236,-0.898057067630895,-3.90289387116279,0.00216215671813999,0.0186615289379619,-1.19610217828028,36.24,23,37.64,16.39,27.23,11,2,11,13,3
"1362","TRINITY_DN19355_c0_g2",-1.04020093870556,0.839004833972356,-3.15434637424941,0.00845975609753396,0.0456040729481826,-2.61250653079275,68.83,49.4,105.23,42.75,117.14,20.53,28.77,39.98,59.22,21.66
"1363","TRINITY_DN19358_c0_g1",-1.11036476552623,1.14728265228771,-3.32554953256458,0.00617352692527538,0.0372665408219791,-2.3590193925993,92,142,87,44,113,36,31,66,55,20
"1364","TRINITY_DN19367_c5_g1",2.42067199552398,0.383478858055195,5.57846906400011,0.000127581067268215,0.00302269739297985,1.41690280632965,7.65,14.98,46.62,10.86,21.22,84.58,86.45,115.91,71.51,54.16
"1365","TRINITY_DN19388_c0_g2",-1.49379572118935,0.154251742393859,-3.81777097610475,0.0025194889799731,0.0205815410326459,-1.36076784275205,67.83,52.85,34.96,39.39,73.49,20.82,16.76,4.69,24.7,25.76
"1366","TRINITY_DN194_c3_g1",-2.23505861015995,0.909957573277777,-7.09710660580856,1.36762013967214e-05,0.000793398621962698,3.51229195902143,171.65,95.24,117.1,125.53,75.12,26.63,17.33,16.28,40.3,13.34
"1367","TRINITY_DN194_c5_g1",1.24140851482312,1.92096406855514,7.81899551320768,5.2515998259715e-06,0.000471080646816987,4.48803681097242,66.37,63.23,81.39,70.93,62.54,161.16,128.15,138.61,240.91,130.18
"1368","TRINITY_DN19409_c0_g1",-1.17578240965557,0.985935909326493,-6.05994292186256,6.07499794702768e-05,0.00191135949773701,2.13387030377113,105,87.01,80.01,58,86,32,20,41,46,33
"1369","TRINITY_DN19410_c0_g1",1.21249808933572,1.0092708336407,4.0710185588019,0.00160189867986689,0.0153545797798112,-1.0297521365968,46.28,54.3,25.13,23,47,47.22,90,93.5,110.97,78.39
"1370","TRINITY_DN19410_c0_g2",-1.92853418064634,-0.480677511622084,-6.24343546916309,4.61764378242173e-05,0.00161844206028817,2.0807607329259,47,37,31,32,55.06,8,6,13.02,11,5
"1371","TRINITY_DN19411_c0_g1",1.55372437374759,0.411355516682362,7.61527389820436,6.83675804510112e-06,0.000530481148614509,4.0824127815219,23.74,27.15,23.29,15.98,22.38,68.12,43.14,75.69,65.36,50
"1372","TRINITY_DN19414_c0_g1",1.04463688446205,3.66772617921277,3.79778612689067,0.00261186847792388,0.0211133121368208,-1.96090593659964,284.23,291.68,109.78,280.61,309.31,556.84,599.84,451.68,479.8,398.9
"1373","TRINITY_DN19447_c0_g1",-2.59499817277182,1.96297902831491,-6.69046086473155,2.41270820574171e-05,0.00110610376043731,3.01333457282221,306.8,504.37,195.74,229.67,173.27,50.01,29,31.97,56.53,39.77
"1374","TRINITY_DN19455_c0_g1",1.74592226715693,-1.34931893937187,4.20873728457051,0.00125586741688046,0.0130602637016984,-0.872906698030675,4.39,7.2,10.93,4.5,8.5,17.29,9.55,20.91,28.12,15.29
"1375","TRINITY_DN19456_c0_g1",-2.86415442204645,-2.36832127917825,-3.86170189347446,0.00232805305248743,0.0195788599349823,-1.86549101823756,26,13,12,13,15,4,0,3,4,0
"1376","TRINITY_DN1946_c1_g1",1.73864090008952,4.28537316385494,6.88218217500847,1.8412686329792e-05,0.00094536732112118,3.0537853319597,230.66,366.4,465.49,188.17,272.12,955.48,615.72,735.88,1537.64,1178.68
"1377","TRINITY_DN19468_c0_g1",-1.81886087362381,-0.996205355340523,-3.28189605241367,0.00668920231788296,0.0392277321379563,-2.15393767359755,23,34.14,23.81,12.37,48.1,1.95,8,6.24,5.98,13.35
"1378","TRINITY_DN19479_c0_g1",-1.30713440142892,-0.68059029414293,-3.47594231376981,0.00468627415121578,0.0310801723638467,-1.85605109940962,35.8,35.64,22.1,15.08,37.05,4.43,10.52,7.52,17.45,9.4
"1379","TRINITY_DN1950_c2_g1",-1.5535401118841,-0.120150384013188,-3.20970917643313,0.00763946372937147,0.042737983914961,-2.35136963124988,63.81,47.11,55.28,56.46,21.18,7.01,5.49,14.25,42.72,9.32
"1380","TRINITY_DN19524_c0_g1",1.50830865060964,-1.08125888810398,4.11931086719847,0.00147050599317547,0.0145420087653933,-0.892485581821833,7.58,6.04,13.99,8.78,8.16,16.92,13.89,22.3,21.67,25.29
"1381","TRINITY_DN1954_c1_g1",1.26554162729809,6.08238194107471,11.2333931650598,1.17431192267024e-07,6.4865521854942e-05,8.12654453366643,1304.41,1150.06,1246.83,1146.91,1110.62,3481.99,2561.77,2546.76,2686.64,2933.1
"1382","TRINITY_DN19543_c0_g1",2.50879784335407,-1.68565421103332,4.5528415448324,0.000690541127663831,0.00874967339428549,-0.847332344708076,3.74,4,4,2.02,8.39,24.87,9.98,14.2,28.64,18.48
"1383","TRINITY_DN19544_c0_g1",1.50579676257735,2.50899598120431,4.19149887366337,0.00129455782459023,0.0133153906219741,-1.04069818266975,103.64,88.46,38.41,123.16,153.25,252.26,408.21,224.94,218.77,236.56
"1384","TRINITY_DN19553_c0_g1",-1.67227978114593,-0.954853587123977,-3.23917241899843,0.00723614013764208,0.0412769861150519,-2.2193251344238,43,14,29,17,45,6,2,5,17,6
"1385","TRINITY_DN19597_c3_g2",-2.09820804909819,0.815813926956626,-3.70616216179907,0.00308214038248578,0.0236344388020287,-1.61155042407173,151.82,188.3,49.97,148.05,49.33,30.92,20.05,13.49,29,15.72
"1386","TRINITY_DN19598_c2_g2",4.1582534005339,-2.11564554108719,4.40299919144456,0.000894362042458834,0.0103924802365387,-1.29559238879496,2,2,2,3.99,1,20,15,22,73,15
"1387","TRINITY_DN19599_c0_g1",-1.10228625703234,-0.0299060324571332,-3.96532038109113,0.00193362591647017,0.0173802338747422,-1.10201823929044,54.69,32.95,42.77,38.86,38.81,20.42,5.31,16.98,31.55,14.79
"1388","TRINITY_DN19611_c0_g1",1.76268079940886,1.11792427949862,7.18647250652601,1.21062770361599e-05,0.000741841106359912,3.65765787268151,34,30,35,33,36,79,78,95,190,116
"1389","TRINITY_DN19618_c0_g1",1.09179498569385,1.16253696616133,5.38795425880875,0.000172663375552857,0.00364430682559267,1.12094204604839,45,49,44,48,32,99,90,79,83,83
"1390","TRINITY_DN19630_c0_g1",1.50177202819622,-0.186641538164997,3.51024952748903,0.00440152747347055,0.0298304228154781,-1.84649313432467,24.29,14.01,6,32,13,54.02,44.81,23,44,29.01
"1391","TRINITY_DN1966_c0_g1",1.95323485698642,-0.657710633488684,3.2571237899902,0.00700102320850197,0.0403736078265098,-2.19946787108762,3,8,14,19,16.01,65,33,30.05,27,16.04
"1392","TRINITY_DN1966_c4_g1",1.0030282579012,0.568227156164251,3.99746536451026,0.00182582628373409,0.016699915865663,-1.10702292117177,22,30,26,46,31,49,59,50,72,44
"1393","TRINITY_DN19660_c0_g1",1.33243944380765,-0.867232999933653,3.37451735530286,0.0056428406228717,0.0350799888657124,-2.01096302120799,8,8,17,6,17,22,22,33,25,12
"1394","TRINITY_DN19672_c0_g1",1.38334227717501,-1.04589391096678,4.27016720325143,0.00112747902367399,0.0121452512380483,-0.654137598061757,9.75,8.46,9.36,7.49,11,20.16,12.66,28.43,24.95,13.53
"1395","TRINITY_DN19676_c0_g1",-1.42255840200104,0.363714356188022,-3.16786779138535,0.00825155980916977,0.0448950235423266,-2.50549098474296,64,52,86,57,45,47,6,6,41,29
"1396","TRINITY_DN19727_c0_g1",1.26073272067148,3.21493764955071,4.16331445639277,0.00136050144354812,0.0137880435276418,-1.21848657590617,225.51,189.29,118.73,83.85,268.31,392.64,309.56,444.53,715.79,223.38
"1397","TRINITY_DN1973_c1_g2",-1.10629330874017,6.97719275351884,-7.74516116152549,5.77521117903244e-06,0.0004895123903443,4.0247101874139,6008.8,4398.34,5962.63,3576.42,5506.55,2098.18,1661.25,2608.96,3283.33,2097.44
"1398","TRINITY_DN19741_c0_g1",-1.04503031166319,0.58658995700865,-3.13400734247961,0.00878293797424117,0.0467174028974333,-2.60739364064894,36,62,58.99,72.01,84.99,33.68,14,20,29.99,40.01
"1399","TRINITY_DN19742_c0_g1",-2.9508966546112,2.36027458303159,-16.9607507260676,1.1862852111e-09,4.80063945104407e-06,11.8238388411221,431.43,420.81,336.62,340.43,416.71,58.44,43.12,57.17,54.85,30.69
"1400","TRINITY_DN19746_c0_g1",1.06823777304767,1.21522774726081,3.57676601006075,0.00389870078076586,0.0276261000239762,-1.92785564504836,70,19,39,51,67,76,81,107,95,92
"1401","TRINITY_DN19750_c1_g1",3.76844786437661,-0.758366611028552,4.45844267894561,0.000812469767599208,0.0097530938607529,-0.694743880766679,7.77,2.31,3.32,11,5,52.5,85.32,77.79,74.06,21.68
"1402","TRINITY_DN19759_c0_g1",-2.02506993861982,-0.226526093586608,-3.41726484094053,0.00521754187257194,0.0333304018047536,-1.96517718363842,98.63,48.66,52.82,55.41,22.32,22.91,5.09,5.15,26.48,3.02
"1403","TRINITY_DN19759_c0_g2",-1.72042965964636,-1.00616568409607,-3.57941409035757,0.0038799434818581,0.0275470218109184,-1.70175009422804,48.55,22.57,28.61,16.44,22.51,15.96,2.21,2.03,10.32,5.7
"1404","TRINITY_DN19769_c0_g1",1.62377545383341,0.297355545878741,3.88118205748357,0.0022480223811401,0.0191561190943778,-1.26704035847907,25,23.82,25.01,12.01,17.01,90.71,102.04,50.06,47.96,26
"1405","TRINITY_DN19772_c0_g1",-2.3531042396499,0.24180538316471,-5.81548920321335,8.81846477259204e-05,0.00237173909139462,1.73383882623087,87.55,98.4,36.84,73.76,88.16,10.38,17.43,11.2,13.25,11.24
"1406","TRINITY_DN19777_c0_g1",-1.12903101292316,2.02911556165359,-5.38849864511072,0.000172512890099316,0.00364360841783767,1.04313882243095,178.05,150.94,223.31,108.14,184.72,79.85,45.44,66.08,133.86,59.06
"1407","TRINITY_DN19780_c0_g1",-2.0032941614468,3.48152642872552,-5.8655339479766,8.16516721049382e-05,0.00227945992751387,1.63789841842471,507.15,898.13,457.87,470.23,907.57,187.87,51.71,162.29,286.76,147.15
"1408","TRINITY_DN19780_c0_g2",3.07808743840209,-0.648096262019216,3.62721991372917,0.00355674733465645,0.0260079554778495,-1.65544958631332,13.31,4.25,28.73,8.26,1.03,28.06,78.12,50,40.16,61.04
"1409","TRINITY_DN19789_c0_g1",-2.84899104402939,-1.27523078702967,-4.07668227112975,0.00158587924517876,0.0152552097110223,-1.23841060068576,32.26,29.83,46.97,38.5,16.93,3.51,1.07,2.35,2.2,7
"1410","TRINITY_DN19798_c0_g1",-1.1260493623567,3.34056747760245,-4.56986090318612,0.000670673246752989,0.00857671428078802,-0.520806992351794,369.08,334.47,389.98,746.64,312.24,201.42,159.58,170.1,220.97,174.44
"1411","TRINITY_DN19799_c1_g1",1.03301560206126,0.421205112626679,3.41502399091114,0.00523900488527334,0.0334024228891185,-2.09453661965123,41.89,24.02,36.78,11.32,29.34,36.02,63.93,43.11,67.93,45.53
"1412","TRINITY_DN198_c0_g1",-1.19386989251917,5.31829255658124,-4.88568372747663,0.000392891036730035,0.00611082891856181,-0.239801520475884,1708.46,1468.36,1734.23,1612.67,1775.78,660.63,468.25,414.31,1557.65,871.02
"1413","TRINITY_DN1980_c1_g1",-2.29462923883336,3.95282483247931,-8.03841247091221,3.9740205155503e-06,0.000410454824429732,4.67863319326274,1073.97,719.7,1566.32,546.41,1088.93,198.64,90.01,218.7,292.04,199.13
"1414","TRINITY_DN19800_c0_g1",1.21269062932905,-0.743165481063298,3.73902861800486,0.00290417929338195,0.0227360354972117,-1.4323523681443,21,9,13,6,13,19,22,30,31,16
"1415","TRINITY_DN19814_c0_g4",1.39975412917871,-0.188037015157275,3.1456378091249,0.00859664055739765,0.0460103350543112,-2.46390660640881,23.56,10.1,9.02,10.77,35.61,24.45,37.86,44.68,27.87,61.21
"1416","TRINITY_DN19823_c0_g1",-1.59710554979324,0.682121247214664,-4.66639423377432,0.000568736073137031,0.00771207250672301,0.009673321309144,134.09,59.21,66.49,47.86,99.96,21.73,18.37,12.77,33.24,38.26
"1417","TRINITY_DN19826_c1_g1",-1.25772730761477,1.27498983858965,-6.33739946992878,4.01969034274275e-05,0.00149591281975668,2.5269552172736,121.51,102.84,120.61,80.08,94.46,28.45,26.48,50.91,58.94,43.5
"1418","TRINITY_DN19833_c0_g1",2.78129089244198,-0.561154239694657,4.89809014286654,0.000384829849181892,0.00603840446362911,0.199027304242988,7,9,17,8,4,34,61,26,80,44
"1419","TRINITY_DN19848_c0_g1",1.49734229445586,-0.637728558089063,4.10340388255379,0.00151250601551449,0.0147923898545843,-0.857245302663712,16.26,13.13,6.15,9.23,13.12,25.04,39.71,23.3,23.52,27.81
"1420","TRINITY_DN19876_c0_g3",1.26824590599504,0.0132826693498529,3.19287249234242,0.00788005925999523,0.0436115191249058,-2.42031367284712,35,13,17.06,36.32,9,30.36,35.91,32.66,57,48.3
"1421","TRINITY_DN19880_c0_g1",-2.25070788397436,-1.51909765202939,-4.04068259551829,0.00169059880014826,0.0158958703340455,-1.29523177467071,22,34.37,26.43,14.31,18.37,3,2,5.05,6.04,1
"1422","TRINITY_DN19886_c0_g1",1.32622751605074,-0.633557201782723,3.23454932283718,0.00729797316246363,0.0415117357326398,-2.25580843177307,14.75,20.67,18.71,4.03,9.8,35.65,14.5,38.45,23.87,22.91
"1423","TRINITY_DN19892_c0_g1",-1.35247609179551,-0.00223176389706471,-6.07803504230278,5.91168151506559e-05,0.00187992683589232,2.09878358286706,42.19,44.52,51.18,35.33,50.68,18.43,16.45,10.88,17.77,13.93
"1424","TRINITY_DN199_c1_g1",-1.11689493303871,5.94078103764375,-8.45713277893317,2.36946825746314e-06,0.000310956390303947,5.0239541147203,2782.05,1998.04,2581.87,2457.93,2622.99,830.87,1318.93,1166.51,1330.02,1041.81
"1425","TRINITY_DN19915_c0_g1",-1.91778279090976,0.954953719059963,-5.1978547358602,0.000234715711711151,0.00441003299495328,0.846200940919753,156.61,73.07,81.67,82.54,155.97,28.59,18.28,29.6,58.36,9
"1426","TRINITY_DN19918_c0_g1",-1.27588518241245,2.79839248581038,-4.24287427615547,0.00118275029314687,0.0125565318448433,-1.00133322418692,221,235,241,387,463,111,66,226,149,92
"1427","TRINITY_DN19920_c0_g1",-1.41421180403177,-0.605488043821312,-3.32493273028461,0.00618052502640778,0.037278542712219,-2.10206421124787,36,25,49,17,40,13,5,6,28,4
"1428","TRINITY_DN19921_c0_g1",-1.13828227725664,0.955643142077239,-4.67115762938161,0.000564146040465457,0.00769041872783576,-0.00981705541377575,105,54,91,61,101,37,17,36,56,29
"1429","TRINITY_DN19945_c0_g1",2.10725411908352,0.914386845675768,4.93375893409213,0.000362605984285992,0.00582063715246151,0.431675667949321,25,14,47,13,54,90.64,98.67,79,243.37,69
"1430","TRINITY_DN19961_c0_g1",1.25058674877678,0.171682003356699,3.66037950797196,0.00334887276391646,0.0249313897754078,-1.63724993181562,20.02,35.71,14.63,11.4,31.68,56.2,55.96,25.91,52.01,42.8
"1431","TRINITY_DN19963_c0_g1",-1.70096371336959,-1.04114712946743,-4.31952621886652,0.00103423366361308,0.0114172186439833,-0.62583681308167,20.04,28,20.03,27.01,32,6,6.01,3,10,5.01
"1432","TRINITY_DN19968_c0_g1",-1.85109124879395,-1.78197736680247,-3.18016498789245,0.00806670049594176,0.0442460339829538,-2.4112701145588,11.92,12.43,20.24,13.2,23,1.99,11.39,2,3.48,1.4
"1433","TRINITY_DN19976_c0_g1",-1.09920955039791,1.12145698223962,-4.60466867842166,0.000631876378665408,0.00824881058449559,-0.137058551495788,67.91,92.53,113.57,60.01,122,43.6,24,44.69,50.88,32
"1434","TRINITY_DN19980_c0_g2",1.27389729426708,-0.824640114235153,3.1377105977312,0.00872318209563801,0.0464991674885903,-2.39454901690199,14.12,11.19,18,5.81,7.86,25.2,31.49,16.58,17.4,23.51
"1435","TRINITY_DN20004_c1_g1",-2.01069603300524,1.43840868258799,-5.24350554034423,0.000217931387799035,0.00422350076997731,0.888587416616133,240.49,113.43,137.14,79.4,232.6,25.15,37.13,24.69,83.32,23.5
"1436","TRINITY_DN20013_c4_g1",-1.07175401908782,-0.471367462976229,-3.55467106166075,0.00405886587443703,0.0283663634642878,-1.74771553138136,48.89,24.13,27.2,23.8,31.79,16.16,6.42,8.44,23.13,8.63
"1437","TRINITY_DN20017_c1_g2",-1.16299648877134,0.200448011043068,-3.24476307509293,0.00716207311545473,0.0409447897005652,-2.35599367181808,52.14,38.48,28.9,49.37,89.18,12.04,14,31.71,21.68,19.44
"1438","TRINITY_DN20022_c0_g1",-1.00162946611876,3.08657629100536,-7.23085329212002,1.13991655793221e-05,0.000714739196132164,3.66062813656666,312.25,306.11,337.3,265.33,426.38,152.38,113.7,163.81,219.6,173.83
"1439","TRINITY_DN2005_c6_g1",3.66664183395243,-0.165852575335173,3.54752128624462,0.00411212169297104,0.0285749371846232,-1.75530218650276,60.04,0,6.85,0,115.02,81.12,94.22,86.31,110.3,89.87
"1440","TRINITY_DN20053_c1_g1",2.2726921303526,-1.81767986454904,3.16253578619063,0.00833303569926652,0.0451987935139825,-2.48352490638957,6,9,0,5,7,11,14,20,13,18
"1441","TRINITY_DN20055_c0_g1",1.70527545391395,4.14006870488193,13.4514899993969,1.61504256298179e-08,1.89474962335443e-05,10.1540559065868,260.68,246.79,282.11,258.14,275.66,1033.49,742.53,1032.57,855.1,670.72
"1442","TRINITY_DN20072_c0_g1",2.20660774000554,-1.88323978632966,3.14362058425022,0.00862866497374163,0.046118111725507,-2.50869916169297,5,11,2,6,2,13.99,5,25,20.07,10
"1443","TRINITY_DN20078_c0_g1",-1.54215644765818,0.919254950366236,-4.49717486025811,0.000759927832437217,0.00932801270925605,-0.288570224194701,89,72,85,82,124,33,15,11,52,54
"1444","TRINITY_DN20085_c0_g1",1.23412779705798,1.07420870790873,4.37323463451543,0.00094182943075313,0.0107390007502884,-0.521231598115778,30.06,41.88,61.52,34.48,34.59,81.76,50.7,93.84,168.16,63.02
"1445","TRINITY_DN20089_c0_g2",1.28284401012241,1.84688764135968,4.29004664702218,0.0010889149651959,0.0118170118093654,-0.767719326049103,95.81,62,72.66,55,45.46,88.71,139.02,145.01,302.58,137.78
"1446","TRINITY_DN20090_c0_g1",1.08123720339896,1.35452831246125,5.74970414719348,9.76262307819241e-05,0.00253607798290346,1.66353452923147,37,60,58,44,51,93,86,111,105,100
"1447","TRINITY_DN20092_c0_g1",-1.23078175305621,1.53904015424045,-5.95996605391367,7.0680864109324e-05,0.00210068676126057,1.97038399873881,108,135,171,101,109,49,30,59,75,41
"1448","TRINITY_DN20093_c1_g1",2.53001720097522,-1.24238886657708,4.04097212003902,0.00168972865502572,0.0158958703340455,-1.19375275926722,16.17,3.95,12.3,4.35,1.88,19.56,23.23,21.81,33.7,33.58
"1449","TRINITY_DN20099_c0_g1",1.74055892669031,-1.05966523832714,3.84073855828325,0.00241746256765344,0.0200516203025362,-1.31662446025745,19.06,8.31,5.1,3.19,9.43,27.85,14.55,21.87,18.88,30.95
"1450","TRINITY_DN20109_c1_g1",2.14223818067399,0.439439291746764,6.62861341913166,2.63522911886979e-05,0.00116343678751581,2.86503910613683,23,17,13,24,18,97,63,50,71,107
"1451","TRINITY_DN20116_c0_g1",1.67990633281503,0.7823334132397,5.62240442676976,0.000119068183546059,0.00287477193270359,1.49580711102621,17.45,53.74,34.43,16.52,27.68,78.76,86.37,72.11,83.75,87.46
"1452","TRINITY_DN20132_c0_g1",-1.70893905962521,1.41537412096625,-7.67749624605054,6.30430312042214e-06,0.000508778715536914,4.28846239642119,156.27,126.22,110,112.11,160.18,54.01,37.03,23,58.03,27.02
"1453","TRINITY_DN20149_c0_g1",-1.4611331696488,0.721592466506825,-6.95671694756751,1.65973307817935e-05,0.000893519427981828,3.33372073543003,75.97,67.95,76.29,66.35,93.23,21.6,13.26,32.83,30.65,30.68
"1454","TRINITY_DN20175_c0_g2",1.69641015172378,-0.153866134956747,3.60513708689142,0.00370247087532549,0.0267091789739902,-1.68237297398814,43,10,14,9,12,104,25,35,50,27
"1455","TRINITY_DN20191_c0_g1",-3.12163241030073,-2.30855776942306,-4.57464528264704,0.000665196282962085,0.00853645093137628,-1.16329813663685,19,22,22,10,16,3,1,1,0,1
"1456","TRINITY_DN20197_c0_g1",-1.42033552126266,0.0204512559591363,-6.03076545560145,6.34854548963056e-05,0.00195573008795696,2.03589672938534,57.76,47.78,46,33.5,49.63,13.03,11.5,24.9,15.92,12.02
"1457","TRINITY_DN20206_c0_g1",-1.64946623672976,0.246969775607016,-6.66376855100232,2.50618686245936e-05,0.00112812939304063,2.89194175484004,69.88,54.42,72.59,40.94,62.33,18.47,7,21,28,12.47
"1458","TRINITY_DN20206_c0_g3",-1.98404531720109,0.797537077057904,-6.88231812615346,1.84091886746444e-05,0.00094536732112118,3.23510902180452,91.73,87.81,125.48,60.91,128.29,37.21,13.14,22.19,34.41,11.05
"1459","TRINITY_DN20214_c0_g1",-1.48472971094026,3.02268344188735,-4.93311424048486,0.000362995485447247,0.00582387742663541,0.164116245465424,524.81,409.4,201.23,396.84,390.19,137.54,189.37,128.18,144.97,76.38
"1460","TRINITY_DN20223_c0_g2",-2.81763329585993,-1.16259551468924,-3.9366440008471,0.00203533903808013,0.0179335181617865,-1.36348565706108,52.93,35.03,17.02,23.56,54.76,1.08,1.09,6.42,5.43,4.3
"1461","TRINITY_DN20239_c0_g1",1.23286900422758,-0.0893428473416927,3.16987755284513,0.00822105836592589,0.0447918877386539,-2.44610341679528,31,21,18.26,24,6.98,29.37,30.39,45.42,39.97,39.46
"1462","TRINITY_DN20241_c0_g1",-1.77566566903594,-1.33407881527,-4.68907874309808,0.000547221372262492,0.00755017102952254,-0.273681753646484,20.38,20.18,19.44,21.77,23.36,4.23,4.37,2.1,7.44,4.16
"1463","TRINITY_DN20271_c1_g2",2.07773520933948,-0.612924246237842,5.51991529918871,0.000139939079236572,0.00320361765230344,1.11553536686914,7.07,12.03,9.42,5,18.52,40.47,30.15,28.02,57.31,22.23
"1464","TRINITY_DN20288_c1_g3",1.39295009418496,0.644819105539644,3.65804805264071,0.00336307307277371,0.0249831735183527,-1.69484892363873,52.25,14.77,18.7,40.83,25.18,67.16,96.27,45.04,57.8,79.86
"1465","TRINITY_DN20298_c0_g1",-3.12423497929285,0.0554475252548438,-11.7493014896637,7.19590050005053e-08,5.01885761393412e-05,6.59771264818832,79,93,97,71,86,8,5,7,12,8
"1466","TRINITY_DN203_c0_g2",1.38509700805271,-0.904903055528354,3.23657441800585,0.00727082243997639,0.0414074263503814,-2.22895184707246,10.42,6.42,16.87,8.56,10.32,22.86,23.49,23.07,39.26,8.56
"1467","TRINITY_DN203_c4_g1",-1.21417429207149,1.85140483683212,-6.48773355430246,3.22784767775715e-05,0.00131517521546461,2.72032653673812,196.27,134.12,118.16,127.26,184.85,69.9,45.37,77.39,72.56,50.23
"1468","TRINITY_DN20306_c0_g1",1.03651602419931,1.12463801835243,4.05292015422277,0.00165422080040053,0.0156817504526668,-1.07944963969832,51.86,36.21,47,45,36,134,95,59,84,60.35
"1469","TRINITY_DN20307_c0_g1",-1.51504573629313,2.39654425943145,-5.6948871725177,0.000106310620996019,0.0026825713364662,1.49198080007716,310.69,250.2,145.61,245.83,287.98,65.08,63.16,114.24,81.03,99
"1470","TRINITY_DN20309_c0_g1",-1.75249830222398,0.155502563976404,-4.51626798331197,0.000735343535555371,0.0091160706322309,-0.20289610851559,61,48,71,76,38,30,20,16,11,6
"1471","TRINITY_DN20321_c0_g1",-1.14637994946391,0.604693585681825,-3.92373719490051,0.00208290554678051,0.0182181596323592,-1.2338874349555,48.03,51.76,100.08,60.23,64.18,28.04,40.44,22.17,25.32,17.47
"1472","TRINITY_DN20324_c0_g3",-1.59447842595478,0.120911806052608,-6.96126353971595,1.649295438713e-05,0.000889473197764296,3.23785424640503,74.73,45.42,56.46,34.94,57.6,15.53,13.08,13.56,19.99,14.03
"1473","TRINITY_DN20332_c1_g1",1.32153627538753,-0.443303749710486,4.81182162942592,0.000444696080310706,0.00662285616343732,0.24723811714231,14.94,15.59,8.94,15.42,15.06,38.99,24.76,30.59,35.22,19.33
"1474","TRINITY_DN20354_c0_g1",-1.28932720220794,1.37821870592296,-7.56079462233558,7.34251138094023e-06,0.000552504915062706,4.14817705957568,111.84,104.87,143.98,86.19,117.07,37.42,39.66,46.82,62.83,31.76
"1475","TRINITY_DN20355_c0_g1",2.25069380969844,-0.150349290487764,7.01941513283602,1.52179817698633e-05,0.000853067812637987,3.13135389708142,6,15,15,14.41,14.53,58.59,45.49,46.01,53.56,48.91
"1476","TRINITY_DN20357_c0_g1",1.88832594956588,1.48948879547863,6.20099678045805,4.91805841091357e-05,0.00168293030760226,2.32959109439332,35,74,20,60,40,169,98,141,200,125
"1477","TRINITY_DN20363_c0_g1",-1.65265143029419,-1.22485252481786,-4.27838653213972,0.00111136506034881,0.0120228084273426,-0.734249296525419,32.87,17.67,22.4,19.61,18.52,4.09,3.06,3.08,7.87,8.27
"1478","TRINITY_DN20368_c0_g1",-1.14673218869264,0.787673572762554,-3.73207778021641,0.00294091528353532,0.0229109406764773,-1.58786038884644,118,77,48,46,87,29,35,24,48,17.84
"1479","TRINITY_DN20389_c0_g2",1.92344279486223,-0.531699835725691,3.43646287826864,0.00503728913642049,0.0325660246195512,-1.91706948275932,17.37,7,12,5,16,15,19,60,55.24,51.17
"1480","TRINITY_DN20419_c1_g1",2.28606444204463,0.508829271640441,6.36544318898001,3.85761083848073e-05,0.00146347846808481,2.52543314683995,20.07,15.81,27.93,12.38,20.58,120.35,64.54,74,157.73,40.43
"1481","TRINITY_DN20419_c2_g1",-1.89672366867177,0.795986196785584,-4.49897527810374,0.000757573421610899,0.00930831602792457,-0.268732835599938,147.57,79.79,135.75,61.62,64.76,22.61,51.69,19.96,33.73,6.92
"1482","TRINITY_DN20433_c0_g1",-1.4822442658613,-0.891555266328165,-4.34025699692161,0.000997496505322855,0.011168578295709,-0.532494432358194,31.84,20.78,22.93,25.5,27.02,7.09,4.14,13.98,5.17,8
"1483","TRINITY_DN20439_c0_g1",1.09464704657494,-0.226067579578785,3.86489887603129,0.00231472015704085,0.0195090209135307,-1.25700602989953,20.99,19.32,15.22,10.68,20.95,49.07,18.49,36.15,45.04,19.91
"1484","TRINITY_DN2044_c0_g1",1.00406075172884,2.38779266068634,3.45298369910386,0.00488725290112252,0.031927103408154,-2.35858712087143,150.75,109.8,54.8,74.21,145.51,165.73,199.92,248.48,166.26,245.8
"1485","TRINITY_DN20458_c0_g1",-2.00794975438875,0.455440070776371,-3.8739573034669,0.00227736793950865,0.0193086192447085,-1.28513723620363,38.16,103.83,111.06,96.58,57.51,26.04,20.58,11.64,7.55,29.47
"1486","TRINITY_DN2046_c1_g1",1.93301202173293,-0.920556272264518,3.17143498179977,0.00819750000034575,0.0447145531653306,-2.3242735718054,15.13,1.97,13.12,13.98,9.73,26.83,17.37,27.75,57.48,14.35
"1487","TRINITY_DN20462_c1_g2",-1.03710838423378,1.88722922444666,-5.31583926677739,0.00019387594695464,0.00392136055107928,0.941033110428151,198,142,118,110,161,63,71,65,66,77
"1488","TRINITY_DN20463_c0_g1",-1.15770736451623,-0.652051919898423,-3.12614482011816,0.00891117761988437,0.0471409953619143,-2.43536712004939,36.16,33.06,32.71,19.21,18.78,5.51,4.36,13.41,13,18.2
"1489","TRINITY_DN20477_c0_g1",-1.76043998695059,2.23977902588211,-6.83142110369247,1.97694878916971e-05,0.000981736953111364,3.18720219905972,296.73,285.11,184.86,147.22,302.34,52.08,47.32,80.99,80.74,85.96
"1490","TRINITY_DN20500_c0_g1",1.34054619872341,-0.439905127934497,3.32486849544637,0.00618125428290143,0.037278542712219,-2.13077250319667,13,12.42,20.04,7,19.41,32.65,10.85,34.41,64.71,25.44
"1491","TRINITY_DN20525_c0_g1",-1.36709855017258,2.5045851745409,-6.0901706839083,5.80474846867118e-05,0.00186310215327971,2.08435651806814,404.02,230.62,204.96,165.36,284.37,89,82.58,92.75,138.45,75.2
"1492","TRINITY_DN20527_c0_g2",-4.12999869556043,-2.42547145377571,-5.72801502189087,0.000100969032743499,0.00258364744431737,-0.206896823190287,26.06,21.22,32.28,12,24.73,1.09,1.04,0,1.12,0
"1493","TRINITY_DN20528_c0_g4",1.45559271276777,0.924559563635694,5.8917977984766,7.84300883361386e-05,0.00222609478892431,1.89099667667557,30,20,38,48,35,86.53,76.69,71,127,62.92
"1494","TRINITY_DN20557_c1_g1",-2.14244713931713,1.2963481396121,-5.88833529857787,7.88469872086589e-05,0.00223129455504625,1.88295008065288,209.57,183.85,84.99,151.04,117,36.63,14,26.16,60.83,22.82
"1495","TRINITY_DN2056_c0_g2",1.0199800905619,1.6551358426799,3.47522596083179,0.00469241598316905,0.0310908737512938,-2.18579769038714,44.4,101.6,37.99,85.81,65.03,109.95,86.89,143.91,184.24,88.06
"1496","TRINITY_DN20564_c1_g1",-1.06665017850752,1.58332026006952,-4.57811625023864,0.000661252112812947,0.00850882331068633,-0.237409720177205,147.61,114.87,136.63,68.12,144.88,41.93,35.21,61.59,94.28,50.42
"1497","TRINITY_DN2057_c2_g1",3.23545490779223,-0.644111945758957,3.56899194382533,0.00395430464936773,0.0278931257732787,-1.7429417568234,7.62,16.98,2.89,5.09,5.26,27.85,76.65,33.09,152.4,26.4
"1498","TRINITY_DN20582_c0_g1",1.49599520807091,-0.189666774990579,3.60810820238752,0.00368251417159833,0.0266323982097187,-1.67875605535106,17.07,21.13,29.2,3.01,20,39,26,53.16,44.06,34.11
"1499","TRINITY_DN20598_c1_g3",1.69928021544637,-0.83138293121832,3.1890233115833,0.00793612942538987,0.0437807024868844,-2.30294138198497,2.32,14.75,24.65,8.71,11.16,26.84,22.21,26.42,25.94,23.71
"1500","TRINITY_DN20619_c0_g1",2.58028593754728,-1.27838289702171,3.61284831090036,0.0036509029253522,0.0264750173117188,-1.77373418378043,5.8,1.18,4.46,15.09,10.63,13,25.62,27.65,37.74,28.61
"1501","TRINITY_DN20620_c0_g1",-1.10254983077462,2.16309771587663,-7.65200927847157,6.51683642426356e-06,0.000514077165269329,4.27669043712801,164,162.01,221.03,146.05,204,86,60,89.01,88.01,84
"1502","TRINITY_DN20634_c0_g1",2.99983934152699,-2.10565424908191,4.35691177941462,0.000968967062066462,0.0109518684287534,-1.36050363503712,6,3,5,2,0,14,14,12,21,21
"1503","TRINITY_DN20639_c0_g1",-1.46107043075149,1.28057691945705,-7.33544159738742,9.90137064590554e-06,0.000657472229320149,3.85910692977294,143.95,107.41,99.01,103,100.01,45.01,29.45,48,32.01,36
"1504","TRINITY_DN20640_c1_g1",-1.56708790868889,0.78211963427902,-4.53001664594813,0.000718155712872058,0.00897909667671897,-0.222091593494484,115.63,60.34,88.19,38.79,138.54,21.96,29.29,29.83,30.64,17.21
"1505","TRINITY_DN20644_c0_g1",-3.29182975001839,-1.46939515045141,-3.253885443446,0.00704285874119892,0.0404939235555768,-2.41140413741629,32.36,37.16,13.17,48.57,37.13,0,6.19,3.08,2.07,4.07
"1506","TRINITY_DN20649_c0_g1",-4.07081035813563,0.538665611271483,-8.71599790250467,1.73730524036591e-06,0.000255548543816288,4.65815374528494,210.2,121.23,176.57,101.82,247.51,7.69,3.21,6.41,15.51,9.78
"1507","TRINITY_DN20669_c0_g1",-1.00046089454566,0.399938338062611,-4.36070277540354,0.000962592591925588,0.0108976787436055,-0.478539381365703,60,51,40,48,64,28,21,15,28,27
"1508","TRINITY_DN2068_c2_g1",1.01672882145414,5.84717683388181,5.63337573802261,0.000117037512469211,0.00284678156309319,0.963190305451334,1043.88,1226.62,1262.87,1323.08,773.79,1904.08,2197.28,1743.11,2687.25,2564.24
"1509","TRINITY_DN2068_c5_g1",1.06078579264817,6.65071466145,3.269322200396,0.00684567878785342,0.039841531124536,-3.28774806422126,2277,2276,948.06,2370.9,2104.95,3795.98,5248.13,4210,2320.84,4914.85
"1510","TRINITY_DN20681_c1_g1",-1.81991168852996,0.667974698593509,-4.45976823598179,0.000810610372466064,0.00973693071779033,-0.324504484148667,124.9,95.77,51.23,49.21,119.01,14.1,13.12,12.53,41.43,38.08
"1511","TRINITY_DN20687_c0_g1",1.1746448942941,1.93229291452917,4.64578751676618,0.000589047397739713,0.00787519452235515,-0.170974318718197,42,59,97,72,101,217,127,145,148,146
"1512","TRINITY_DN20714_c0_g1",1.26727140163118,-0.412527573345794,4.33855733988939,0.00100045674487507,0.0111896129696171,-0.479038118731704,9.17,14.09,16.45,14.31,18.22,30.65,29.48,26.96,27.39,32.57
"1513","TRINITY_DN20719_c0_g1",3.73455629814236,-1.85989325258719,3.303779761969,0.00642545272662904,0.0382080230436604,-2.44037762050881,0.72,1.11,3.33,1.2,14.97,52.25,13.44,36.1,38.84,8.44
"1514","TRINITY_DN20741_c0_g1",-1.81157421989287,-1.46536163873527,-4.07499561935009,0.00159063241459107,0.0152819867672692,-1.1241820677837,16.36,17.66,21.61,14.22,29.88,4.43,1.85,3.44,4.38,6.16
"1515","TRINITY_DN20753_c0_g1",1.35984953201523,0.849744803636059,6.49399439146649,3.19870085033284e-05,0.00130728065989792,2.73739560012264,46,26,24,31,37,78,51,96,96,67
"1516","TRINITY_DN20762_c0_g1",1.7441914586907,2.59383358297776,6.80344119734406,2.0562583536857e-05,0.00100158196232417,3.12110849092491,114.32,111.21,53.42,60.74,140.63,330.63,230.64,241.77,335.25,386.14
"1517","TRINITY_DN20768_c0_g2",-1.98848027238588,1.74049585483213,-6.1435472639849,5.3582108804369e-05,0.00177484302130331,2.23833507999792,187.57,176.4,279.96,88.15,234.05,43.79,36.04,37.86,87.37,27.1
"1518","TRINITY_DN20798_c0_g1",1.40789169879915,0.721618072056876,6.22293920463146,4.76022306933178e-05,0.0016498385639626,2.35936122913113,27,22,28,32,37,89,53,81,64,71
"1519","TRINITY_DN20815_c2_g1",1.20382044715631,-0.0539954317486261,5.16168145536714,0.000248980344688006,0.00458475405403836,0.797922067989847,14.46,19.6,23.34,12.6,23.55,40.76,36.75,30.36,46.61,34.07
"1520","TRINITY_DN20826_c0_g1",-1.5046834119468,3.13684394629124,-6.81349434806696,2.02737909933166e-05,0.000995527199621805,3.08199939807857,488.52,369.67,407.59,281.46,518.79,205.27,107.55,132.87,234.38,73.62
"1521","TRINITY_DN20832_c0_g1",1.10357253159544,0.790129015405475,4.07102835580004,0.00160187082555748,0.0153545797798112,-1.00469360545238,21,40,61,23,35,61,63,58,90,64
"1522","TRINITY_DN20836_c1_g2",1.56736764896366,0.513362028609192,3.37903659493582,0.00559626014796586,0.034905772952656,-2.15950948426925,31,12.03,64.65,8.54,34.84,92,47.03,100.28,83.66,30.55
"1523","TRINITY_DN2084_c1_g2",2.13413736907665,0.980261875018056,8.62689699642729,1.93162966293476e-06,0.000273753378303681,5.29143037529048,47.22,13.36,27.35,26.64,28.91,114.66,110.69,113.36,117.13,98.85
"1524","TRINITY_DN20841_c0_g1",1.35343316921645,-1.38038454826245,3.4620936343285,0.00480647438506774,0.0315721789395444,-1.90013172744602,12.23,11.61,5.74,3.42,6.71,15.61,16.08,13.82,20.15,10
"1525","TRINITY_DN20861_c0_g1",1.15027732036533,2.23239551687654,5.78252196118512,9.27891046489646e-05,0.00244799472969979,1.63757918878418,98,94,54,113,89,223,161,209,198,157
"1526","TRINITY_DN20874_c0_g1",1.3570370129931,-1.08010787069067,3.32338260817349,0.00619814789911916,0.0373211594422274,-2.0882245943728,5.38,6.9,13.62,17.52,7.27,22.76,11.88,15.39,22.16,21.04
"1527","TRINITY_DN20884_c1_g1",2.77076423750777,0.340488704807024,7.10379915579203,1.35514157136056e-05,0.000790760483474069,3.3687531837578,20,21,10,9,14.98,130.25,109,82,98.22,44
"1528","TRINITY_DN20886_c0_g1",-1.48255656017898,2.08842568270132,-6.60731230897167,2.71684503693974e-05,0.00118335480418728,2.87906126831537,270.35,205.11,152.71,149.36,209.49,46.63,49.64,71.13,111.76,69.47
"1529","TRINITY_DN20886_c0_g2",-2.64533319495665,-1.04867698528137,-3.53812119505353,0.00418322716444379,0.0288817841291647,-1.80910480040934,36.16,42.01,25.27,27.18,28.49,3.73,10.82,16.37,0,6.77
"1530","TRINITY_DN20899_c1_g1",-2.35303540921256,-1.16725792518464,-5.56630574443553,0.000130049850041269,0.00305509299388153,0.671529574768507,32.81,22.57,38.57,21.92,32.1,6.09,3.09,4.14,6.28,1.02
"1531","TRINITY_DN20903_c0_g1",1.02934474432599,2.80215559747864,7.48965574519693,8.06395967496303e-06,0.000581373092756858,4.03236251290577,127.03,128.06,153.7,103.11,157.5,335.44,216.89,260.09,275.53,272.86
"1532","TRINITY_DN20911_c0_g1",-3.75180949093377,-1.04506706430266,-5.90532779746315,7.68232823797522e-05,0.00220468258457732,0.372338267642198,47,49,66.91,52,47,4,0,2,8,4
"1533","TRINITY_DN2092_c1_g1",-1.29705586160436,4.52979218115501,-3.49545637182771,0.00452208049806878,0.0303726060200304,-2.63840247014012,1098.7,840.97,2049.24,410.49,1225.77,359.63,214.41,396.06,851.03,370.42
"1534","TRINITY_DN2092_c2_g1",1.16106927523453,-0.568095442862427,3.78328848578188,0.00268105862447682,0.0215129308500225,-1.3671494540751,12.17,10.27,16.46,14.83,13.01,42.47,17.15,21.69,24.09,25.66
"1535","TRINITY_DN20930_c0_g1",-3.38776356563982,-1.7754257756055,-3.58348429060627,0.00385129252786238,0.0274283079823921,-2.12224288665874,33,25.01,44.72,10.14,36.2,1.01,2,2.27,6,0
"1536","TRINITY_DN2094_c6_g2",-1.58938883589846,1.42561954480082,-7.30180825454599,1.03586933143721e-05,0.000672353478285078,3.82262960503683,124.25,155.55,132.07,84.02,149.7,42.17,35.4,26.55,52.25,46.51
"1537","TRINITY_DN20949_c0_g1",-2.1743897537879,1.71410427876699,-3.42980076800582,0.00509911120356196,0.0328547050913333,-2.22918913667404,333.68,287.76,184.28,111.71,137.43,14.03,42.11,73.89,221.52,7.65
"1538","TRINITY_DN2095_c2_g1",-1.30520052119862,0.940708024583551,-3.32904687473431,0.00613399853785653,0.0371004409274974,-2.31397777271708,103.78,100.69,77.05,36.01,134.83,29,13,23,76.47,37
"1539","TRINITY_DN20952_c0_g1",-1.14413794181122,1.72559076741893,-4.88750605893885,0.000391695944966381,0.00609620059820111,0.263848840203096,174.37,180.57,118.77,76.74,143.18,58.7,59.9,56.77,63.28,53.1
"1540","TRINITY_DN20986_c0_g1",2.62404430421133,-1.53078418792983,3.77004919118691,0.0027458895345487,0.0218551541181659,-1.67181272468656,3,5,7,7,3,29,15,11,24,34
"1541","TRINITY_DN20993_c0_g1",3.88710097632323,-2.38311635450948,6.30859502343509,4.19372415085446e-05,0.00153021524632715,0.171766715727508,2,1,1,4,2,19,19,19,23,12
"1542","TRINITY_DN20995_c2_g2",3.2772398206379,-2.45198565920239,3.51522602448412,0.00436171398540279,0.029649014354899,-2.22859062840937,0,7.78,0,11.43,0,24.58,8.9,14.38,19.58,6.12
"1543","TRINITY_DN21033_c0_g1",-1.76453267628999,0.467087635932719,-4.87273637443408,0.000401492857610508,0.00619649184538919,0.353738372242958,87.91,113.98,54.22,38.97,83.58,20.64,9,16,41.43,14.68
"1544","TRINITY_DN2104_c0_g1",-1.5725150701516,7.45750573264847,-19.6273730267196,2.2350180245783e-10,3.33965331629966e-06,14.4053750567247,9057.41,7707.29,8073.66,6949.98,8738.64,3044.74,2520.81,2706.95,3289.92,2188.76
"1545","TRINITY_DN21048_c2_g1",1.48029614053922,0.97462501127459,5.67840571626058,0.000109078739400044,0.00272253866888554,1.57525228412942,26.03,31,46.02,51,23,98,86,82,111.03,61
"1546","TRINITY_DN21051_c1_g1",-1.05594259897449,0.367468854414572,-4.6334081026328,0.000601612773505427,0.00797789175444902,-0.0297666641169307,50.07,58.23,56.17,36.08,63.46,17.69,14.2,21.12,37.53,25.07
"1547","TRINITY_DN21059_c2_g1",-1.46414834853716,5.31244088937951,-13.37180374856,1.72547847343603e-08,1.91263126357264e-05,10.0993812427114,1572.13,1612.31,1985.55,1975.93,1913.08,624.66,662.13,623.07,677.06,637.54
"1548","TRINITY_DN21070_c0_g2",2.68012750918917,-0.474220981861557,3.15644608021012,0.00842708197276963,0.0454825816135664,-2.35531008928379,0,21.05,8.01,28.72,15.78,28.16,34.55,49.64,42.09,88.06
"1549","TRINITY_DN21073_c0_g1",-2.68821430570495,2.63463886899349,-12.7636096729985,2.89248664412822e-08,2.64041494040611e-05,9.3636539734978,562.83,377.18,435.7,318.7,500.64,78.25,32.39,69.01,108.35,52.26
"1550","TRINITY_DN21078_c0_g1",-1.47267494006412,1.4408769918258,-7.9172308515946,4.6323041096494e-06,0.000441020928377879,4.58292224333825,160.55,105.1,135.04,106.53,119.46,50.19,38.51,34.19,67.58,27.24
"1551","TRINITY_DN2108_c3_g1",-2.72579562263766,-1.55261713131358,-4.22888968874174,0.00121215397670952,0.0127623047947477,-1.21752621596821,29.87,28.64,23.81,14.55,34.32,3.49,0,4.2,3.22,6.97
"1552","TRINITY_DN21084_c0_g1",-2.27693837460763,-1.58848659634759,-3.62247565416627,0.00358755134096652,0.0261592460870616,-1.84859155093526,31,11,27,21,23,4,2,1,8,2
"1553","TRINITY_DN21087_c0_g1",-2.45118241909226,2.32294634126356,-10.5225032477574,2.38086107174413e-07,8.97665997591084e-05,7.41515075805142,278.56,211.45,364.93,382.56,391.8,49.99,47.21,48.56,85.25,52.69
"1554","TRINITY_DN21089_c0_g3",-3.50860529528138,-1.63007201980876,-5.07841120998013,0.000285397908855888,0.00499224339238483,-0.640329006617606,40.84,28.48,25.04,25.47,31.99,1.04,1.02,3.09,0,6.33
"1555","TRINITY_DN21091_c0_g1",-1.39995832521892,0.903997176540959,-4.55939062941949,0.000682824147672724,0.00867695628682996,-0.18650731470624,128.19,76.77,91.02,41.13,104.29,23.01,16.07,32.82,39.39,41.38
"1556","TRINITY_DN21094_c0_g1",-1.2546656039408,1.07252459113232,-4.21732990728679,0.00123703200534509,0.0129380833529556,-0.783890489478966,83.1,135.77,78.2,62.25,96.17,49.65,52.38,29.62,27.19,24.63
"1557","TRINITY_DN21160_c0_g1",1.63062447317113,-0.306167277063583,3.71259620321182,0.00304644153103365,0.0234706744522353,-1.48969668716552,14.35,6.64,18,17,14.33,57.01,52,29,23,34.27
"1558","TRINITY_DN21166_c0_g1",-1.44161901864719,-0.114503373743356,-3.93179857670869,0.00205306347696907,0.0180366301272524,-1.14475759869334,35,58,28,35,74,22,9,14,17,8
"1559","TRINITY_DN21179_c0_g1",1.16646629834133,1.53226496620083,5.93295525758389,7.36496274185715e-05,0.00215221837248164,1.9285491512643,49.3,51.62,62.24,63.21,46.83,93.08,104.09,149.83,151.83,90.04
"1560","TRINITY_DN21186_c3_g1",-1.17140412724035,0.120228881526399,-3.61466846750136,0.00363883842300377,0.0264230661232742,-1.70895424429737,44.4,39.59,58.83,27.54,68.57,24.9,7.11,30.85,16.68,16.97
"1561","TRINITY_DN21195_c0_g2",1.82736271447867,0.491946172342889,7.04312932993415,1.47286028617495e-05,0.000836217400032905,3.40648996234803,23.49,20.07,26.07,16.63,21.3,74.69,95.19,62.63,86.38,42.31
"1562","TRINITY_DN21208_c0_g1",1.44190340046054,2.24604233256407,6.11200759487918,5.61746850773482e-05,0.00182660419145695,2.14269653729275,61,64,123.26,86,78.69,252.99,202,281.87,214.27,134.24
"1563","TRINITY_DN21227_c0_g1",1.05489270787988,0.916908763607105,6.60582047321882,2.72266100087364e-05,0.00118353622209279,2.89319805345989,43,33,40,28,42,71,69,72,78,70
"1564","TRINITY_DN21232_c1_g1",-1.04362984007591,1.15387724294912,-3.62233408464378,0.00358847472315823,0.0261629057981353,-1.83624713197016,92.77,86.32,146.67,43.4,98.28,33.49,25.56,47.55,48.34,49.98
"1565","TRINITY_DN21262_c0_g1",-1.68215898279851,1.44143806072001,-9.84550018183246,4.8454189896851e-07,0.000135484026290862,6.63842008097648,173.28,107.83,123.61,126.35,137.45,41.43,35.99,33.8,44.06,39.41
"1566","TRINITY_DN2127_c0_g5",-1.26224415797267,1.39566595596209,-6.43871079865589,3.46607316044911e-05,0.00137110816278163,2.66786581097885,149.83,89.72,125.97,94.92,107.5,40.53,46.98,39.74,70.33,29.03
"1567","TRINITY_DN21295_c0_g1",-1.02956258991704,2.1158735228424,-4.24447647029174,0.00117942917376057,0.0125298453760078,-0.891830663221058,211.89,169.46,177.47,126.42,171.1,90,31,80.4,147.93,89.86
"1568","TRINITY_DN21302_c0_g2",1.54652637024622,-0.893199226288841,4.03589007983119,0.00170506989082925,0.0159831634556531,-0.984543034096279,10.46,4.67,7.46,15.62,14.09,18.65,18.06,19.39,34.74,25.98
"1569","TRINITY_DN21334_c1_g1",1.7609678501292,-0.473269126702057,3.90693026223704,0.00214657013816874,0.0185734868632125,-1.16505150588996,17.06,9.25,11.43,21.87,5.82,23.18,49.48,29.14,31.58,39.96
"1570","TRINITY_DN21336_c0_g1",-1.32397648583687,1.20072738702597,-4.93054081801688,0.000364554637349279,0.00584134345865234,0.394521552161496,82.13,79.91,167.09,71.45,122.31,27.27,38.31,48.4,42.68,32.8
"1571","TRINITY_DN2134_c0_g1",-1.19387178801991,6.77920476072954,-16.4994187124419,1.62287533380514e-09,4.80063945104407e-06,12.4470036978309,4685.17,4473.02,4358.77,4188.87,4800.36,2094.96,1878.06,2006.43,2014.33,1777.46
"1572","TRINITY_DN21356_c0_g1",2.03726004472757,0.0469375201136211,5.8768017925451,8.02526873131579e-05,0.00225487406028555,1.80874695922637,14.37,11.36,27,19,9,67.07,39,54,49,68.59
"1573","TRINITY_DN21357_c1_g1",3.92372680305727,-2.86538142373599,4.09841612897922,0.00152592981998011,0.0148735065923785,-1.62807635290422,0,12.32,0,0,0,14.99,8.9,23.44,7.85,14.62
"1574","TRINITY_DN21366_c0_g1",-2.76632605055373,2.43524722790674,-9.8687726543466,4.72544533347512e-07,0.000135014967728474,6.78366655929173,545.18,360.94,312.52,242.47,537.52,43.1,50.8,60.54,72.79,46.95
"1575","TRINITY_DN21370_c0_g1",1.61852218445124,0.515110462673799,3.14994152778398,0.00852871649513974,0.0458126983373309,-2.55907239224404,20.86,22,44.62,40.59,9.82,123.94,57.67,103.63,58.56,26
"1576","TRINITY_DN21398_c0_g1",-1.90286944001403,1.44271981401356,-8.91236529932474,1.379216029421e-06,0.000228873581359389,5.6901033738705,129.09,127.81,189.8,102.33,181.37,39.17,33.41,44.51,38.24,26.62
"1577","TRINITY_DN21404_c0_g1",-3.75339916904223,-0.2508563037125,-3.20943665775361,0.00764329835367939,0.0427548077864553,-2.26882613522204,24.65,89.68,186.98,90.57,123.06,5.13,1.97,6.45,4.76,7.02
"1578","TRINITY_DN21409_c0_g1",1.20214183453251,2.29198474823786,4.96793322671673,0.000342574480648717,0.00563810961311973,0.320790003471007,79.08,78.18,140.81,108.13,59.27,180.64,169.44,221.51,191.28,254.35
"1579","TRINITY_DN21419_c0_g2",1.53437659720206,-0.333976557770551,3.12988337782946,0.00884996751162687,0.0469370219120967,-2.45873263286699,29.58,6,19.63,4.91,24.09,41,40.99,16.6,52.01,38
"1580","TRINITY_DN21421_c1_g1",-1.48333078390181,-0.509507038265761,-4.52074587775373,0.000729698861801474,0.00906631848428037,-0.209443819178489,42.89,22.07,37.92,25.62,47.06,8.99,4,10.03,19.83,9.13
"1581","TRINITY_DN21421_c3_g1",1.06630312649111,0.4973123947172,3.95925075768313,0.00195470767909623,0.0174861686802449,-1.16369472020853,32.72,19.25,35.04,31.59,23.9,86.68,53.55,43.96,56.94,35.26
"1582","TRINITY_DN21432_c0_g1",2.28902281465517,-1.57115346319268,3.75459010020207,0.00282363394234528,0.0222768496869778,-1.64814472188068,7.82,2.27,1.09,6.87,12.6,21.48,18.64,14.36,30.52,10.69
"1583","TRINITY_DN21444_c0_g1",-2.94233395385428,-1.48263784803999,-3.92886706898473,0.00206386411790538,0.0181026284096169,-1.57334924054951,31.49,45,19,16,42.24,2,1,1,7,3
"1584","TRINITY_DN21450_c0_g2",-1.13898500038345,0.503027649941032,-4.83084702450602,0.000430701979605044,0.00648602491072381,0.281041902474749,70.96,44.72,72.21,45.93,65.33,37.57,19.45,19.4,35.55,14.37
"1585","TRINITY_DN21461_c2_g3",1.18239465361921,-0.413683568115818,3.15035494768788,0.0085222201607123,0.0457896904921713,-2.43082341215204,12,8.12,21,15,20,33,43.53,23,22,27.73
"1586","TRINITY_DN21498_c0_g1",-1.62394586335011,1.51823213922382,-3.81962148209568,0.00251110690186396,0.0205368181589333,-1.5290906438408,170,161,235,42,165,44,29,38,57,47
"1587","TRINITY_DN21516_c1_g1",-2.019604825123,2.38763327048305,-10.3519733143069,2.83732995832196e-07,9.95053219394787e-05,7.27968960681877,283.54,369.85,293.02,208.04,293.15,67.08,44.04,76.45,75.79,85.3
"1588","TRINITY_DN21535_c0_g1",2.31810042910451,-1.86550756556538,3.29802773247415,0.00649374030169651,0.0384740322122277,-2.32858338914952,0,7.97,12.1,6,2.83,15.1,11.63,14.67,22.54,9.89
"1589","TRINITY_DN21539_c0_g1",-3.18248270097259,0.364280461949865,-8.40198234491418,2.53372355078662e-06,0.000322953502446671,4.59271116203518,146.71,94.48,102.82,68.66,147.18,6.98,3.49,13.6,22.01,9.02
"1590","TRINITY_DN21561_c0_g1",-2.48556523647637,-1.21726592824957,-5.27961853476783,0.00020555106089236,0.00407487746634567,0.29230501942419,36.01,28.81,36.66,16,31.09,2,2.01,3,6,6.35
"1591","TRINITY_DN21564_c0_g1",-2.52266315128876,0.0839251409049298,-10.8164856691021,1.76915718299833e-07,7.95737886945985e-05,6.51227691245373,81.21,67.35,69.72,58.28,76.32,10.22,4.45,13.31,12.91,12.15
"1592","TRINITY_DN216_c0_g2",1.15208030189867,3.5653343068423,4.92241521084896,0.000369523979561203,0.00589423847036055,0.0495060315638307,194.19,226.77,180.76,306.54,187.48,389.81,616.85,471.1,414.88,532.12
"1593","TRINITY_DN21616_c1_g1",1.81180087953748,-0.877143818985862,3.40773567806237,0.00530943591611282,0.033723375678389,-1.95623839752875,2.8,7.47,11.93,17.44,15.16,22.4,25,33.78,36.4,13.7
"1594","TRINITY_DN21633_c0_g1",1.40593075643389,-0.371988794798675,3.66047234406908,0.00334830859634365,0.0249301796580827,-1.57728430146195,17.49,13.09,22.16,8.61,11.25,38.4,24.71,58.38,40.02,14.32
"1595","TRINITY_DN21637_c0_g1",1.24812036221304,0.0673938266778528,3.57909774965911,0.00388217937459107,0.02755659262417,-1.76536281258362,28.48,12.89,21.86,15.8,23.49,48.36,15.23,38.6,80.68,46.83
"1596","TRINITY_DN21651_c2_g1",-1.28849445037728,0.341462611575698,-5.19582530204654,0.000235492769241361,0.00441764223568699,0.855467304542212,61.57,48.24,53.45,59.13,56.57,19.48,16.33,30.34,31.22,9.36
"1597","TRINITY_DN21654_c2_g1",-1.15050378294803,-0.403742118272747,-3.750765068852,0.00284321692129298,0.0223829863249639,-1.42816785101355,37.59,31.97,31.21,18.14,48.18,10.93,6.93,20.8,16.41,8.63
"1598","TRINITY_DN2167_c0_g2",1.01613837096585,0.310619496844012,3.21960632857478,0.00750150894192208,0.042254869878482,-2.4198929151714,38.72,34.53,12,15,38,44.4,44,37,65.49,39.77
"1599","TRINITY_DN21680_c0_g1",1.41036642215167,0.339829813675511,4.23997677701336,0.00118878108325285,0.012598232117338,-0.670991183787845,26.77,21.78,14.61,17.64,34.29,47.56,43.13,78.33,39.27,73.43
"1600","TRINITY_DN21685_c0_g1",-1.22219598840841,0.977799903331488,-5.82882215139933,8.63917426578183e-05,0.00234690636049952,1.79786137073953,92.01,73.59,75.15,105.85,71.78,33.15,28.73,33.29,31.92,36.56
"1601","TRINITY_DN21694_c0_g1",-1.19172339491003,-0.131540638376326,-3.70205800672688,0.00310513599190943,0.0237306782897539,-1.53295563692885,52,38,51,18,48,13,12,12,30,11
"1602","TRINITY_DN21695_c0_g1",-1.53605742156679,-0.762032035419047,-4.43159376815741,0.000851104068347849,0.0100593696367743,-0.378543836634512,33.9,30.96,29.99,14.28,39.73,7.26,4.17,9.34,9.03,9.5
"1603","TRINITY_DN217_c0_g2",-1.1380018566892,5.01993508770255,-3.80585771564626,0.00257414525997265,0.0208872539696134,-2.13671433963223,1379.6,1220.17,2252.75,612.93,1673.33,557.89,326.17,709.6,1041.95,512.96
"1604","TRINITY_DN21706_c0_g1",1.50208921869506,1.16612726961561,5.51132165369311,0.000141856652193265,0.00322431703707239,1.31488872569993,38.03,20.65,50.43,36.45,53.05,133.35,74.7,121.44,135.73,59.71
"1605","TRINITY_DN2171_c2_g3",1.18365969944089,4.62645498357817,9.28155134825016,9.02917352459694e-07,0.000181384115652372,6.11355033413073,362.24,418.74,536.93,469.9,450.8,999.16,1022.05,1175.89,1019.39,820.74
"1606","TRINITY_DN21728_c0_g1",1.44647332779307,1.14754466476993,6.93678413639953,1.70633138108609e-05,0.000909224904566635,3.34091436516392,37.72,35.54,28.96,53.3,39.07,121.05,82.06,82.78,127.52,77.12
"1607","TRINITY_DN21744_c4_g1",-1.82349695378529,-0.830366454614372,-5.40593616932536,0.00016776508367461,0.00357580874897051,0.891152291405186,45.07,21,30.06,26,32,6,4,9,8.07,6
"1608","TRINITY_DN2175_c2_g1",-1.35063680069587,1.07772332706563,-6.01394906484275,6.51211332826313e-05,0.00199227660295025,2.06696206090432,103.93,97.79,71.79,97.72,92.86,32.18,27.35,40.73,27.72,42.96
"1609","TRINITY_DN21758_c0_g1",1.48270613332799,0.659661791396108,3.63843832827266,0.003484980021901,0.0256341568763458,-1.7294601801242,19.93,62.97,13.79,25.3,31.27,59.8,69.48,89.91,48.83,89.8
"1610","TRINITY_DN21781_c0_g1",-1.84992857113386,1.19841937338444,-8.02744869437795,4.02923967656266e-06,0.000412564830054764,4.67743951855506,143.85,118.9,138.78,89.29,112.11,27.42,13.22,36.47,43.34,41.44
"1611","TRINITY_DN21789_c0_g1",1.62180070902504,-0.949662520922536,4.2019419175258,0.00127097384116274,0.0131563448999287,-0.752840662636451,7.51,7.31,11.46,9.1,10.15,23.92,13.86,27.66,19.77,31.91
"1612","TRINITY_DN21792_c4_g1",2.82993515595978,-2.04263770669154,4.86424727756147,0.000407239788270196,0.00625098976683584,-0.904355972093764,3,4,7.01,1.82,2,18.42,12,18,19,12
"1613","TRINITY_DN21796_c0_g1",-1.13660555511277,1.47344082653559,-3.30115629608515,0.00645650756918868,0.0383156071558143,-2.45794825844501,108.67,100.3,62.18,181.2,150.7,59.87,42.66,26.61,68.52,53.95
"1614","TRINITY_DN21796_c1_g1",-1.4223529112454,-1.21713301539665,-3.30825426239779,0.00637283535906813,0.0380019048509493,-2.11835258333171,25.2,16,30.8,10.74,24.65,3.2,2.14,8.35,8.85,7.39
"1615","TRINITY_DN21799_c1_g1",-1.49145713993592,1.1923954398716,-5.36184018553628,0.00018004726904032,0.00374916275693018,1.08386443597399,152.82,111.88,109.91,55.25,121.41,42.15,18.64,37.13,59.38,26.6
"1616","TRINITY_DN21809_c0_g1",-2.25183103807035,-1.57157873293465,-3.12343028170857,0.00895588862555818,0.0472888593520669,-2.46175409434619,31,14,23,14,20,6,3,6,0,9
"1617","TRINITY_DN2181_c0_g2",-1.23142355425065,-0.605585605988692,-3.10722876841162,0.00922747562500256,0.0482346376375923,-2.47114406040199,36.51,26,14.95,29.82,41.83,14.56,13.15,10.59,7.53,6.97
"1618","TRINITY_DN21835_c0_g1",-1.81811689655885,0.460128416746586,-6.92573168453093,1.73276895258594e-05,0.000918026530520771,3.25236828235932,73,79.74,77.9,79.23,50.59,15.01,20.66,18.31,17.18,19
"1619","TRINITY_DN21851_c0_g1",1.16871234976571,2.84053527209157,6.38322631133883,3.75844290019149e-05,0.00143570205899376,2.47968207345358,107.79,145.95,153.92,154.79,103.55,359.37,228.07,353.18,298,230.83
"1620","TRINITY_DN21859_c0_g1",3.05280367813583,-1.04912731324959,3.30720566876626,0.00638512686908787,0.0380361770318364,-2.1937919165301,23.66,11.91,0,0,33.12,50.6,38.08,26.44,45.98,27.76
"1621","TRINITY_DN21867_c1_g1",-3.54694538004308,-2.42385602729321,-4.61928992210892,0.000616285748157146,0.00810397749891092,-1.11735123220369,21,12,22,12,30,0,0,1,6,1
"1622","TRINITY_DN21867_c3_g1",1.34166192547859,-0.706360692263592,4.23415517039835,0.00120099478508189,0.0126808216174814,-0.657247293268223,22.3,7.61,13.49,5.35,13.55,28.07,19.8,24.05,28.04,24.22
"1623","TRINITY_DN21900_c0_g1",1.11496386976769,0.742912931336564,3.65579550698735,0.00337685137394506,0.0250542080974795,-1.71773568704968,26.01,26.01,56.03,19,48.59,57,42.44,68,124.37,52
"1624","TRINITY_DN21912_c0_g1",1.04452049954518,-0.456071362098393,3.14093917751613,0.00867141965780603,0.0462790544658369,-2.44614361919595,14,11,22,9,22,25,22.01,16,41,35.01
"1625","TRINITY_DN2192_c2_g1",1.04087759609508,-0.00767633501973636,3.11304076652128,0.00912910877222957,0.0478788906238107,-2.5594605259809,14.64,12.52,34.81,32,16.62,29.76,25.98,35.94,54.07,39.29
"1626","TRINITY_DN21939_c0_g1",-1.3428344685827,-0.604867492415847,-3.27246661506373,0.00680620374175209,0.0396714474577915,-2.19084146398745,51.77,22.25,28.92,20.9,36.41,19.89,6.11,11.25,16.55,2.08
"1627","TRINITY_DN21942_c1_g1",-1.15386565543528,1.28776675084403,-3.62420026103239,0.00357632216503762,0.0261148139681203,-1.8515005509944,135.64,136.16,89.43,88.53,64.91,39.83,60.54,63.22,35.51,24.98
"1628","TRINITY_DN21953_c2_g1",-1.28057524749768,3.85539524248713,-3.83128015594802,0.00245895349136539,0.0202668310323366,-1.92007684269166,482.89,862.22,740.54,320.78,917.45,349.06,122.61,363.42,400.7,147.62
"1629","TRINITY_DN21971_c1_g1",-2.00276901290796,0.914229022489937,-4.05537205872491,0.00164703005941554,0.0156422496799511,-1.0248614473923,135.55,137.5,37.42,146.25,112.37,23.94,32.42,24.14,19.86,19.09
"1630","TRINITY_DN21979_c0_g1",-1.96494165605284,-1.24845575214868,-4.31968386509386,0.00103394904902114,0.0114161069492953,-0.735813028221378,22,18.38,22,24.07,33,9,1.03,5,3.14,7.1
"1631","TRINITY_DN21981_c0_g1",1.91915740084823,-0.57341306976522,5.60326240882411,0.000122700871336098,0.00293508049607589,1.26998294828242,17,8,9,10,10,36,18,30,60,31
"1632","TRINITY_DN21992_c0_g1",-3.23754413168239,1.28310058854204,-3.23763891570967,0.00725659153696329,0.0413556429549632,-2.44443675179798,263.12,356.16,234.37,209.76,90.29,65.3,28.21,92.79,40.64,0
"1633","TRINITY_DN22005_c2_g1",2.37558355966506,-1.17067031421504,3.33722477768971,0.00604256743040339,0.0367659606621114,-2.11153681030302,8.46,11.49,9,1,7.68,16,18,18.77,71.48,27
"1634","TRINITY_DN22014_c0_g2",1.15895181832498,-0.022631174218909,3.09173284107078,0.00949498075289159,0.0491528175510794,-2.59050872322286,24.06,13.69,28.16,22.33,11.88,56.61,52.32,39.25,28.49,23.28
"1635","TRINITY_DN2202_c0_g1",-1.24729670627798,4.34661460532527,-4.95425311175003,0.000350450027342886,0.00571416732263786,-0.00421469571826538,798.36,720.85,1490.15,460.26,1146.97,317.19,295.35,423.72,489.98,296.89
"1636","TRINITY_DN22023_c0_g1",-1.53149893196474,-0.018996832928745,-5.17857772239103,0.000242207108087608,0.00450817512066872,0.820181639910349,62.76,39.46,40.14,37.32,57.09,9.82,9,21.61,12.54,22.05
"1637","TRINITY_DN22025_c0_g1",2.26710971297304,-1.65219335588531,3.2936439992938,0.00654627691678539,0.0386377858070302,-2.27172155857974,6,1,12,12,3,14,15,16,18,24
"1638","TRINITY_DN22035_c0_g1",-1.87758427783884,-1.49080918366528,-3.53362810709297,0.00421765671333945,0.0290146174667791,-1.86148428672382,27.97,17.15,11.47,19.62,23.14,1.2,7.23,5.72,3.43,3.57
"1639","TRINITY_DN22045_c0_g3",-1.92402791107284,-0.992383995392021,-4.22273169986712,0.00122534137612121,0.012852876618727,-0.779005470209926,35.74,36.01,20.89,18.56,35.59,10.73,5.51,3.93,11.37,1.05
"1640","TRINITY_DN22059_c1_g2",1.16797454066567,-1.14887334404494,3.63281465966438,0.00352076893155993,0.0258300686275441,-1.61152733959437,9,9,14,7,8,21,15,16,17,14
"1641","TRINITY_DN2206_c0_g1",1.16030366292848,4.21056569960211,10.6868272991555,2.01504466969176e-07,8.33879218842975e-05,7.66021473394893,375.45,297.6,332.28,363.22,316.71,843.11,600.45,690.72,1011.71,628.2
"1642","TRINITY_DN22078_c0_g1",3.36795390533554,-0.215080328726986,7.64627041959533,6.56574124977345e-06,0.000516205351615518,3.29023026526593,13.4,15.19,4,4.95,7.91,55.55,73.88,73.83,118.57,55.48
"1643","TRINITY_DN22086_c0_g1",-1.57770204335144,1.61233550701661,-8.02926465139704,4.02003711330503e-06,0.000412462452514539,4.72781637048751,182.83,129.91,138.81,98.83,181.35,49.06,29.42,56.64,52.36,45.5
"1644","TRINITY_DN22092_c1_g1",3.27610706085737,-1.25225986486055,3.25801822726334,0.00698951252153964,0.0403484609190042,-2.31724164348817,0,2.06,5.4,20.19,10.94,40.95,52.8,27.12,49.24,11.24
"1645","TRINITY_DN22094_c0_g1",-1.05705540389973,1.95546061634586,-6.16632679600389,5.17887683416078e-05,0.00173863494106921,2.24561586902518,124.85,163.04,162.19,166.04,152.04,90.01,53.23,57.03,94,64.98
"1646","TRINITY_DN22094_c1_g1",1.32532176526656,-0.72830590991636,3.47568887884487,0.00468844610209516,0.0310863707905848,-1.85513714722771,20.25,4.07,13.71,14.28,11.44,32.1,16.68,24.6,29.42,19.27
"1647","TRINITY_DN22094_c2_g1",-2.48075389775242,-0.918759104617906,-4.7249951190051,0.000514881655293552,0.00724636721981127,-0.16843236880126,56.44,50.77,34.32,18.46,30.48,3.41,2.03,7.18,8.22,3.07
"1648","TRINITY_DN22096_c0_g1",1.52316358002813,-0.134912685508073,4.74490495958964,0.000497822364426388,0.00710223522165102,0.159013744903853,21.41,8.69,21.23,10.62,22.24,43.32,21.34,53.3,59.33,32.02
"1649","TRINITY_DN22108_c0_g2",-3.88104139448123,-0.257837776108269,-5.80437307540129,8.97095704929094e-05,0.00240027236154175,1.09722922370609,132.37,90,50.8,88.77,114.61,5.15,1,9.39,9.48,2
"1650","TRINITY_DN2211_c2_g1",1.00798228128902,0.695037304859828,3.34181155620679,0.00599189244466998,0.0365543716570461,-2.2629216672454,46.86,41.18,16.15,38.29,29.52,70.28,65.49,39.87,84.02,47.66
"1651","TRINITY_DN2211_c5_g2",1.75691398550516,-0.44119167081394,4.65127308534108,0.000583567452197916,0.00782744091985677,-0.0114018234030366,18.42,11.68,12.37,6.94,11.41,21.36,51.36,27.42,49.2,34.05
"1652","TRINITY_DN22114_c0_g1",-1.32284851822814,1.21510145332117,-3.65427534657327,0.00338618252252748,0.0251097711030189,-1.78157154484568,114,121.03,134,58,98,38,9,56,59,56
"1653","TRINITY_DN22127_c1_g1",-1.48905852428359,-0.955815602837571,-4.46986372638946,0.000796593914228788,0.00964270098124762,-0.36015029848735,34,24,18,20,28,9,7,7,6,6
"1654","TRINITY_DN22134_c0_g1",1.33360585455983,2.00066085181958,8.30521043562088,2.8521796124094e-06,0.000336072977074872,5.07732437935444,55,88,72,66,73,199,138,181,189,153
"1655","TRINITY_DN22166_c0_g1",-2.41535535926252,-0.196155942200693,-7.79179958896819,5.43830173368678e-06,0.000476131370686704,3.78998670425838,53.04,54.04,54.03,52.01,77.02,7,4,10.01,19.02,6
"1656","TRINITY_DN22169_c0_g1",1.85634611021671,-0.158216496532018,3.39165981713628,0.00546820965225848,0.0343904403195838,-2.03406520837084,24,29.68,19.46,6,6,18,50,54.7,79,41.56
"1657","TRINITY_DN22174_c0_g2",-2.49328636444952,1.59171010145327,-6.30409902410704,4.22160319821815e-05,0.00153393229488706,2.47946417857647,245.54,145.01,244.04,197,166.46,69.67,5.46,63.81,34.61,31.12
"1658","TRINITY_DN22174_c0_g3",-1.30865597584665,2.57116491896364,-5.11063684979194,0.000270680681460017,0.00483378383801757,0.524624132445281,287.85,229.05,241.67,270.37,262.04,151.32,50.39,86.9,227.34,58.93
"1659","TRINITY_DN22174_c0_g4",-2.28372746907414,0.277437505032667,-5.06734899652974,0.000290641991548727,0.00504793256390479,0.65487547575229,95.66,132.37,46.36,68.7,61.81,16.57,3.05,17.79,26.54,9.57
"1660","TRINITY_DN22182_c0_g1",1.06904608106213,-0.300712814036412,3.29670213366911,0.00650958166319878,0.0385531697511117,-2.20584404430065,13,20,9,19,26,25,28,22,45,31
"1661","TRINITY_DN22186_c0_g1",2.18646046108785,-1.18128088662938,3.50064935772801,0.0044793825881411,0.0301608845619125,-1.86907178879666,10,8,13.01,1,8.01,31.65,21,11.52,41.02,25
"1662","TRINITY_DN22200_c1_g1",1.43267996727983,-0.363540950602217,4.92127743006267,0.000370225461358226,0.00589729350839824,0.413563207936279,12.08,13.73,14.36,10.67,18.22,34.21,31.94,31.66,26.17,40.42
"1663","TRINITY_DN22249_c2_g1",-1.44969751405468,0.973373279115399,-4.53564842808785,0.00071123671247169,0.00893349002225166,-0.231504544597243,109.84,79.6,122.29,40.87,125.01,22.76,19.41,41.23,48.67,26.95
"1664","TRINITY_DN22280_c2_g1",-2.88436289974233,-1.66012115831396,-3.13441423808187,0.00877635218973167,0.0466928434807093,-2.57762495076676,17.31,33.36,17.79,21.17,44.13,20.27,1.52,1.74,2.23,0
"1665","TRINITY_DN2229_c0_g1",-1.04129816181781,6.66176903044143,-15.918487562961,2.4363967831167e-09,5.07582031154333e-06,12.0426406454536,3991.51,3612.66,4571.19,3692.43,4110.21,1953.82,1654.7,2091.14,2052.93,1754
"1666","TRINITY_DN223_c6_g1",1.60829674990758,-0.000238015409227543,4.35804128571025,0.000967063241847405,0.0109363242256214,-0.453944375828228,18.03,16,29.43,12.22,11.26,58.19,50.85,66.57,32.31,30.76
"1667","TRINITY_DN22302_c0_g2",-2.19953149021328,-1.148983907839,-5.23654253380706,0.00022040750045743,0.0042542211391152,0.397821121018853,35.27,30.75,20.42,22.57,28.74,2.62,4.49,2.41,6.54,7.38
"1668","TRINITY_DN22304_c0_g1",-1.44744886746156,0.276390869453369,-4.5203707718839,0.000730169966909815,0.00907010070174227,-0.204806985672468,40.37,38.26,87.77,55.11,72.92,26,15.4,19.73,19.72,11.43
"1669","TRINITY_DN2231_c2_g1",1.02764913471325,1.69774424657363,4.66654152703265,0.000568593556900695,0.00771207250672301,-0.106528385075092,76,74.14,63.56,72.28,39.78,140.3,108.34,129.48,173.94,80.37
"1670","TRINITY_DN22321_c0_g2",-2.1815452794262,-0.880294329112451,-3.09038771602259,0.00951856601800475,0.0492337289147686,-2.44867061413783,36,25,41,31,30,15,17,0,10,8
"1671","TRINITY_DN22329_c0_g1",-1.33576818935472,1.96877578443837,-5.9780858865939,6.87605860843777e-05,0.00206295051744884,1.96714280430958,182,160,239,104,183,68,54,100,69,44
"1672","TRINITY_DN22330_c0_g1",-3.16457371711042,-1.44844739365225,-3.28396352663573,0.00666382225344143,0.0391386815255222,-2.36728704311402,48,34,27,11,61,5,1,1,6,1
"1673","TRINITY_DN22339_c0_g1",-1.13580589880202,1.21432698591089,-5.07644901273082,0.000286320786785828,0.00499926792783817,0.626460345401103,134.92,78.77,98.11,63.27,111.17,31.91,37.38,44.4,66.65,28.44
"1674","TRINITY_DN22347_c0_g1",2.29008541353832,-1.18261824846576,4.7507237639365,0.00049294919896859,0.0070489123650717,-0.191140435414965,7,7,8,10,3,25,18,21,45,17
"1675","TRINITY_DN22350_c0_g1",-1.73107996368029,-0.284031105910905,-3.74912915366516,0.00285163484942919,0.0224435630332785,-1.42628188925222,55.79,66.36,31.52,25.78,43.97,25.67,13.82,3.46,18.01,4.56
"1676","TRINITY_DN22372_c0_g1",1.86853199074377,-0.811922689513211,4.37902394037479,0.000932395501598373,0.0106804794918283,-0.48757879761293,8,19,11.41,2,13.8,24.91,20,31.14,38.17,26.58
"1677","TRINITY_DN22394_c0_g1",-1.31866649252255,2.42352581290165,-6.11889681058046,5.55972353239396e-05,0.00181830494494111,2.13574208024096,332.34,173.59,199.98,262.6,216.16,113.04,59.72,85.56,144.66,65.98
"1678","TRINITY_DN224_c4_g1",-1.33806852282162,2.43783231270669,-5.61233126679694,0.000120965432631565,0.00290701055562205,1.35339546763558,271.42,207.86,323.56,128.33,291.98,84.15,61.86,128.89,122.62,71.78
"1679","TRINITY_DN22400_c0_g1",-1.29710780602222,2.01480237138337,-6.74515580813927,2.23256429827311e-05,0.00105178864876,3.07488046659856,200.58,173.41,147.76,127.94,229.85,62.51,51.63,77.8,108.07,49.91
"1680","TRINITY_DN22410_c0_g1",-1.49546563283128,7.65204224985252,-16.6325813529924,1.48130206585134e-09,4.80063945104407e-06,12.5336193154865,9066.79,9309.78,8061.22,8840.27,9504.21,3106.6,3091.94,3545.84,3185.62,3106.45
"1681","TRINITY_DN22426_c0_g1",-2.50063092159498,-1.11168273683908,-4.89375868960765,0.00038762435479116,0.00606837451755816,-0.0787250396494681,36.88,33.33,21.06,43.16,26.5,4,1.37,5.42,4.29,4.82
"1682","TRINITY_DN22452_c0_g1",-1.99028192950157,0.16583577437211,-6.06706370269082,6.010155027889e-05,0.0018985972681994,2.08254201799543,98.07,51.84,47.4,54.01,69.02,30.01,8,14.01,12,10
"1683","TRINITY_DN22475_c0_g1",-1.53893839568768,-0.186682704797727,-4.53519702655976,0.000711788714090041,0.00893861473567169,-0.168597063066631,74.57,38,42.84,25.37,37.38,10.33,21,9,13.41,11.95
"1684","TRINITY_DN22478_c0_g1",1.0867276692038,0.116182402700002,3.29997588295526,0.00647053007746238,0.0383804762568944,-2.25354126439061,12,30,39,15,22,42,23,45,61,38
"1685","TRINITY_DN22480_c0_g2",1.10361994616326,0.612781361567465,3.22221738535926,0.00746553513942769,0.0421401862548727,-2.45855879332222,39.02,22.06,18.08,50.07,29.89,59.29,36.74,105.78,51.78,55.25
"1686","TRINITY_DN22496_c1_g1",-1.45141646465778,3.0716892685815,-5.07613042822727,0.000286470922114257,0.00499926792783817,0.396624496943428,314.36,246.03,620.22,492.63,325.05,86.02,134.03,166.01,214.05,111.52
"1687","TRINITY_DN22505_c0_g1",-2.02967065307725,-1.60746602347123,-3.85610922342532,0.00235156765494636,0.019677973930054,-1.50311404861092,22,28,14,11,24,3,2,4,3,4
"1688","TRINITY_DN22509_c0_g1",-1.1986029643279,0.50353370729783,-6.212267966323,4.83630019791093e-05,0.00166215735653094,2.33424557614031,61.76,68,52.83,47,71.81,25.43,16,25.28,27.22,23
"1689","TRINITY_DN22514_c1_g1",-1.48554100918066,-0.559096100667402,-3.77068498537619,0.00274273960513951,0.0218384836133183,-1.3831425175506,43.78,40.99,22.79,20.47,36.71,3.61,10.25,16.74,10.33,11.22
"1690","TRINITY_DN22515_c1_g1",1.34491813337066,-0.887580513433674,4.05972179034259,0.0016343530061192,0.015569494859092,-0.939639256817343,12.99,9.47,10.57,7,11.97,16.38,14.42,24.55,41.71,16.82
"1691","TRINITY_DN22515_c2_g1",-1.44388477211117,0.870171914361637,-5.02574998396022,0.000311286793985043,0.0052924723226041,0.574117920031987,144.1,61.23,72.44,64.02,92.09,41.68,14.14,32.28,28.65,29.6
"1692","TRINITY_DN22515_c2_g2",1.23799610088985,0.519507116738953,5.27826433684593,0.000206001678780454,0.00407497612497882,0.979283355499746,19.61,30.2,29.79,24.18,31.96,60.62,39.13,45.5,88.15,61.22
"1693","TRINITY_DN22536_c0_g1",-2.51205297237381,-0.129431317508984,-6.6232366820271,2.65558094862446e-05,0.00116826741179954,2.5926761708536,60.88,69.9,65.53,42.01,72.42,7,9,3,24.94,9
"1694","TRINITY_DN22547_c0_g1",-1.40890703743824,-0.261015714079747,-4.91739161646531,0.000372631757787653,0.00591881876481853,0.41474317949968,36.98,34.8,50.28,33.51,39.31,7.52,13.49,10.56,25.32,8.98
"1695","TRINITY_DN22588_c0_g1",1.34070140775936,-0.677788002377804,3.31909615677219,0.00624714498796202,0.0375070391703989,-2.11182450632755,23.11,10.3,9.08,5.82,14.32,32.89,39.09,22.71,25.81,13.79
"1696","TRINITY_DN22589_c1_g1",1.02197990841507,1.57405606338498,4.78893495274073,0.000462164244969216,0.00675815862007517,0.115306429530174,68.84,67.83,65.06,28.48,70.36,115.18,124.32,117.13,112.03,103.46
"1697","TRINITY_DN22592_c0_g1",-1.44352133753715,3.53663791533493,-8.06429850842947,3.84683474724371e-06,0.000401325075799002,4.72761769566228,582,496,473,677,420,198,177.02,201.03,267,126
"1698","TRINITY_DN22593_c0_g1",1.54709191620494,1.86230626921388,10.6683568329353,2.05296776947986e-07,8.4394649882578e-05,7.51083244651656,70.31,57.54,52.46,53.91,62.44,186.18,122.25,181.23,183.72,172.87
"1699","TRINITY_DN22598_c0_g1",-1.14540428669972,2.05813294533001,-5.81169594661922,8.87019024866191e-05,0.00238255382732773,1.70295492306423,160.84,110.18,213.78,166.71,210.09,60.18,70.21,71.51,103.6,69.28
"1700","TRINITY_DN22610_c0_g1",1.43559460284477,-0.929033347615636,3.63789876171087,0.0034883975941031,0.0256470052274571,-1.5962611487256,8.19,7.55,20.74,4.2,13.42,25.09,23.26,14.56,28.92,19.58
"1701","TRINITY_DN22610_c0_g2",2.32397065597869,0.163098434054011,5.99305555951335,6.7215881028562e-05,0.00203325346506236,1.97369535217638,19,8.02,10.02,35.03,14.01,66.02,59,73.06,106,36.07
"1702","TRINITY_DN22623_c0_g1",-1.4188508504791,-0.576311305067652,-3.93961661913694,0.00202454350407323,0.0178713756359274,-1.11295739444057,29.52,19.11,45.55,36.95,29.26,7.24,6.42,11.98,9.34,14.16
"1703","TRINITY_DN22625_c3_g1",-1.20607472045946,0.160004770266563,-4.21672381494951,0.00123835092385885,0.0129459519869252,-0.69754405352689,69.25,51.08,43.01,42.05,37.35,10.09,16.69,26.54,27.19,14.73
"1704","TRINITY_DN22627_c0_g1",1.96477100665094,-1.30781376964802,4.26742568486763,0.00113290760140008,0.0121800805311624,-0.82427537840552,9.44,4.05,9,3,8.94,35.47,13.44,17.65,22.06,16.16
"1705","TRINITY_DN22631_c0_g1",1.31959210913834,-0.180614047476826,3.91478981804797,0.00211655198101186,0.0184086938026244,-1.17385112025623,22,10,18,12,24,53,16,47,51,26
"1706","TRINITY_DN22635_c0_g2",2.22365413181994,0.64346755204129,9.31307467554185,8.71369050168769e-07,0.000179191990346857,5.86617910191247,19.17,16.84,36.07,12.78,25.27,79.55,71.35,94.03,115.71,92.8
"1707","TRINITY_DN22635_c0_g3",2.43611858900564,0.806891395241488,8.36852191908333,2.63929713279508e-06,0.00032832010064353,4.9576481590958,32.53,19.37,41.7,9.15,18.45,126.08,81.72,109.75,115.41,119.25
"1708","TRINITY_DN22635_c1_g1",1.78265155876327,-0.892200480859538,5.00271311958728,0.000323377409784784,0.00542356972491025,0.367127479294714,8,10,11,5,12,25,13,26,41,26
"1709","TRINITY_DN22645_c1_g1",-3.48822735378017,2.19530776551664,-11.4817461977741,9.25509453503993e-08,5.89486481223961e-05,8.13963435722711,622.47,375.45,447.51,284.07,444.29,35,17,38.15,84,23
"1710","TRINITY_DN2265_c3_g1",-1.85750448128005,-1.18865115056273,-3.28526525333693,0.00664789245645836,0.0390629757991477,-2.1634831547128,45.7,29.54,14.37,16.37,22.59,1.77,8.56,2.63,10.71,5.54
"1711","TRINITY_DN22653_c1_g1",2.12330669841587,-0.655596575416234,3.68990354673331,0.0031742755471599,0.0241204529703028,-1.51265452110953,2.2,9.33,15.55,24.58,10.6,22.93,34.11,44.76,35.47,30.39
"1712","TRINITY_DN22656_c2_g2",1.63416341695985,0.9562080768659,7.33310918492513,9.932378689326e-06,0.000657996237738764,3.8289700781762,46.14,32.16,21.09,20.88,43.59,99.06,63.47,103.4,122.26,74.25
"1713","TRINITY_DN2267_c3_g1",-1.42104906604673,7.89571873085338,-13.0434367593937,2.27457616978042e-08,2.28607325761538e-05,9.74554869087572,10178.24,11071.74,9240.94,9817.93,11025.92,3884.24,4015.15,4360.13,3530.16,3870.75
"1714","TRINITY_DN22670_c0_g2",-1.73912615236949,0.5458006957348,-7.6400130844364,6.61951198180737e-06,0.000518158369178702,4.12650278819202,96.34,69.92,82.77,45.52,82.96,19,18,17,31.22,16
"1715","TRINITY_DN22681_c0_g1",-1.45020432461808,0.121605867250763,-4.56928078331417,0.000671340538937259,0.00857817880073927,-0.119446774644079,87.3,41.29,37.81,41.12,55.29,24.02,19.04,12.41,21.04,8.01
"1716","TRINITY_DN22686_c0_g4",-2.69843201614373,-0.601403504932855,-6.25178225443507,4.56088659274469e-05,0.00160859360430701,1.80740957384139,47.62,68.1,36.53,36.02,46.36,5.02,9.82,6.76,4.03,4.33
"1717","TRINITY_DN22698_c1_g1",-2.33698595729672,-0.0338615696171416,-6.23832286542837,4.65277902164272e-05,0.00162530447377293,2.21360691852993,67.8,77.01,38.62,61,70.01,6,9,19.52,14,6
"1718","TRINITY_DN22703_c0_g1",1.06016960594423,0.442628392422091,3.88342707986314,0.00223898312000513,0.0191110928365696,-1.28768696941917,31.02,47.43,19.96,24.38,19.54,71.73,45.91,46.39,53.81,39.79
"1719","TRINITY_DN22704_c0_g1",1.21905788562924,0.264159983992127,4.44739610348245,0.00082813909878732,0.00987625483537447,-0.326244579371692,25,14,21.17,30,27,56,39,60,64,27
"1720","TRINITY_DN22706_c1_g1",1.90810730883177,-0.902196685917658,3.27187294850111,0.00681363896216893,0.0396983171007541,-2.16853314166635,3.59,12.53,5.54,4.83,33.15,47.26,22.63,23.26,20.22,23.28
"1721","TRINITY_DN22721_c2_g1",-2.26033998165362,-0.530106946327679,-5.64966138332549,0.000114090463391093,0.00280810920877823,1.26023334814924,60.45,52.95,27.61,40.42,38.83,6.19,5.15,12.32,8.17,4.11
"1722","TRINITY_DN22727_c0_g1",1.6217443637699,-0.623175114977269,4.70586621162594,0.000531848871765609,0.00740186500538432,0.0505478811633777,15.43,11,8.48,9.79,11.23,17.37,20.72,35.84,45.22,31.58
"1723","TRINITY_DN22735_c0_g1",1.52197949770762,-0.373226671428572,4.74769010767823,0.000495483579028152,0.0070737460176158,0.151751105675481,19.34,9.27,12.76,17.18,11.82,34.62,22.3,27.45,65.85,25.68
"1724","TRINITY_DN22748_c0_g1",1.25863832137835,1.18370413221125,4.14467505527504,0.00140601812035578,0.0140974267166799,-0.925146813499247,60.09,40.34,39.68,34.95,36.52,151.49,38.18,120.7,115.91,80.33
"1725","TRINITY_DN22750_c0_g1",1.08085155078158,-0.699542961117055,3.11672165655771,0.00906735661850545,0.0476544826633737,-2.45118140445379,15.17,6.47,12.73,11.56,19.74,15.19,27.25,21.11,34.33,18.04
"1726","TRINITY_DN22764_c0_g1",1.03147036434486,0.330743867232583,3.61201063379035,0.0036564690297111,0.0265122834423883,-1.74225475487914,26,25.19,17.18,33.21,27.48,46.95,23,50.39,58.4,62.99
"1727","TRINITY_DN22767_c1_g1",-1.40595256272732,-0.936599183820714,-3.42218199199862,0.00517075801565701,0.0331785851833671,-1.93341576781224,21.36,23.33,39.03,13.18,28.54,5.08,14.47,5.1,8.22,6.18
"1728","TRINITY_DN2277_c0_g1",1.36628524339625,2.65992103703315,5.77542376093222,9.38133981437874e-05,0.00246544152259841,1.58031483863302,120.7,82.7,140.59,74.61,137.37,362.31,147.82,369.46,290.31,266.48
"1729","TRINITY_DN22772_c0_g1",-1.1478891565102,1.89992662095303,-4.2568316366829,0.00115414181392381,0.0123504853755409,-0.833685039854806,263.46,132.49,121.46,123.39,147.97,42.93,70.26,62.64,119.4,53.01
"1730","TRINITY_DN2278_c1_g2",-1.42547694549764,4.13824043000932,-6.35351067609012,3.92570958483744e-05,0.00147956585773649,2.28567337253396,911.13,797.83,568.17,591.73,1252.9,300.94,214.31,277.18,490.46,227.98
"1731","TRINITY_DN22782_c0_g1",-2.62595873005977,0.14276216997373,-3.60912511078902,0.00367570900632291,0.026611378686551,-1.66936227019383,132,139,22,55,98,8,8,13,9,17
"1732","TRINITY_DN22783_c0_g1",-2.77854681182911,-1.03718225058459,-3.40294123529178,0.00535629164624961,0.0339237269308538,-2.03188461028726,47,28,63,12,58,1,4,8,8,2
"1733","TRINITY_DN22797_c0_g1",1.65705239326848,4.87530087376581,3.11193292306623,0.00914777709988408,0.0479391402024655,-3.38590984422219,1268.37,560.93,406.24,497.63,130.42,3469.3,703.66,1636.61,1505.24,862.08
"1734","TRINITY_DN22802_c0_g1",1.97454853232841,-1.84983519491745,3.68531939727329,0.0032007604245677,0.0242534182854755,-1.80529382151197,6.38,5.68,8.42,3.49,2,12.48,12.16,10.47,18.97,12.54
"1735","TRINITY_DN22810_c0_g1",-1.21983042581522,4.66575057841813,-10.6991665684165,1.99013065214511e-07,8.29096443632587e-05,7.65456456794918,1246,1080.79,988.16,877.44,1110.21,429.36,439.59,367.1,591.18,443.79
"1736","TRINITY_DN22820_c0_g1",-1.76213374531834,-0.362385889709596,-5.56429901736085,0.000130461982351625,0.00306173803118894,1.30298509155037,56,28,38,34,48,14,12,12,8,6
"1737","TRINITY_DN22835_c0_g1",-1.14842848353137,-0.703405536728429,-3.80882139753759,0.00256043533422696,0.0208122669709352,-1.32127500870916,37.12,23.98,33.11,15.66,25,6.91,7,10.8,13.98,10.75
"1738","TRINITY_DN2285_c0_g4",1.46652893864144,2.51088668904808,13.4369918403684,1.63455325563997e-08,1.89474962335443e-05,9.92742089814862,93.63,86.42,103.64,80.26,109.07,277.29,237.24,260.22,288.24,219.88
"1739","TRINITY_DN22875_c1_g1",1.41581827225835,0.825340993599881,4.070000030077,0.00160479724422915,0.0153728679225741,-1.00568500331787,32.01,30.42,40.9,33.24,21.65,165.09,50.09,89.55,65.42,50.44
"1740","TRINITY_DN22876_c2_g1",-1.02630815442324,2.3711784438119,-5.07967347123261,0.00028480588467044,0.00498985054615662,0.494398407146589,272.78,182.88,228.74,140.25,201.06,99.27,67.48,78.99,186.78,79.18
"1741","TRINITY_DN2289_c1_g2",-1.30478974051483,0.297789154047876,-4.17866352114223,0.00132416785144206,0.0135146983246324,-0.769596165517634,75.38,56.33,39.06,67.02,41.98,13.06,11.63,31.48,26.93,18.29
"1742","TRINITY_DN2289_c1_g3",-1.57386641508872,2.81368774803216,-9.88669430213887,4.6352340283661e-07,0.000133826752128743,6.85278340573676,413.23,362.5,296.21,296.4,298.09,130.87,71.12,107.34,156.48,91.23
"1743","TRINITY_DN2290_c2_g1",1.54212636977172,0.31821960826821,4.38495760902312,0.000922828372347571,0.0106021929270966,-0.428349148283934,24.52,13,24.21,23,22.08,67.99,98.12,45,58,30.3
"1744","TRINITY_DN22902_c0_g1",1.60643560547522,0.774997829407637,8.29723218754522,2.88028520481734e-06,0.000336072977074872,4.91937858419575,27,20,36,26,34,76,61,88,107,68
"1745","TRINITY_DN22908_c2_g1",-1.80313853585759,0.783459782915434,-6.93529967309629,1.70985708905876e-05,0.000909491593369609,3.30557247025884,115.53,84.38,66.08,84.91,100.22,20.17,12.93,17.59,43.84,28.71
"1746","TRINITY_DN2291_c2_g1",-1.98204619013086,-0.585779237759716,-4.42758126563993,0.000857040293203074,0.0101044480836254,-0.38163904966431,69.11,30.96,39.08,19.48,40.05,11.99,4.01,3.18,9.74,13.65
"1747","TRINITY_DN22913_c0_g1",1.30544383601344,0.980070277387087,3.30223656983204,0.00644370163183378,0.0382725418710602,-2.37166131222487,31.67,26.6,41.85,51.94,33.14,77.01,49.78,215.2,85.06,49.04
"1748","TRINITY_DN22918_c0_g1",1.12065569675758,1.54567816564748,7.41904086025835,8.85550703880953e-06,0.000612134458716105,3.97938566915143,66.82,45.3,54.33,45.07,68,136.07,84.56,121.41,145.35,96
"1749","TRINITY_DN22928_c0_g1",-2.11171939416887,1.15316986180148,-6.42410502507683,3.54061327712473e-05,0.00138544091760977,2.64629146858015,152.81,118.37,156.3,58.11,177.6,38.11,24.03,32.1,23.08,21.06
"1750","TRINITY_DN22931_c1_g1",-2.24790815304754,-0.0481492452987591,-5.11042146856814,0.000270776350308151,0.00483410157291578,0.689762748634375,55.95,35.31,112.72,45.29,75.79,14.52,2.31,12.38,16.89,10.45
"1751","TRINITY_DN22941_c1_g1",-2.27484971353319,-1.75873367241867,-3.50728354497767,0.00442543240153416,0.029940522168156,-2.04265203522823,21,16.4,16,15,24,0,5,3,5,6
"1752","TRINITY_DN22950_c0_g1",-1.02535888927061,1.15361176369838,-4.83256543596809,0.000429460940914307,0.00646899218106021,0.23487663191622,110.61,86.73,70.07,62.57,113.43,36.09,47.78,42.71,43.3,32.53
"1753","TRINITY_DN22950_c1_g1",-2.8461996496971,-1.30000438837132,-3.48859089280408,0.0045791679474701,0.0306201951062436,-2.01699421113316,38.22,38.61,41.64,36.3,15.2,6.12,0,4,5.77,4.43
"1754","TRINITY_DN22953_c0_g1",-2.78790489331071,-0.790927812133046,-5.37432512499346,0.000176476382327338,0.00370519519577851,0.616076446313173,67.14,40.99,27.81,47.11,39.95,4.23,6.29,5.27,7.35,1.04
"1755","TRINITY_DN22962_c0_g1",-1.07768902893825,-0.159025195653195,-3.77587817143508,0.00271714955167421,0.0217016858545628,-1.40896474743632,51.14,36.01,30.19,33.12,34.88,14,24.7,10.64,22.15,9
"1756","TRINITY_DN22962_c1_g1",-3.02801685480259,0.42822028901466,-4.55944280434365,0.000682763031266742,0.00867695628682996,-0.130240420461543,129.3,97.87,235.55,33.24,132.96,6.06,5.02,19.12,24.19,8.15
"1757","TRINITY_DN22967_c0_g1",-1.18579009681803,2.47565979574451,-4.30943988638649,0.00105261397767763,0.0115441625530674,-0.833955097489966,308.08,223.43,129.34,193.96,337.21,96.79,99.39,93.46,93.85,108.76
"1758","TRINITY_DN22975_c0_g1",1.02522674536889,0.271602215606666,3.94023375721935,0.00202230968723741,0.0178592760742033,-1.17334596768418,34,17,30,18,25,39,60,33,52,44
"1759","TRINITY_DN22979_c0_g1",-2.18274692369723,-1.06337235574375,-3.35275532504707,0.00587271982520098,0.0360375399509795,-2.07498557086137,33.84,25.29,22.22,41.54,33.76,11.08,0,16.3,8.21,3.31
"1760","TRINITY_DN22981_c1_g1",-1.01776114274425,2.10103982763563,-4.12946788917539,0.00144432165061104,0.0143539580755731,-1.09244291694646,186.63,126.38,191.6,124.22,220.09,84.56,33.23,115.86,95.54,97.79
"1761","TRINITY_DN23_c0_g2",1.10939168979502,4.86796782099086,9.50206815744864,7.05416796627393e-07,0.000158983209134089,6.34911724522194,535.82,573.32,583.25,428.88,588.21,1256.58,1144.45,1270.93,1061.2,1062.21
"1762","TRINITY_DN23028_c0_g1",-2.09489706111719,-0.542450833582092,-5.22161910600165,0.000225814771312364,0.00430901509819972,0.728916534709379,48.6,34.09,34.8,28.03,64,10.15,9.13,8.1,12.09,2
"1763","TRINITY_DN23040_c2_g1",-1.05500531251215,1.17026386804108,-3.55954244963358,0.00402298493847787,0.0282459865480234,-1.94919871911743,173.29,79.74,76.72,62.5,82.98,27.28,37.29,40.38,75.51,31.33
"1764","TRINITY_DN23050_c0_g1",4.61159740197317,-2.39156748301135,6.54605894488229,2.96689375630643e-05,0.00125033115577629,0.339596817154694,0,1.04,3,2,0,23,18,16,36.94,28
"1765","TRINITY_DN23068_c1_g1",-1.15556910695997,0.267505008402191,-5.06002864552344,0.000294167859018218,0.00509384770809852,0.647530173142449,56.38,33.37,57.22,49.15,59.41,24.58,18.2,14.91,25.88,17.85
"1766","TRINITY_DN23089_c0_g1",1.50171475449681,-1.44572379081308,3.08967083071458,0.00953115983795099,0.049274357939616,-2.46014712533135,5,12,11,4,5,16,21,14,12,14
"1767","TRINITY_DN23099_c0_g1",1.46960767329045,-1.56326577050125,3.10539483753868,0.00925873519699158,0.0483491821837348,-2.44600509433919,5.64,3.2,10.34,11.15,5.19,16.85,11.8,17.43,14.94,7.98
"1768","TRINITY_DN2310_c1_g1",1.19770675438407,6.12251787262586,10.8431291939291,1.72274963579739e-07,7.86308535974171e-05,7.72993467275159,1077.66,1364.62,1198.78,1382.75,1303.78,3290.81,2703.8,2776.69,3234.87,2265.63
"1769","TRINITY_DN23102_c1_g1",-1.42117004718497,0.785007513028432,-5.05723271273724,0.000295526370011402,0.0051141633376325,0.628327561192461,62.12,95.15,81.5,51.85,108.38,33.23,22.21,33.09,19.55,27.3
"1770","TRINITY_DN23106_c0_g1",1.09931935763178,-0.321733350751353,3.6656729694712,0.00331685931543419,0.0247613620139822,-1.5806406817873,20.45,12.78,17.8,15.8,13.54,25.84,18.09,32.33,30.21,47.68
"1771","TRINITY_DN2313_c1_g1",-1.52463777618134,-0.528476858490676,-3.31891471745751,0.00624922760588187,0.0375122864720541,-2.1187041527567,27.25,45.82,19.51,22.47,70.39,11.31,5.01,8.44,10.96,12.37
"1772","TRINITY_DN23132_c0_g1",-1.26387530288,1.75519494487982,-5.55590594362803,0.000132200728798778,0.00308853144127035,1.33831716714382,179.61,159.82,119.11,88.67,183.84,48.47,42.26,67.45,64.49,66.25
"1773","TRINITY_DN23132_c3_g1",1.6660980297493,-1.6893491087556,3.25728535691881,0.00699894255420988,0.0403700162714405,-2.26475643352792,5,8,2,9.82,5.69,12.12,14.25,9.43,13.99,16.32
"1774","TRINITY_DN23136_c0_g1",-1.20696133547505,-0.298795403696198,-4.41498269214248,0.000875961010529454,0.0102515844207401,-0.357937644246903,47.05,31.24,35.34,22,42.49,8,10,15.21,17.41,15.69
"1775","TRINITY_DN23137_c0_g1",-1.25858830758062,-0.104845299725731,-4.31151610787607,0.00104880290730141,0.0115308876492788,-0.526941894209041,50.88,35.69,58.13,28.26,37.14,21.55,4.89,15.22,20.61,15.49
"1776","TRINITY_DN2314_c2_g1",-1.05169863346268,4.55638538200752,-9.07121279909348,1.14753217344595e-06,0.000206613349317602,5.87293425970862,1023.93,909.49,1007.26,714.51,1002.08,365.21,374.88,469.9,646.5,399.09
"1777","TRINITY_DN23144_c0_g1",-1.32526302314871,1.07274794074821,-5.29789971661887,0.000199568519958994,0.00400151890231075,0.989355168909772,102.15,92.06,83.75,63.13,122.29,18.49,40.77,39.46,46.22,32.04
"1778","TRINITY_DN23151_c0_g1",-1.51450050255369,0.255964850872315,-4.15153206388277,0.00138909272794613,0.0139932719887258,-0.808529161739347,91,39.41,64,30.07,79,19.07,6,30.16,24,15.05
"1779","TRINITY_DN23159_c1_g1",-1.23657886206764,-0.485323224163299,-4.15161333531101,0.00138889339433314,0.0139932719887258,-0.775512366497528,39,28,29,32,26,10,11,8.03,10,19
"1780","TRINITY_DN23167_c0_g1",-1.78495598600704,-0.988779193574632,-3.57888063436179,0.0038837147055687,0.0275611874509514,-1.698181079876,37.6,36.22,19.73,17,23.34,8.21,5.07,12,2.05,7.07
"1781","TRINITY_DN23168_c0_g1",1.14179952188047,2.66023574921013,7.53175660173576,7.62829777430124e-06,0.000564653300548858,4.09880797851211,128,108,105,108,132.99,271,268,271,228,238
"1782","TRINITY_DN2319_c0_g2",3.02697990626149,0.706195596456298,3.09473005569743,0.00944263892549839,0.0490208554538251,-2.60394547338469,145.1,5.96,118.66,0,17.84,143.55,177.81,103.1,149.59,114.77
"1783","TRINITY_DN232_c0_g2",1.18921823799691,5.64161566696196,3.29031332793599,0.00658648082634066,0.0388072727348411,-3.1565439469672,1346.48,1035.35,378.86,1511.46,750.2,1999.55,3199.76,2082.29,1694.41,1504.45
"1784","TRINITY_DN23205_c0_g1",1.00887875825499,2.9619116653235,4.42900101810006,0.00085493494899451,0.0100853728665688,-0.711359528228272,135.33,140.51,225.87,210.59,85.01,318.62,266.59,302.17,319.99,282.97
"1785","TRINITY_DN23214_c0_g1",1.35707085099108,1.09746839323565,3.40468654786711,0.00533918635825237,0.0338499289145294,-2.20670073979708,44.08,16.43,42.47,55.9,43.15,109.17,177.99,73.34,77.12,58.72
"1786","TRINITY_DN23215_c0_g1",1.43323227143733,-0.678721926762491,3.48106349142437,0.00464260445129449,0.0308979338168386,-1.84762419450428,22,7,13,14.05,7,22,32,26,42,14
"1787","TRINITY_DN23218_c0_g1",1.02086198308382,-0.431651479386598,3.09649111304623,0.00941202005664275,0.0489191771745828,-2.52635404600039,14.65,25.53,9.41,13,17,20.27,31,35.91,24.9,23
"1788","TRINITY_DN23231_c0_g1",-3.44762963942638,-1.24692097850026,-4.80049390066243,0.000453253784962307,0.00668137626401098,-0.563010793779777,60.43,26.79,48.06,24.18,37.33,6.18,7.83,1.01,1.03,1.74
"1789","TRINITY_DN23234_c0_g1",1.05443225384506,0.351525521939936,3.8423088617178,0.00241064424372894,0.0200106235456568,-1.34824385908799,19,28,26,29,26,29,54,50,62,48
"1790","TRINITY_DN23236_c0_g3",-1.45671912505129,0.738019660309822,-4.52533412106246,0.000723961972035558,0.00901669651928877,-0.227132738890782,141.55,88.92,50.68,63.55,63.32,29.32,14.97,22.11,40.34,23.41
"1791","TRINITY_DN23241_c0_g1",-1.98933984908802,0.0156612392567614,-3.74812960979813,0.00285679079879392,0.0224616682379017,-1.4451881043153,72,68,31,121,34,10,9,16,20,7
"1792","TRINITY_DN23259_c0_g1",1.56033582891994,-0.416715314566012,3.21658022975921,0.00754342010025367,0.0423971596568458,-2.30498212897179,11.9,26.6,18.47,4.06,13.43,26.11,33.66,45.72,64.89,13.15
"1793","TRINITY_DN23263_c0_g1",-1.68661075571209,-0.512304545172897,-5.31825515753111,0.000193122515251694,0.00391406943759489,0.929792419356881,44,43,24,33,35.18,10,11,10,9,6
"1794","TRINITY_DN23292_c3_g1",-2.10816133226413,-0.54698532534774,-3.32245560820128,0.00620871102098627,0.0373775121633888,-2.09300948734034,45,32,87,16,56,7,1,5,22,14
"1795","TRINITY_DN23293_c0_g1",1.31303262286089,-0.959742981506625,3.81060185326503,0.0025522351308335,0.0207555932806706,-1.32801689200467,13.13,12.38,6.1,5.07,13.62,18.1,25.33,20.5,21.57,16.25
"1796","TRINITY_DN23295_c0_g1",-2.30530216751637,-0.636487163852494,-3.90495714641592,0.00215417482322931,0.0186133418676415,-1.19445755612041,59.96,58.19,23.03,37.96,34.66,7.28,17.39,8.25,9.15,0.55
"1797","TRINITY_DN233_c0_g3",-1.5082945668569,-0.454915953099548,-5.00771676906013,0.000320709991552386,0.00539067208654828,0.521438982905347,45.88,30.21,35.69,23.81,40.01,11.14,16.55,5.63,13.87,7
"1798","TRINITY_DN23314_c2_g1",2.58247029754126,-0.179657533675133,4.27662715514722,0.00111479406465155,0.0120515023979763,-0.5830387506563,5.33,5,13,23,20.68,55.36,18.58,56.67,95.95,85.79
"1799","TRINITY_DN23319_c0_g1",-1.25553039295207,-0.964086409172968,-3.15998944639052,0.00837223071437343,0.0452941331796149,-2.34843222060441,18,18,31,27,21.24,10.06,4,13,5.03,8
"1800","TRINITY_DN23341_c0_g1",1.46086161888812,-0.25179090723659,4.32941107682396,0.00101654418740238,0.0112821319307733,-0.493893243020422,10.11,26.64,17.81,12.17,12.47,43.78,21.41,46.98,32.96,36.96
"1801","TRINITY_DN23343_c0_g1",-1.76720020315373,0.384348087127358,-5.86539600717681,8.16689576761745e-05,0.00227945992751387,1.83741884391817,89.21,75.07,65.02,35.4,77.05,16.01,27,19.02,16.01,12.01
"1802","TRINITY_DN23350_c0_g1",1.42489529463843,1.88651040744519,9.56826525274351,6.55610609493643e-07,0.000154152927930714,6.45678062764681,53.33,56.03,74.27,62.26,70.86,192.04,128.66,149.6,200.79,152.86
"1803","TRINITY_DN23365_c0_g1",-1.35514565490209,-0.343688822345005,-4.58708463998361,0.000651173738071425,0.00841577318697599,-0.0915077198840759,47,41.06,22,37,36,10,9,12.98,16,11
"1804","TRINITY_DN23383_c0_g1",-1.49271973425719,-0.42626517977413,-5.35945645418703,0.00018073767502641,0.0037588935354339,1.02717844521872,43.07,23.45,43.06,29.41,40.63,11.35,11.32,11.41,11.36,7.16
"1805","TRINITY_DN23398_c0_g1",-1.49029429937304,0.704137398003131,-6.90327893703941,1.787830419995e-05,0.000933650611129993,3.26338284243145,88.61,59.83,83.45,55.91,96.38,27.33,13.68,23.26,30.64,29.75
"1806","TRINITY_DN23402_c0_g1",1.41528595431961,0.475839782419049,3.84811046414008,0.00238562470114301,0.019879383929668,-1.34628540611847,14.72,35.07,22.36,19.85,35.73,49.03,45.38,46.68,60.05,116.06
"1807","TRINITY_DN23421_c0_g1",-1.28088810495288,0.696538093601859,-4.99767321821055,0.000326087725520003,0.0054427452202013,0.537822945349448,95.79,77.78,66.42,44.3,75.73,19.52,15.52,28.21,51.18,24.82
"1808","TRINITY_DN23457_c2_g1",-4.08142837967645,-0.224654255735345,-3.4267381609329,0.00512778968360026,0.0330086505050091,-1.93668678847439,145.08,93.45,41.58,58.87,123.58,20.94,55.64,0,0,25.85
"1809","TRINITY_DN23461_c0_g1",-3.85171962130034,-2.22208086566907,-4.95063925610445,0.000352562083100544,0.00573204262608255,-0.809570393985386,21,25,29,26,18,0,5,1,0,1
"1810","TRINITY_DN23467_c0_g1",-1.28156404974561,1.11049939795196,-4.42937625014128,0.000854379420074528,0.0100807352445745,-0.427225632342474,106.85,102.95,57.81,73.39,137.62,49.16,26.16,29.67,31.27,45.71
"1811","TRINITY_DN23474_c0_g1",1.02223994307218,0.957027231692304,3.66842561894712,0.00330033615881152,0.0246862071705491,-1.72778147235336,31.69,39.27,40.95,37.51,45.52,66.68,34.05,72.89,108.39,106.14
"1812","TRINITY_DN23499_c0_g1",1.67997634568187,0.00190380101261536,3.38795715961634,0.00550545790374744,0.0345442023569411,-2.06881646326376,37.65,8.63,21,16,10,36,73,45.28,29,69.49
"1813","TRINITY_DN235_c1_g1",1.6065814413344,1.66590028322826,3.68099958211555,0.00322592552157544,0.0243364649399112,-1.8026109385695,34.85,57.58,54.79,60.06,52,256.1,288.03,99.37,136.93,70.02
"1814","TRINITY_DN23505_c0_g1",-1.02399018844734,0.616054422714647,-4.48180132059813,0.000780345392872966,0.00949517876307305,-0.294441269828617,63,47.99,55.99,69.51,72.99,23,20,22.98,51.99,24
"1815","TRINITY_DN23512_c0_g1",2.84326542309265,1.40341672198848,11.131574841396,1.29638439906742e-07,6.87792864852233e-05,7.67077274066197,50,21,20,24,34,168,129,229,273,185
"1816","TRINITY_DN23512_c0_g2",2.55597173977302,0.709780310260464,7.95079937245916,4.43899979424418e-06,0.000429551398040398,4.47574401719163,31,15,17,20,18,78,71,145,186,83
"1817","TRINITY_DN23512_c1_g1",3.0621398406878,1.06128883470087,7.96872027664755,4.3393538189807e-06,0.000428918867769758,4.53935892562258,29.04,17.45,10.19,27.81,27.3,285.75,128.82,109.25,175.33,152.25
"1818","TRINITY_DN23523_c0_g1",1.18305546092489,2.33537165112702,4.73206039126361,0.000508758934882137,0.00720190860198008,-0.0836100419072023,131.23,76.79,56.14,76,149.8,213.39,160.2,288.62,254.08,142.53
"1819","TRINITY_DN23544_c0_g1",1.36081921732931,2.55056375339372,7.48837474878509,8.07762546087696e-06,0.000581682741135123,4.05036393290767,78.02,112.01,90.29,89.49,140.48,285.89,271.93,254.71,250.71,211.05
"1820","TRINITY_DN23557_c0_g3",1.17174085144034,-0.412187137732915,4.29690803889823,0.00107592501882041,0.0117257259326384,-0.544835232133891,19.55,11.37,14.62,11.11,17.94,23.51,16.8,35.69,46.34,26.97
"1821","TRINITY_DN23564_c0_g1",1.30501575102567,-1.19622666294291,3.4941928562677,0.00453253205180403,0.0304141323711824,-1.82940619376398,9,12,10,7,6,12,19,16,26,13
"1822","TRINITY_DN23566_c0_g1",1.0398447412311,-0.127250423158739,3.36538219713946,0.00573820434825861,0.0354315424961509,-2.1118559788402,17.64,19.21,13.54,19.89,24.38,26.67,18,35.83,70.29,29.39
"1823","TRINITY_DN23571_c1_g1",-1.5866696853028,0.373856636858117,-4.26792824528739,0.00113191043441816,0.0121729397619669,-0.623368064914198,84.3,75.21,56.83,39.49,62.64,37.77,13.61,5.77,25.86,24.98
"1824","TRINITY_DN23576_c0_g1",2.18836606729059,0.655865429743308,7.14208522440195,1.28605210225362e-05,0.000769269466968555,3.54180470297863,22.31,18.22,20.54,16.17,31.38,93.44,80.66,98.52,158.75,44.51
"1825","TRINITY_DN23576_c0_g2",3.17775857277187,-0.977247115245654,3.33577270520539,0.00605870045227019,0.0368251673566821,-2.14511542600941,11.25,19.95,2.59,0,9.97,45.26,35.84,56.88,79.78,12.96
"1826","TRINITY_DN23586_c1_g1",-1.76215615523018,-0.675792334362238,-5.10150232565602,0.000274769486598763,0.00488012621205482,0.569306571940754,37.42,26.84,31.32,37.49,31.48,3.72,4.6,7.84,12.43,13.4
"1827","TRINITY_DN23588_c2_g4",-2.06547235587297,-1.11773729916018,-4.92121137561462,0.000370266229144813,0.00589729350839824,0.055657215280501,29,36.01,29,20,25,4,1,10,8,4
"1828","TRINITY_DN23619_c0_g1",-2.8785290917645,0.878722455065277,-10.2072133514456,3.2990063785904e-07,0.00010750448364701,6.65166780919124,157,124.62,191.02,103.07,125.03,18,10,11.05,40,13.01
"1829","TRINITY_DN23650_c1_g1",-1.36998548095504,-0.134168719490464,-4.07329416354512,0.00159544224683691,0.0153163442669586,-0.911491948596822,62.36,31.45,30.88,45.5,45.67,15,5,9.62,27.88,17.89
"1830","TRINITY_DN23660_c0_g1",1.99428425605451,-1.65411897979772,3.47975985219395,0.00465368143463491,0.0309484274023492,-1.99679542198679,5.61,2.27,6.76,8.04,4.72,12.88,19.83,14.56,12.82,19.51
"1831","TRINITY_DN23677_c0_g1",-3.34713169456656,-1.44018507151261,-3.82360344135729,0.00249316734401971,0.0204547805594342,-1.77137953978094,28,44,56,16,39,2,0,6,4,3
"1832","TRINITY_DN23678_c0_g1",1.23121319029821,-0.585044093101207,3.28515528930853,0.00664923664186569,0.0390671760820796,-2.1828337301214,6.02,18.95,21.54,7.42,18.51,25.57,19.47,30.89,33.65,20.12
"1833","TRINITY_DN2368_c0_g1",-1.1354654681131,5.95468633003977,-5.64413488493395,0.000115081643143315,0.00282243299742321,0.973846721653853,2720.32,2527,1816.75,2916.85,2839.46,947.13,819.76,897.08,1656.77,1536.95
"1834","TRINITY_DN2368_c0_g2",-1.49135914264853,1.72763733793567,-7.12196328705306,1.32188209647394e-05,0.000779985829434634,3.59541130824747,170.61,146.78,128.17,182.33,133.51,64.34,50.13,34.07,55.55,56.73
"1835","TRINITY_DN23686_c1_g1",1.02364130182313,0.102921435524173,4.39400363492934,0.000908439286718979,0.010493200913341,-0.40576985596752,24.01,28,24,16,18,36.99,30,31,56,46
"1836","TRINITY_DN23694_c0_g1",-2.60050379085444,6.59006645367168,-7.10169410986446,1.35905337775949e-05,0.000791261155848119,3.17067710740777,8909.64,7206.93,2516.46,7423.08,9018.98,1604.91,772.12,895.15,1337.14,836.04
"1837","TRINITY_DN23700_c3_g1",2.88244116362978,-0.731938632926828,3.93540463998948,0.00203985750515462,0.01796822971122,-1.20590492219972,16.1,6.29,8.34,9.01,2.16,30.01,58.61,19.35,66.28,55.19
"1838","TRINITY_DN23702_c3_g1",-1.64166191507811,-0.430368930725009,-3.70582646416976,0.00308401471956715,0.023637131707916,-1.49029605566062,51,55,25,20,47.13,4.01,12,7,22,10.02
"1839","TRINITY_DN23714_c1_g1",-1.22152429847162,1.04751040889382,-6.04013144186887,6.25933975084918e-05,0.00194626114219559,2.10493941714795,124.34,77.89,74.15,77.1,85.18,28.05,30.1,42.03,37.16,36.1
"1840","TRINITY_DN23717_c1_g1",-1.87141663941073,-1.13035023518627,-3.2084566686658,0.00765710389745673,0.0427934696435337,-2.27425221794908,61.08,20.16,14.55,23.08,22.64,5.09,6.26,4.16,8.42,2.13
"1841","TRINITY_DN23720_c0_g1",-1.34740756406258,0.287650530382037,-4.48826064204192,0.000771697949961248,0.0094340325839022,-0.258262469163374,70.41,75.63,35.44,39.53,63.68,21.53,11.46,16.29,35.3,14.63
"1842","TRINITY_DN23727_c0_g1",1.37373594827394,0.160253252607604,4.17757756192285,0.00132670508889374,0.0135339181081331,-0.761595440396966,27.9,12.59,35.48,9.86,24.22,55.12,35.99,63.38,38.87,47.86
"1843","TRINITY_DN23730_c0_g1",1.74506481009116,0.876113588371822,7.53665795285326,7.5792374159461e-06,0.000562767444207462,4.06371923528395,31,27,39,15.01,36,75.03,89.02,100,93,94
"1844","TRINITY_DN23734_c0_g1",-1.17790953141096,-0.352954007552771,-4.12335552044497,0.00146002061248064,0.0144613562309117,-0.82294628606834,33.24,33.28,32.01,21.04,52.85,12.81,12.86,8.56,19.19,10.7
"1845","TRINITY_DN23735_c0_g1",-1.11327225956752,0.236463353144228,-4.44675533002059,0.000829057633810049,0.0098810131747014,-0.325186703153112,60.01,50.12,39.41,37.77,60.52,17.13,13.12,29,33,12.07
"1846","TRINITY_DN23739_c2_g1",-1.75128627156876,-1.08487392730719,-3.97483031117725,0.00190106583207288,0.0171853917460574,-1.13456888168038,30.49,20.06,20.45,23.21,32.12,4.54,8.22,1.98,15.75,3.69
"1847","TRINITY_DN23745_c0_g1",2.17414604990149,1.25545265230517,5.82413005629793,8.70182546491769e-05,0.00235310953489139,1.78832718518935,33.56,13.11,49.49,55.99,28.29,124.66,168.16,110.36,224.42,85.21
"1848","TRINITY_DN23757_c1_g1",1.58554933513612,1.18929385626645,10.0608574365516,3.84901464370085e-07,0.000118279076729251,6.78407977208079,34,43,40,30,40,118,92,104,115,98
"1849","TRINITY_DN23757_c2_g1",-1.18076033933917,-0.157678017431592,-3.28148583704381,0.006694249696659,0.0392425021881585,-2.24101421588926,26.99,47.07,58.14,29.17,40.55,21.24,4,13,25.65,15.15
"1850","TRINITY_DN23776_c0_g1",2.28411632759669,1.75686898219915,5.63092701624536,0.000117487548415128,0.00285437263417638,1.47075324568994,71.2,51.25,27,27.21,54.46,249.25,128.2,320.07,332.82,88.46
"1851","TRINITY_DN23796_c0_g1",-1.24218107616851,0.0148038229912939,-4.57398544970663,0.000665948847507295,0.00853916727125963,-0.109866206372599,51.43,62.57,39.55,29.37,43.45,14,11,17,30.9,11.29
"1852","TRINITY_DN2381_c0_g1",-1.06387586402571,5.80966345143366,-14.3245024910286,7.99881945128777e-09,1.29176582457802e-05,10.861477679237,2374,2123,2126,2184,2279,1130,864,1166,1131,958
"1853","TRINITY_DN23813_c0_g1",-1.60235133587932,-0.622454661542478,-3.33857308064135,0.00602762634541356,0.0367074342946337,-2.07548968822485,66.79,35.16,29.19,13.74,34.02,15.5,3.03,14.95,8.41,5.18
"1854","TRINITY_DN23837_c0_g1",1.57603357148685,-0.431477042532269,3.30824042674021,0.00637299738305783,0.0380019048509493,-2.148981896405,9.66,15.8,30.91,9.7,7.67,25.96,62.93,35.61,32.49,19.74
"1855","TRINITY_DN23837_c0_g2",1.42049092591288,0.29976976335565,4.91448739476413,0.000374440916798611,0.00593388957604212,0.421255896272149,24.34,19.2,22.99,20.3,20.71,67.04,79.38,35.21,57.51,36.26
"1856","TRINITY_DN23862_c1_g1",2.00083540600277,-0.869324109096236,3.989880277349,0.00185069043971317,0.0168685372462743,-1.0765860629939,9,12,2.94,10,11,25,32,26,19,39
"1857","TRINITY_DN23874_c0_g1",1.88963527219709,-0.142697509213183,4.40328058715544,0.00089392536571138,0.0103903426928776,-0.376451252794203,10,15,9,33,13,57,53,59,34,28
"1858","TRINITY_DN23880_c0_g2",-3.19819093524634,0.483782285308596,-9.65849219981137,5.93719500448107e-07,0.000146264322080873,5.80065951368972,162.81,127.09,113.8,73.21,124.17,11.02,5.94,18.01,16.02,6
"1859","TRINITY_DN23888_c1_g1",1.65748412483104,0.0542445955902598,7.44134880302879,8.59683663984512e-06,0.000599463611039371,3.78542709714727,17.57,17.82,12.38,18.56,19.82,47.36,36.59,57.63,61.38,37.68
"1860","TRINITY_DN2389_c0_g2",-1.23070926456941,4.55307452831933,-9.6948976315989,5.70552327574374e-07,0.000145149447466605,6.58998550734857,1121.09,992.7,1032.75,704.21,1118.8,356.56,340.79,469.91,579.74,366.18
"1861","TRINITY_DN2389_c2_g1",-1.91974094958738,0.410719134275603,-7.51352604938978,7.81377831635529e-06,0.000571298557372718,3.94214904970744,108.33,69.84,68.49,48.17,69.4,14.2,14,15,19,22.69
"1862","TRINITY_DN2390_c0_g1",1.31310699482449,2.45309807669661,6.44449931315673,3.43699500236256e-05,0.00136765360065122,2.61235720842436,91,81,99,120,90,268,208,243,189,271
"1863","TRINITY_DN23905_c0_g1",-1.4139700495995,3.0840253522037,-5.94717174896469,7.20709570106402e-05,0.00212327127929686,1.7982895337796,450.85,406.31,457.82,235.27,391.32,148.08,75.19,145.95,287.83,102.27
"1864","TRINITY_DN23905_c0_g3",2.09425066283857,-1.32621311691043,4.05339103051272,0.00165283733786275,0.0156765985966217,-1.11902894999146,2.31,15.89,4.36,6.92,7.27,19.22,13.59,21.29,21.66,24.74
"1865","TRINITY_DN23922_c0_g2",-1.97802514418379,-0.878783473161061,-3.84899218885915,0.00238184571831013,0.0198537251401078,-1.29709629257466,48,29,39,13,41,7,1,7,13,6
"1866","TRINITY_DN23923_c0_g1",1.42923240248327,2.58367013367771,5.17639915855961,0.000243069431973077,0.00451674877829171,0.629479822776132,83.4,102.25,144.35,152.94,57.98,251.72,240.61,319.61,392.11,163.77
"1867","TRINITY_DN2393_c0_g1",4.8104310863573,0.311856273513341,3.42148962590473,0.00517731957603245,0.0331974198011199,-1.93835431078131,2,11,4,11,24,692,88,128,111,169
"1868","TRINITY_DN23930_c0_g2",-2.24610410216206,-1.52244642548089,-4.11059672534377,0.0014933625564452,0.0146698824701344,-1.16752231047179,24.51,16.45,17.46,24.89,21.97,2.05,4.28,3.08,1.34,8.3
"1869","TRINITY_DN23935_c0_g1",-1.53541367043687,-0.0355239053441399,-4.9587739828117,0.00034782657035478,0.00568483057614603,0.48861152550121,66.74,47.84,30.1,37.96,56.99,10.52,17.21,9.7,22.7,12.26
"1870","TRINITY_DN23939_c0_g1",1.40691693798401,-0.016753036937384,3.8476036923588,0.00238779946746615,0.0198873291484628,-1.29880352019033,22.22,14,24,33.97,7.43,40.46,34.96,40.52,56.11,34.38
"1871","TRINITY_DN23949_c0_g1",1.18779777171494,2.71741641746821,4.02383672375656,0.00174203429207309,0.0162048608790866,-1.38320588794843,158.6,64.17,164.85,104.65,132.41,339.06,414.68,192.66,303.36,173.68
"1872","TRINITY_DN23951_c0_g4",1.49120888987871,-1.03086757961452,3.54305046900946,0.00414578523093279,0.0287344207709828,-1.74863393266887,10.26,5.78,16.12,7.34,7.81,11.33,19.75,23.19,33.33,19.4
"1873","TRINITY_DN23958_c1_g1",-1.44805851971531,1.75810175451176,-6.38669618807512,3.73941101392945e-05,0.00143394774696738,2.58330444587716,216.76,150.53,162.62,115.93,136.5,60.78,28.39,63.63,95.36,37.27
"1874","TRINITY_DN23968_c4_g1",-1.38798341055131,-1.40493173045405,-3.51869608824979,0.00433417005570252,0.0295129561787666,-1.82526866762418,16.27,16.61,13.83,18.74,22.12,6.06,6.12,3.09,4.42,5.04
"1875","TRINITY_DN23973_c0_g1",3.33413201255514,0.294721251897159,8.96491768484389,1.29744702301674e-06,0.000219448846067415,5.04720672283224,12,8,16,15.51,9,129.54,90.29,80.92,170.84,68.53
"1876","TRINITY_DN23974_c5_g1",-2.90830521179947,-1.10733739445598,-5.74549141389019,9.82662271171404e-05,0.00254031129511251,0.673522929815743,40.14,33.26,39.62,23,49.53,7,3,1,7,2
"1877","TRINITY_DN23978_c4_g1",-1.08912099951383,4.32475293786045,-10.8995266367349,1.62878440233691e-07,7.60189195418507e-05,7.87023681095449,919.39,636.58,861.79,722,862.83,394.8,381.5,348.1,407.88,336.31
"1878","TRINITY_DN24013_c0_g1",-1.74347012492989,-1.43631826537737,-3.38048353143487,0.0055814290653934,0.0348482828208841,-2.06045089639694,27,12.87,31,19.12,15,7,1,5,7,3
"1879","TRINITY_DN24024_c0_g1",-1.93194787918775,-0.120031224235422,-6.10319799271801,5.6922389740945e-05,0.00184415470813122,2.06323038825901,81.59,35.47,43.43,48.5,54.12,17.63,6.16,10.93,15.68,7.19
"1880","TRINITY_DN24027_c0_g1",1.00704192042114,6.6797387267105,3.88839741358817,0.00221910382593432,0.0190129262789575,-2.14796154025755,2206.85,961.25,2047.92,2342.1,2947.43,5416.83,2594.68,4724.56,3345.74,4243.68
"1881","TRINITY_DN24034_c2_g1",-1.18447748840395,0.957649660638462,-5.06370970386475,0.000292389279997631,0.00507402073429492,0.626408257140326,122.26,64.71,65.19,66.45,98.95,34.26,19.93,40.1,46.82,27.35
"1882","TRINITY_DN24041_c1_g1",2.405664652096,-0.865948886556197,4.08673762710126,0.00155784565389676,0.0150649183860395,-0.975260585500095,9,7,7,5,9,65,17,37,21,39
"1883","TRINITY_DN24048_c0_g1",-3.17513467493011,-1.36874877790323,-4.44980533310316,0.000824695001164459,0.00984842583729946,-0.93441578423466,48,37.55,18.19,28.38,32,2.07,4,1.03,1.11,7
"1884","TRINITY_DN24052_c1_g3",1.28758080465884,0.00287032878729562,3.14800593282154,0.0085591981603119,0.0459009647173392,-2.49547388006237,28.45,11.65,23.88,32.15,9.64,60.83,38.41,21.66,58.26,33.29
"1885","TRINITY_DN24053_c0_g1",1.12839836984231,1.38791037614277,5.42598115956263,0.000162477149409963,0.00350803706868662,1.16398435054735,60,41,49,59,43,156,74,92,129,80
"1886","TRINITY_DN24056_c1_g2",1.31637858741327,1.88054370542483,5.23084416432769,0.000222455942062915,0.00427779744349858,0.808341135315165,45.7,45.56,89.01,74.4,83.83,124.15,142.28,136.72,187.1,206.71
"1887","TRINITY_DN24058_c0_g4",3.20279279110678,-1.75743691339419,3.63812353108173,0.00348697350563769,0.025642742967534,-2.04752554693183,0,8.88,12.27,5.85,0,19.59,16.66,34.14,31.09,13.78
"1888","TRINITY_DN24089_c0_g1",-1.70815105376726,-1.55783561807804,-3.20815253168895,0.00766139352795819,0.0428057128751257,-2.31437265433718,29,14,19,10,20,1,2,6,5,10
"1889","TRINITY_DN24097_c2_g1",-1.77050731041011,-1.99750880691747,-3.27846631663919,0.00673152137403519,0.0393791780013062,-2.34757504265155,14.41,20.21,10.91,11.84,11.13,3.57,2,2.38,2,3
"1890","TRINITY_DN24110_c0_g1",-1.9574671935397,0.179659603736027,-7.04390786472987,1.47128239951848e-05,0.000836217400032905,3.32663529549934,88.51,46.55,59.26,49.78,70.9,10.42,21.3,13.33,18.75,9.25
"1891","TRINITY_DN24129_c1_g1",2.26272016635511,0.495429395212359,3.87250791692592,0.00228330245602713,0.0193381218521483,-1.28784027991823,19.34,91.98,29.77,11.22,4.12,103.07,68.59,98.47,79.55,61.92
"1892","TRINITY_DN24129_c3_g1",1.83174168707131,1.47911647024962,6.18692665024775,5.02218438171769e-05,0.00170726765230418,2.30939384750437,63.5,43.86,31.47,29.68,47.86,133.5,98.07,210.29,236.25,80.58
"1893","TRINITY_DN24129_c3_g2",-1.26219812050368,-1.00829216753147,-3.60448256064031,0.00370688212175866,0.0267309076462794,-1.65087242334241,22.25,22.1,27.64,21.33,19.5,11.68,2.86,12.83,9,3.5
"1894","TRINITY_DN2413_c1_g1",-1.09315137995592,4.86752464701902,-4.39879762913174,0.000900908620441486,0.0104431375733492,-1.04560653450614,1124.03,1177.57,1173.75,1541.24,931.33,714.52,273.92,846.92,732.75,348.21
"1895","TRINITY_DN24154_c0_g1",-2.83689753510866,-1.26471006664242,-3.46847478118257,0.00475070344279007,0.0312952526273746,-2.03169491023303,60.32,46.42,26.44,14.58,33.36,7.21,1,1,14.43,0.91
"1896","TRINITY_DN24159_c0_g1",-1.46621290403702,2.17213651571327,-5.36599332045613,0.00017885102289025,0.00373678841968676,0.996602623367818,306.04,186.21,131.6,151.99,295.18,66.97,54.07,62.94,98.22,81.5
"1897","TRINITY_DN24164_c0_g1",1.57641095843604,1.558677457268,6.09552994340233,5.75818048297734e-05,0.00185322539024609,2.17116490234863,76.44,39.33,42.01,68.73,29.41,153,103.45,174.47,158.7,102.3
"1898","TRINITY_DN24177_c0_g1",1.97181497952593,-1.78503333700894,3.78130743938292,0.00269065850337778,0.0215593050133823,-1.65042421080347,3,8,3,4,7,11,12,10,23,15
"1899","TRINITY_DN24178_c0_g1",1.20822909170005,1.51461795657618,5.37276547727211,0.000176918353241036,0.00370889221853565,1.07069556650098,68,53,39,77,38,126,117,100,143,95
"1900","TRINITY_DN24182_c0_g1",-2.24138965700678,-0.672247565122069,-3.53634096913619,0.00419683418641313,0.0289331725108184,-1.75644705808458,101.59,39.66,24.16,28,27.16,3,9,3.05,11.27,10.12
"1901","TRINITY_DN24187_c0_g1",-1.13646223883879,0.759515134104181,-3.23177306178568,0.00733536147902399,0.0416527650187633,-2.46104064689226,82,72,49,46.01,120,21,11,40.02,46,41
"1902","TRINITY_DN2419_c1_g1",1.28691202045953,4.84197288900258,8.89226634827819,1.41193670154859e-06,0.000230643575820861,5.6396148978086,486.07,469.01,503.21,600.19,446.43,1557.38,919.62,1349.22,1427.2,884.07
"1903","TRINITY_DN24204_c0_g1",-2.42271159903087,-0.825117601437828,-6.28815420859531,4.32207308616769e-05,0.00155542839830858,1.71424243838553,34,37,43,35,37.14,4,2,3,10,11
"1904","TRINITY_DN24212_c0_g2",1.11144498112716,0.960415272815187,4.91837734200071,0.000372019795997359,0.0059121241210292,0.391300314105381,63,32,38,28,33,111,59,62,96,61
"1905","TRINITY_DN24216_c0_g1",1.10685851854043,-0.302846010021139,3.26427201043463,0.00690956447038466,0.0400620497790638,-2.25902404216757,12,16,31,14,13,25,18,49,35,30
"1906","TRINITY_DN24225_c0_g1",-1.59764992334398,1.74823490440171,-4.96350764547516,0.000345101719550229,0.00565305404077815,0.39618662312051,212.83,191.68,87.98,149.63,174.73,41.42,47.59,70.8,37.69,62.64
"1907","TRINITY_DN24230_c1_g1",-2.27626629400934,0.311440482947263,-6.33924186735354,4.00882309805171e-05,0.00149591281975668,2.45527433856639,82,84,46,80,90,11,11,9,14,30
"1908","TRINITY_DN24235_c0_g1",-1.14664447867279,1.15227462435054,-4.20853947126759,0.00125630452139879,0.0130626209147921,-0.810666956139741,129.9,88.86,122.36,43.36,98.56,40.2,25.03,37.22,58.77,35.43
"1909","TRINITY_DN24244_c1_g1",-5.86586978949505,-2.51524496735209,-5.5427693043332,0.000134971501011569,0.0031320452163709,-0.307229686978042,50.42,38.14,69.76,12.46,41.35,0,0,0,1,0
"1910","TRINITY_DN24257_c0_g1",2.52991927817684,0.295057435390642,5.018487624664,0.000315046240845049,0.00533447363726557,0.581472994565659,12,14,6,29,25,56,148,75,64,71
"1911","TRINITY_DN24266_c0_g1",-2.23299324743241,-1.70538651901019,-3.51028135369117,0.00440127167953101,0.0298304228154781,-2.04974843252528,19.01,16.03,25.77,22,19.11,4.04,0,7,8.03,1.02
"1912","TRINITY_DN24276_c0_g1",1.37578362526575,-0.924060102017503,3.29065242004224,0.00658237630049893,0.0387955209340268,-2.14262298177195,6.75,13.28,7.85,18.56,7.98,16.11,25.81,21.72,18.18,22.92
"1913","TRINITY_DN24288_c1_g1",1.50839325693977,-1.03334320583428,4.58553865313646,0.000652899552707085,0.00843105613370908,-0.216540054267461,11.33,8.05,6.82,5.3,13.63,16.57,16.11,19.58,32.85,19.74
"1914","TRINITY_DN2429_c0_g1",1.52403789995151,3.29901109098952,5.66492615692564,0.000111399338858315,0.00276514311298044,1.32455142714251,187,138,123,134,227,448,320,285,725.92,622
"1915","TRINITY_DN24318_c0_g1",1.02710235451635,1.11361623121734,4.02440179941195,0.00174028297684978,0.0161909960289228,-1.12824586810016,52.23,36.84,41.32,50.32,37.41,107.04,44.56,65.49,146.91,71.46
"1916","TRINITY_DN24330_c0_g1",1.50845627906148,1.25153646885816,7.64321154257932,6.5919682955811e-06,0.000516653838358461,4.2388107628207,37.03,31.09,48.71,38.64,45.27,131.89,100.79,125.81,108.12,76.94
"1917","TRINITY_DN24333_c0_g1",1.0292797935415,0.0369640346203592,3.60002271910214,0.00373708318447053,0.0268770364491743,-1.72913948475071,20.68,14.95,15.38,23.52,32.35,37,46.96,25.96,43.46,37.79
"1918","TRINITY_DN24335_c0_g1",-1.11213220502882,0.319371767264692,-4.17439937751827,0.00133415962215119,0.0135837486324504,-0.78101886862305,42.7,47.74,50.71,46.91,74.59,29.16,13.93,12.86,30.88,24.03
"1919","TRINITY_DN2434_c4_g1",-1.10137311181072,5.30306908055166,-7.74138812435292,5.80342693666086e-06,0.00049001279117699,4.13943478803261,1694.9,1377.79,1811.09,1705.11,1378.01,632.61,861.6,754.88,946.02,511.11
"1920","TRINITY_DN2434_c6_g1",1.31113045248172,2.37161003104495,6.28701150552658,4.3293702758908e-05,0.00155701813734441,2.38856577392119,83.3,107.39,74,111.11,84,291.09,184.38,274.82,225.71,148.44
"1921","TRINITY_DN24344_c0_g1",-1.20143362277775,0.339299439143221,-4.22394696507498,0.00122272712477058,0.0128447391340344,-0.699026537277017,73.05,53.23,51.09,50.46,42.41,34.33,14.18,31.05,15.31,15.11
"1922","TRINITY_DN24363_c0_g1",-1.85266560207567,0.864802856585727,-3.53640838930683,0.0041963180429221,0.0289331725108184,-1.92185809403853,144.01,77.01,56,220.85,60.01,30,36,24,33,8
"1923","TRINITY_DN24392_c2_g1",-1.66517048573321,0.143017912840868,-4.55430380975976,0.000688810236482172,0.00874018051798581,-0.142601522295171,57.49,46.25,59.42,45.73,64.23,4.01,26.03,15.02,24.58,18.02
"1924","TRINITY_DN244_c0_g2",-2.51218192808624,0.445430265066582,-7.9563751734775,4.40773658741246e-06,0.000429551398040398,4.37461560306998,87.2,97.65,105.96,86.83,79.94,34.51,3.87,12.86,17.39,11.64
"1925","TRINITY_DN24400_c0_g1",1.04736180334879,-0.828677408904619,3.60386707312514,0.00371103516880478,0.0267470621528318,-1.648432462906,11.54,10.85,13.54,12.74,10.34,29.28,17.06,19.23,22.51,13.52
"1926","TRINITY_DN24428_c0_g1",-1.21521427947577,0.632294394520561,-5.27981913363709,0.000205484398737178,0.00407487746634567,0.979662760339075,80.68,60.7,80.21,40.85,73.66,27.36,23.93,23.76,42.71,15.33
"1927","TRINITY_DN24435_c0_g1",-1.49684862502116,0.237245195606894,-6.55955871495608,2.90975367197363e-05,0.00123206036448903,2.76384208122472,81.32,43,49,54,54.24,20.23,14,17,21,14
"1928","TRINITY_DN24438_c0_g1",-1.82309475698299,-0.546531027522221,-4.57088004064895,0.000669502644452633,0.00856827677676433,-0.153160646843438,54.17,29.94,34.03,45.93,24.22,9.46,5.27,14.69,6.49,7.38
"1929","TRINITY_DN24441_c0_g1",-3.83675487092254,-2.43972542713577,-4.91929610762576,0.000371450354168677,0.00590761190998372,-0.847021190389125,23,13,18,22.47,26.52,0,0,3,6,0
"1930","TRINITY_DN24444_c0_g1",-2.85180598312847,-2.07354499503246,-3.43326724739956,0.00506684770305252,0.0327045340874787,-2.30421569399706,24,13,13,22,24,0,0,7,6,3
"1931","TRINITY_DN24447_c0_g1",1.21154705012048,0.967848716965481,5.57520500174106,0.000128238671647523,0.00303133560694909,1.41909529296727,43.91,38.86,45.17,21.27,37.16,66.04,67.26,65.98,125.97,79.95
"1932","TRINITY_DN24464_c0_g1",1.1746813195715,2.29854046195288,4.3084995635649,0.00105434475067445,0.0115549781167666,-0.809108166349823,79.01,123.96,96.33,83.39,72.54,138.67,230.42,166.97,204.13,295.37
"1933","TRINITY_DN24467_c0_g1",-1.97943866810064,-1.11096445203073,-3.71318660209008,0.00304318706974086,0.0234516193875971,-1.54600356776422,31,20.64,42.14,17.98,31.75,9,1,11,12,1
"1934","TRINITY_DN24484_c0_g1",1.24360465525108,0.995813621112984,7.11348889300246,1.33728944085375e-05,0.000785344415814151,3.56214193644312,47,31,39,31,36,84,72,94,79,79
"1935","TRINITY_DN24489_c0_g1",1.53473904375109,-0.52947378709678,3.2625082034701,0.00693201876136311,0.040132263812055,-2.21643147299013,9,9.05,18.93,15.91,11.89,55.01,9,32,34,37
"1936","TRINITY_DN2450_c2_g1",1.11520960413089,2.63258988882603,7.3716751295027,9.4327196976771e-06,0.000639221225451538,3.88844027105595,129.37,96.79,134.97,94.07,126.4,252.06,173.27,233.66,294.03,301.89
"1937","TRINITY_DN24518_c0_g1",1.22815148392801,0.818363057009668,3.14298550406936,0.00863877202199692,0.0461562346783816,-2.62735981256424,34,33,25,67,20,48,100,91,54.31,76.04
"1938","TRINITY_DN24522_c0_g1",-1.249185708964,1.9226625999023,-7.09522353971359,1.37115326472829e-05,0.000793964251443505,3.55609459042055,140,124,176,154,213,65,47,79,74,61
"1939","TRINITY_DN24524_c0_g1",-1.51943887468572,0.542611637853059,-5.62253543580511,0.000119043716641477,0.00287477193270359,1.49537598671128,68.9,63.71,63.25,72,70.18,24.64,24.65,30,12.46,20.32
"1940","TRINITY_DN24531_c2_g1",2.96068831438683,-0.286584373795938,7.10364412605213,1.35542925285371e-05,0.000790760483474069,2.91311903694936,9.41,8.91,4.48,14.81,10.69,56.59,32.82,84.02,85.89,49.08
"1941","TRINITY_DN24535_c1_g3",1.47762138947427,-1.35733316313673,3.54506199255268,0.00413060453475049,0.0286636906186333,-1.7826314414248,11.74,3.62,7.45,7.8,7.51,12.24,19.87,13.75,21.08,14.68
"1942","TRINITY_DN24554_c0_g1",-1.0847182715555,0.0312658910749511,-3.38566278236759,0.00552866833742212,0.0346334689307402,-2.09175717680756,33.53,56.35,32.77,54.21,40.5,28.35,10.09,11.02,21.71,18.56
"1943","TRINITY_DN24556_c1_g1",1.18510114577202,-0.00522196602787562,3.78937900083473,0.00265176480394114,0.0213413261298901,-1.40112852530444,25.05,16.11,19.09,9.1,33.79,43.63,29.07,38.41,70.17,23.18
"1944","TRINITY_DN24568_c3_g3",-1.32744555909201,-0.0506858833089521,-3.22759192308098,0.0073920351011656,0.0418356297291898,-2.34271285795361,45.14,59.23,45.65,38.43,34.91,8.17,6.12,9.56,57.24,17.26
"1945","TRINITY_DN24569_c4_g1",-1.18590064451668,3.36749097025133,-3.21497917814134,0.00756569008465906,0.0424737855037647,-2.96712309458555,258,333,926,374,441.04,252,121,351,129,154
"1946","TRINITY_DN24577_c0_g1",-1.55750971873335,0.970200033774644,-7.19041553628056,1.20415973605136e-05,0.000740441684269552,3.65221366988794,113.64,73.22,94.02,77.64,103.35,23.45,39.56,22.43,30.6,32.45
"1947","TRINITY_DN24584_c0_g1",-1.20136111507497,0.407116455748231,-4.95308690020465,0.000351130144075164,0.00571864893595462,0.478433894591516,69.46,43.8,52.05,52.36,62.72,18.46,22.45,32.49,17.32,21.16
"1948","TRINITY_DN24593_c0_g1",-1.26310189685198,0.146078924393266,-4.26924915737504,0.00112929386228093,0.0121551609130289,-0.609730502565982,52.59,58.44,48.46,41.26,39,10.05,26,22.24,15.12,19.13
"1949","TRINITY_DN24595_c0_g1",-1.45579407851113,-0.457532016473848,-3.54110658837309,0.00416050957803882,0.0287818423656727,-1.76436770441428,50.65,29.31,32.95,38.88,21.28,12.86,23.09,9.85,6.92,7
"1950","TRINITY_DN246_c0_g2",1.14093912175124,5.64362688240164,13.994749119102,1.03820805148441e-08,1.46467560426917e-05,10.6023692059437,839.57,848,939.62,937,1038.51,1988,1870.86,1931.9,2198.54,1986.66
"1951","TRINITY_DN24622_c0_g1",-1.03246115936029,2.87370982502057,-3.68949307753257,0.00317663783987503,0.024129542005923,-2.01469908340438,310.4,454.25,322.35,158.26,262.91,176.98,73.37,167.27,221.55,94.81
"1952","TRINITY_DN24628_c0_g1",-1.65034157297202,0.0242817087291858,-5.12310467523625,0.000265202831981528,0.00476888777300735,0.737960007022706,63,55,57,31,49,18,18,22.6,11,6
"1953","TRINITY_DN24641_c0_g1",-2.20923663564797,1.59618807424911,-9.6430392803087,6.0385715061787e-07,0.000146264322080873,6.44818470538411,248.28,158.2,165.69,131.65,197.63,31.99,38.95,35.22,60.81,21.25
"1954","TRINITY_DN24654_c0_g1",2.2406161797385,-1.04181660187379,4.91108293781119,0.000376573435416497,0.00595703859073488,0.0916771273463333,11,6,5,8,6,17,24,28,50,21
"1955","TRINITY_DN24656_c0_g1",-1.92374538837632,1.32417936706766,-6.50935603083833,3.12836570269154e-05,0.00129433564980687,2.76712230673553,164.46,125.05,168.7,77.59,156.17,25.88,16.45,30.04,80.29,31.8
"1956","TRINITY_DN24656_c1_g1",1.74900634024743,-0.749958024051622,4.13950940502398,0.00141890977625612,0.0141922986547409,-0.820677162741908,15,3,11,14,14,34,23,24,36,23
"1957","TRINITY_DN24667_c3_g1",-1.15835837209341,-0.560098349035552,-4.13044501137176,0.00144182828085535,0.0143424903822793,-0.809446148241658,32.84,28.07,25.93,25.93,30.65,18.83,8.52,6.32,10.49,12.49
"1958","TRINITY_DN24669_c0_g1",-2.35228152814117,-0.547596893405694,-6.23431065042034,4.6805509095968e-05,0.001630418165894,1.91951731388142,64.87,47.64,35.19,27.69,49.92,5.67,3.06,5.4,11.2,9.57
"1959","TRINITY_DN24677_c0_g1",-1.86689067800509,0.249323820704924,-4.10779369421447,0.00150079268876133,0.0147195773996162,-0.872701230793281,122,47,76,43,56,16,15,22,37,3
"1960","TRINITY_DN24679_c1_g1",-4.10058634902574,-2.9772609165473,-6.6512076291973,2.55150378624409e-05,0.00114059140985453,0.330980503191307,20.37,12,12,15,18.96,0,0,0,1,1
"1961","TRINITY_DN24686_c0_g2",1.22677694372487,-0.680858270192774,3.23656007422068,0.00727101438958593,0.0414074263503814,-2.25358172710152,16,13,15,13,7,25,14,26,50,14
"1962","TRINITY_DN2471_c2_g1",-1.00290140042197,3.94501816572421,-7.48567415245919,8.10651683035402e-06,0.000582411951073375,3.9208390879978,710.12,506.93,719.92,499.67,559.13,359.79,233.7,227.46,375.82,306.68
"1963","TRINITY_DN24710_c0_g1",2.16864012843563,0.673068784313818,10.0290944085439,3.98095204632414e-07,0.00012173084597218,6.52566888698737,25,24,30,15,17,93,67,93,99,100
"1964","TRINITY_DN24713_c0_g1",-3.31144511469892,-0.664880615244841,-7.4745410477449,8.22679173174668e-06,0.000584880355073637,2.51777924916154,66,57,72,42,43,3,5,5,5.01,3
"1965","TRINITY_DN24717_c0_g3",1.01867344693854,-0.389607177811504,3.29407814717464,0.00654105474247322,0.0386290012448181,-2.19960652764975,18,11,25.02,20,10,24,26,31,32,24
"1966","TRINITY_DN24717_c3_g1",-4.55172799485105,-2.71375972944069,-5.83738861980065,8.52601949412924e-05,0.00232941960421909,-0.133838467731845,17.34,16.09,31.66,24.93,19.85,0,0,0,0,3.05
"1967","TRINITY_DN24721_c0_g1",-4.45371081406333,-2.18747831695011,-4.40800431942451,0.000886628025065744,0.0103365339918753,-1.28618551519753,60.53,36.59,32.38,11.5,23.69,0,0,2.05,1.02,1.02
"1968","TRINITY_DN24723_c0_g2",1.3085686045605,0.804110687825325,3.69025258108027,0.00317226823588297,0.0241170089986772,-1.66244678783351,36.49,26.29,16.77,43.94,44.34,128.69,57.85,39.26,88.25,71.85
"1969","TRINITY_DN24736_c2_g1",1.67355043367212,0.53345608563392,6.66613979270954,2.49772854305717e-05,0.00112677326730909,2.93851731360123,15.15,29.86,25.66,17.61,31.65,85.05,60.2,70.5,63.41,62.53
"1970","TRINITY_DN24738_c0_g1",-1.05217314678319,1.22675078078989,-6.1466073625182,5.33374140453017e-05,0.0017686253415855,2.2551224779474,113.02,90.88,97.51,65.02,102.61,46.98,31.06,34.49,62.22,38.79
"1971","TRINITY_DN24769_c0_g1",1.32385632377803,2.12218596802251,3.14309890421013,0.00863696642998735,0.0461520842236218,-2.8617104994685,61.11,127.16,53.01,112.25,56.74,236.72,190.2,375.14,127.74,96.62
"1972","TRINITY_DN2479_c0_g2",1.0312300527168,-0.18481622258338,3.31720832405127,0.00626884860160244,0.0375828190164062,-2.18670058689886,20.7,15.14,15,19.55,19.49,41.45,21.97,56.99,34.24,17.64
"1973","TRINITY_DN24790_c2_g1",-2.00393051097115,-1.59346097050899,-3.39456822117109,0.00543913117525294,0.0342561514379719,-2.07859883998637,20.18,23.48,19.5,11.8,16.44,2.41,10.74,2.12,1.07,8.5
"1974","TRINITY_DN24819_c1_g2",1.56009130865331,-0.316892301408126,3.56868699019924,0.00395650227506683,0.0279022860966256,-1.73033916346014,23.95,7,20.99,13.03,11,44.15,12.37,32.3,52.41,52.43
"1975","TRINITY_DN24823_c0_g4",-1.14383252786018,0.0289471372124561,-3.34065237340651,0.00600465830403233,0.0366038770559182,-2.16765837567085,56,50,30,47,36,18,10,8,27,30
"1976","TRINITY_DN24824_c0_g1",2.24578773521882,2.46514835604085,5.41502320269356,0.000165345737987631,0.00354530961652649,1.05632585595371,51.39,129.63,53.36,132.59,40.44,491.76,300.69,372.48,407.56,144.51
"1977","TRINITY_DN24826_c0_g1",-3.2934914505297,-0.85773220451978,-6.47704694536675,3.27825296050222e-05,0.00132513319185936,1.40186077092712,67,44,62,41,38,4,1,2,9,4
"1978","TRINITY_DN24829_c0_g1",-2.46113803756218,0.990248433166061,-6.1099149643438,5.63513457797734e-05,0.00183138923452024,2.20155103185891,182.36,152,105.98,60.04,180.55,24,18,36,27,9
"1979","TRINITY_DN24831_c2_g1",-1.0469117407569,-0.864510208706899,-3.40516014122061,0.00533455439934224,0.0338415378518646,-1.96497666231349,19.67,25.59,29.26,14.22,27.2,11.55,7.69,6.65,11.56,7.01
"1980","TRINITY_DN24833_c0_g1",-3.08168683948567,2.55775494650437,-9.44459126628727,7.51966215294228e-07,0.000164357573409063,6.34865156865988,684.82,406.85,419.21,305.52,643.91,45.01,23,54.77,119.99,53.02
"1981","TRINITY_DN2485_c0_g3",1.76247972389753,3.5246346951424,9.09066003091624,1.12217554769274e-06,0.00020369742468251,5.97236817400548,146.58,230,174.01,187.01,130.15,503.83,681.19,487.96,710.03,508.79
"1982","TRINITY_DN24858_c0_g2",1.30779630424333,0.427776496929972,3.22287338314587,0.00745652456136642,0.0421070870882596,-2.42486181493167,23.01,10.25,22.04,29.76,52.19,54.55,84.47,55.95,40.37,52.8
"1983","TRINITY_DN2486_c4_g1",-1.36369855462131,0.649868471438631,-3.47644812861995,0.0046819423562255,0.0310663394253739,-2.01034213110103,90.52,97.51,46.53,33.68,117,38.07,11.86,25.74,40.44,16.5
"1984","TRINITY_DN2486_c4_g2",-1.00010912009937,1.07942276851626,-5.36395728903323,0.000179436419269987,0.00374146331533932,1.08917608434294,111,72,74,77,84,39,25,35,62,36
"1985","TRINITY_DN24862_c1_g1",4.02150994689585,-2.12343257773257,5.35684684761081,0.000181496704447706,0.0037679687063167,-0.474556737756616,3,1,3,1,3,21,10,28,43,22
"1986","TRINITY_DN24872_c0_g1",-1.89383635185983,0.430313016361853,-5.05420056217124,0.000297007113968748,0.00512977729340459,0.638500721453355,118.15,71.38,60.47,42.37,90.94,14.07,9.07,23.32,46.3,8.06
"1987","TRINITY_DN24892_c0_g1",-3.01641329860782,-1.80824292925025,-4.01525299789358,0.00176886271014982,0.0163841245461386,-1.64456783234045,30.34,17.36,34.33,13.22,26.4,4.08,0,1.02,2.06,6.03
"1988","TRINITY_DN24906_c0_g1",2.92208946020872,0.654225850930583,9.51432358317294,6.95897674035469e-07,0.000158983209134089,5.95182564869409,34.43,20.84,9.46,7.41,22.97,107.42,98.02,117.52,168.47,99.59
"1989","TRINITY_DN2492_c2_g1",1.0615019371742,0.427047783730173,3.97352002722967,0.00190551813200574,0.0172073221597504,-1.13216694487637,22,22.98,39,29,24,61.94,44.97,70.01,53.99,30
"1990","TRINITY_DN24926_c0_g1",-1.74408880229008,-0.995578541367422,-3.9129059369707,0.00212370744605781,0.0184425036383034,-1.2058493310337,34.65,25.78,36.05,17.55,23.06,4.39,6.3,2.05,19.45,4.23
"1991","TRINITY_DN24927_c0_g1",-1.54164889061941,1.37695573181657,-7.86172383897432,4.97198387179052e-06,0.000456885316346625,4.51038447076871,139.02,113.01,124.05,81.35,159.05,34.27,35,44.76,55.93,29.09
"1992","TRINITY_DN24932_c0_g2",1.2829092979931,1.16944414619317,3.32040220330548,0.00623217452017655,0.0374626194076196,-2.37091919054248,28.17,82.85,48.68,15.15,61.49,81.66,68.01,161.63,121.13,62.22
"1993","TRINITY_DN24945_c0_g1",-2.16608222430685,0.21801522555081,-4.44274946151561,0.000834824083384005,0.0099311748087349,-0.318962864633517,118.68,46.26,32.3,67.17,110.29,13.33,15.73,8.86,12.4,18.7
"1994","TRINITY_DN24971_c4_g1",2.37005947625335,-1.67988410958398,3.7535595274341,0.00282889647872164,0.0223013614452841,-1.71887970189358,8.02,2,4,8,4,23,13,26,14,14
"1995","TRINITY_DN24974_c1_g2",1.73176492783049,-0.756390277021291,3.20140547728118,0.00775718223428254,0.0431662330803097,-2.28759361760045,12.02,13.89,7.76,14.2,5.05,23.4,54.67,20.32,42.46,11.98
"1996","TRINITY_DN24978_c2_g2",-3.14890276850754,-0.211500969140357,-8.31517060433378,2.81750397636135e-06,0.000335217747489983,3.91054962557632,85.8,49,70,79.97,77.84,4,3,7,9.99,10
"1997","TRINITY_DN24983_c0_g1",-1.81254810337737,3.8542496370314,-3.94024926881775,0.00202225357364122,0.0178592760742033,-1.70172804668452,688.89,430.34,402.37,927.5,2076.13,189.23,133.23,190.94,402.27,192.11
"1998","TRINITY_DN24986_c1_g1",2.89000251787053,-1.49755632325744,3.81302855022993,0.00254110204111418,0.0207003107742941,-1.64370533403271,1,9.77,2,9,7,39,24,18,32,12
"1999","TRINITY_DN25004_c0_g1",-1.54947364991133,0.230691609609572,-3.43366934875783,0.0050631187051271,0.0326872626627207,-2.02452369709051,79,71,34,28,95,8,23,12,37,16
"2000","TRINITY_DN25006_c0_g1",1.24320204549956,2.67174384761234,10.3886883631218,2.73163616892047e-07,9.7287721668544e-05,7.35860849460412,110,107,114,104,133,255,226,303,281,265
"2001","TRINITY_DN25010_c0_g3",-1.16155855147925,-0.786078328989018,-3.33743482336164,0.00604023736180951,0.0367625937834066,-2.0764096385142,34.09,22.28,15.65,22.05,34.56,11.59,10,10,11.05,4
"2002","TRINITY_DN25015_c0_g1",-1.86311494146796,-0.00494454988681683,-6.02986696947999,6.35717366804884e-05,0.00195741665808762,2.01077097530752,74.09,53.1,57.72,30.81,52.58,13.04,13.39,18.42,8.89,11.39
"2003","TRINITY_DN25018_c0_g2",-1.53100631232288,-0.588465715314985,-3.68541399655007,0.00320021159435283,0.0242534182854755,-1.52003003040372,43.81,25.55,37.5,16.32,38.45,9.23,18.86,11.13,4.98,8.09
"2004","TRINITY_DN25030_c1_g2",-1.14553767584542,1.39374745896305,-5.54583480204132,0.000134319485363838,0.00311924718835573,1.35149925982996,115.53,122.02,90.17,99.81,110.64,45.95,52.58,49.23,64.64,24.29
"2005","TRINITY_DN25065_c3_g1",1.77018534587139,-0.957733554277039,4.03162817485193,0.00171804641426049,0.0160684063761949,-1.01472774654998,5.27,15.3,10.71,3.13,13.22,20.41,15.72,19.22,43.57,26.02
"2006","TRINITY_DN25072_c0_g1",-3.51514719343991,-2.00836951754754,-4.61706457230297,0.00061863245838467,0.00812891431451525,-1.10130293043822,37,28,28,14,19,1,3,1,3,0
"2007","TRINITY_DN25075_c0_g1",1.60818240555302,-0.0791231698946096,4.37725113776921,0.000935273865754675,0.0107055485788043,-0.420194467130472,12.15,6.95,38.39,16.9,18.68,43.02,40,47.97,44.21,38.98
"2008","TRINITY_DN25081_c0_g1",-2.68961753781685,-0.492732139010782,-7.96301639398383,4.37080689778259e-06,0.000429551398040398,3.52641634103819,45.3,48.03,52.57,43.22,63.05,3.2,4.16,6.25,8.36,9.6
"2009","TRINITY_DN25094_c0_g1",1.12713074697475,0.327317604729801,3.1609600072976,0.00835726930892725,0.0452638631081363,-2.52241549437959,44.42,24.01,17.29,12.87,34.08,58.77,18.77,71,60.68,50.62
"2010","TRINITY_DN25106_c8_g1",-1.44760293363729,-0.793880772053263,-3.85102231191863,0.0023731682371497,0.0198152718360469,-1.25935895353467,43.39,33.45,23.03,13.66,30.39,9.79,3.5,7.3,10.38,9.57
"2011","TRINITY_DN25108_c1_g1",-1.19486902171797,0.683281160556671,-5.10245794700604,0.000274338703864073,0.00487386969194575,0.702804594413103,89.8,61.02,49.84,83.2,61.6,23.65,22.63,27.32,36.29,24.15
"2012","TRINITY_DN25113_c0_g1",-1.01399525162451,-0.407934418797652,-3.65323383986213,0.00339259081553962,0.0251422734340743,-1.59231955065022,32,28,47,20,31,16,6,15,15,13
"2013","TRINITY_DN25113_c1_g1",-1.15363397207259,1.27968484006297,-3.23192284914687,0.00733333933915923,0.0416515423313176,-2.54719119790824,70.73,91.44,189.51,54.05,146.34,35.02,27.73,35.02,79.72,44.47
"2014","TRINITY_DN25116_c0_g1",1.09703730790805,0.919284750792261,4.38241621165386,0.000926913410049204,0.0106294518779594,-0.489466161523549,53,33,26,26.98,49,74.22,95,64.45,66.29,71
"2015","TRINITY_DN25127_c0_g1",1.6472305337787,-0.686703740497024,4.98815741774987,0.000331270319793582,0.0055065041638514,0.439432258871597,9,12,8,11,14,27,15,40,35,25.02
"2016","TRINITY_DN25141_c0_g1",2.36137152547518,-1.11822226430955,3.32459741438175,0.00618433282060885,0.037284991793558,-2.12312615098957,8.68,3.12,13.41,2.73,8.75,72.38,19.05,19.2,19.45,26.52
"2017","TRINITY_DN25164_c1_g1",-1.39005555200872,0.0202217043235506,-5.22633131113232,0.000224092441529495,0.00429605829039765,0.894738821611572,52.09,35.83,49.55,37.45,58.19,15.97,6.68,14.88,17.64,25.82
"2018","TRINITY_DN25167_c0_g1",2.46661504808487,-0.702898153645673,5.4520142110619,0.000155870743985386,0.00342590841416452,0.886216974380354,25.69,6,5.97,4.3,7.01,47.79,24.4,30.13,42.51,47.7
"2019","TRINITY_DN25200_c0_g2",-1.06290567208087,1.46603946762049,-3.38894745850032,0.00549547043673994,0.0345089066073898,-2.30152643886194,115,137,71,131,109,74,64,45,65,20
"2020","TRINITY_DN25205_c0_g1",1.73954898128336,1.51969603734817,5.74610012679105,9.8173477970637e-05,0.00254031129511251,1.6545902188657,39.4,31.85,35.6,95.17,41.79,207.29,137.46,104.41,151.84,116.23
"2021","TRINITY_DN25205_c1_g1",-1.88902217445684,0.97323276771463,-5.96878801351431,6.97389376405109e-05,0.00208625292293835,2.00263571313884,110.82,108.58,141.41,85.78,81.28,26.12,14.98,12.65,39.51,52.65
"2022","TRINITY_DN2521_c0_g1",1.59322590710867,3.15546477416435,5.10392766097377,0.00027367756013285,0.00487188438993017,0.430873108324048,125.31,211.61,93.5,185.25,116.81,362.77,342.76,399.24,358.92,716.92
"2023","TRINITY_DN25223_c0_g1",-1.82068156662378,0.609913664270533,-6.47183233760956,3.30315191973085e-05,0.0013305636097688,2.68534465923298,105.84,68.48,88.73,44.96,101.38,15.19,25.3,23,28,13
"2024","TRINITY_DN2523_c2_g1",-4.58168274917495,-2.53605032053527,-4.03383318741741,0.00171131995321197,0.0160256082313911,-1.66162223121651,13.05,53.69,39.76,16.88,17.78,0,0,4.24,0.34,0
"2025","TRINITY_DN25236_c0_g1",1.30192337851778,1.15042865639026,6.4490806870684,3.41416476529996e-05,0.00136289944463813,2.68355345388556,62.46,36.12,31.79,31.38,42.42,89.18,82.12,73.26,125.99,98.84
"2026","TRINITY_DN25241_c0_g1",-1.91252485676561,-0.388485878758011,-4.5597142834255,0.000682445119609983,0.00867695628682996,-0.154611385626711,44.9,74.16,39.44,32.31,31.29,9.4,5.04,4.07,19.55,11.18
"2027","TRINITY_DN25244_c0_g1",2.14385766797041,0.174429004549132,6.89272628445034,1.81435062686331e-05,0.000940384655135205,3.13660030923451,25,19,18,8,13,73,34,89,76,54
"2028","TRINITY_DN25261_c0_g2",-1.61262825000442,-1.59617281602908,-3.15172804705755,0.0085006795099747,0.0457333315914517,-2.39688577539779,19.22,9.6,15.06,19.69,23.75,3.22,1.03,4.36,4.28,7.13
"2029","TRINITY_DN25269_c0_g1",-2.99931908256307,-0.104329414958979,-9.04060834616369,1.18869045922879e-06,0.000208696580398792,4.71956141558478,65,65,67,67,105,6,5,10,9,7
"2030","TRINITY_DN25271_c0_g1",-1.7362882561368,2.58843063664911,-7.7423423553758,5.79627704338747e-06,0.00049001279117699,4.38244506902174,299.86,295.03,266.76,238.45,430.32,83.71,57.91,110.78,162.68,53.39
"2031","TRINITY_DN25279_c1_g3",-1.5399874842029,1.90660360254063,-6.99722440267,1.56916526179833e-05,0.000866586872427665,3.42635555290267,180.73,198.37,223,122.95,157,84.73,34.27,43.09,66.42,71.2
"2032","TRINITY_DN25296_c3_g2",-2.71000572409711,-0.79272524714215,-6.25370321173949,4.54792948967997e-05,0.00160645304444977,1.60399935137439,53.64,34.97,49.85,24.91,51.14,6.02,4,8.08,5.01,2
"2033","TRINITY_DN25311_c1_g1",-1.6782910364781,0.145374793660479,-8.52883883629561,2.17276990030231e-06,0.000292565116684091,4.95000514337086,57.11,48.56,55.85,50,64.34,18.96,12.07,14.3,15.68,14.05
"2034","TRINITY_DN25319_c0_g1",-1.92221287723525,-0.882973799587183,-5.18662175604498,0.00023905089660103,0.00446953173361818,0.559066211428457,30.47,25.65,33.21,26.81,36.33,9.02,8.78,4.46,10.49,1.98
"2035","TRINITY_DN2532_c0_g1",-1.74874737753783,3.78737893485481,-13.7689409584471,1.2451678527801e-08,1.58489578293084e-05,10.3773079614143,729.25,632.72,731.03,531.75,867.25,180.76,164.4,242.25,270.38,176.07
"2036","TRINITY_DN25328_c0_g1",1.44112720612394,-0.580740842155108,5.24894464587089,0.000216017580487064,0.00420083812379512,0.844422283021938,18.28,9.16,13.3,7,14.16,25.02,20.2,28.79,37.54,30.36
"2037","TRINITY_DN2537_c3_g1",1.38367594170735,1.33008108984848,4.50035607790074,0.000755772903149715,0.00929539274620872,-0.332768379510098,52,55,26,53,39,113,153,93,83,114
"2038","TRINITY_DN25371_c1_g1",-2.15439308236564,-0.626593601822083,-4.0993775843095,0.00152333263725614,0.0148581136988941,-0.892673696295352,30,28,73,54,28,7,4,11,9,4
"2039","TRINITY_DN25375_c0_g1",-1.30538909083904,1.69816580033529,-6.33083114704068,4.05868859255352e-05,0.00150321620342582,2.50474967249623,134,146.3,188,109,133,60,39,74,79,31
"2040","TRINITY_DN25376_c0_g1",-1.20482989398159,1.03728935880649,-4.96985204420049,0.000341484782265982,0.00562711079755204,0.470366559376384,143.76,72.59,89.91,59.74,78.57,38.4,34.22,24.11,46.3,32.53
"2041","TRINITY_DN2538_c0_g2",1.0501028516592,3.0191326143055,5.4639804174747,0.00015292976913553,0.00338188902362625,1.02996373528145,126.11,157.93,152.25,169.84,160.9,381.38,366.81,311.61,260.81,277.69
"2042","TRINITY_DN25388_c0_g1",3.57837561880975,-1.43103586423731,3.83575023912123,0.00243925408706459,0.0201764477307272,-1.76814522017978,2,6,3,3,5,24,53,18,63,23
"2043","TRINITY_DN25389_c0_g1",-1.13416099884691,-0.588119324555085,-3.54414128951426,0.00413754589728874,0.0286965389975755,-1.75546397291184,35.84,29.32,34.27,15.52,28.67,8.99,18,9.66,14.14,5.99
"2044","TRINITY_DN25389_c1_g1",-1.3180445011783,-0.67185697274149,-3.67949580831566,0.00323473329188012,0.0243739784365339,-1.52799387562344,43.77,37.69,20.47,15.51,31.25,10.59,9.6,6.01,12.54,8.01
"2045","TRINITY_DN25390_c0_g1",1.88151886651797,-0.451187932958686,4.90374943411422,0.000381210482197008,0.00599981223932481,0.350151031292152,10,8,16,11,13,41,50,29,27.42,38
"2046","TRINITY_DN25401_c1_g2",-3.25771593923675,0.231186474841559,-8.10196565939423,3.6694905512223e-06,0.000389367446968501,4.1874883446937,93.97,76.69,86.85,90.57,166.12,12.01,3.07,10.12,8.28,12.13
"2047","TRINITY_DN25405_c0_g1",2.32400276937038,-0.849200847133964,4.80494586242304,0.000449870078460426,0.00666607673891815,0.0317554798913573,7,6,4.47,6,19.94,33.7,14.18,47.88,39.06,31.31
"2048","TRINITY_DN25407_c0_g1",-1.00649375093891,0.905663993706539,-4.93471103985704,0.000362031557708689,0.00581442352217571,0.421949781586445,79,80,55,75,81,31,24,31,43,41
"2049","TRINITY_DN25407_c0_g2",-1.46072377396689,0.4784837393958,-6.19642580740981,4.95163220799366e-05,0.00169162145117776,2.30789484681408,81,71,49,47,81,20,16,21,34,16
"2050","TRINITY_DN25414_c0_g1",-1.47066342276751,0.280254910749045,-5.61935970842459,0.000119638307279514,0.00288069367186523,1.48298036369246,71.75,51.24,72.32,54.1,39.27,26.07,11.71,19.1,18.52,15.94
"2051","TRINITY_DN25427_c0_g2",2.40870236201831,-0.654990213638859,4.87125663908468,0.000402488451342595,0.00620722189531435,0.191645053657324,4.49,7.8,11.62,11.26,10.03,71.43,20.5,29.59,37.92,40.08
"2052","TRINITY_DN25448_c0_g1",-1.42840234837634,1.42128642185861,-4.52690442788024,0.000722009374597785,0.00900258030851221,-0.295889832262794,164.7,67.35,110.95,173.72,116.46,43.01,54.47,25.55,59.93,35.33
"2053","TRINITY_DN25451_c0_g1",-1.11477808436489,4.04934657708595,-5.82891433455983,8.63794818547442e-05,0.00234690636049952,1.47588567330531,685.19,631.45,901.68,507.73,664.08,346.21,148.26,326.09,466.83,319.82
"2054","TRINITY_DN25452_c0_g1",-2.05961754353932,2.14900588335259,-11.86340373949,6.47320834627101e-08,4.78354684388603e-05,8.57332639445191,257.84,252.82,205.8,259.27,260.27,51.23,38.05,52.44,86.22,62.23
"2055","TRINITY_DN25490_c0_g1",2.2111357151339,-0.328392175084463,5.78680266333602,9.2177113900096e-05,0.00243584596348853,1.56424275006563,8,15,12,7,16.01,30.56,31.29,49.01,86.01,37.92
"2056","TRINITY_DN25514_c0_g1",-2.76183035517404,-0.289923175684656,-5.8380707712526,8.51707665770965e-05,0.0023280009531073,1.52486528030291,88.54,55.04,82.27,26.01,61.6,7,7.99,5,9,7
"2057","TRINITY_DN25537_c0_g1",-1.3562391347022,2.79587067236266,-5.08752767208172,0.000281151016192586,0.0049495655641346,0.453496864432129,393.69,324.68,168.85,345.27,325.35,131.91,98.96,121.76,101.89,129.12
"2058","TRINITY_DN25553_c0_g1",1.31128675740077,-0.274231196954734,3.29046315211045,0.00658466696651432,0.0388030471147539,-2.21362506765485,12.83,24.46,7.26,32.12,12.49,28.3,42.54,28.63,42.35,23.81
"2059","TRINITY_DN25554_c0_g1",-1.94192257743646,4.80362407994841,-5.79351525357013,9.12260372272169e-05,0.00241791846064998,1.34901261199259,1653.35,1494.61,1383.97,1120.1,1970.99,621.65,120.27,597.26,315.24,575.06
"2060","TRINITY_DN25570_c0_g2",1.31201774612263,0.324978813019428,3.14608644344545,0.00858953455767684,0.0459960980101132,-2.5447641622028,30.05,12.58,22.29,23.51,31.67,57.07,49.15,24.85,135.8,33.84
"2061","TRINITY_DN25574_c0_g1",-1.69302741973483,2.10355765158539,-7.41139001665879,8.94612686970481e-06,0.000615656185487868,3.97047931696196,193,248,232,147,231,75,79,77,46,48
"2062","TRINITY_DN25576_c0_g1",1.54492706880096,-0.370350255750574,4.02481371972497,0.00173900747690555,0.0161824814868736,-0.979381801843402,10,11.62,10,28.68,14.15,36,48,25.88,30.05,29.79
"2063","TRINITY_DN25584_c0_g1",-1.3430527326141,-0.00194693076366284,-3.39157413276892,0.0054690687241608,0.0343923586246132,-2.0699308181634,51.16,48,38.19,25.01,78.08,15.01,3,21.46,28.4,19.01
"2064","TRINITY_DN25584_c0_g2",-1.46741870545264,0.472568937012953,-4.4115612457517,0.000881174165944397,0.0102893162484636,-0.394532588301672,56.1,54.15,74.2,68.71,70.54,42.16,6.05,23.22,17.17,29.51
"2065","TRINITY_DN25584_c3_g1",1.74826146357618,-1.65264288118681,3.50644220716984,0.00443223741751503,0.0299686308460602,-1.92764816417801,8.16,11.06,6.93,2.11,3.07,10.33,10.47,17.03,19.13,14.63
"2066","TRINITY_DN256_c31_g1",2.24726870065533,-0.605317096278379,4.39799062345626,0.000902171743190756,0.0104519239990338,-0.443812002512894,16.45,2.89,7,14.39,15.03,48.22,35.31,32.96,58.34,19.07
"2067","TRINITY_DN25619_c1_g3",-1.80067268109276,-1.28912409898863,-3.93292935987121,0.00204891290223955,0.018012210663308,-1.24999527447417,26,14.09,27,18.36,26.32,3.25,8,8.1,6,1.01
"2068","TRINITY_DN25646_c0_g1",2.69300315414352,-0.0666827911039048,6.06327516779716,6.04456209869128e-05,0.00190462003915819,1.94037078658986,15.78,11.63,7.97,4.76,22.29,66.14,68.69,72.38,106.42,30.08
"2069","TRINITY_DN25669_c0_g1",-1.43752169258505,0.990821926166157,-4.96626293553681,0.000343526013519103,0.00564575953486491,0.471376902205813,139.39,97.87,68.58,69.32,89.98,29.36,35.24,32.12,53.42,13.99
"2070","TRINITY_DN25670_c0_g1",-1.34229159327648,0.609586408515006,-4.1614710089262,0.00136493418966925,0.0138194299281568,-0.826136315187846,73.01,65.98,82.24,34.09,95.76,11.56,22.66,28.13,39.7,26.53
"2071","TRINITY_DN25697_c0_g1",1.480372296269,2.73219276412985,7.88730315492472,4.81224997155622e-06,0.000451232031320817,4.55636670830602,97,83,154,143,89,334,312,289,349,229
"2072","TRINITY_DN25705_c0_g1",-2.24932266500641,1.39052528212873,-9.82072989445244,4.97672174621614e-07,0.000136692489236558,6.56725943588127,195.39,119.3,165.24,114,205.7,37.09,17,34.14,44.3,25.08
"2073","TRINITY_DN2571_c0_g2",1.05949983964911,0.335668178302079,3.986400408011,0.00186221438695146,0.016949427544813,-1.10112992703006,20.93,20.42,30.33,35.72,21.31,43.13,54.43,35.76,54.51,49.25
"2074","TRINITY_DN25715_c0_g1",-1.24823591900921,1.69191294347955,-7.14300153974387,1.28444534464004e-05,0.000769269466968555,3.62314409129831,167.79,119.54,150.69,101.45,149.24,58.59,33.72,47.65,85.39,57.39
"2075","TRINITY_DN25716_c2_g3",-2.52916870662428,-1.68894250864172,-4.25385034350892,0.00116019162753857,0.012401883087279,-1.18737146367225,23.52,14.65,34.68,16.07,20,1.31,2.09,3.21,2,3.14
"2076","TRINITY_DN25717_c0_g1",-1.1747174585902,1.0825007186385,-6.05720558751107,6.10012165831581e-05,0.00191726051553567,2.12910295246385,117.35,77.73,79.11,63.49,107.98,36.19,30.12,44.71,44.05,27.15
"2077","TRINITY_DN25723_c0_g1",-1.104031876211,3.25067655273265,-7.79064857318813,5.44635857754408e-06,0.000476165158228832,4.39402585727061,498,319,367,293,447,166,141,198,234,149
"2078","TRINITY_DN25729_c0_g1",-2.25260955561763,1.27506131250631,-8.72495699227621,1.71895943245246e-06,0.000255548543816288,5.44442685154429,185.2,175.12,105.83,108.9,164.62,25.31,20.07,33.15,43.87,21.05
"2079","TRINITY_DN25734_c2_g1",2.88700870297317,-1.19409989862793,3.27327209141631,0.00679612889270152,0.0396375932430287,-2.25411013229773,19,12,1,0,15.99,32.97,15,21.07,57.3,42.11
"2080","TRINITY_DN25736_c0_g2",1.08390316847587,0.347549338400012,3.91075749193172,0.00213189825515856,0.0184748642036455,-1.23037415638575,44,19,18,28,22,42,49,49,45,57
"2081","TRINITY_DN25742_c2_g1",-1.93393688762533,0.329744199454385,-4.02849126276574,0.00172766281756149,0.016112220813899,-1.01059970208839,106,78,65,48,59,18,18,41,25,2
"2082","TRINITY_DN25743_c0_g1",1.31503634787821,2.69426922089296,6.81272343618508,2.02957829048541e-05,0.000995527199621805,3.11807138290408,90.03,91.04,109,185.45,114.03,298.36,207.03,270.19,355,260.41
"2083","TRINITY_DN25747_c0_g1",1.46496815237765,-0.814280789751578,3.58317394392748,0.00385346948147756,0.0274406635990866,-1.67943815641175,11,11,23,9,5,27,16,33,24,20
"2084","TRINITY_DN25751_c0_g1",-1.85104878978439,-0.139186921554855,-6.03124873910988,6.34390964733565e-05,0.00195554370323823,1.96810917465567,54,55,55,44,41,17,7,7,26,6
"2085","TRINITY_DN25784_c0_g1",-1.76493766125137,0.447954702755533,-3.95525996676138,0.0019686981851976,0.0175809194573379,-1.15217529034841,148,38,74,41,86.01,15,14,10,26,37
"2086","TRINITY_DN25785_c0_g1",-1.62807243900308,-0.145358600720437,-3.70594964242162,0.00308332682922942,0.0236347776732017,-1.5136780523178,45,50,44,36,48,18,15,2,24,18
"2087","TRINITY_DN25786_c0_g1",-1.42990396826976,0.950441454967953,-3.33237170428958,0.00609665797064727,0.036950199850611,-2.30743144360847,122.05,114.79,112.41,45.23,66.77,24.16,33.05,9.61,53.84,55.75
"2088","TRINITY_DN2579_c2_g1",-2.00242572460419,2.67719814397017,-7.52371337572844,7.7095440111985e-06,0.0005676894839278,4.09793881815416,438.69,283.8,296.69,276.85,448.08,63.58,112.13,77.52,63.12,134.14
"2089","TRINITY_DN2580_c0_g2",1.09385887831695,7.74488035838028,20.6208673397573,1.2668897735015e-10,3.33965331629966e-06,14.964768666218,3920.2,3796.17,4261.01,3937.43,4202.61,9203.09,7794.19,8423.28,9525.41,7818.59
"2090","TRINITY_DN2581_c0_g1",-1.0638176022408,4.53205539480118,-4.36256943847853,0.000959469894116587,0.0108801852772,-1.06794677779284,1136.71,908.49,954.47,741.32,897,626.93,182.14,362.26,765.56,438.5
"2091","TRINITY_DN25823_c0_g1",-1.62123777463412,-0.0812533152489487,-5.67404228351059,0.000109824286571873,0.00273564717683083,1.52222263405386,37.95,44.35,66.99,41.23,47.27,14.64,5.29,13.45,15.52,18
"2092","TRINITY_DN25826_c1_g1",1.20726425618812,-0.842924687917955,3.54508298423657,0.00413044641304861,0.0286636906186333,-1.74086234874166,17.07,10.8,10.71,8.82,9.24,15.08,17.89,27.82,36.9,13.81
"2093","TRINITY_DN25831_c0_g1",1.75784588263567,-1.00144291647035,4.32502043201992,0.00102436230727145,0.0113506365336608,-0.598981392871033,13,10,8,6,6,21,21,14,42,23
"2094","TRINITY_DN25835_c0_g1",2.0472170324442,-1.48030437602605,4.11431286133726,0.00148357071699905,0.0146222878194664,-1.10709303041488,7,4,10,4,5,14,11,22,35,14
"2095","TRINITY_DN25862_c0_g1",-1.67314694694875,1.47273236651909,-7.55919163265155,7.35798542890764e-06,0.000552683225097386,4.14764166398769,176.13,113.46,116.08,101.54,181.96,33,46,33.37,53.6,36.81
"2096","TRINITY_DN25869_c1_g1",1.36517558576479,-0.573888085560033,3.44992809664505,0.0049146557562715,0.0320319552094495,-1.90635987385224,22.22,18.98,10.08,5.03,11.11,28.06,35.01,37.24,21.88,19.18
"2097","TRINITY_DN2587_c0_g2",1.07108603787033,1.76236822155765,4.752138843809,0.000491771657896413,0.00703462390902502,0.030359389802376,91,59,52,65,61,161,174,114.65,120,105
"2098","TRINITY_DN25883_c0_g1",-1.39301405655018,-1.06031151406442,-3.64399823630415,0.00344996309814889,0.0254550112153208,-1.59613258604747,28.86,21.75,19.23,14.3,30.93,3.12,5.21,4.2,13.46,9.35
"2099","TRINITY_DN25902_c0_g1",1.22103072303581,0.693321889448597,7.3045585420361,1.03204629253118e-05,0.000671198821985538,3.77096692895583,32.52,24.79,30.35,30.36,33.52,76.63,51.22,61.53,80.79,56.41
"2100","TRINITY_DN25907_c0_g1",-1.49889094104741,-0.724984628717441,-5.35045518729397,0.000183370016697093,0.00379531782013913,0.922824221301929,30,25,31,21,40,8,6,9,10,8
"2101","TRINITY_DN25913_c0_g1",-1.93027936897613,-0.890898564663961,-4.98532291546371,0.000332830745768457,0.00552705610295109,0.288241478454973,40,29,26,30,29,7,1,5,12,10
"2102","TRINITY_DN25917_c1_g1",-1.27318749531773,-0.381394548313424,-3.21706559953612,0.00753668188802199,0.0423711302516351,-2.31131319826127,28,40,45,30,35,7,4,17,38,7
"2103","TRINITY_DN25920_c0_g1",2.27391925591122,0.179166333454754,5.09047584149682,0.000279791877831356,0.00493683940435009,0.688710002615011,37.67,13.74,5.63,9.89,24.7,97.68,32.18,56.56,80.64,80.4
"2104","TRINITY_DN25936_c0_g1",-2.06374479709711,0.692330493927098,-7.56161793322692,7.33457728757743e-06,0.000552504915062706,4.05039049940414,109.45,73.24,82.19,80.54,110.68,17.08,26.15,9.04,29.02,23.12
"2105","TRINITY_DN25936_c2_g1",-2.42250153845706,-1.49432340805056,-4.908262221262,0.000378349958393462,0.00597296422108742,-0.307070756966294,26,17,27,21,26,6,2,1,3,5
"2106","TRINITY_DN2594_c0_g1",-1.00167937285311,2.53741199450778,-7.11361453513195,1.33705961574723e-05,0.000785344415814151,3.54707276668556,246,227,220.02,196,231,122,86,94,182,82
"2107","TRINITY_DN2595_c2_g1",1.63032899212784,0.270773913683542,5.50236380916803,0.000143885063051203,0.00325018973938878,1.31208821625252,15.98,25.85,18.66,15.03,25.7,63.92,39.72,33.57,79.8,72.82
"2108","TRINITY_DN25950_c1_g1",1.8089147708308,0.574632323249358,6.35779684330457,3.90110255539498e-05,0.00147453367166027,2.53208295690779,16.29,31.62,19.18,35.61,18.46,85.94,44.98,80.08,85.09,74.71
"2109","TRINITY_DN25962_c0_g1",-1.90228103380906,-1.11870091814732,-3.27204586725656,0.00681147243867721,0.0396897906841687,-2.17636597624983,44.11,12.95,35.2,16.41,27.15,10.18,11.99,4.59,3.48,2
"2110","TRINITY_DN25963_c0_g2",1.92962486571915,-0.396183396397822,4.37402492765601,0.000940535778076098,0.0107341088229998,-0.432823973280855,22.03,8.25,14.04,4.12,16.58,36.61,26.19,40.13,89.05,22.58
"2111","TRINITY_DN25964_c0_g2",1.20674317822986,-1.45667067590262,3.26502831989298,0.00689995876670793,0.0400246556238905,-2.19389402907235,6.32,11,11,4,7,12.99,9,12.98,19,13.89
"2112","TRINITY_DN25966_c0_g3",3.61567557482816,-2.43502004590018,4.9650340348813,0.000344227866612462,0.00564946464018523,-0.817589310581647,0,1.06,6.34,1.21,2.31,13.73,16.33,13.24,15.32,21.98
"2113","TRINITY_DN25979_c0_g1",-1.99611115707456,-0.515638850791391,-3.80660780055986,0.00257066826120869,0.0208644955081418,-1.32613435158519,46.69,69.27,30.64,50.31,20.07,12.72,4.29,6.07,10.25,6.86
"2114","TRINITY_DN26021_c0_g1",-3.71057038689262,-1.66604621414309,-4.88669160738134,0.000392229593317168,0.00610207011919044,-0.841049304530472,36,26,37,36,29,6,0,0,5,4
"2115","TRINITY_DN26026_c0_g1",-1.08678634784236,0.607605914192366,-4.34539518395308,0.000988602779542458,0.0111030231826009,-0.519787883032534,80.89,49.78,60.5,45.79,81.67,29.66,12.07,28.99,48.41,21.57
"2116","TRINITY_DN26073_c0_g1",2.86322763699753,-0.0919157445541551,3.58136391186721,0.00386619120218181,0.0274902580394311,-1.68799449767905,10,3,13.77,10.71,34,67.72,17.65,140.9,143.19,47.85
"2117","TRINITY_DN26089_c0_g1",1.98270359298043,-0.926307889678663,3.25870350864557,0.00698070645627074,0.0403238760996231,-2.18957049065306,8.23,10.41,9.71,7.87,5.24,55.41,35.58,23.61,13.94,19.93
"2118","TRINITY_DN26100_c1_g2",1.44496594227892,0.854505734414161,5.415404824505,0.000165244943439851,0.00354530961652649,1.18148047726319,37,20,41,20,44.28,80,78.22,97,64,82
"2119","TRINITY_DN2612_c3_g1",-3.46462389565948,0.0876567385151578,-4.78358392094817,0.000466351169432298,0.00679377669357909,0.147180246330111,101.78,90,180.92,103.89,49.31,5.07,2.42,45.84,4.07,5.08
"2120","TRINITY_DN26144_c0_g1",2.30172578274714,0.297186097585508,6.99295064712425,1.5784670480892e-05,0.000868632655523838,3.28278083468414,23,15,16,24,9,97,40,83,92,58
"2121","TRINITY_DN26162_c0_g1",-1.5931174373578,0.326505167233034,-6.7827612548131,2.11705212260873e-05,0.00101634875064821,3.05972625042678,82.05,60.42,52.06,58.08,51.32,19.11,16.83,16.3,16.03,20.44
"2122","TRINITY_DN26206_c0_g1",-4.6710435904493,-1.89924624963772,-5.9424395474253,7.2592424129299e-05,0.00213296056926977,-0.0178060459085785,58.91,31.45,38.14,29.95,37.07,4.13,0,0,7.1,0
"2123","TRINITY_DN26218_c0_g1",-1.01168808211259,2.54979848225495,-6.09508471708098,5.76203402902174e-05,0.00185322539024609,2.08066528194805,282.05,202.76,232.24,166.86,258.83,99.92,76.88,96.74,178.86,117.01
"2124","TRINITY_DN26218_c0_g2",-1.50556053261142,2.51305363906794,-8.34269589140151,2.72400498519137e-06,0.000333510622190867,5.12591808131079,327.02,296.47,240.06,192.02,266.43,73.3,64.45,88.49,135.31,99.85
"2125","TRINITY_DN2622_c0_g1",-1.03058486322045,5.20455522142451,-5.03309794247423,0.000307530983959849,0.00524827920328192,0.022600443414472,1321.97,1165.32,1228.93,1198.56,2745,721.05,594.79,700.23,931.17,563.02
"2126","TRINITY_DN26224_c0_g2",1.56282602662202,1.96642682529179,7.69859506010467,6.13397003888446e-06,0.000504412923092449,4.3378189452511,56,79.03,84.02,41.99,62.15,185,145,221,171.94,197.02
"2127","TRINITY_DN26228_c0_g3",-2.94704178128845,0.638756902051363,-9.35736299150354,8.2903018594105e-07,0.000176670818347525,5.75783926121307,154.17,103.28,130.6,74.8,154.14,11.68,7.31,14.14,31.07,9.23
"2128","TRINITY_DN26240_c0_g2",-1.3329524985962,0.41534737530748,-4.64242748055405,0.000592430538402479,0.00790300136561818,-0.0156441551756696,85.3,35.45,79.46,40.65,70.61,23.1,13.01,21.38,33.7,16.75
"2129","TRINITY_DN26245_c0_g1",-1.12110663074519,1.85447748690557,-4.84794933043612,0.000418516275063201,0.00635960324559931,0.181047035117078,208.64,125.94,155.56,80.23,184.38,71.01,68.61,55.76,81.04,50.47
"2130","TRINITY_DN2626_c9_g1",1.01550957649787,-0.923653445016096,3.25408074792734,0.0070403284927126,0.0404939235555768,-2.20702382159556,11.55,10,11.57,7.48,15.82,18.15,12.49,13.02,32.65,20.2
"2131","TRINITY_DN26263_c0_g1",4.5491905108134,-2.07535267190633,6.21638128997771,4.80682376803902e-05,0.00165658670127837,0.151332513227215,4.38,1,1,0,4.7,30.03,24,18.05,45.03,33.08
"2132","TRINITY_DN26269_c1_g1",-1.51936079983966,1.5020975281185,-5.76063004281904,9.59868451204517e-05,0.00250450712544441,1.67660312580902,160.34,91.03,164.78,83.8,185.27,47.65,25.52,34.63,64.72,52.38
"2133","TRINITY_DN26269_c1_g5",1.6972442898666,0.735842832310286,6.21656516645382,4.80551055645797e-05,0.00165658670127837,2.34898894672002,40.12,30.08,32.9,9.56,31.82,90.29,57.01,83.42,106.99,67.47
"2134","TRINITY_DN26271_c0_g1",1.80458354549659,1.75149481738104,6.1777713709246,5.0911932798241e-05,0.00172317738087132,2.28378230036647,32.26,60.4,45.38,60.78,61.71,271.54,153.59,125.05,154.98,167.99
"2135","TRINITY_DN26285_c1_g1",1.180714755391,0.771736296766486,4.28434417601332,0.00109983486946133,0.0119167655239907,-0.638586129429772,21.01,24.95,66.03,30.12,33,69.98,70.39,61,81.11,57.4
"2136","TRINITY_DN26290_c3_g1",-1.70457070220175,-0.657187558937755,-4.32888958556586,0.0010174695137563,0.0112903830169661,-0.521895123431448,26,26,28.01,48,36,7,10,9,6,10
"2137","TRINITY_DN26297_c2_g1",-1.60825824777433,-0.740180742410071,-4.18519212476429,0.00130902013110392,0.0134246040547291,-0.748878018912349,52,32,32,22,20,8,4,6,13,9
"2138","TRINITY_DN26316_c0_g1",-1.04712140607156,1.17098522712674,-4.5103889057437,0.000742823758117252,0.009183437952872,-0.300802966153233,100.07,99.77,76.79,89.21,85.35,56.41,27.59,47.61,64.07,19.98
"2139","TRINITY_DN26329_c0_g1",-1.15148642768257,-0.0172465460496326,-4.29838162398911,0.00107315631205508,0.011707399809228,-0.553559700238772,44,30,51.82,29,60,14,12,24,20,13
"2140","TRINITY_DN2633_c3_g1",-1.14183896435223,4.59410008497346,-4.43726383464523,0.000842788548330496,0.0099901599542211,-0.94152090720078,1166.99,857.95,1324.31,531.44,1297.07,504.05,234.35,466.11,806.33,350.81
"2141","TRINITY_DN26333_c0_g1",-2.57322967162633,-0.880937673920816,-4.17451287597326,0.00133389266121149,0.0135837486324504,-0.893173136579319,59,51,33,15,47,2,2,6,10,6
"2142","TRINITY_DN26341_c0_g1",1.07353316137829,2.17443521054011,6.87280362520389,1.86556893920455e-05,0.000949587651586521,3.23993601099577,77,82,83,86,100,202,160,185,162,179
"2143","TRINITY_DN26344_c0_g1",1.72258747875811,-0.498176379862861,5.6549818049718,0.000113144769328266,0.00279258386134505,1.39008614499078,10,15,14,8,12,31,41,30,32,31
"2144","TRINITY_DN26353_c0_g1",-1.63517831358833,0.563102169128579,-4.7990150794519,0.000454383652794854,0.00669167517522841,0.231635557061558,73,45,94,69,97,17,12,17,63,15
"2145","TRINITY_DN26360_c1_g1",-1.31659249862454,-0.754204321670349,-3.45330469065274,0.00488438327329907,0.0319150744533439,-1.88861093964714,33.02,16,26.99,19.01,47.01,9.81,7,5,13.79,9.28
"2146","TRINITY_DN26360_c1_g2",-1.21277533494631,0.950372064780282,-6.84512877251406,1.93928978108177e-05,0.000970802208636049,3.2114377578748,100.67,72.93,77.63,71.7,82.83,27,29,28,39.37,39.35
"2147","TRINITY_DN26360_c2_g1",-1.68243532499217,-0.883185908904126,-3.81585821601374,0.00252818331194204,0.0206329806607271,-1.32637461611591,24,35,23,31,25,4,14,14,6,3
"2148","TRINITY_DN26367_c1_g3",-1.70285978961004,-0.149386660403047,-3.08553328653913,0.0096041736154993,0.0495404248802147,-2.55231179649284,33.72,48.9,78.24,16.31,94.02,12.55,3.27,24.96,15.44,10.19
"2149","TRINITY_DN26395_c0_g1",-1.24949763272043,0.0139335753423952,-3.52136978990235,0.00431306844765797,0.0294459653823238,-1.85233232631701,55.44,38.93,50.04,31.01,52.12,19.61,7.17,14.13,52.56,6.93
"2150","TRINITY_DN26395_c2_g2",1.53576918845543,-0.41837497370015,4.0743419354882,0.0015924785303899,0.0152949887506456,-0.898626745957511,16,9,18.59,6,21.03,43,15,31,60.17,28
"2151","TRINITY_DN26397_c0_g5",1.93017227977356,-0.0254367865598957,4.89612806476031,0.000386093086949422,0.00605210663618647,0.390953362441425,9.47,28.37,8,13.58,24.72,84.08,37.2,41.82,46.99,45.15
"2152","TRINITY_DN26418_c0_g1",1.89604384807357,0.160329276466818,5.53949081803339,0.000135672520105537,0.00314198104140752,1.35620483006627,17,18,8.01,25.09,21.05,49.16,65.74,60.07,47,60.46
"2153","TRINITY_DN26426_c0_g1",2.50019358985733,-1.52471243452132,3.33031182396789,0.00611976485770193,0.0370360030980784,-2.20115581378856,0,12.33,3.01,10.76,6.77,15.11,13.62,22.22,19.59,31.28
"2154","TRINITY_DN26430_c0_g1",2.15169093681785,-0.325763417080495,5.18098453640087,0.000241258180684559,0.00449958052665749,0.757035742295483,7,10,21,16,9,35,24,41.99,64,60
"2155","TRINITY_DN2645_c0_g2",1.2478903652355,2.85175150511913,4.0058945925897,0.00179859960060614,0.0165446139445862,-1.43774897136745,109.38,155.26,247.3,76.02,106.87,333.96,205.84,185.92,494.69,381.99
"2156","TRINITY_DN2645_c0_g3",1.30082887246166,3.67412045786253,5.07149417946006,0.000288665181244716,0.00502343775177586,0.28946791157431,180.12,251.47,396.12,170.33,169.13,601.11,412.33,354.85,782.01,655.22
"2157","TRINITY_DN26453_c0_g1",-1.42050531659637,0.952821105869412,-4.52850148126493,0.000720029156170942,0.00899334780544894,-0.242148623852412,86,116,85,41,134,34,31,22,36,29
"2158","TRINITY_DN26469_c2_g1",1.61229801038602,-1.11005538558064,3.34293869388655,0.00597950589828699,0.0365003293470613,-2.06126506569309,8.26,7.84,5.33,11,9.43,30.72,27.82,9.76,24.97,14.99
"2159","TRINITY_DN26480_c0_g1",-1.4513310543526,-0.407498260451297,-4.2082936693987,0.00125684788541627,0.0130660820029022,-0.685941452641003,55.3,29.54,27.21,34.24,38.3,12.08,8.99,14.47,19.74,3.31
"2160","TRINITY_DN26491_c0_g1",1.02245496241634,1.49026585402899,5.95874234631643,7.08125815781782e-05,0.0021025807883292,1.96853778954419,57.92,44,57.23,50.73,65.11,118,98.82,93,105.82,122
"2161","TRINITY_DN26496_c1_g1",-1.48183343022384,-0.862881095081821,-3.34030057658932,0.00600853803105941,0.0366199302641121,-2.06289113827914,50.42,15.65,18.27,26.89,31.4,13.03,3.62,8.11,7.93,5.61
"2162","TRINITY_DN26511_c0_g1",1.41556305660415,-0.55495455398452,4.0881868439798,0.00155384784910018,0.0150426624118909,-0.876913230538977,27,10,11,10,10,31,25,33,43,15
"2163","TRINITY_DN26516_c0_g1",-1.77883102565761,-1.82021155587219,-3.45397968193805,0.00487835452544956,0.0318891089735421,-2.06956857831,20,21,15,11,12,5,3,3,4,1
"2164","TRINITY_DN26523_c0_g1",1.61335872786779,1.00384903881805,4.63360962810193,0.000601405992290765,0.00797789175444902,-0.0713354638964949,42,27.25,25.8,26.05,47.11,66.15,57.91,73.69,219.15,105.58
"2165","TRINITY_DN26542_c0_g1",-1.37159743793599,-1.29581616590442,-3.11742240960275,0.0090556481856777,0.0476119702447687,-2.40912113428159,32,16,25,10,18,4,3,4,10,8
"2166","TRINITY_DN26544_c0_g1",2.70340507396098,-1.94652357594171,3.33686643263829,0.00604654471163597,0.0367793450690927,-2.3807173461744,2,4.43,10.46,7.45,0,17.42,19.27,20.79,16.16,8.59
"2167","TRINITY_DN26555_c0_g3",-1.38151305898782,-0.133747189839209,-4.61253092007846,0.000623442296441231,0.00816618634929161,-0.0468795636612542,47.3,29.72,53.61,47.88,32.5,9.19,18.3,13.01,15.83,13.33
"2168","TRINITY_DN26570_c0_g1",-1.23328379440033,-0.284888300130705,-4.81084110649371,0.000445430092626867,0.00663040684672084,0.255301281750104,41.16,28.77,36.99,30.46,45.73,15.59,6.59,13.57,23.55,8
"2169","TRINITY_DN26574_c0_g2",1.00186896359405,1.1200698223165,3.84663819337085,0.00239194847328244,0.0199165405138208,-1.43901694190959,48.54,47.13,23.7,42.47,63.1,68.21,68.52,77.93,91.15,106.44
"2170","TRINITY_DN26577_c0_g1",1.55897205223081,0.675301134903296,5.33015863140417,0.00018945505002028,0.00386700781090237,1.05658107033942,52,33,13,18,31,73,70,84,80,57
"2171","TRINITY_DN26579_c0_g1",-1.3200408000695,-0.121159383448667,-5.03798793341911,0.000305057946309827,0.00521980019842543,0.606602916124277,52.27,32.25,48.51,37.25,38.35,25.32,9.13,13.21,18.16,8.13
"2172","TRINITY_DN2660_c0_g2",-1.0183389812382,3.19840713200028,-6.40195802832653,3.65690969764535e-05,0.00141368675539628,2.46533729607842,494.44,344.01,370.73,268.7,329.2,163,125.34,185.55,266.67,151.23
"2173","TRINITY_DN26603_c0_g2",1.12905713978985,2.8441810447829,4.34854703569587,0.00098318808315285,0.0110662587622176,-0.830350336177698,217.71,141.99,131.96,126.73,78.56,220.11,337.54,270.86,444.72,215.04
"2174","TRINITY_DN26603_c0_g4",1.02049434536605,1.7558674349046,4.09144023781218,0.00154491169306122,0.0149935660467608,-1.10611178589193,51.76,72.96,44.52,91.92,81.72,117.69,161.38,112.54,134.87,121.44
"2175","TRINITY_DN26624_c0_g3",1.67768358310699,0.156973011330294,4.5736567296344,0.000666324097058618,0.00854221437439418,-0.112666757181492,15.11,24.58,14.53,11.04,27.91,60.98,64.33,45.01,34.12,66
"2176","TRINITY_DN2665_c1_g6",1.26328652674097,0.255359615838602,5.08178624875824,0.000283817840309726,0.00497675384728416,0.68111064952061,20,16,31,23,23,51,58,45,58,32
"2177","TRINITY_DN2665_c4_g1",1.13761771232082,1.19681964073516,5.96816621246744,6.98048898441543e-05,0.00208626279853056,1.99643852023193,48.74,42.02,51.58,31.82,44.68,100.85,79.02,123.63,93.77,64.29
"2178","TRINITY_DN26672_c0_g1",1.37215185912035,-0.158317654360349,5.10905609917351,0.000271383653257996,0.0048407669230853,0.712218849578056,24,11,20,12,17,28,27,47,53,35.01
"2179","TRINITY_DN26675_c0_g1",1.17231984582156,0.716252402415247,4.41462565657467,0.000876503510247315,0.0102559997917232,-0.414573878166844,21,28,34,35,41,84,51,72,53,69
"2180","TRINITY_DN2668_c0_g1",-1.50786733473566,1.73007416984279,-4.01879363502808,0.00175774506290899,0.0163167738948725,-1.21376363134278,135,106.94,236,238.8,106,84,51,73.91,50,21
"2181","TRINITY_DN26684_c0_g1",2.37799122454105,2.49649030310448,9.63692027338838,6.07922722828643e-07,0.000146264322080873,6.5675308778526,63.88,75,39,75.04,109.93,467.33,304.12,342.2,415.26,242.76
"2182","TRINITY_DN2669_c1_g3",1.10674989792369,2.78458349104095,7.59856211291991,6.9878188372269e-06,0.00053778888282175,4.17765696595334,114.75,142.1,149.99,113.7,125.26,343.27,205.62,231.87,335.15,273.66
"2183","TRINITY_DN26702_c0_g2",-2.70825498906411,1.84926944474754,-5.85845769469236,8.25434288986276e-05,0.00229167126137997,1.8209968381891,253,283.54,326.96,90.18,436.04,32.89,23.33,30.96,51.93,48.22
"2184","TRINITY_DN26719_c0_g2",-2.30896259227391,0.331516127907074,-5.27388363715958,0.000207466528537198,0.00409354014380738,0.967821085510796,140.16,63.6,58.9,42.32,116.25,18.27,4,17,14.16,20.56
"2185","TRINITY_DN26752_c0_g1",-1.03979523932154,-0.406924099883624,-3.80620417915179,0.00257253863668306,0.0208769464418178,-1.33921846208198,40.8,37,24,19.84,36,10,9,14,16,15
"2186","TRINITY_DN26771_c0_g2",-1.49665360843198,1.96652438780236,-4.67068485970973,0.000564599866813859,0.00769248729863992,-0.122394290967198,288.76,153.27,202,135.6,150.89,43.36,39.26,38,164.61,71
"2187","TRINITY_DN26771_c2_g1",-1.03087516110358,2.98294979881782,-5.16128035390053,0.000249143536969072,0.00458562112186936,0.540765742941352,416.87,239.96,315.01,234.44,365.09,118.29,129.09,133.42,278.2,122.77
"2188","TRINITY_DN26786_c0_g1",-1.42939452510039,-0.492071800373881,-4.43151468203171,0.000851220656027877,0.0100593696367743,-0.341336324761142,34.72,25.23,36.85,31.3,40.03,5.09,10.53,17.01,16.72,5.63
"2189","TRINITY_DN26793_c0_g1",1.38656050496958,-0.945127715832789,3.81001950869234,0.00255491424381054,0.0207719380183753,-1.32968012740688,9,5,13,11,13,20,18,23,19,25
"2190","TRINITY_DN26820_c0_g1",1.26292099460012,-1.40597949115756,3.21545277789843,0.0075590955955787,0.042455962721675,-2.26368033035943,8,13,4,8,6.96,12,12,11,22,14
"2191","TRINITY_DN26829_c0_g1",1.48124683615254,0.906992963113254,4.82886462447042,0.000432138342762751,0.00649347748454491,0.254465853465351,20,28,42,38,39,74,67,125,124,47
"2192","TRINITY_DN26842_c0_g1",1.94990570067136,2.56645822046825,11.0011477318106,1.47311451272067e-07,7.18865669364501e-05,7.91946384646624,63.17,70.15,116.99,82,96.13,345.02,233,296.3,454.49,276.27
"2193","TRINITY_DN26870_c0_g2",-1.23826691147295,0.380698625065732,-3.08417248606356,0.00962830976371445,0.0496237622758825,-2.6588082324167,92,47,56,22,96,19,10,27,40,18
"2194","TRINITY_DN26879_c0_g1",1.09266268089193,-0.118897825179815,3.19557363326389,0.0078409511607455,0.0434803646910949,-2.40090450214043,16.68,11.98,40.5,20.1,12.69,39.04,29.28,43.43,30.73,30.82
"2195","TRINITY_DN26916_c0_g1",-1.39400309684706,1.75315954106415,-9.34291732356831,8.42591861659286e-07,0.000177428321858931,6.20469133101414,170.7,123.22,177.05,116.14,163.88,52.96,50.15,58.38,70.19,41.94
"2196","TRINITY_DN26918_c2_g1",-1.87980851759464,-0.581186161322713,-4.43371284224397,0.000847986347070688,0.0100352834623741,-0.376563120269473,41,31,39,31,50,15,1,15,17,3.02
"2197","TRINITY_DN2692_c10_g1",1.14057508146069,0.428915696943264,3.84441589500808,0.00240152651452451,0.0199634726736696,-1.35153197869449,26.06,43.72,24,17.01,23,39,65.73,53.03,47.18,60.64
"2198","TRINITY_DN26923_c0_g1",1.37617911144568,0.099583130136881,3.95348375015359,0.00197495827241202,0.0176033383779398,-1.13141106999785,13.47,33.23,11.37,17.86,28.01,40.44,28.93,50.55,44.1,64.13
"2199","TRINITY_DN26934_c0_g1",3.10976086056433,-1.87186063554605,3.59143715209284,0.00379593348323462,0.0271900271218908,-2.12833770025174,3,1,2,9,5,27,9,30,16,24
"2200","TRINITY_DN26943_c0_g1",-1.73296959634257,0.299138711746771,-5.42972320881304,0.000161509620420193,0.00349298322514864,1.20397364117955,93.89,66.29,54,40.56,70.55,21.82,11.05,14.54,38.49,7.03
"2201","TRINITY_DN26951_c0_g3",-1.41448935670264,-0.251040978495591,-4.28938322102285,0.00109017957380605,0.0118286675169441,-0.557481963890349,39.41,24.93,37.54,39.43,56.31,6.37,17,12.64,15.46,13.22
"2202","TRINITY_DN26962_c0_g1",-1.22022463056766,-0.800830737037772,-3.87987255035365,0.00225331228444005,0.0191841457343763,-1.21057787950895,31,26,20,22,26,6,12,5,13,10
"2203","TRINITY_DN26970_c0_g1",-1.57042400404321,-0.622846575727404,-3.745510045552,0.00287034878763715,0.0225365583915745,-1.42188568503292,38.25,24.36,44,36.08,24,4.05,2.02,12.7,18,13.77
"2204","TRINITY_DN26981_c0_g1",2.81101499759461,-0.556543877172294,6.26081171385566,4.50032076334557e-05,0.00160179421481602,1.84865739614718,4.33,5,8,16,12,38,38,49,79,34
"2205","TRINITY_DN2699_c0_g3",1.07410954382422,0.518038058679124,3.20717038373574,0.00767526258487352,0.0428563685970531,-2.47091809973896,44.46,17.52,17.53,41.8,30.86,68.08,69.12,56.65,58.06,29.18
"2206","TRINITY_DN27035_c1_g1",-1.10981077505668,-0.810096887195591,-3.41532114917795,0.00523615352597249,0.0333911027297325,-1.94984303195572,20.26,30.85,20.3,18.18,34.22,7,4.46,10,14,10.02
"2207","TRINITY_DN27037_c0_g1",3.14188723457951,-0.131521161354497,5.23828768099139,0.000219784139072896,0.00424938625091197,0.771746258026791,3,13,14,11,13,81,34,92,61,107
"2208","TRINITY_DN27057_c0_g1",-1.34195077879653,2.01044402088904,-3.46356295162092,0.00479357378135136,0.0315141176555395,-2.25702737675002,316.14,191.61,218.37,69.1,173.74,71.44,35.44,78.13,143.19,41.93
"2209","TRINITY_DN27079_c0_g1",2.03950192080687,-1.53411051764903,3.65920015453627,0.00335604821335476,0.0249596496895424,-1.71579568021512,6.12,6,9.59,6.28,2.33,14.58,11.52,12,32.41,19.77
"2210","TRINITY_DN27088_c0_g1",1.52213380925358,-0.589894122957906,4.30394548261169,0.00106276903348061,0.0116226788203445,-0.542238154401862,10.08,24.13,7.06,15.05,9.07,35.1,19.1,31.31,31.2,23.86
"2211","TRINITY_DN27099_c0_g1",-1.38206653268567,1.42533092067125,-3.97579935252579,0.0018977799758308,0.0171674139055263,-1.24555579009584,76,178,105.76,97,179,32,27,47.28,94,33
"2212","TRINITY_DN27102_c0_g1",-1.02472800497249,0.843832229331306,-3.99743572962508,0.00182592275316968,0.016699915865663,-1.13734836351457,94.33,73.25,64.66,36.33,102.48,37.26,24.65,33.93,38.24,27.61
"2213","TRINITY_DN27107_c0_g1",-2.59859187306519,-0.417209723889489,-6.01088704617485,6.542374631503e-05,0.00199857954171219,1.72840584422174,64.34,44.57,51.96,38.37,46.17,6.99,14.02,7.68,2.23,11.01
"2214","TRINITY_DN27127_c0_g1",-1.16973076768961,-0.0559614373363648,-3.11570906277955,0.00908430230319646,0.0477193011059167,-2.53940918355185,44.55,33.18,49.84,48.75,33.3,17.73,22.28,13.26,34.56,4
"2215","TRINITY_DN27132_c0_g1",-1.14004088595338,-0.791706816151033,-3.11928550803519,0.00902459278622607,0.047514213113842,-2.43337798947324,24.09,36.58,23.24,14.58,24.56,11.2,12.18,6.45,6.45,11.64
"2216","TRINITY_DN27133_c1_g1",-1.00434911719372,-0.361291991233314,-3.85040644059497,0.00237579724835273,0.0198272705558278,-1.26977177042069,45.15,27,32,19.03,39.42,15.03,8,16,18,10.04
"2217","TRINITY_DN27149_c1_g1",1.7777980979195,-0.465651376197067,4.14664593339384,0.00140113155178651,0.0140739724446964,-0.786122378358463,11.03,5.38,14.63,12.54,18.72,55.07,24.71,52.13,26.57,25.03
"2218","TRINITY_DN27180_c0_g1",1.4476811768719,-0.345612725749115,4.2494280968616,0.00116922625018091,0.0124662573434781,-0.620212407685176,9.55,10.13,27.12,10.56,19.22,37.48,36.01,37.63,37.28,20.94
"2219","TRINITY_DN27181_c1_g1",1.38933904408094,0.592189023535396,5.47830876565406,0.000149485126429624,0.00332466490074973,1.28158195547578,37.14,27.59,21.52,34.75,17.64,68.26,55.57,47.27,92.24,60.99
"2220","TRINITY_DN27202_c0_g1",-1.18685739328564,1.73415743612718,-7.19990552488923,1.18874353482901e-05,0.000737900661809757,3.69778975884319,161.41,141.06,146.67,103.79,139.75,53.53,36.07,68.4,87.86,51.68
"2221","TRINITY_DN27208_c0_g1",-1.4025182801383,0.860715058408078,-3.46342357547747,0.00479479598781593,0.0315188145872801,-2.0619083172415,127,87,66,54,94,62,5,31,48.99,27
"2222","TRINITY_DN27215_c0_g1",1.60465514892062,2.27459538834507,6.1206710544455,5.54495417082722e-05,0.00181730456810945,2.15604716629313,52,84.14,83.1,71.05,101.1,187.15,185.53,328.09,201.02,273.22
"2223","TRINITY_DN27216_c0_g1",-1.65356880604854,0.0280827041592537,-4.42688368745176,0.000858076707248722,0.0101147462069421,-0.342869441822908,45.11,38.07,52.01,32.07,106.09,10.03,18.03,17.03,16.05,10.02
"2224","TRINITY_DN2722_c0_g1",-6.40426096569693,3.84569001485037,-10.7436465219665,1.90303829239002e-07,8.09104102478208e-05,7.60288908803434,4199.75,2986.47,5745.89,1531.02,5182.11,50.96,23.93,43.08,38.32,51.47
"2225","TRINITY_DN27226_c0_g1",-3.40360392910844,0.68884146363766,-6.08760810157571,5.82715647578673e-05,0.00186928594527008,2.10522710301458,231.85,124.01,196.1,56.03,192.94,14.41,7.01,9.39,29,6
"2226","TRINITY_DN2723_c2_g1",1.28008770917934,3.39704914645851,4.87810017336025,0.000397905590907706,0.00616356936149022,0.00272655657740195,230,221.2,93.34,248.58,176.25,630.23,356.73,445.64,412.58,399.12
"2227","TRINITY_DN27238_c0_g1",-1.66886915430087,0.419193676309604,-5.56892990768225,0.000129512986286328,0.0030487879147076,1.41341719003326,82.59,52.97,54.36,67.23,75.59,22.94,8.93,25.68,13.04,29.42
"2228","TRINITY_DN27238_c0_g2",-1.58980409834712,2.71875742522199,-8.45507492177263,2.37538772784654e-06,0.000311075565017607,5.25704688816521,440.2,257.74,238.02,275.07,371.15,104.84,92.06,105.59,114.47,89.26
"2229","TRINITY_DN2725_c3_g1",1.06720941661086,0.280257156219228,4.18074515619761,0.00131931837673228,0.0134873795977074,-0.769269750529525,29.07,20.73,14.65,27.37,33.73,54.47,37.26,40.28,67.64,32.16
"2230","TRINITY_DN27263_c2_g2",-1.03759425866839,-0.730825463188762,-3.18070403875826,0.00805869336244165,0.0442099276871589,-2.34101992293561,31.8,15,20.94,24.1,36.25,11.61,10.81,7.33,12.25,7.77
"2231","TRINITY_DN27263_c2_g3",-1.00630164798426,-0.10464469502635,-4.06603924392378,0.00161612068748737,0.0154598667830315,-0.931378227559554,44.15,34.22,27.61,35.96,45.22,21.64,14.39,16.95,13.86,14.15
"2232","TRINITY_DN27275_c0_g1",1.20127325014619,1.95758125582683,3.47459763142915,0.00469780987686269,0.0311082073507502,-2.2362046980324,86,87,47,75,68,84,237,145,283,116
"2233","TRINITY_DN27362_c0_g1",3.08486746544851,-0.42123472116778,4.10790600427353,0.00150049424775058,0.01471897596948,-0.906590900054194,4.02,0.91,31.48,24.87,12.25,74.87,53.94,54.59,47.54,58.87
"2234","TRINITY_DN27363_c0_g1",-2.71689463528359,1.10208518799068,-9.50426658359867,7.03698972398484e-07,0.000158983209134089,6.14862904896934,211.99,116.93,175.83,94.75,172.87,22.71,11.78,19,24.29,30.35
"2235","TRINITY_DN27379_c0_g1",-2.79330243108686,-0.126546038307975,-8.27257505599033,2.96903893753451e-06,0.000343203208581969,4.16576452308866,65.41,66.71,53.1,79.12,73.31,13.71,6.3,4.21,10.47,6.3
"2236","TRINITY_DN27383_c0_g1",1.66622406159156,-0.568170408530293,4.91272149819561,0.000375545470707082,0.00594532250667467,0.356844342485371,12,8,11,13,13,51,28,24,27,28
"2237","TRINITY_DN2739_c1_g1",-2.50629150753711,0.985757130985165,-7.99820512060754,4.18058292004288e-06,0.00041923344778472,4.58180896352114,106.54,93.61,144.28,122.11,209.74,20.15,10.19,31.01,30.96,16.19
"2238","TRINITY_DN27395_c0_g3",1.43751184238052,-1.25303422998731,3.37875219547595,0.00559917994425709,0.0349169676371122,-2.01370895775697,7.46,8.27,9.58,4.93,9.62,14.64,27.96,11.37,19.86,15.98
"2239","TRINITY_DN27406_c0_g1",1.88126068526355,0.672213418083514,3.30163649298096,0.00645081196916521,0.0383005203775045,-2.30889731890849,43.02,28.86,43.14,38.91,4.06,71.03,98.69,68.18,72.69,99.59
"2240","TRINITY_DN27410_c0_g3",1.12303640582356,-0.0671106129897832,3.21135756688113,0.00761631051719055,0.0426345801284233,-2.3807599140449,12.03,16.97,12.41,34.17,26.58,31.12,30.8,34.23,35.47,48.98
"2241","TRINITY_DN27426_c0_g1",-2.04259235951567,-1.26154190329347,-4.2923792177366,0.00108448076135871,0.0117853744363762,-0.797192238201471,28.22,34.28,17.13,15.12,31.28,4.02,3.02,7.06,5.03,2.01
"2242","TRINITY_DN27443_c0_g1",-3.14460041535282,-2.00980852959569,-3.91374619975009,0.00212051283415675,0.0184335292670118,-1.79017127357831,16.15,12.92,36.1,25,23.41,0.97,0.95,3,2,1
"2243","TRINITY_DN27450_c0_g1",-5.47456592458077,-2.93321078094335,-8.54633357231666,2.1274861340513e-06,0.000288974998435668,1.2838222896696,31.89,22.06,25.7,13.99,36.42,0,0,0,0,0
"2244","TRINITY_DN27475_c0_g1",-1.30086548168737,1.13063650792985,-4.65178322138296,0.000583060555503482,0.00782380045878148,-0.0561379213434732,125.38,114.19,109.43,56.36,85.78,30.04,17.08,35.14,72.22,38.07
"2245","TRINITY_DN27479_c0_g1",-1.62212925098611,0.05347759723629,-5.88210094362286,7.96035595056237e-05,0.00224299198944716,1.8297137580718,45.26,40.64,61.41,58.35,54.35,9.06,12.06,16,27,10.93
"2246","TRINITY_DN2748_c0_g1",1.0910042601371,4.37192814146177,5.73655945972386,9.96378982883197e-05,0.00256635804910754,1.28367963606642,362.02,268.5,455.32,343.61,548.3,1004.35,757.73,637.84,1229.58,586.02
"2247","TRINITY_DN27480_c1_g1",-1.73590449886889,-1.10389267791052,-3.14493884061781,0.00860772344469742,0.046041863430086,-2.3661824006417,16,27.58,32.39,16,37,15,1,12.4,4,4
"2248","TRINITY_DN27481_c1_g1",-1.44405138579001,-0.767149056865678,-3.38464487688041,0.00553899751800496,0.0346880278382405,-1.99773412221565,41,30.05,25.17,17.17,24.14,7.14,6.4,19.04,4,11
"2249","TRINITY_DN27486_c0_g1",2.42168078167829,-1.64382490260191,3.83812725527133,0.00242884495518847,0.0201198164425116,-1.60483015936727,2,2,7,7,14,21,12,22,22,15
"2250","TRINITY_DN27493_c0_g1",1.53358115608217,-0.407371150541989,3.62975105502633,0.00354042379855101,0.0259243284464005,-1.62048059616747,23.49,18.7,12.76,3.81,15.13,41.62,14.59,31.24,40.26,48.12
"2251","TRINITY_DN27499_c0_g1",-1.39103737237949,-0.122515446061064,-4.25331653161071,0.00116127834252119,0.0124113622303134,-0.618879417152136,50.38,29.19,66.8,26.3,51.29,19.21,8,15.07,23.21,7
"2252","TRINITY_DN27506_c0_g2",2.8667317054675,1.28219200579491,4.64051157121784,0.000594368711083849,0.00792074782563736,-0.0571482676121926,7.62,57.03,27.38,22.29,45.15,108.24,165.62,94.09,280.13,345.38
"2253","TRINITY_DN27519_c0_g1",1.10982351096651,1.11516060325669,4.34415084976484,0.000990749007803775,0.0111211128228592,-0.576836896592297,41.85,44.94,36.2,29.89,58.99,115.49,93.95,50.53,112.13,67.41
"2254","TRINITY_DN2752_c3_g1",-1.2663480667987,0.38140232833891,-3.91880821322664,0.00210137205962838,0.018329746752651,-1.2160405234098,83.94,60.87,54.81,29.65,65.42,46.51,11.14,16.95,26.68,15.24
"2255","TRINITY_DN27531_c0_g1",1.15015399427,0.619188672598988,4.44456681281089,0.000832202841843662,0.00990378819106661,-0.356747381118596,25,22,33,42,30,64,34,81,70,58
"2256","TRINITY_DN27531_c0_g2",1.03969590679239,1.56037458694473,3.91875583019696,0.00210156921800782,0.018329746752651,-1.37899298482708,75,48,51,64,53,221,73,94,123,92
"2257","TRINITY_DN27542_c0_g1",-1.91880609665302,0.223532120089665,-6.42459268187606,3.53809721874448e-05,0.00138544091760977,2.56812646897966,61.15,83.39,50.38,47.92,81.5,8.8,10.65,21.19,23.03,12.62
"2258","TRINITY_DN27549_c2_g1",3.43847714871048,-2.65287241403152,4.12109986335273,0.0014658585997132,0.0145095809051133,-1.60907978853035,0,10,0,3,0,18,9,7,16,15.7
"2259","TRINITY_DN27562_c0_g1",2.55372502102792,2.29555317412151,6.0993012679806,5.72564819963295e-05,0.00184713867554674,2.14282921998296,94.08,50.77,47.8,36.31,68.08,349.7,283.11,490.64,556.24,121.39
"2260","TRINITY_DN27562_c1_g1",2.38104055230191,-0.515741851708627,4.06090399513934,0.00163092501616995,0.0155535473119886,-0.942712945945285,14.28,8.11,11.59,2.8,14.32,23.33,26.9,97.47,56.94,35.08
"2261","TRINITY_DN27563_c1_g1",-1.44313422949391,-0.0494083222869106,-3.79178595848686,0.00264027887643716,0.0212737111858723,-1.38251204354788,53.23,30.59,47.55,53.25,49.92,13.05,3.01,33.01,26.71,9.08
"2262","TRINITY_DN27571_c0_g1",-1.27546931295068,-1.32192570238583,-3.20085460178639,0.00776505625879883,0.043190690162068,-2.28425807240581,19.05,14.01,17.23,23.06,18.48,9.37,2.42,9.06,6.5,2.25
"2263","TRINITY_DN27573_c0_g1",2.24744648416808,2.04510351446709,4.26183268321285,0.00114406689132145,0.012256956888486,-0.813989752996584,92.99,21.3,62.47,76.26,41.03,297.25,375.6,387.78,118.3,177.7
"2264","TRINITY_DN27590_c0_g1",-2.27111633294567,-0.524479419470686,-5.04059205484577,0.000303749489548992,0.00520423566499147,0.459754773431366,49.33,41,33,29.37,80.22,11.04,4,6,15,3
"2265","TRINITY_DN27600_c0_g1",1.09207940239622,0.610510214076457,4.79634243139284,0.000456433136624953,0.00670597509400468,0.218670130500675,45.86,24.46,30.3,32.09,21.5,65.9,54.44,60.45,75.28,39.31
"2266","TRINITY_DN27614_c1_g1",1.63249767985054,-1.14886020458875,3.08107822809399,0.00968341880366407,0.049829108747297,-2.46281411847525,14,4.99,12.22,8.56,4.4,29.31,20.79,21.97,27.41,7
"2267","TRINITY_DN27628_c0_g1",-1.87713470610553,-1.24688491669751,-3.29635717637209,0.00651371043698764,0.0385702624883689,-2.14841609706867,26.16,26.51,27.18,10.82,24.23,12.26,7,5.08,1.21,4.58
"2268","TRINITY_DN27642_c4_g1",-1.35263003443369,-0.362453389643021,-3.210044174151,0.00763475262072995,0.0427185536487463,-2.32674642479013,18.92,46.21,35.07,33.86,52.72,11.84,10.55,5.02,19.53,14.88
"2269","TRINITY_DN27646_c0_g1",2.60698183881969,0.0249730456579993,5.96278190128824,7.03787573148606e-05,0.00209347266678555,1.87392675682741,9,15,12,18,11,61,31,53,135,76
"2270","TRINITY_DN27653_c4_g1",-1.06204811262573,-0.613597627126507,-3.69070787332173,0.00316965178763308,0.0241059746465984,-1.51476176430802,36.51,20.87,23.26,29,28.1,14.06,8.3,13.64,13.36,5.06
"2271","TRINITY_DN27662_c0_g2",1.00969098900386,-0.549645838532642,3.31516723096078,0.00629240019747533,0.0376985281206528,-2.1440657521199,9.32,17.48,21.5,8.82,17.81,24.63,22.18,19.51,30.24,25.61
"2272","TRINITY_DN27670_c0_g1",-1.15716303249699,-0.148826876919262,-3.50384866891405,0.00445328205785299,0.0300634073365054,-1.86681954222136,57,22,51,27,45,10,13,13,29,13
"2273","TRINITY_DN27701_c0_g1",-1.85867832976855,-1.20217996410527,-3.22039223649758,0.0074906627232949,0.0422167602946983,-2.25768443117246,54.25,16.04,17.11,14.05,27.04,3.03,8.03,7.05,3.01,5.05
"2274","TRINITY_DN27716_c0_g1",-1.83421024859702,-0.366941344711749,-6.84062389004706,1.95158097240941e-05,0.000973813804512394,2.86625923049444,58.29,36.13,41.11,28.1,45.08,9.04,10.08,8.07,12.06,8.07
"2275","TRINITY_DN27730_c0_g1",-1.45158768032965,0.791576918366072,-5.96730509661962,6.98963345238507e-05,0.00208794276671487,1.9995990344895,118,81,54,68,86,28,19,30,35,21
"2276","TRINITY_DN27732_c1_g1",-1.94983498477389,0.280693676180101,-6.3485621833402,3.95432438926109e-05,0.00148279005198572,2.47917009910227,88.68,83.26,76.61,40.54,52.04,9.96,17.33,19.32,18.31,12.12
"2277","TRINITY_DN27746_c0_g1",-1.16121281051483,0.243524275442227,-3.58990296135517,0.00380654911060569,0.0272377786157622,-1.7658555693862,68.57,61.41,57.57,21.18,54.92,23.33,9.33,26.1,25.6,17.58
"2278","TRINITY_DN27747_c0_g1",-1.65738064856094,1.02998717802642,-6.17071205457144,5.14509082208994e-05,0.00173291572268264,2.29182489542918,126.08,94.87,70.78,83.38,127.69,25.42,33.86,38.48,21.88,29.71
"2279","TRINITY_DN27752_c0_g1",1.61420523740614,0.261707016836143,4.51975908471061,0.000730938881520301,0.0090762752813545,-0.204715413728803,26.92,16.27,17.66,16.51,22.57,25.75,43.32,71.62,79.16,75.78
"2280","TRINITY_DN27788_c0_g1",-1.27287621421834,1.55117473772554,-5.27140789765124,0.00020829923486634,0.00410475133495021,0.909274514700324,150.83,106.56,154.89,71.72,156.04,69.71,35.35,61.47,42.94,43.65
"2281","TRINITY_DN27792_c0_g1",-1.1819392583207,-0.453017944336876,-3.4256878366744,0.00513766275138775,0.0330413673466269,-1.96012918141761,44.66,42.07,31.64,22.8,23.16,21.3,7.41,8.56,19.92,5.45
"2282","TRINITY_DN27820_c0_g1",2.39584020025662,-1.41553533792412,3.88547437044417,0.00223077265749613,0.0190655351702347,-1.42343254833939,2,10,8,12,3,15,21,20.78,24,24
"2283","TRINITY_DN27848_c0_g1",-1.91761444202408,-0.0888603211517179,-7.62138247496314,6.78241623266959e-06,0.000526923285640466,3.86172852119122,59.01,52.45,50.48,39.29,54.93,9.41,14.22,7.25,19.43,9.56
"2284","TRINITY_DN27850_c0_g1",-1.09243422695411,1.81894532085602,-6.9147643991644,1.75943492922859e-05,0.000923205103947046,3.31494078851951,160.14,133.34,133.81,110.55,164.6,76.35,67.85,50.63,67.58,57.45
"2285","TRINITY_DN27855_c0_g1",-1.21035255200144,2.05899047076531,-4.20187822758879,0.00127111631559862,0.0131563448999287,-0.95368515657857,277.79,163.35,104.35,126.79,244.9,71.14,78.11,67.64,97.53,52.96
"2286","TRINITY_DN27860_c0_g1",1.99399060792949,1.18423623501767,3.55511515075288,0.00405558136715763,0.028356179070167,-1.93623422936438,13,71,110,18,20,111,75,277,131,82
"2287","TRINITY_DN27860_c0_g2",1.35445246001706,1.95525233937623,5.89867645889732,7.76087832988945e-05,0.00221649678915245,1.84702619888596,57.51,82.08,50.81,54.68,102.14,173.1,207.55,127.98,200.15,141.77
"2288","TRINITY_DN27883_c0_g5",-2.21088246969335,-0.8869009445737,-4.56339697332893,0.000678147797248329,0.00864203374387041,-0.291921179744664,37,23,53,31,24,5,12,3,5,6
"2289","TRINITY_DN27883_c1_g1",-1.4476539626358,1.76531997157841,-6.40921393974536,3.61836699304127e-05,0.00140312687329518,2.61488641575449,227.2,144.23,152.2,96.44,166.62,75.05,41.97,59.95,65.91,34.6
"2290","TRINITY_DN27888_c5_g1",-1.58136098584561,-1.5340855692532,-3.13818319131857,0.00871558581297949,0.0464746390992946,-2.40472156760946,26.14,15.01,12.15,10.15,28.59,7.36,2.08,2.08,5.48,4.14
"2291","TRINITY_DN27901_c1_g1",3.97950616488513,-2.64500167918663,5.59701020967747,0.000123912621275374,0.00296064359239707,-0.324945519689353,2.24,1.04,0,3.3,1.38,23.88,16.02,10.63,15.03,14.21
"2292","TRINITY_DN2791_c0_g2",-1.53669102878122,5.73570622604341,-5.24865446679216,0.000216119234684026,0.00420149870772823,0.343342440794212,2160.64,3375.4,1947.68,1914.5,3539.42,761.89,504.41,548.39,1711.41,1128.71
"2293","TRINITY_DN27929_c0_g1",2.26209110249237,-1.44695854234327,3.19168179745764,0.00789736102046714,0.0436800131858217,-2.35775928826178,8.03,1,14.81,6,6,17.99,8,22.28,30.29,30.07
"2294","TRINITY_DN27960_c1_g2",-1.32888814223978,1.29216561195578,-4.94779096636901,0.000354236132748209,0.0057439370778361,0.413795839435749,135.77,72.55,105.05,119.49,103.43,29.16,51.27,33.78,34.14,59.07
"2295","TRINITY_DN27974_c0_g1",-2.86607667414808,1.43504875679674,-7.54831897138145,7.46386643864996e-06,0.000556865439077834,4.10674531572481,300.64,177.8,268.59,91.21,221.74,33.61,14.29,34.76,27.53,20.44
"2296","TRINITY_DN2798_c4_g1",-1.05448219258081,2.59988374287613,-3.9242490262194,0.00208099758164408,0.0182101936840749,-1.54116656316181,210.39,205.46,226.96,324.5,248.88,207.71,45.98,118.4,154.49,91.44
"2297","TRINITY_DN27985_c2_g1",-1.00448259601556,0.0647140033462523,-3.8845831516579,0.00223434298387928,0.0190855382387949,-1.24736101168676,53.55,39.19,52.79,31.04,36.09,12.8,17,14.98,36,16
"2298","TRINITY_DN27987_c0_g1",1.7424861105113,-1.15909370175397,3.3879824684579,0.00550520242678595,0.0345442023569411,-2.00100963481945,21,10,7,3,5,17,9,29,30,24
"2299","TRINITY_DN27987_c0_g2",1.52153955320905,0.28903420029057,3.96779537388709,0.00192509698843312,0.017327794619962,-1.12180085672863,32.88,8.17,20.28,20.63,34.17,49.39,71.34,42.68,91.68,32.61
"2300","TRINITY_DN28018_c0_g2",1.41627440796521,-0.596288868258827,4.12318422578245,0.00146046310292177,0.0144634311823175,-0.823757289690631,19,9,16,6,13,22.07,28,33.59,24.39,32.33
"2301","TRINITY_DN28019_c0_g1",-2.27865391461638,0.52708280237501,-3.73250694632883,0.00293863332868256,0.0228988235782764,-1.52529023712085,56.02,144.96,93,174.53,38.97,11.62,25.97,21.53,10.23,16
"2302","TRINITY_DN28034_c0_g1",-1.51011479156363,1.44405424705088,-3.42835752945535,0.00511260540519651,0.0329211481247063,-2.21622536401687,152.76,94.96,113.45,161.12,108.42,16.63,32.18,86.33,25.11,109.27
"2303","TRINITY_DN28040_c0_g1",-1.57249839041335,-1.17991735712698,-3.72939081512367,0.00295524378721182,0.0229773363703249,-1.49062765614897,27,25,13,19,27,3,5,7,6,8
"2304","TRINITY_DN28043_c0_g1",1.70562897096205,-1.2998834829231,3.9721016612799,0.00191034983211804,0.0172412731656802,-1.17515684423327,7.4,5.25,9.49,8.61,5.34,15.15,22.58,15.05,29.15,11.75
"2305","TRINITY_DN28055_c0_g1",1.21787281799267,1.0979741887122,5.11422629086696,0.000269091533049575,0.00481371406989029,0.695830783948728,33.57,42.52,32.97,35.67,56.91,62.66,71.23,110.29,97.4,99.94
"2306","TRINITY_DN28072_c0_g1",1.13183219961839,0.835185996700404,4.0248163779722,0.00173899924885599,0.0161824814868736,-1.0889496346964,23.76,39.53,36.36,31.38,42.25,63.43,46.49,76.24,65.09,108.98
"2307","TRINITY_DN28090_c0_g1",-3.65145431284171,-1.53292320899815,-5.00719527861154,0.000320986913037333,0.00539240639780228,-0.698926466491168,51.81,38.12,36.57,20.22,33.48,3.66,1.46,2.19,4.07,0
"2308","TRINITY_DN28113_c0_g2",-1.72728984576442,0.106647845183364,-4.81921819165137,0.000439199754181048,0.00657412238751734,0.275902601060426,63.36,38.52,47.74,43.05,98.07,30.63,5.12,13.35,17.3,12.17
"2309","TRINITY_DN28126_c0_g1",-1.27924063786429,1.14118320335485,-4.80175922501662,0.000452289372919144,0.00667626467647075,0.18903190317539,120,60,126,91,87,29,31,34,35,59
"2310","TRINITY_DN28128_c0_g5",-1.84127525307252,-0.27509919744935,-6.23696935434724,4.66212818788577e-05,0.00162765435958842,2.18297801682955,43.19,45.03,37.16,42.17,58,10,4.01,8.04,21,11
"2311","TRINITY_DN28152_c0_g1",1.57008065933621,-1.34949845594345,3.9117206045688,0.00212822242801184,0.0184601822634639,-1.26659727648167,9,6.02,8,3,11,21,13,21,15,15
"2312","TRINITY_DN28167_c0_g1",1.49961796820572,1.74493301929354,4.26952902283287,0.00112874028894735,0.0121514784419212,-0.781749969303367,53.38,46.4,57.1,52.67,69,340.69,145.15,141.23,105,108.94
"2313","TRINITY_DN28171_c0_g1",-4.12315670613823,-1.63465336033745,-5.20762355297725,0.000231012886878601,0.00436128161195325,-0.568686635985982,54.88,48.37,38.05,29.75,25.93,1.1,2.21,1.2,0,1.3
"2314","TRINITY_DN28172_c0_g1",1.12987848093953,1.96390724124679,4.41672550344177,0.000873317902889705,0.0102322264069414,-0.569352262211474,59,49,95,106.09,73.9,118.96,177.5,194.76,198,108
"2315","TRINITY_DN28177_c0_g1",1.07567742934398,0.00343985455247301,3.4892031736931,0.00457404703026128,0.0306057341119369,-1.91401173122461,22.75,25.34,11.61,17.91,24.81,47,40.54,34.3,27.41,40.55
"2316","TRINITY_DN28188_c0_g1",1.06519490899751,0.149807418206946,3.38384098645953,0.00554716884132307,0.0347181849824852,-2.1132533003843,13.7,33.43,22.63,24.48,20.43,48.86,30.75,34.57,38.13,58.7
"2317","TRINITY_DN28192_c0_g3",-2.14305328402329,-0.0570573063751399,-6.09900105538725,5.72823074141746e-05,0.00184713867554674,2.05700542321757,73.08,53.62,68.89,26.39,75.98,9.65,8.98,11.58,17.14,7.82
"2318","TRINITY_DN28197_c0_g1",-1.59490370597075,-0.299087215554399,-5.22633001989294,0.000224092911582977,0.00429605829039765,0.855230504570957,57.01,33.01,46,25,46,17,5,16.02,13,7
"2319","TRINITY_DN28214_c0_g1",-3.33498854408152,-1.38506646576495,-3.66010144712222,0.00335056313046381,0.024936336435904,-1.92286718359221,16.43,41.26,33.74,41.14,52.76,1.09,1.74,1.26,4.29,2.22
"2320","TRINITY_DN28255_c0_g2",-1.37331932057012,0.374338280974777,-4.05803636037248,0.00163925307449655,0.0155922456859177,-0.97791582959838,67.83,55.66,88,24.5,77.58,15.79,15.01,25.21,32.2,15.06
"2321","TRINITY_DN28255_c2_g1",-1.56420558791416,0.726064726951252,-3.66692707660656,0.0033093208748927,0.0247259008170546,-1.68419180625392,150.02,91,36,64.11,90,18,31,15,42,22.08
"2322","TRINITY_DN2827_c0_g1",-1.77719207964063,5.01630892107917,-5.59225016542269,0.000124843652377522,0.00297373172589498,0.994362697241744,1550.24,1392.91,1546.85,1770.36,2072.05,754.7,187.21,263.6,817.78,712.8
"2323","TRINITY_DN28277_c0_g1",-1.76700649543029,-0.976499214684507,-4.74458731484371,0.000498089835130045,0.00710441829638383,-0.0363094144341698,35.48,32.14,22.6,18.37,30.41,9.31,3.06,7.11,10.19,2.06
"2324","TRINITY_DN28290_c0_g1",-1.9967372480688,1.29090016961966,-4.7159981814593,0.000522790187921872,0.00731387832433227,0.048363286836719,172,129,200,50,186,28.76,13.85,34,70,27
"2325","TRINITY_DN28398_c0_g1",-1.01233887900247,-0.218697254437808,-3.18277260652134,0.00802804091095753,0.0440846259294743,-2.40657905957744,27.29,30.59,55.8,23.36,45.83,10.91,9.77,19.51,25.79,11.26
"2326","TRINITY_DN28401_c0_g1",-1.13216850333526,3.00901068805943,-4.81071642447293,0.000445523519632578,0.00663040684672084,-0.0512700561386099,336.36,380.18,357.65,225.48,350.69,223.52,105.76,187.8,206.29,67.22
"2327","TRINITY_DN2843_c0_g1",2.11175382572331,2.82839760220291,11.6947737896053,7.57157600253907e-08,5.18640854990371e-05,8.56806886296295,91.2,110.89,118.19,68.12,89,374.63,280,381,522.99,479.05
"2328","TRINITY_DN28430_c0_g1",-1.33790598198636,0.882434948083596,-3.67381638479389,0.00326822133278547,0.0245475335504966,-1.69915247472315,91,111,126,47,55,49,20,38,19,31
"2329","TRINITY_DN28433_c0_g1",1.7527291877888,-1.15731036712366,3.84600532121196,0.00239467212078848,0.0199330744198156,-1.32390066349615,5,10,8,9,7,20,32,14,20,19
"2330","TRINITY_DN28439_c2_g1",1.94597513141352,-0.82964360488234,3.3737823612416,0.00565045346885866,0.0351059666184117,-2.00938751269421,8,9.07,18.02,11.18,4,41.64,8,26,40.04,37.99
"2331","TRINITY_DN28455_c0_g1",2.07465660601884,0.716701786384359,6.38811322355683,3.73166822022901e-05,0.00143252673532774,2.57851478039435,15,30,46,11,27,83,61,115.33,98.19,99.72
"2332","TRINITY_DN28455_c1_g2",-1.4623728146443,0.568565580860278,-3.35783383556383,0.00581823716914443,0.0357868860520681,-2.20346809303956,45,47.02,103.05,56,130,20,21.06,16,64,11
"2333","TRINITY_DN28464_c0_g1",-2.60728866882288,-1.14610805191375,-3.23141719629057,0.00734016794805927,0.0416560235150696,-2.28208523376706,24.1,19.5,44.32,28.52,55.73,9.42,2.8,0,12.39,6.01
"2334","TRINITY_DN28470_c0_g1",1.13323200992664,-0.461276019129315,3.32868406542013,0.0061380871962463,0.0371107065958696,-2.12792120578983,23,7,17,17,13,41,24,26,24,24
"2335","TRINITY_DN28481_c0_g1",1.00882389654509,0.585446604768004,4.68430667007406,0.000551675562862978,0.0075829736247025,0.0385527893459852,24,26,40,25,39,53,51,70,60,46
"2336","TRINITY_DN28490_c0_g1",-1.19370423964247,4.22396217379602,-7.82005995718326,5.24443325302976e-06,0.000471080646816987,4.34383266498929,706.99,751.85,1010.99,593.2,868.67,375.56,212.96,380.98,490.03,269.99
"2337","TRINITY_DN28490_c2_g3",-1.39119668976409,-0.00586742334198593,-4.00691905949207,0.0017953192586412,0.0165222605872341,-1.02992951613407,74.58,43.3,38.61,40.21,38.58,15.02,15.77,23.36,23.9,4.32
"2338","TRINITY_DN28490_c2_g4",-2.06991546012186,-1.23674621478308,-4.72307893201486,0.000516555472744336,0.00725444896269952,-0.236239223078609,36.05,23.05,22.02,23.08,20.2,3.02,5.01,9,4,2.06
"2339","TRINITY_DN285_c2_g1",-1.16871326697311,1.63929534672834,-4.41606349205351,0.000874320914194084,0.0102383693193582,-0.518424892326213,140.83,177.31,119.48,125.2,95.04,38.13,35.05,61.33,109.57,45.6
"2340","TRINITY_DN28525_c0_g1",3.81579159472951,-1.72313410569097,4.38893948526821,0.000916465566957795,0.0105466599190467,-1.30177659189348,9.33,0,2.02,0,14.26,20.03,20.22,32.15,49.55,27.84
"2341","TRINITY_DN28526_c0_g1",1.16590541389645,-0.24201838128435,3.61446052395557,0.00364021466341185,0.026428384212471,-1.67278640936063,16,28,13.21,7,26,38.38,24.64,41.62,34.59,25
"2342","TRINITY_DN2853_c1_g1",-1.35358400144474,-1.20830684793385,-3.73100795854703,0.0029466116460198,0.022932293294262,-1.48159094905199,24,21,22,18.01,15,9,6,7,6,3
"2343","TRINITY_DN28537_c0_g1",-2.36087634084817,-0.406734342560807,-6.80842468330386,2.04188810280188e-05,0.000998409077325858,2.65755579920763,54.94,34.7,46.31,42.93,65.25,11.99,4.61,3.68,10.67,9.44
"2344","TRINITY_DN2855_c1_g1",-1.08191308015971,1.61198791850592,-5.85399786671042,8.31107565902529e-05,0.00229676003758739,1.80541179725217,131.37,139.72,137.65,90.96,116.5,47.14,49.49,51.23,96.13,39.99
"2345","TRINITY_DN28552_c1_g1",-2.08139012047394,-0.863935534132039,-3.98604662305086,0.00186339012702454,0.0169551566615247,-1.09239813551833,40.78,31,31.7,21.01,36,1,2,8,8.84,27.04
"2346","TRINITY_DN28554_c0_g1",-2.40858927735643,1.10840744099405,-5.86111705155356,8.22070898819142e-05,0.00228728054564318,1.84652649089774,205.55,100.34,136.22,159.77,93.85,52.89,21.1,19.49,10.91,31.34
"2347","TRINITY_DN28559_c0_g1",1.45978737251158,1.12652072406907,5.81719823996991,8.79526452381021e-05,0.00236857809132753,1.77737959730058,32.24,48.3,23.26,52.1,39.3,89.13,88.02,106.98,135.17,67.19
"2348","TRINITY_DN2857_c0_g1",1.33805051985119,4.93153675590906,18.2924734910384,5.00938361092995e-10,4.32343957788722e-06,13.5220240257063,549,489.92,540.51,493.77,529.92,1399.42,1252.32,1292.84,1419.7,1154.01
"2349","TRINITY_DN28575_c0_g4",-1.41519148411623,-1.30902554824977,-3.91526924165136,0.00211473497954741,0.0183980461276,-1.23886468540952,19.01,17,24,12,25,5.76,3,5,7,6
"2350","TRINITY_DN28576_c0_g1",-1.18516011257291,-1.25865354046584,-3.38150295303049,0.00557100398997985,0.0348058689885671,-2.00350700546049,20,16,20,15,18,7,11,6,5,4
"2351","TRINITY_DN28591_c0_g1",1.00254093262011,-0.00896532770970959,3.36772837155586,0.0057135570492672,0.0353285526721996,-2.12262219457237,23.89,16.46,17.94,32.45,15.7,36.03,20.17,30,55.08,43.66
"2352","TRINITY_DN28612_c1_g1",-1.52006431776904,-1.02535154089162,-3.6590775574457,0.00335679502491654,0.0249596496895424,-1.5782557914142,26.72,16.76,28.12,28.1,25.47,10.66,1.11,4.18,15.79,5.28
"2353","TRINITY_DN28624_c0_g1",1.22421717647702,-0.640931831118999,3.34790506592168,0.00592523725037297,0.0362439078714675,-2.07187129285825,11,12,21,4,23,28,18,23,37,21
"2354","TRINITY_DN28626_c0_g1",1.71335735134225,-1.18301890971553,3.38993848998272,0.00548549401496514,0.0344690903345875,-1.99724033987709,10,6,5,12,7,25,8,36,18,19
"2355","TRINITY_DN28667_c0_g1",-1.08429884692554,1.72708782780089,-4.09288456553938,0.00154096160450855,0.0149697278579948,-1.09475776349138,164.98,107.83,139.05,78.61,201.19,74.6,27.81,67.72,91.71,54.42
"2356","TRINITY_DN28670_c0_g1",1.52545434711598,-1.35399704596559,3.6325633191026,0.00352237721680183,0.0258317405952355,-1.65716869056468,10,5,7,4,12,14,8,18,28,18
"2357","TRINITY_DN28676_c0_g2",-1.56736396015201,0.569148382105606,-4.39003407633132,0.000914724491838474,0.0105383459737159,-0.436032516463215,45.86,57.88,112.33,52.83,116.32,27.27,18.5,15.19,35.45,15.12
"2358","TRINITY_DN28687_c0_g2",3.09563860207935,-1.24546695739517,4.89094505242358,0.000389451017589823,0.00608192834594544,-0.342207340933869,4.13,2.08,4.42,8.57,6.2,36.81,34.17,16.86,42.53,31.75
"2359","TRINITY_DN2869_c8_g1",1.02456109773222,-1.12197411586799,3.29193487586022,0.00656687628137224,0.0387225494718249,-2.13766668253383,9.92,6.26,12.75,10.61,10.53,14.54,15.39,15.34,18.71,15.85
"2360","TRINITY_DN287_c3_g1",2.13417890629713,-0.0328606882584984,5.04433315953884,0.000301880063350803,0.00518652174161023,0.606910941183392,22.48,5.24,15.96,18.74,13.41,94.02,56.98,49.44,45.34,36.34
"2361","TRINITY_DN28710_c0_g1",1.90073982152314,0.575027070959773,7.12847425800491,1.31017317797738e-05,0.000775542348866035,3.52173105236255,22,17,43,18,18,94,60,68,77,86
"2362","TRINITY_DN28712_c0_g1",-4.09265520007903,-1.04172964449664,-5.49681602644282,0.000145156642311988,0.00326347461603562,-0.00840915807911813,90.88,44.55,56.63,30.89,58.54,2.07,3.03,2.04,1.03,3.37
"2363","TRINITY_DN28739_c1_g1",-1.09015541155162,0.594920781373678,-3.75077615074908,0.00284315998431428,0.0223829863249639,-1.53164940374158,69.54,72.13,70.52,29.58,78.27,30.31,12.58,34.51,29.32,28.74
"2364","TRINITY_DN28772_c0_g4",-1.49510331935856,0.0132931357741661,-3.1174367479417,0.00905540877441575,0.0476119702447687,-2.53684897698404,81.9,26.01,80.83,26.25,52.18,5.49,8.34,21.33,35.97,15.51
"2365","TRINITY_DN28779_c0_g1",-1.89347314740589,1.45646826602903,-9.6619048235308,5.91505457359278e-07,0.000146264322080873,6.45458117521063,186.12,124.71,141.71,110.72,160.62,35.41,27.98,36.22,35.96,49.56
"2366","TRINITY_DN28781_c0_g1",1.07364785996586,1.04926562507773,5.92996797847625,7.39859859826934e-05,0.00215648528966396,1.94419683460262,35.69,40.16,50.68,38.34,37.28,88.59,77.42,87.12,81.38,63.59
"2367","TRINITY_DN28781_c1_g1",2.27609163976798,0.619042256946131,3.86623518998492,0.00230917044754351,0.0194807619408556,-1.31040442152443,31.84,12.3,56.07,30.4,5.18,56.44,116.28,111.5,67.11,124.37
"2368","TRINITY_DN28783_c0_g1",-1.31624488142234,1.19532814311152,-5.88376915645205,7.94003622295982e-05,0.00224031731138185,1.87384084271577,123.1,113.65,77.57,82.41,107.81,56.57,27.37,30.74,56.78,24.07
"2369","TRINITY_DN28786_c0_g1",-2.82925270771941,-0.873782573653102,-4.09987764932293,0.00152198362010527,0.0148523205839356,-1.03247492329968,49,27,79,49.01,23.35,7,2,5,5,3
"2370","TRINITY_DN28788_c0_g1",-1.54149014604993,-0.251736330236384,-4.61263763132752,0.000623328636444047,0.00816618634929161,-0.0501278555681228,47.35,38.37,53.43,34.37,30.99,20.5,4.14,10.15,10.09,19.68
"2371","TRINITY_DN288_c3_g1",1.38668966595372,1.28282801539194,6.9561166495146,1.66111644149085e-05,0.000893519427981828,3.37154080810198,35.17,36.3,59.52,45.2,40.33,140.41,81.76,95.48,116.72,95.11
"2372","TRINITY_DN28802_c1_g1",1.32224600656968,-0.328472159633636,3.46132947549036,0.00481319767425315,0.0316063083075839,-1.91552866444321,8,15,19,12.99,23,36,39,34.99,21.99,32
"2373","TRINITY_DN28818_c0_g1",-2.38189838259807,-1.22728389094121,-4.65537476294282,0.000579504826411929,0.00779631178905377,-0.429318570456082,32.73,28.23,21.76,20.73,45.31,5,1,4,11,1.45
"2374","TRINITY_DN2882_c0_g1",1.07360505022268,4.3602809455977,6.34065821572965,4.0004901021306e-05,0.00149504575222976,2.22827725482205,443.91,302.57,540.97,324.18,351.41,766.02,511.99,875.13,1237.86,768.35
"2375","TRINITY_DN28821_c0_g2",-1.01785714059983,-0.693340625842673,-3.89915057298763,0.00217671582550076,0.0187637075617462,-1.17737372284578,24.14,26.39,24.51,26.62,24.92,10.4,4.84,12.44,13.14,10.62
"2376","TRINITY_DN28831_c0_g1",1.06566391742956,-0.110336215634657,3.50051102618093,0.00448051463357621,0.0301610304323696,-1.88198820257879,15.96,24,31.05,12.34,14.13,39.23,28.21,24.22,37.51,45.4
"2377","TRINITY_DN28832_c3_g1",3.97308604995054,-2.4033246076416,4.98234173838897,0.0003344802505702,0.00554999387166389,-0.791512637130758,1.16,1.84,3.07,2,0.56,17,23,30,19,9.11
"2378","TRINITY_DN28890_c0_g1",-1.98098445457116,-1.05318559023396,-4.42819539251733,0.000856128945106213,0.0100956208469839,-0.535260762684545,33.38,27.21,25.41,18.1,41.25,4.05,1.01,6.13,16.75,3.08
"2379","TRINITY_DN28899_c0_g1",3.81814370288476,0.0434703867974478,3.74687483084757,0.0028632768874559,0.0225038046989033,-1.4282496773355,8.32,3.23,14.78,7.49,12.83,273.18,83.43,191.62,58.12,46.39
"2380","TRINITY_DN28919_c0_g2",1.14083992962452,-0.628022810810562,3.70163299309192,0.00310752738351032,0.02373140880916,-1.49667563126627,23.83,7.88,12.72,8.25,16.67,22.3,17.2,23.56,30.86,29
"2381","TRINITY_DN28923_c0_g2",-1.35335094045532,-0.0252231666170304,-3.55398315333677,0.00406395904866267,0.0283827851020125,-1.79179972516717,50,40,46,20,84,13,7,20,16,23
"2382","TRINITY_DN28947_c0_g1",2.41414428965455,-1.84018904953153,3.36907619748887,0.00569944636572773,0.0352905170779235,-2.25210253592551,5.91,4.8,6.24,7.31,0,12.62,17.46,11.88,28.09,11.21
"2383","TRINITY_DN28956_c6_g1",-1.88095166106824,-1.23966217070833,-3.4589840990275,0.00483389286058881,0.0316986124475163,-1.92006124939013,13.96,27.98,37.44,18.26,26.71,6.75,1,3.94,6.27,8.1
"2384","TRINITY_DN28971_c2_g1",1.25337075130433,-0.29256099893852,4.03264780463245,0.00171493260896021,0.0160441185785374,-0.973363454205679,10.35,13.43,20.57,17.48,17.43,32.83,44.55,25.38,34.58,25.5
"2385","TRINITY_DN28980_c0_g1",3.11845842641289,-1.21861100484696,4.03892713814401,0.0016958846354883,0.015918696939861,-1.29694556696851,18,7,2,7,1,25,50,23,44,25
"2386","TRINITY_DN29011_c0_g1",1.19463607485433,-0.740430140960591,3.51969764092785,0.00432625320421088,0.0294880686722506,-1.78539628312217,9,9,18,9,17,18,18,20,28,32
"2387","TRINITY_DN29023_c0_g1",1.78864409001399,-1.87711387119916,3.20870713024565,0.00765357314013454,0.0427891469963714,-2.39380604177657,2.21,6.03,11.14,3.12,4.11,10.93,12,10.88,12.02,15.25
"2388","TRINITY_DN2904_c1_g1",1.51291980535479,1.15822335935087,3.16108956025899,0.00835527426139836,0.0452570065010508,-2.64416935000612,60,42,11,47,52,113,154,104,57,103
"2389","TRINITY_DN2906_c0_g1",-1.15652311586675,3.16246521236385,-6.17442634347897,5.11665729423401e-05,0.00172990950371613,2.13074770090915,400.97,442.75,297.45,298.99,406.96,177.93,111.19,179.99,266.85,107.06
"2390","TRINITY_DN29065_c0_g1",-3.39779384916804,-2.21449347355123,-4.53038069122375,0.000717706343314511,0.00897841667773175,-1.1908889707992,14.78,20.8,15.14,22.28,31.79,1.15,0,1.07,1.1,2.17
"2391","TRINITY_DN291_c1_g1",-1.9578384091053,3.47394780546538,-8.19984183289165,3.24834922171537e-06,0.000363967562434585,4.9125641346171,629.64,705.94,708.93,371.91,649.9,274.84,92,180,165.83,100
"2392","TRINITY_DN29103_c1_g1",-1.67372075146837,0.00751378451462931,-3.66294263172511,0.00333333231436156,0.0248464104971092,-1.59910259010365,43.01,74,35,34.97,85.01,6,8,10,41,18
"2393","TRINITY_DN29103_c1_g2",1.05155887221097,1.25398530309542,5.94578002998093,7.22239047080064e-05,0.00212575944089369,1.96100839524657,58.16,44.17,44.59,38.69,48.11,125.29,80.19,84.26,113.04,63.01
"2394","TRINITY_DN2911_c0_g1",2.42145621730323,7.30580851576122,13.6765571049629,1.34232932513111e-08,1.63379902996448e-05,10.3097231685061,1550.06,1971.21,2227.78,2383.18,1414.85,7798.29,10846.07,12617.59,10724.28,9173.69
"2395","TRINITY_DN2913_c0_g1",1.39455093783529,1.44298889972308,7.36426501822596,9.52659960060972e-06,0.000642485155516971,3.90505213284848,65.22,41.06,35.76,44.56,51.9,120.53,104.27,145.33,113.79,109.27
"2396","TRINITY_DN2914_c0_g1",-1.0465226930766,0.613866623580961,-4.4856565947651,0.000775172041633519,0.00945715984912717,-0.287886618669602,84.18,69.99,51.27,37.64,71.12,31.27,16.36,28.02,34.29,26
"2397","TRINITY_DN29143_c2_g1",-1.35020381223889,0.641615486279804,-4.7661343639372,0.000480282861626507,0.00691912563739519,0.171370555696629,117.11,59.88,46.81,53.51,86.34,32.34,16.48,24.45,30.61,20.41
"2398","TRINITY_DN29150_c0_g1",1.59495431098609,0.0216728725669153,4.79949847504506,0.00045401399839395,0.00668940539670213,0.245233391972305,19,11,34,13.85,14,35,41,37.7,55,67
"2399","TRINITY_DN29197_c0_g1",-1.77519926665405,-1.43392558036123,-3.92312421032507,0.00208519295848385,0.0182304602401305,-1.30367720312855,22,13,19,19,26,2,8,3,6,4
"2400","TRINITY_DN29201_c0_g1",1.89892172339307,-0.0653076307441987,3.50545066422352,0.00444027104813555,0.0299984093428348,-1.8551417832961,46.66,16.3,7.1,22.58,5.75,35.77,26.56,43.45,64.56,83.27
"2401","TRINITY_DN29206_c1_g1",-2.13054647378914,-1.36017284163874,-3.12933340953973,0.00885894533738891,0.0469631809406396,-2.42917491870889,29,21.98,41.23,12.01,24.04,12,0,6.24,5,6.01
"2402","TRINITY_DN29206_c2_g1",-1.45540639042729,0.715790439982727,-4.43100290864771,0.000851975507740983,0.0100638492231235,-0.381436969563307,133.01,83.43,48.54,62.1,72.67,25.08,18,28.33,48.66,13.02
"2403","TRINITY_DN29208_c0_g1",1.76873333146123,-0.720599102228269,5.20337999402509,0.000232613774707743,0.00438200134774987,0.702522479741447,19.51,6.21,7.15,10.49,9.91,22.97,25.05,26.72,36.84,31.79
"2404","TRINITY_DN2921_c9_g1",1.13557968623541,0.112692994125797,4.85705970108289,0.000412173057438521,0.00630178087867949,0.333931413914736,19.73,27.5,20.89,15.23,22.58,50.81,35.78,31.79,43,47.57
"2405","TRINITY_DN2922_c0_g1",-1.99763739292152,3.12324042367289,-4.77036271392051,0.000476867411651991,0.00689198316900714,-0.108582773463907,483.66,353.39,395.58,588.74,625.04,109.08,68.61,35.29,352.22,200.26
"2406","TRINITY_DN29222_c0_g1",1.44706891831948,-0.840948384097574,3.67124940633069,0.00328347364562933,0.0246163056929674,-1.54114545174327,13.14,11.97,8.02,3,22.19,30.84,22.07,21,28.02,17
"2407","TRINITY_DN29236_c0_g1",-3.81639232325189,-1.56808241118932,-4.59513827085248,0.000642260077146791,0.00833528162843611,-1.09075604086373,47.19,28.19,27.49,35.4,46.07,2.67,0,0,16.52,2.79
"2408","TRINITY_DN29242_c0_g1",-1.54095805655432,-0.074047379876506,-4.5087838646045,0.00074487969281696,0.00919786394508056,-0.210609489796483,63.03,46.59,44.93,33.65,38.22,12.67,34.62,8.1,12.63,10.31
"2409","TRINITY_DN29248_c0_g1",1.54046080766229,-1.05183645485024,3.30299239273629,0.00643475715119976,0.0382450321144747,-2.12034138159184,12,4,8.4,10.36,11.42,20.6,9.37,39.44,25.6,16
"2410","TRINITY_DN29249_c0_g1",-2.13703715071772,-1.34559158443066,-4.89248934656441,0.000388447319261709,0.00607520254367632,-0.144342804370959,22.31,25.04,25.13,22.72,24.15,6.14,0.6,8.07,4.06,3
"2411","TRINITY_DN29259_c1_g1",-1.79397701465431,-0.540257703980693,-3.14120395623547,0.00866718832016126,0.0462662990726517,-2.39546959601399,74,27,19,30,56,28,4,3.5,14,5
"2412","TRINITY_DN29274_c0_g1",1.6767576160566,-0.72999392832059,3.53442204272154,0.00421155197825307,0.0289863485417542,-1.75671737780469,13.56,7.39,11.41,4.35,18.29,20.06,11.19,48.23,39.97,32.74
"2413","TRINITY_DN29278_c0_g1",-1.82956912105216,1.29053435069894,-6.67929462482798,2.45135347607038e-05,0.00111743342723896,2.99912882597563,165.43,182.17,95.5,93.27,117.62,37.01,29.34,35.49,48.25,19.58
"2414","TRINITY_DN293_c0_g3",1.48714943637639,5.6727644476134,11.2699573187831,1.13354673253918e-07,6.45539264914103e-05,8.18214193326353,889,733.9,724,947,886,3048.84,2078,2033,2452.96,2010.98
"2415","TRINITY_DN29305_c0_g1",-1.65320992128513,0.189531019881608,-3.46087333104436,0.00481721552992063,0.0316193123405195,-1.96592587753952,53.08,64.87,84.21,62.13,36,14.96,16,7,66.99,6
"2416","TRINITY_DN29316_c0_g1",-1.36983155929679,-1.44830819512661,-3.14666920020871,0.00858031300051211,0.0459665443336315,-2.37529389103411,23,23,19,12,12,4,2,8,6,5
"2417","TRINITY_DN29330_c0_g1",1.65061464198589,-0.908863811442857,3.99810118685367,0.0018237577811854,0.0166975661879708,-1.05325107802394,13,11,12,3.05,9,25.04,23.55,27.31,17.63,28
"2418","TRINITY_DN2934_c0_g1",-1.51062065409027,0.357135689779881,-3.20016551599059,0.00777491717204955,0.0432223006034214,-2.44864774260088,85,41,41,50,96.95,50,23,19,7,17
"2419","TRINITY_DN29347_c0_g1",-1.28898725458411,0.718948837987667,-4.82541668113345,0.000434648551127917,0.00652172447733002,0.261217646227784,98,61,83,38,89,38,20,24,25,29
"2420","TRINITY_DN29355_c0_g1",-1.29511890299332,0.271756099704118,-3.56549306371054,0.0039795942131131,0.0280205684193266,-1.80847530592209,61.75,67.89,49.67,24.56,78.1,13.88,17.03,13.09,47.91,15.15
"2421","TRINITY_DN29356_c0_g1",1.25128400457824,0.336924049839048,4.81503365763687,0.000442300444663576,0.00660090721155717,0.26266723440243,26.02,30.32,16.06,29.13,18.97,48.19,52.12,39.32,56.04,57.11
"2422","TRINITY_DN2936_c1_g1",1.07298582929996,3.89837168982361,7.57166743339561,7.23846743196424e-06,0.000549844750889936,4.04093332809542,263.71,341,243.13,238,322.16,752.31,451.24,579.36,627.91,535.03
"2423","TRINITY_DN29365_c0_g1",-1.92492561121463,-0.47679623996495,-5.45796598857915,0.000154400563304312,0.00340471068083547,1.08724454170186,47.97,42.87,34.28,42.44,36,10.22,8.05,9.24,17.15,2.02
"2424","TRINITY_DN29368_c0_g1",-2.86013735450613,-0.993888459728123,-3.59770151983314,0.00375290132497143,0.0269658058625161,-1.7631962626279,66.01,27.18,27.45,24,66.99,5,0,9,4,15
"2425","TRINITY_DN29385_c3_g2",2.46675965382723,-1.52431995067137,3.76406911593716,0.00277569933307205,0.0220266804409055,-1.67156001263215,9.06,9.11,8.05,0,5.1,15.1,19.21,20.17,26,25.34
"2426","TRINITY_DN29396_c0_g1",-1.89297762543975,0.55739013715433,-4.79286654915002,0.000459113070153006,0.00673254349073937,0.224286354282889,55,67.56,100,63.33,125.02,36,14,6.32,27,24.16
"2427","TRINITY_DN29399_c0_g1",-2.18116129896164,-0.735259941380685,-3.4465805483886,0.00494485646264301,0.0321590113831063,-1.90053815768736,46.41,44.15,38.53,20.53,46.85,20.63,0,10.05,11.96,8.02
"2428","TRINITY_DN29409_c1_g1",-1.05169656370924,1.91395268697063,-3.43287340173222,0.00507050284942295,0.0327132589827248,-2.30335699599123,250.58,86.23,134.29,160.43,151.93,120.55,33.43,60.66,95.75,60.98
"2429","TRINITY_DN2942_c3_g1",1.24414379450466,3.85638871655958,6.21727065670988,4.80047561043797e-05,0.00165658670127837,2.10576292069089,256.07,269.78,404.03,145.23,260.04,558.18,446.19,543.26,913.84,636.91
"2430","TRINITY_DN29420_c0_g1",1.39416113584299,1.97480693290503,4.35100035352448,0.000978994791370738,0.0110230587120528,-0.677778226302436,115.36,30.84,58.13,53.52,115.69,232.58,136.13,231.7,148.92,141.23
"2431","TRINITY_DN29425_c0_g1",1.24415475523604,0.151377051919697,5.19606865117046,0.00023539944962973,0.00441722655269525,0.854875757542803,20,14,23,17,34,47,44,45,55,32
"2432","TRINITY_DN29444_c0_g1",-1.53912236249973,-0.82376281223829,-4.2992814531124,0.00107146927425135,0.0116953487926933,-0.585513165761257,28,18,30,24,41,11,5,11,7,5
"2433","TRINITY_DN29446_c0_g1",1.45969339338493,-0.0420286690181094,3.33332228353656,0.00608602462596844,0.0369107415969464,-2.16686965452399,21,19,10,15,24,109,17,43,41,33
"2434","TRINITY_DN29460_c0_g1",1.74863902406045,-0.173163089492379,5.23311210531256,0.000221638273905181,0.00426603851608998,0.884659361775183,10,14,23,23,9,43,43,40,46,35
"2435","TRINITY_DN29487_c0_g1",2.48920215104793,1.49393876607861,7.9310452899235,4.55168417861784e-06,0.000436614204507818,4.58548450142562,21,63,23,36,40,223,210,151,208,122
"2436","TRINITY_DN29500_c1_g2",-1.56962032917502,-1.36173669826351,-3.50133479716663,0.00447377755170931,0.0301460342753803,-1.85932954028118,19.82,16,22.33,11.24,33.48,4.86,3,5.66,8.98,2.12
"2437","TRINITY_DN29501_c0_g2",-2.83751334597054,-1.43376299240829,-3.54298466397898,0.00414628281406888,0.0287346610919406,-1.95013848816794,50,26,14,19,37,5,4,1,1,8
"2438","TRINITY_DN29507_c1_g1",-1.35424707814953,3.00513599845866,-5.89110175269956,7.85137070904212e-05,0.00222643209407529,1.71906270772105,450.99,315.11,366.28,189.24,503.5,132.61,95.91,130.21,188.6,140.65
"2439","TRINITY_DN29516_c1_g2",-2.70668344853857,-1.8871652641632,-3.70106149618944,0.00311074596030374,0.023745258821925,-1.97317651138279,19.62,20.55,30.3,12.18,22.74,2.05,0,0.69,9.7,4.12
"2440","TRINITY_DN2953_c0_g1",1.20894274437885,7.18895413517716,7.8249547122948,5.21161281724909e-06,0.000470156616364771,4.1182949830826,2056.08,2614.89,2855,3500.89,2338.32,6519,4671,6748,5855.92,6740.96
"2441","TRINITY_DN29540_c0_g1",-4.29494791693022,-3.02250432765244,-6.59163885693531,2.77861486229844e-05,0.00119611469460689,0.303923779772878,16.36,12.97,15.27,11.81,25,1.99,0,0,0,0
"2442","TRINITY_DN29542_c0_g1",-1.58328268946065,0.517690500965006,-4.30346660843496,0.00106365892770876,0.0116303618598896,-0.575238189019367,118.52,57.01,93,37.04,65,15,13,23,54,13
"2443","TRINITY_DN2955_c0_g1",1.05689779624445,9.96441159605344,6.98957828728464,1.58584846380002e-05,0.000870379819115142,2.77463299230978,21903.89,23526.85,15256.77,17130.75,15391.44,40580.39,34440.12,39319.22,54368.58,37118.93
"2444","TRINITY_DN29556_c2_g1",-1.47669029398949,-0.191063925979156,-4.7032521949929,0.00053421253920331,0.00742348537239899,0.0917288551903619,48.07,49.4,34.92,41.42,38.02,14.16,7.1,7.19,32.71,9.29
"2445","TRINITY_DN29557_c0_g1",-1.52738859794091,-0.349144892029931,-3.74402735745556,0.00287805196048689,0.0225827578555509,-1.43451067557882,49.99,22.81,51.77,21.16,62.73,14.25,3.11,11.26,19.51,10.23
"2446","TRINITY_DN29569_c1_g1",2.60122863447395,-0.630229069095685,4.39569773530578,0.000905770639525423,0.0104777176019498,-0.491259227410203,9.98,12.5,8.83,2.3,10.55,28.24,23.26,29.84,96.13,57.25
"2447","TRINITY_DN29595_c0_g1",-1.4565705867761,-0.600039943785603,-4.72901349225688,0.000511389957911808,0.00721783088845329,0.0927426862211531,31,27.98,40,21,37.76,9.66,14,6,13,6
"2448","TRINITY_DN29602_c1_g1",-1.02413589981986,1.26551612571951,-3.37416740323576,0.0056464640202,0.0350954848893456,-2.29428644396486,142.02,77.15,109,54,116,54,25,38,101,27
"2449","TRINITY_DN2961_c2_g1",-1.3891576201861,1.54634886943359,-5.63650643578231,0.000116464793436508,0.00284034307231314,1.48293831074049,146.04,105.88,142.86,90.28,178.78,45.1,20.04,56.61,73.05,54.14
"2450","TRINITY_DN29618_c0_g1",3.54810828093882,-1.90437093998479,5.00016335866795,0.000324745628550653,0.0054305657722665,-0.763436194885418,0,2,5,5,4,21,26,26,28,15
"2451","TRINITY_DN29638_c0_g1",1.31185128390877,-0.517717595025036,4.06073440981321,0.00163141629819307,0.0155554108170023,-0.920207619657227,10.99,10,15.24,15.98,15.4,45.93,19.11,18.99,37.96,24
"2452","TRINITY_DN29639_c0_g2",-2.46632468903616,-1.55897245295279,-3.36514741073613,0.00574067678886295,0.0354397584278348,-2.17910938570357,22.41,16.57,23.05,29.96,21.7,0,4.82,14.21,2.92,3.37
"2453","TRINITY_DN2964_c1_g2",-1.30858601541034,0.99167314916591,-4.00785745579919,0.00179231994120639,0.0165034706307932,-1.13218580783374,142.38,107.7,97.54,44.23,70.86,33.42,19.24,39.39,58.37,20.56
"2454","TRINITY_DN29641_c0_g1",-1.35833655133834,-0.867275721177044,-3.29328407891328,0.00655060944266539,0.0386560063260777,-2.13820279399858,36.32,27.89,28.41,15,24.12,12.08,1,7.1,12.29,13.18
"2455","TRINITY_DN29659_c0_g2",2.39162228610715,-0.652084636519577,4.35670414136758,0.000969317467104902,0.010953834417089,-0.521728465410729,2.8,6.86,6.8,20.29,19.93,35.74,30.27,23.48,52.02,45.81
"2456","TRINITY_DN29663_c0_g2",-1.10348882528966,-0.721286656630695,-3.09938794512857,0.00936187079936763,0.0487432196780555,-2.47416261017705,36.7,17.04,30.67,14.98,32.78,10.34,4.82,14.17,8.12,13.74
"2457","TRINITY_DN29665_c0_g1",1.48811294058167,-0.485927852334128,4.24063790679566,0.00118740221599329,0.0125886943049646,-0.635159024424222,8.03,16.01,9.02,22.63,13.11,33.02,17.07,37.04,40.66,24
"2458","TRINITY_DN2967_c0_g1",-1.05552228128008,5.49014480277869,-7.27955176591131,1.06736911150633e-05,0.000685169288807071,3.48983238082829,1743.02,1445.78,2017.71,1615.8,2127.2,765.06,834.64,1135.83,1044.72,545.1
"2459","TRINITY_DN29697_c0_g1",-2.26185140265843,-0.00940694127118091,-3.29619244231608,0.00651568306510946,0.038574583746648,-2.18571250126298,169.01,90,36,26.71,57.99,15,3,4.09,31,14
"2460","TRINITY_DN29700_c0_g2",2.70483532206909,-1.62347724773924,3.36405366944472,0.00575220880144462,0.0354933011074427,-2.23800893537481,9.32,1.29,6.83,4.24,3.85,16.14,14.18,11.4,40.61,33.14
"2461","TRINITY_DN29712_c0_g1",1.81939493326634,0.360711140276446,6.84410825857534,1.94206692114423e-05,0.000971367575295775,3.13808413355049,28,23,27,14,12,60,72,55,74,58
"2462","TRINITY_DN29751_c0_g1",-1.34938349652582,-0.326151472673832,-3.62405743606564,0.00357725075185951,0.0261148139681203,-1.63945601031507,61.46,30.34,23.33,28.82,47.2,8.07,4.04,15.23,18.48,18.16
"2463","TRINITY_DN2976_c5_g1",1.34315258915466,2.86924266638314,3.9475889388518,0.00199588158552166,0.0177318382051913,-1.54378869006728,168,255.38,71.68,154.76,68.32,251.35,221.85,361.23,497.83,285.37
"2464","TRINITY_DN2976_c8_g1",1.24316593727197,3.66331278361301,8.90672981850452,1.38830756507387e-06,0.000228873581359389,5.74431796210626,216,170,290,233,222,671,425,539,541,481
"2465","TRINITY_DN29773_c0_g2",-3.12576794253848,-0.0836047132501812,-3.46293402798707,0.00479909140625505,0.0315437102871533,-1.87091023166502,225,38,76,30,138,6,3,8,17,5
"2466","TRINITY_DN29777_c0_g1",1.74310879072581,1.10951912968113,8.05936615929981,3.87072850431663e-06,0.000401903111834248,4.70823370266663,37,34,23.59,29,46,98.76,106,112,98.73,112.89
"2467","TRINITY_DN298_c2_g2",-3.02573702718153,1.02829836697245,-10.1367674852128,3.5523725951677e-07,0.000112121897077186,6.64937984121768,155.7,107.16,189.9,133.65,226.04,29.68,12.76,18.94,14.49,15.65
"2468","TRINITY_DN29807_c0_g1",-1.39523389631796,-0.248302123582576,-4.77480431306789,0.000473307094673168,0.00685809164209669,0.201127990534584,34,51.82,41.63,29.76,36.96,13.8,16.44,7,14.72,12.85
"2469","TRINITY_DN29809_c0_g1",1.02132779001598,1.03620367655164,3.40241104221476,0.00536149893726006,0.033935931990566,-2.20954409356043,23.61,51.06,59.94,44.62,35.74,79.99,49.64,122.95,81.69,64.6
"2470","TRINITY_DN2983_c0_g2",-1.33202614108678,2.29107248076266,-6.09602511993455,5.75389781714845e-05,0.00185322539024609,2.11448404951466,219.12,247.45,236.06,131.12,237.43,52.35,81.05,107.85,110.27,71.42
"2471","TRINITY_DN29843_c0_g1",1.48096450164201,2.07694792112429,5.94089329297111,7.27636800348384e-05,0.0021335534598406,1.90131274283172,60,57,67,131,60,177,153,151,284,201
"2472","TRINITY_DN2996_c2_g1",1.27258049841526,-0.608086578728414,3.88619132406896,0.00222790472629216,0.0190515164595481,-1.19855659183673,8.36,12.99,17.57,7.48,21.01,29.17,19.75,22.39,41.47,19.04
"2473","TRINITY_DN29963_c0_g2",1.68396541831525,-1.28131636871937,4.67142587929857,0.00056388870869186,0.00769041872783576,-0.227893448701455,7.2,4.05,10.28,7.22,8.13,22.75,13.5,17.5,22.54,15.33
"2474","TRINITY_DN29968_c0_g1",-1.56099681998091,-1.35028431608713,-3.36542361178618,0.00573776833957917,0.0354315424961509,-2.04930295114868,21.44,21.34,15.59,11.71,28.83,2.4,5.57,2.15,7.33,10.46
"2475","TRINITY_DN29975_c0_g1",1.4761284468432,0.547331186284624,3.65150354680384,0.00340326463011561,0.0251862503082333,-1.69326894692815,28,30,8,42,36,52,40,81,73,81
"2476","TRINITY_DN29984_c2_g1",-1.14080299954741,0.680056539895267,-4.6555783990173,0.000579303901393089,0.00779529815197802,-0.0126883684994636,72.58,97,58.86,48,61.99,22.03,17,30,38,32
"2477","TRINITY_DN29992_c0_g1",-1.85682453575976,0.762613420612926,-7.20443868103204,1.18145404204637e-05,0.000734109891951816,3.64032195848392,92,72,107,93.15,81,30,20,14,19,34
"2478","TRINITY_DN3_c8_g1",-1.24240994262349,0.343119493369111,-3.86904696698497,0.00229753786877666,0.0194248774560106,-1.29735585569906,67.95,50.14,44.01,32.18,94.47,19.1,9.06,28.59,25.04,25.55
"2479","TRINITY_DN3002_c0_g2",-1.2453155787537,-0.522771951921969,-4.49873684837258,0.000757884779100634,0.00930876564254142,-0.236899683204444,26.06,27.59,39.7,31.47,31.77,11.88,6.26,10.02,18.69,7.33
"2480","TRINITY_DN30044_c0_g1",-2.59781432604112,-1.81614528908711,-3.27452806225545,0.00678044939546435,0.039575892409408,-2.39697285584767,26.01,23,30,9,17,13,3,1,1,1
"2481","TRINITY_DN3005_c2_g1",-3.28717210413443,0.81925419018689,-3.70660941398336,0.00307964500666237,0.0236237684868817,-1.55489501350187,54,253.14,214.64,234.68,135.74,34.07,9.87,1,51,14.94
"2482","TRINITY_DN30054_c0_g1",-1.10073977007376,4.98717678825114,-5.45843255817737,0.000154285933852497,0.00340339198932477,0.761844590342129,1704.12,1357.14,896.37,1214.37,1351.28,581.3,372.7,575.22,1023.62,509.66
"2483","TRINITY_DN30062_c0_g1",1.28880495734733,0.396366716492219,3.16215081513601,0.00833894955237664,0.0452132351207092,-2.52659540449212,35.38,14.82,25.65,16.78,33.35,129.96,61.67,34.01,44.67,36.74
"2484","TRINITY_DN30089_c0_g1",-2.85969269010881,-0.836121258628091,-4.97251629671578,0.000339977782838047,0.00560674306373245,0.0991626650801072,38.57,38.44,52.69,22.07,75.48,4.1,4.84,2.06,8.21,3.11
"2485","TRINITY_DN3009_c3_g1",2.95722417629331,-2.17837427461947,4.33893302318561,0.000999801643064442,0.0111843011698652,-1.38325693368722,2,5,0,4.65,5,13.51,13.39,11.79,23.68,14
"2486","TRINITY_DN30143_c0_g1",1.42066731113168,-0.804199271605186,3.5602213194361,0.0040180104160826,0.0282331878378853,-1.71606676442359,12,8,9,12,12,23,26,11,38,27
"2487","TRINITY_DN30143_c1_g1",2.75367950931588,-2.20950997711717,3.86513421181509,0.00231374181193385,0.0195076805933791,-1.85864216238618,3,3,3.24,7,0,14,16,10,14,15
"2488","TRINITY_DN30194_c0_g1",1.08317432666834,1.77405770883877,3.66600511010684,0.00331486110551489,0.0247494212489453,-1.86240242060006,60.34,44.97,83.13,105.45,50.85,186.81,131.38,167.39,99.06,104.51
"2489","TRINITY_DN30201_c0_g1",-1.47231491282419,0.0735134859651976,-3.67601436906575,0.00325521921819589,0.0244926639697323,-1.59090993270506,88.05,48,37,28,67,13,5,16,42,14
"2490","TRINITY_DN30217_c0_g1",-1.85898359473073,-0.795161283909546,-5.1745789819525,0.000243792376220065,0.0045198097654462,0.603506123734972,24,31,34,35,33,7,5,12,7,4
"2491","TRINITY_DN3022_c0_g2",1.08800440385458,6.45325130537385,9.49867535071589,7.08076746007231e-07,0.000158983209134089,6.24824383826279,1428.39,1518.73,1706.49,2022.89,1609.73,3717.18,2879,3687.31,3431.46,3431.71
"2492","TRINITY_DN30223_c0_g1",-1.05821018679975,3.24284884287674,-5.17305780249558,0.000244398299893558,0.00452723965013212,0.522247036316005,353,320,485,284,458,189,89,191,311,162
"2493","TRINITY_DN30230_c0_g1",1.18464479400175,-1.46127713804733,3.19775489634365,0.00780951302588598,0.0433563823959258,-2.29320122276597,5.51,11.42,10.19,5.05,6.34,12.83,9.47,12.13,16.7,14.59
"2494","TRINITY_DN30253_c0_g2",-1.48006434391318,0.124777997571437,-4.72494040322569,0.000514929371501555,0.00724636721981127,0.127674761836331,63,53,60,26,61,9,16,13,27,20
"2495","TRINITY_DN30254_c0_g1",-2.19808740723468,1.62737366471163,-8.71773721902838,1.73372722256219e-06,0.000255548543816288,5.49697958797741,192.73,189,241.54,110.1,197,40,26,36,72.47,23
"2496","TRINITY_DN30254_c0_g3",-1.39288483425276,-0.920188512602809,-3.15415721011672,0.00846270599475776,0.0456143601354279,-2.355854071179,29.39,29.1,31.66,10.51,32.11,5.37,3.15,5.25,19.86,7.3
"2497","TRINITY_DN30255_c2_g1",1.20454162004717,-0.185717884006252,3.2191890222157,0.00750727458221377,0.0422772615061854,-2.34834353435641,8.71,15.59,29.75,13.34,26.06,53.68,23.91,38.04,30.62,29.9
"2498","TRINITY_DN30282_c0_g1",2.07126742433682,2.36266891405993,5.62174109232519,0.000119192147785056,0.00287552793688674,1.39303202959328,74.58,52.81,135.96,84.04,36.68,221.96,400.75,417.72,282.6,180.25
"2499","TRINITY_DN30302_c0_g1",-1.54388081797723,-0.208845157377829,-5.17546627487993,0.00024343967571258,0.00451892177936086,0.798150104879258,58.25,32.05,45.71,24.58,56.89,14.47,8.29,8.27,18.47,12.44
"2500","TRINITY_DN30303_c0_g1",1.33592471503401,-1.24545956956397,4.04023877621364,0.00169193356710271,0.0158960321241613,-1.03139113412439,10.14,5.16,8.79,6.8,10.73,21.3,14.73,15.31,19.28,12.11
"2501","TRINITY_DN30306_c0_g1",1.46459560364791,-0.294587410413116,3.853974688152,0.0023606067790429,0.0197243646792717,-1.26326039884742,23.31,8.15,21.37,15.25,10.59,37.42,17.42,35.19,72.6,25.99
"2502","TRINITY_DN30312_c0_g1",-1.64066335435349,1.93567314892491,-7.92997391347607,4.55788260013961e-06,0.000436614204507818,4.62294875811265,243.29,201.47,183,121.46,186.76,60.56,31.95,57.04,77.62,64.73
"2503","TRINITY_DN30328_c0_g1",-3.27819440284499,-1.91487767503665,-5.01281069343511,0.000318018183019476,0.0053686475779392,-0.756360464969355,25.07,19.81,28.1,27.12,19.89,2.08,0,3.12,2.05,1.03
"2504","TRINITY_DN30356_c0_g1",-1.94021932044957,-0.272828066865263,-3.90516689998352,0.00215336508331446,0.0186133418676415,-1.16946855508633,66.91,59.42,21.64,58.91,38.69,13.19,16.93,6.49,14.5,3.69
"2505","TRINITY_DN30395_c0_g1",-3.04504571360093,0.0209544501352073,-5.01894925275253,0.000314805859412579,0.00533331302324683,0.49588509758653,159.02,69,97.31,42.11,87.37,17.05,1,4,27.05,7.01
"2506","TRINITY_DN304_c0_g1",1.10982786742781,3.40497515026341,7.45003235618656,8.49834062512175e-06,0.000595798881904496,3.92759917256056,288.51,180.61,176.35,144.12,206.89,435.69,400.11,499.8,451.67,340.55
"2507","TRINITY_DN30403_c0_g1",-1.61192195544272,1.17209981397978,-5.18766709984737,0.000238643928564216,0.00446461218254827,0.812958940693286,113,89,89,153,101,25,52,43,22,32
"2508","TRINITY_DN3043_c1_g1",-1.41827194163836,1.88430614057183,-5.41139023856056,0.000166308537112311,0.003557352216647,1.1014782080027,244.4,166.47,182.16,99.44,162.68,66.24,35.08,71.16,112.38,35.19
"2509","TRINITY_DN3044_c0_g1",1.26177681697712,6.28551435242282,8.75298066706995,1.66290386984947e-06,0.000252997781414304,5.37032458804649,1293.3,1674.36,1896.27,1078.69,1108.64,3485.84,2558.41,3293.47,4186.36,2826.68
"2510","TRINITY_DN30455_c0_g1",-1.32199399445766,2.89145893487326,-4.61231044307834,0.000623677198918872,0.00816753975647469,-0.368702259611952,367.63,354.78,303.76,182.57,452.84,174.5,48.23,126.92,185.16,147.67
"2511","TRINITY_DN30486_c2_g2",-2.36105139940271,-0.280602627804114,-7.28223714423799,1.0635147878676e-05,0.000685169288807071,3.2532627387541,70.78,56.59,56.9,31.66,51.71,12.45,6.07,10.47,9.8,4.1
"2512","TRINITY_DN30531_c0_g1",-2.17565258390624,-1.58267471289199,-4.00994083633423,0.00178567950701252,0.0164724052781371,-1.32593665060722,33.91,18.8,18.97,10.09,25.56,4.1,2.03,2.15,3.04,3.19
"2513","TRINITY_DN30533_c1_g1",-1.13012338038543,1.42941557013767,-5.56729167184535,0.000129847869060467,0.00305414664988028,1.38161504142154,117.24,122.34,106.17,97.59,101.16,75.98,33.43,43.78,40.17,51.05
"2514","TRINITY_DN30535_c0_g1",1.65067861792228,1.41897142300631,4.46722601929055,0.000800231511539274,0.00966976267223845,-0.393624871199902,29.33,24.8,92.46,30,66.82,110.4,150.52,198.52,131.91,77.34
"2515","TRINITY_DN30536_c0_g1",1.76898012552745,0.166534019389123,5.14171722561228,0.000257241230961585,0.00466627474304775,0.770978266940483,25.65,13.24,16.95,16.99,16.33,77.16,56.27,76.27,36.9,38.7
"2516","TRINITY_DN30543_c0_g1",-1.89930471011365,0.194105475371784,-6.72746352764018,2.28921523694311e-05,0.00106677403981744,2.94836805226958,79.21,60.63,42.49,56.19,74.51,9.69,15.16,12.47,24.13,12.85
"2517","TRINITY_DN30543_c5_g1",-1.72346344313641,-1.36058490563863,-3.80171995863334,0.00259341287155612,0.0210051553482482,-1.44603848819226,29.11,11.99,21.81,20.19,22.91,3.34,5.18,3.63,8.03,2.88
"2518","TRINITY_DN30554_c0_g1",1.11715792246737,1.07953225597992,4.13976211879317,0.00141827624944463,0.0141882481721235,-0.922309326136069,31.34,48.02,37,31.41,61.47,132.94,49,95.24,82.45,70.64
"2519","TRINITY_DN30561_c0_g1",-2.06624698374208,-0.441372124764794,-4.33077624803906,0.00101412599093874,0.0112714157137926,-0.511704716020335,28.49,51.41,60.31,37.84,40.98,2.77,10.01,4.3,19.43,13.69
"2520","TRINITY_DN30561_c1_g3",-2.29496562693822,-0.29100228441718,-3.58517107337753,0.00383948241819603,0.0273944863939196,-1.68079981020937,44.52,59.73,85.28,15.13,91.5,14.55,2.43,5.28,11.99,13.13
"2521","TRINITY_DN30569_c5_g1",1.59944086824029,0.19009674777354,7.59714177212944,7.00082109737e-06,0.00053778888282175,4.00461948598014,20.75,17.57,17.07,14.63,25.36,45.89,44.77,64.41,56.8,48.37
"2522","TRINITY_DN3057_c2_g1",-1.01332924625644,3.69641188818737,-7.13010886547648,1.30725101847637e-05,0.000775542348866035,3.45794681516685,657,466,500,355,567,257,229,252,337,180
"2523","TRINITY_DN30588_c1_g1",1.68478219934891,-1.34011145892745,3.10421410731786,0.00927891720460071,0.0484219845782585,-2.43529941227887,10,3,5,5,20,28,10,17,30,10
"2524","TRINITY_DN30596_c1_g1",-1.22080058264837,-0.215848395132103,-3.94652053676288,0.00199969824994092,0.0177555813427024,-1.11812012204951,57.18,43.43,28.91,23.77,38.27,10.01,11.45,9.7,20.04,20.03
"2525","TRINITY_DN30599_c0_g1",1.57529404558829,1.87091633062107,3.28275210762642,0.00667868163593156,0.039180841495966,-2.55462224598217,103.48,53.78,66.16,80.46,25.49,479.49,93.14,114.3,200.37,125.63
"2526","TRINITY_DN306_c13_g1",1.20336626472252,0.407255551937356,3.4862581880965,0.00459873154691513,0.0307245357919717,-1.96599901664347,30.98,18.03,21.69,14.22,50.68,90.94,49.12,44.38,39.98,51.53
"2527","TRINITY_DN306_c18_g1",-1.2266669190018,-1.28134860269112,-3.09287609907852,0.00947498117032778,0.0491148209742736,-2.44492508990768,30,22,15,10,19,9,4,6,7,4
"2528","TRINITY_DN30620_c0_g1",-1.46774151882117,-0.864752327395933,-4.75862365896774,0.000486412958247065,0.00697752671387557,0.0711325902595767,25,29,30,18,30,6,6,12,9,5
"2529","TRINITY_DN3064_c5_g1",1.64115696124901,-0.638983367639636,4.5747237393208,0.000665106859251371,0.00853645093137628,-0.149402224593816,12.39,10.78,14.95,6.42,10.44,43.52,27.76,25.33,21.7,30.67
"2530","TRINITY_DN30646_c0_g2",1.64212494241339,-1.53609182839556,3.32448811614146,0.00618557450810275,0.0372888561732514,-2.14041336239672,6.13,4.13,10.54,4.25,7,10.42,7.13,15.49,24.49,21.5
"2531","TRINITY_DN30660_c0_g1",-1.19060621902714,1.09026295081165,-4.93787096549598,0.000360131940544508,0.00580194110397718,0.414299917580069,122.06,76.58,101.08,55.06,99.92,24.31,34.59,30.67,60.68,37.47
"2532","TRINITY_DN30667_c3_g1",1.38488011588199,0.638988022613776,7.01469124578206,1.53175221273015e-05,0.000853230643709996,3.40155893886414,35.77,22.43,22.78,24.11,34.31,54.92,64.73,72.58,83.15,58.9
"2533","TRINITY_DN30681_c0_g2",-1.44916277707318,4.18403077735293,-5.98354203446038,6.81932569850209e-05,0.00205298218771307,1.71127487703763,1248,845,844,498,844,340,169,257.98,559,267
"2534","TRINITY_DN3069_c4_g1",-1.6386687789931,-0.548645009345954,-3.94378549684974,0.00200950302993912,0.017803205191885,-1.10763873053079,38.99,59.17,27.99,31.99,24.52,5,6,8,21,8
"2535","TRINITY_DN30711_c1_g2",-1.30526564965495,-0.652308252313896,-4.13699655302034,0.00142522521385028,0.0142256681017112,-0.802880975171763,33.24,36.86,23.2,19.23,29.72,10.46,7.57,9.51,7.28,14.22
"2536","TRINITY_DN30721_c0_g1",1.27990320335625,-0.63236049594557,3.33729397520884,0.00604179971109321,0.0367648931738457,-2.09070300844244,8,16,6,16,23,27,26,24,24,23
"2537","TRINITY_DN30732_c0_g1",1.33860039605171,2.2835892133751,3.85655851086761,0.00234966960205778,0.0196673935919814,-1.60371218204088,78.41,160.54,34.98,61.88,150.68,173.54,226.11,198.57,232.76,220.68
"2538","TRINITY_DN30732_c1_g1",-1.77097658987794,-0.981894347407581,-4.24142122456439,0.00118577066033027,0.0125799911073903,-0.727369502601121,39,37,23,16,25,9,3,3,10,7
"2539","TRINITY_DN30750_c0_g3",-2.84947389585315,-1.07356723071169,-3.73418813974843,0.00292971161288848,0.022860957719477,-1.61865525867885,43.4,37.94,20.17,48.08,45.8,7.12,4.7,5.34,9.23,0
"2540","TRINITY_DN30750_c3_g1",-3.01221583968485,-2.37477262902521,-3.87390856025291,0.00227756726020162,0.0193086192447085,-1.84893517871986,28.43,12.97,13.05,12.99,15.94,3.03,2.83,0,3.87,0
"2541","TRINITY_DN30783_c1_g1",-1.39734756067553,0.907600008515235,-5.70209489499536,0.000105123504628817,0.00266496278419072,1.6122098241696,108.32,101.77,67.87,50.89,104.72,31.17,24.06,35.28,35.11,22
"2542","TRINITY_DN30804_c1_g1",-2.35290218171543,-0.775371844803564,-3.56437424273677,0.00398771577507606,0.0280713845568237,-1.72074344682028,56.37,28.97,15.15,39.6,56.87,9.1,7.85,3.25,2.31,11.07
"2543","TRINITY_DN30824_c0_g1",2.10757701256325,0.30677123426379,6.85279291902756,1.9185679915313e-05,0.000964830044844775,3.12396833895133,21,17,19,18,12.01,78,92.31,57,56,62
"2544","TRINITY_DN30826_c0_g1",-1.05947399226937,-0.0569089674868589,-3.14074135497634,0.00867458234926836,0.0462878040701869,-2.49932904157671,56,34,29,55,33,17,7,24,30,10
"2545","TRINITY_DN30834_c0_g1",-1.53476915745781,1.01192733541011,-5.43123240154158,0.000161121132091437,0.00348817452808763,1.20066538548366,128.15,58.59,106.1,96.14,94.17,51.73,24.82,31.45,21.24,29.01
"2546","TRINITY_DN30837_c2_g1",2.57733247035643,-1.52000142703706,4.36148226311872,0.000961287320418645,0.0108908467106529,-0.942582808758052,3.3,4.21,5.99,6.08,4.23,24.57,9.56,16.69,40.47,21.43
"2547","TRINITY_DN30841_c1_g1",1.29304593529492,-0.866122503762353,3.41337292642187,0.00525487633921666,0.0334623711408017,-1.94952975409578,12.13,17.16,11.1,4.04,11.06,21.24,13.42,15.14,31.31,31.13
"2548","TRINITY_DN30853_c0_g1",1.25652842898839,1.57472126964564,4.9499869338817,0.000352944743325298,0.00573525968512422,0.385188184143861,50.46,30.11,56.76,74.01,70.3,170.39,109.08,119.26,109.27,116.93
"2549","TRINITY_DN30860_c0_g1",-1.0109335202053,0.266972343807773,-3.44889000330668,0.00492400101759296,0.0320726588841622,-2.01419222254354,39.08,41.74,67.16,47.43,50.33,26.78,23.18,13.45,39.72,11.34
"2550","TRINITY_DN30875_c0_g1",1.08574703745459,-0.490851580843589,4.35294028496193,0.000975692175473498,0.0109998394660991,-0.456758940215652,15.02,17.01,11.01,14.07,14.02,23.01,28.42,23.11,30.01,25
"2551","TRINITY_DN30886_c0_g1",-1.05125384691787,-0.638145496248452,-3.28342189593151,0.00667046180600708,0.039163620408983,-2.18066851792188,26,33,29,22,24,19,5,17,10,6
"2552","TRINITY_DN3089_c2_g1",1.59462515330048,3.82119306743339,4.38133770198611,0.000928652691141749,0.0106440907340093,-0.918785541682857,183.61,205.94,189.16,297.03,239.48,938.02,1174.15,604.32,387.56,508.15
"2553","TRINITY_DN3089_c2_g2",1.50177998709005,2.28294843940554,4.11518613477052,0.00148127935044627,0.0146146582744278,-1.13746177399565,88.42,63.14,68.08,88.97,90.58,310.86,422.7,189.64,152.13,145.31
"2554","TRINITY_DN30896_c0_g2",-1.39062305370124,-1.03594629024857,-3.98175965349505,0.00187769819712735,0.0170553464864623,-1.08440429413266,25.91,18.52,23.84,17.4,29.05,7,11,4,11.44,3.32
"2555","TRINITY_DN30913_c0_g1",-1.10330950127615,-1.1160084302047,-3.2665628811021,0.00688051017638029,0.0399516220967352,-2.17682634960623,30.15,15,21.02,17,17.02,6,4,11.01,9.63,5.01
"2556","TRINITY_DN30948_c0_g1",-1.31248633584356,1.70773027724654,-7.12229976201065,1.32127427286726e-05,0.000779985829434634,3.59579513708336,158.63,133.21,123.43,103.2,193.85,49.25,45.29,59.52,60.88,56.47
"2557","TRINITY_DN30953_c0_g2",-1.06619506763462,0.142764833141315,-3.08926030708935,0.00953837921300024,0.0493034683377281,-2.61917282651592,46.75,22.04,53.36,52.67,59.01,15.26,24.12,21.5,14.42,21.33
"2558","TRINITY_DN30967_c0_g1",4.05611027273518,-0.897640089583455,5.27239392560726,0.000207967166584704,0.00410081127654985,-0.0374809017170961,9,8,6,2.87,1.3,95.85,41.57,54.59,79.07,32.29
"2559","TRINITY_DN30969_c1_g1",1.34831996612795,-0.950353180150542,3.323402614157,0.00619792013285062,0.0373211594422274,-2.0894188240891,14,8,10,12,6.61,17,22,17,18,32
"2560","TRINITY_DN30969_c1_g3",1.39628531143846,-0.937568824612564,3.15938052157098,0.00838163119764775,0.045320208347226,-2.34878467302077,13,5,20,6,10,14,18,16,40,26
"2561","TRINITY_DN30970_c0_g1",2.60012599986618,-1.41043278623907,4.38741736824636,0.00091889241009468,0.010570668544147,-0.848453915486803,2.73,11.77,11.84,4.86,2.07,28.64,15.93,22.92,32.58,16.26
"2562","TRINITY_DN30974_c0_g1",2.27940758476419,-0.905546391691201,3.97606235487347,0.00189688919164486,0.0171668610121246,-1.13096288649237,21.28,3.74,14.38,4.47,4.5,36.9,11.61,32.47,45.64,35.58
"2563","TRINITY_DN30977_c0_g1",-1.02785761137935,1.04345195300899,-3.59716655607882,0.00375655661323108,0.0269765824780301,-1.86289692409818,94.13,63.41,78.92,80.33,97.05,38.2,27.4,66.7,60.95,14.46
"2564","TRINITY_DN30977_c1_g2",2.30965490635617,-0.858442848843135,4.66659646912276,0.000568540406260453,0.00771207250672301,-0.151762575584451,7,13.99,7.08,2.88,11.99,29.13,15.98,35.89,65.19,23.89
"2565","TRINITY_DN3103_c7_g2",1.07137570394589,1.50791784348693,4.72754283913839,0.000512664972316421,0.00722861342281191,0.0213934528652002,54.66,53.02,58.09,71,41.01,134.71,133.13,100.04,102.16,86.73
"2566","TRINITY_DN31041_c0_g2",1.51398317223264,-1.46453608370522,3.2115508722807,0.00761360000476317,0.0426270953996274,-2.28540546153437,7,6,12,5,5,11,13,19,13,21
"2567","TRINITY_DN31066_c3_g1",-1.07839687297275,-0.214471044433323,-3.32396193409739,0.00619155576147055,0.0373067979360826,-2.16596084119358,36.27,55.7,21.42,31.97,38.85,11.11,13.06,10.96,19.9,18.11
"2568","TRINITY_DN31068_c1_g1",1.52910577116046,-1.30824921460223,3.28699636694087,0.00662676778326055,0.0389720495857996,-2.15648227939957,7,12,16,6,3,16,12,18,23,15
"2569","TRINITY_DN31068_c2_g1",1.69738108583993,0.696007632723956,3.89093264951506,0.00220903408415079,0.0189501909535069,-1.29281654432801,12.01,30.72,26.31,42.13,28.22,140.34,105.49,46.34,80.46,45.6
"2570","TRINITY_DN31072_c1_g1",1.12771761621336,0.0517195390137742,4.91758135292378,0.000372513882841335,0.00591846090696008,0.428448048561731,24.07,14.81,23.52,19.86,20.32,41.3,34.62,37.31,62.65,26.13
"2571","TRINITY_DN31078_c0_g3",1.1941656149883,-0.0292359518837429,3.36116006103253,0.00578283153243628,0.0356603466150687,-2.12749876675854,15.81,39.7,20.37,13.14,13.15,57.03,22.71,31.22,37.7,49.71
"2572","TRINITY_DN31083_c0_g2",-1.0747463212566,0.372253792915859,-3.26603513534138,0.00688719240959326,0.0399734064173064,-2.34456834784568,79.18,58.6,30.27,41.65,66.5,15.26,11.63,25.39,36.94,28.74
"2573","TRINITY_DN31083_c3_g1",-1.60478575580346,0.685895128889887,-3.33127070740278,0.00610899746898401,0.0369888713314196,-2.26413003650478,60.06,141.34,62.86,103.49,50.19,40.72,13.34,27.88,10.38,38.99
"2574","TRINITY_DN31107_c0_g1",1.91656643814747,1.04574649365595,3.31052988154538,0.00634624320028631,0.0378923380143133,-2.34760368886989,71.28,6,69.93,17,47.83,68.79,74.81,215.34,142.68,93.26
"2575","TRINITY_DN3112_c3_g1",-1.31145524350178,5.089033968311,-5.9033908868537,7.7051151912384e-05,0.00220828266350709,1.47503352283666,2092.85,1243.6,1572.39,794.2,2048.78,664.34,434.71,547.06,843.44,493.5
"2576","TRINITY_DN31150_c0_g1",-2.98223942181262,-1.43872690362449,-4.80166359199623,0.00045236218785996,0.00667626467647075,-0.661894316010872,34.36,33.11,33.39,31,24,4.06,0,3.19,8.06,2
"2577","TRINITY_DN31151_c0_g1",-1.78132565464481,-1.22479458196525,-4.47860487375864,0.000784661971978593,0.00953545560857463,-0.48066527623301,25,18,27,15,30,9,5,3,5,4
"2578","TRINITY_DN31168_c1_g3",-1.64080306705528,-0.572398985664974,-3.93266605394731,0.00204987860080042,0.0180181484375652,-1.12596731015838,41.88,53.56,25.72,26.44,30.44,3.7,6.16,10.07,23.78,6.39
"2579","TRINITY_DN31179_c0_g1",-1.20098396124209,1.38875480498351,-5.23548793239494,0.000220785103456599,0.0042577694119326,0.866558840067563,135.22,106.79,84.79,91.79,137.25,53.65,39.11,44.9,75.36,23
"2580","TRINITY_DN31192_c0_g1",-1.20029363564854,0.354235840766621,-5.19045130404871,0.000237563550599809,0.00444842227448946,0.847154992344957,60.74,63.26,42.82,51.41,56.81,17.82,12.01,22.05,36.89,20.03
"2581","TRINITY_DN31196_c0_g1",-1.7208892558355,-0.746759506968409,-3.78380613214611,0.00267855598931838,0.0214984076132595,-1.36569346418305,51.34,18.4,44.66,25.54,23.02,3.22,10.91,10.52,8.88,6.64
"2582","TRINITY_DN31198_c0_g1",1.16341414633319,-0.37756407302114,3.40440754140015,0.00534191708286752,0.0338570151387285,-2.01121076829303,17,14.26,7,22,20,26,31,34,26,28
"2583","TRINITY_DN31201_c0_g1",-1.0604309859645,0.114096203221986,-3.45353078867913,0.00488236301288724,0.0319052323046597,-1.98632794555952,48.07,39.25,49.65,30.37,57.66,18.17,10.75,9.76,43.02,23.12
"2584","TRINITY_DN31220_c0_g1",2.42996608989467,-1.40172080343373,3.46059157530002,0.00481969902505356,0.0316295552041455,-2.0018473932963,8.29,4.04,9.33,1.02,7.16,18.5,13.16,13.38,55.89,27
"2585","TRINITY_DN31246_c1_g1",1.2113509325836,-0.677577777840554,3.121017537226,0.00899581824388321,0.047422165855145,-2.4406384307864,16.59,8.92,25.25,8.14,8.46,18.02,20.13,26.7,23.05,35.04
"2586","TRINITY_DN31272_c0_g1",-1.8910209479668,0.124970341990163,-5.85104631214188,8.3488489415785e-05,0.00230028892745603,1.78803494045174,72,57,89,29,60,18,14,10,17,11
"2587","TRINITY_DN3129_c0_g2",-2.20986994653201,-1.9134416473321,-3.60544719089149,0.00370038277344081,0.0267028086815351,-1.98428349401982,17.14,14.19,29.01,10.46,14.76,3.27,3.23,1.09,2.36,1.1
"2588","TRINITY_DN31325_c1_g2",1.12825090482304,1.10660379162788,3.08384529112159,0.00963412221213614,0.0496412801690162,-2.78338431927956,54.5,51.87,37.47,17.01,60.5,124.59,104.36,59.95,133.07,39.25
"2589","TRINITY_DN31327_c0_g3",-1.17967379939222,1.48594976995482,-4.72018684033047,0.000519092551191994,0.00727526552781482,0.0160158511115576,133.83,89.81,148.01,105.54,111.64,45.14,48.65,27.3,105.96,37.79
"2590","TRINITY_DN31341_c0_g1",1.26659137257467,1.95238635410956,4.91528806155662,0.000373941230075858,0.00593354496823334,0.280788024879106,105.98,61,53,92.99,50.99,137,98,215.96,207,174.97
"2591","TRINITY_DN31346_c0_g3",2.79777043616565,-1.93893408545152,4.21022613913834,0.0012525825825407,0.0130390030857619,-1.46131161729056,3.52,1.54,3.82,3.93,5.13,23.44,9.64,11.85,27.8,16.61
"2592","TRINITY_DN31361_c1_g1",-1.15873208418436,0.886623296358278,-3.92292887838115,0.00208592240305358,0.0182317019497533,-1.26927648300616,94.5,80,51,56.23,112,39,22.09,50,24.1,29.21
"2593","TRINITY_DN31372_c0_g1",1.13464496619189,-0.558288259855206,3.80760300130973,0.00256606249127119,0.0208354216924632,-1.32818651742521,16.3,17.35,14.82,6.78,14.31,20.48,27.54,20.12,41.81,21.31
"2594","TRINITY_DN31382_c0_g1",1.21362728843462,-1.33628555446695,3.09027079245006,0.00952061892094846,0.0492337289147686,-2.44925953950304,8,4,12,7,12,21,10,16,16,12
"2595","TRINITY_DN31386_c0_g1",-1.47320847140026,-1.50896179457241,-3.22817028633234,0.00738416933276223,0.0418025469367882,-2.2712476514191,18,20,14,14,21,3,5,8,9,1
"2596","TRINITY_DN31434_c0_g1",2.49829034500438,0.171226547078959,8.30466855807084,2.85407919285844e-06,0.000336072977074872,4.62381951733861,15.79,10.63,11.43,18.7,14.89,59.81,46.08,102,80.9,72.08
"2597","TRINITY_DN31439_c0_g1",1.22610169551226,-0.610679501011195,3.7085344087483,0.00306892843100904,0.0235738972189648,-1.4859069277322,13.82,12.56,11.66,17.2,9.63,15.8,27.53,32.02,28.67,23.47
"2598","TRINITY_DN31489_c0_g1",-2.15210050404839,-0.29890170592813,-3.55841746363711,0.00403124230550347,0.0282719845070413,-1.72509395203906,57,58,65,77,18,8,5,12,16,5
"2599","TRINITY_DN31543_c0_g1",-1.01553374117528,0.10957684259928,-3.15025858009572,0.00852373400138696,0.0457938605160199,-2.50904145291522,35,35,37,76,46,26,12,23,18,16
"2600","TRINITY_DN31549_c0_g1",-1.26808712354719,0.583697966460428,-3.66973607984477,0.00329249960597002,0.0246595825942306,-1.66752139016604,70,68,38,81,75,13,29,17,34,37
"2601","TRINITY_DN31550_c1_g3",-1.22169640282893,-0.154210112992713,-3.35939729389695,0.00580156778096954,0.0357339272113419,-2.10938233313228,44.41,37.16,51.19,15.84,62.49,14.01,10.51,11.01,27.69,11.74
"2602","TRINITY_DN31563_c0_g1",1.54294819691579,0.121558017944807,4.30818825507701,0.00105491840180862,0.0115592241613183,-0.542070608715008,16.86,16.91,13.14,24.88,21.82,56.63,60.39,49.57,29.5,53.38
"2603","TRINITY_DN31574_c0_g1",2.00780545867141,-0.174748622834561,3.41247832251874,0.00526349646274575,0.0335069510233289,-1.99170827611791,18.51,18.59,4.14,6.1,34.5,60.36,13.39,38.58,98.05,56.38
"2604","TRINITY_DN31599_c0_g1",-1.35548768828038,-0.653766565079303,-4.52836042978071,0.000720203820293306,0.00899334780544894,-0.208700062879769,36,21,27,33,30,7,9,13,12,6
"2605","TRINITY_DN31614_c0_g1",2.8293351970815,-1.74638846752168,4.94910934586312,0.000353460235286397,0.0057395129132437,-0.63587961225995,2,4,5,3,6,23,21,15,23,17
"2606","TRINITY_DN31619_c0_g1",1.69783218994812,1.06886237141796,7.67085040493744,6.35899795691777e-06,0.000509002234646209,4.25002772356163,55.59,23.46,26.19,31.07,35.06,103.51,73.4,103.24,111.45,116.83
"2607","TRINITY_DN3166_c0_g1",-1.17803022617731,-0.208229817059791,-3.33129830450289,0.00610868786327773,0.0369888713314196,-2.14973235448572,54.49,45.26,26.78,42.34,25.25,10.09,13.09,13.36,29.45,8.04
"2608","TRINITY_DN31665_c0_g1",-1.05449727218007,1.12201820916146,-4.64480945866722,0.000590030091923661,0.0078836602292482,-0.0712526860009879,82.57,80.12,118.68,52.64,112.87,37.15,25.68,41.61,47.46,45.04
"2609","TRINITY_DN31667_c0_g1",-1.22576596195839,1.57009137233798,-4.01813673401816,0.0017598022689372,0.0163272756325222,-1.1986470684253,138.37,93.65,122.59,106.11,168.85,44.51,44.48,21.38,86.04,86.63
"2610","TRINITY_DN31686_c2_g1",-1.23461139058084,2.77287788649495,-6.15899203243272,5.23591468096272e-05,0.00174703829676874,2.15588485819617,281.28,325.12,378.22,175.82,304.92,144.71,70.13,132.66,165.21,102.98
"2611","TRINITY_DN31696_c0_g1",-1.3691943193792,1.3982640137509,-4.87785438805156,0.000398069233015664,0.00616356936149022,0.290190047185181,139.31,125.28,88.22,143.4,92.02,28.73,68.28,35.1,56.81,33
"2612","TRINITY_DN31758_c0_g1",-1.13369896103743,2.48560393476159,-7.07125509976773,1.4169852219192e-05,0.000812169350557824,3.49416468496898,225.6,183.96,300.95,216.76,212.66,88.59,101.47,104.28,148.88,71.36
"2613","TRINITY_DN31758_c1_g1",-1.48454770637992,-0.801315062430214,-3.28130967612404,0.00669641840210388,0.0392451297074769,-2.16013529290303,32,25,40,13,33,3,19,8,12,5
"2614","TRINITY_DN3176_c5_g1",-2.6164436135235,-1.62165321108427,-3.27932329011169,0.00672092195646755,0.039339416268342,-2.33892462613583,49.38,15.19,20.34,17.87,22.58,3.01,3,0,8,4
"2615","TRINITY_DN3176_c6_g1",1.68122542060204,-1.04991997587545,3.58044447762329,0.00387266984010289,0.027517411590493,-1.69672282465483,5.99,10.73,6,7.59,13,22.82,7.99,22.02,28.03,34.02
"2616","TRINITY_DN3176_c7_g1",-2.04671894602109,1.7531945219091,-6.09303877934793,5.77977734912884e-05,0.00185796944158376,2.16462949761958,298.84,198.03,172.61,120.36,182.76,57.12,23.35,20.71,98.08,47.7
"2617","TRINITY_DN31779_c0_g1",1.51004570242652,1.71341472140701,6.82764272096266,1.98746559228278e-05,0.000983811317187888,3.20038224400049,50.45,68.5,36.8,60.49,61.08,189.38,128.35,166.35,132.4,133.82
"2618","TRINITY_DN31785_c0_g3",-1.42744478865201,-0.626763139103967,-3.39665975372718,0.00541831705331806,0.0341736042234978,-1.98472007999949,63.78,27.8,18.53,29.73,26.01,10,6,6,17,8.27
"2619","TRINITY_DN31796_c2_g1",-1.12061521079067,0.760257081405294,-4.07293684156702,0.00159645426901246,0.0153213207010945,-0.995871363805031,79.53,45,114,49,80,34,17,27.9,49,24
"2620","TRINITY_DN31804_c0_g1",-1.04589315552361,0.0570823778110085,-4.79738372142233,0.000455633488129201,0.00670044466790888,0.241345374750832,39.99,38.07,49.97,31.91,53.28,20.73,12.59,22.72,19.41,14.64
"2621","TRINITY_DN31840_c0_g1",1.48276858106902,0.0756889124884896,3.91292871736588,0.00212362077138162,0.0184425036383034,-1.19446472172696,16.97,28.39,27.65,7.51,17.59,50.44,56.37,42.11,31.22,56.61
"2622","TRINITY_DN31848_c0_g1",-1.85627252355117,-0.867425003273736,-4.92111365850562,0.000370326547278029,0.00589729350839824,0.239343447962229,31.03,25.03,32.12,20.05,44.11,13.04,2.01,5.01,7.02,7.02
"2623","TRINITY_DN31857_c0_g1",-1.88055658419046,0.429260891019601,-6.33336452772713,4.04359966911026e-05,0.00149941700036051,2.48130005673319,80.2,88.35,59.52,48.78,86.24,12.25,27.87,20.54,22.47,9.18
"2624","TRINITY_DN3188_c0_g1",1.55149997548984,-1.45544325798237,3.2906886337609,0.00658193810622728,0.0387955209340268,-2.16956035758437,3.73,4.33,16.79,6.12,7.91,18.38,9,16.67,16.58,16.07
"2625","TRINITY_DN31880_c0_g1",-1.87478328860305,-1.26514513373244,-4.83519014780981,0.000427572601918155,0.00645442994941632,-0.071225305872713,26.29,21.06,25.23,23.27,18,6.08,5.11,3.04,5.08,3.03
"2626","TRINITY_DN31882_c0_g1",-1.42221614794855,1.75579467025673,-4.80972974940175,0.000446263581864675,0.00663664724021749,0.137383713095738,222.45,135.7,148.26,86.57,196.81,43.32,24.44,70.61,100.16,55.01
"2627","TRINITY_DN31885_c0_g1",1.14809069742254,-0.261764221852589,4.11473639442799,0.00148245895784093,0.0146211987265004,-0.842413635472879,18.48,19.61,19.95,9.7,16.25,34.47,21.82,38.22,52.76,18.93
"2628","TRINITY_DN31886_c1_g1",-1.448975196887,-0.269118204236078,-4.46706749770664,0.000800450675776095,0.00967052846401816,-0.276564162823805,45,46,35.01,23.84,52,7.5,6,20,22.47,9
"2629","TRINITY_DN31891_c1_g2",-1.085402145781,1.72843928695635,-5.09670438209022,0.00027694312161417,0.00490192574574444,0.606382850718052,188.29,141.51,99.78,101.09,142.88,60.75,38.27,69.79,67.37,66.56
"2630","TRINITY_DN3193_c2_g1",-1.5642479906948,4.26980948500096,-8.41618048641801,2.49030204537366e-06,0.000318608179688801,5.11087268735751,996.78,783.06,1224.42,807.21,800.97,343.67,182.66,232.44,505.08,337.16
"2631","TRINITY_DN31941_c0_g1",1.01539365410228,1.23485144109776,5.21593410484284,0.000227911235861253,0.00432905815631928,0.844654937206366,74,39,39,44,42,106,87,83,93,77
"2632","TRINITY_DN31953_c0_g1",-2.45400505215731,-0.753106683631117,-4.67233520542026,0.000563017306556526,0.00768630565345613,-0.158601876679953,36,33,50,27,63,2,1,15,12,6
"2633","TRINITY_DN31956_c0_g1",-1.5724817756754,0.411047778278943,-3.79660877821166,0.00261741824514174,0.0211368268978092,-1.42204094399853,80.52,63,106.67,23,81.36,14.29,10,25.15,38,16.14
"2634","TRINITY_DN31990_c0_g1",-2.47093897589506,-0.667993950457915,-3.35496321504334,0.00584897005725455,0.0359331915413716,-2.04161850340241,90,51,19,56,27,3,5,10,11,3
"2635","TRINITY_DN3200_c0_g1",1.77197449954399,1.7399597773446,4.26094738526886,0.00114584370140796,0.0122717567151825,-0.788145337644333,52.04,42.77,45.28,70.06,46.68,395.41,130.23,117.8,109.82,188.51
"2636","TRINITY_DN32000_c0_g1",1.62562877563606,-1.05498839204793,4.4489944008847,0.000825852593672612,0.00985727757248096,-0.429195823406722,10.09,8.21,10.23,3.31,12.1,17.98,15.78,27.85,32.1,16
"2637","TRINITY_DN32021_c0_g1",-1.63874928883112,-1.15253649706556,-3.35154066521725,0.00588582735939002,0.036079046673382,-2.05742365034783,24.56,29.99,16.45,21.45,26.14,1.17,2.07,6.99,19.32,5.65
"2638","TRINITY_DN32030_c0_g3",2.10993785198952,1.8313737035228,5.66634946545819,0.000111151859082792,0.0027609605845159,1.51579453166507,59.77,46.53,35.95,34.29,74.76,226.62,168.36,288.26,336.84,79.21
"2639","TRINITY_DN32032_c0_g1",2.00217318915108,0.0696683204301779,3.85929706853216,0.00233813440797614,0.0196285002551621,-1.2711358649013,13.01,32.67,11.46,7.48,20.58,51.62,127.65,30.37,79.05,30.94
"2640","TRINITY_DN3206_c1_g1",-1.19511637263574,3.67097316410656,-5.24553311874297,0.000217215882898797,0.00421753478731934,0.581967825409423,514.05,457.73,803.29,306.61,677.14,216.13,144.59,224.86,354.37,239.94
"2641","TRINITY_DN3206_c1_g2",-1.08403453341056,2.87422902023784,-4.83326771132077,0.000428954836457223,0.00646509612113243,0.00656348606429535,307.88,224.82,449.74,188.53,340.61,115.02,91.44,124.8,221.09,151.5
"2642","TRINITY_DN32066_c1_g1",-2.35041630764447,-0.43997009862428,-5.02937767141306,0.000309426562220554,0.00526805935910002,0.459651168507953,68,55,27,53,47,11,4,6,17,3
"2643","TRINITY_DN32103_c0_g1",-1.13112269728824,0.554332536093717,-3.38590645594605,0.00552619856849807,0.0346288360529931,-2.16101865506169,84,57,49,69,47,37,46,16,19,19
"2644","TRINITY_DN32106_c0_g1",-1.47699193714805,0.0352468955881556,-5.06003752678405,0.000294163554193096,0.00509384770809852,0.645062435751189,48.18,58.89,41.19,29.35,70.24,17.23,12.12,9.19,20.32,17.33
"2645","TRINITY_DN32151_c0_g1",2.41683410598754,-0.587997488408057,6.07638540266203,5.92637788522569e-05,0.00188074632335123,1.73007154094213,5.91,12.57,10.84,9.25,7.16,33.94,37.66,31.12,41.62,54.14
"2646","TRINITY_DN32158_c0_g1",-1.96829040984562,-0.852616115959821,-3.19514702063642,0.00784711476469953,0.043496773030235,-2.2876203154867,51,30,13,24,57,4,2,12,7,10
"2647","TRINITY_DN32178_c0_g1",-2.10855787250574,-1.94636464052061,-3.95342127085946,0.00197517884786465,0.0176033383779398,-1.58395533453345,12.84,14.17,16.71,15.88,17.68,4.48,1.86,1.59,1.78,2.78
"2648","TRINITY_DN32179_c0_g1",1.51312801465838,-0.642631329769203,5.01982352476856,0.000314351131821592,0.00532851779265251,0.50426428075865,9,13,16,9,11,25,33,26,31,22
"2649","TRINITY_DN32241_c0_g1",1.26781144556658,-0.439246052334788,3.1250055254171,0.00892991546087401,0.0472079349615307,-2.46476158195861,19.06,6.02,16.01,11.36,21.88,42.08,40.31,28.5,20.7,22.14
"2650","TRINITY_DN32266_c0_g1",-1.83373970196095,0.27123741702919,-3.53018533720722,0.00424423359731452,0.0291369781375472,-1.85454106977755,93.91,24.46,62.42,59.82,116.09,13.27,4.09,34.04,15.91,23
"2651","TRINITY_DN32270_c0_g1",-2.42063422101696,-0.39622444421163,-4.04333703063059,0.00168263841049854,0.0158612436875621,-0.963514820277442,32.39,37.87,96.59,67.09,42.91,3.54,1.36,15.35,14.84,9.53
"2652","TRINITY_DN3228_c0_g1",-4.32068622327997,-3.08802342947476,-6.73514405503808,2.2644362308903e-05,0.00106084992148139,0.377757399385317,17,15,12,12,22,0,1,0,0,0
"2653","TRINITY_DN32281_c0_g2",-1.43728152564777,-0.170168159996581,-5.348036652011,0.00018408416583343,0.00380514169495317,1.0558113277639,50.94,34.71,53.96,34.36,36.73,18,5,12,17,16
"2654","TRINITY_DN3230_c5_g1",1.00286727085434,0.278457646070146,3.30935979355481,0.00635990239934677,0.0379418146599761,-2.25959511635266,28.57,39.59,22,21.36,15.98,58.82,49.04,41.61,34.46,41.66
"2655","TRINITY_DN32312_c0_g1",-1.25606959570998,0.478962925358837,-3.9454026482032,0.00200369976161018,0.0177780617074867,-1.18090293200951,76.54,57.52,47.3,55.98,65.46,14.95,8.47,37.04,27.87,38.35
"2656","TRINITY_DN32326_c0_g1",-3.36491538634642,-1.95308794887089,-3.93177680340644,0.00205314348163749,0.0180366301272524,-1.76651141059224,24,17,19,44,23,0,2,2,2,2
"2657","TRINITY_DN32353_c0_g1",2.23188299675441,-1.79958683403896,3.72223470575372,0.00299375512330288,0.0231922821320362,-1.79330711527201,12,2,5,5,3,12,14,19,16,16
"2658","TRINITY_DN32357_c0_g1",-1.66685744255923,-0.280999116164788,-6.41795549802185,3.57250546125129e-05,0.00139208853736166,2.43028927783827,43,48,42,37,40,11,6,8,22,10
"2659","TRINITY_DN32365_c0_g1",1.31985791156918,0.429267966208168,6.18454814622063,5.04001658453397e-05,0.00170913346891408,2.2912244220741,26.95,21.55,24.07,20.47,29.11,66.04,37.14,49.15,60.71,69.67
"2660","TRINITY_DN32366_c0_g1",-3.20019318312166,-0.642502481003369,-5.22475093877679,0.00022466852678807,0.00429733883408152,0.433211405799375,88,38,63.03,63.56,33.06,6,3.04,6,4,3.03
"2661","TRINITY_DN32375_c0_g1",-1.35843708814925,0.56203419397579,-3.4044132846721,0.00534186085733336,0.0338570151387285,-2.1246483514041,124,46,38,48,111,19,23,16,41,22
"2662","TRINITY_DN32385_c0_g1",2.45978551812959,-0.0988132345520809,6.00754143581005,6.57560917259064e-05,0.00200478567671607,1.90596461612164,5,19,15,21,9,49,58,50,61,62
"2663","TRINITY_DN32387_c2_g1",-2.43029979919956,0.585718268515713,-8.11333949903134,3.61767726261222e-06,0.000386512389671929,4.60647255131138,128,98,92,76,99,25,4,17,32,12
"2664","TRINITY_DN32396_c1_g1",-2.52789787774285,-1.54533560565996,-4.32234304524497,0.00102916042085026,0.0113834825309799,-1.02673972685244,32.86,26.69,20.54,12.98,28.11,2.47,4.19,0.4,5.17,3.14
"2665","TRINITY_DN32397_c1_g1",1.26281527379633,2.67988062828668,7.39315206029631,9.16616524069147e-06,0.000625253341923827,3.91501379257011,104,137,123,102,108,309,188,292,403,194
"2666","TRINITY_DN32421_c3_g1",1.15762074612104,0.200857068571084,3.25464068137756,0.00703307942391453,0.0404828839407528,-2.34192501500785,14,16,28,36,24,32,60,51,63,26
"2667","TRINITY_DN3243_c1_g5",-1.55476909107774,3.21196267453943,-7.73519206107669,5.85008314230706e-06,0.000492724641757894,4.33229477658589,583.66,434.72,334.56,353.76,508.35,143.53,89.89,146.38,250.59,128.37
"2668","TRINITY_DN32446_c2_g1",1.07413069638252,-0.96580795122076,3.42208687465858,0.00517165894206113,0.0331809361415507,-1.93499123636996,8,14.83,16,7,10,20,14,16,25,17
"2669","TRINITY_DN32455_c0_g1",-1.86902749050619,-1.68953692641273,-3.28087731217955,0.00670174422197166,0.0392580795297269,-2.25211873643016,26.27,15.88,11.65,14.87,16.94,6.34,3.87,5.34,1.06,2.63
"2670","TRINITY_DN3250_c0_g1",-1.15263389773515,1.13865117517205,-5.99554972525162,6.69621070040051e-05,0.00203157665208534,2.03850897293412,83.95,71.97,110.71,78.95,109.89,41.58,40.94,38.45,34.98,34.62
"2671","TRINITY_DN32501_c0_g1",2.38207402867218,-0.913295559235778,5.87658362441767,8.02795320622332e-05,0.00225487406028555,1.26828805790462,8.42,9.48,8.76,4.34,6.27,26.01,17.34,35.6,52.12,29.21
"2672","TRINITY_DN32503_c0_g1",-1.7761042342328,0.852794892408161,-7.33895330300058,9.8548794770575e-06,0.000655661081092033,3.81894402476295,99.72,65.25,107.6,75.19,119.01,28.45,27.46,31.58,21.46,16.58
"2673","TRINITY_DN3252_c6_g2",-1.20187609291661,1.72394194500259,-4.91029988160286,0.000377065734681561,0.00595986997025017,0.303512757844185,164.19,111.58,179.39,83.25,173.95,54.02,33.04,63.06,107.68,45.2
"2674","TRINITY_DN32525_c0_g1",-3.00793007850355,-1.80830696449924,-3.81028583526233,0.00255368863272794,0.0207646932391871,-1.86232143700179,26,18,21,36,19,4,0,9,2,1
"2675","TRINITY_DN32531_c0_g2",1.2268554740403,3.64437779936024,6.34759910623717,3.95991913709525e-05,0.00148279005198572,2.32997024770579,174.82,230.31,215.29,185.71,332.01,383.77,470.75,675.34,665.78,447.29
"2676","TRINITY_DN32550_c0_g1",-1.39879348219673,-0.0892504134516106,-3.90789983831508,0.00214284339670202,0.0185515845197881,-1.18601734556208,54.44,43.79,38.97,42.8,42.31,18.51,5.05,26.76,28.84,4.11
"2677","TRINITY_DN32583_c0_g1",1.29557849850236,-0.290857829919904,4.86761209180167,0.000404951629930936,0.00622664539914118,0.342792950670385,15,23,15,10,15,35.27,25,25.35,38.1,41
"2678","TRINITY_DN32594_c0_g1",1.05186943380004,0.288345441831998,3.77753565584428,0.00270903386720041,0.0216618019158313,-1.45252003943091,15.05,23.17,38.28,24.32,26.35,68.01,32.04,39.9,58.16,35.34
"2679","TRINITY_DN32599_c0_g1",-1.42919692328872,0.146724420827552,-5.15126168843196,0.00025325647110755,0.00462916436617493,0.786165072813496,45.18,63.03,40.24,49.73,57.58,12.97,21.25,11.37,19.32,20.22
"2680","TRINITY_DN326_c1_g1",1.22896963071745,1.16715017357389,3.47288344883646,0.00471255743572449,0.0311663424531389,-2.1012961283397,31.93,18.02,51,73,58.92,156.09,68.82,86.95,94.1,69
"2681","TRINITY_DN326_c1_g3",1.0475289348833,0.717789985162477,3.09111401045299,0.00950582395448972,0.0491925399042096,-2.7063937559738,26,20,34,49,44,116,54,53,77,33
"2682","TRINITY_DN3262_c1_g1",-1.12497660206224,1.43978902743954,-6.03659667318343,6.29284922671963e-05,0.00194629956601592,2.08788525813545,129.11,113.08,98.85,76.49,142.08,44.02,34.89,54.14,68.55,40.37
"2683","TRINITY_DN3268_c4_g1",-1.05827345189261,3.37243914210851,-4.41409673484018,0.000877307826815082,0.0102615424989108,-0.802195333951666,526.47,318.6,496.1,394.77,312.9,257.6,286.13,177.85,149.45,143.17
"2684","TRINITY_DN32681_c0_g1",-1.95854251565159,-1.63950944754255,-3.40255424425179,0.00536009197135366,0.0339312439432068,-2.09618639485674,30,12,12,19,24,2,4,2,6,3
"2685","TRINITY_DN32695_c0_g2",-1.07182671671646,1.61767274117991,-6.1001550032276,5.71831079782219e-05,0.00184681802530705,2.17149223971718,152,109,147,104,105,53,35,54,79,62
"2686","TRINITY_DN32698_c0_g1",-1.61758818699618,1.8434701827156,-6.65923422585692,2.52244603023561e-05,0.00113329098399459,2.96586534266075,240.78,169.93,156.51,190.14,122.9,54.28,29.97,51.7,84.33,56.22
"2687","TRINITY_DN32698_c1_g1",-1.91140856140115,-1.65205463995534,-3.39026706120987,0.00548219044989942,0.0344539323668175,-2.1172980966045,30,15,22,10,19,10,1,4,5,1
"2688","TRINITY_DN32731_c0_g2",-1.96366720531916,-1.21760104618753,-3.29544657301528,0.00652462214406048,0.038589978872188,-2.1601365533708,45,40,19,15,17,10,1,4,7,4
"2689","TRINITY_DN32745_c1_g1",-1.54087879965483,0.683169743205525,-8.07049266889206,3.81705190305064e-06,0.000399561011517649,4.64865180421187,92.19,84.63,68.07,66.41,69.44,28.8,15.46,21.98,29.33,23.03
"2690","TRINITY_DN3275_c0_g1",1.06842015933322,2.88384754341715,3.85876063854771,0.00234038932421814,0.0196285002551621,-1.71302439946253,247.6,118.97,149.02,96.41,121.39,411.4,225.08,205.77,521.34,196.03
"2691","TRINITY_DN32750_c0_g1",-1.0690717156564,1.08534670276874,-5.34143078879203,0.000186049742532613,0.00382214942878087,1.05435079098025,98.4,80.38,95.63,60,96,44,28,29,68.39,28
"2692","TRINITY_DN32754_c1_g2",1.22581886294486,-0.485739082623252,3.09718420537299,0.00939999689165766,0.048885339062731,-2.50876672416067,24.47,10.48,26.11,9.9,7.6,36.22,20.25,29.7,45.96,14.82
"2693","TRINITY_DN32761_c0_g1",-1.2538554712453,-1.12236913010052,-3.8126430724056,0.00254286717481265,0.0207038217483369,-1.34318643813378,18,24,21,16,24,8,4,4,10,8
"2694","TRINITY_DN32762_c0_g1",-1.56760951974333,-0.127721895706266,-4.23869000569976,0.00119146957282731,0.0126128240007403,-0.640520009428243,66,45,31,65,29,11,8,15,16,14
"2695","TRINITY_DN32784_c0_g2",-1.55282077993065,-1.84270177873742,-3.59721130245305,0.00375625073168515,0.0269765824780301,-1.86094503546558,18.97,10.99,15.25,10.98,14.98,3.75,2.97,3.96,4,2
"2696","TRINITY_DN3284_c0_g2",-1.55598356972193,2.02159843124608,-7.4979737543205,7.97582138761198e-06,0.000579053961186697,4.08319397037002,239.55,209.03,161.66,165.87,182.84,96.24,40.79,65.2,87.3,37.8
"2697","TRINITY_DN32861_c0_g1",-1.02554459230884,1.1210317908368,-6.31410207860375,4.15984200699447e-05,0.0015225119855081,2.4949224254155,91.63,74.84,98.66,77.93,87.35,49.95,24.14,42.99,47.96,35.02
"2698","TRINITY_DN32868_c0_g1",1.20441188124016,1.13076838560786,5.71202564091144,0.00010351082614139,0.00263333238602485,1.61906830980862,53.3,37.72,32.76,37.34,42.83,91.91,80.38,91.88,75.74,105.05
"2699","TRINITY_DN329_c4_g1",2.58400039395951,1.33860793710093,14.1472967698275,9.19592549995844e-09,1.39226312069371e-05,9.73657863127069,35.51,21.84,34.94,30.75,26.35,200.36,145.07,169.02,174.54,150.92
"2700","TRINITY_DN329_c8_g1",-1.08040199541894,-0.369769644231097,-3.38737918634491,0.00551129546377415,0.034570347071374,-2.03850199214155,40.34,40.01,24.66,34.96,23.89,13.63,12.36,6.68,20.59,13.01
"2701","TRINITY_DN32927_c0_g2",1.34541564324945,-0.190203374061914,3.31147418719796,0.00633524138817107,0.0378435275695781,-2.18515866213542,25.72,19.11,11.57,9.04,18,39.16,70.45,38.85,28.23,20.3
"2702","TRINITY_DN32944_c0_g1",-2.3159467270952,1.61007627624562,-9.34522742473212,8.40407211729462e-07,0.000177428321858931,6.14909334960776,278,190,141,166,169,38,36,25,46,32
"2703","TRINITY_DN32957_c0_g1",-2.37823007148819,-1.59025399731594,-3.65993986427013,0.00335154581442709,0.024936336435904,-1.81709002194635,37.59,29,14.02,12,25.43,4.01,2,3.52,4.01,1
"2704","TRINITY_DN3296_c0_g1",1.05496247520048,5.17459354068208,11.2977497699262,1.10358160428307e-07,6.39914779069654e-05,8.22824965949725,676.21,710.92,591.79,735.83,711.7,1479.81,1217.34,1319.9,1682.05,1298.12
"2705","TRINITY_DN32962_c0_g1",-1.13910283173038,0.439006393726052,-3.32796522673417,0.00614619627201865,0.0371380305061117,-2.24470063832421,78.88,48.38,71.09,30.32,67.77,17.34,9,28.39,56.55,20.3
"2706","TRINITY_DN330_c8_g1",1.27600693689104,-0.442531898757178,3.1723502344289,0.00818368724310243,0.0446666844217304,-2.38635388589967,19.51,10.05,14.83,16.8,10.31,39.26,24.35,39.63,16.13,33.3
"2707","TRINITY_DN33025_c0_g1",-1.63978361970347,-0.540436661949351,-3.86881610065471,0.00229849070462499,0.019429186036027,-1.22567933279441,32.03,38.21,42.21,48.52,18.7,7.1,10.27,11.29,8.26,8.29
"2708","TRINITY_DN33026_c0_g1",1.31547547062695,0.652652617781832,5.46886754507196,0.000151745544019939,0.00336048979646582,1.26675307187604,34,28,36,19,27,52,54,93,64,71
"2709","TRINITY_DN33055_c0_g1",2.88535284514964,-0.700935383827427,4.97377627825871,0.000339267524899977,0.00559993753563762,0.182533370136002,16.2,4.18,7,2.22,10.59,80.98,33.89,28.23,42.39,49.91
"2710","TRINITY_DN33077_c0_g1",-1.3828190929098,-0.4681022112877,-3.30181797170348,0.00644866078156305,0.0382967220352595,-2.1611209247418,37,31,43,14,50,23,7,11,7,11
"2711","TRINITY_DN331_c0_g1",1.00821944531582,5.67097766905722,6.82658352339809,1.99042446546538e-05,0.000984490902544207,2.82399175868347,963,789,1260,1002.17,952,1810,1328,1986,3066,1819.76
"2712","TRINITY_DN33194_c0_g1",1.52466555374162,-1.13585025338462,4.24455968951715,0.00117925693704058,0.0125298453760078,-0.728952948297967,10.84,5.64,12.41,5.11,8.98,23.78,11.56,15.44,27.29,20.93
"2713","TRINITY_DN33203_c0_g1",-1.41758907227543,1.03667815603635,-5.32621613649408,0.000190661533503875,0.00388036853466214,1.03611297624483,124,68,94,63,120,26,36,28,28,47
"2714","TRINITY_DN33244_c0_g1",1.34479285471483,1.14110766786021,3.40789979706498,0.00530783939204756,0.0337200718884413,-2.21061156253524,41.92,33.95,31.99,92.82,24.43,176.39,46.36,80.68,136.49,68.24
"2715","TRINITY_DN3325_c0_g2",1.01497938633279,6.2039967540489,5.60774299263273,0.000121840189762188,0.00292328780880393,0.891984622432329,1797.72,1157.73,1192.98,1230.99,1819.7,2162.71,3001.77,2631.82,2832.72,3671.24
"2716","TRINITY_DN33251_c0_g2",1.00459764606266,-0.299702490835637,3.31741836237247,0.0062664301054393,0.0375792080344932,-2.17158101466933,20,9,27,12,22,36,20,24,45,26
"2717","TRINITY_DN33256_c1_g1",-1.17127843805274,-0.225798639504882,-4.29056594144637,0.0010879261611639,0.0118104107254439,-0.557461631338625,47,39,28,26,45,9,12,20,18,12
"2718","TRINITY_DN33294_c0_g1",-1.62790040028443,0.0377910545580122,-6.05433693011392,6.12656899335386e-05,0.00192362490487328,2.06335408834021,55,67,44,34,55,11,14,13,15,19
"2719","TRINITY_DN33301_c0_g1",1.89644615051135,0.673338241973687,5.76391317747419,9.54999371155629e-05,0.00249602656695219,1.70325584096579,11,27,36,35,22,67,79,79,115,70
"2720","TRINITY_DN33345_c0_g1",1.19404918407403,3.28972061740317,8.09493635859226,3.70190934923243e-06,0.000390139763912146,4.78020385278704,151.05,162.81,194.84,177,197,492.52,383,432.84,454,270.88
"2721","TRINITY_DN33349_c1_g1",-1.16517470196299,-0.126585381124642,-3.39354128027614,0.00544938062572047,0.0342998228514472,-2.05796857887052,45,44,37,19,55,19,14,20,9,16
"2722","TRINITY_DN33358_c1_g1",-1.43607213865219,-0.977793381074399,-3.17177898668471,0.00819230561230562,0.0446901466366341,-2.32664201379073,36.05,12.29,33,15.76,29.38,11.52,5.2,9.32,4.79,5.91
"2723","TRINITY_DN33360_c2_g1",2.50758113237983,-0.754853325215617,5.49748569414326,0.000145002523345389,0.00326237282861243,0.906285557796235,12,3,6,11.57,11,52,26.41,42.43,35,30
"2724","TRINITY_DN33382_c0_g1",-1.19447382342357,1.15781381648257,-6.22892938430719,4.71807587907341e-05,0.00164137647090867,2.37435601340462,98.7,76.36,92.3,98,99.79,30.86,27.37,34.84,47.4,53.12
"2725","TRINITY_DN334_c0_g1",1.03300521497218,4.38364214736638,9.36739619326726,8.19749055696053e-07,0.000176578186573229,6.22765778277096,409.12,414,362,387.98,400.03,731.83,790,865,811.27,828.26
"2726","TRINITY_DN33435_c1_g1",2.26946187979053,-0.284629751733589,4.68645700500737,0.000549663791512853,0.00757376918853914,0.04149777487586,24,15,2,16,13,57.74,37,35,64.05,40
"2727","TRINITY_DN33444_c0_g1",-1.02565496725289,0.69956066973227,-3.96079448814939,0.0019493233990185,0.017460752671844,-1.18281894116627,94.45,80.36,61.96,33.28,66.36,31.83,21.63,25.04,41.01,26.61
"2728","TRINITY_DN33457_c0_g1",2.18379502307821,0.367047067865094,4.62266790754505,0.000612741308328816,0.00807886660433367,-0.0375370406751294,24.26,3.91,20.63,25.64,37.32,73.36,50.17,61.51,114.06,75.99
"2729","TRINITY_DN33472_c0_g1",2.57099015950364,0.156109987597256,7.35000154971324,9.71012719842957e-06,0.000648812094419071,3.60330169369473,16.42,11.2,18.04,22.84,6.32,97.93,62.39,66.28,75.46,56.75
"2730","TRINITY_DN33476_c0_g1",1.68483790743215,0.360036874139552,7.38437045559552,9.27416997768267e-06,0.00063054197940271,3.79928284228268,27.8,16.97,20.25,18.82,21.03,68.18,36.73,68.32,93.06,46.22
"2731","TRINITY_DN3348_c0_g1",1.04020680290829,5.53301906364585,4.9348301044558,0.000361959790612977,0.00581442352217571,-0.180523929269464,1202.04,964.97,686.5,1076.57,611.16,2376.09,1809.44,1789.94,1748.23,1306.62
"2732","TRINITY_DN33480_c0_g1",1.10043393085775,0.00208221805742682,3.38646618170533,0.00552052967744751,0.0346017749039992,-2.0903401293935,18,20,16,32,17,23,38,47,61,27
"2733","TRINITY_DN33498_c0_g1",-1.59619051035169,0.294804318973245,-4.29784099406846,0.00107417123581644,0.0117131828888391,-0.568014064245704,37.05,45.03,96.75,50.17,89.56,25.82,20.72,15.3,17.05,10.98
"2734","TRINITY_DN33501_c0_g1",-3.03005586074464,-0.134740879027404,-4.35339224687169,0.000974924404309127,0.0109971756265827,-0.485431472403357,75,90,27,87,105,3,17,5,8,10
"2735","TRINITY_DN33516_c0_g1",-1.23483647140154,-0.325345210641443,-3.69195882623677,0.00316247427052253,0.0240650964499556,-1.52830490301038,42.17,31.99,47,36.01,24.99,13,6,12,31,7
"2736","TRINITY_DN33518_c0_g1",-1.92502897842697,-1.87865361689174,-3.1614295467305,0.00835004093053599,0.0452495492613128,-2.47819504701799,13,10,15,16,28,3,1,5,3,2
"2737","TRINITY_DN33529_c0_g1",-1.74345986696723,0.523162460194772,-5.33556374877721,0.000187814041386842,0.0038451084449363,1.06731758076577,88.65,69.68,69.61,60.31,77.8,36.54,28.19,18.11,24.1,5.03
"2738","TRINITY_DN3354_c0_g1",-1.47584696963299,-0.157685988823375,-4.99432200171207,0.000327903115842029,0.00546276382522224,0.537025605648042,59.02,38.02,51.68,22.78,46.05,18.96,9.89,8.31,16.05,13.78
"2739","TRINITY_DN33541_c3_g1",-2.07153007670303,-0.974282234215095,-4.72757684962684,0.000512635448631631,0.00722861342281191,-0.0838503261354697,30.51,21.05,40.18,18.91,39.58,7.44,4.72,5.21,3.18,7.77
"2740","TRINITY_DN33575_c0_g1",-1.54382344350538,-0.879063101934671,-3.6192884032285,0.00360839910267986,0.0262680621437492,-1.62470524570896,27,26,27,19,32,6,4,25,4,7
"2741","TRINITY_DN33579_c1_g1",-1.17914640766271,0.75297003162568,-3.26798310699203,0.00686256006615194,0.0399039059004941,-2.39553588155581,112,72,113,30,61,35,15,29,51,21
"2742","TRINITY_DN33628_c0_g1",-1.10523918695893,-0.293153841837596,-3.37373174094902,0.00565097816237345,0.0351059666184117,-2.06937462994745,40.38,37.65,25.54,33.49,35.39,9.69,4.94,29.39,17.17,13.29
"2743","TRINITY_DN33634_c0_g1",-2.01081719109691,-0.916593283274408,-4.81540554454973,0.000442023954214658,0.00660047989750317,0.0389136773102878,30,28,39,28,31,10,5,8,10,1
"2744","TRINITY_DN33648_c0_g1",3.90775325099009,-1.25394608431955,6.24672777699409,4.59516737489808e-05,0.00161426383491468,0.37502366713468,10.06,2.04,3.01,2.84,2.8,46.3,37.01,30.54,51.23,48.99
"2745","TRINITY_DN3365_c0_g1",1.01592911867964,8.74480543313289,11.7627680602454,7.10624832893876e-08,5.0126506678471e-05,8.52771465387012,7642.17,8254.75,7251.58,9154.87,8389.72,18689.53,15971.06,16990.61,16437.67,16066.52
"2746","TRINITY_DN33654_c0_g1",2.46990932911346,-1.62751458525005,3.40765540351572,0.00531021699222707,0.0337248219332416,-2.15210754431999,4.18,11.83,4.49,0,10.53,31.59,9.4,18.84,20.65,20.81
"2747","TRINITY_DN3366_c1_g1",1.01987711324356,0.635692389327755,3.36683311984317,0.00572294923937604,0.035364713134856,-2.20981320887104,37.52,28.74,55.84,21.74,22,98.62,31.05,53.04,71.22,52.08
"2748","TRINITY_DN33681_c1_g2",-1.64286203125288,0.0999985207522478,-5.34687242274518,0.000184428986612958,0.00380719817592709,1.07364525098286,70.17,36,56.89,40.28,70.4,12,5.12,18.98,21.99,21
"2749","TRINITY_DN33689_c1_g1",-1.02360355858313,-0.60403475741891,-3.3044056587592,0.00641806616513568,0.0381714131584394,-2.15366873771406,35.88,20.74,27.64,16.84,34.49,9.33,13.22,8.21,10.23,15.85
"2750","TRINITY_DN33711_c0_g1",5.03082063417075,-3.13194852112385,6.44738621232308,3.42258994496128e-05,0.00136538462881444,0.241627864350883,0,0,0,0,1.37,10.16,17.07,31.72,18.53,9.1
"2751","TRINITY_DN33735_c0_g1",-1.35220462888842,1.77244947698014,-6.5064377874382,3.14159956643204e-05,0.00129834654784755,2.75197530341165,207.57,130.3,142.57,128.2,144.14,51.57,46.99,92.76,64.57,36.07
"2752","TRINITY_DN3374_c1_g1",1.27250322192107,2.84155886715561,5.63990853963228,0.00011584578267855,0.00283557220583135,1.34152411206324,138,71.02,151,174,121,273,360,323,283,277
"2753","TRINITY_DN33748_c1_g1",1.02038937323932,0.563759680072092,4.39212500480836,0.000911408193155772,0.0105116142190089,-0.440249463840131,33.11,26.25,27.74,35.9,25.69,75.09,53.49,39.77,55.67,54.34
"2754","TRINITY_DN33748_c8_g1",3.07478579575463,-1.20558990764888,4.22140908950107,0.00122819314150607,0.0128708002068292,-1.06928260871937,5.86,3.99,5.14,4.94,4.09,26.43,29.44,16.67,41.86,60.55
"2755","TRINITY_DN33768_c0_g1",-1.35916183358408,-0.353072367666196,-4.57348698016077,0.000666517960595447,0.00854293534709927,-0.11201507816994,53.2,34.18,33.18,21.33,37.73,15.43,11.1,9.48,9.73,14.23
"2756","TRINITY_DN3377_c0_g3",-1.56193712193665,-1.36988069664834,-3.149328595464,0.00853835707817436,0.0458446481507305,-2.3686830674241,34.62,17.72,24.41,9.85,15.84,3.94,4.08,9.66,4.09,3.74
"2757","TRINITY_DN33790_c0_g1",-1.12383209212766,-0.379992783343343,-3.38120607349333,0.00557403797354519,0.0348196470936746,-2.04609842394134,31.38,43.59,45.69,20.18,27.35,8.09,13.18,10.22,25.29,9.11
"2758","TRINITY_DN33840_c0_g1",1.65391868914617,-0.989831692470784,3.55993735621015,0.00402009043492065,0.0282384399295309,-1.72478075679017,14.17,13.34,6.6,2.43,10.98,16.96,29.29,32.55,24.93,14.61
"2759","TRINITY_DN33862_c0_g1",-2.168341567275,0.786114914066313,-5.38219724309653,0.000174263297893635,0.00367307978045824,1.13663034169304,162.16,116.69,139.09,74.13,52.13,29.55,9.56,22.07,25.1,18.46
"2760","TRINITY_DN33874_c0_g1",1.63340597443408,0.515901900587504,3.66132497688664,0.00334313167587175,0.0248976071563363,-1.66733709392605,26.64,16.2,31.21,23.77,19.47,81.88,124.88,73.73,33.48,55.3
"2761","TRINITY_DN33889_c0_g1",-1.74957042389063,-1.27867079425174,-3.66448218324397,0.00332403342475203,0.0247940459995263,-1.62027570799317,33.93,17.18,16.48,19.19,24.72,10.14,4.36,1.01,7.68,4.33
"2762","TRINITY_DN33892_c0_g1",-1.5821815578893,-0.793524573160537,-5.35104316565072,0.000183196839346197,0.00379531782013913,0.88086366486224,36.98,31.12,23.02,21.06,31.71,11.07,5,6.99,9,5.97
"2763","TRINITY_DN3390_c0_g2",-1.43532920098956,0.0349904393759416,-5.63706520522749,0.000116362886111451,0.00284034307231314,1.49141552368546,53.56,33.84,47.38,46.08,60.61,19.7,6.44,15.58,19.35,17.11
"2764","TRINITY_DN3396_c2_g1",1.78796833655592,4.75133502964719,8.81611177799626,1.54368114203406e-06,0.000243019262882401,5.56361005507889,487.22,481.23,358.02,281.27,386.97,1562.59,1268.65,874.08,1569.91,1597.51
"2765","TRINITY_DN33967_c0_g2",-2.29170584910006,0.0864542494666431,-8.0681830752546,3.82812794909311e-06,0.000400045815340077,4.33231257360476,83.26,67.27,71.09,46.06,68.61,11.01,7.06,10.1,27.27,6.02
"2766","TRINITY_DN33973_c0_g1",-1.51220402231843,-0.960845900969227,-3.55516986819697,0.00405517686189567,0.028356179070167,-1.7271956157172,24.35,12.79,32.18,24.32,34.77,6.36,7.31,8.78,5.84,6.59
"2767","TRINITY_DN33996_c0_g1",-1.4983083178002,1.34098821626797,-5.89040173746575,7.85978979863255e-05,0.00222780178977314,1.87953777569054,123.39,155.79,105.62,84.44,128.34,33.1,23.13,62.28,64.39,25.05
"2768","TRINITY_DN33996_c0_g2",-1.07288456162568,-0.0898794879982378,-4.27522257486652,0.00111753946659909,0.0120727714670505,-0.58836692546912,54.57,43.45,41.28,24.7,33.53,17.64,10.97,12.21,21.51,18.13
"2769","TRINITY_DN340_c7_g1",-1.36164684462044,4.11001484340484,-6.57663496647328,2.83914782303118e-05,0.00121459174339654,2.62119774873443,822.51,600.46,1027.23,748.11,655.82,334.35,174.81,205.2,447.95,376.9
"2770","TRINITY_DN34033_c0_g1",-1.07715315099288,0.57980364792721,-3.40529547968297,0.00533323147832777,0.0338398252873063,-2.13180682426084,75.47,50.34,58.5,46.57,71.35,26.86,30.36,55.57,16.17,16.16
"2771","TRINITY_DN34041_c1_g1",-1.5910357985599,1.46831801850579,-5.68270546771017,0.000108349307921465,0.00271391772347008,1.5616392555994,231,126,109,98,123,49,19,42,60,45
"2772","TRINITY_DN34055_c0_g1",-1.85179432694946,-0.0446857886457689,-6.65453057565678,2.53943110778876e-05,0.00113732068243059,2.79213962112476,73.99,60.99,49,31,51,14,9,10,18,11
"2773","TRINITY_DN34060_c3_g1",1.66109817920335,1.23555832259586,7.02451592786708,1.51112735924219e-05,0.000850423569334541,3.45752241599075,54.78,36.43,36.18,22.31,43.29,135.24,102.53,132.25,145.73,63.71
"2774","TRINITY_DN34064_c0_g1",1.4843447371158,0.3304862997673,4.34124981733232,0.000995771558878732,0.0111553011632988,-0.502297176439893,48.83,23.31,13.64,25.41,12.31,67.6,33.12,57.25,80.9,43.33
"2775","TRINITY_DN34085_c0_g2",-1.06254541292354,3.29320681534874,-8.62194419429057,1.94309455185297e-06,0.00027412648002664,5.42834754966525,444.05,305.05,404.24,390.08,383.31,187.89,177.73,217.94,186.83,153.81
"2776","TRINITY_DN34091_c0_g1",1.66112804584963,-0.102645514534012,7.75687258228051,5.68856091413841e-06,0.000487100599342927,4.06187051030136,19.29,12.43,15.14,15.12,14.11,45.69,39.67,43.21,45.22,39.15
"2777","TRINITY_DN34122_c0_g1",1.86957924561152,-0.357501585964368,4.81926045890829,0.000439168551123042,0.00657412238751734,0.244939673730039,13.63,8.84,14.88,8.56,16.02,21.87,50.45,48.78,56.81,27.07
"2778","TRINITY_DN34122_c1_g1",1.18105541603584,-0.969524326033953,3.53560213694016,0.00420249465767579,0.0289529027059453,-1.75470898263811,17.26,14.04,7.37,7,8.02,19.56,14.05,25.27,24,13.08
"2779","TRINITY_DN34133_c0_g2",-2.4601884343348,0.861451352970179,-4.77202945894384,0.000475528097520153,0.00688224087793565,0.183363186910845,55,188.52,123.07,155.95,118.45,28.4,25.61,9,34,10
"2780","TRINITY_DN34144_c0_g1",1.32529847384031,-0.700512646088293,3.63931068214976,0.00347946185334992,0.0256087402282242,-1.5926614707103,8,11,27,12,8,26,20,25,26,24
"2781","TRINITY_DN34157_c1_g1",-1.68155098697558,0.151194260500927,-5.21429937850952,0.00022851786292734,0.00433527439588988,0.879042704577788,70,39,67,34,85,15,8,18,30,10
"2782","TRINITY_DN3417_c0_g2",2.99456906651716,-2.54934149155886,3.38005046102372,0.00558586383991187,0.034861945706685,-2.38661743019772,3.33,2.58,0,0,12.32,23.27,9.5,5.15,13.39,11.08
"2783","TRINITY_DN3419_c0_g1",1.17110206582745,2.9881330406129,7.28860893620879,1.05442870247377e-05,0.000681472827410143,3.74888710674391,129,160,149,158,130,419,311,295,384,229
"2784","TRINITY_DN34208_c0_g1",1.38239828294376,1.53924870881158,5.09652776341752,0.000277023480298861,0.00490192574574444,0.630469671886605,68,51,67,33,39,123,142,178,96,110
"2785","TRINITY_DN34211_c1_g1",1.63856214594171,-0.856464033937266,3.37643820623917,0.00562299418834564,0.0350160501389957,-2.00596741157015,3.34,7.83,10.9,23.08,14.44,21.57,19.3,19.11,31.68,29.21
"2786","TRINITY_DN34220_c1_g1",-1.83921064115197,0.582450329148397,-4.17217045827071,0.00133941353280266,0.0136210281184785,-0.79655538523089,141.72,94,60.05,29.15,113.86,15,12.08,23,29,22.15
"2787","TRINITY_DN34225_c0_g1",1.24656673816252,1.9990964333409,6.28841344414359,4.32041945263459e-05,0.00155542839830858,2.42256798205063,112.54,56.68,80.84,53.49,64.95,163.17,169.32,177.86,152.07,175.55
"2788","TRINITY_DN34228_c1_g1",1.08975674831722,4.83478860929484,8.28179713195755,2.93550554709423e-06,0.000340595460430518,4.88270178509542,613.11,476.67,465.46,591.43,522.77,1109.32,1212.06,1248.6,1065.68,981.26
"2789","TRINITY_DN34249_c0_g1",-1.54954306272983,1.59943332886957,-4.02328340566078,0.00174375093354935,0.0162183990783851,-1.18538531577147,81.55,143.34,117.95,145.99,274.76,36.17,35.01,53.45,38.17,77.29
"2790","TRINITY_DN34288_c0_g1",1.70328438035298,-1.24021438174841,4.08157947020644,0.00157216154949873,0.01516084449644,-1.00360303415418,5.02,5,12.35,7,9,23.27,14.31,17,32.06,11.53
"2791","TRINITY_DN343_c2_g1",1.76366742294191,0.0881058623664253,6.7512122266983,2.21351622821446e-05,0.0010460368849672,2.97111885580965,19.69,16.68,11.42,17.71,19.75,46.38,33.05,60.76,55.58,62.76
"2792","TRINITY_DN34315_c0_g1",-1.25962145341866,-1.73609125189406,-3.23007361798211,0.00735834359084888,0.0417172180161068,-2.29286591078803,19,13.89,12.63,10.63,12.48,5.26,2.12,4.26,4.23,3.13
"2793","TRINITY_DN34365_c0_g1",-2.40073048554878,-0.946497963128696,-4.46926968501078,0.000797411635118503,0.00964756404214453,-0.489040754949847,34.97,40.58,33.77,16.21,53.19,2.04,5,2.26,11.13,6.29
"2794","TRINITY_DN34366_c2_g2",3.48612797194363,-2.30938393817257,4.26534478262002,0.00113704619665521,0.0122112466455321,-1.44654491367687,0,0,2,1.36,13.88,28.66,14.06,15.25,17.03,10.62
"2795","TRINITY_DN34367_c0_g2",2.59236267342723,-1.50211795040327,3.30178879393858,0.00644900659591081,0.0382967220352595,-2.24858103392517,0.96,7.04,10.46,6.4,4.62,14.71,35.27,13.86,37.23,15.16
"2796","TRINITY_DN34370_c4_g1",-1.73250338166812,-0.817479955026079,-5.40467702489478,0.000168103255429583,0.0035791716650264,0.908536495300423,26,34,29,23,38,6,6,8,11,4
"2797","TRINITY_DN34376_c0_g1",-2.96890239320155,-1.62433462538642,-5.01184519567222,0.000318526556769025,0.00537085780372935,-0.555898646794026,25,24.42,37.84,21.85,22.26,2.15,1.05,0.71,3.2,4.04
"2798","TRINITY_DN34399_c2_g1",-1.70236115830785,0.137685254693713,-4.86358170955233,0.000407693995382395,0.00625472266558867,0.34480260438329,78.38,51.14,35.47,46.55,78.84,13.35,7.24,9.17,31.42,20.19
"2799","TRINITY_DN34434_c0_g1",-1.82051167514785,-0.976363816241338,-4.05336298430418,0.00165291970575264,0.0156765985966217,-1.0051579891682,24,45,26,24,24,8,1,10,8,6
"2800","TRINITY_DN34436_c0_g1",1.52657622287946,0.470419054603806,3.89564433423799,0.00219044461103994,0.0188375808791484,-1.26238758288811,19.82,26.99,37.31,23,15.26,31.1,95.49,83.8,69.44,50.33
"2801","TRINITY_DN34436_c1_g1",1.13463823987132,-0.150877200802472,3.38618063044582,0.00552342099599548,0.0346149252807091,-2.07060845296353,11,19,23,14,25,24,46,43,41,23
"2802","TRINITY_DN3449_c1_g1",-1.197553423267,1.50512427730548,-4.79846775445208,0.000454802574973044,0.0066962559390125,0.144618040155891,90.28,140.13,109.42,150.68,113.48,72.36,42.94,39.34,66.96,30.28
"2803","TRINITY_DN34496_c0_g2",-1.08136572660701,1.76435363350421,-4.33785058398075,0.00100169036878035,0.0111933263639373,-0.674532013455962,165.39,75.76,139.94,126.43,189.53,65.51,54.9,66.45,53.21,69.56
"2804","TRINITY_DN3452_c2_g1",-1.2550031808406,2.76510533916833,-7.63363212600074,6.6748303023038e-06,0.000521174108409064,4.22771343205741,244.52,263.6,333.87,311.85,283.94,140.08,115,100.2,174.22,76
"2805","TRINITY_DN3452_c3_g1",1.32722278340653,1.56718736059554,6.11948763872545,5.5548006626657e-05,0.00181830494494111,2.20360825856693,53.32,48.9,67.34,57.57,40.19,95.49,107.19,143.28,201.21,100.73
"2806","TRINITY_DN34530_c0_g1",-1.06117842559184,0.689076374065147,-3.57745617589238,0.00389380317452296,0.0276075314968975,-1.84595448899304,70,95.6,82.28,49.1,40.99,21.72,21.67,34.42,31.04,34.34
"2807","TRINITY_DN34588_c0_g2",2.6516663992345,-0.351500580423024,4.625305233657,0.000609988839400874,0.00805455163092318,-0.102938038281065,24,3,9,5,21,33,42,53.04,63,85
"2808","TRINITY_DN34604_c0_g1",-3.94555298822164,-0.178454988124956,-7.9863304687685,4.24376493765327e-06,0.000422837022054397,3.16864649044753,112.33,110.09,89.85,58.27,120.21,5.08,6.2,5.05,8.11,1.01
"2809","TRINITY_DN34635_c0_g1",-4.8044377737184,-2.86533575573505,-6.84356432222858,1.94354887475811e-05,0.000971367575295775,0.48737948027465,33,17,24,11,25,0,0,0,0,1
"2810","TRINITY_DN34653_c0_g1",-3.21967616605513,2.17258229609909,-7.72367434209434,5.93788085365974e-06,0.000493660302266987,4.36284815278826,697.04,372.21,220.09,334.01,381.54,24.82,43.03,33.56,76.22,26.62
"2811","TRINITY_DN34656_c0_g1",-1.66088052294173,-0.265565439973116,-4.8543681307144,0.000414036538700292,0.00631462608060983,0.312307101923739,57.43,41.44,27.29,35.11,55.37,18.11,3.03,12.05,13.18,12.07
"2812","TRINITY_DN34670_c0_g1",-2.77446064989438,-2.1761186396719,-3.31736477695502,0.00626704702736684,0.037579277161589,-2.44122296069991,28,11,14,10,29,1,1,5,4,0
"2813","TRINITY_DN34670_c0_g2",-3.05369403250966,-0.949977128194418,-4.96509499493735,0.000344193015468467,0.00564946464018523,-0.0647749270695854,27.38,40.58,60.72,35.28,57.66,1.72,4.05,3.72,9.14,1.72
"2814","TRINITY_DN34670_c0_g3",-4.15279043977339,-0.748210445070586,-5.30033715386912,0.000198784839528461,0.00399720444732416,-0.0179165269634218,108.84,69.26,97.49,41.57,60.58,4.01,0,3.03,7.13,4.04
"2815","TRINITY_DN34673_c0_g1",1.32660213151375,-0.0965251366230107,4.1653853231913,0.00135553964606773,0.0137444900343039,-0.766441706878902,20,26,13,21,11,39,42,24,53,35
"2816","TRINITY_DN34683_c1_g1",1.57388250315237,-0.674654781077108,3.34693970691124,0.00593574666629376,0.0363046150914887,-2.06217670607449,5,13,10,16,15,37,32,21,18,32
"2817","TRINITY_DN34685_c0_g1",-1.28896712205764,1.2014999812007,-6.58871601764785,2.7902983842939e-05,0.00119948048411814,2.87625189494853,107,117,102,80,91,59,28,28,45,35
"2818","TRINITY_DN34717_c0_g2",1.59780468981544,-0.605345353715096,4.53389973314276,0.000713377615277306,0.00894940856761749,-0.200241270525247,16,8.88,8,8.61,17.49,21.47,24.07,47.39,37.69,21.44
"2819","TRINITY_DN34741_c0_g1",2.66880288941017,-0.267791013512626,5.00899674437079,0.000320031363545205,0.00538363871563822,0.483002703536001,5.03,16.55,19.75,18,4,66,24,63.87,71.99,54
"2820","TRINITY_DN34769_c0_g1",-3.1107380380345,-1.89767900542713,-3.8960896817327,0.00218869590092011,0.0188277590567787,-1.78992463259456,32.03,21.81,16.66,13.29,32.91,1.01,1.03,10.14,0,1.01
"2821","TRINITY_DN34863_c0_g1",1.29752403390335,1.33598271071044,5.27850887408622,0.000205920230518831,0.00407497612497882,0.938299028453332,38,35,47,75,43,126,65,94,137,114
"2822","TRINITY_DN34870_c0_g1",1.52554085218513,0.805429684694006,3.65617833419497,0.00337450563474435,0.0250441251519752,-1.71579724863767,40,14.17,40,12,68.94,73,95.88,49.18,84.56,110.19
"2823","TRINITY_DN3492_c0_g1",1.16264763861104,3.64745017466105,3.94688352676545,0.00199840069250187,0.0177471545712634,-1.68304027628259,385.46,268.5,306.91,90.22,198.19,604.55,603.08,373.01,643.88,385.78
"2824","TRINITY_DN3493_c1_g2",3.60224062206945,-1.3683692640141,3.68186453564008,0.00322087053691082,0.0243315465143243,-1.91573003864383,7.25,3,6.17,3,2,26.46,11.71,47.39,77.28,36
"2825","TRINITY_DN34991_c1_g1",1.13647580583869,-0.375135073414569,3.85399349295707,0.00236052699020773,0.0197243646792717,-1.26312225615286,9.73,19.28,17.27,12.11,20.49,31.8,32.13,25.03,29.22,26.02
"2826","TRINITY_DN34993_c1_g1",-1.41985707196862,-0.279111857369968,-4.40328113444683,0.000893924516627617,0.0103903426928776,-0.376571135709194,36.43,44.35,27.76,26,66.34,11.76,9.06,14.59,15.17,9.62
"2827","TRINITY_DN35003_c0_g1",1.00334198698244,0.227577206334449,3.1195579994062,0.00902005970306862,0.0474943749264807,-2.58156544559971,19,13,39,34,23,36,44,53,40,42
"2828","TRINITY_DN35014_c1_g1",-1.00867938225936,-0.594654077529468,-4.0130267876526,0.00177589024196387,0.0164213631580016,-0.996202647643199,32.8,21.49,25.16,27.9,27.05,12.47,12.12,10.92,12.61,7.67
"2829","TRINITY_DN3506_c2_g3",2.23422826986786,0.250165785589438,4.5828925797055,0.000655864511872875,0.00845527179854556,-0.0962419895837545,17.04,14.45,15.01,6.83,37.73,44.35,30.38,83.79,158.11,75.52
"2830","TRINITY_DN35072_c0_g1",-1.31430339481577,1.4112773433371,-5.33529531963047,0.000187895182530122,0.00384544123501617,1.02409637007603,118.34,88.7,177.74,79.55,137.04,43.18,31.5,46.9,80.36,28.26
"2831","TRINITY_DN35073_c0_g1",-1.36391678889177,-1.17877940026979,-3.34605977088005,0.00594534260141496,0.0363418214318299,-2.05946151401758,30,27,16,19,16,6,2,7,13,4
"2832","TRINITY_DN35098_c0_g1",-1.45455596475689,-1.34185978878796,-3.10523089176905,0.00926153485158654,0.0483557015103123,-2.43008433536286,22,12,25,11,30,3,4,4,8,8
"2833","TRINITY_DN35118_c1_g1",1.5055652385422,-0.458179216325297,3.72071909549986,0.00300197743604485,0.0232292130846482,-1.47000975469163,24.79,13.1,5.28,22.28,8.98,30.65,24.99,40.92,28.49,30.04
"2834","TRINITY_DN35121_c0_g2",1.48530802566183,-1.40074226700322,3.48392944918455,0.00461834689260868,0.0308105138790104,-1.87747965356234,12.52,3.13,5.37,9.19,8.06,16.78,8.02,17.31,19.46,17
"2835","TRINITY_DN35121_c1_g1",2.21111172395115,-1.42783362217781,5.1743660824515,0.00024387708413853,0.0045198097654462,0.132690469580735,7.4,5.12,6.15,4.46,4.15,23.71,17.8,16.37,30.52,13.3
"2836","TRINITY_DN35130_c0_g1",-2.29169354587078,-1.8399545583799,-3.18934542213021,0.00793142191863413,0.0437631185935373,-2.49665369881132,27.32,23.44,17.12,10.78,18.68,1.23,0,1.22,14.36,4.96
"2837","TRINITY_DN35136_c0_g1",-1.92545275646522,-1.197351472486,-3.17783715819051,0.00810137062959333,0.0443695500671763,-2.32491441212996,42,24,13.06,31,19,1,7,6.02,7,6.06
"2838","TRINITY_DN35148_c0_g2",-1.87527888805819,0.454652676527294,-5.76009778234212,9.60660296608361e-05,0.00250450712544441,1.68965270824119,93.86,64.46,76.06,52.04,83.27,21.54,6.06,9.39,31.41,34.17
"2839","TRINITY_DN35166_c0_g1",3.07732723761383,-1.8524501461033,3.26543585135214,0.00689478841120568,0.0400062718112901,-2.47746185525317,12,1,1,5,4,26,7,25,44,12
"2840","TRINITY_DN35172_c0_g1",-2.16023334780839,0.154712970354712,-4.3747838772134,0.00093929517380599,0.0107279778070548,-0.425034119562835,81,52,64,37,115,3,6,18,30,24
"2841","TRINITY_DN35173_c0_g1",-2.01865376058182,-0.576147323817393,-5.9417806806124,7.26653448380925e-05,0.00213296056926977,1.65216996643273,44,49,33,28,38,6,11,4,12,7
"2842","TRINITY_DN35201_c0_g1",-1.73291527790445,-0.20520779217558,-3.70829557450612,0.0030702559552793,0.0235775729249898,-1.50002536731961,61.45,22.11,66.95,50.59,38.32,5.18,13.63,6.15,30.13,11.36
"2843","TRINITY_DN35208_c0_g1",-1.38074487328601,-0.0929074409302227,-4.53226246365382,0.000715388199345275,0.00895985852399165,-0.173530905565203,64,31,42,28,57,14,13,8,25,14
"2844","TRINITY_DN35214_c0_g1",4.37731442034376,-1.49077702122017,5.72835334388212,0.000100915969444016,0.00258364744431737,-0.161144016281596,3.7,1.52,1.56,2.56,4.61,27.47,35.98,36.31,57.73,58.96
"2845","TRINITY_DN3527_c7_g1",-1.70348357464821,-0.661827611945067,-3.5693444473385,0.00395176591355216,0.0278847240329472,-1.70143122587479,38,48.56,23,33.57,25.79,10.41,12,2,18.68,5.07
"2846","TRINITY_DN35297_c0_g1",-2.27630851848121,1.16207502197795,-6.4311306141497,3.50454785025967e-05,0.00137643073785992,2.65495653886501,241.08,110,135,74,156,27,12,43,29,25
"2847","TRINITY_DN353_c1_g1",-1.08852890285825,1.42329066675198,-5.41830210408722,0.000164481820975256,0.00353533398726386,1.15034692986307,134.12,69.48,108.9,112.76,125.15,48.71,34,45.17,71.61,42.98
"2848","TRINITY_DN35307_c1_g1",1.45117381837169,1.53840755136512,4.60347830417798,0.000633163687747104,0.00825484654547185,-0.183263461328254,72.81,40.03,22.7,57.38,72.21,115.78,93.22,153.84,121.7,173.04
"2849","TRINITY_DN35319_c0_g1",2.19582081869659,-1.40159239440751,4.14548694569462,0.00140400299382059,0.0140845775817735,-1.06194816676563,7.26,3.7,8.12,4,6,21,9,16.73,32.68,29
"2850","TRINITY_DN3532_c1_g1",-1.39518249557567,1.28861510573027,-5.7915792829938,9.14992654201437e-05,0.00242102532041347,1.73352931872838,102.47,66.54,144.59,107.39,143.81,43.3,26.09,35.79,49.24,41.16
"2851","TRINITY_DN35351_c0_g1",-1.44789070250659,-0.517337849865326,-3.47376305140552,0.00470498410148535,0.0311325172398941,-1.86754795065938,35.42,38.83,38.13,15.82,44.25,17.48,4.4,22.92,8.64,4.28
"2852","TRINITY_DN35368_c1_g1",1.23104491770883,0.458787012034136,4.34202350332559,0.000994429492890011,0.0111450606494168,-0.513051349351477,40.12,17.84,24.95,32.88,19.39,39.64,38.95,73.18,77.32,54.17
"2853","TRINITY_DN35368_c1_g3",-3.27381173657417,-1.54041894031401,-3.20810579250859,0.00766205296509845,0.0428057128751257,-2.48425589879231,19.03,38.16,21.05,32.51,42.36,12.61,12.62,3.58,0,0
"2854","TRINITY_DN35387_c0_g2",2.69018150012329,-2.04581823474835,4.39956770376384,0.000899705019391868,0.0104311336148171,-1.31406869741104,1.53,2.51,5.06,3.24,4.43,11.64,13.44,18.64,16.81,14.69
"2855","TRINITY_DN35425_c3_g2",1.01585413296736,-0.413634384566802,3.42898437110807,0.00510674001120857,0.0329004441573182,-1.97001458490469,17,16,23,16,9,26,18,32,32,27
"2856","TRINITY_DN35435_c0_g1",1.22303045039686,-1.5198643237502,3.14411488098541,0.00862080667952001,0.0460919856868669,-2.37844276595033,12,9,5,6,5,10,11,14,16,13
"2857","TRINITY_DN35438_c0_g1",1.13621783732318,-0.528843464175201,3.33547031169089,0.0060620656411942,0.0368304455918067,-2.10855120177141,23.19,11.08,11.07,8.05,19.18,23.13,17.09,18.18,52.4,28.26
"2858","TRINITY_DN3545_c0_g2",-1.94677396775469,0.406908825491294,-7.47985101611475,8.16919007822511e-06,0.000582867017144535,3.90035375479816,73.38,77.8,104.83,42.34,72.46,15.85,16.31,16.15,19.47,14.99
"2859","TRINITY_DN35481_c0_g2",1.34841779940395,-1.20473896494294,3.68974116367828,0.0031752098629608,0.0241245993920966,-1.53877552022943,13.16,4.18,7.86,8.57,9.8,14.63,14.4,16.48,19.74,20.25
"2860","TRINITY_DN35482_c0_g1",-1.64867585777623,1.94001886839757,-6.75096816116858,2.2142804827253e-05,0.0010460368849672,3.08962907339107,295.22,167.79,209.99,128.46,159.3,78.8,39.54,54.26,88.3,36.34
"2861","TRINITY_DN35491_c1_g1",2.13338191821415,-0.340055625998013,3.96774229362336,0.00192527949695328,0.017327794619962,-1.06819606158742,8.78,7.1,15.45,9.97,19.88,32.21,62.96,61.62,69.71,15.25
"2862","TRINITY_DN35495_c0_g1",-1.1977657743029,-0.726780507956816,-3.12129451272946,0.00899122536321082,0.0474083254198405,-2.43149822905431,36,39,27,11,29,10.04,5,10,15,7
"2863","TRINITY_DN35511_c0_g3",1.17809702607165,0.784330999251323,6.32147013922669,4.11496428541144e-05,0.00151145251875713,2.49940336679223,39,36.55,31.26,25.3,30.57,66.12,72.7,64.87,68.97,69.35
"2864","TRINITY_DN35518_c0_g1",-1.71594669461819,0.722418903988211,-3.82516940763092,0.00248614852425581,0.0204142366066611,-1.40529487254964,130.01,65,116,104.08,39,22,34,14,45,12
"2865","TRINITY_DN35538_c0_g1",1.23651453965702,0.95425920619586,4.00638013364653,0.00179704412701796,0.0165356829440428,-1.13348787895203,53.42,38.43,25.92,28.35,35.11,123.03,99.7,66.5,56.68,66.14
"2866","TRINITY_DN356_c0_g1",4.03905372474811,-1.57376183247736,3.16440298505582,0.00830441205271386,0.0451074618271054,-2.59219055495456,3,8.73,1,1,4.02,25.79,11,99.75,38,41.13
"2867","TRINITY_DN35609_c0_g1",-2.42046866855135,-1.38166447819917,-4.70578645819636,0.000531920824961789,0.00740186500538432,-0.459180922316861,40,22,24,15,32,6,1,2,5,4
"2868","TRINITY_DN3562_c1_g1",-1.02449154917108,1.34717451738751,-3.21451775415749,0.00757212062387054,0.0424906721755686,-2.59380938256164,91.34,103.95,75.28,109.98,122.31,57.91,22.51,38.65,39.03,103.43
"2869","TRINITY_DN35655_c0_g1",-3.16579982944908,-0.93113814136265,-4.91850456153705,0.000371940891973355,0.0059121241210292,-0.149756414724702,55.07,51.33,64.2,20.66,47.48,7.26,1,6.13,6,1
"2870","TRINITY_DN35675_c0_g1",1.63484743456761,-0.951663378660198,3.24273790469697,0.00718881435571157,0.0410598511516783,-2.2142057840062,12.95,8.15,3.12,8.76,14.98,25.68,27.33,37.51,15.84,14.53
"2871","TRINITY_DN35682_c1_g1",-1.49190516005177,-0.04889965256563,-3.49532010774417,0.00452320646454215,0.0303768817570041,-1.88384714401904,34.44,61.22,22.09,64.98,62.04,10.36,16.94,13.4,14.14,15.32
"2872","TRINITY_DN35709_c0_g1",-2.40135326634446,0.46855541192862,-8.3650756001975,2.65043575686786e-06,0.00032838951930502,4.83775892556124,123,72,80,58,116,22,10,13.05,14,16
"2873","TRINITY_DN3572_c0_g1",1.33377005053483,4.76387386587633,5.86287993032744,8.198493223936e-05,0.00228417086347668,1.44411115231674,434,404,464,564,466,1656,1486,1155,907,818
"2874","TRINITY_DN35726_c0_g1",-1.12007697663861,-0.215225503453332,-3.8137262902715,0.0025379102395138,0.0206830838697814,-1.33924366592009,47.36,30.36,46.72,25.05,36.68,13,12,17,28.69,6
"2875","TRINITY_DN35730_c0_g2",1.79328902229917,-0.748707794086511,3.68097745273129,0.00322605495739638,0.0243364649399112,-1.52583461565147,16,12,2,13,14,28,15,25,37,37
"2876","TRINITY_DN3574_c0_g2",2.97722255716628,-1.26234099270619,4.38537370902628,0.000922161321892138,0.0105964905396395,-0.870484059659365,9.35,5.28,2.56,8.44,2.12,40.39,36.16,35,25.54,16
"2877","TRINITY_DN3574_c2_g2",1.16402228599457,2.24414825762896,6.98792429099104,1.58948217594776e-05,0.000871603503443297,3.39504738623663,75.48,77.87,96.23,82.51,105,162.07,213.1,214.47,198.77,177.85
"2878","TRINITY_DN35755_c1_g2",-1.89019034299024,-0.614603698492101,-5.05630738152852,0.000295977428896691,0.00511768883602597,0.519299537861656,56.16,33.7,31.55,27.41,30.84,7.11,3.96,12.45,5.61,13.01
"2879","TRINITY_DN3578_c0_g3",1.83586179826456,2.40038992633251,8.28983677881512,2.90660276286748e-06,0.000338507429460105,5.06357351947237,87.48,46.82,116.02,60.73,92.99,261.39,193.87,358.01,276.11,287.48
"2880","TRINITY_DN35792_c1_g2",-1.59631368271641,0.899859830643981,-6.50398727003097,3.1527583572163e-05,0.00129963504983184,2.75061775304635,81,95,96,82,89,17,33,37,23,31
"2881","TRINITY_DN35843_c0_g1",-2.08653853502658,-0.481431716338376,-3.28016203534563,0.00671056435443417,0.0392973180884101,-2.16061950522425,47,38,43.6,49.99,48.6,19,0,14.99,29,5.99
"2882","TRINITY_DN35844_c0_g1",-1.71234602565264,0.395873920834519,-4.89294281036948,0.000388153110778167,0.00607213109839817,0.38698934149372,90.01,61,77.01,29,95.01,11,15,18,31,19
"2883","TRINITY_DN35858_c0_g1",-1.00198759861449,2.30530319950118,-5.10003038175064,0.000275434413869343,0.00488551249582913,0.535914811395294,217.34,167.34,181.49,133.07,261.07,79.49,116.98,87.35,92.22,95.31
"2884","TRINITY_DN35864_c0_g2",-1.66482765494345,2.3589216218707,-3.69028319388838,0.00317209224244456,0.0241170089986772,-1.89982018644817,384,284,243,103,345,53,29,56,217,123
"2885","TRINITY_DN35879_c0_g1",-1.40727935463486,0.133296822923335,-3.87754837874633,0.00226273265488987,0.0192248654283649,-1.25794828301392,66.68,35.69,63.94,56,40.01,16,5,13,45.94,18
"2886","TRINITY_DN35894_c1_g1",-1.24244998486437,0.242996724687261,-3.55349639032863,0.00406756691640762,0.0284015915375801,-1.82625537432719,39.1,50.39,98.5,40.59,46.33,21.2,7.15,28.15,31.61,14.08
"2887","TRINITY_DN35894_c3_g1",-1.32977295319642,-0.310927346788921,-3.8615454414511,0.00232870755688898,0.0195817113094455,-1.24854896898772,30,29,55.48,31,43.18,7,8,22,21,8
"2888","TRINITY_DN35916_c1_g1",-1.0959101564776,-0.172839337720937,-3.85973911760054,0.00233627790977715,0.0196214470263167,-1.26744057733573,64,30,33,34,29,13,16,16,17,12
"2889","TRINITY_DN35917_c0_g1",2.81457895538215,0.923636400877972,9.36368280334443,8.2317101804227e-07,0.000176578186573229,5.9570279383072,14.82,35.81,14.98,17.32,26.37,166.03,138.72,152.99,118.49,105.63
"2890","TRINITY_DN3593_c0_g1",1.54142385170966,0.912078880137475,3.47862435528109,0.00466335166882044,0.0309795474625814,-2.04410091627297,11.37,41.21,43,29,55.69,145.63,81.81,72.6,119.45,39.23
"2891","TRINITY_DN36_c2_g2",1.05994487631429,1.39536552033113,4.33402273739695,0.00100839932742293,0.0112344682101905,-0.63067583977486,77.57,50.65,63.58,31.06,41.45,148.07,104.92,98.91,102.92,67.32
"2892","TRINITY_DN36_c5_g2",1.12273149909318,1.49941187129787,4.98107777879522,0.000335182197567716,0.00555804092108992,0.442423793128236,90.62,60.1,52.54,33.4,42.84,123.55,91.96,141.51,106.62,100.85
"2893","TRINITY_DN36_c7_g2",-1.00897307818095,2.71597255922741,-6.53554400206588,3.01222694598154e-05,0.0012616799962541,2.71611640839096,293.34,268.63,221.8,201.57,285.58,101.52,95.99,146.89,146.82,138.86
"2894","TRINITY_DN36_c8_g3",1.21415536920018,1.3406925119054,3.18794312447152,0.00795193648016745,0.0438256685669816,-2.63731279683024,40.55,41.13,33.94,74.55,50.84,108.94,183.07,108.86,60.64,89.65
"2895","TRINITY_DN36007_c0_g1",1.71804975406178,-0.830665172881169,4.12536656696073,0.00145483603005447,0.014421509378729,-0.849573849315727,6,7,17,14,8,29,32,18,34,18
"2896","TRINITY_DN36018_c0_g1",1.35356026209757,0.786117112500995,5.662016519587,0.0001119070713158,0.00277384425855548,1.55407341764063,56.26,33.19,31.82,19.31,22.83,76.05,57.8,86.04,95.56,54.33
"2897","TRINITY_DN36028_c2_g1",-1.15284788908217,-0.683757260991756,-3.18336427214275,0.00801929513826056,0.0440521881780872,-2.33605364380595,29.9,16.92,34.35,21.55,36.9,8.05,2.46,11.82,17,14
"2898","TRINITY_DN36058_c1_g1",1.80061790503917,-1.43547680583255,3.61845110949051,0.00361389636989542,0.0262963724905607,-1.72044408966948,8.25,4.56,9.76,5.08,4.98,18.54,11.88,29.36,13.51,15.17
"2899","TRINITY_DN36078_c0_g1",-3.50502817502674,-0.395836969624253,-5.89629418558326,7.78921879711171e-05,0.00222016942650725,1.2720598337374,118.61,57.78,57.68,42,100.86,2.01,2.07,8.24,7.08,5.91
"2900","TRINITY_DN36095_c0_g1",2.08112057036531,-1.80012568886977,3.15833769360064,0.00839775491924241,0.0453722899170557,-2.45995624864622,10.64,2.45,3.4,5.27,3.7,22.93,9.45,10.4,30.4,6.94
"2901","TRINITY_DN36132_c0_g1",-1.36026426142366,0.585774472253325,-4.95614018727002,0.000349352442026936,0.00569917483828953,0.477609087957936,83.15,54.97,75.1,47.2,77,21.09,16,14.04,32.05,44
"2902","TRINITY_DN36136_c0_g1",-2.96789802452267,-1.97389520009259,-3.59645797429272,0.00376140380248367,0.0269956503220455,-2.11724834974281,28,24,26,15,14,0,0,5,6,5
"2903","TRINITY_DN36139_c0_g1",-1.38210124712771,0.240684972557891,-3.7740762292704,0.00272600091824081,0.0217485511658422,-1.44690069314926,112.26,44.16,39.31,40.43,48.24,20.1,27.49,13.12,14.2,19.1
"2904","TRINITY_DN36141_c0_g1",-1.44274187897578,1.37722041884008,-7.75243382357627,5.72123752867112e-06,0.00048780495672522,4.38061924993985,124.26,121.41,141.5,81.38,125.85,36.33,28.48,55.58,55.07,32.57
"2905","TRINITY_DN36151_c0_g1",-1.00101411347333,1.11625154407096,-4.35519836882896,0.000971862522370043,0.0109693913824814,-0.557968498678695,84.16,111.85,60.05,86.21,87.89,31.03,30.82,41.74,49.91,44.61
"2906","TRINITY_DN36172_c0_g2",1.35072199825524,-0.566348007891733,3.84956401434179,0.00237939822829608,0.0198386521992278,-1.25821903259778,10,22.54,9,14,12,38.58,27,26,32,15
"2907","TRINITY_DN36189_c1_g1",-1.35254250583066,1.00992744926861,-7.87099703305844,4.91342987818806e-06,0.000455908727799579,4.48396343068261,103.88,78.13,80.07,91.79,92.34,33.05,25.88,34.88,46.16,22.7
"2908","TRINITY_DN36190_c0_g1",-1.57785575551952,0.0116717020180115,-5.5902375168443,0.000125239533718284,0.00298087377915213,1.41986853842241,47.17,64.5,59.71,27.66,51.79,16.58,13.99,10.12,16.39,14.06
"2909","TRINITY_DN36198_c0_g3",2.84197308894006,-2.1027996264796,3.97038439258775,0.00191621669163216,0.0172637496250181,-1.74485063839254,0,7.34,4.87,1.59,3.82,16.79,11.82,12.83,28.63,9.95
"2910","TRINITY_DN36210_c0_g1",-1.95979966805237,0.299303372166284,-5.44999916676646,0.00015637183341436,0.00342775108338717,1.23144843403489,135.45,50.08,68.94,43.42,65.71,19.17,6,14.39,20.89,19.2
"2911","TRINITY_DN36223_c0_g1",-1.43939011363306,0.136714219141862,-3.4759148036902,0.00468650986444575,0.0310801723638467,-1.94233452091708,85.97,23.16,35.78,56.2,81.91,23.72,10.43,16.42,20.7,12.55
"2912","TRINITY_DN36243_c1_g1",1.7124147961093,1.20616137543994,7.71226979504145,6.02620604427248e-06,0.00049809682289237,4.31454096076004,33,39,30,50,32,123,116,123,105,91
"2913","TRINITY_DN36249_c1_g1",1.0286031511864,0.446498323696633,3.8983844625773,0.00217970796036011,0.018776426315254,-1.26287476328387,27,25,23.05,39,25,77.01,44,34,56.01,48
"2914","TRINITY_DN36267_c0_g1",-1.84425768095449,0.611831788472278,-6.35390242614826,3.92345369928038e-05,0.00147956585773649,2.5265210809192,126,80,93,46,73,17,11,22,32,22
"2915","TRINITY_DN3629_c0_g2",1.68733447623666,2.25590173887958,9.36257849994831,8.24191613706997e-07,0.000176578186573229,6.27310070566998,59.66,92.38,80.79,69.81,70.2,317.15,200.32,211.35,254.5,190.89
"2916","TRINITY_DN3629_c1_g1",2.09284346574914,0.397328456769768,3.97352056056487,0.00190551631756159,0.0172073221597504,-1.11190672144676,17.88,20.86,5.97,47.73,22.77,39.21,46.18,145.71,96.58,64.51
"2917","TRINITY_DN3631_c0_g1",-1.2631230985296,7.8429320657822,-17.3723792886775,9.02863160492586e-10,4.67036065203473e-06,13.0281190245714,9864.88,9526.44,8801.64,8934.51,9814.48,3905.34,3931.52,4265.02,4163.53,3642.62
"2918","TRINITY_DN3635_c0_g1",-1.06231699780616,5.45130757704677,-7.10531495952461,1.35233219515567e-05,0.000790760483474069,3.24661437415171,1922,1869,1627,1137,2259,742,769,834,875,867
"2919","TRINITY_DN36370_c0_g3",1.95116634927383,3.04583132189746,6.16980762428839,5.1520397587171e-05,0.00173308754559272,2.15485077025944,106.72,116.11,109.89,143.88,100.23,650.47,518.97,477.15,267.26,379.91
"2920","TRINITY_DN3638_c0_g1",2.13151971656966,1.99024155608301,3.77340501651012,0.0027293055717945,0.0217678162743893,-1.67369209595937,91,48,41,41,56.87,794,108,261,206.52,113.36
"2921","TRINITY_DN36393_c0_g1",-2.12190263986806,0.474769075900693,-8.44402446150125,2.40744695010056e-06,0.000313335620690199,4.94973045110628,102.09,75.87,74.6,64.4,89.28,10.53,10.88,18,35.63,13.8
"2922","TRINITY_DN3642_c1_g1",1.29930581733946,-0.338964811969385,4.35173531752444,0.000977742192885038,0.011012950259689,-0.457995473859445,16.88,19.99,21.17,11.53,8.93,29.39,21.72,30.23,49.34,29.84
"2923","TRINITY_DN36489_c3_g1",1.3132795702622,1.64977524583179,6.51425822300119,3.10626819800737e-05,0.00128855096909751,2.76698237011448,52.23,47.37,53.2,55,71.01,169,105,117.31,123.28,159.27
"2924","TRINITY_DN36498_c0_g1",-1.17639870044452,-0.0297157287913276,-3.12227952204806,0.00897491078504613,0.0473570734504381,-2.53317836415059,48,60,25,35,47,18,13,6,26,25
"2925","TRINITY_DN36515_c1_g1",-1.20212661616384,-1.01904348139165,-3.29839672291842,0.00648933769144359,0.0384588217084453,-2.12780492076894,27.21,18.08,26.01,20.07,17.12,6.24,4.23,3.62,12.68,13.05
"2926","TRINITY_DN3653_c0_g1",1.24235410031528,-1.04141266008888,3.37857731869484,0.00560097609078924,0.0349246599557661,-2.00183890070599,10.17,10.98,7.28,7.63,11.91,20.44,18.82,25.95,13.26,15.91
"2927","TRINITY_DN36538_c0_g1",-1.68632533164227,-0.575909226543861,-3.83132343671622,0.00245876197231057,0.0202668310323366,-1.28545032693547,46.61,16.17,46.84,38,31.08,13.11,10.07,11.02,6.12,5.04
"2928","TRINITY_DN36542_c1_g2",-1.37203327321244,0.0607489043870616,-3.9557269254135,0.00196705584227602,0.0175730201795686,-1.12180868156408,64.31,65.16,50.51,34.45,30.23,16.95,24.31,9.19,24.89,10
"2929","TRINITY_DN36558_c0_g1",-3.24152487845607,-1.13625072928932,-5.66683126292166,0.000111068217656251,0.00275998740704329,0.39979467374807,48,46.01,36,23,52.01,4,1,1,6.23,4
"2930","TRINITY_DN36598_c2_g1",-1.35801688174531,-0.487617246715006,-3.08659057067669,0.00958546281840515,0.0494644624648501,-2.5142111194195,51.95,32.18,35.71,11.96,48.55,7,5.6,8.92,21.66,13.95
"2931","TRINITY_DN36600_c0_g1",-1.0523068969509,0.105218889399146,-3.47194187835152,0.00472067807874975,0.031200103392282,-1.95367146461338,39,46,33,42,64,39,12,16,21,12
"2932","TRINITY_DN36606_c1_g1",-1.14309530726481,0.147675603866083,-4.83501863885311,0.00042769572717946,0.00645442994941632,0.299215057987865,38.27,52.38,59.4,32.28,53.29,17.57,12.55,18.75,23.06,20.38
"2933","TRINITY_DN36636_c0_g1",2.10491629078755,-0.16470863735557,5.50122367345688,0.000144145424116864,0.00325133831999645,1.24597518209758,17,6.06,9.06,21,17,66.97,38,33.3,80,34
"2934","TRINITY_DN36651_c0_g1",-1.51186026710229,0.311716876389516,-4.34198377820182,0.00099449835578696,0.0111450606494168,-0.497517926580447,63.99,84.11,34.04,44.54,79.4,11.38,12.72,22.69,21.29,25.76
"2935","TRINITY_DN36654_c0_g1",-1.32706570469938,-0.489234092013316,-3.9715435090558,0.00191225466000248,0.0172430702738225,-1.06287003178676,36,46,21,30,30,12,9,7,11,16
"2936","TRINITY_DN36669_c0_g2",-1.32425811326673,0.908330903333003,-5.40633221631276,0.00016765886474187,0.00357580874897051,1.16536096794723,97.61,75.85,109.85,63.86,69.64,34.24,41.79,28.38,38.04,15.28
"2937","TRINITY_DN36683_c0_g1",-2.25844873145328,-0.735193078896211,-3.57966720182067,0.00387815544092673,0.0275397342010728,-1.68985642466946,31,18,47,44,45,3,10,10,2,20
"2938","TRINITY_DN36687_c2_g2",-1.78173895791057,-0.157148096871099,-5.10971299466796,0.000271091293929034,0.00483694193140295,0.698353388844934,60.11,38.64,36,35.92,72.39,8,6,8,23,18
"2939","TRINITY_DN36693_c0_g1",2.66503069439204,-0.00969361546273739,4.32720868590254,0.00102045804539775,0.0113134332398678,-0.499631012687882,12.14,3.86,16.34,5.85,46.41,45.96,37.33,140.67,86.07,63.91
"2940","TRINITY_DN36695_c0_g1",-1.42681993005585,-1.47330160826657,-3.49652805958956,0.00451323497241283,0.0303296035160284,-1.8714896916898,18.32,12.59,20.7,16.74,16.06,5.24,2.99,5.67,3.12,7.11
"2941","TRINITY_DN36730_c1_g1",-1.43405913052589,-0.656757673033671,-3.8753925743598,0.00227150688191245,0.0192809405425726,-1.21602559746222,36,17,38,22,46,12,4,11,13,6
"2942","TRINITY_DN36759_c0_g1",-1.40961731346982,-1.03267504853548,-3.26358200124542,0.00691833991320644,0.040084720860191,-2.18140571411072,23.09,29.49,24.46,11.44,34.04,4.03,2.11,9.19,15.37,5.32
"2943","TRINITY_DN3676_c0_g2",-1.40589976077203,-0.308608008379932,-4.48336820571734,0.000778238476296728,0.00948152604075429,-0.251244120776759,37.67,28.29,29.55,41.27,51.48,19.3,7.64,10.73,9.81,14.58
"2944","TRINITY_DN3677_c6_g1",-3.75779681451947,-2.00384660040669,-4.09634857431062,0.00153153045908921,0.0149064991992511,-1.59541331597626,52,26.53,27,20,16,1,0,5,5.37,0
"2945","TRINITY_DN36809_c0_g1",1.18705857544518,1.04324937474966,7.20477261522652,1.18091895313502e-05,0.000734109891951816,3.68242984148896,39,37,37,39,41,76,71,72,111,85
"2946","TRINITY_DN36811_c0_g1",-2.55912212002915,1.48212178203654,-11.2885905902944,1.1133614096002e-07,6.39914779069654e-05,7.84770727301185,240.52,180.17,153.86,138.51,218.49,35.81,30.69,31.37,29.49,20.44
"2947","TRINITY_DN36846_c0_g2",1.03834108709724,0.126678992240763,3.15356869082321,0.0084718902167646,0.045641738701219,-2.50853268168832,37.95,28.61,17.41,18.65,14.53,59.48,18.97,32.58,61.3,41.63
"2948","TRINITY_DN36846_c1_g1",-3.08377819646327,0.694400749722206,-7.27688522462434,1.07121116212294e-05,0.000686216322782448,3.62594003099086,196,153.58,130.04,76,132,22.95,2,17,27,11
"2949","TRINITY_DN36848_c0_g1",-3.33195947259573,-1.93871073909756,-4.08916415848607,0.00155115783131726,0.0150259942604849,-1.60664176286504,25.98,27.25,19.98,27.14,20,0,1,7,0,6
"2950","TRINITY_DN3691_c1_g4",1.26838647289867,-0.449774722699117,3.4041059221893,0.00534487072306579,0.0338686714233959,-2.00062623410016,8.75,19.3,8.78,19.49,19.7,35.79,25.12,34.66,22.76,25.05
"2951","TRINITY_DN36913_c1_g1",2.03107218698495,0.530529959599318,9.0227868511173,1.21338559960869e-06,0.000209221382528083,5.56703279013782,22.45,14.51,25.01,17.8,24.46,91.84,72.53,92.37,80.21,54.86
"2952","TRINITY_DN36913_c2_g1",-2.02693906165188,-0.477680819395467,-5.07801106628974,0.000285585853760971,0.00499224339238483,0.559775249296411,54.63,34.74,43.63,28.47,53.56,14.31,2.57,3.04,21.72,7.61
"2953","TRINITY_DN36918_c0_g1",-1.51580779497043,0.296247074282047,-5.58325601340534,0.000126623087975985,0.00300688659641213,1.43102211586158,66.91,52.77,51.48,36.83,91.83,15.79,18.44,22.59,22.65,11.95
"2954","TRINITY_DN36925_c0_g1",-1.43487722399172,-0.757837914250178,-3.56927473091602,0.00395226788011826,0.0278850962025984,-1.70154907017301,33.79,20,19.77,26,49.09,5,4,12.58,15,7
"2955","TRINITY_DN3696_c4_g2",1.84361671508345,1.35285790088151,3.94141719859847,0.00201803317070451,0.0178365102459696,-1.28611223047897,46.01,34.92,54.97,28.3,31.23,72.21,137.56,62.23,280.25,205.49
"2956","TRINITY_DN3697_c1_g2",-3.46159410252466,-1.09934984672146,-5.1483010613251,0.00025448552034325,0.00464479099964331,-0.19874731211878,54.59,41.58,62.99,25.87,50.18,4,0,4.99,7.44,2.68
"2957","TRINITY_DN36982_c0_g1",1.02486576555929,2.71458803277673,3.81597649332291,0.00252764479530618,0.0206312982279863,-1.76137036929752,124.27,117.79,186.83,135.23,88,426.27,147.37,190,356.15,230
"2958","TRINITY_DN36994_c0_g1",-1.19554626809556,1.51281074622183,-3.97472347218848,0.00190142846460551,0.0171853917460574,-1.26695134120534,155.03,135.6,119.82,80.54,107.72,123.01,36.39,38.32,37.3,42.38
"2959","TRINITY_DN37008_c0_g1",-1.33323748626385,-0.81655523514691,-3.32151945331047,0.00621939698791433,0.0374260862128295,-2.09803777058635,35.05,31.51,16.11,26.4,20.81,12.63,8.28,6.25,5.24,11.33
"2960","TRINITY_DN37031_c0_g2",-1.43927189130722,-1.53811216432457,-3.21969296389141,0.00750031252100512,0.042254869878482,-2.28371242510771,26,16,12,14,17,2,3,9,7,3
"2961","TRINITY_DN37058_c0_g1",-1.40536281609651,1.16724892770433,-4.97518420394729,0.000338475713262144,0.0055949972561682,0.471136283629051,133,67,155,60,119,43,20,36,47,36
"2962","TRINITY_DN37130_c0_g1",4.09571967534148,-1.77694001483871,4.19912298043747,0.00127729570048304,0.0131902933474937,-1.48401218440918,0,12.77,0,7.72,1.91,22.81,16,33.56,42.33,47.95
"2963","TRINITY_DN37151_c0_g1",-2.63690563827238,-1.01485238943398,-3.31608254032078,0.00628182762889061,0.0376460869121216,-2.13718721500812,35,41,56,15,39,6,4,0,11,15
"2964","TRINITY_DN37161_c3_g1",3.55125657646103,-1.73472450787087,3.3763196261683,0.00562421731403546,0.0350168170061622,-2.35809166360221,18,2,0,2,5,18,23,61,20,23
"2965","TRINITY_DN37204_c0_g1",-2.38292675310303,-1.26293119974953,-4.76581155656265,0.000480544659834928,0.00691912563739519,-0.2790108551353,41,22,20,28,26,2,3,8,3,4
"2966","TRINITY_DN37208_c0_g1",1.8936949888777,-1.77416625772041,3.10511062979414,0.00926358907178062,0.0483607496587659,-2.50681204708092,6,10,3,8,2,10,14,19,12,13
"2967","TRINITY_DN37243_c0_g1",1.56643335161924,-1.35426346514399,3.38980199870599,0.0054868669386824,0.0344728520598959,-2.01314278828962,10,3,9,7,10,18,12,27,18,11
"2968","TRINITY_DN37251_c1_g1",1.35961998053702,1.93856880399213,5.13394932696989,0.000260532969176723,0.0047026238815574,0.644571993261254,46.9,85.17,112,55.89,54.22,162.43,92.25,184.98,226.21,187.42
"2969","TRINITY_DN37281_c0_g1",-1.92015886543462,-1.05633377410621,-4.47477260111996,0.000789870035346437,0.00958827315113518,-0.446320871238572,30.75,30.26,33.82,14.23,29.29,9.56,1.11,4,6.46,8.59
"2970","TRINITY_DN37317_c0_g1",-2.5778434048074,-1.77815962195035,-3.66880616058591,0.00329805855283907,0.0246803721047538,-1.91888078302654,21.14,23.25,16.11,15.08,25.48,0,12.1,3.03,4.02,1.01
"2971","TRINITY_DN37330_c0_g1",-2.35152865313076,-1.34971032036747,-3.29022948507266,0.00658749609831846,0.0388072727348411,-2.23005500984742,37,19,39,16,29,6,4,4,15,0
"2972","TRINITY_DN3737_c0_g1",-1.06486659454154,6.39685122189436,-11.9383263876531,6.04147422652374e-08,4.51829483297873e-05,8.7957629615221,3284.38,3354.38,3315.79,2943.68,3844.98,1551.58,1552.52,1740.68,1548.73,1433.97
"2973","TRINITY_DN3740_c1_g2",1.12952405335472,1.04176253309105,7.19004532427744,1.20476544303935e-05,0.000740441684269552,3.66417388106722,45.98,37,36.16,35.14,42.32,70.99,67,92.22,100.3,75.32
"2974","TRINITY_DN37456_c0_g1",1.61908555553184,-0.814758884472936,3.89830816198597,0.00218000619347933,0.018776426315254,-1.19021634326436,16.38,3.07,9.75,12.38,13.86,19.32,25.69,25.09,33.17,23.87
"2975","TRINITY_DN37472_c0_g1",-2.4208817289416,-1.72254079769644,-3.47458368377948,0.00469792968212726,0.0311082073507502,-2.11085503052835,17,21,34,16,18,5,0,2.31,3,9
"2976","TRINITY_DN3749_c0_g1",1.11913298425067,1.15889144455023,3.35305854143618,0.00586945240601105,0.0360250237083161,-2.31431656442473,69.34,40.7,62.21,12.83,56.53,71.05,70.31,113.75,121.53,75.12
"2977","TRINITY_DN3749_c1_g1",-1.03479350141454,0.51394622681701,-4.67674213557033,0.00055881408082782,0.0076504936694313,0.031803540482251,66,69,60.43,45.52,46.26,31,18,21,26,31
"2978","TRINITY_DN3753_c0_g3",-1.28550658369533,-0.795820956055905,-3.60882837543339,0.00367769343269993,0.0266209726220754,-1.63904492780242,33.58,34.87,22.05,17.52,22.16,9.74,4.8,14.78,6.1,9.83
"2979","TRINITY_DN37576_c0_g2",-1.81566410811504,0.575646233644817,-6.6304723088653,2.62823159766632e-05,0.00116151055763892,2.8911009883882,75.98,90.03,58.7,69.9,93.66,33.03,13.1,20.18,14.58,21.32
"2980","TRINITY_DN3759_c0_g1",1.1412890816529,2.56378114188911,6.92489979840735,1.73477642861885e-05,0.000918026530520771,3.28472878127509,124,106,89,130,101,219,259,268,270,181
"2981","TRINITY_DN3759_c2_g1",-1.82356472917256,-0.80165151080128,-3.10633465582199,0.0092427026031344,0.0482857701891066,-2.42972165130223,22.47,23.85,36.12,25.87,55.67,22.11,12.77,6.69,7.37,0.4
"2982","TRINITY_DN37590_c0_g1",-2.91093607268062,-1.03039346476371,-3.43814868740025,0.00502176672086677,0.0325152384254719,-2.00672678307664,35.65,46.62,76,18,39.43,3.2,5.23,11,9.99,0
"2983","TRINITY_DN37592_c0_g2",2.60083540097402,-1.05592362084733,4.69546823354679,0.000541316342028384,0.00749034119818768,-0.267210448591432,5,6,8,10,4,45,35,28,35,14
"2984","TRINITY_DN3760_c3_g1",-3.00915235036164,-1.10048878140805,-5.79357259321066,9.12179579286267e-05,0.00241791846064998,0.69899340918795,46.25,26.75,40.03,43.33,32.49,7.56,3,1.22,3.38,2.76
"2985","TRINITY_DN37617_c0_g1",1.49085901532783,0.193585653956124,3.5182724408468,0.00433752325817607,0.0295241891825648,-1.87887439184149,49,28,24,9,10,52,48,29,89,46
"2986","TRINITY_DN37626_c0_g1",-1.80060896038793,-0.285683743003206,-5.87825128590784,8.00745740441937e-05,0.00225217449443556,1.73136759224199,51,42,39,38.1,48.14,17,6,19,11.02,4
"2987","TRINITY_DN37645_c0_g1",-1.73819106066875,-0.912799540013276,-4.31262511868247,0.00104677311140917,0.0115126495601724,-0.607710416942642,30,26,34,15,43,7,3,6,14,4
"2988","TRINITY_DN37649_c0_g1",1.26895237313398,0.144231458191518,3.87245009549429,0.00228353953629937,0.0193381218521483,-1.27326005874772,32,28,14,15,18,41,30,55,37,69
"2989","TRINITY_DN37659_c0_g2",-2.47414590326899,-1.51660059673451,-3.4033720416621,0.00535206426873488,0.0339073318450142,-2.12269116627786,15.95,22.73,14.79,38.08,34.25,2,2,2.07,3,5.56
"2990","TRINITY_DN37664_c0_g1",2.10910689663353,-1.65971370608863,3.45620049276594,0.00485857258180149,0.0318063342676378,-2.0403245556508,10.09,3,1.62,6,7.03,17.18,13,8.02,24.01,22
"2991","TRINITY_DN37674_c1_g4",1.23106535132993,-0.336790931032453,3.88322033229856,0.00223981399105749,0.0191112321210863,-1.21582799126846,10.87,12.4,20.96,14.31,19.28,26.67,38.97,20.69,37.68,34.09
"2992","TRINITY_DN37740_c0_g1",1.38612948789651,1.26702147507421,5.92708245784367,7.43124330383453e-05,0.00216228906549643,1.93465669108759,31,50,36,56,44,133,64,103,134,93
"2993","TRINITY_DN37762_c1_g1",1.61838437704047,0.137560680694114,5.99067250954943,6.74593021664784e-05,0.00203670657717995,1.99413190958699,22,18,22,9,23,45,62,38,63,48
"2994","TRINITY_DN37800_c0_g1",-2.04038133307336,-1.32589301684588,-4.79830976118461,0.000454923578170844,0.00669644917983802,-0.204527392575905,24.9,22.18,25.16,25.52,19.09,9.48,2.11,3.27,4.31,2.09
"2995","TRINITY_DN37872_c0_g1",-2.04482757547911,0.0663197033915788,-7.27005739012559,1.08111643787986e-05,0.000688299710409792,3.53462858388967,64.03,61.97,69.3,39.04,65.01,26.02,8.28,8.72,13.09,10.01
"2996","TRINITY_DN37901_c0_g1",1.91182468602165,-0.315489447887646,5.07317403416126,0.00028786809954003,0.00501388077682424,0.616923831808925,23,10.14,20,4,12.02,43.02,30,62,41.34,34.09
"2997","TRINITY_DN37915_c0_g1",-3.51102780590555,1.33849402133795,-14.3059408483235,8.1159369717664e-09,1.29176582457802e-05,9.57666272377638,302.37,246.14,207.47,171.24,243.46,20.4,18.34,22.32,21.33,11.21
"2998","TRINITY_DN37923_c1_g2",1.92064275987351,0.5651009351423,7.67904528046515,6.29162711164409e-06,0.000508778715536914,4.17305830787307,19.02,18.89,27.99,17.64,28.11,104.9,43.68,69.72,97.78,77.48
"2999","TRINITY_DN37936_c0_g1",-4.09205251017652,0.951911700666793,-3.25084064343351,0.00708242450359808,0.0406271723025296,-2.32173343290366,234.58,209.89,220.85,117.55,254.99,123.04,158.59,83.93,0,0
"3000","TRINITY_DN37938_c0_g1",-2.50844462059811,0.181194009967298,-8.05781538031107,3.87827373761501e-06,0.000401903111834248,4.33113388218145,71,69,70,71,104,19,3,9,19,12
"3001","TRINITY_DN37957_c0_g1",-1.95443534480001,0.0345259513777426,-7.77026046694116,5.59120744114977e-06,0.000481571740688208,4.08166812043352,51.92,59.51,57.9,45.75,67.23,18.64,7.63,15.33,10.8,11.96
"3002","TRINITY_DN37965_c0_g1",1.60676833860483,-0.729573204932086,4.33226705884351,0.0010114920772761,0.0112605269283638,-0.518372428653489,10.01,12.49,7.68,6.87,17.83,23.2,16.33,30.94,52.82,18.22
"3003","TRINITY_DN37975_c0_g1",1.32787854719367,0.51812674189267,4.15490542241581,0.00138084380672389,0.0139401052534794,-0.830575937374857,37,28,20,36,16,60,40,39,102,70
"3004","TRINITY_DN37997_c1_g1",-1.02912177720087,0.75628060939583,-3.08881469263949,0.00954622190609557,0.0493275186155028,-2.71485837539427,107.15,67.69,84.71,31.59,63.28,43.6,14.22,37.58,26.16,37.9
"3005","TRINITY_DN37999_c0_g1",-1.68283350756152,0.0330142987571408,-4.36088936089837,0.000962279982043752,0.0108970842732741,-0.448390999690223,81,67.45,30,34.01,61,13,13,23,18,6
"3006","TRINITY_DN37999_c1_g1",-2.30873321183111,-0.343118912087433,-5.67541146342573,0.000109589766437066,0.00273090130943976,1.36927232726957,46,35,53,46,78,16,8,5,14,3
"3007","TRINITY_DN38_c1_g2",-3.31102299104788,-1.74833637159413,-3.19764558848231,0.00781108542769255,0.043361233843551,-2.5484225282922,20,15,39.48,25,45.36,14,0,0,2,8
"3008","TRINITY_DN38042_c3_g1",1.95250738250669,-0.894197527399996,3.58141045715708,0.0038658635235316,0.0274902580394311,-1.69231355549739,15,5.15,13,10,4,44,37,15,32.06,17
"3009","TRINITY_DN38092_c0_g1",-1.18031353363037,0.56137608273234,-3.41568878221562,0.00523262811585858,0.0333754785926639,-2.10847458674688,74.83,54.6,109.26,27.22,72.03,22,15.22,22.5,50.51,21.45
"3010","TRINITY_DN38123_c0_g3",2.37875839108804,-1.39369026487665,4.4999030667311,0.000756363122538,0.00929896701691896,-0.648466907316479,3.23,6.63,6,5,7.01,30.97,10.06,26.77,30.43,15
"3011","TRINITY_DN38134_c0_g1",-1.93343741832716,-0.856355445906315,-3.82009033059191,0.00250898775933051,0.0205276006554214,-1.33256914258703,42.96,31.89,39.87,18.03,28.92,9.71,5,1,19,6
"3012","TRINITY_DN3814_c6_g1",-5.16562641090341,-2.85991075117097,-7.4508010430341,8.48967983085227e-06,0.000595798881904496,0.813587076218121,40,19,24,13,29,0,0,0,1,0
"3013","TRINITY_DN38144_c1_g1",-1.851207945996,0.31139751949688,-4.87651432555101,0.000398962679608177,0.00617262543258938,0.36388805586994,84.85,72.17,85.2,26.07,82.83,10.95,10.02,14.99,31.05,18.55
"3014","TRINITY_DN38157_c0_g1",-1.72698369567201,0.623966416694088,-4.79725178506289,0.000455734726099676,0.00670044466790888,0.226460630712021,96.49,84.08,94.31,33.66,106.25,23.65,13.51,15.23,50.91,14.83
"3015","TRINITY_DN38199_c0_g1",-1.51346735050262,0.180623143883285,-5.81769057451366,8.78859305910085e-05,0.00236821467953176,1.75856854152942,80.25,46.14,61.43,33.87,54.4,20.9,11.59,11.59,25.18,15.95
"3016","TRINITY_DN38204_c1_g1",2.93998290219956,-1.02835177291061,4.76602157387648,0.000480374317881316,0.00691912563739519,-0.275491487005295,12.01,3,14.99,6.42,2,31.12,30.53,50.66,35.21,29.93
"3017","TRINITY_DN38252_c0_g1",-2.0609885492016,-0.337843329760672,-5.17936086480466,0.000241897910361646,0.004506473855879,0.74586982863277,69.06,37,41,28,63,4,10,7,20,9
"3018","TRINITY_DN38252_c0_g2",-1.9996454077558,0.107882478674493,-6.3856383004931,3.74520252918157e-05,0.00143394774696738,2.485118558203,60,56,70,44,78,14,16,9,29,5
"3019","TRINITY_DN38270_c0_g3",-1.28387307889777,-0.235022018600632,-4.11798885453579,0.00147395007993746,0.0145644662944982,-0.834880546271303,32.66,63.62,33.47,30.8,34.34,17.56,12,14.45,13.66,8.36
"3020","TRINITY_DN38286_c0_g1",-2.32882290940324,0.278495031861026,-3.73021419485737,0.00295084543316412,0.0229566085246559,-1.49443387060001,217.48,38.11,50.9,82.5,67.45,33.02,3.01,12.01,11.66,18.02
"3021","TRINITY_DN3830_c9_g1",-2.05822264914289,0.608682939973403,-6.88129857366715,1.84354362725768e-05,0.000945735692561666,3.21052424221855,72.48,72.64,126.29,67.19,99.06,32.83,13.22,12.49,15.52,24.32
"3022","TRINITY_DN38300_c1_g3",1.12225761699281,-0.656446322575132,3.77587435683413,0.00271716825823472,0.0217016858545628,-1.37620048938795,17,11,9,14,14,19,14,32,32,23
"3023","TRINITY_DN38318_c0_g1",-1.76660893851008,0.63640898544326,-5.26289706175279,0.000211188790429371,0.00413674123607219,0.955767900989885,55.08,68.8,90.57,67.73,135.34,30.97,14.43,11.35,31.65,22.66
"3024","TRINITY_DN38324_c0_g5",-1.33466379906077,-0.694178626528652,-4.36837110590838,0.000949831558746726,0.0108044427666565,-0.453182555696484,41.56,25.08,34.72,18.87,24.42,7.66,8.59,11.43,12.37,5.7
"3025","TRINITY_DN38356_c4_g1",1.01825972451906,0.123482388634568,3.47989212149002,0.00465255631940558,0.0309456691717613,-1.94563001568595,25.33,22.88,15.76,26.16,22.48,35.28,38.15,49.07,67.03,20.04
"3026","TRINITY_DN384_c3_g1",1.1349014580856,-0.308997751787994,4.20309924006421,0.00126838779455472,0.0131420303720897,-0.697002735257198,16.15,13.8,14.03,13.23,22.05,30.88,39.12,20.51,37.29,27.74
"3027","TRINITY_DN38402_c0_g1",-1.39720345762568,-0.528671435205022,-4.7497984898095,0.000493720750483215,0.00705506949021526,0.138370793503059,31,26,43,28,32,14,7,10,8,13
"3028","TRINITY_DN3843_c5_g1",1.28638899736828,-1.16708582314452,3.16819125085804,0.00824664308694947,0.0448800739066545,-2.3290978983869,12.6,8.18,17.34,3,7.53,18.85,16.19,12.08,22.01,18.7
"3029","TRINITY_DN38443_c0_g1",1.69329636853503,1.77096552008818,5.23437916407279,0.000221182835967858,0.00426255925484907,0.8341986330631,49.73,42.44,53.32,80.37,45.74,207.77,250.63,131.62,121.48,151.1
"3030","TRINITY_DN38462_c0_g1",-1.67663087151,-0.905300730564324,-4.30972403283368,0.0010520915547385,0.0115410671485504,-0.607338222933453,38.22,29.35,29.41,25.37,20.03,6.93,1.46,10.33,13.2,4.56
"3031","TRINITY_DN38476_c0_g1",-3.01578595124391,-2.39512676159072,-3.88625566443751,0.00222764754025632,0.0190515164595481,-1.83635381308305,11.56,21.45,17.93,16.96,13.57,4,0,1.46,4.3,0
"3032","TRINITY_DN38513_c0_g1",-2.09345705856792,-1.32110041245862,-3.47693347747866,0.00467778966864666,0.0310488789447789,-1.9222585598606,39.02,21.99,31.9,11,22.24,1,7,2,9,6
"3033","TRINITY_DN38542_c0_g1",-4.76399520816583,-0.577938177720868,-5.22602689865755,0.000224203286395284,0.00429605829039765,-0.1971450818422,120,65,74,117,132,15,2,3,3,0
"3034","TRINITY_DN38579_c1_g1",-2.23749947001019,-1.58407193270406,-3.29960165567691,0.00647498208250412,0.0383958767471686,-2.24239688669966,30.19,19.32,19.11,18.31,16.27,4.95,4.22,0,4.72,10.55
"3035","TRINITY_DN38600_c0_g2",1.65539433000796,-0.894486834919935,3.40999601538161,0.00528749059620482,0.0336183233912545,-1.95255680223865,4,12.23,25,7,8,17,20,33,37,17
"3036","TRINITY_DN38612_c0_g1",-1.99718248257059,-0.362573575763165,-5.73940425692838,9.91988397397442e-05,0.00255929708146504,1.50053519286438,45.1,43,59,45.03,31,6.02,4.01,10,12.01,15.1
"3037","TRINITY_DN38651_c0_g1",-1.37010752443986,1.36375761984564,-3.97171805100118,0.00191165878317348,0.0172430702738225,-1.2438315229537,139.93,82.8,177.55,91.32,106.53,76.85,14,36.01,92.77,27.12
"3038","TRINITY_DN38682_c1_g2",-3.08347467919161,-1.46207610138515,-3.51857421419464,0.00433513442726413,0.0295129561787666,-2.07217268784185,39,42,13,40,29,2,3,2,4,1
"3039","TRINITY_DN38701_c0_g1",-1.71140884665545,0.0816059882925802,-7.09088592644996,1.37932887259438e-05,0.000797210991037461,3.37301717829434,69.01,50.3,61.32,43.3,45.48,11.08,9.06,17.26,16.1,18.25
"3040","TRINITY_DN38760_c0_g1",-1.74026216875407,-0.905744595151917,-4.67100560897856,0.000564291927955506,0.00769041872783576,-0.0970567517806291,35.77,28.27,31.7,14.47,34.64,10.31,3.18,4.1,9.15,6.25
"3041","TRINITY_DN38766_c0_g1",1.16490597204253,0.378386042654492,4.6961705148427,0.000540671387740741,0.00748642331532874,0.070615321303027,35.02,32.29,16.15,23.63,21.39,64.49,36.26,60.48,52,42.74
"3042","TRINITY_DN38767_c0_g1",1.08107925610664,1.32282402893498,3.07877214073188,0.00972469638911407,0.0499823081667745,-2.83314030075681,53.57,57.91,23.03,75.53,50,66.53,71.85,180.35,112.9,81.85
"3043","TRINITY_DN38845_c0_g1",-2.56521026349232,-1.66709726366594,-3.27127090510857,0.00682118749150977,0.0397314809372223,-2.35538559638756,14.57,28.61,17.54,21.98,30.42,2.21,8.4,0,6.95,2.35
"3044","TRINITY_DN3889_c1_g2",1.30666885088061,1.75936500388011,5.8700652180268,8.10860010901684e-05,0.00226726686111311,1.81979469833272,78.71,45.25,70.2,44.29,66.27,189.22,111.07,200.65,128.39,111.13
"3045","TRINITY_DN38892_c2_g2",-1.33249724484081,-1.22168405284189,-3.24838461458718,0.00711450319643582,0.0407441342758149,-2.20790323745101,30.31,14.32,20.04,22.31,14.65,8.9,2.05,4.84,7.2,7.71
"3046","TRINITY_DN38912_c0_g1",1.1906068496374,0.0754349198304606,4.95823263843971,0.000348139622241705,0.0056863095759579,0.491255736418409,18.43,21.02,33.04,13.3,18.18,49.26,38.94,40.65,44.02,33.44
"3047","TRINITY_DN3893_c1_g1",-1.87772907547898,-1.12660703167367,-4.48737232194762,0.000772881240087665,0.00943663062494133,-0.443082939459366,25,22.99,21,28,27,6.98,2,9,3,8
"3048","TRINITY_DN38932_c5_g2",-1.12628661546266,-0.292397798152199,-3.32853188476423,0.00613980300998798,0.0371174651384879,-2.14603806692331,49.74,26.44,47.77,28.95,25.94,16.39,6.14,26.27,12.17,10.13
"3049","TRINITY_DN38964_c0_g1",-1.62601399918874,-0.35961903198567,-5.71039405702384,0.000103773975732765,0.00263894541976061,1.51253266674398,42,36,46,31,37,7,8,8,13,20
"3050","TRINITY_DN38965_c2_g1",-1.40170372427152,-0.740783834726322,-4.55369097837249,0.000689535096332559,0.0087430045872063,-0.189246317591247,31,26,30,21,33,13,6,4,15.01,7
"3051","TRINITY_DN38988_c1_g1",-1.13922922110637,5.98170212965184,-11.3045437420746,1.09638708267244e-07,6.39914779069654e-05,8.201499012944,2696.72,2742.75,2505.63,2217.24,2669.87,1147.12,1220.92,1219.74,1105.77,1041.13
"3052","TRINITY_DN38993_c0_g1",1.36047072898221,-0.593116216112231,3.85945623587867,0.00233746576894409,0.0196284259223084,-1.24125649613742,18.83,8.89,8.21,17.07,12.01,43.8,23.13,28.68,24.46,18.09
"3053","TRINITY_DN3901_c1_g1",-1.67523733165913,0.153546198170988,-4.59823716020921,0.000638864310712488,0.00830684189844302,-0.0728756455945501,94.88,56.9,42.83,38.12,52.82,27.58,17.54,14.17,8.5,14.24
"3054","TRINITY_DN39012_c3_g1",-2.14492312048965,0.203706473576425,-7.26716034216382,1.08534875604418e-05,0.000689579720395971,3.56829531946356,73.18,55.52,98.45,49.67,72.12,17.35,6.49,8.35,27.29,11.88
"3055","TRINITY_DN39027_c0_g1",-2.09145684968779,0.00977829952162699,-8.81190846180887,1.55132698109235e-06,0.000243019262882401,5.04794811554995,77,53,61,42,61,10,7,13,17,12
"3056","TRINITY_DN39034_c0_g1",-1.14573508019243,2.34142049738549,-3.77493804992836,0.00272176385456543,0.0217300025091054,-1.76177331682011,155.05,182.81,303.76,242,179.5,128.62,44.11,179.54,92.14,59.17
"3057","TRINITY_DN3905_c0_g1",1.46947954849415,2.37817234020133,5.45184092699002,0.000155913768566787,0.00342590841416452,1.10594359594737,104.51,75.31,85.61,118.49,59.33,340.3,213.74,300.39,185.4,170.95
"3058","TRINITY_DN3906_c0_g1",1.24041062242474,4.52302835033408,6.50975442378161,3.12656364723897e-05,0.00129433564980687,2.46781995062752,480.38,367.85,450.6,533.12,263.08,957.21,614.71,1087.1,1266.2,917.42
"3059","TRINITY_DN39074_c0_g1",-1.15064463851,1.3472668326632,-4.64795030773769,0.000586880426248639,0.00785637601443994,-0.0889550894948705,147.8,117.82,73,88,106.55,55.8,43,30,69.5,31.35
"3060","TRINITY_DN39083_c3_g1",1.25521680552309,-0.263129845815964,4.92808615315646,0.000366048389143771,0.00585677004823544,0.436410137985899,20.02,12,14,12.13,22,45,22,39,35.31,27
"3061","TRINITY_DN39094_c0_g1",2.04322607780388,-1.27130893241504,4.68479606250144,0.000551217029876968,0.00758002789379329,-0.28658006923617,7,7,5,4,9,20,18,27,17,24
"3062","TRINITY_DN39123_c0_g1",-2.24020215103968,-0.513310322764187,-6.06870468851098,5.99531631570987e-05,0.00189487405794997,1.78573682863139,56.05,48.39,42.53,25.32,47.29,3.16,5.07,6.28,13.72,10.44
"3063","TRINITY_DN39144_c0_g1",-1.76065303826225,2.05037651255605,-5.76117680905516,9.59055744853404e-05,0.00250346620294492,1.63663198815087,207,241,215,162,196,33,114,88,40,57
"3064","TRINITY_DN39153_c0_g1",-2.49855669527002,-0.150304782924145,-6.87802815877157,1.85199001579409e-05,0.000946176364118536,2.87239138056716,72.42,70.44,48.32,71.58,43.49,12.67,5.87,5.99,12.3,7.8
"3065","TRINITY_DN39153_c3_g1",-1.34534940440588,-0.43261622892885,-3.21330087136034,0.00758910594315413,0.042551365036162,-2.3147540142469,30.34,51,44.04,17.67,30.85,5.26,8.86,16.16,9.59,22.32
"3066","TRINITY_DN39168_c0_g1",-4.19857772552088,-1.80036428323491,-3.87402946606603,0.00227707288529857,0.0193086192447085,-1.81346401991889,43,43,35,12,60,3,0,0,2,5
"3067","TRINITY_DN39182_c0_g1",2.27710438760469,0.693139141280464,6.07178080143868,5.96760500008482e-05,0.00188996486109829,2.13931219311132,32.63,13.94,36.44,14.08,17.63,104.59,115.3,54.41,168.67,67.53
"3068","TRINITY_DN39188_c0_g1",-1.60643304601081,-1.02184526607133,-3.86294492776547,0.00232285964860291,0.0195590328034966,-1.26971123202324,27.15,34.16,16.37,15.53,33.36,4.29,6.33,9.43,6.1,5.14
"3069","TRINITY_DN39190_c0_g1",1.21072923550657,-0.751034392318674,3.42852603807591,0.00511102798673792,0.0329208754060569,-1.93244055211268,15,14.3,10,7,12.68,17.22,23.58,13.62,39.2,26.12
"3070","TRINITY_DN39195_c0_g1",-1.40466766067449,0.195944664329231,-3.21277067202884,0.00759651852464513,0.0425583295035038,-2.40474107213571,69,73,39,21,86,16,11,9,32,28
"3071","TRINITY_DN39205_c0_g1",-1.02493552213585,-0.51431528728947,-3.99361095330146,0.00183841773423994,0.0167869877074449,-1.0287572080206,30,29,22,25,37,9,11,11,15,13
"3072","TRINITY_DN39207_c2_g1",1.00308543344308,1.52422395004261,3.83955066034468,0.00242263366131582,0.0200831412783812,-1.51355059868704,56.82,56.79,65.23,61.55,44.94,121.96,134.5,59.22,130.74,117.31
"3073","TRINITY_DN39218_c4_g1",-1.58374914276836,-0.429817946641632,-4.80511967736441,0.00044973850883013,0.00666607673891815,0.225005155078728,47.03,24,31.02,29.03,57.03,11.01,12,7.01,12,9
"3074","TRINITY_DN39227_c0_g1",-5.39369359016117,-2.5700130480826,-6.4422487948683,3.44826936479883e-05,0.00136937309333225,0.292037162615233,33,19,48.3,19,47.65,0,0,0,0,1
"3075","TRINITY_DN3924_c1_g1",-1.00602838873326,-0.120812241706906,-3.95951597034585,0.00195378156924716,0.0174847640022281,-1.10653995218907,27.02,39,41.02,34,45.82,17,11,13,20,19
"3076","TRINITY_DN39243_c0_g1",-2.53498382292904,-0.727381036405484,-5.59721613673279,0.000123872509379098,0.00296064359239707,1.02022792157798,49.92,43.49,44.14,23.07,46.36,7.09,6.26,1.11,8.07,8.84
"3077","TRINITY_DN39253_c0_g1",2.08848451140147,-1.10102790484761,3.42453449822461,0.0051485264390315,0.0330838126476648,-1.9540791749131,15,7,7,3,7,41,8,23,53,17
"3078","TRINITY_DN3928_c0_g1",-1.12326082138684,4.24791362723682,-5.33510017242856,0.000187954195106471,0.00384544123501617,0.648055094228607,941.24,720.5,955.6,467.81,871.92,288.76,208.7,365.28,593.4,378.61
"3079","TRINITY_DN39312_c1_g1",-1.26663955846006,2.52631947254776,-3.85701049805671,0.00234776173614749,0.0196540744449925,-1.64417405143752,452.12,132.95,249.42,318.01,171.75,74.77,85.48,126.64,123.84,92.85
"3080","TRINITY_DN39316_c1_g1",-1.10682096540329,-0.683674086955315,-3.32522621037166,0.00617719426415171,0.0372672909663673,-2.10674949285656,28,40,32,16,20,13,8,8,11,10
"3081","TRINITY_DN39318_c0_g2",2.2397942075488,0.0853797053747994,3.45148457608502,0.00490067764255488,0.0319811463397762,-1.95087874963998,15,13,14,5,40.79,53,16.01,134,137,45.02
"3082","TRINITY_DN39335_c0_g1",-1.28052414753043,-0.467780992224261,-4.96519377263688,0.000344136551669932,0.00564946464018523,0.466788948567224,38.19,29.99,35.52,22.63,36.13,13.32,8.39,6.98,18.76,9.64
"3083","TRINITY_DN39340_c0_g1",-1.46419082354469,-0.549918200125312,-3.59491374177565,0.00377198959839387,0.0270485555613566,-1.66603038036675,48.52,20.4,43.47,37,24.7,12,3,16.9,15.97,5
"3084","TRINITY_DN39361_c0_g1",2.50938700236128,-0.552775354019716,3.3327866517935,0.00609201398007585,0.0369292652147684,-2.07373459459037,29,11,11,5,3,98,56,20,55,21
"3085","TRINITY_DN39364_c0_g1",-1.79401475631117,-1.68100987751019,-3.32917066948102,0.00613260407230737,0.0370956212419029,-2.19159045344115,24,15,15,10,25,1,2,7,8,2
"3086","TRINITY_DN39370_c0_g1",-1.48856108456304,-0.139035696717638,-3.71305705502939,0.00304390086752099,0.0234542083478771,-1.50690104223152,58.32,32.15,56.92,18.32,66.32,7.97,7.21,15.22,19,20.45
"3087","TRINITY_DN39387_c1_g1",-1.56808624176768,1.5214974532766,-4.63130983512312,0.000603770184374982,0.00799284078159366,-0.127656925685745,155.96,139.28,101.96,131.45,163.16,71.79,16.04,22.89,107.11,42.17
"3088","TRINITY_DN3939_c0_g1",1.65790015408847,0.0101083474996269,3.88485022596355,0.00223327243541168,0.0190797702358516,-1.23367827880103,8.4,30.68,19.44,24.52,11.36,29.53,44,76.64,52.39,36.55
"3089","TRINITY_DN39414_c0_g1",1.41156102621019,-0.168749548465555,3.2614938081401,0.00694496603021684,0.0401772433699609,-2.27281225607659,17,11,23,18.99,13,102.98,23,36,35,22
"3090","TRINITY_DN39434_c0_g2",1.0542195860422,-0.220126322685883,3.36712402092684,0.00571989564376039,0.0353501396048171,-2.09704362301357,20.37,12.73,16.05,19.17,19.72,20.61,21.38,38.34,64.72,24.66
"3091","TRINITY_DN3946_c2_g2",1.44220231643755,-0.712403368738695,4.65585093767299,0.000579035105100269,0.00779337057979057,-0.0264737194915146,10.64,10.74,10.58,15.59,9.84,23.84,22.66,17.82,34.78,28.64
"3092","TRINITY_DN39474_c3_g1",-1.68114582432876,-1.10010435747997,-3.49504072111676,0.00452551596396123,0.030385816976412,-1.8337560121444,36,17,29,21,19,10,4,15,3,3
"3093","TRINITY_DN39474_c9_g1",-2.00792867177661,-0.720927826373884,-3.77283453818254,0.00273211750604356,0.0217794592391053,-1.39032006256822,65.1,29.94,27,18.07,48.14,12.98,11.55,4,11.38,1.5
"3094","TRINITY_DN39475_c0_g3",-1.70189416628787,-1.32222984492427,-3.80236415177141,0.00259040344008517,0.0209862572617915,-1.43593453493632,25.55,20.61,24.56,10.97,28.24,6.06,3.61,4.59,9.02,1.17
"3095","TRINITY_DN39497_c0_g1",-2.10582901667179,-0.37682463529288,-4.53370459092594,0.000713616942039159,0.00894940856761749,-0.202603923807901,99.49,31.39,40.28,33.54,44.98,5.07,4.96,9.34,21.01,6.11
"3096","TRINITY_DN39514_c0_g1",-1.32495833176862,0.741336308697592,-4.70458845731155,0.00053300288281249,0.00741165343810541,0.0648941711242355,95,52.2,69,58.08,106,24,21,19,61.26,20.66
"3097","TRINITY_DN39549_c0_g1",-1.86468832449815,-1.55118270212134,-3.54962226035052,0.00409639872759439,0.0285194991719038,-1.86962629776496,26,17,19,10,29,4,1,2,10,4
"3098","TRINITY_DN39559_c0_g1",-1.30714655695797,-0.817626348392667,-3.09690793308907,0.00940478757250927,0.0489020592876479,-2.45847801905358,40,21,33,11,34,6,9,6,17,6
"3099","TRINITY_DN39576_c0_g1",-1.56388992723385,-1.47186347144084,-3.96676362378934,0.00192864771018882,0.0173430215793511,-1.22857040873541,20.96,15,16,19,17.01,5.66,4.01,4.15,3.01,5
"3100","TRINITY_DN39580_c0_g3",-1.39180160593922,0.410787642920174,-4.22763556959493,0.00121482768588268,0.012785088761834,-0.69616676913234,96.22,63.97,35.52,40.95,81.67,14.31,16.66,19.3,30.55,23.31
"3101","TRINITY_DN39583_c0_g1",-1.18467601293411,0.950698085296623,-3.08793906721035,0.00956165155357285,0.0493990810267566,-2.74339243146546,103.71,92.62,57.77,80.45,81.13,18.05,13.08,30.21,114.19,35.03
"3102","TRINITY_DN3959_c2_g1",1.37295727288072,-1.06036611242583,4.16994370361312,0.00134468377267707,0.013658959336468,-0.804447223998065,11,8,12,7,8,23,14,14,23.01,23.01
"3103","TRINITY_DN3965_c1_g2",-1.77378466454795,1.43534994623875,-4.49061406141054,0.000768572194578244,0.00940436633279124,-0.348942783711601,173.04,143,100.04,130.51,154,59.62,9,20.43,91.53,58.13
"3104","TRINITY_DN39737_c0_g1",2.8570420773096,-1.77051997744296,3.42522131406842,0.00514205427464237,0.0330568741764101,-2.24444875430001,2.04,0,2.03,12.33,12.68,18.44,30.64,14.88,22.38,14.52
"3105","TRINITY_DN3976_c0_g1",1.7302401374149,-0.991912882380769,3.52206374654309,0.00430760870565498,0.0294227168924016,-1.78253846165889,3,11.02,10.58,10.01,13.17,18,30,18,34,17
"3106","TRINITY_DN39763_c0_g1",1.02861694772856,1.12487478871201,3.35230517384246,0.0058775739996967,0.0360553936611496,-2.31262485511267,29.89,26.32,54.17,48.08,72.58,125.52,71.32,53.64,107.78,70.41
"3107","TRINITY_DN39805_c0_g1",1.04392679153047,-0.879167266593458,3.45711156461818,0.00485048083299936,0.0317738230506123,-1.88238626662539,12.39,16.72,10.22,8.11,10.21,20.44,16.86,26.53,20.19,13.44
"3108","TRINITY_DN39854_c0_g1",-1.19828652773808,-0.198006572779227,-3.98197224593228,0.0018769859867319,0.0170513724777398,-1.06131727356708,46,32.06,35,45.01,30,9.05,11,12.04,16.04,25
"3109","TRINITY_DN3986_c0_g2",1.3532234975879,7.3483421512342,15.0923830046672,4.44765721725326e-09,8.90593142270254e-06,11.4290942125055,3305.73,2555.49,2732.26,2337.42,3089.25,7526.84,5923.92,7127.89,9354.67,6060.16
"3110","TRINITY_DN3988_c7_g1",2.37468298568654,-1.30682759144989,3.54157552608847,0.00415695262614906,0.0287638838341143,-1.85033636640151,4,3.01,2.84,8.7,15.66,17.23,36.66,26.09,33.5,10.44
"3111","TRINITY_DN3990_c0_g1",1.02825869663874,6.98882064997979,5.36761955650404,0.000178384897283358,0.00373081674998894,0.43381531794828,2315,3111.8,2198.26,3161.99,1718.77,5568.58,4055.75,3856,6882.61,4769
"3112","TRINITY_DN39921_c0_g2",-1.24904275362407,0.0335871488702185,-3.68453890561639,0.00320529223528302,0.024274567231059,-1.57785918709715,58.9,46.53,23.73,48.79,56.64,18.69,10,12,33,13
"3113","TRINITY_DN39935_c0_g1",-1.35437392548441,0.376385796655128,-4.12704673598516,0.00145051909582683,0.0143919836693636,-0.862037012802438,89.82,51,64.32,29,73,26,8,17,35,23
"3114","TRINITY_DN39943_c1_g1",1.00833004786596,-0.708551377198008,3.3883351277796,0.00550164380435583,0.0345342337457361,-2.0068972507376,15.07,15.01,8.99,12,13.14,14.01,20.01,24.01,32.99,19.01
"3115","TRINITY_DN39999_c0_g1",-2.74951129406403,-2.12747341666734,-3.43806350179333,0.00502254991462161,0.0325152384254719,-2.30174026056121,21.2,14.08,24.48,11.06,17.16,0,0,12.2,3.04,3.07
"3116","TRINITY_DN4000_c1_g1",1.3951895509807,4.21628131823624,6.48857387814227,3.22391925605266e-05,0.00131485915834568,2.47509598324092,274.97,437.98,243.81,277,352.9,1099.38,942.66,769.97,778.96,557.21
"3117","TRINITY_DN40000_c0_g1",-2.57764020648465,-0.0995090645666737,-5.638332838954,0.000116132046858921,0.00283874737510373,1.36688997025399,113,56,57,40,80,7,4,9,30,4
"3118","TRINITY_DN4002_c0_g1",1.07770668849815,-0.488205978461614,4.33136931761838,0.00101307732223501,0.0112678304426475,-0.490635698189226,13.44,14.35,14.53,13.26,15.52,34.12,26.94,19.85,29.29,21.73
"3119","TRINITY_DN40023_c0_g1",1.5073056072594,-1.32399025858614,3.13294351132513,0.00880018006531969,0.0467490267329614,-2.38640959775494,5.31,12.39,3.63,8.4,9.81,19.35,5.65,14.31,27.37,19.78
"3120","TRINITY_DN40023_c0_g2",1.66938363582216,0.77652525391207,3.91364633348188,0.00212089225803071,0.0184335292670118,-1.26405576507586,16.69,22.61,25.37,53.24,32.19,60.65,104.35,133.69,106.63,35.22
"3121","TRINITY_DN40067_c0_g1",-6.6529035652851,-1.9692589786702,-4.83043256734003,0.000431001863388102,0.00648896669123285,-0.86508654351143,138.47,88.69,46.28,27,105.54,0,0,1,0,0
"3122","TRINITY_DN40068_c0_g1",-1.06956581012919,1.22506814207576,-3.44268053010679,0.00498027984632418,0.0323205322719004,-2.16485298284817,89.5,98.71,107.66,59.66,124.18,36.77,58.33,43.21,79.6,15.55
"3123","TRINITY_DN40123_c0_g1",-1.42859087305695,0.93699067251427,-3.17931660955105,0.00807931867536431,0.0442878512411307,-2.57343017447662,175,126,69,59,56,56,14,34,58,12
"3124","TRINITY_DN40154_c0_g1",-1.79071649736347,-0.582757083799113,-4.47055453045257,0.000795644095300405,0.00963593938991631,-0.305112314006271,57.26,28.12,52.24,18.77,30.89,10.71,4.19,8.32,8.29,10.37
"3125","TRINITY_DN4016_c11_g1",1.43698140471552,-0.755776258371266,4.12395260290767,0.00145847930759958,0.0144530083876016,-0.832234482384133,7.02,10.92,11.43,6.93,23,19.86,24.12,23.08,34.21,22.23
"3126","TRINITY_DN4016_c4_g1",1.15932093023413,2.23295484442909,4.81395483207307,0.000443103555900529,0.00660798291300095,0.0703433789373316,104.12,90.45,57.36,90.91,93.85,164.6,248.68,182.97,162.59,206.89
"3127","TRINITY_DN4018_c3_g2",1.26697608972877,0.9291457601196,3.83571359909513,0.00243941489543299,0.0201764477307272,-1.42655726637612,32.11,36.81,57.12,50.01,15.93,105.11,53.05,72.07,82.05,82.98
"3128","TRINITY_DN40199_c0_g1",2.32469777339092,0.056825187493905,3.40259399977057,0.00535970143832718,0.0339312439432068,-2.02602569739236,6.29,6.82,33.81,13.83,27.64,57.24,21.9,171.11,103.59,33.36
"3129","TRINITY_DN40216_c0_g1",1.03233706417525,0.0338323864753198,4.03673494414632,0.00170250953531181,0.0159639844252183,-0.990985561092971,15.66,16.69,25.79,20.7,26.63,53.23,30.14,41.46,41.82,25.48
"3130","TRINITY_DN40227_c1_g1",2.22989524968156,-0.210049472010431,3.35035563608217,0.00589864376210738,0.0361203919196067,-2.07748289335031,16.52,5.15,17.9,10.33,13.59,44.26,16.31,156.21,40.41,57.18
"3131","TRINITY_DN40248_c1_g1",1.06332183152534,1.12249693798329,3.2316610969489,0.00733687338017445,0.0416527650187633,-2.52550461721687,42,59.04,91.7,17.23,33.47,76.54,53.01,94.64,121.05,83.89
"3132","TRINITY_DN40299_c0_g1",1.19220160372444,0.70971694297992,4.12724280639985,0.00145001618887464,0.0143898169317673,-0.898287796003276,46.04,41.73,18,22.23,33.51,66.37,39.9,79.2,63.4,84.82
"3133","TRINITY_DN40348_c0_g1",1.13685196374542,0.973568081580098,4.4626324818508,0.000806607750899671,0.00971472017592173,-0.36069348253766,31,40,45,49,29,63,52,87,131,65
"3134","TRINITY_DN40363_c0_g1",2.19411834112464,-1.00090387572375,5.08589732951003,0.000281905601725295,0.00495441911707134,0.343771890348918,6.74,9.85,6.31,5.48,8.29,29.7,23.88,16.16,50.76,21.93
"3135","TRINITY_DN40368_c0_g1",-2.49875868297812,-0.108095923532436,-5.85348080345801,8.3176798087709e-05,0.00229676003758739,1.65804210371551,60,106,48,53,61,9,2,10,19,10
"3136","TRINITY_DN4039_c1_g1",1.71718260525136,-0.647127627190057,4.25474771447456,0.00115836717218665,0.0123866466574185,-0.631020873311947,7.72,14.99,6.99,8,19.95,31,22,45,23.2,29
"3137","TRINITY_DN40398_c0_g1",1.32654553834059,0.59266949822311,3.6745617926874,0.0032638059371165,0.0245401610999493,-1.66188882758498,32,35,12,41,28,73,38,41,89,86
"3138","TRINITY_DN404_c21_g2",-3.30988579249112,5.48411039561418,-19.5680738025585,2.31402247440774e-10,3.33965331629966e-06,14.2355568508044,4546.8,2916.58,3578.68,3514.42,4866,377.55,356.12,425.91,328.14,456.11
"3139","TRINITY_DN4042_c0_g1",1.69289479833089,3.48193127020997,6.27032567174738,4.43742847239945e-05,0.00158668741356983,2.24473185915185,196.06,186.82,168.57,166.22,138.82,793.8,333.7,517.66,973.87,327.4
"3140","TRINITY_DN40435_c0_g1",1.30331231624518,-0.769728253607588,3.65402002180632,0.00338775236335562,0.0251184113954774,-1.56752478237492,23,6,9,14,10,26,24,18,31,18
"3141","TRINITY_DN40437_c0_g1",-2.95421167778678,-0.371203572625799,-4.21632795824224,0.00123921313628862,0.0129478061306144,-0.738506774160805,84,69,127,25,45.05,10,2,4,15,4
"3142","TRINITY_DN40491_c0_g1",-1.70343046583633,-0.82845665325815,-3.3830436905308,0.00555528523250343,0.0347549662892983,-1.99484346494691,27.05,33,22.01,21.06,47,2,4,4,18,19
"3143","TRINITY_DN40531_c0_g1",2.41334570577551,-1.45152303980825,3.21989102720993,0.00749757801981614,0.0422480626363532,-2.33608405171024,11,7,2,3,5,14,26,26,13,35
"3144","TRINITY_DN4054_c3_g1",-1.51305700780925,-0.570681082654827,-3.13784090870457,0.00872108686318538,0.0464919912354319,-2.40863767362425,30.83,19.01,62.85,21.98,47.82,19.97,2.01,13.04,13.69,4.95
"3145","TRINITY_DN40553_c0_g2",-1.1439172676202,0.465030315836504,-3.81180815531831,0.00254669465365361,0.0207295468044708,-1.41047545102211,58,45,74,33,89,36,16,19,21,29
"3146","TRINITY_DN4061_c0_g1",-1.12141163974293,1.60940602735439,-3.74373707576775,0.00287956257685569,0.0225900944083694,-1.69326306667385,161,96,166,58,169,46,59,64.94,47,59
"3147","TRINITY_DN40610_c0_g1",-1.06257009301733,0.518510192582344,-3.1520325364035,0.00849591023353478,0.045722176690822,-2.56542228629681,67.09,52.12,60.19,39,74.14,9,28,24,51.12,29.1
"3148","TRINITY_DN4062_c0_g1",1.282699170925,4.40890320655671,5.77653536353077,9.36522030033637e-05,0.00246255719087468,1.34720548379263,441.87,230.52,439.11,330.03,466.01,1031.17,488.43,990.02,1448.75,757.51
"3149","TRINITY_DN40623_c0_g1",-2.33510504234356,-1.18780176530476,-6.30582267277163,4.21089189289387e-05,0.00153283943802058,1.41004369734737,35.18,25.65,24.56,24.07,30.23,3.33,2.17,4.19,4.3,5.15
"3150","TRINITY_DN40643_c0_g1",-1.33649265157835,0.0674975669478193,-4.55145828080422,0.000692182685359168,0.00876510567339555,-0.14711099861671,61.4,39.17,34.73,43.12,57.68,10,24.73,12.16,22.31,16.23
"3151","TRINITY_DN40662_c0_g1",-1.99518401678654,-1.78853028132169,-3.49153947708473,0.0045545605440459,0.0305214068024512,-2.0351015835674,11.13,15.22,18.89,15.85,24.32,1.69,3.77,1.31,4.13,3.41
"3152","TRINITY_DN40669_c0_g1",-2.98626986985886,-2.44187537934471,-4.02608649617134,0.00173507246417381,0.0161594730894411,-1.69914741403664,17.75,19.64,12.76,14.27,12.39,2.09,3.11,0,3.13,0
"3153","TRINITY_DN40693_c0_g1",-1.8331092159368,1.94786339384059,-7.96897527611103,4.33795333896035e-06,0.000428918867769758,4.66953859032773,283.28,205.99,148.33,193.56,176.24,44.74,39.26,64.54,58.95,62.39
"3154","TRINITY_DN407_c1_g3",1.48930675405988,0.561987211731708,4.97656270293297,0.000337702331279741,0.00558851893144725,0.511042091414992,24.59,33.69,17.47,32.15,21.07,56,79.48,56.6,57.48,80.03
"3155","TRINITY_DN407_c1_g4",1.34052026717659,0.739376901318146,5.62506291827643,0.000118572729635546,0.0028717454621135,1.49964666713128,27,32,34,25,31,68,96,54,71,68
"3156","TRINITY_DN40708_c0_g1",-2.10444367970001,-1.65954177649205,-3.47518881794671,0.00469273466065808,0.0310908737512938,-2.00773458781344,29,18,15,10,23,4,4,5,1,4
"3157","TRINITY_DN40753_c1_g1",-1.08696429943879,0.0398379498762059,-3.56672147029165,0.00397069663318549,0.0279674370598384,-1.78269970589333,51,33.54,55.18,30.45,48,19,7,32,28.77,10
"3158","TRINITY_DN408_c0_g1",1.17209868422775,2.58981909591598,3.52422209168159,0.00429067285397021,0.0293616168820799,-2.26306336906281,138,94.79,62,130.02,148,512.45,219,205.02,203,183.81
"3159","TRINITY_DN40805_c0_g1",-1.24034894621225,0.911988441498715,-5.14994227239174,0.000253803428735125,0.00463643144064278,0.766145813196427,72.01,71,98,88,73,34,21,52,26,29
"3160","TRINITY_DN40869_c0_g2",1.28461396123429,-0.754996085379416,3.66636982245346,0.00331266836037801,0.0247419775962104,-1.54821953529902,17,9,6,14,14,35,16,18,25,24
"3161","TRINITY_DN40876_c0_g1",-3.18962771674294,-2.37274056095209,-3.54087544916764,0.00416226394164142,0.0287860825030696,-2.19578969209873,35,12,19,16,11,0,3,0,3,2
"3162","TRINITY_DN40889_c0_g1",-1.82570264138781,0.0220479235187223,-6.60483381367438,2.72651480103214e-05,0.00118353622209279,2.75405484240231,71,41,53,38,73,11,7,18,20,11
"3163","TRINITY_DN4089_c0_g1",1.12261903910707,5.3145942138207,6.52207919555906,3.07135688352092e-05,0.00127782444495763,2.40389378163036,909.82,486.4,1090.72,631.67,697.27,1705.53,1606.05,1887.7,1649.63,1156.22
"3164","TRINITY_DN40895_c0_g1",-1.68230515057514,4.22703764158584,-11.314296555224,1.0861474857523e-07,6.39914779069654e-05,8.2822105813013,779.01,740,1212,881,1038,303,196,298,322,315
"3165","TRINITY_DN40902_c1_g2",1.97007801019967,-1.11864561474309,3.9929228843311,0.00184067491522089,0.0168026551010914,-1.12861841042023,8,8,10,4,7,35,23,11,27,26
"3166","TRINITY_DN40902_c3_g1",-1.57523438159318,-1.33805078804361,-3.11469785541868,0.00910125657576293,0.0477800575679895,-2.41822978834496,30,17.02,30,10,17.18,11,5,6,4,2
"3167","TRINITY_DN4092_c0_g1",-1.14877569500476,0.516338386342868,-4.1465192322403,0.0014014451627508,0.0140739724446964,-0.845001387211722,108.75,50.24,52,49.89,50.01,24.3,18,17.2,34.68,29.06
"3168","TRINITY_DN40970_c0_g2",-1.17103959173811,-0.0774564962362122,-3.19198663994436,0.00789292776526651,0.0436671656061634,-2.40732321163679,44,31,27,42,64,29,9,22,10,14
"3169","TRINITY_DN41_c3_g2",1.65808706012325,2.86510281651711,4.95599161536536,0.000349438725304153,0.00569917483828953,0.228482813691159,64.36,75.57,227.98,86.26,187.6,571.47,259.03,264.99,430.73,307
"3170","TRINITY_DN41029_c0_g1",-1.8336341465178,-0.659717606433507,-5.5438044518589,0.000134750957305196,0.00312809683012817,1.15584068603866,32.61,31,28.02,29,48.89,9,6.87,10.06,6,7
"3171","TRINITY_DN41029_c2_g3",-2.4461942405962,-0.366248083371309,-4.66825198303562,0.000566941307222802,0.00770329750303015,-0.0286906996489247,42.94,59.02,58.72,23.22,97.91,12.33,4.27,5.25,13.07,4.17
"3172","TRINITY_DN41051_c0_g1",1.36842917337833,0.245682400355935,4.05998880788796,0.00163357809517144,0.0155670639044918,-0.965001496250518,15.1,27.55,29.15,23.94,14.56,61.92,48.2,65.74,34.77,43.26
"3173","TRINITY_DN4107_c0_g1",-1.34096861737257,-1.2210999442946,-4.01035889572596,0.00178435007766122,0.016462804209385,-1.07597042602026,20.88,23.45,21.86,14.19,18.9,9.3,4.65,5.7,6.91,3.48
"3174","TRINITY_DN4109_c1_g1",1.04196749027459,0.38750259784598,4.20591340604516,0.0012621222763544,0.0130967867239088,-0.736147271196002,19.79,22.39,29.16,21.93,42.49,43.19,33.42,56.93,73.33,42.28
"3175","TRINITY_DN41158_c0_g1",1.3408887189449,-0.540593285038736,4.32351276705233,0.00102706130691846,0.0113703947860988,-0.506829067186784,18,16,14,9,9,36,17,26,28,34
"3176","TRINITY_DN4116_c0_g1",-2.63353556592626,2.8483200531044,-9.31391587089504,8.70543581360071e-07,0.000179191990346857,6.23601017788021,380.14,429.95,836.68,389.59,500.25,52.6,63.67,65.86,103.13,113.91
"3177","TRINITY_DN41265_c0_g1",-1.20749332568161,0.426962691554704,-4.73742300785644,0.000504162632478508,0.00716321605894118,0.135796438895866,86.37,50.33,49.82,50.45,55.73,36.12,13.24,21.79,32.56,13.37
"3178","TRINITY_DN41287_c0_g1",-1.81483222187459,-1.83270936027755,-3.66841010319853,0.00330042905738936,0.0246862071705491,-1.80109036035558,18.25,11.59,19.72,10.51,17.02,6.04,2.26,3.13,2.11,1.07
"3179","TRINITY_DN41301_c0_g1",-2.54579555843297,-1.40857069934725,-5.20320198034791,0.000232681185354456,0.00438200134774987,-0.0206118245388511,33.31,21.18,33,23,24.24,4.03,2,2.01,8.19,1
"3180","TRINITY_DN41327_c0_g1",1.68526055185612,-0.490784971962203,5.47560157866098,0.000150129622820809,0.00333185404556465,1.15966817280413,10,8,19,12,13,44,29,33,36,23
"3181","TRINITY_DN4142_c0_g3",-1.18041674310989,3.41483904204317,-7.75679311602115,5.68914415896546e-06,0.000487100599342927,4.33690560221907,379,350,565,498,415,176,160,181,243,204
"3182","TRINITY_DN41441_c0_g1",2.44660469870999,-0.496827310877875,4.78041450300484,0.000468849808099669,0.00682024454119862,0.106159551963634,11,9,4,7,19,36,50,34,34,71
"3183","TRINITY_DN41467_c0_g1",-1.51363638916047,0.0364256723613583,-5.13473820299434,0.000260196660813842,0.0047005493986209,0.757446404509435,90,43,39,37,45,15,12,18,15,14
"3184","TRINITY_DN41479_c0_g1",-1.76151615379355,0.710148795543054,-7.94040021696689,4.49794329378137e-06,0.000432876483749124,4.50023522812549,98.44,106.02,69.59,75.32,71.06,26.84,19.69,21.45,25.83,17.23
"3185","TRINITY_DN41479_c0_g2",-1.73816343371499,-0.940264810355396,-3.50746975798717,0.00442392769092361,0.029936867708099,-1.80522995745855,58,28,15,20,28,4,5,6,10,7
"3186","TRINITY_DN41573_c0_g2",-3.46348346090267,-0.749456071092461,-3.95255805790905,0.00197822891931043,0.0176178740225646,-1.24048771973527,54.31,64.56,79.04,21.88,49.7,7.65,7.15,2.93,0,19.28
"3187","TRINITY_DN41594_c0_g2",1.28774978458483,-0.256262519616468,3.54239598098939,0.00415073684058051,0.0287502320750728,-1.79047222935228,20,14,7,20,24,27.01,28,22.56,58,37
"3188","TRINITY_DN41601_c3_g2",-1.48778366183685,-0.258461691445283,-4.18325214026527,0.00131350243478192,0.013461881530013,-0.725956023223731,45.55,28.4,42.15,49.05,42.55,18,5,15,26,4
"3189","TRINITY_DN41619_c0_g1",1.50640549057637,-1.32199313593616,3.15985956733074,0.00837423487460837,0.0452964670273998,-2.34595069624044,9.84,8.05,4.06,15.79,4.42,26.54,10.92,19.3,18.07,9.52
"3190","TRINITY_DN41624_c1_g3",-2.33649348308584,-0.866856066382907,-6.2551708304179,4.53805656381913e-05,0.00160628057735299,1.69317533107132,44.52,32,36.33,30,31.09,2,5,8.65,7,5.47
"3191","TRINITY_DN41646_c0_g1",-1.21111317782468,0.130046529517538,-5.31254617753295,0.000194907940444626,0.0039371023414122,1.02853994577196,54.98,51.37,40.67,42.46,46.65,14.52,9.25,19.89,28.49,19.61
"3192","TRINITY_DN4167_c0_g1",-3.0399500286089,1.92278133863576,-13.4260489734195,1.64944795016337e-08,1.89474962335443e-05,9.52556994055754,377.32,272.21,277.66,302.24,259.65,28.56,41.66,33.07,54.39,18.92
"3193","TRINITY_DN4167_c0_g2",-2.1141327204411,1.79479050731704,-8.34392199638876,2.71991822907977e-06,0.000333510622190867,5.09966915061166,189.24,273.94,161.2,207.51,166.96,35.9,41.61,63.73,46.11,32.17
"3194","TRINITY_DN41727_c0_g1",-3.25261408536751,-0.451642371452927,-6.60391782531986,2.73009776386751e-05,0.00118426337242706,2.04948502668869,90.6,59.64,39.22,61.22,72.94,4.09,2.01,4.1,7.29,8.13
"3195","TRINITY_DN4174_c1_g1",-1.02883098646305,3.15463046675471,-7.91989052869154,4.61666443891616e-06,0.000440207109648667,4.56746620220184,370.6,360.13,292.25,299.09,414.87,158.83,136.34,165.1,227.53,161.42
"3196","TRINITY_DN41763_c0_g1",-1.59759162798175,0.317429191651228,-4.60923107501103,0.000626967730419218,0.008203708873955,-0.0615721013109543,103,70,60,39,48,17,6,29,31,14
"3197","TRINITY_DN41784_c0_g1",-1.39461192356099,0.419370104875056,-5.8843907926967,7.93247842037101e-05,0.00224031731138185,1.87019684547216,72.85,66.53,73.89,35.57,59,24.43,13.98,19.36,21.99,24
"3198","TRINITY_DN41823_c0_g1",-1.01933877678538,-0.385848210786908,-3.25821834920817,0.00698693973526779,0.0403411121874256,-2.25431319133698,32.89,31.95,38.01,35.43,22,9,8,19,23.25,9
"3199","TRINITY_DN4183_c6_g1",2.25970418711717,-1.63316582285337,3.26142345570773,0.00694586488255786,0.0401786987904106,-2.29585432111469,2.03,15.05,5.3,6.62,2.74,22.49,8.61,12.03,18.99,27.44
"3200","TRINITY_DN4186_c0_g2",1.0992681279114,2.75010576749724,4.00884083847661,0.00178918239503206,0.0164853359045896,-1.41869920474326,86.79,139.95,180.17,162.5,90.2,311.02,170.86,336.43,228.55,321.18
"3201","TRINITY_DN4190_c0_g1",-1.0921934128739,6.18213396812776,-4.63266421337513,0.000602376707027152,0.00798120207299967,-0.763864857217054,2925.95,3921.69,2455.49,2138.28,3441.43,1218.54,737.7,2094.39,2092.07,1049.44
"3202","TRINITY_DN41944_c0_g2",-2.65616324777795,-1.4017146871151,-3.41944326297487,0.00519676254192011,0.0332766492703888,-2.11732545703588,53.8,36.49,19.62,17.6,26.18,4.99,0,2,12.86,4
"3203","TRINITY_DN41970_c1_g1",3.27696512593899,-2.22088151506792,3.8380258385755,0.00242928813114659,0.0201198164425116,-1.87631381233527,2.86,12.8,3.49,0,0.72,27.17,10.14,16.2,25.18,8.14
"3204","TRINITY_DN41975_c0_g1",1.40201435800048,-0.462933719216,3.50927648623396,0.00440935533798074,0.0298643015002528,-1.81849882973184,10.72,6.2,17.81,18.91,17.97,39.12,31.47,35.61,20.94,26.47
"3205","TRINITY_DN41993_c0_g1",-2.25741211778175,-1.47976879077477,-4.23485736921294,0.00119951468986207,0.012675193830359,-1.01498750880196,21,22,33,13,26,1,3,3,5,6
"3206","TRINITY_DN42017_c0_g1",-1.13624138796752,1.11582811593812,-4.8181054018909,0.000440022088084546,0.006583256470417,0.216556930361794,120,69,108,60,99,40,27,25,67,38
"3207","TRINITY_DN42060_c0_g5",-1.54118072180388,-0.204189636481142,-5.31489247143325,0.000194172063858984,0.0039235145481714,0.999628070942451,59.1,34.24,49.23,32.22,39.09,9.02,5.02,11.84,21.65,17.1
"3208","TRINITY_DN42065_c0_g2",-2.99014450786427,-2.32465647656842,-4.02648802585628,0.00173383297585095,0.0161552008620492,-1.69155424691863,13,13,20,17,20,3,0,2,0,4
"3209","TRINITY_DN42070_c3_g1",-1.75567311204947,-1.87817277498988,-3.83186181994692,0.00245638088908557,0.0202573916977677,-1.62249828461976,17.95,13,14.97,9.98,19,2,1,4,5,3
"3210","TRINITY_DN4208_c8_g1",1.2300866755991,-0.615887642291296,3.80516804254045,0.00257734649083981,0.0209050315003777,-1.32910985574757,8.57,13.39,15.44,13.67,13.46,23,16.49,26.44,25.67,35.04
"3211","TRINITY_DN42085_c1_g1",-1.15880599519799,0.176412469602481,-3.43424690721836,0.00505776744430603,0.032669704093429,-2.0252165986609,68,33,62,31.32,55.24,21,12,28,37,7
"3212","TRINITY_DN4209_c1_g1",1.15945078070448,2.41255647846544,4.57860147986115,0.000660702680302118,0.00850351610555125,-0.359129477875083,83.28,110.91,55.99,136.26,130.72,224.16,230.1,193.64,294.86,145.58
"3213","TRINITY_DN42097_c0_g1",-1.47840400988375,-0.175005532954734,-4.69267846729548,0.000543886341735855,0.0075175241097554,0.0763995197758414,64.45,34.4,42.32,26.39,51.16,16.1,10.11,10.13,26,6
"3214","TRINITY_DN42103_c5_g1",1.15076098889871,0.0218365241418152,3.97113229928601,0.00191365926657078,0.0172507239780881,-1.09809267697567,28,22,12,18,20.99,31,51,35,38,42
"3215","TRINITY_DN42139_c0_g1",1.79928521625301,1.39992954588295,8.69500077003551,1.78112993145476e-06,0.000258802498678822,5.45807235893842,48.19,37.13,40.34,31.45,43.67,122.49,115.08,96.81,217.67,129.98
"3216","TRINITY_DN42140_c2_g1",-1.91224321247391,0.77938715347924,-7.31512587173472,1.01749676075785e-05,0.000663446364782382,3.77540106948355,126.86,114,93.95,73.07,64.13,23.05,18.01,23.65,30.31,16
"3217","TRINITY_DN42141_c0_g1",1.20887682739047,-0.622304396123092,3.70526855810992,0.00308713232467165,0.0236493461584189,-1.49051754216323,10.21,12.1,10.12,12.89,19.36,20.41,31.4,20.27,24.86,28.67
"3218","TRINITY_DN42142_c1_g2",-1.20561002345683,1.2333798904689,-3.18484769466318,0.00799740998772527,0.0440021611619259,-2.62043374591815,106.95,55.2,75.23,205.46,107.9,36.78,19.97,52.63,63.47,35.57
"3219","TRINITY_DN42145_c0_g1",3.19847208261038,-1.12125331444899,3.31248181149054,0.006323523187957,0.037802687457263,-2.19723045231417,10.44,9.13,1.01,6.05,3.44,53.55,14.28,31.13,106.16,16.08
"3220","TRINITY_DN42155_c0_g1",-1.57758243858351,-0.39103054051464,-4.82216020109722,0.000437033405603266,0.00654801149394573,0.252711786556594,35.93,33.34,56.48,34.87,31.99,14.1,11.14,8.09,17.17,4.03
"3221","TRINITY_DN4216_c0_g1",-1.00645060574258,2.93847454421569,-4.36052786425434,0.000962885738314235,0.0108990097228515,-0.824559834906624,331.11,419.15,232.63,199.48,349.59,158.67,115.87,130.14,253.68,100.56
"3222","TRINITY_DN42172_c0_g2",-1.04519499772166,-0.37808880962026,-3.70908688996662,0.00306585980391008,0.0235707433078913,-1.5018664847925,28.28,34.11,33,30.34,30.21,10.1,14,22,12,9
"3223","TRINITY_DN42182_c0_g1",1.81714998985459,-0.623966159499438,4.92223834248338,0.00036963293348362,0.00589423847036055,0.346863445127465,10,9,20,13,6,29,22,39,44,23
"3224","TRINITY_DN42199_c0_g1",1.01395243505859,-0.49543417867831,3.6154903039537,0.00363340444208643,0.0263912880105398,-1.65070043401499,20,15,10,11,20,27,19,28,41,16
"3225","TRINITY_DN422_c0_g2",1.55175792462327,1.44696225819791,4.53436999813262,0.000712801215979853,0.00894409191039688,-0.285817636104839,58.2,19,48.19,56,57.64,161.26,172.43,137.41,106.6,77
"3226","TRINITY_DN4220_c1_g1",1.4497792262077,0.246503646449173,4.84963317712996,0.000417336208185702,0.00634944308502923,0.32085657579289,22,14.64,20.68,14.29,36.75,40.67,43.32,37.92,69.49,73.39
"3227","TRINITY_DN42223_c0_g1",-1.92251984680133,0.332134499194531,-4.41789659478557,0.000871546521138803,0.0102191875242104,-0.367176532696003,100,56,122,48,49,12,6,25,46,8
"3228","TRINITY_DN4225_c0_g1",-1.00208739866964,3.27474810193726,-5.52344608206432,0.000139159178675229,0.00319340734088212,1.09069631877499,328.86,310.7,410.95,412.91,397.76,260,183,216.92,152,136
"3229","TRINITY_DN4226_c0_g1",1.21244041659629,2.72399429708543,5.03096869881043,0.000308614392533697,0.00526124716106263,0.363667397563525,143.36,57.66,115.21,114.96,211.26,292.93,239.12,232.89,341.52,267.89
"3230","TRINITY_DN42260_c0_g1",-1.14768122360089,-0.400978852504607,-3.75990156648362,0.00279667044401215,0.0221175335891974,-1.41308605027439,25.48,32.5,43.74,21.19,45.01,16.25,8.13,11.23,19.45,7.18
"3231","TRINITY_DN42318_c1_g1",-1.39470336617942,1.8396969344271,-3.58377277185685,0.00384927007900844,0.0274283079823921,-2.00953498513482,130.92,159.63,225.8,67.7,299.17,60.19,41.5,107.39,65.24,35.63
"3232","TRINITY_DN42318_c4_g1",-1.012985370148,-0.952118878919616,-3.23622138279595,0.00727554827226509,0.0414142488264634,-2.23156388251197,29.56,21.64,16.23,19.56,20.16,8.76,3.12,8.31,10.4,12.2
"3233","TRINITY_DN42321_c0_g1",-1.73964223702541,-0.664301163017642,-3.63647265992814,0.0034974469458663,0.0256971844498315,-1.59539361621786,48.48,42.38,33.63,20.91,28.81,9.21,10,11.38,17.82,1
"3234","TRINITY_DN4233_c0_g1",-1.02233079096966,7.25074567835675,-16.8341666535928,1.29177810960134e-09,4.80063945104407e-06,12.6730670793125,6024.49,5308.28,6476.72,5060.62,6151.17,2915.72,2433.09,3042.04,3339.46,2642.52
"3235","TRINITY_DN4234_c0_g2",-1.54116672314364,-1.01690187403409,-3.51521436161829,0.00436180686098749,0.029649014354899,-1.79257986831526,29.78,25.22,12.86,26.04,29.48,4.39,12.13,6.66,6.53,4.51
"3236","TRINITY_DN4236_c0_g2",-1.8214403641637,4.22516930654798,-16.4308528958801,1.70142197897622e-09,4.80063945104407e-06,12.2894632982215,1004.74,885.83,1080.79,722.53,1156.84,248.12,247.47,269.39,329.59,259.24
"3237","TRINITY_DN42376_c0_g1",1.41169910923839,0.0517411760138393,3.51146957486465,0.00439173254001459,0.0297871946775421,-1.87538678023077,8.03,23.96,33.4,22.95,15.08,46.94,33,44.41,36.56,60.97
"3238","TRINITY_DN42389_c2_g1",3.0837793790257,-2.23051696985822,4.99933771268838,0.000325189978108403,0.00543360503394375,-0.793729275026089,3,3,1,1,7,19,13,14,14,16
"3239","TRINITY_DN4245_c0_g1",-1.63311077857119,4.17096579192887,-7.56710488807919,7.28193405682522e-06,0.000550570980077185,4.0217632671737,844.23,637.04,1187.65,788.76,997.73,337.95,141.32,237.54,506.15,264.54
"3240","TRINITY_DN4247_c3_g2",-2.06109700057634,0.92122961364089,-9.0358499100361,1.19523094527118e-06,0.000208696580398792,5.69303512727297,126.01,92.08,93.43,91.29,133.25,35.56,17.22,14.06,32.64,21.99
"3241","TRINITY_DN42471_c0_g1",-1.47465281347652,0.685077935946462,-4.19235206893859,0.00129261409124323,0.0132998055859162,-0.779216277182428,109,60,84,79,50,61,21,17,18,21
"3242","TRINITY_DN42485_c2_g1",2.16393023895637,-1.0390495442704,3.68195117460906,0.00322036464687202,0.0243314569476146,-1.5733749857772,13.05,6.25,18.42,4.39,2.79,50.15,14.75,18.5,33.02,24.8
"3243","TRINITY_DN42548_c0_g1",4.11830562963857,-0.533984870651975,4.2816318751704,0.00110506865543157,0.0119672072081751,-0.890990060937001,8.55,2,4,15.01,5,59,111.49,103.01,44.04,88.05
"3244","TRINITY_DN42559_c0_g1",-1.43793735593983,-0.374529326456163,-5.50983387082231,0.000142191442525952,0.00322482654247344,1.25123768682717,35.99,37.61,35.69,38.6,30.58,10,12.17,12.61,10.55,10.55
"3245","TRINITY_DN426_c0_g2",1.27565805301577,7.88639041192316,9.80314872576858,5.07223556682525e-07,0.000137772415388738,6.51748624323921,3858.6,4326.38,3715.1,4712.44,4163.27,11504.05,11786.47,10764,8962.03,8825.31
"3246","TRINITY_DN42600_c0_g1",-1.10616756142696,0.337000582805955,-3.40873287718342,0.00529974284424089,0.0336824242155635,-2.09111796272705,80.04,41.65,38.62,53.48,55.3,22.16,24.96,24.05,38.38,7.69
"3247","TRINITY_DN42604_c1_g1",2.45352915648937,-1.01849313770641,6.13214923105369,5.45040669167597e-05,0.00179349155685095,1.42596724764038,5.2,7.56,5,10.06,6.12,29.76,22.73,39.42,31.89,22.02
"3248","TRINITY_DN42624_c0_g1",1.7910692899259,-1.43210142616411,4.00069969804492,0.00181532926149034,0.0166496377922209,-1.19872050650795,4.24,9.4,9.28,2.09,8.67,17.62,14.82,18,15.54,19.14
"3249","TRINITY_DN42664_c0_g1",-1.41298389041759,1.71718293452971,-7.94989920844749,4.44406917981916e-06,0.000429551398040398,4.64083716908572,142.98,118.23,197.9,127.3,151.86,47.34,36.73,65.9,58.84,57.71
"3250","TRINITY_DN4267_c0_g1",-1.17108165372735,-0.115684456966809,-4.95315820358254,0.000351088521287193,0.00571864893595462,0.480093467103861,43,46.31,35,30.34,43.67,15,7,19,22,14
"3251","TRINITY_DN4269_c0_g2",1.02570351973194,-0.272108305289988,3.13374309973987,0.00878721752345006,0.0467185109141623,-2.48745969520528,11.33,24.33,22.25,22.59,10.89,26.8,22.86,27.11,39.03,33.2
"3252","TRINITY_DN42699_c0_g1",-1.77999969813227,-0.0562744280161676,-5.03418084990059,0.000306981509636944,0.0052436902116686,0.597001982932452,41,47.21,71,60.08,38.05,16,7,23,10,10
"3253","TRINITY_DN42712_c2_g1",-1.21386295206338,-0.254613817473257,-3.54386394383294,0.00413963919547786,0.0287051116449999,-1.78566971124261,36.35,31,47.42,21,52,7,7,18,19,21
"3254","TRINITY_DN42725_c0_g1",-2.82910948368173,0.577160426282743,-7.01495710863895,1.5311901540187e-05,0.000853230643709996,3.31798635677869,157.48,123,131,50,118,12,15,11,28,7
"3255","TRINITY_DN42833_c0_g1",1.5176216094213,0.0949776040638717,4.60852119830843,0.000627728856064019,0.0082060893029017,-0.0562933719691188,20.52,12.01,18.78,13.18,29.88,68.9,60.56,28.11,46.28,42.11
"3256","TRINITY_DN42884_c1_g1",2.18207733037932,-1.72003965627462,4.16290122150125,0.00136149380661407,0.0137958482781198,-1.19516904893809,3.02,3.02,4.05,10.07,5.24,15.12,9,21.17,19.06,14.22
"3257","TRINITY_DN42893_c0_g1",-3.20970050635138,-2.22753854285885,-3.41773365826354,0.00521306283481675,0.0333238231587041,-2.32515142442808,15,12,34,11.19,32,2,0,4,5,0
"3258","TRINITY_DN42937_c0_g1",-1.81046819045309,0.236003093296856,-5.92561969336655,7.44785024546209e-05,0.00216328241146284,1.90644963403998,87.99,79,46.4,40.71,65.68,22,13,13.2,24,8
"3259","TRINITY_DN42938_c0_g1",1.33442620920808,0.556249119976988,4.73015426400098,0.000510403227630539,0.00720882137700525,0.117272179716581,19,15,37.95,26,45.1,62.54,62,58.57,65,58
"3260","TRINITY_DN4294_c10_g1",-1.64226526135594,-0.392222543282266,-3.33143704184675,0.0061071316410822,0.0369847892183938,-2.11060895632569,93.06,27.14,37.59,19.11,37.45,26.15,7.65,7.76,7.98,8.65
"3261","TRINITY_DN42984_c2_g3",-1.50960649708787,-0.963170216712229,-3.12458138466402,0.00893690137516493,0.0472364006526904,-2.40023700611258,24.11,35.57,20.62,18.64,24.48,17.23,2.36,13.09,2.64,7.69
"3262","TRINITY_DN42994_c0_g2",-1.73095901387415,0.501678912619004,-7.32585475261958,1.00294868717651e-05,0.000661194540340956,3.74995987001344,67.39,72.69,82.49,85.58,54.6,21.3,14.58,19.14,21.14,19
"3263","TRINITY_DN43_c3_g1",1.22251488493517,0.994775987930713,3.76257304237232,0.00278320891965183,0.0220493589860269,-1.56434195902575,23.09,24.76,66.08,39.04,48,83.26,63.3,123.24,106.59,45.84
"3264","TRINITY_DN430_c0_g1",-1.3296442257015,6.0433407779494,-3.44136911951848,0.00499224918531578,0.0323677539094727,-2.91328802616935,4881.92,1504.23,1410.72,2949.84,5954.23,1085.29,1261.2,982.22,1309.68,990.87
"3265","TRINITY_DN43010_c0_g1",-1.28121743039367,0.255381681407645,-4.50146316992223,0.000754332515740814,0.00928319519867076,-0.235973899556452,57.93,68,55,35,48.42,17.01,29.02,19,27,9
"3266","TRINITY_DN43046_c0_g1",-3.11619460878484,-0.7841174562369,-5.06966106799907,0.000289537630809528,0.0050343862450618,0.160209243509715,45,44,81,28,58,3,4,1,14,4
"3267","TRINITY_DN43047_c0_g1",-4.81606614638915,-1.71206468167416,-6.17154970291812,5.1386638607897e-05,0.00173291572268264,0.146940665442353,57.26,34.59,33.61,48.19,59.83,4.23,0,1.04,2.06,0
"3268","TRINITY_DN43073_c0_g1",2.03312920499872,-1.47616190678578,4.46694524531582,0.000800619738734849,0.00967068878424344,-0.669950968514175,7.9,4,5.61,5.37,5.41,23.64,18.54,15.56,15.22,17.85
"3269","TRINITY_DN43073_c7_g1",2.83924142214728,-1.70498508761147,4.48312905703893,0.000778559664196257,0.00948171720528124,-1.03145048458392,3.1,7,5.36,5.63,1.57,24.31,14.46,14.44,24.78,23.14
"3270","TRINITY_DN43074_c0_g1",1.16363142464727,0.95752393721852,4.89230419696404,0.000388567512054968,0.00607555157261966,0.350286631052334,43.87,31.99,38.23,27.3,42.05,88.58,96.38,76.38,59.95,71.27
"3271","TRINITY_DN43078_c0_g1",1.67754173673764,-1.00427068929127,3.22258472007657,0.0074604881916446,0.0421193582544926,-2.24527408799618,11.37,18.29,4.09,9.74,5.27,22.57,13.03,17.61,57.82,13.81
"3272","TRINITY_DN43090_c0_g1",2.44097908057517,-1.49318991869284,3.51016142735353,0.00440223563206591,0.0298304228154781,-1.95319622160356,0,5,16.17,5,9,21,13,22,34.48,14.89
"3273","TRINITY_DN43130_c0_g1",-1.50045213158776,0.220482545666994,-4.67325652100785,0.000562135851421,0.00767900286066838,0.0436223540173044,66.34,46.2,76.46,27.53,74.6,20.1,7.03,20.17,28.27,14.09
"3274","TRINITY_DN4315_c0_g1",-1.25513570047188,0.168521975385479,-4.34459059514476,0.000989989981339847,0.0111146026590142,-0.486867468440997,54.94,46.71,51.09,51.97,41.87,35.26,15.33,11,28.27,9.45
"3275","TRINITY_DN4315_c10_g1",-2.00272466268197,0.852697681797364,-5.98676480591224,6.78604871965845e-05,0.00204682793111797,2.02645986589306,132,98,98,64.66,116,31,21.74,8,53,18
"3276","TRINITY_DN4315_c6_g1",2.82879507793564,-1.42063304090846,3.85819910450134,0.00234275216691845,0.0196386222834971,-1.57035914211168,5.78,7.69,4,1.85,4.64,15.98,30.85,15.72,30.74,42.89
"3277","TRINITY_DN43174_c0_g1",2.17676192609327,-1.11784480053427,3.50686051772927,0.00442885265119451,0.0299571319026096,-1.84323819196973,6,5,18,4,6,13,13,31,40,40
"3278","TRINITY_DN43175_c0_g2",-1.99224865151598,-1.22884375608062,-4.36932470588324,0.000948257008672607,0.0107885090829075,-0.681714535306305,27,15,29,23,34,5,2,7,8,2
"3279","TRINITY_DN43202_c0_g1",-1.08151456094029,0.0815119048262917,-3.48341343400605,0.00462270490445595,0.0308310653941468,-1.93058127535086,49.7,44.36,50.07,25.79,53.23,18.91,5.12,30.77,23.68,19.76
"3280","TRINITY_DN43209_c0_g1",-1.54367493835291,0.403980970011101,-6.45626365469697,3.3786941434562e-05,0.00135221831244939,2.64964807390675,92.15,54.73,67.4,53.34,53.07,23.41,16.08,23.93,23.36,11.03
"3281","TRINITY_DN43235_c1_g1",1.10379385828376,1.97482683485467,6.410988103073,3.6090086775638e-05,0.00140279026080836,2.60067289506241,97.62,64.26,78.23,55.56,77.59,145.04,126.52,180.11,152.72,182.25
"3282","TRINITY_DN4325_c1_g1",-1.54022923837435,2.90410904261451,-3.52127346165189,0.00431382687353023,0.0294459653823238,-2.30962965537768,673.42,362.08,152.1,462.73,297.62,59.59,92.53,138.13,199.55,139.51
"3283","TRINITY_DN4329_c4_g1",1.46078460909857,-0.0578588195966985,3.79791684186673,0.00261125306271815,0.021111086560975,-1.37617240268327,23.77,15.48,31.17,18.57,6.77,40.24,42.96,41.19,37.75,43.05
"3284","TRINITY_DN4329_c7_g1",-3.34659457232919,-1.3160432589589,-4.06095721208219,0.0016307708803407,0.0155535473119886,-1.44720678207803,27.1,27.98,69.66,30.25,44.67,3,0,4.96,4.56,3.32
"3285","TRINITY_DN43317_c1_g1",-2.13754176378739,-0.800638641578921,-4.74444792977016,0.000498207250926863,0.00710446057754057,-0.00461880474655718,51,33,33.17,17.02,40.82,7,3,11.98,3.97,8
"3286","TRINITY_DN43318_c0_g1",-2.14358843636147,-1.25460957189031,-3.86762485503045,0.00230341371064284,0.0194533473026454,-1.37841284408585,41.58,35.26,15.24,17.21,25.18,5.08,3.03,7.07,5.01,1.02
"3287","TRINITY_DN43330_c0_g1",-1.73027271909294,-1.00819668357785,-4.18040940953634,0.00132009930003972,0.0134886985927021,-0.814981213973947,30.27,17.99,29.02,18,39.3,4.05,5,3,12,8
"3288","TRINITY_DN43333_c1_g1",1.71240074975853,-0.36069297708933,3.8949342737698,0.00219323572822496,0.0188563593620271,-1.18680674083012,12.56,13.71,24.12,8.96,8.36,46.78,43.67,31.7,22,46.02
"3289","TRINITY_DN43336_c1_g1",-2.66147445078674,-1.61965904608571,-3.10906117112553,0.00919634808505713,0.0481205522238756,-2.54784327139931,20,12,47.56,31,18,1,2,3,2,6
"3290","TRINITY_DN43348_c0_g1",3.76157842050192,-1.575910187769,4.66919833025134,0.000566029322470773,0.00770329750303015,-1.03696426035572,10,6,0,0,11,25,34,29,40,30
"3291","TRINITY_DN4339_c1_g1",1.20510102263541,0.850508887266989,5.19333996018487,0.000236448082428237,0.00443154537096932,0.836479268852986,29,29,29,42,42,58.82,71.14,64,82.57,87.5
"3292","TRINITY_DN43392_c2_g1",2.57185450156726,-1.91027328934647,3.16726818443629,0.00826068190817572,0.0449367775627114,-2.55869296014787,8.62,1.22,2.39,1.01,13.85,19.51,14,11.59,35.56,8.84
"3293","TRINITY_DN43414_c0_g1",-3.29339372891625,-0.929917697191567,-6.58435260014766,2.80783775560929e-05,0.00120451776670139,1.46187355178519,51,45,49,27,61,2,2,3,4,7
"3294","TRINITY_DN4344_c0_g1",1.02513206957238,4.48362545863181,7.35725683925451,9.61630617659614e-06,0.000647421463780942,3.68804840864132,441,408.32,413,470.42,394,1014.98,822,969,740.99,782.99
"3295","TRINITY_DN43477_c0_g1",-2.98656322569982,-2.39322945246625,-3.98378806809065,0.00187091412300135,0.0170161352778295,-1.73818719727238,17,20,16,16,11,2,0,5,3,0
"3296","TRINITY_DN43479_c0_g1",-1.37524789702644,-0.203379452740893,-3.89580292474832,0.00218982172136745,0.0188348335225389,-1.19967121377212,53.89,26.96,44.57,21.59,65.46,18.6,13.27,9.07,19.15,7.62
"3297","TRINITY_DN43481_c0_g1",-3.17785935826301,-1.17571201020896,-4.73984335608946,0.000502102408931678,0.00714359498785812,-0.561577771714131,53,48,42,21,39,4,0,4,8,4
"3298","TRINITY_DN43518_c0_g1",1.79996844494666,-0.399356569451288,3.17091092225123,0.00820541955181477,0.0447429546293468,-2.37605569779566,8.05,22.21,28.64,18.44,3.66,46.17,29.03,29.12,68.95,18.23
"3299","TRINITY_DN43527_c0_g1",1.27975055482733,-1.474073909702,3.22307131746664,0.0074538079563103,0.0421046205369011,-2.26078393832141,9.98,10.36,6.25,4.28,5.9,14.88,13.23,14.1,11.58,14.44
"3300","TRINITY_DN43556_c0_g1",1.51512606164159,-1.22917159669704,3.58496991832316,0.00384088887010917,0.0273981855405293,-1.70381636698624,4.41,9.99,7,9.32,10.1,20.29,21.34,19.73,15.19,12.35
"3301","TRINITY_DN43621_c0_g1",-3.52818030221104,-0.642657268434039,-9.10788730900694,1.10021564450575e-06,0.000201703899249108,3.45525629753389,72.02,63.26,56.51,50.84,56.06,5.11,3.12,4.17,3.07,3.08
"3302","TRINITY_DN43644_c0_g1",-1.29219924709452,0.467146817560858,-3.82140399632666,0.00250305993532859,0.0204946832469347,-1.39125732893839,60,80,34,61,78,25,11,23,21,35
"3303","TRINITY_DN4366_c1_g1",-1.20136300788082,-0.616293013785944,-4.20143836009167,0.00127210075215665,0.0131563448999287,-0.699994830416845,34.2,22.57,21.09,32.15,32.81,12.24,6.11,11.02,10.59,10.03
"3304","TRINITY_DN43675_c0_g2",-1.20775490090272,1.25532297668974,-4.18599529663045,0.00130716906277788,0.0134139878331748,-0.862062353572904,134.37,78.42,113.31,97.78,80.55,19.27,40.83,52.22,44.07,59.91
"3305","TRINITY_DN43683_c0_g2",1.24338801384424,-0.896242780023688,3.73606590406152,0.00291977961595914,0.0228150050202729,-1.43851743524886,14.02,8.99,7.01,10,13.56,22.45,10,23.14,25,25
"3306","TRINITY_DN43723_c3_g1",-1.7916206550242,-0.188499837035077,-6.29496333407267,4.27886073930484e-05,0.00154368802599139,2.30426935182274,61.35,42.08,35,35,60.54,10,13,9.01,17,8
"3307","TRINITY_DN4375_c3_g1",2.13023782738596,0.235401207799752,4.46772024562627,0.000799548619778499,0.00966527381190469,-0.282231430710993,14.68,15.53,16.87,21.81,15.46,44.6,49.37,62.78,202.29,33.86
"3308","TRINITY_DN43787_c1_g1",1.61141854204261,0.89177527480354,4.50068918860496,0.000755339206310216,0.00929189970124858,-0.281294639105131,44.13,18.26,49.9,24.53,25.62,58.71,46.75,91.46,170.87,103.68
"3309","TRINITY_DN43792_c2_g1",1.07821041541906,-0.180572280781791,3.68836990205236,0.00318311105262029,0.0241687316878169,-1.5570421080522,14,20.88,12.98,17.46,25.98,23.93,21.89,33.88,53.36,35.61
"3310","TRINITY_DN43845_c0_g1",-2.59950384579831,-1.86969472026319,-3.3079629518755,0.00637624766452396,0.0380081652940312,-2.38436489725002,13.65,22.69,23.97,13.58,25.75,0.92,0,7.82,2,11.01
"3311","TRINITY_DN43855_c0_g1",-4.03341195580493,-2.39262820886349,-5.01876559333716,0.00031490147242657,0.00533347721675496,-0.756291949095834,35.63,18,15.41,15.45,32.28,0,3,0,1,1
"3312","TRINITY_DN43858_c1_g1",-1.75142988792453,-1.54408834313036,-3.86852398339483,0.00229969692002114,0.0194331284242547,-1.41314597843325,21,20,15,11,25,2,4,3,5,6
"3313","TRINITY_DN43877_c2_g1",-1.94237731598168,-1.19344462118056,-3.66964530684533,0.00329304181289902,0.0246606680533109,-1.61450856096974,33,33,20,11,37,4,2,8,8,3
"3314","TRINITY_DN43881_c0_g1",-1.03100969090823,0.293135146319906,-4.93378927152632,0.000362587666288571,0.00582063715246151,0.450721213981005,49.51,47.75,39.62,48.61,62.91,25.87,18,17.49,26,19.55
"3315","TRINITY_DN4391_c0_g1",-1.65800524849914,6.21022041699251,-16.2435426700786,1.93773006369759e-09,4.99227088707577e-06,12.2697234189157,3208.1,3073.99,4219.64,3671.93,4002.02,1342.41,860.25,1142.9,1332,982.67
"3316","TRINITY_DN43913_c0_g1",-3.64859206853776,-2.39274676000122,-4.12789492001946,0.00144834486232024,0.0143801277964917,-1.57780955817052,24,28,14,26,12,0,1,3,0,1
"3317","TRINITY_DN43926_c0_g3",2.50183991687634,-1.54631276048281,3.66943445585971,0.00329430162510324,0.0246641513782003,-1.79602314094013,9,2,6,6,4,23,28,25,14,16
"3318","TRINITY_DN43938_c0_g1",-1.0405134766024,0.220254136273898,-3.61810726686866,0.00361615635728151,0.0263060224682869,-1.71722726300192,63,38,60,31,46,29,28,19,15,15
"3319","TRINITY_DN4397_c0_g2",-1.03614190737291,-0.68352236738929,-3.18842294915033,0.00794491098785458,0.0437945493887591,-2.33425687651531,36.99,16.28,33,19.22,26,6,11,13.5,13.01,9
"3320","TRINITY_DN43971_c0_g1",-1.55626936800746,2.70059876345079,-5.78093294214885,9.30173722766785e-05,0.00245107186707433,1.59212498963275,364,306,307,218,357,92,55,114,265,60
"3321","TRINITY_DN44_c1_g1",-1.00728290361039,5.21950630424009,-9.65776282232374,5.94193860727874e-07,0.000146264322080873,6.50301218607369,1716.18,1240.63,1385.5,1233.76,1724,686.18,555.45,699.74,972.43,669.74
"3322","TRINITY_DN440_c2_g1",1.64410221541003,-0.916215245277861,3.16897065677491,0.00823480791173229,0.0448431850436767,-2.33075762439082,9.36,6.61,14.21,3.84,16.69,15.64,10.95,23.05,56.64,29.05
"3323","TRINITY_DN4403_c1_g1",-1.50502566226567,-0.490035601870812,-3.7476640114256,0.00285919576435477,0.0224774212103037,-1.42123823365877,44.81,19.26,38.98,49.93,29.85,6.17,6.94,8.66,22.65,8.74
"3324","TRINITY_DN44075_c0_g1",-1.63452344374254,0.799058637171696,-4.30620419078072,0.00105858209006241,0.011589140151417,-0.59497494721897,63.41,92.75,76.77,97.96,99.48,9.44,13.32,54.8,32.58,36.25
"3325","TRINITY_DN44101_c3_g1",2.80531831666998,-0.977546756227696,3.08743424383059,0.009570558575628,0.0494296357975228,-2.46267074917738,0,11.59,7.74,10.37,12.82,33.7,9.57,62.16,66.47,23.95
"3326","TRINITY_DN44108_c0_g1",1.69639184937763,0.475975345653639,5.07733591454052,0.000285903263276875,0.00499390873318769,0.672104631060822,18,18,18,23.41,40,95.01,29.01,60.01,93.01,72.01
"3327","TRINITY_DN44115_c0_g1",2.05860120550605,-1.42449982265081,3.10210635802081,0.00931505459119497,0.0485697352955764,-2.46248552387107,12,10,5.03,2,4,10,10,38,27,21
"3328","TRINITY_DN44136_c0_g1",-1.04996856422187,3.3907308809174,-5.26574098612132,0.000210218565496849,0.00412424375305039,0.65313778650988,404,545,351,353,407,289.9,169,148.85,184,219
"3329","TRINITY_DN4422_c0_g1",1.20427413455522,3.5670263656896,3.43803046241426,0.00502285371108435,0.0325152384254719,-2.59719575444817,346.4,231.46,95,312.91,175.57,483.43,737.56,548.43,411.96,338.66
"3330","TRINITY_DN44239_c0_g2",-1.35008432230375,-1.26144748524489,-3.36161894909471,0.00577796415028594,0.0356380511391941,-2.04125372415065,19.12,17.78,27.9,15.48,19.4,9.91,3.6,7.17,9.34,1.11
"3331","TRINITY_DN44246_c1_g1",-1.18175456943478,-0.779153530871849,-3.23883990501422,0.00724056972154695,0.0412946641763419,-2.23618215568895,34,19,29,18,29,14,7,3,16,10
"3332","TRINITY_DN4425_c0_g1",1.0096673763243,1.48322820630351,3.43068189908735,0.00509089050163719,0.0328119548332081,-2.23489859148909,31,48,87,88,47,104,96,84,130,115
"3333","TRINITY_DN44266_c0_g1",-2.24429755420583,-1.69290353355724,-3.86741740526338,0.00230427213886849,0.0194553031485477,-1.58177958503002,19,25,13,16,27,2,6,2,5,1
"3334","TRINITY_DN44273_c0_g1",-4.43472697714988,-3.0558714320617,-6.5541923745065,2.93232613199504e-05,0.00123908245280776,0.286247576499676,29.16,12.2,15.18,10.23,18.38,0,0,1.01,0,0
"3335","TRINITY_DN4430_c0_g1",1.28421623980367,2.39826016814731,5.21148613579266,0.000229565807462098,0.00434555908637838,0.709811858163766,89.4,120.98,76.84,134.2,63.6,312.64,195.53,239.43,205.91,173.96
"3336","TRINITY_DN44308_c0_g1",1.26582373574858,2.58160491499595,8.80230997021382,1.56893943051877e-06,0.000244699362336739,5.66474541355387,118,87,103,105,120.68,292.37,208.31,204.12,356.65,218.17
"3337","TRINITY_DN44326_c0_g1",-1.10804619472917,-0.197940027755153,-3.11576331903249,0.00908339352150655,0.0477185654581921,-2.52295523017335,44.35,27.97,41.98,17.42,60.11,13.3,20.96,18.27,11.89,11.05
"3338","TRINITY_DN44369_c0_g1",1.28074878516777,-0.70651807956084,3.3064617017681,0.00639386214314486,0.0380639300540495,-2.13427785288689,7.61,15,11,16,12,17,15.46,20,32.64,39.18
"3339","TRINITY_DN4438_c0_g1",-1.02056924046417,3.97696005950708,-10.2939276861965,3.01351310675755e-07,0.000101144582383394,7.26511092666226,631.49,540.8,686.33,579.37,632.32,307.4,211.37,346.57,399.42,259.4
"3340","TRINITY_DN44382_c0_g1",1.31987495212251,-0.825904284535595,3.21739370298807,0.00753213039093931,0.0423581683173733,-2.2647977026648,11,15,11,3,21,27,25,15,26,22
"3341","TRINITY_DN44388_c0_g1",-1.61983627298555,-0.473736906063831,-4.29821092865218,0.00107347665041972,0.0117088366891853,-0.548971722158018,48.08,38.17,39.34,14.44,50.7,10.08,8.9,9.01,12.19,7.88
"3342","TRINITY_DN4439_c0_g1",2.40082145745722,1.18712218646773,6.44448019821755,3.43709059673277e-05,0.00136765360065122,2.67372987334883,38,30,24.75,21,28,241.73,176.05,141,96,97.63
"3343","TRINITY_DN4439_c1_g1",-1.22343436406766,0.735827434480588,-6.16138000331805,5.21727206546632e-05,0.00174585954820354,2.27434984854599,74,63,66,64,86,42,25,27,27,20
"3344","TRINITY_DN44464_c0_g1",-1.82115677879949,-0.928112100073823,-3.25534233015382,0.00702400632152094,0.0404572857383401,-2.19429312606986,41,32,12,21,49,11,4,5,6,6
"3345","TRINITY_DN4450_c0_g1",1.07528520808224,1.73903115389936,4.83809265428206,0.000425494535996378,0.00643570853495107,0.176531221244016,49,68,61,81,68,202,93,112,158.01,104
"3346","TRINITY_DN44520_c1_g1",1.28114570303907,0.0095172502565787,3.34977253157738,0.00590496058555094,0.0361519403676387,-2.14936764471519,31.71,18.48,16.13,8.25,26.17,23.1,24.85,48.13,58.07,65.22
"3347","TRINITY_DN44546_c0_g1",1.24968462073086,-0.444982271599316,3.31159116651989,0.00633387984474235,0.0378411219906195,-2.15687600506389,17.24,16.3,5.96,21.57,15.07,38.66,28.73,31.64,31.68,15.35
"3348","TRINITY_DN44550_c0_g1",-1.04220238527566,1.59936393720989,-5.65295820593326,0.000113503479344841,0.00279587895906812,1.4996188633809,155.86,123.42,135.99,89.9,100.49,54.06,36.93,70.4,75.02,45.89
"3349","TRINITY_DN4456_c0_g1",1.38663713968354,5.86018382196934,9.625571089028,6.15541420604392e-07,0.00014752555267412,6.42957516516456,1145.71,765,1242,706,1168,2331,1772,2940,3226,2558.86
"3350","TRINITY_DN4462_c2_g1",-1.14006956850932,3.39781914546357,-5.85023157168404,8.35930778856671e-05,0.00230028892745603,1.59766597747745,350.97,354.86,417.42,363.08,724.47,227.78,165.17,193.44,207.46,170.2
"3351","TRINITY_DN44631_c0_g1",-1.1575403644023,4.7140457842224,-5.06578478954321,0.000291391645839018,0.00505953706959755,0.136643894595821,854.76,896,1542.06,1061,1106.3,333.27,299.95,546.46,602.04,731.85
"3352","TRINITY_DN44673_c2_g1",-1.40603484009435,0.0528616591433403,-4.33899829342069,0.000999687872899845,0.0111843011698652,-0.488060380771214,58.33,38.4,29.08,62.28,58.46,14.2,9.91,11.32,23.33,21.68
"3353","TRINITY_DN4471_c0_g1",-1.05786008749535,3.35589888900965,-9.33890367863433,8.4640206583015e-07,0.000177428321858931,6.25673980314661,512.28,343.18,420.79,330.64,409.51,194,186.25,182.36,222.33,178.2
"3354","TRINITY_DN4472_c0_g1",1.58817817845001,2.66874644811048,6.77010604803054,2.15519752200644e-05,0.00102829923890106,3.0646535301191,110.4,102,158,117.64,51,319.54,277.26,322.17,337.73,237.72
"3355","TRINITY_DN44730_c0_g1",-1.73287540568719,-0.387197917229677,-5.00994550218119,0.000319529316910564,0.00537810813934553,0.521148158004741,45,52,38.4,19,53,9,8,12,13.26,7
"3356","TRINITY_DN44744_c0_g1",-4.42197907897952,-3.16208560674895,-5.9313708536889,7.38278241782984e-05,0.00215450041393062,-0.118492234502583,15.26,9.54,29.7,10,17.32,0,0,0.96,0,0
"3357","TRINITY_DN44744_c0_g2",-2.48690545632811,-1.60966789737915,-3.29285657369063,0.00655575929193995,0.0386790421336261,-2.29252864930237,22.84,31.91,28.66,10.7,21.99,5.93,2.81,0,4.3,7.38
"3358","TRINITY_DN44766_c3_g1",-2.14582509624892,-1.09970396516436,-3.6726036085624,0.00327541825875504,0.0245790762590124,-1.61059149466747,49,27.28,18,16,46,5,1,10,8,3
"3359","TRINITY_DN4477_c1_g1",-1.52899688540797,-0.538206569639831,-3.71082322390712,0.00305623622744282,0.0235229767615978,-1.48080400632318,45.14,25.75,27.1,39.36,26.23,10.08,20.01,8.5,5,11.01
"3360","TRINITY_DN44825_c0_g1",-1.69511135816734,-0.481518052124707,-4.33080877405991,0.00101406844900274,0.0112714157137926,-0.503866552863655,40.56,39.01,43,19,53.49,6,5,9,26.06,6.01
"3361","TRINITY_DN44868_c0_g3",-1.39118592017933,-0.0921367897840739,-3.85721187150763,0.00234691224026019,0.0196496129487336,-1.27226196554745,59.19,40.16,48.3,19,62.51,9.02,9.03,13.07,30.19,14.05
"3362","TRINITY_DN44900_c0_g2",-1.41823727974865,-1.19605431844777,-3.25121021957671,0.00707761007137472,0.0406152877480368,-2.20467274345806,26.74,19.24,23.54,10.35,30.46,9.22,1.03,5.14,11.57,5.05
"3363","TRINITY_DN44932_c0_g1",-1.3657334177715,-0.49975283901424,-4.32476166977486,0.00102482501466007,0.0113537369195091,-0.505095766999787,45.82,29.62,21.85,25,45.57,11,4.95,10.98,13.03,13
"3364","TRINITY_DN4498_c2_g1",-1.89032560850471,-1.70357818811045,-3.09017040859421,0.00952238178028583,0.0492371783947907,-2.53026944407444,17.8,13.68,17.95,21.29,18.13,7.75,0,2.64,5.85,7.91
"3365","TRINITY_DN45064_c0_g1",-1.62018931504986,-1.18954671038116,-4.44133120375894,0.000836875673285649,0.00994986028414737,-0.495809444310341,33,18,24,16,22,8,4,7,6,3
"3366","TRINITY_DN4507_c2_g1",-2.5161082214773,-1.31190963408923,-5.21138633667428,0.000229603075865876,0.00434555908637838,0.13900991271873,29,22.01,28,18,42.29,3,2.99,4,3,4
"3367","TRINITY_DN45086_c0_g1",-1.10372498632585,-0.0434790147456318,-5.01158077158767,0.000318665935675729,0.00537085780372935,0.571456673289495,43.75,34.74,42.9,39.31,41.27,25.54,9.38,15.79,19.35,13.15
"3368","TRINITY_DN4510_c0_g3",3.57058338231155,-1.4556490989672,4.7177131380279,0.000521272947831495,0.00729923234010652,-0.892849255517405,6.32,1.06,2.33,8.86,3.35,39.03,41.09,33.5,33.01,18.54
"3369","TRINITY_DN45151_c0_g1",-1.3237793989304,0.657363708068728,-3.21376543534575,0.0075826169967404,0.0425265059139558,-2.47211701162535,62,100,142,45,42,41,11,28,37,18
"3370","TRINITY_DN45163_c0_g1",-1.83253330238056,-0.567877313428562,-5.40319431912669,0.000168502392010655,0.00358451592929041,1.00826278159066,38.45,51.93,34.33,28.32,28.9,12.9,8.39,6.83,7.39,6.68
"3371","TRINITY_DN45211_c0_g1",-3.10489421113402,-1.26174401419526,-4.25236078684089,0.00116322665539727,0.0124213883990501,-1.12207533807856,43,40,36,18,48,3,6,4,8,0
"3372","TRINITY_DN45229_c0_g1",-3.31385304541376,3.02262518482085,-9.22469007056205,9.62969370512124e-07,0.000189531187731798,6.13629920097209,927.04,722.22,895.04,330.13,857.04,68.04,30,89.06,115,63
"3373","TRINITY_DN45229_c1_g1",-3.326188943795,1.45504643559668,-8.02254836095554,4.05418540743828e-06,0.000412564830054764,4.64663745378188,318.05,222.26,319.88,107.65,295.84,18.48,15.8,17.32,50.94,16.31
"3374","TRINITY_DN4529_c0_g1",1.01815301035393,2.66908186494429,3.25195956754976,0.00706785854493466,0.0405829871536295,-2.7764532331085,120.96,169.49,63.77,136.05,146.5,296.29,270.51,171.83,196.47,327.47
"3375","TRINITY_DN4529_c0_g2",1.07259142166073,7.20521720932332,4.55472480926743,0.000688312737354093,0.00873748974611819,-0.98502792014452,2901.98,3265.37,1592.14,3089.69,3613.17,6454.68,5823.73,4219.3,5667.05,7535.78
"3376","TRINITY_DN45332_c0_g1",1.13069682709428,-0.0592555782572062,3.95443416260411,0.00197160609228127,0.0175942318246503,-1.11986078981929,16.12,17.76,20.34,18.34,20.34,45,50.94,34.36,29.69,27.75
"3377","TRINITY_DN45387_c0_g1",1.0820529235204,1.46773194672225,4.95148665346524,0.000352065639741666,0.00572685854938931,0.396449444972559,43.43,55.18,56.16,66.74,48.29,78.94,83.03,125.61,135.95,121.95
"3378","TRINITY_DN45391_c0_g1",-2.90933421059292,-0.985920000661062,-4.05384757021075,0.00165149714010045,0.0156702894335976,-1.17827150134324,49.25,34.83,61.25,22.12,47.07,8.88,2.36,7.57,11.7,0
"3379","TRINITY_DN45408_c1_g1",-1.47799499380422,0.302004226572227,-5.48700636906926,0.000147434195726663,0.0033015260698185,1.29080709888084,68.82,41,51.54,56.15,71.79,25.01,12.25,22.03,13.01,21.01
"3380","TRINITY_DN4544_c11_g1",-3.79904781880515,-1.8364669150376,-5.57997023808777,0.000127279825895674,0.00301786398496872,-0.293305059076804,31.64,30.8,39.98,23.57,25.23,3.28,2.07,1.13,1.1,0
"3381","TRINITY_DN45473_c0_g1",-1.76427926819713,-1.22604749738438,-3.91202704966331,0.002127054217403,0.0184581526906437,-1.26201163100531,31.08,13.6,25.76,19.25,28.96,6.09,2.06,2.04,11.3,5.1
"3382","TRINITY_DN45482_c1_g1",-2.68062625089261,1.3799390902991,-6.24125493141306,4.63259445754085e-05,0.0016209902387677,2.39202626367664,180,154,158,198,228,109,7,12,43,22
"3383","TRINITY_DN45506_c0_g1",-3.28758017736602,-1.60977666816043,-4.37227360712204,0.000943405059380216,0.0107510419783307,-1.26607657120938,34.56,24.27,30.7,25.46,35.47,0,0,6.34,10.08,4.14
"3384","TRINITY_DN45589_c0_g1",-2.01312304682518,0.278454827318761,-5.19940341169356,0.000234124549765295,0.00440261960076672,0.858130022298072,90.87,79.95,37.86,74.03,68.38,17.05,25.93,12.08,19.53,5.66
"3385","TRINITY_DN45615_c0_g1",-1.81716175966357,1.01459676826042,-5.40073765766427,0.000169165914780576,0.00359370465232357,1.15664305312185,171,99,94,62,125,32,15,32,62,13
"3386","TRINITY_DN45615_c0_g2",-1.14557789116742,-0.132620997243664,-3.79455137618766,0.00262714552817432,0.0211871419404824,-1.37913956871737,64,27,42.98,21.99,46.99,14,15,18,17.28,11
"3387","TRINITY_DN45683_c0_g1",-1.95230757172566,-1.45135877095833,-3.89013315235655,0.00221220452369645,0.0189695239126859,-1.38438132016486,20.42,20.63,29.47,20.57,14.22,6.61,1.14,2.87,3.53,6.81
"3388","TRINITY_DN4569_c0_g2",-5.2770140914896,-3.02511034811295,-6.49945562998349,3.17350508271248e-05,0.00130285816471094,0.296512572594686,33.98,21.46,32.04,19.26,11.39,0,0,0,0,0
"3389","TRINITY_DN45716_c0_g1",-2.02487334371625,-0.799874030632636,-5.73440026779044,9.997251491461e-05,0.00257085671443994,1.24902835730518,30,31,38,29,40,9,3,3,13,6
"3390","TRINITY_DN45736_c5_g1",-1.23530020256475,-0.321887925870779,-3.76637147695529,0.00276418321959195,0.0219669453212097,-1.40778242495825,28.46,37.29,49.13,20.27,44.77,22.64,11.34,11.23,11.11,9.08
"3391","TRINITY_DN45743_c0_g1",-1.8406436174344,-0.39302753603374,-5.64807236761241,0.000114374525983244,0.00281287331535163,1.39442130295233,54.2,44.71,28.14,41.48,36.29,8.14,7,14.07,8.23,10
"3392","TRINITY_DN45772_c0_g1",-3.98187239016139,-2.37777743695462,-5.90156843174405,7.72662102769936e-05,0.00221227986011721,-0.086651448407058,23.84,22.07,18.79,15.67,31.75,1.03,1.3,1.04,0,0
"3393","TRINITY_DN45782_c0_g1",2.33178146034387,1.93404922724032,5.20899512865234,0.000230497942517931,0.00435553402857171,0.791878848419863,92,33,91,16,53,224,139,179,566,208
"3394","TRINITY_DN45788_c2_g1",2.19285811766309,-0.785695863696816,3.68278232261429,0.00321551566295943,0.024315456535504,-1.53688287160541,3,4.65,15.01,6.72,29.17,49.06,29.96,18.01,43.68,26.29
"3395","TRINITY_DN458_c0_g1",-1.26128461872107,4.99777143894777,-3.71091097629944,0.00305575068630569,0.0235221562626165,-2.30609313243605,1918.15,765.12,1802.51,1384.22,1186.22,587.86,549.8,244.09,659.36,1053.88
"3396","TRINITY_DN45803_c3_g1",-2.100658561778,-0.705286801004879,-6.08378291027546,5.86077604168201e-05,0.00187143599349569,1.70597131860937,36,42,30,38,35,7,8.39,4,11,4
"3397","TRINITY_DN45803_c4_g1",-1.68028642164943,-0.98630677062198,-4.08938663325635,0.00155054615277581,0.0150224132803817,-0.936126175483503,30.96,18.58,31.91,16.31,36.5,3,5.16,12.38,8.63,4.39
"3398","TRINITY_DN45866_c0_g1",-1.18464713601992,0.271777819142115,-5.54810957768439,0.000133837803562422,0.00311373500407973,1.38099942506755,52,48,62,45,49,22,14,29,19,17
"3399","TRINITY_DN45898_c0_g1",-1.69663229708934,0.195497588748468,-5.17464744674318,0.000243765142202972,0.0045198097654462,0.820707063030883,73.03,46,54,46.02,79,16,7,10,46,13.25
"3400","TRINITY_DN459_c6_g1",-1.96538948684535,0.861584682635803,-3.17682355889506,0.0081165138562683,0.044417216002292,-2.54851619279723,186.8,103.69,149.72,96.36,35.33,15.47,6.61,91.33,29.89,17.82
"3401","TRINITY_DN45924_c0_g1",-1.05275097948732,2.16619848942921,-3.3538482239472,0.00586095155116712,0.0359854309186101,-2.49394260513727,341.04,120.55,120.19,141.68,222.74,86.29,115.19,61.16,88.11,73.61
"3402","TRINITY_DN45924_c0_g2",1.1324686919244,3.01665659518642,5.28427420306388,0.000204009765849216,0.00405887891196289,0.738199271632134,128,154,235,163,100,362,239,422,391,241
"3403","TRINITY_DN45965_c0_g1",3.12885193173994,-1.54312859288411,3.40477609780087,0.0053383102056386,0.0338478312262319,-2.21467586259023,10,4,1,10,2,29,10,51,21,28
"3404","TRINITY_DN4602_c0_g2",1.53129144596178,0.852801085929449,3.71193045737421,0.00305011561320506,0.0234933461439498,-1.62629659120028,27.52,37.63,29.61,43.81,19.29,180.45,81.45,42.26,71.7,75.2
"3405","TRINITY_DN46050_c0_g2",-1.42224309517154,0.200822840363542,-4.7437115550179,0.000498828042634133,0.0071084141226977,0.155433833590164,65.58,78.98,56.61,33.41,39.45,15.06,12.64,26.02,19.57,14.19
"3406","TRINITY_DN46055_c0_g1",-2.88581446830556,-1.15047207754191,-4.63450056640504,0.000600492708441629,0.00797431141822784,-0.517639558388965,35.04,23,50,44.09,28,7,6,2,4,1
"3407","TRINITY_DN46061_c0_g1",-1.83987735413947,2.20089129056919,-12.1443620936216,5.00649478225904e-08,3.88466446392434e-05,8.8291368569294,255.55,206.7,298.68,193.43,237.25,59.62,50.27,84.51,81.02,49.68
"3408","TRINITY_DN46074_c2_g1",-3.08168459327494,-1.97624336555366,-4.38419046323379,0.000924059502137198,0.0106124087947575,-1.31919588965836,28,27.73,16,14,24,3,1,3,3,0
"3409","TRINITY_DN46094_c0_g1",-1.23553642112112,-0.330527542645593,-3.69788434383018,0.00312870162487039,0.0238617796611629,-1.51932725054334,27.74,53.91,38.47,29.08,30.98,7.34,10.51,19.08,19.26,8.52
"3410","TRINITY_DN461_c2_g1",1.44986200724378,-0.836828140206139,3.1933815552216,0.00787267384048139,0.0435803402261162,-2.29892532654189,24.55,7.83,7.94,4.38,13.17,16.37,17.84,28.79,21.96,38.88
"3411","TRINITY_DN46120_c0_g1",-1.03075161562866,-0.305228583914206,-3.76270273951078,0.00278255707516399,0.0220493589860269,-1.41844301558274,43.36,29.25,25.57,31.61,37.05,16.98,6.14,22.03,15.31,10.67
"3412","TRINITY_DN46146_c0_g1",1.10651165693642,-0.394479512661029,3.81082425045025,0.0025512127414329,0.0207499973416805,-1.33338605598387,20.22,9.45,16.11,15.08,16.77,22.37,32.21,22.12,45.62,23.55
"3413","TRINITY_DN46208_c7_g1",-2.47775384234519,-1.43310451562007,-3.8045563879338,0.00258018901284918,0.0209253531204076,-1.57097207511927,36.34,11.58,27.05,19.86,37.74,2.22,3.14,4.54,2.71,2.59
"3414","TRINITY_DN4623_c0_g1",1.23528380282781,2.67044860590828,6.73091264916587,2.27805210026545e-05,0.00106424893161134,3.00346944369397,94.05,87.95,167,109,125.64,291.03,221,213,301,311.19
"3415","TRINITY_DN4625_c0_g2",-1.19195865846243,0.629305629628032,-3.2044833205022,0.00771333667967474,0.0429954796205217,-2.48802029994489,43.74,36.35,85.7,78.3,108.58,34.26,16.59,28.96,21.74,30.3
"3416","TRINITY_DN46252_c1_g1",-1.1901866984747,-0.243113073903986,-4.74049983651947,0.000501545127529768,0.00713893883198414,0.150640607433699,49,33,28,30,44,11,9,13,20,16
"3417","TRINITY_DN46267_c0_g1",1.4629134589318,-0.683630365650308,4.29671987477336,0.00107627909314496,0.0117270402717009,-0.561260018381691,17.6,12.11,6.13,9.66,12.28,32.79,13.34,27.22,28.48,31.39
"3418","TRINITY_DN46270_c4_g1",-1.12895675138623,-0.0120025234576162,-3.503672159344,0.00445471800163088,0.0300665614040704,-1.88491822287322,63,24,56,27,48,18,12,19,14,21
"3419","TRINITY_DN46304_c2_g1",-1.74282651339598,-0.693033609162637,-5.37423022663617,0.000176503241194656,0.00370519519577851,0.927784010964395,45,34.01,25,24,36,6,8,10.75,11,4
"3420","TRINITY_DN46341_c1_g1",-2.26217501547797,0.973637010058512,-7.85364909648327,5.02357885244908e-06,0.00045790548265334,4.42837387802793,146,149,113,97,94,18,33,19,39,12
"3421","TRINITY_DN46348_c1_g1",2.86258958762673,1.15441524859736,3.63165125520201,0.00352821967866095,0.0258541740447645,-1.763983460716,22.38,2.38,101.9,170.42,10.81,141.05,155.66,182.67,173.06,156.48
"3422","TRINITY_DN46409_c0_g1",-2.06291328090825,0.910575273957445,-5.5776501582166,0.000127745715056367,0.00302428967063652,1.42873623542665,150,111,66,91,120,32,28.06,8.03,25,34
"3423","TRINITY_DN46422_c1_g1",-1.83594290633185,1.43090054182183,-7.08729553643612,1.38613544767154e-05,0.000798893764732215,3.54417699993355,181.9,133.89,129.54,108.24,157.39,40.72,16.75,33.61,88.15,27.39
"3424","TRINITY_DN46422_c2_g1",1.39027576794112,-0.761170559150413,3.98156922150035,0.00187833640440489,0.0170586472519428,-1.05107063824844,19.79,12.19,6.76,10.51,8.71,21.36,20.02,16.88,34.89,29.12
"3425","TRINITY_DN46477_c2_g1",-2.78493279624231,-0.551078613585445,-6.54080993480274,2.98943243778595e-05,0.00125552117146905,2.12580756478237,49.87,43.4,38.54,48.61,68.16,5.24,4.13,10.47,3.04,7.86
"3426","TRINITY_DN4648_c0_g1",2.26935205128826,0.196494708751056,4.52787652411737,0.00072080337709302,0.00899902430202577,-0.181942106897779,15.19,18.02,9,23.2,14,81.73,59.74,138.18,36.07,49.62
"3427","TRINITY_DN4657_c7_g1",1.7114384364403,-1.41485935724238,3.78635426828347,0.00266627163021038,0.0214275175004763,-1.46878946168423,4.21,4.56,14.5,6.83,6.04,15.13,16.96,17.58,24.64,10.45
"3428","TRINITY_DN4658_c0_g1",1.10058256843281,2.9071662584596,7.86411428413771,4.95681871908907e-06,0.000456710661367878,4.51303143644678,120.34,142.72,124.7,147.22,167.22,297.47,229.74,345.33,326.65,293.47
"3429","TRINITY_DN4658_c1_g1",1.00443825445733,-1.09893793214969,3.14370951251685,0.00862725066654369,0.046118111725507,-2.37280511843064,9.51,7.99,11,12.34,10.17,12.11,14.9,17.49,24.99,12.38
"3430","TRINITY_DN46586_c1_g1",-2.01917449073672,0.3557857533454,-7.59731132152085,6.9992676285132e-06,0.00053778888282175,4.01389803771729,106.41,53.4,86.12,51.51,70.03,17.8,11.6,21.25,16.54,11.59
"3431","TRINITY_DN46592_c0_g1",-2.21296339064015,0.662547272496274,-6.85182794661107,1.92116398135552e-05,0.000964840881704388,3.17447566422298,97.33,103.19,90.63,48.66,153.76,18.11,17.71,17.05,25.31,13.16
"3432","TRINITY_DN46609_c0_g1",-1.11940436687543,-0.227307333350144,-4.07935862605859,0.00157836713857584,0.0152041529733018,-0.899982985123719,38.5,38.56,45.41,26.06,33.83,10.28,7.96,13.4,30.73,13.52
"3433","TRINITY_DN46682_c0_g3",-1.74435255244071,-0.728489220741255,-3.75496436024953,0.00282172530427952,0.0222674518863268,-1.41296635854931,48.37,28.33,25.39,19.37,49.34,4.12,5.03,7.19,26.06,3.02
"3434","TRINITY_DN46756_c0_g1",-2.62098326011708,-1.92059318044456,-3.86036271873012,0.00233366151897307,0.0196083696538006,-1.78900870052046,22.13,23.86,24.08,10.66,17.07,3.7,0,3.32,2.15,3.35
"3435","TRINITY_DN4681_c8_g1",-1.43515899139069,4.7461356438518,-11.0350710766308,1.42477986273497e-07,7.13240203221051e-05,7.99133050705007,1088,1062,1153,1410,1342,362,428,455,519,456
"3436","TRINITY_DN4681_c8_g2",-1.50672951191282,1.7110152115291,-7.8710199547675,4.91328606069561e-06,0.000455908727799579,4.54424632368999,124.46,144,151.48,151,182,38,46,50,58,63
"3437","TRINITY_DN4683_c4_g1",2.16600875894674,-0.95869520618744,3.70151938673951,0.00310816692364712,0.02373140880916,-1.53120022109408,19.33,5,15.35,4.99,3.32,51.4,22.34,29.59,34.34,13.25
"3438","TRINITY_DN4684_c1_g1",1.27446266066909,0.105548433090314,3.25541798982221,0.00702302866489943,0.0404554084395849,-2.32426626061952,21,19,14.98,12.02,39.09,44.02,86,25,48,34
"3439","TRINITY_DN46852_c6_g1",1.0061258043083,1.10646565171675,3.5198735546843,0.00432486420471269,0.0294850764023433,-2.01230914058164,42.73,20.66,78.23,36.62,54.3,69.88,79.05,70.97,97.14,92.53
"3440","TRINITY_DN4689_c2_g1",-1.43000616170461,-0.171207716154683,-4.8688023073282,0.000404145485165812,0.00622349958972528,0.346993941736162,60,31.66,27.66,42.61,52.04,12.46,10.01,13.39,19.34,10.05
"3441","TRINITY_DN46909_c0_g1",2.34000538030459,-1.62225381485089,3.94337748569019,0.00201096994739507,0.0178072679764054,-1.46082564931694,12,2,5,4,5,17,23,15,28,12
"3442","TRINITY_DN46920_c4_g1",2.68930641562511,-1.83299467547505,3.54815067965974,0.00410740507279045,0.0285567233567431,-2.09917754428134,1.5,0,11.55,8.27,6.6,17.43,10.18,17.46,21.4,22.02
"3443","TRINITY_DN46954_c0_g1",1.34964481380625,0.556170772184477,3.3025452865786,0.00644004672737377,0.038264953037528,-2.30412892895687,35.89,43.3,8.83,19.52,44.09,73.58,83.48,49.15,54.73,53.17
"3444","TRINITY_DN46981_c0_g2",2.24092781901355,-0.1798076334278,5.32252773717182,0.000191797594132771,0.00389826120402741,0.984418137416913,14.33,9.75,17,24.76,5.09,68.45,33,53.72,70.92,30.7
"3445","TRINITY_DN46989_c0_g1",-1.31114431104243,-0.425458907390374,-4.19995366038298,0.00127542940083236,0.0131775973081338,-0.698725519845398,50,32,24,31,34,16,13,9,16,5
"3446","TRINITY_DN47063_c0_g2",-1.02466483353504,-0.480058344569862,-3.45230953132986,0.00489328547568202,0.0319429806096841,-1.91894125557367,34.4,29.37,29.06,30.83,23.14,20.16,12.11,6.95,16.6,7.67
"3447","TRINITY_DN4707_c0_g1",-1.32496952026853,4.79371748766635,-7.38623426938197,9.2511338389835e-06,0.00063035662120863,3.70516122183403,993.45,1050.22,1407.26,1679.68,1010.42,415.03,500.13,512.87,565.85,392.54
"3448","TRINITY_DN471_c0_g2",-1.00324775787726,2.63517360050575,-4.77751901312107,0.000471144752915592,0.00683844203922218,-0.0529186554228742,324.28,198.31,260.58,165.14,274.89,138.61,57.02,151.66,153.33,114.78
"3449","TRINITY_DN47104_c0_g1",-1.69468673846507,-1.44013663272548,-3.57517789822775,0.00390999439229246,0.0276704317317141,-1.77191050426827,17,22,14,14,29,5,4,3,3,8
"3450","TRINITY_DN47116_c1_g1",2.15845031553805,-0.0944118742465763,6.78827037390612,2.10067182169632e-05,0.00101161445042651,2.9115118279417,13.72,18.26,10.68,17.53,8.76,63.14,54.97,39.37,50.35,48.26
"3451","TRINITY_DN47131_c0_g1",2.04491584906391,-1.14717252463444,3.13136198306196,0.0088258757518608,0.0468414339450246,-2.3924892435356,3,12,17,2,11,38,11,29,17.2,29
"3452","TRINITY_DN47133_c0_g1",-1.0146142006514,5.79277018353256,-10.1579127605159,3.47419090321269e-07,0.000110960408879789,7.02308085907161,2042.14,2157.5,2500.17,1948.89,2154.33,1203.14,756.38,997.17,1419.8,959.58
"3453","TRINITY_DN47158_c0_g1",2.20647661160648,-0.368276854519118,4.76056313961521,0.000484822183352415,0.00696156655318477,0.143163099365984,6.75,16.4,7.78,15.94,12.1,33.67,46.56,43.65,85.01,20.46
"3454","TRINITY_DN4717_c0_g1",1.17575351353933,3.53600956915528,6.05362220953595,6.13317720703597e-05,0.00192472619792493,1.8941296229664,161.5,194.51,198.14,323.88,203.4,463.17,524.45,503.96,546.37,339.65
"3455","TRINITY_DN47193_c0_g1",-2.44161448528698,-1.66069469560147,-3.51937842019973,0.00432877490576016,0.0294987785157708,-2.01547308802361,27.48,12,40,16,18,5,3,2,2,2
"3456","TRINITY_DN47262_c2_g1",-1.67074808304722,-1.10281165328241,-3.49741895793195,0.00450589508471988,0.0303032428482017,-1.8268823063913,23,31.08,20.19,18,22.1,6,5.93,7.04,2.01,14
"3457","TRINITY_DN47286_c0_g1",-4.50705729891213,-2.49676953240587,-4.57792710200154,0.000661466417354737,0.00850981686857574,-1.13689168537638,61,19,26,15,17,0,2,1,0,0
"3458","TRINITY_DN47290_c2_g1",-1.40097872952322,-0.796745656031544,-3.29377911449551,0.00654465122285352,0.0386377858070302,-2.1411033807195,29,18,43,34,18,6,8,5,13,10
"3459","TRINITY_DN4733_c1_g1",1.10315192707102,1.89285519481288,6.96952017657774,1.63051918468943e-05,0.000882413669314834,3.38640021239011,69,63,72,82,67,123,124,146,183,161
"3460","TRINITY_DN4733_c2_g1",1.00838714386465,0.426428897668264,4.38580929539416,0.000921463570687004,0.0105904331951167,-0.439875072205458,25.05,18.26,44.59,26.81,26.46,56.35,39.8,43.78,62.66,46.76
"3461","TRINITY_DN47330_c2_g1",-2.55132079040654,0.886820599424173,-6.04795390247929,6.18585417358319e-05,0.00193733961640264,2.10970903734621,205,116.96,71.62,89,173,29,22,12,32,9
"3462","TRINITY_DN47347_c0_g1",-1.53211865038753,0.47611834948063,-6.15828985352888,5.24140995587215e-05,0.00174703829676874,2.25409514409779,79,60,77,55,63,27,12,17,44,12
"3463","TRINITY_DN4745_c1_g2",1.42373510148244,-0.540396389562721,5.311563792063,0.000195216922160307,0.0039394977978475,0.943093175168089,20,13,11,6,15,30,24,29,34,26.81
"3464","TRINITY_DN47456_c0_g1",1.27359179620019,-0.0569337123891307,4.72114259380674,0.000518252679531965,0.00726677588192166,0.123055521536718,24,25,10,17,18,41,39,33,42,36
"3465","TRINITY_DN4749_c0_g1",2.55295935996406,-0.307563984553514,4.44945287378921,0.000825197923132991,0.00985253623399832,-0.329343960422969,3.12,13.99,21,22.08,7,59,21,58,66.69,56.06
"3466","TRINITY_DN47504_c0_g1",2.72771664551608,-0.950325551028582,3.51149488176676,0.00439152960366675,0.0297871946775421,-1.8462156824339,12,6,5,4,6,15,21,29,95,47
"3467","TRINITY_DN4753_c1_g3",1.64072020099888,-0.0336338998125048,4.48974117872388,0.000769729992930026,0.00941667709521845,-0.241727738658692,24.83,27.45,5.02,16.71,18.04,48.46,37.67,37.15,57.38,40.85
"3468","TRINITY_DN4753_c2_g1",-4.00460933871704,2.98313181822274,-6.71315295192531,2.33615785402495e-05,0.00108381661159002,3.02404784532998,985.01,751.01,680.01,938,1150,60,16,8,319,104
"3469","TRINITY_DN4753_c2_g2",-3.43893470271838,3.73523238613245,-6.37520638040267,3.80282649024521e-05,0.00144553981356694,2.44575763497514,1376,1007,947,1309,1578,99,54,21,590,178
"3470","TRINITY_DN4756_c1_g2",-1.42317106768169,-1.49172119141319,-3.76656170602059,0.00276323391718099,0.0219650380554608,-1.49910735673364,17.4,16.12,22.11,11.43,17.75,6,2,5.99,5,4.13
"3471","TRINITY_DN47575_c1_g2",1.61334521503083,0.140692922055223,6.44936736778851,3.41274152911043e-05,0.00136289944463813,2.60711683803565,17.23,18.24,24.05,18.19,14.2,52.26,36.06,69.21,49.96,46.92
"3472","TRINITY_DN476_c0_g2",-1.01722515348222,5.03282169134634,-7.4828899510485,8.1364182761088e-06,0.000582537517959836,3.81054825886741,1797.27,1219.52,1127.26,944.43,1401.6,656.99,550.06,650.91,737.81,522.78
"3473","TRINITY_DN47631_c0_g1",-1.48960192559462,0.210557839295352,-5.30645309825563,0.000196832698655819,0.00396823414626869,1.020429542404,85.41,50.92,44.11,32.16,70.78,16.56,13.57,14.49,25.61,15.84
"3474","TRINITY_DN47635_c0_g1",-1.14953694672571,2.74748786156045,-5.50434876633679,0.00014343296312364,0.0032435183070808,1.13739830670036,221,198.05,265.24,295,425.77,111.97,108,140.34,152,96
"3475","TRINITY_DN47666_c0_g1",-1.24730463002048,1.74809067049423,-3.745545085455,0.00287016699734728,0.0225365583915745,-1.70874725356953,146.61,193.01,143.39,87.88,152,60.41,18.97,89.81,55.17,98.75
"3476","TRINITY_DN47695_c0_g1",-5.93615600827706,-2.23884673928921,-5.60773266280397,0.000121842166677432,0.00292328780880393,-0.247072836334741,76.69,21.14,69.35,44.64,41.73,0,1.09,0,0,0
"3477","TRINITY_DN477_c0_g3",2.44840281633945,4.949608735056,7.36609073382699,9.50337701799786e-06,0.000642054960917824,3.68659119232857,329.68,369.15,374.13,368.51,352.65,4384.11,1778.3,1540.46,2225.53,994.91
"3478","TRINITY_DN4770_c1_g2",1.16807016749248,1.76782887117625,7.80998087242311,5.3127144598525e-06,0.000473361058564165,4.47430246555054,64.15,62.48,69.62,65.53,55.21,120.28,108.16,143.13,180.26,139.24
"3479","TRINITY_DN4777_c0_g1",1.38624634924743,0.118589629941081,3.22126022570125,0.00747870211869661,0.0421786244804395,-2.38283408184467,27,36,16,12,14,112,45,37,36,28
"3480","TRINITY_DN47783_c0_g1",-1.74757081694646,-1.9082730962231,-3.13644869148068,0.00874349815552267,0.0465794631398828,-2.50342452158617,22.12,12,18.01,11.27,11.28,1,1.12,6.01,6.96,1.07
"3481","TRINITY_DN47805_c0_g2",1.17648507054607,4.24683222537618,5.25697916361565,0.000213222878438386,0.00416593696156901,0.516452533057831,314,178,516,417,380,692,862,923,815,602
"3482","TRINITY_DN4782_c10_g1",2.32804021156264,-1.42825143703008,4.60723912095203,0.000629105939656274,0.00821609974715412,-0.548532953937417,3.33,5.63,8.2,2.49,9.06,15.49,14.33,28.35,25.08,22.15
"3483","TRINITY_DN47838_c0_g5",1.05174088135793,-0.253104406709489,3.77282412758474,0.00273216884838923,0.0217794592391053,-1.40864888685038,18.77,12.95,11.63,14.81,32.17,33.31,21.87,28.84,36.96,33.67
"3484","TRINITY_DN4785_c1_g1",-4.01880322876527,-3.25056469557009,-6.79619681511943,2.07734057558412e-05,0.00100662637696182,0.349254482614453,12,11,13,10,17,0,0,0,0,1
"3485","TRINITY_DN4786_c2_g1",-1.19958559710297,3.81134879909381,-9.3224844660026,8.62182878534071e-07,0.000179191990346857,6.21686252346012,597.3,523.45,574.37,501.31,728.05,232.12,176.64,240.33,379.9,257.14
"3486","TRINITY_DN479_c3_g1",1.19906694297384,3.26543445228077,9.52465784250576,6.87978036389755e-07,0.000158756686360066,6.46613953704152,192.32,185.25,189.85,116.19,186.86,459.61,324.23,370.82,441.45,389.16
"3487","TRINITY_DN47911_c0_g1",-2.48281221487603,-1.96929262954255,-3.46924530380704,0.00474401387392244,0.0312744177155758,-2.2001841447116,18,11,18,19,19,4,3,4,0,2
"3488","TRINITY_DN47924_c0_g1",2.64108577130782,-1.71993642961689,4.31723556700767,0.00103837841422269,0.0114466882764091,-1.16955896438242,3.11,8.18,1.58,1.03,11.1,19.17,19.2,21.87,23.28,11.75
"3489","TRINITY_DN4795_c25_g1",-1.69076251531692,-0.935056495773163,-3.83382397903495,0.00244772300879858,0.0202182246238407,-1.30921044278538,36.19,32.25,19.05,23.43,26.88,7.29,1,4.36,10.15,17.44
"3490","TRINITY_DN4802_c0_g1",-1.2168039650272,4.13856195617558,-4.3103047424841,0.00105102471821947,0.0115403568404325,-1.10145404800262,801,643.49,729.49,615.2,954.27,523,101,338.26,499.92,300
"3491","TRINITY_DN48024_c0_g1",1.36803648373301,-0.791966035810918,3.22143904293288,0.00747624047382498,0.0421710011604661,-2.26021852240334,17,4,20,12,9,16,23,25,31,24
"3492","TRINITY_DN4810_c0_g1",-1.46136580477371,6.8415045667852,-8.15446741823876,3.43676213204568e-06,0.000375587275677119,4.57894270767018,5766.26,4518.72,6832.67,3202.94,6072.08,1852.96,1260,1891,2700.97,1813
"3493","TRINITY_DN48102_c0_g1",-1.0697464803498,1.14506245028662,-4.33203300437337,0.00101190512532797,0.0112628651155833,-0.599997272055353,107.89,64.02,143.33,58.26,90.58,31.84,30.85,39.7,60.29,37.84
"3494","TRINITY_DN48128_c0_g1",-1.91727711401937,0.813792460391405,-5.21598836460114,0.000227891129827058,0.00432905815631928,0.879957554344776,83.76,72.62,93.48,148.42,91.18,16.84,6.67,35.2,30.94,37.84
"3495","TRINITY_DN48128_c1_g1",-1.34086782372629,1.86354235861604,-5.57095657918459,0.000129099963243606,0.00304473826686308,1.35326340095702,224.7,159.45,131.08,112.75,185.08,65.3,30.15,64.48,108.58,50.48
"3496","TRINITY_DN48134_c0_g1",-1.9172601342215,0.0355877440766718,-6.24967891379403,4.5751188800797e-05,0.00161086743824202,2.30077475971432,80,39,60,38.5,71,9,12,11,25,10
"3497","TRINITY_DN48134_c0_g2",-1.91672990656879,-0.358375459774621,-4.02854912114583,0.00172748494606456,0.016112220813899,-0.971476679288421,78.07,29.39,26.03,42.91,51.17,10.08,6.02,3.01,15.09,19.15
"3498","TRINITY_DN4819_c1_g1",1.96537715415221,1.07383001445169,3.55135833507447,0.00408345289028971,0.0284676835929743,-1.92518096415305,74,27,19,17,34,226,67,132,52,172
"3499","TRINITY_DN48225_c1_g1",1.06027642227778,0.49332702489399,3.98726358220392,0.00185934899951185,0.0169332790193219,-1.11560679845993,21,26,29,33,32,44,59.06,35,79,55
"3500","TRINITY_DN48241_c0_g1",1.02041703980144,0.924159876047023,4.02895298367682,0.00172624389641867,0.0161079970960656,-1.094576333379,34.97,19.04,45.5,46.72,53.03,75.9,68.19,65.79,76.83,70.52
"3501","TRINITY_DN48287_c0_g1",-1.77732113128107,-0.6360629570667,-3.39802776053766,0.0054047469962478,0.0341226876571487,-1.97583488109643,60.63,23.59,50.59,17.03,31.73,11.13,9,1.87,13.3,12
"3502","TRINITY_DN48316_c0_g1",-2.62452797726619,2.06405546324893,-6.67724549476067,2.45851662087132e-05,0.00111779658157383,2.99265092023133,441.19,309.65,207.11,172.1,380.77,49.87,16,36.42,116.44,38
"3503","TRINITY_DN48402_c1_g1",-2.04041392224255,-2.07110093736531,-3.64613054239136,0.00343662939641784,0.0253747273882765,-2.00127701254675,17.93,13.26,13.56,10.44,16.76,1,3,1,7.76,1
"3504","TRINITY_DN48419_c0_g1",-1.32236026348873,2.86131000096728,-3.26081604098081,0.00695363036564019,0.0402118926737662,-2.78442074592922,617.14,147.52,335.2,420.57,231.23,62.57,103.7,199.96,193.07,108.56
"3505","TRINITY_DN4842_c3_g1",1.01746876381567,0.182231680521249,3.73890636700235,0.00290482131601432,0.0227381939937293,-1.50761916342888,17.91,24.16,17.74,28.18,28.86,58.56,36.66,46.76,35.77,33.61
"3506","TRINITY_DN4842_c5_g1",-1.24496506104376,-0.083213608515744,-3.91748363956175,0.00210636333197465,0.0183535089091794,-1.17612554136942,57.77,24.35,44.38,32.38,53.65,10.47,10.59,12.15,20.96,25.11
"3507","TRINITY_DN4846_c0_g2",3.26467115861196,-2.0429336580575,4.14915749883867,0.00139492991211087,0.0140338289752817,-1.55415364362258,1.38,2.25,5.49,7.09,1.07,19.21,13.44,13.03,39.72,14.12
"3508","TRINITY_DN48463_c1_g1",-4.0119377317668,-0.808246874407889,-6.61526746735239,2.68605410312053e-05,0.00117501143338339,1.25356339356908,77,54.04,60.01,40,79,6,3,2,1,5.01
"3509","TRINITY_DN48505_c1_g2",-1.04572367091145,1.35420233143625,-3.65334655865431,0.00339189666814433,0.0251422734340743,-1.81274036143371,99.14,108,155,49.19,125,58,40,50.26,66,26
"3510","TRINITY_DN48554_c0_g1",1.74264901040232,0.183142796776073,6.50282261381262,3.1580765656695e-05,0.00129963504983184,2.6780797507356,20.7,16.57,15.51,11.09,29.73,41.17,38.88,70.15,76.63,53
"3511","TRINITY_DN48557_c0_g1",-1.05141459205035,2.87086195656252,-5.14933852310726,0.000254054124552329,0.00463835642971412,0.537979046394041,317.79,258.96,214.41,343.05,309.87,133.44,87.17,124.46,162.63,194.47
"3512","TRINITY_DN48561_c0_g1",1.13986170561864,3.92801028010526,4.20062031530893,0.00127393366535257,0.0131731065039306,-1.27254309650605,284.17,264.66,295.81,377.47,202.56,857.83,390.4,368.34,1009.32,635.82
"3513","TRINITY_DN48562_c0_g1",-3.56690495182875,-2.49762663893015,-4.92866516389468,0.000365695462286292,0.00585357919699827,-0.850510095521066,27,18,11.01,14,22,3,0,1,0,1
"3514","TRINITY_DN48564_c0_g1",-2.25456813618993,-1.86348722122784,-4.02537705068835,0.00173726470283022,0.0161750366226913,-1.48900475019259,27.64,17.57,16.88,9.3,18.95,2.1,1.03,3.26,2.15,2.15
"3515","TRINITY_DN48627_c0_g1",1.41722083761584,-0.691255434278203,3.7939370615361,0.00263005717628832,0.0212051135421381,-1.34485987156165,12,11,13,20,6,34,22,17,31,24
"3516","TRINITY_DN48733_c0_g3",-1.357382912495,-1.49033706577887,-3.44549822494837,0.00495466127611379,0.0321946659744046,-1.94695652155596,18.06,15.65,19.41,15.78,13.9,4.11,6,6.98,5.76,2
"3517","TRINITY_DN48755_c0_g1",2.74875375149285,-0.767794276806068,4.1169916635882,0.00147655347514645,0.0145818460758564,-0.940859766466504,5,7,8,4,14,20,31,39,107,32
"3518","TRINITY_DN48777_c0_g2",-2.48540861630654,-0.941650419872095,-5.65943191701182,0.000112360137860948,0.00278003895819907,0.91387853555849,48.59,31.82,39.49,24,36.63,7,6,4,9,1
"3519","TRINITY_DN4880_c0_g1",1.78265750609633,4.0167009705126,9.83362137111125,4.90791539185296e-07,0.000135736905619417,6.77876037334411,201.82,229.87,229.61,249.71,283.73,1126.2,629.84,783.34,1099.11,540.85
"3520","TRINITY_DN48815_c3_g1",1.3385466042854,0.810363818618883,4.10467385583591,0.00150910764538991,0.0147708637420373,-0.946432067612412,21,46.35,51.06,31.97,20.39,82.98,47.39,96.33,110.65,45.57
"3521","TRINITY_DN48816_c0_g1",3.44551708815697,-2.05505255377172,5.89261879848064,7.83315796045892e-05,0.00222533385463399,-0.0930121373793575,2,3,1,2,6,24,19,16,23,17
"3522","TRINITY_DN4882_c0_g1",-1.02599974498454,1.3368544464105,-4.92201743617077,0.000369769062886453,0.00589446451197065,0.363032672723612,122,107,90,83,93,62,59,32,49,35
"3523","TRINITY_DN48826_c0_g1",-1.19578650453758,-0.481058890668666,-3.92913277349345,0.00206288276318544,0.0180995862284542,-1.13195635493933,50,29,34,18,32,12,6,14,19,7
"3524","TRINITY_DN48845_c0_g1",1.44777775979899,-0.478132925946488,3.9674245174549,0.00192637249639353,0.0173300936726278,-1.06983637910481,9,14,21,11,13,28,15,33,61.58,23.92
"3525","TRINITY_DN48852_c0_g1",1.91689651985251,-0.962824622828442,3.23869582343993,0.00724248995480289,0.0412998871362142,-2.22029365091987,4,6,17,16,6,19,49,16,34,18
"3526","TRINITY_DN4888_c0_g1",2.26125328500597,0.158826062235455,3.65575901047753,0.00337707509024086,0.0250542080974795,-1.61285041412173,13.4,14.98,27.98,12.3,10.19,124.61,143.62,55.82,46.89,23.44
"3527","TRINITY_DN48881_c0_g2",-3.04494017049594,0.33878662186467,-7.9529245051672,4.4270563872639e-06,0.000429551398040398,4.18124317353936,134,94,85,69,144,15,2,11,19,11
"3528","TRINITY_DN48881_c1_g3",-2.50373353415425,-1.37203235588096,-3.15728449829972,0.00841407065771792,0.0454288094291713,-2.41900089809451,38.96,35.51,13.1,30.92,22.28,0.12,1.88,1.01,11.2,13.02
"3529","TRINITY_DN48897_c1_g4",-1.79492308389885,0.282938306415413,-5.1439671695764,0.000256295986069609,0.00465729421524734,0.77592349748328,61.67,33.21,94.63,65.17,76.72,10.77,11.39,22.35,17.59,20.48
"3530","TRINITY_DN48908_c0_g1",-1.8856246749668,-1.34584464211233,-3.73937038919139,0.00290238519501299,0.0227248560286625,-1.54982276187133,19,27,17,16,35,2,2,3,10,7
"3531","TRINITY_DN4893_c1_g1",-1.97611895212457,-1.50495658846598,-4.14314232454888,0.00140983056247334,0.014121965843952,-1.08632006155607,27.97,16,25,18.98,15,3,5,2,6,3
"3532","TRINITY_DN48949_c0_g3",-2.55486915301264,0.608096687492783,-6.29480331910702,4.27987094875661e-05,0.00154368802599139,2.4285887097636,75.48,98.24,186.33,55.44,129.69,14.48,13.86,10.76,17.42,22.85
"3533","TRINITY_DN48969_c0_g1",-1.11611818186767,0.174100245039869,-4.81549456770819,0.000441957794161017,0.00660047989750317,0.267999848348709,54.23,38.27,47.25,43.18,51.21,22.05,24,16,26.39,10.09
"3534","TRINITY_DN48972_c0_g1",-1.14141174744111,0.419829865879955,-3.67406355170965,0.00326675657059326,0.0245475335504966,-1.64220276551852,73.64,64.04,51.89,29.58,67.82,29.11,10.19,17.07,27.05,37.45
"3535","TRINITY_DN48974_c0_g3",-1.19803433761088,-0.970144169807325,-3.20060043112874,0.00776869200594015,0.0432060909284437,-2.28416639737991,17.4,17.45,24.65,26.54,26.71,7.87,10.11,3.55,12.02,6.94
"3536","TRINITY_DN48976_c2_g1",1.62478836299695,0.573469223577423,6.36511820240397,3.85944880667403e-05,0.00146347846808481,2.54405740631367,20,15,39,32,23,67,62,62,88,66
"3537","TRINITY_DN48993_c1_g1",-1.94283723537637,0.0287496633724437,-6.93639450978837,1.70725602162206e-05,0.000909224904566635,3.14558758105059,49.36,67.02,48,68.03,51,11.01,9,16,14.01,12
"3538","TRINITY_DN4902_c0_g1",-1.5514510251186,2.80733088354739,-5.6045980758203,0.000122443630843403,0.00293118624796505,1.29982771765739,320.29,325.71,410.06,398.73,216.69,71.95,117.65,76.93,221.64,101.93
"3539","TRINITY_DN49020_c0_g1",-1.42726804121081,-1.20381752408224,-3.26393834829955,0.0069138065327959,0.0400791582664151,-2.18455498094285,30.08,20.5,19,11.99,24,2,8,3.93,12.6,7
"3540","TRINITY_DN4903_c0_g1",1.22261607637769,2.3377314101708,4.3813056851469,0.00092870437567088,0.0106440907340093,-0.687668151280107,70.4,85.73,119,120.5,75.21,307,212,266.07,192.85,114.37
"3541","TRINITY_DN4903_c0_g2",1.24890117025263,4.00672337281529,5.81563030453405,8.81654686389957e-05,0.00237173909139462,1.46046725361812,276,262,362,271,250,929,720,812.01,552,440
"3542","TRINITY_DN49078_c0_g1",-1.65758097534067,-0.16955264820762,-3.96414688871965,0.00193768344797309,0.0174033502045833,-1.0828627033379,38,62.95,46,36,45.58,4,4,18.33,24.74,22
"3543","TRINITY_DN49079_c2_g1",1.05471289827956,-0.940716383523915,3.50560131138416,0.00443904952571961,0.0299966862899542,-1.80288122455962,7.88,15.67,10.38,11.98,10.69,20.28,15.41,17.37,21.05,16.77
"3544","TRINITY_DN491_c0_g1",1.37194374014093,3.4199481466766,10.1975660577112,3.33252422210544e-07,0.00010750448364701,7.18141945237639,148.82,190.41,175,203.78,192.66,526.89,369,523.43,487.66,431.89
"3545","TRINITY_DN49108_c0_g1",-1.07243580616117,-0.65118952719744,-3.71602649989009,0.00302758246368189,0.023374894757536,-1.47290041632948,32.1,26.92,28.78,18.98,24.16,11.56,10.41,13.71,7.35,10.36
"3546","TRINITY_DN49109_c0_g3",-1.3508690915888,0.633823093725548,-4.42410227427056,0.000862222143543813,0.0101453169053113,-0.388028324462668,111.41,56.48,99.3,49.13,48.53,19.01,23.06,33.86,31.99,17.57
"3547","TRINITY_DN49212_c0_g1",-1.33515332918372,-0.680539345091251,-4.2186620575706,0.00123413823339825,0.0129194384378139,-0.680711505599038,37,27,25,28,26,11,12,5,16,5
"3548","TRINITY_DN49234_c0_g1",1.18400692697708,0.761838664814358,3.75646199251805,0.00281410098800526,0.0222242372429311,-1.54371365274676,14.62,47.38,38.24,37.23,34.78,91.6,58.4,59.15,70.54,57.54
"3549","TRINITY_DN49260_c0_g1",-5.17294312872169,-1.51819782331699,-4.61398422453372,0.000621896216156001,0.00815626150890928,-1.06687854627922,99.35,59.08,34.92,32.78,93.7,2.11,0,1.04,4.24,0
"3550","TRINITY_DN49317_c1_g1",1.11097518108684,0.607112414883735,3.43677188635633,0.00503444023295,0.0325596835820107,-2.08137362839871,22.49,36.09,43.3,18.04,33.69,108.27,45.53,66.99,45.62,45.22
"3551","TRINITY_DN49352_c0_g2",-2.33362998074126,0.0755853758376014,-3.18160707727107,0.00804529746589073,0.044152046229131,-2.39040256611103,111.11,79,17.2,75.32,107.16,3.42,7.44,15.34,22.44,14.01
"3552","TRINITY_DN49352_c2_g1",-1.84697642530124,-0.521125912521501,-5.68320927317679,0.000108264178137661,0.00271391772347008,1.38160209572675,44.53,45.8,44.1,26,31.96,5,5,12.13,14.67,7
"3553","TRINITY_DN4938_c0_g1",-1.10165436445281,4.59393334273878,-11.6724876969385,7.7311588892686e-08,5.21634735752673e-05,8.61030985013656,1097.03,871.21,965.3,943.4,970.14,478.99,326.29,438.61,616.41,403.46
"3554","TRINITY_DN49399_c0_g1",-1.32865199177372,-0.390006840014936,-3.60295560885102,0.00371719408792287,0.0267743218628132,-1.66824866941741,62.55,28.02,38.57,20.46,35.05,11.65,3.12,10.18,24.5,13.85
"3555","TRINITY_DN494_c0_g1",1.54752607196742,0.165043041893299,3.52621432732482,0.0042751007350237,0.0292919955887062,-1.85968379648888,15.71,20.33,11.62,11,53.71,86.14,63.2,37.56,37.17,41.02
"3556","TRINITY_DN49412_c0_g1",3.27095195384371,-1.1129862221959,4.30225007028569,0.00106592311245768,0.0116489632539962,-0.943308282553675,2.08,6.24,10.74,7.15,3.21,26.67,21.9,31.22,91.1,32.12
"3557","TRINITY_DN49429_c0_g1",-1.07041240868524,1.1955539867711,-4.65685863539844,0.000578042376708193,0.00778497219238175,-0.0585253564995494,98.01,86.87,112.84,54.65,120.19,57.54,27.68,43.49,57.73,26.24
"3558","TRINITY_DN49505_c3_g1",-1.86759428885288,0.0234186427031835,-4.82785191710557,0.00043287404462689,0.00650024049279523,0.286799396327254,77,56,30,67,57,14,10,21,18,5
"3559","TRINITY_DN49523_c0_g1",-2.16949883313326,-0.373307138163885,-3.1699735228656,0.00821960470922775,0.044791830631253,-2.35116835729552,45,47,98,13,80,14,3,5,20,6
"3560","TRINITY_DN4953_c1_g1",-2.35027325154687,-1.26853201658783,-3.73940419492037,0.00290220779662943,0.0227248560286625,-1.56222297713677,33.02,13.33,40.87,24.63,23.82,3.4,13.5,3.24,1.97,3.22
"3561","TRINITY_DN49535_c0_g1",-1.31521769503288,0.0902799710888908,-4.48403962763431,0.000777337463603912,0.00947399606041569,-0.256146406350783,53.01,60,49.67,23.01,60.69,19.4,9.22,22,19,14.94
"3562","TRINITY_DN49598_c0_g1",-2.32569555216699,-1.10706180882391,-5.57463479773295,0.00012835391662707,0.00303290484229491,0.763689493175327,40,31,31,18,30,4,6,6,5,2
"3563","TRINITY_DN49647_c0_g1",2.30231641626911,-1.59674231016906,3.11302712808987,0.00912933836104365,0.0478788906238107,-2.4963657556057,5,4,8,3,5,12,13,49,23,10
"3564","TRINITY_DN49670_c0_g1",-1.04607270596029,0.753904431623285,-4.52027085621648,0.000730295507093273,0.00907010070174227,-0.242094781982249,73.69,79.89,58.83,64.64,62.58,24.64,22.1,22.54,60.68,27.92
"3565","TRINITY_DN49766_c0_g1",-1.50687944105069,-0.167248288384931,-3.85456605486076,0.0023580989380337,0.0197166801561832,-1.26822066337587,61,40.98,20,41,60,8,15,13,15,14
"3566","TRINITY_DN49770_c0_g1",-1.74425451738175,-1.6974099277034,-3.21917073375878,0.00750752736383481,0.0422772615061854,-2.34181796718781,16,15,13,15,27,3,4,2,11,1
"3567","TRINITY_DN4980_c10_g1",-1.78261870439067,1.59112713113771,-6.59518351776773,2.76451554400397e-05,0.00119335561807025,2.88465289636087,188.42,104.45,230.29,121.22,149.78,52.16,18.76,58.73,59.27,34.44
"3568","TRINITY_DN49817_c1_g3",-1.26821482956515,0.536131897134838,-5.79915062414455,9.04356094400275e-05,0.00240415418431703,1.75321461715276,60.7,56.63,81.32,58.89,58.19,26.19,24.45,28.6,26.23,13.81
"3569","TRINITY_DN49842_c0_g1",1.37157463102968,-0.874068678202671,4.10025419565688,0.00152096863391048,0.0148518388511682,-0.880046109856384,16.27,9.48,12.52,3.73,12.62,23.28,14.68,23.79,26.23,23.99
"3570","TRINITY_DN4988_c1_g3",1.58536022886506,2.22349801041941,6.92740196822423,1.7287457625277e-05,0.000917180892847389,3.31731770241098,107.42,53.41,123.9,61.06,52.4,265.58,157.73,194.4,259.99,233.87
"3571","TRINITY_DN49887_c0_g1",-1.96210261190257,1.1652932209399,-7.48130992648317,8.15343965224613e-06,0.000582781909871836,4.02203198067153,144.24,156.59,101.17,96.38,119.88,24,22.85,44.92,46.77,15.61
"3572","TRINITY_DN49953_c0_g2",-1.19852323811464,-0.453450228674471,-3.83656077947878,0.0024356995193696,0.0201510878269157,-1.28350628864082,48.8,26.22,24.9,28.47,33.72,20.11,4.13,9.41,13.9,13.41
"3573","TRINITY_DN49964_c0_g1",-1.46259501514003,-1.10448044967697,-3.12674073207886,0.0089013924932071,0.0471052887999435,-2.39351144059414,29,17,35.01,10,25,6,8,8,4,7
"3574","TRINITY_DN50011_c0_g2",3.03681407359834,-1.35884295617801,4.5938558437333,0.000643670874324055,0.0083424015233899,-0.716448106658794,1.09,4,3.07,5.28,18.62,24.76,19,25.99,45.93,27.59
"3575","TRINITY_DN5003_c0_g2",1.10880260600008,3.47027778454801,3.53543111555954,0.0042038060275352,0.0289555099149157,-2.40399904833262,236.92,259,103,198,275,409,507,435,312,609.01
"3576","TRINITY_DN50087_c1_g1",-1.17308488951297,-0.549511967677291,-3.8492452886924,0.00238076209729339,0.0198473578333857,-1.25886105002782,33.09,22.11,31.14,28.03,35.08,16,3.01,8.03,18.03,12.42
"3577","TRINITY_DN5009_c0_g2",-2.20094362130809,0.207414658265943,-5.67238565635089,0.000110108752037096,0.00274163284153659,1.53878284316,63.62,51.73,111.83,54.58,67.59,18.02,8.15,14.74,6.63,26.21
"3578","TRINITY_DN50106_c2_g1",-2.3709621642936,-0.824117925310719,-5.22660427268304,0.000223993097881776,0.00429605829039765,0.544255554092979,36.2,33.42,25.32,31.58,63,3.9,2.88,6.09,7.86,6.89
"3579","TRINITY_DN50109_c0_g1",-1.14309616731864,-0.750182079001988,-3.52315343028584,0.00429904979038412,0.0293865451699486,-1.77840163218202,35.3,19.22,25.43,17.22,34.14,11.16,6.1,5.08,18.05,8.09
"3580","TRINITY_DN50113_c0_g1",-1.05674670423039,0.365388869185296,-4.32131076404553,0.00103101659861518,0.0113979206308885,-0.540876252046471,70,56,52,28,61,23,23,24,23,19
"3581","TRINITY_DN5015_c0_g1",1.10780917077763,1.32578232890414,4.98098490384776,0.000335233837171129,0.00555804092108992,0.45984532073645,64.31,53.83,29.24,42.86,56.8,105.91,76.56,74.69,138.34,102.65
"3582","TRINITY_DN50174_c1_g1",-2.70647364202535,-0.460794736651305,-3.21283121650134,0.00759567169819014,0.0425574262111612,-2.26095910033924,20.07,79.91,35.09,79.15,94.07,5.93,8.09,4.39,12.68,2.74
"3583","TRINITY_DN5018_c2_g1",-1.17248710634815,1.84908399835098,-6.67271639572516,2.47442819069454e-05,0.00112115077013995,2.98092414208092,145.24,127.17,151.56,150.29,163.35,50.45,55.45,48.13,108.68,63.19
"3584","TRINITY_DN50255_c0_g1",-2.15144144958348,-0.90529656599725,-5.12594245987219,0.000263972396317284,0.00475226871490692,0.414544582973581,40,31,41,21,33,2,3,6,16,5
"3585","TRINITY_DN50297_c0_g1",-1.03892823002525,0.570375333011046,-4.24696605961451,0.00117428781702199,0.0125008989802475,-0.682110452544477,63.99,81.99,52,49,54,35.99,18,35.99,24.1,20
"3586","TRINITY_DN50316_c0_g1",-1.43108230960752,0.272889263046052,-3.76180498213301,0.00278707232905955,0.0220669295604646,-1.47038071211568,49.31,47.44,37.86,71.32,76.38,15.27,32.23,14.89,11.02,25.9
"3587","TRINITY_DN50353_c1_g1",-2.89634202709557,-1.3444237664072,-3.71730512061902,0.00302058356261926,0.0233382753380667,-1.7402787449677,23.83,51.67,24.77,17.26,50,3.07,5.3,1.04,6.44,0.95
"3588","TRINITY_DN5036_c6_g1",-1.04910450450024,0.354123583378331,-4.40028679686034,0.000898582612888244,0.0104274943895215,-0.409493575556705,61,40.47,50.84,47.29,58.83,29.17,11.82,25.14,19.93,28.84
"3589","TRINITY_DN50435_c0_g1",-2.49824954409281,-1.83612907082852,-3.55181203970404,0.00408007652758252,0.028452052245573,-2.07449800329938,19,17,30,16,16,0,2,4,5,4
"3590","TRINITY_DN50445_c1_g1",-3.49137494904835,-2.31478241518359,-5.02244754646538,0.000312990461815679,0.00530980320490475,-0.762892888490051,17.93,18.92,18.2,16.93,26.4,0,1.29,0,2.54,2.66
"3591","TRINITY_DN5047_c0_g1",2.10105788735349,2.36025633983483,4.86484706400318,0.00040683092743071,0.00624862854245547,0.163967946728443,155.25,73.07,46.53,31.97,85.77,284.22,262.59,456.7,480.24,115.26
"3592","TRINITY_DN50666_c0_g1",1.0933320331915,0.164220192212851,3.4678834489874,0.00475584382400036,0.0313158215265725,-1.96960757720642,27,24.15,11,30,24,51.23,44.98,44,34,38.27
"3593","TRINITY_DN5071_c1_g1",-1.13874763698836,0.792971852310109,-3.13047771236167,0.00884027573422365,0.0469018184552307,-2.64500965371093,104.01,43.28,82.25,113.67,43.09,28,27.09,21.98,32.03,41
"3594","TRINITY_DN5072_c0_g1",1.51639802033192,2.47525991980817,5.28430529873474,0.000203999512428746,0.00405887891196289,0.824626245224101,95.72,103.73,120.12,65.18,73.92,171.04,250.48,325.14,217.82,367.42
"3595","TRINITY_DN50721_c1_g1",-1.22777285522465,2.41869007348506,-5.17156235307306,0.000244995520053713,0.0045328917769938,0.642888939647391,219.92,206.26,213.82,203.35,260.85,70.78,154.42,52.47,126.03,95.74
"3596","TRINITY_DN50802_c0_g1",1.40726240020722,2.85770526472158,7.6223928226101,6.77347279580529e-06,0.000526887907677716,4.20714138095603,150,74,120,146,137,254,291,356,418.11,298
"3597","TRINITY_DN50811_c0_g1",1.37095736939918,0.224836313360298,3.80069303101328,0.00259821773511622,0.0210358377057003,-1.40093492376133,26.61,9.72,19.92,16.14,45.54,41.8,61.42,61.6,43.88,42
"3598","TRINITY_DN50812_c3_g1",1.60474595741227,-1.00336041805695,3.65197527747873,0.003400351215493,0.0251787428546478,-1.58449899868237,13,3,13,8,12,23,21,18,22,27
"3599","TRINITY_DN5092_c2_g1",2.6015769640929,-1.79592630237087,4.24405851847443,0.00118029459325608,0.012536893665602,-1.27044657473446,6,5.05,2.02,6,2,21,9.12,13.62,23.48,21.26
"3600","TRINITY_DN50942_c0_g1",-1.75087548982216,1.31431331053567,-6.68425247888999,2.43411408035981e-05,0.00111181160724249,3.0066948393905,193.02,114.74,81.11,109,147.38,31.98,30.8,32.04,46.73,32.33
"3601","TRINITY_DN50956_c0_g1",-1.91366619981136,-0.0324286430154022,-4.99314829896017,0.000328541431027579,0.00546899458021077,0.533569689213953,50.52,31.82,78.67,40.87,84.74,22.47,5,10.83,16.93,9.48
"3602","TRINITY_DN5097_c0_g3",-2.42031025822726,-0.705073604782431,-5.58550168813151,0.000126176299060003,0.00299971948979343,1.01511083719474,43.07,40.24,42.55,26.38,59.5,8.15,1.05,11.24,11.26,2.07
"3603","TRINITY_DN51002_c0_g1",-2.11493812360458,0.901073255912324,-7.87463688704677,4.89064871781542e-06,0.000455829021786298,4.44738679410177,122.82,114.23,85.61,71.23,149.43,29.45,24.31,24.47,21.31,14.79
"3604","TRINITY_DN51069_c0_g1",-2.14316636752425,-0.202556825639152,-4.67232013894526,0.000563031733193689,0.00768630565345613,0.0317064176570101,59.84,59.96,74.43,18.02,60.08,10.68,8.66,11.77,7.43,11.95
"3605","TRINITY_DN51097_c0_g2",-2.02159496729659,-0.82444780818029,-3.24378661952194,0.0071749540858266,0.0410070987868152,-2.21228520185384,47.22,34.99,12.81,38.42,47.35,6.07,6.86,6.32,13.62,1.26
"3606","TRINITY_DN51141_c0_g1",1.13242591316289,0.831557257077202,3.25459520188662,0.0070336679334507,0.0404828839407528,-2.43475591714359,29,32,34,43,33,113,106,61,48,46
"3607","TRINITY_DN51191_c0_g4",2.56326179255951,-0.804648330878522,4.57634634368568,0.000663260252193117,0.00852406146886864,-0.29024112260535,5.01,10.76,18,8,3.03,50.23,16.03,41.89,37.96,38.18
"3608","TRINITY_DN51222_c0_g1",1.32077382943907,-0.181629620563675,3.88747007857065,0.00222279893122468,0.0190252992141683,-1.21915063686907,23.42,17.5,20.7,11.68,11.22,48.57,36.16,39.44,50.46,15.22
"3609","TRINITY_DN51242_c0_g1",3.15209489911651,-1.23252811506601,4.04302694512281,0.00168356632282167,0.0158630382396527,-1.30821854970904,3,2,7,8,9,59,27,19,55,19
"3610","TRINITY_DN51275_c0_g1",1.26249710668988,0.490768825233024,3.95970948175069,0.00195310612263697,0.0174819191718193,-1.15952215017639,39,14,48,14,31,64,44,50,99,41
"3611","TRINITY_DN51292_c0_g1",-1.30152867850437,1.23038680509905,-3.09386880371359,0.00945764963222945,0.0490618538585167,-2.78028196289039,130,75.71,140,116,65,76,48,10.68,46,46
"3612","TRINITY_DN51301_c0_g1",4.63120767205359,-2.86563390157734,6.75787418468457,2.19276345273243e-05,0.00104221744689826,0.426304681375923,0,1,2,0,1,14,12,21,32,10
"3613","TRINITY_DN51361_c0_g1",-1.76337953717073,0.256058990673481,-7.65190940225502,6.51768420058256e-06,0.000514077165269329,4.06555196953781,66.52,49.84,65.27,47.97,80.61,23.4,13.93,11.19,19.3,13.22
"3614","TRINITY_DN51362_c0_g1",-3.672254082731,-2.29272132315507,-5.53135779192677,0.000137428215426002,0.00316304006093943,-0.355528891419351,21,19,24,18,23,0,2,0,4,1
"3615","TRINITY_DN5137_c1_g2",-1.30822167833062,1.29454040677236,-8.14656289066193,3.47076579950551e-06,0.000378243069061615,4.84046282083002,97.58,103.01,131.99,87.02,112.53,45.99,36.99,35,45,38
"3616","TRINITY_DN51426_c1_g2",-2.23471879012596,-1.83754060159362,-3.16204921635139,0.0083405109991534,0.0452164960490348,-2.50404925188045,35,23,12,14.79,12,4,1.57,3,3,1
"3617","TRINITY_DN51458_c0_g1",-1.72830849224864,2.74364966294493,-6.20259505571818,4.90637618655654e-05,0.00167985877222455,2.23593254338857,553.74,292.17,298.37,201.39,405.13,105.89,56.44,81.47,182.32,94.71
"3618","TRINITY_DN51476_c1_g1",-2.02231533396228,-0.226905957234746,-5.05166664916158,0.00029825052667975,0.0051421976052918,0.597442745483059,72.07,44.88,34.7,39.22,48.94,11.25,8.31,17.69,4.44,14.61
"3619","TRINITY_DN5148_c7_g1",1.06486110986216,0.516759378901526,5.00035661420362,0.000324641713642025,0.0054305657722665,0.547902706380142,23.25,28.55,34.06,29.62,26.56,70.21,42.22,46.9,56.43,55.97
"3620","TRINITY_DN51511_c0_g1",-3.99705069450368,-1.92331360989211,-5.89403144074562,7.81623886424476e-05,0.00222256166403632,-0.0672988526440088,33.09,33.27,31.63,18.08,36.37,2.03,2.08,0,1,1
"3621","TRINITY_DN51518_c0_g1",-1.74249363634729,0.230236349622633,-5.88211838724705,7.96014319305604e-05,0.00224299198944716,1.84785262831005,58.43,58.4,69.04,33.19,94.68,19.13,11.73,18.3,21.09,9.83
"3622","TRINITY_DN51549_c2_g2",-1.72456069437885,0.101971897110642,-5.57421876535035,0.000128438070754582,0.00303373850990102,1.40135577805187,89.43,60.23,39.42,54.05,41.47,13.13,11.28,12.57,21.11,13.82
"3623","TRINITY_DN51572_c1_g1",-3.0117943338816,-1.37819053939043,-4.69245435305808,0.000544093354401923,0.0075187112380109,-0.665330191743373,40,27,39,16,40,1,7,2,6,1
"3624","TRINITY_DN51578_c0_g1",-2.14016675716922,-0.751073433060726,-6.43748923817033,3.47224294080254e-05,0.0013719669529432,2.03993603782758,35,38,36,40,30,6,5,6,10,4
"3625","TRINITY_DN51615_c1_g1",1.14068949858838,0.692218403042266,3.52167146338466,0.00431069414763938,0.0294369668339458,-1.94409580845573,63.56,16.01,24.21,22.58,45.23,69.12,61.7,40.03,81.9,71.18
"3626","TRINITY_DN51760_c0_g1",-1.32846166369701,0.355191605528941,-3.5453615454361,0.00412834871164548,0.0286625606225383,-1.85246061723776,75,70,49,25,88,19,9,24,44,15
"3627","TRINITY_DN51804_c0_g3",1.03357139382392,0.150740369756215,3.41380339119432,0.00525073363364322,0.0334462842046967,-2.06182712107784,27.31,16,13.37,20.99,41.59,49.72,35.5,40.59,35.19,45.4
"3628","TRINITY_DN51852_c0_g2",-1.42367295537205,-0.98395810775051,-3.53047044026777,0.00424202623026362,0.0291314897906167,-1.76686181511914,32.8,17.41,18.6,21.02,35.04,10,6,8,11.94,2
"3629","TRINITY_DN5191_c1_g3",1.45371328653543,-0.540615176942639,5.29039823653722,0.000202000881111495,0.00403702598007564,0.912997061459673,16.14,12.81,13.34,8.32,11.17,39.8,18.59,32.97,29.89,26.3
"3630","TRINITY_DN5201_c3_g1",-1.33922205146203,3.2839315171762,-11.020531740423,1.44528329996347e-07,7.17716124495458e-05,7.99874679671741,469.06,387,494.07,398.46,365.77,161.35,137.39,166.38,244.04,130.99
"3631","TRINITY_DN5201_c6_g3",-1.39689794494565,-0.559574206755128,-4.27590136892272,0.00111621181496292,0.0120647278777657,-0.585850118626332,45.97,35.95,28.05,25.86,26.84,10.59,8.8,11.56,18.13,3.42
"3632","TRINITY_DN52013_c0_g1",-2.93778146996744,-1.9518527916597,-3.1103125154051,0.00917515184227269,0.0480460920750156,-2.65454068851777,32,35,22,10,13,4,4,1,0,2
"3633","TRINITY_DN52025_c0_g1",-1.54889103957862,-0.520263519925885,-4.7682305637354,0.000478586464923009,0.006907178847624,0.155048011093636,49,27,34,24,42,6,4,11,19,11
"3634","TRINITY_DN5208_c0_g1",-1.43009111462046,3.7644963471202,-5.98350763885454,6.81968178474781e-05,0.00205298218771307,1.76540429306641,771.79,663.03,630.2,482.81,554.78,344.49,125.66,169.56,449.65,154.77
"3635","TRINITY_DN52085_c0_g1",1.00621226826973,1.66645357473093,3.58072002885096,0.00387072705091568,0.0275067556907316,-1.99847295576254,41.05,44,102.65,69.6,76.24,149.62,87.57,81.08,187.61,119.63
"3636","TRINITY_DN52105_c0_g3",1.13602764546955,0.689480942950803,4.78474247829717,0.000465441295642716,0.00678529896329871,0.195198253831717,27.79,25.86,28.98,27.5,50.88,55.08,48.87,60.33,108.52,51.63
"3637","TRINITY_DN52121_c0_g1",1.47873844168237,-0.738770950505679,4.34065921996492,0.000996797300465218,0.0111627630577445,-0.502448526021877,17.32,8.26,10.75,6.24,13.22,26.25,12.48,26.9,45.29,22.6
"3638","TRINITY_DN52173_c0_g1",-2.23370899969022,-0.33843480698495,-4.62319537196771,0.000612189778632032,0.00807502514211745,-0.0680793190717681,78.18,48.72,28.34,45.79,49.54,15.42,8,18.79,6.01,2.2
"3639","TRINITY_DN5223_c1_g1",-1.26726316281081,1.5900905351371,-6.5165012850763,3.0962126265841e-05,0.00128644111501059,2.77254315401271,169.71,97,142.37,116,125.77,49,47,53,82,31
"3640","TRINITY_DN5226_c0_g1",-4.11272526245429,-0.771666192579376,-3.13302310067133,0.00879888893908476,0.0467490267329614,-2.49228931926015,156.66,33.02,55.6,81.78,69.64,0,0,70.22,6.37,2.94
"3641","TRINITY_DN52302_c0_g1",-3.44158443962762,-2.1663843226615,-5.02447687212446,0.000311942412254021,0.005300715384138,-0.754539726418916,27,17,15,24,25,2,0,1,1,3
"3642","TRINITY_DN5249_c1_g3",-1.05923553707003,2.7227674863506,-4.06250647283576,0.0016262902530154,0.0155308217177966,-1.31524879179246,285.74,218.16,326,159,361,148,73,151.52,229.15,67.51
"3643","TRINITY_DN52611_c1_g1",-2.08015348400813,0.413153685681954,-6.88072064782382,1.84503322436475e-05,0.000945735692561666,3.17535065490542,77.03,81.03,90.7,44.33,95.43,8.92,10,17.35,27.13,21.31
"3644","TRINITY_DN52671_c0_g1",1.06369285154679,-1.26176497126761,3.11825369302982,0.0090417785242785,0.0475766099317341,-2.40615533544439,9.62,10.51,6.3,5.26,13.01,21,13,12.67,17.94,10.07
"3645","TRINITY_DN5268_c0_g1",-2.7443144465349,1.41090989071168,-8.61859101909572,1.95089800011023e-06,0.000274603270881729,5.32887276161859,196.09,287.9,183.15,130.65,176.29,26.52,10.39,35.22,49.51,19.54
"3646","TRINITY_DN527_c0_g1",-1.49541149999899,5.37022078822564,-3.43752887248509,0.00502746811929048,0.0325315392512079,-2.84749349203907,2911.02,1534.38,1814.08,1427.29,2254.04,840.68,129.74,863.24,1539.85,800.34
"3647","TRINITY_DN52701_c1_g1",-1.25577809766715,0.230817914352266,-4.20811617867495,0.00125724039402746,0.0130679739147455,-0.716469836340663,61.46,40.44,52.46,72.24,35.1,25.43,17.38,18.4,15.66,17.43
"3648","TRINITY_DN52704_c0_g1",1.06541051961925,0.46918531455318,3.90578656241679,0.00215097474998686,0.0186012268919873,-1.25204097710536,29.29,31.67,29.13,12,44.03,54.28,31.82,64.12,68.26,49.11
"3649","TRINITY_DN52723_c0_g1",-2.00067661312028,-0.319575184536644,-4.75262423107709,0.000491368427713831,0.00703278851323688,0.136191142721381,55,68,47,40,29,13,2,7,17,13
"3650","TRINITY_DN52742_c0_g1",1.19639391125499,1.85056905496956,5.33158740732963,0.000189019805024367,0.00385961032140873,0.971139071149583,61.37,57,66,102.76,56,118,163.79,157,198.53,108
"3651","TRINITY_DN52810_c2_g1",-1.51634749857028,-0.663891244828511,-4.6526803559799,0.000582170234199174,0.00782216395258984,-0.0343532181954878,25,34,34.96,19,43,11,6,8,9,9
"3652","TRINITY_DN52817_c1_g1",-1.4537851207256,-0.904130922269138,-3.6853403702016,0.00320063873902311,0.0242534182854755,-1.52095416705399,39.68,24.21,23,16,23.66,4,9,8.02,5.95,14.01
"3653","TRINITY_DN52853_c0_g1",-2.26108689045128,-1.35137017764069,-4.5267119265777,0.000722248444379141,0.00900258030851221,-0.606636443472137,23.17,21.5,33.65,16.03,33.15,8.28,2.71,1.76,6.27,1.78
"3654","TRINITY_DN52892_c1_g1",1.6830373592385,-1.20691916847517,3.39347973205822,0.00544999553493245,0.034299913992719,-1.99477580535046,8,8,12,6,5,10,27,24,26,15
"3655","TRINITY_DN52932_c0_g1",-1.81223588420346,4.18249338193687,-7.90468190621171,4.70686442563268e-06,0.000443485050169146,4.47173672305017,1174.16,663.12,655.25,979.28,1325.83,297.74,271.18,257.42,234.47,257.47
"3656","TRINITY_DN52932_c0_g2",-1.48760116234041,0.433620982385736,-3.66180630347773,0.0033402128342027,0.0248908008967945,-1.65793729903962,97.53,38.43,39.74,97.4,68.79,34,23.59,18.75,22.44,8.83
"3657","TRINITY_DN52933_c0_g1",-1.34251390010932,-1.16154633448323,-3.31562494392523,0.00628711098709477,0.0376741121163163,-2.10298926510771,30.58,21,17.27,13,24,7,6,13,7,2
"3658","TRINITY_DN52967_c0_g1",1.65835841256385,-1.34032739689826,3.8202798857216,0.00250813151399486,0.0205233002372419,-1.39333480725378,13.59,5.27,6.54,7.52,4.29,18.65,10.85,17.82,31.36,11.78
"3659","TRINITY_DN5305_c0_g1",-1.15853687830239,5.27344727321553,-3.10825628397944,0.0092100079048528,0.0481603211747812,-3.45065303089249,1764.9,1436.47,1401.82,1553.75,1830.72,598.16,518.92,262.05,2047.1,941.23
"3660","TRINITY_DN5305_c1_g1",1.24686863907962,2.12659029716297,5.6222018027594,0.000119106035546631,0.00287477193270359,1.40126042687033,64,91.99,124.64,47.77,85,194.86,138.5,193.65,279.63,129.72
"3661","TRINITY_DN5305_c1_g2",1.41797268400909,3.49733105396495,7.15864008153934,1.25735097652213e-05,0.000757755383656645,3.5244072901009,187,127,289,180,188,564,407,495,789,334
"3662","TRINITY_DN5309_c1_g2",-1.58210863766284,0.317887236478741,-5.36088406221949,0.000180323858714001,0.0037536630468856,1.10350005041462,49.36,67.06,48.44,67.16,77.76,16.72,8.26,26.25,30.04,12.71
"3663","TRINITY_DN5317_c2_g3",1.10977964406361,2.24665514547819,5.11570589197896,0.000268439330569172,0.00480726357697084,0.570338535538592,93.08,89.45,108.57,53.52,110.01,126.21,183.98,184.87,259.25,214.34
"3664","TRINITY_DN53199_c0_g2",1.35800755761407,-0.1750832572718,4.48813782412179,0.000771861437401477,0.0094340325839022,-0.242808567685237,21,19.44,14,9,19,32,28,49,31,47
"3665","TRINITY_DN532_c3_g1",-1.12109441868955,3.69746916563356,-3.6081626066272,0.00368214977143923,0.0266323982097187,-2.30651729189887,605.03,494.76,809.59,244.32,661.42,244.59,115.4,247.31,482.83,212.6
"3666","TRINITY_DN532_c4_g1",1.51723155414969,-1.11520494582772,3.15158745715631,0.00850288250724142,0.0457372555246537,-2.35467247678874,6.92,9.43,24.84,2.77,8.13,26.74,13.76,23,16.17,20.17
"3667","TRINITY_DN5330_c0_g1",-1.5433534216407,0.259224630224042,-6.16709806200911,5.17291762514682e-05,0.0017375740728537,2.24808099827684,63.33,50.45,61.37,43.7,64,19.01,28.03,15.65,14,13.57
"3668","TRINITY_DN53302_c0_g1",1.45956282512136,-1.05395127359345,4.58434935559874,0.000654230439681136,0.00844121810699789,-0.216184049867606,11,6,9,12,8,23,17,19,25,15
"3669","TRINITY_DN53320_c3_g1",-2.18001939234511,-1.26087525822138,-3.89981529674311,0.00217412309986068,0.0187465644257191,-1.34058689162862,16.35,42.35,25.39,24.19,24.1,3.03,2.02,8.05,4.03,3.02
"3670","TRINITY_DN53361_c0_g1",1.14824158794752,-0.886475225189434,3.16591021985605,0.0082813788515245,0.0450213248567924,-2.34932594020072,15,6,11,11,14,26,9,25,31,15
"3671","TRINITY_DN53439_c0_g1",-2.71635966157532,-2.23296395712931,-3.44207406921506,0.00498581142280637,0.0323361465112614,-2.3065935957542,15.35,10.58,21.26,20.79,14.04,5.55,0.66,0.14,6.52,0
"3672","TRINITY_DN5345_c0_g1",1.94001727124005,1.82879392209728,6.56695010102678,2.87896551737884e-05,0.00122487255329523,2.83890312059291,54.8,55.52,69.65,28,55.36,210.02,170.46,105.84,324.02,186.14
"3673","TRINITY_DN53465_c0_g1",1.67463567637289,-0.716838513113845,4.29962806832227,0.00107082016120189,0.0116921883353468,-0.569038053467814,11.01,10,5,14,14,22,17,39,28,34
"3674","TRINITY_DN53476_c0_g1",-1.69085320829457,-0.455947774018126,-4.97582812594628,0.000338114221193622,0.00559235336167676,0.460619425452129,48.24,46.76,25.54,24.9,47.22,6.29,6.21,13.41,13.77,8.38
"3675","TRINITY_DN53491_c0_g1",2.01122899082624,-1.17633631463397,4.25021182215394,0.00116761979184189,0.0124576883738043,-0.785288089060594,4.08,7.04,3.02,14.37,10.26,20.62,14.36,27,21.11,26.13
"3676","TRINITY_DN53526_c0_g1",-1.06746634160905,2.54131644773716,-7.19539232135928,1.19604865867677e-05,0.00074006925270235,3.65843381097053,272,233.99,261,167,218,96,100,89,153,106
"3677","TRINITY_DN53669_c1_g1",-1.09040608673316,0.549490546394593,-4.20554510771748,0.0012629404332898,0.0130987345072867,-0.749221206746223,59,55,66,56,62,17,24,15,49,32
"3678","TRINITY_DN537_c0_g1",-2.19497426747932,-0.197086423912707,-4.91536398322413,0.000373893884594673,0.00593354496823334,0.389949457074395,87.82,41.33,28.72,49.44,67.72,5.95,6,13,9.59,16.82
"3679","TRINITY_DN53751_c0_g1",-1.60336540258387,-0.163562909968716,-3.14128980062736,0.0086658169167969,0.046265622526256,-2.45972348040116,34,34,70,67,33,26,15,18,14,2
"3680","TRINITY_DN53752_c0_g1",-1.15763524257227,2.07871476235282,-5.53463702930053,0.000136717448241823,0.00315486947292302,1.26980857260462,168,169,267,112,174,92,47,74,105,66
"3681","TRINITY_DN538_c1_g1",1.06567794406961,0.25699818671798,3.83325085228039,0.00245024863490389,0.0202310100775504,-1.35380915078034,37.99,15.2,27.5,18.08,25.16,59.08,36.46,35.54,77.41,28.21
"3682","TRINITY_DN5380_c4_g1",2.19956032480291,-0.635193988506198,4.33053064466986,0.00101456059868474,0.0112723774000865,-0.542320557945562,8,13.52,12.17,5.72,8.45,23.76,17.29,31.55,82.87,43.75
"3683","TRINITY_DN53836_c0_g1",2.0923343459364,-0.879447642247509,6.3385063095232,4.01315798215878e-05,0.00149591281975668,1.88564291060639,10,9,11,5,7,26,19,33,37,29
"3684","TRINITY_DN53848_c0_g1",1.72214091172359,-0.0719739760551698,4.58688021621518,0.000651401666545845,0.008416966496496,-0.0871236709667498,26,7,11,14,30,36,33,40,84,42
"3685","TRINITY_DN53848_c0_g2",1.42371414527162,1.3098854555894,6.37764462621186,3.78927419238783e-05,0.00144215454456335,2.58331571168211,59.23,39.84,40.74,40.55,36.6,89.88,72.15,114.57,190.15,98.59
"3686","TRINITY_DN53889_c0_g1",1.20095196518811,-0.453059841209671,4.0410056879667,0.0016896277990079,0.0158958703340455,-0.953811605124806,22,12,10,17,13,38,15,30,33,27
"3687","TRINITY_DN539_c6_g1",1.03025831058547,1.24285220080885,3.33561023124238,0.00606050830958604,0.0368251673566821,-2.36297338489885,24.12,79.43,43.85,70.29,39.68,99.74,72.41,84.34,116.76,74.92
"3688","TRINITY_DN53914_c1_g1",-1.44422067183616,-1.3952697656878,-3.66512486783736,0.00332015948059843,0.0247770593410276,-1.6232497111554,21,13,18,19,22,3,2,6,10,5
"3689","TRINITY_DN53937_c0_g1",-1.28478215795477,2.68463271793723,-4.798042250465,0.000455128535039739,0.00669684349074713,-0.0190655138219551,393.57,326.28,195.44,180.74,320.63,111.38,59.16,126.41,121.85,154.17
"3690","TRINITY_DN53938_c0_g2",-1.85604518909399,-0.530646388994621,-3.9796598135343,0.00188474793057705,0.0170893034098908,-1.05396372663421,24.64,34.04,66.37,39,36.01,18,3,4,14.01,8.34
"3691","TRINITY_DN53940_c4_g1",-2.43291091304712,-0.979079009554524,-4.04384320681499,0.00168112484508254,0.0158568824849801,-1.09408364537988,33,50.93,49.97,16,34,7.99,2,9,8,1
"3692","TRINITY_DN53945_c0_g1",-1.09362567055605,0.227613752523967,-4.59100253190577,0.000646821429038951,0.00836770645706302,-0.0910759038984521,45.53,44.07,45.32,44.5,64.6,25.16,9.17,25.12,27.26,16.17
"3693","TRINITY_DN5396_c0_g1",1.50661221255679,1.37882909414465,6.9200055949544,1.74663725443571e-05,0.000919524600304287,3.32549672966988,36,51,42,46,44,133,91,157,104,109
"3694","TRINITY_DN54019_c0_g1",-1.89069267283735,1.14849311659837,-7.55864267747857,7.36329263710311e-06,0.000552683225097386,4.11683502626567,105.48,93.28,138.56,102.7,152.89,33.68,41.32,28.88,35.29,14.27
"3695","TRINITY_DN54041_c0_g1",-1.54701598458965,0.190627766871493,-5.59288126415785,0.00012471978990069,0.00297192178053568,1.43869053405957,66,34.27,57.06,59.19,63.38,13.14,13.03,14.28,33.21,12.15
"3696","TRINITY_DN54061_c0_g2",-1.22567949161898,1.72890172807446,-4.85688674893158,0.000412292534271897,0.0063020553490258,0.214895884128533,145.39,207.47,103.92,143.43,114.01,58.48,60.49,42.3,83.57,43.31
"3697","TRINITY_DN54107_c0_g1",-1.86585654489588,0.0526755884469903,-4.69343941291446,0.000543184076608998,0.00751001613232753,0.0797800979181815,56.04,63.02,69.03,23,88,21.04,6.01,17.36,14,10
"3698","TRINITY_DN5411_c1_g1",1.25200766628587,-0.305756672120768,3.40924535284557,0.00529476843126287,0.033661148668805,-2.00848422149877,23.95,11.89,13,11.16,19.3,14.97,31.57,36.35,56.62,32.05
"3699","TRINITY_DN54111_c0_g1",-1.47585171330213,0.419630807527698,-5.71251255799417,0.000103432430703784,0.00263241685260628,1.6236746590215,68.77,66.59,67.33,36.1,74.97,17.12,23.1,14.16,21.34,26.16
"3700","TRINITY_DN5412_c1_g1",1.92734029565553,-1.07352688090501,3.37905609154439,0.00559606004206709,0.034905772952656,-2.01361321981117,12,3,17,11,4,19.03,30.49,14,30,28
"3701","TRINITY_DN54173_c0_g1",-2.20068906792133,-0.617969339265057,-3.12013342551098,0.00901049461499395,0.0474721985003509,-2.41087068114835,43.61,42.39,17.96,29.86,88.5,1.03,9.53,3.18,17.86,15.72
"3702","TRINITY_DN54188_c0_g3",-1.73975029924623,0.157578474173697,-4.77241218957513,0.000475221110675843,0.00687940187129018,0.20279205791482,69.76,52.5,89.4,25.19,69.08,10.24,9.3,15.72,29.6,14.39
"3703","TRINITY_DN5421_c0_g1",1.95573500470637,3.16883739608111,8.69641014393648,1.77815149985429e-06,0.000258802498678822,5.53107190516897,118.7,168.95,104.6,124.53,116.79,509.44,387.12,323.52,628.65,608.11
"3704","TRINITY_DN54216_c1_g1",-2.05231400576722,-1.54364805589179,-3.19427151263605,0.00785977922589661,0.0435380988460027,-2.36536874542817,29.8,17.21,20,30,11.42,7,3,3,4.68,1
"3705","TRINITY_DN5428_c1_g1",-1.54267826721234,6.56759915446448,-6.07986202554837,5.89545033409658e-05,0.00187765102123505,1.625613557917,3060.3,4667.29,6017.99,3472.31,5500.28,1535.46,1003.53,970.91,2644.77,1816.11
"3706","TRINITY_DN54309_c0_g2",1.38496973271726,-1.49039740768835,3.57684951463166,0.00389810787464613,0.0276254307810006,-1.75455881901088,9,6.05,4.02,7.07,7.88,14.93,13.7,18,14.06,9.18
"3707","TRINITY_DN54337_c0_g4",-1.00227320893696,1.20907834947093,-3.30316656948809,0.00643269771102687,0.038241599339588,-2.41283365054996,103.22,73.16,130.52,71.94,78.91,80.76,62.48,31.51,32.87,26.1
"3708","TRINITY_DN5434_c0_g1",1.55015663017533,1.05686442371233,4.24476137798013,0.00117883961591777,0.0125298453760078,-0.73101871347443,28,31,27,63,33,145,129.01,94,68,62
"3709","TRINITY_DN54355_c0_g1",1.16093090967152,0.382404394358074,4.47964028935067,0.0007832609949776,0.00952589008664567,-0.280858830799978,37.37,28.42,30.33,17.17,16.17,53.66,58.97,49.72,48.62,44.63
"3710","TRINITY_DN54405_c1_g1",-1.66298254089615,-0.0751376079465492,-3.99248547745217,0.00184211129857486,0.0168083517194966,-1.04280833752119,79.24,39.01,28.91,41.44,64.39,18.27,2.26,16.12,15.19,19.79
"3711","TRINITY_DN54412_c0_g1",-2.68200599215057,-1.24432342311081,-4.93675340871239,0.000360802570992241,0.00580722468783959,-0.197917138783338,33.44,40.42,20,30,33.01,2,1,8.04,5,2.54
"3712","TRINITY_DN54425_c0_g3",1.3995290973488,0.319586080617115,5.05332412640344,0.000297436570892221,0.00513299861193729,0.636797760215498,23.46,26.95,32.76,10.65,23.35,56.63,41.39,65.96,79.24,32.28
"3713","TRINITY_DN54431_c0_g1",1.91568807317136,0.781028591541746,6.23893907721498,4.64852923348852e-05,0.00162473425472729,2.38005561830923,19,26,42,28,18,66,106,83,91,104
"3714","TRINITY_DN54550_c2_g1",2.67857659442092,-2.03455092543749,4.41010599739114,0.000883401271730729,0.0103095037678912,-1.29378980404398,3.92,1.25,3.32,2.91,7.03,14.13,10.21,13.24,23.3,15.24
"3715","TRINITY_DN54557_c0_g4",-2.27223297659591,-1.82979945442325,-3.47514248919036,0.00469313218174474,0.0310908737512938,-2.14247279269949,23.44,19.1,20.5,12.84,17.82,0.79,0,6.44,8.67,4.46
"3716","TRINITY_DN5457_c0_g2",1.73319341294479,10.1538421280432,3.18348016085688,0.00801758324185845,0.0440466821979929,-3.70080914016266,44661.33,18199.99,16207.09,16981.33,5584.24,140990.16,25320.46,62201.09,67153.21,30481.42
"3717","TRINITY_DN54616_c0_g1",-1.12887056964504,0.742628299013621,-4.87948237824084,0.000396986642027231,0.00615602018915772,0.345522053888518,75.14,58.07,65.33,53.14,99.03,39.35,14.03,26.03,40.03,29.35
"3718","TRINITY_DN54653_c0_g1",1.14966512535467,-0.973194772620921,3.45090940491047,0.00490583830026987,0.031998004271404,-1.8886542192406,14,12,7,12,8.06,13,18,19,26,18
"3719","TRINITY_DN54714_c0_g1",-1.35092221039758,1.92839713364717,-7.14807442135508,1.27558873118872e-05,0.000765772677947857,3.62686727015559,126.56,164.72,196.28,159.74,184.98,52.33,51.44,77.6,65.68,68.51
"3720","TRINITY_DN54717_c0_g1",1.40338711415449,-1.19035357409867,3.85899919159856,0.00233938627540978,0.0196285002551621,-1.28888274304158,13.03,5.07,11.28,7.03,6.11,21.31,17.14,14.13,19.47,16.12
"3721","TRINITY_DN54739_c0_g2",1.41106066937513,-0.320769757081671,3.67188669594791,0.00327968024151931,0.0246021596751746,-1.56243249957878,19.68,15.33,13.56,13.07,10.83,34.51,67.82,25.69,30.62,22.14
"3722","TRINITY_DN54771_c0_g1",1.99118606769328,0.678607320248806,7.2421890594221,1.12257150306972e-05,0.000706719102246958,3.67484898742782,24.64,18.68,21.71,21.94,30.74,86.93,48.62,83.51,163.07,68.08
"3723","TRINITY_DN54822_c0_g3",-1.14132980298372,1.46746776852998,-4.46651312237582,0.00080121762045383,0.00967602773775312,-0.410491070776926,124.42,75.37,104.41,142.2,127.05,68.01,49.47,26.97,54.5,51.78
"3724","TRINITY_DN5491_c2_g1",1.84130990564258,1.01541372581657,7.77833356309163,5.53336455148184e-06,0.000480388910725432,4.36715467103253,39.39,22.55,28.06,29.16,34.91,101.04,58.04,121.98,120.8,123.2
"3725","TRINITY_DN54928_c2_g1",2.4719127420934,-0.70823206350323,5.16920372563972,0.000245940581610904,0.0045449585182838,0.540406875826579,7.65,7.57,8.5,4.03,14.83,36.08,15.09,40.23,62.27,44.67
"3726","TRINITY_DN54955_c2_g2",-1.17367682266193,-0.365644689176816,-3.62773847109028,0.00355339685093456,0.0259895789000721,-1.63399021693983,29.5,26.98,52.47,22.68,43.43,10.91,5,14.33,22.22,12.8
"3727","TRINITY_DN54956_c1_g2",1.11415104189561,-0.425116849604409,3.96317832384259,0.00194103903396991,0.0174206305094533,-1.08164299253902,17,8,17,13,23,31,23,29,38,20
"3728","TRINITY_DN54964_c1_g1",-2.16655107135088,0.789563629956863,-7.78206927444131,5.50681554548061e-06,0.00047986095022852,4.31673728711779,135.99,86.7,114.45,79.19,98.3,18.5,6.3,32.65,32.62,21.28
"3729","TRINITY_DN54971_c1_g1",-1.72818903321904,-1.18052861643639,-4.58529180554126,0.00065317555546716,0.00843286593803421,-0.312166167835191,25.35,25.21,20.27,14.63,30.34,7.86,5.79,5.12,4.79,3.12
"3730","TRINITY_DN5498_c0_g2",2.66163145919906,-1.65977511301362,3.77552175746305,0.0027188979549692,0.0217127070187519,-1.72862746088355,1.06,4,11,5.26,5,22.01,10.99,15,40.12,16.63
"3731","TRINITY_DN5498_c0_g3",1.08482400122772,1.03264405941565,3.38860880557212,0.00549888378161034,0.0345238911560312,-2.23154716436894,40,26,81,24,47,90,84,48,133,61
"3732","TRINITY_DN55006_c1_g1",-2.29091846457754,-0.923181688366555,-5.44643104961784,0.000157263307863262,0.00344458806362177,0.740028085353324,45,34,30,26,37,7,2,2,16,4
"3733","TRINITY_DN55018_c0_g1",-1.44185189081504,-0.218135012371695,-3.76324331814254,0.00277984187178124,0.0220377911045911,-1.41602006472399,45.91,36.11,60.16,16.9,59.7,15.66,7.68,8.63,23.59,10.7
"3734","TRINITY_DN55027_c0_g2",1.97596931545583,-0.0240490678335046,8.00957642140763,4.12102235604023e-06,0.000414979913558325,4.31484311624384,22.18,14.98,11,10,17,48.53,39.68,65.1,64.25,40.06
"3735","TRINITY_DN5510_c4_g1",-1.07558586115406,0.272299723826785,-4.3302041052441,0.00101513872700169,0.0112766144130106,-0.519141520573055,64,50,63,28,49,22,12,27,27,18
"3736","TRINITY_DN5512_c0_g1",1.31009730888019,3.65527441197103,6.88579408829128,1.8320001696092e-05,0.000943730942143748,3.12055146991027,258,240,201,229,164,612,567,579,431,512
"3737","TRINITY_DN5513_c0_g1",1.15000454810103,4.71412778135676,3.66493560939347,0.00332129980284766,0.0247825897297711,-2.35944485751319,542.92,559.02,977.8,227.77,361.35,1150.6,736.31,721.26,1864.96,1101.49
"3738","TRINITY_DN5514_c0_g1",1.43562666364692,1.2902536146035,5.18085175708582,0.000241310429056333,0.00449958052665749,0.789468814690427,41.11,36.61,66.23,33.2,38,151.9,59.15,135.37,95.93,119.85
"3739","TRINITY_DN55157_c1_g1",1.00711371354564,1.83900033222146,6.16364372454338,5.1996645044342e-05,0.0017418455177995,2.24870699244513,76.39,74.25,69.92,62.48,64.83,118.54,139.66,167.65,135.19,125.25
"3740","TRINITY_DN55187_c0_g3",-1.70791351685014,0.0642704263084937,-3.12770414077922,0.00888559578016607,0.0470577998855071,-2.51526259241914,59,26,118,50,52,23,4,5,46,16
"3741","TRINITY_DN5520_c0_g1",-1.69349983022779,1.34718731209082,-4.86390033989097,0.000407476484532957,0.00625307671221231,0.280318504894272,151.24,110.17,161.61,110.92,112.98,36.76,13.17,69.96,92.59,15.85
"3742","TRINITY_DN55214_c1_g1",1.45263056139452,0.197529312093383,3.54998819756877,0.00409366646588187,0.028503673830976,-1.82658251631098,15.28,15.22,16.97,28.96,28.74,34.39,62.55,72.57,82.72,20.43
"3743","TRINITY_DN55217_c1_g1",1.8507062759677,-1.27648504330118,4.06977068512256,0.00160545067054911,0.015376754347117,-1.05039813007473,6,4,10,11,6,26.73,11,19,19,23
"3744","TRINITY_DN55217_c5_g7",-1.52503217699927,-0.432053970697035,-3.65039566497269,0.00341011698321017,0.0252209700483484,-1.58243220645137,48.05,35.98,43.28,23.49,33.02,22.04,6,2.4,20.69,12
"3745","TRINITY_DN5522_c1_g2",1.02187737498667,1.09739045452621,3.57805407472735,0.0038895654054584,0.0275900906157496,-1.90824149517076,51.31,47.32,20.51,54.16,49.45,63.9,63.25,96.92,86.69,96.96
"3746","TRINITY_DN55361_c2_g1",-1.86572870673285,-0.353560630055844,-5.78001229713864,9.31498977819912e-05,0.00245301077251862,1.57656854439038,65.37,38.06,53.07,28.89,32.65,7.22,7.47,9.97,13.96,9.96
"3747","TRINITY_DN55364_c1_g1",1.46479102405477,-0.480185336219576,4.17201474892209,0.00133978136506034,0.0136212480254545,-0.743612727846488,14.05,12.32,9.42,6.22,27.04,39.52,17.06,24.14,39.65,37.11
"3748","TRINITY_DN55390_c1_g2",-2.54146252109821,-2.08566878175303,-3.39545457777325,0.00543030059191181,0.0342193506863788,-2.33052332311788,18.11,13,12.47,12,27,1.04,3,3,0,4
"3749","TRINITY_DN554_c2_g1",-1.54357314479685,3.04230420685835,-8.44911170984914,2.39263075065139e-06,0.000312674023612493,5.23826023097344,421.72,374.09,429.24,250.93,462.97,90.23,131.5,127.98,183.54,129.98
"3750","TRINITY_DN5540_c0_g1",-1.47143373043621,4.4166644737773,-5.94169587273215,7.26747366692266e-05,0.00213296056926977,1.6173812769587,1307.14,986.02,1127.55,588.52,1038.32,378.6,198.85,353.9,732.44,241.68
"3751","TRINITY_DN55523_c0_g1",-1.28357951957173,1.56490206369534,-6.24350194602025,4.61718879519799e-05,0.00161844206028817,2.38481748186106,150.63,121.2,132.68,78.22,163.32,52.62,40.21,43.03,81.16,37.16
"3752","TRINITY_DN55577_c0_g1",1.84842263146708,0.637087825286725,5.83568933914832,8.54833991258434e-05,0.00233191811872337,1.80630460094499,14,31.23,21.01,25,29.54,93.28,90,76,58,78.21
"3753","TRINITY_DN55587_c0_g1",1.71257293709355,0.886810940633712,4.85379762392493,0.000414432656794984,0.00631521516860897,0.299405328326208,34,20,40,23,34,129,64,47,182,72
"3754","TRINITY_DN55623_c1_g1",1.61424030330592,1.4194186019242,3.73613535490663,0.00291941293567283,0.0228150050202729,-1.66376050949553,42,52,40,39,41,54,136,114,141,269
"3755","TRINITY_DN55645_c3_g1",-1.94455759123978,1.35968173981481,-6.62206158089282,2.66005114011347e-05,0.00116857596248213,2.92219987159919,181.26,132.56,142.88,71.51,183.54,20.54,28.9,37.47,44.97,40.94
"3756","TRINITY_DN55650_c2_g1",1.09968932709621,2.04942926351546,4.6131579471881,0.000622774749163042,0.00816260975074887,-0.245201061916235,61.17,80.35,107.1,94.56,59.85,127.9,171.17,227.21,166.41,138.64
"3757","TRINITY_DN55695_c0_g2",-1.1697737565614,-0.308747990713256,-3.84150863630373,0.00241411637848537,0.0200312605371074,-1.28486029995237,32,32.27,44,32.02,34,9,13,8.06,31,10.16
"3758","TRINITY_DN55794_c0_g1",-1.67262594104909,-0.859575508726505,-4.41984651211583,0.00086860539520218,0.0101885508884694,-0.429953956061285,31.09,23.33,32,16.22,44.94,9,2.07,7.03,9.25,8
"3759","TRINITY_DN55806_c0_g1",-1.24529708315986,-0.583343171988657,-4.05073865200067,0.00166064583442606,0.0157186534806592,-0.936225093329183,34,38,28,16,34,9,11,7,14,11
"3760","TRINITY_DN55828_c0_g1",-1.65025161111265,-1.01341053515,-3.29478277322626,0.00653258808537678,0.0385992390705834,-2.13334825657265,25,23,22,37,19,5,3,16,3,11
"3761","TRINITY_DN5585_c1_g1",1.42184201821618,-1.16652978210957,3.35198476157353,0.00588103162422969,0.0360623488138332,-2.04726063679389,16.75,10,4,5.53,8.99,12,15.96,27.02,24,14
"3762","TRINITY_DN55866_c0_g1",1.40900044514696,1.18426967339818,4.78158608724888,0.000467924549295868,0.00681036626346761,0.152185348255047,38.54,29,43.66,43.67,45.62,69.34,67.66,77.7,181.81,133.31
"3763","TRINITY_DN55878_c0_g1",-1.17139057774476,1.37461217753873,-5.05099829060616,0.000298579407090539,0.00514405165576967,0.571328968713955,175.88,95.57,81.41,83.61,116.62,39.44,39.53,44.89,66.19,36.52
"3764","TRINITY_DN55926_c0_g2",-4.9285863307673,-2.13599452585671,-4.75492273849286,0.000489463664115379,0.00701361206978255,-0.95744733690542,31.93,19.09,49.84,45.97,41.71,0,0,0,22.9,0
"3765","TRINITY_DN55929_c0_g1",4.19539380416555,-2.50719207374677,3.62775503005988,0.00355328991399018,0.0259895789000721,-2.0919067208496,0,0,27.79,0,0,20.59,43.75,9.17,21.51,12.25
"3766","TRINITY_DN55967_c0_g1",-1.42980644235919,-0.835070736574165,-3.88759692496962,0.00222229311852209,0.0190252992141683,-1.20575135411174,32.17,30.26,28.71,14.38,31.05,5.16,6.5,4.45,18.42,7.63
"3767","TRINITY_DN56008_c0_g1",-1.27432105572645,0.222878823242536,-4.91026787857219,0.000377085869012264,0.00595986997025017,0.415994257487056,69.23,45.23,72.62,28.8,49.58,19.33,14.29,17.9,27.15,15.04
"3768","TRINITY_DN56025_c0_g1",1.15585570068056,2.79794214451223,4.04326135334132,0.0016828648214435,0.0158612436875621,-1.36426324249581,119.29,96.5,242.22,178.02,70.46,273.65,244.41,353.16,378.19,187.42
"3769","TRINITY_DN56042_c1_g1",2.64007833584867,-2.3211680390697,3.83538563376077,0.00244085477934155,0.0201826305300043,-1.9021228375709,2,5.04,6.36,3,0,10.99,9,11,20.91,9.4
"3770","TRINITY_DN5608_c0_g2",1.35027559841281,-0.340133662573681,3.16845548773383,0.0082426287652021,0.0448739640388665,-2.40642718090945,32.9,6.65,7.92,15.96,23.56,37.7,17.15,24.35,56.72,34.23
"3771","TRINITY_DN56164_c0_g1",1.52021327195131,0.223345159050754,5.32935459971322,0.000189700445021844,0.00386968959062962,1.0552406642849,26,13,27,11,28,41,59,57,52,53
"3772","TRINITY_DN56216_c0_g1",-3.4930601677938,0.481303192686778,-7.57078365898447,7.24686529547132e-06,0.000549844750889936,3.7680896288886,200.77,110.62,162.28,63.27,149.29,8.9,8.06,10.01,18.66,5.01
"3773","TRINITY_DN5622_c0_g2",2.95992523070236,-2.38024651584461,3.10948116940981,0.00918922834304716,0.0480995159934488,-2.67995628621969,0,0,15.87,0,14.58,15.49,10.4,7.04,22.4,11.75
"3774","TRINITY_DN56311_c0_g1",-2.89354319774465,-1.79464722627659,-3.91573449043126,0.00211297323856972,0.0183953510369713,-1.74039997786599,22,29,25,14,29,3,2,1,11,0
"3775","TRINITY_DN56349_c0_g3",-1.33488697349299,-0.789184128614192,-3.76992216023858,0.00274651933237182,0.021857364235596,-1.38439658785409,34.82,20,32,16.16,34,4.06,7,9,17,7.07
"3776","TRINITY_DN56425_c1_g1",1.30493565422634,-0.897427069564647,3.17709181156946,0.00811250337193863,0.0444030529280365,-2.32619554331474,16.04,10.15,8.61,8.16,9.54,18.68,22.34,10.66,43.93,19.81
"3777","TRINITY_DN56435_c0_g1",-3.7616582547303,-2.8295221891079,-5.24803462302906,0.000216336544324982,0.00420410731356698,-0.611561324857102,19.43,12,11.19,14.49,20.15,1,2.07,0,0,0
"3778","TRINITY_DN5644_c9_g1",1.46185204362254,-0.980412349855896,4.33161121980774,0.00101264991348891,0.0112659756984087,-0.55815769444175,7,11,9,5,18,24,15,22.02,25.04,18.99
"3779","TRINITY_DN56468_c0_g1",-1.6504451527491,-0.0421303711128227,-4.7235628701743,0.00051613220876934,0.00725014499369722,0.126027001120148,48,51,48,31,77,12,10,15,33,5
"3780","TRINITY_DN56500_c0_g1",-1.23359016403874,-0.0248699878254364,-3.34554656480021,0.00595094651633746,0.0363653331418716,-2.14965929169939,41.76,43.12,21.12,46.21,76.12,17.75,11.4,20.78,16.24,12.22
"3781","TRINITY_DN5654_c0_g1",-1.30463847893902,4.80753878599116,-17.5769240287609,7.90082235765428e-10,4.45850588208211e-06,13.0821459490004,1265.7,1160.09,1188.16,1049.09,1361.3,514.83,424.49,494.86,579.67,408.63
"3782","TRINITY_DN5655_c0_g1",2.26738156096506,-1.34905199807695,5.10277027158792,0.000274198065728039,0.00487311832381644,0.105781908761796,4,8,4,5,8,26,22,17,30,14
"3783","TRINITY_DN56562_c0_g1",-1.84152193462544,-0.590050895183815,-3.71032394984169,0.00305900025865785,0.0235384135435636,-1.4781015809839,38,55,26,50,22,21,4,6,8,6
"3784","TRINITY_DN56574_c1_g1",1.77567463934474,-1.22945618006867,4.36737021209966,0.000951487126422497,0.010811387861166,-0.609931658224019,5,13.61,6.26,8.99,5.03,19.48,15.15,21.94,27.57,13
"3785","TRINITY_DN56598_c2_g1",3.29737277672334,-0.86229153629466,5.52515101894187,0.000138784226973849,0.00318692350140949,0.595854492126366,8.71,8.53,10.35,6.76,1.45,38.82,30.95,61.27,54.39,39.07
"3786","TRINITY_DN56617_c0_g2",1.38386372433542,-0.428047390912645,3.74103653123518,0.00289365521303043,0.0226720737510166,-1.4416767573459,16,14,12,24,8,24,18,26,50,39
"3787","TRINITY_DN56678_c0_g1",-2.6523143245375,-1.31881869138312,-4.01317634301199,0.00177541723378759,0.0164194352458478,-1.30974885485964,28.1,57.55,20.77,20.1,28,4,4,3,5,1
"3788","TRINITY_DN56705_c0_g1",-1.63507163814342,1.04256373247894,-6.25337745108763,4.5501240309003e-05,0.00160645304444977,2.40856055663979,115.71,81.02,126.78,56.08,142,35.53,20,36.81,36.13,23
"3789","TRINITY_DN56755_c0_g3",-1.98178995624517,-0.80290129964637,-5.73845840823963,9.9344591904271e-05,0.00256102196800572,1.28530698347125,36.14,27.99,33.76,32.36,29.74,3,9.55,5.34,8.96,7.43
"3790","TRINITY_DN56761_c2_g1",-3.11277692680089,-2.46023922158324,-3.81783753656793,0.00251918698810303,0.0205815410326459,-1.90874888706019,21.44,11.54,14.5,13.49,18.08,6.44,0,0,11.26,0
"3791","TRINITY_DN56787_c0_g1",1.24691449065476,0.952311364836113,4.49801281815163,0.000758831084665192,0.00931639255330442,-0.297233637535356,22.93,47.21,48.57,41.27,26.81,87.08,66.64,91.57,68.78,80.69
"3792","TRINITY_DN5684_c1_g1",-2.91636288988215,-1.99019259169495,-3.8697821741682,0.00229450621883691,0.019412454549282,-1.82468869542273,21,15,17,19,29,7,1,6,1,0
"3793","TRINITY_DN56854_c0_g1",1.12702016691167,-0.28074727964688,4.60866999996227,0.000627569231851523,0.0082060893029017,-0.0533799769251946,19,15,17,9,24,35,21,29,40,32
"3794","TRINITY_DN56932_c0_g1",4.39846833999206,-1.61595220334534,6.40052345705382,3.6645815549676e-05,0.00141464698658619,0.286244231100016,3,1,1,4,5,33,41,31,44,45
"3795","TRINITY_DN56967_c0_g1",-2.36171576401403,-1.46995548004232,-3.29598022493117,0.006518225180144,0.0385749175166611,-2.24115814112104,40,17.16,20.11,20.34,24.56,3.21,2.2,0,12.56,8.31
"3796","TRINITY_DN57017_c0_g3",1.26830758733445,4.91877268075142,3.15109335826519,0.00851062943686355,0.0457589036888919,-3.32994828291214,1198.76,536.04,409.73,416.67,378.81,3185.29,693.32,1333.7,1440.78,725.75
"3797","TRINITY_DN5705_c0_g1",2.93727195845694,-0.0420615301178157,3.9513444014578,0.00198252547226263,0.0176409527186397,-1.09472204546342,15,8.64,7,6,20,145,156,48,56,31
"3798","TRINITY_DN57135_c0_g1",-1.22753311610169,0.957062601292058,-5.28818120268494,0.000202725723030845,0.00404498967268002,0.980011815500306,114.09,71.71,78.6,59.16,94.8,25.65,27.26,24.61,63.59,29.84
"3799","TRINITY_DN57162_c0_g2",1.64576396521202,0.337526713238126,5.2090623915929,0.000230472720432237,0.00435553402857171,0.875618938202217,13.08,16.05,21.46,45.54,18.58,71.72,45.31,52.86,63.73,57.83
"3800","TRINITY_DN57181_c3_g1",-1.21699680412927,0.348585654057974,-4.66896444885952,0.000566254568637438,0.00770329750303015,0.0295909122831164,62.38,49.37,41.26,68.01,54.6,31,14,26.54,19,16
"3801","TRINITY_DN57256_c0_g1",1.37441673505989,-1.23085899551197,3.27967503323733,0.00671657633793203,0.0393288142251479,-2.15885756322405,4.06,11.12,8.19,8.21,11.24,22.2,8.05,21.3,22.11,12.11
"3802","TRINITY_DN57264_c0_g1",-1.24241948637688,1.31223730632113,-4.67107748599362,0.000564222945735604,0.00769041872783576,-0.0444255779234259,144.64,102.67,84.37,121.18,84.94,45.09,45.39,42.96,66.48,19.41
"3803","TRINITY_DN57388_c0_g1",-1.12890283696504,3.0317819206935,-4.33675438222501,0.00100360689210893,0.0111986148158852,-0.8794454636748,328.71,256.39,606.59,200.03,363.61,136.75,94.16,141.04,237.99,162.3
"3804","TRINITY_DN5743_c0_g1",-1.56590104574755,2.67620472176845,-6.09089267571084,5.79845167270996e-05,0.00186204391687428,2.07153739352757,191.43,319.46,320.86,356.34,351.07,161.79,64.01,83.01,140.52,71.32
"3805","TRINITY_DN57433_c1_g1",-1.3537850759467,-0.631280658150387,-3.20046644666677,0.00777060925870969,0.0432060909284437,-2.30730448831511,55.18,37,24,19,23,4,7,9,20,11.98
"3806","TRINITY_DN57530_c1_g2",-1.15963447811795,-0.726212701395076,-3.70275250758979,0.00310123235997597,0.023716385057675,-1.49033329069721,36.99,27.22,29.02,15.51,25.55,15.85,5,6.99,15.04,6.74
"3807","TRINITY_DN5755_c1_g1",-2.30375375164431,-1.30250026764065,-4.64173905928716,0.000593126197574406,0.00790928369242399,-0.448729043052767,18.7,22.3,26.61,29.32,35.17,6.46,2.02,3.03,4.72,2.05
"3808","TRINITY_DN57635_c0_g1",-2.22705579098136,-0.84366579508846,-4.42049078536735,0.000867635890533209,0.0101816804663261,-0.501971238943305,49,37,30,27,36,2,1,4,23,12
"3809","TRINITY_DN57638_c0_g1",-2.16086671039534,-1.76727478612259,-3.45924005356269,0.00483162996361045,0.0316904689730722,-2.10993802613879,16.61,20.28,13.92,18.61,23.6,6.01,0,4.39,3.28,4.47
"3810","TRINITY_DN57654_c0_g1",-1.29251496059047,-0.208311077650799,-4.15473844902304,0.00138125091195563,0.0139414258713388,-0.776294823956575,50.26,25.88,40.31,37.83,41.7,13.55,12.01,25.28,14.85,5.92
"3811","TRINITY_DN57661_c0_g1",3.41932067052072,-2.08461194823744,4.33355765948619,0.00100921763543372,0.0112403529940967,-1.37334409197781,2.1,2.08,1.57,8.28,1.62,26.56,11.33,27.77,26.39,9.68
"3812","TRINITY_DN5770_c0_g1",1.13964215919473,-0.0943710136461941,4.16912976875371,0.00134661554159365,0.0136741065154399,-0.762347470757987,18.63,16.68,22.25,24.57,12.14,49.93,28.12,30.11,37.72,33.71
"3813","TRINITY_DN5771_c0_g1",-1.01817705770033,6.11880013806451,-4.86831264897522,0.000404476931641207,0.00622536633008188,-0.34691048534247,4393.95,2432.07,2895.13,1887.49,2445.1,1425.83,922.22,1286.58,2251.76,984.01
"3814","TRINITY_DN57754_c0_g1",-1.68556960414401,-0.208548434815122,-4.29779772490458,0.00107425250807361,0.0117131828888391,-0.543410561218488,33.15,31.8,59.27,49.88,57.44,18.61,6.01,5.22,26.6,8.42
"3815","TRINITY_DN5776_c0_g1",1.18924060827986,1.92825052393674,3.16024354537835,0.00836831111751903,0.0452841552008435,-2.79799669288624,153.95,89.19,37.25,64.17,51.21,264.85,81.26,174.02,216.51,97.78
"3816","TRINITY_DN57774_c7_g1",2.00788036319518,0.689760535760323,5.01784743911467,0.00031537992091678,0.00533866736050946,0.574758614155696,20,16,45,41.01,12,75.52,102.04,117.8,100,48.67
"3817","TRINITY_DN578_c0_g1",1.07329642701965,6.26268134917941,13.0214395539916,2.31757337736768e-08,2.28607325761538e-05,9.77884698448481,1525.26,1220.42,1490.76,1598.63,1433.42,2907.75,2621.14,3070.27,3338.59,3023
"3818","TRINITY_DN57829_c0_g2",-2.55700104177579,0.831254700823184,-9.50997560067546,6.99258974581256e-07,0.000158983209134089,6.0670014340385,145.89,98.84,105,105.61,150.01,21,6.71,21.12,36,13.95
"3819","TRINITY_DN5784_c3_g1",-1.39127936711862,1.31867534386641,-3.61368493991338,0.00364535244053801,0.0264471256888682,-1.86756300285661,126.33,83.92,100.56,101.5,157.95,36.4,28.45,13.48,123.94,49
"3820","TRINITY_DN57887_c0_g1",1.16875691104966,-0.899671420853725,3.26926986585971,0.00684633775332058,0.039841531124536,-2.18043434126373,11,8,16,6,15,25,18,28,22,11
"3821","TRINITY_DN57952_c1_g1",-1.381904920784,0.268354524079494,-3.1668479922386,0.00826708054436352,0.0449638735395645,-2.49616094772956,67.83,60.83,77.61,32.21,41.69,4.99,18.44,22.49,24.33,39.77
"3822","TRINITY_DN58001_c0_g1",-2.81092312091089,-2.43632700707938,-3.81295084859154,0.00254145774163093,0.0207004917798187,-1.92176247523416,19.53,18.89,10.87,9.48,15.63,0,0,2.9,6.52,1.3
"3823","TRINITY_DN5802_c1_g1",1.80479546498529,-0.256565575266418,5.32193673791167,0.000191980289665751,0.00389826120402741,0.994900547201572,21,14.91,6,15.02,13.15,43.49,44.09,39.05,34.92,39
"3824","TRINITY_DN58122_c0_g1",1.98255935720238,-0.379979953630827,3.83801701828964,0.00242932667842614,0.0201198164425116,-1.27631972535609,5,15,6,30,17,25,55,48,44,27
"3825","TRINITY_DN5814_c0_g1",-1.05511724294045,6.19858490293542,-3.33470533785819,0.00607058712717697,0.0368641777863807,-3.12708985856514,2880.13,2678.1,3194.12,2314.55,3550.19,1303.05,978.8,598.57,3234.31,1862.8
"3826","TRINITY_DN58194_c0_g1",1.34547164566032,1.54973090019063,3.25816074496328,0.00698768020257559,0.0403416351278532,-2.54806022159045,37.48,40.81,76.61,85.33,40.69,131.93,71.35,230.75,222.86,54.38
"3827","TRINITY_DN58284_c1_g1",1.76880194881873,-0.585975771396424,4.20027281284741,0.00127471310945681,0.0131754435749206,-0.708649891794328,9.04,14,5,13.01,17,25,35,19,56,28
"3828","TRINITY_DN5830_c1_g1",3.08349923351218,0.657375139870705,8.95210100148975,1.31689755664737e-06,0.000222133421009046,5.40797484377127,21.04,6.04,13.49,21,26.72,134.09,129.02,133.78,151.5,79.25
"3829","TRINITY_DN58301_c0_g1",-1.83647659183009,-0.137072122273446,-4.17296320531683,0.0013375424496087,0.0136131513390737,-0.74396809310397,84.04,54.94,48.84,17,58,9,15,13,13,9
"3830","TRINITY_DN58319_c0_g1",-1.8240600934754,-0.204684519441016,-4.94585647201124,0.000355377866801653,0.00575521150635164,0.448039659586945,61.36,27.3,68.13,36.86,51.52,11.78,8,10.49,24.75,4.73
"3831","TRINITY_DN5835_c0_g1",-1.52797270957504,1.08664825741678,-4.09679460203432,0.00153032045076906,0.0149008802605551,-0.985843738261201,54.54,96.02,184.13,104.68,99.9,26.61,16.6,44.81,39.76,37.56
"3832","TRINITY_DN584_c2_g1",-1.19438246092469,4.82408113350832,-4.21052909372939,0.00125191527166662,0.0130390030857619,-1.37569217542227,1233.66,1099.17,1254.3,867.6,1490.8,462.23,380.68,241.81,1074.17,701.62
"3833","TRINITY_DN5846_c0_g1",-1.69653915074514,3.85735457898308,-3.19748915574077,0.00781333628028943,0.0433698503319938,-3.065188994404,1542,911.74,772.04,422.23,405.82,87,80.5,242.18,648.15,393.49
"3834","TRINITY_DN58563_c0_g1",1.06269548040525,3.00316605150496,4.52713331367175,0.000721725225943911,0.00900258030851221,-0.545260058627513,137,111,187.87,140.83,195,385,360,233,485.95,189
"3835","TRINITY_DN5860_c1_g2",1.00342323372611,3.94331184271439,3.54066949636816,0.00416382777506818,0.0287860825030696,-2.47757772130754,322.37,370.53,293.55,222.29,276.5,823.95,361.43,620.21,417.04,915.33
"3836","TRINITY_DN58659_c0_g1",1.17424182625871,0.0306126760340511,3.68684494735571,0.00319192150538045,0.0242160028752122,-1.57919675542727,12.23,17.43,18.21,33.76,23.82,32.88,33.52,35.71,69.39,30.68
"3837","TRINITY_DN58734_c0_g2",1.57569741405544,0.320061944567667,6.83898715841767,1.95606719593654e-05,0.000975268394542689,3.13348975076432,22.02,21.49,28.5,18.01,15.69,72.97,43.5,55.64,55.36,56.95
"3838","TRINITY_DN5876_c6_g1",1.64309939702932,4.91538999907745,3.62551467794212,0.00356778796616024,0.0260702613550831,-2.44621164519624,479.26,640.15,479.84,489.58,303.31,4384.41,521.43,1155.78,1767.04,1217
"3839","TRINITY_DN58785_c0_g1",1.20180065181487,-1.1430963793667,3.12060093147965,0.00900273095557949,0.0474459195676412,-2.40375966414844,18,8,8,3,14,21,12,20,21,13
"3840","TRINITY_DN5879_c1_g1",1.48807512362961,-0.8552282296901,3.20650994545481,0.00768460298232476,0.0428930892478039,-2.27757012344414,9.32,10.29,7.47,9.12,13.85,37.25,29.3,31.53,17.67,10.19
"3841","TRINITY_DN589_c5_g1",-1.18115641496776,3.20237210784818,-6.52858266114011,3.04264456144829e-05,0.00126963380754035,2.65525685301096,523.86,344.64,405.85,253.98,402.81,157.31,109.45,184.48,262.6,138.78
"3842","TRINITY_DN58985_c0_g1",-1.84189370878962,-0.712085217988178,-3.63135952651529,0.00353009051633769,0.0258617772584853,-1.60411096018443,55,40,21,15,46,7,11,3,10,9
"3843","TRINITY_DN59014_c0_g3",1.80239493195189,-1.01073183460233,3.40095424446939,0.00537583339332274,0.0339996279516888,-1.97278209525142,13.19,15.53,3.11,2,16.09,29.56,15.46,21.79,20.62,33.66
"3844","TRINITY_DN59124_c0_g3",2.42293897899235,-1.21538529273004,3.51293964207416,0.0043799599054727,0.0297333367423788,-1.88597897357921,10.33,1,22.27,2,11.51,29.12,27.88,21.04,40.65,16.54
"3845","TRINITY_DN5913_c0_g2",1.31852309990481,4.71629510142908,8.44390743122982,2.4077889465674e-06,0.000313335620690199,5.10046841643748,343,601,416,441,501,1222,1110,1218,1090,949
"3846","TRINITY_DN59181_c0_g2",-1.53113793132376,1.70613830021707,-6.11572045606475,5.58626887759015e-05,0.00182122927682527,2.19395139382831,215.54,162.69,102.38,167.16,131.79,48.15,32.73,51.29,68.13,51.62
"3847","TRINITY_DN59245_c0_g1",-1.1309585489162,1.76670037027397,-4.82781268625364,0.000432902571079929,0.00650024049279523,0.160123930953802,140.12,141.6,102.18,161.46,153.39,90.41,45.3,46.77,97.51,37.91
"3848","TRINITY_DN59381_c0_g1",-2.7949816826162,-1.70096943585106,-3.19921081518056,0.00778859996250177,0.0432789861312626,-2.49084433438425,64,16,21,13.03,22,2,2,2,4,1
"3849","TRINITY_DN5942_c5_g1",1.43582257670635,-0.985940818897758,3.55517763093444,0.00405511947826773,0.028356179070167,-1.72753452048979,14.2,6.31,14.07,4.02,10.36,24.98,29.97,15.75,21.22,16.72
"3850","TRINITY_DN5944_c0_g1",1.27423005864924,-0.36890120732396,3.31390438976629,0.00630701665977757,0.0377533030027997,-2.1594392327783,14,23,12,8,19,44,28,45,19,26
"3851","TRINITY_DN59520_c0_g1",1.58041421759545,2.38345922412591,8.9040184278402,1.39270466251229e-06,0.000228873581359389,5.77750452359032,85.77,92.68,92.02,76.96,69.39,288.01,205,284.11,214.12,241.76
"3852","TRINITY_DN5960_c0_g1",1.15972843662619,0.268330541412677,4.16022514139914,0.00136793847670062,0.0138430735250594,-0.801404688085392,18.87,19.96,16.94,25.34,39.85,42.25,48.53,41.76,46.22,55.31
"3853","TRINITY_DN59662_c1_g1",-1.03594156690158,2.6856421713455,-5.33811912518088,0.000187043446067463,0.00383439064438298,0.875148028711829,312.19,242.51,231.12,216.93,262.65,152.77,62.56,98.85,208.4,116.71
"3854","TRINITY_DN59662_c1_g2",-1.14372739888772,3.35288028441552,-5.14932859110049,0.000254058250813996,0.00463835642971412,0.468496466490476,477.21,449.66,419.96,324.08,424.82,247.81,82.89,170.1,351,161.69
"3855","TRINITY_DN59673_c3_g1",2.7260169557219,-1.13465722638263,3.50046859662117,0.00448086191718452,0.0301610304323696,-1.89661788574115,5.9,16.7,0,3.58,22.95,43.23,14.84,36.76,40.2,19.94
"3856","TRINITY_DN5975_c0_g1",-1.17298086673152,0.0268493702237707,-4.46359745553765,0.000805263899943913,0.00970600996604242,-0.287694400156354,70.52,39.88,37.83,31,42.16,19,12,23.46,16,14
"3857","TRINITY_DN5980_c0_g1",-1.51058114570334,2.35377121441704,-9.30585582338327,8.78487610507436e-07,0.000179191990346857,6.21882220406096,311.5,243.66,193.79,189.88,247.27,79.18,65.81,82.75,105.19,70.46
"3858","TRINITY_DN59809_c0_g1",1.77582426050259,-0.211587818281406,5.73120800486131,0.000100469410225947,0.0025792134699609,1.57609709802936,19,16,10,19,9,57,35,35,41,38
"3859","TRINITY_DN59810_c0_g1",-1.93524858560143,-1.50095640946859,-3.3110782221766,0.00633985229837475,0.0378622273974711,-2.17541039864394,33,12,25,16,17,10,5,1,3,4
"3860","TRINITY_DN5982_c3_g1",2.45863726453983,-2.50706399798727,3.10181506169321,0.0093200599858306,0.0485917523568326,-2.70650377481002,1,4,3,0,12,14,9,5,13,9.31
"3861","TRINITY_DN59826_c0_g1",-3.4131458465807,-0.730810825650365,-4.65207136720045,0.000582774442901144,0.00782216395258984,-0.349436881430943,62,60,26,55,74,3,6,1,3,14
"3862","TRINITY_DN59827_c0_g1",-2.59084930494732,-1.84294328960998,-3.46276395728157,0.00480058456874491,0.0315501838560372,-2.21287378006745,23,15,15,32,21.11,4,0,2,7,2
"3863","TRINITY_DN5984_c0_g1",1.34127178289482,-0.465078408193463,4.63722260195939,0.000597711372990993,0.00794993266917568,-0.0191811746248565,18,13,11,11,15,32,28,25,51,17
"3864","TRINITY_DN5984_c0_g3",1.39059473264445,0.719540128319183,5.93968368872454,7.28979486555948e-05,0.00213648123930472,1.95941652336851,25.81,25.57,25.56,34.71,36.49,67.68,47.01,80.61,115.62,52.42
"3865","TRINITY_DN59851_c0_g1",-2.70829232171163,-0.686621655101721,-6.220624742662,4.77661466930354e-05,0.00165359001589063,1.65214161297478,64.46,41.23,35.99,42.05,45.28,2,5.04,4.01,14.34,4
"3866","TRINITY_DN59856_c0_g1",-1.22415048477403,-1.0548733347042,-3.08086182759612,0.00968728475021184,0.0498448701578788,-2.46908585624002,31,26,13,13,28,6,7,5,9,9
"3867","TRINITY_DN59870_c0_g1",-3.53372425579586,-2.60367025195995,-4.27057344078759,0.00112667692068766,0.0121452512380483,-1.4526106443837,18,11,12,17,28,0,0,0,5,3
"3868","TRINITY_DN59892_c1_g1",-1.08257737612083,-0.0806114861148179,-3.55874055102051,0.00402886908163931,0.0282681156746557,-1.78254943343803,38.22,54.6,34.21,26.4,47.68,13.04,5.83,21.02,26.32,18.06
"3869","TRINITY_DN5990_c0_g1",1.22346034999076,4.42248650070012,11.2185864443872,1.19126679309588e-07,6.4865521854942e-05,8.18131397009891,324.22,378.75,396.45,455.24,360.85,849.12,826.78,931.4,1016.02,786.43
"3870","TRINITY_DN59964_c0_g1",-3.82959502479098,-0.554201491465316,-6.95003699869476,1.67519624356868e-05,0.000900312827907206,1.84901911992121,92.02,71.01,53.01,58,99.01,3,1,3.01,11.01,3
"3871","TRINITY_DN59988_c2_g1",-2.97587358941158,-0.341533247820491,-5.95235183071827,7.15046845796161e-05,0.00211469606698375,1.54778079187302,102.44,62.21,39.13,49.1,73.38,15.06,2.01,5.01,8.03,4.01
"3872","TRINITY_DN60_c0_g2",-1.0490634042671,2.06457697697939,-6.56285326202406,2.89598746972174e-05,0.00122874590700962,2.81268715141585,160.15,193.3,154.57,165.9,147.05,64.19,71.47,90.43,94.06,66.21
"3873","TRINITY_DN6009_c0_g2",1.55414253321474,1.10698414407759,3.99809346614634,0.00182378288420984,0.0166975661879708,-1.16084782411447,87,13,30,32.01,48,89,140.99,75,129,78
"3874","TRINITY_DN60157_c0_g1",-3.15354365462487,0.206856122477797,-5.9317830851422,7.37814168688672e-05,0.00215423691002731,1.78514989179918,166,91,93,43,126,10,10,8,19,3
"3875","TRINITY_DN60184_c0_g1",-1.42241487276157,-0.805099701490417,-3.09081969841383,0.00951098527960132,0.0492110246879275,-2.46400436901502,42.5,22.03,25.67,14.52,40.34,14.5,1.15,4.29,15.52,12.56
"3876","TRINITY_DN60238_c0_g1",-1.44022811385134,-1.56367154781747,-3.30239653757614,0.00644180750784817,0.038264953037528,-2.16543336768915,25,17,16,10,14,5,3,6,3,5
"3877","TRINITY_DN6027_c2_g1",1.05591195246657,1.55385061736403,3.6505126087278,0.00340939300828412,0.0252209700483484,-1.85265402717487,86.82,43.58,34.31,55.95,75.24,101.34,99.49,141.87,89.46,148.38
"3878","TRINITY_DN60272_c0_g1",1.03665829590601,2.10499733122967,4.05975329845752,0.00163426154670647,0.015569494859092,-1.21808002091184,83.85,76,81,45,153.59,206,181,185,146,131
"3879","TRINITY_DN60369_c0_g1",-1.36291312258367,1.67928963376376,-6.07190022429565,5.96653191737803e-05,0.00188996486109829,2.12886654576195,124,117.17,138.13,178.65,147,68,59.17,59.73,42.65,37
"3880","TRINITY_DN6037_c0_g1",1.26249657120096,-0.705187739261487,4.78669921990755,0.000463908788002079,0.00677183853015534,0.176476943303586,12.35,10.25,12.26,14.34,10.22,26.95,16.26,21.39,33.41,21.46
"3881","TRINITY_DN60412_c1_g1",-1.20399788027718,1.79353497083432,-6.72491446964867,2.29750274059753e-05,0.00106907934872452,3.05591506013875,151.21,161.17,183,119.27,112.33,60.41,45.57,71.81,65.75,57.4
"3882","TRINITY_DN6042_c0_g3",1.18809091627924,-0.194120017140745,3.39781950286181,0.00540681059390433,0.0341322445648344,-2.04365146594668,23.35,7.65,21.42,14.15,24.71,24.47,37.89,37.81,54.04,22.13
"3883","TRINITY_DN60431_c0_g1",-1.06529969724273,1.21858258748008,-3.72038245748698,0.00300380686968487,0.0232346800783574,-1.67310946416691,120.47,73.45,98.29,77.84,92.75,79.34,39.21,43.76,23.33,39.73
"3884","TRINITY_DN6044_c1_g1",-1.51074939529547,-1.36161032034001,-3.84813110344269,0.00238553617264257,0.019879383929668,-1.36335378281598,17.12,24.02,20.26,15.59,19.43,9.02,1.16,6.48,6.24,3.01
"3885","TRINITY_DN6046_c1_g1",-2.62479008015182,-0.820594646958115,-5.58438852169423,0.000126397560812731,0.00300382932231603,0.918324942199455,66.75,37.23,37.5,26.03,34.16,4.24,5.14,2.1,5.19,9.53
"3886","TRINITY_DN60466_c0_g1",-1.16732417748416,-0.405573139232694,-4.01974850234188,0.00175475915372206,0.0162963674009789,-0.988610213159784,41.95,29.22,36.88,25.3,29.18,6,8.12,14.11,19.94,15.6
"3887","TRINITY_DN60475_c0_g1",-2.01347613551031,-0.751437548263515,-4.27865270558796,0.00111084724696538,0.0120193013784433,-0.626996795555616,31,44,26,32,30,8,17,4,3,10
"3888","TRINITY_DN60490_c0_g1",-3.17759981875229,-0.502687737067951,-4.08267459679992,0.00156911079855077,0.0151431877657401,-0.97994424564305,58,54,90,30,80,0,8,15,14,6
"3889","TRINITY_DN60491_c0_g1",-1.62101442033081,-1.50503652601368,-3.15992218796297,0.00837326851699039,0.045295186921452,-2.37149282328712,22.17,10.95,18.96,15.78,24.36,1.05,6.3,8.46,6.32,2.11
"3890","TRINITY_DN60702_c1_g1",-1.91270954417152,-1.49578061065638,-3.2674626848298,0.00686913212890484,0.0399283179857327,-2.2310891561018,13.98,12.98,27.1,19.7,26.56,5.61,4.6,1.52,2.08,8.26
"3891","TRINITY_DN60787_c1_g1",-1.68540388373036,0.210213376223202,-7.14119798981767,1.28760991104219e-05,0.000769269466968555,3.46918923214146,57,60,81,45,52,22,11,13,20.11,14
"3892","TRINITY_DN60811_c0_g1",1.74472453731119,-0.988664577255204,3.32532807135051,0.00617603864977111,0.0372672909663673,-2.086744281821,13.6,13.93,12.42,1.1,9.66,16.1,14.43,36.93,33.33,23.2
"3893","TRINITY_DN60820_c0_g1",-1.4742327945501,-1.5434670369103,-3.37114487768689,0.00567785771754868,0.0352235998360101,-2.07408544465637,23.99,19.81,14.99,10,18.66,6,1.88,7.01,6.98,1.96
"3894","TRINITY_DN60835_c1_g5",-1.30470975250219,-0.106388610493358,-4.01146895908849,0.00178082503777602,0.0164524090332584,-1.01726234969531,34.19,39.64,38.82,37.11,57.95,16.81,6.16,13.47,12.37,30.2
"3895","TRINITY_DN60949_c3_g2",-2.11764398670262,-1.40148115117378,-3.48583307546543,0.0046023059915468,0.0307318784551717,-1.94077119216127,31,18,40,11,25,2,2,2,12,4
"3896","TRINITY_DN6095_c0_g4",-4.9908767281651,-1.6255103053125,-5.40694153011739,0.000167495586660301,0.00357580874897051,-0.395599179037562,54.3,56.94,45.91,58.27,43.09,33.56,0,0,1.32,0
"3897","TRINITY_DN61013_c3_g1",-1.26083072451485,-1.25351719527607,-3.42473126618425,0.00514667136221279,0.0330787407473594,-1.94169936248061,22.56,19.42,23.66,10.27,21.38,5.56,2.05,5.18,10.24,7.32
"3898","TRINITY_DN61059_c0_g1",-2.59592851882425,-0.781930885894535,-6.33801171607638,4.0160755848776e-05,0.00149591281975668,1.72044503559321,51.16,42.14,45.26,28.69,40.41,9.18,1.03,11.19,6.11,2.04
"3899","TRINITY_DN61061_c0_g1",1.25617310664864,-1.02135559467209,3.48592754785237,0.00460151140129878,0.0307318784551717,-1.83374567071875,15.17,5.16,16,6.04,9.1,17.34,12,19.57,30.47,18.02
"3900","TRINITY_DN6116_c0_g1",-1.00405249232434,3.10805381015191,-6.62143437262273,2.66244037558029e-05,0.00116857596248213,2.79850413028579,418,320,380,246,318.01,138,133,181.71,255,135
"3901","TRINITY_DN61179_c4_g1",-1.09195008670837,-0.247550052521451,-4.7700100178489,0.00047715132699538,0.00689277242849037,0.19677017216296,42.35,32.64,32.9,28.49,37.51,14.12,13.16,19.43,13.28,10.1
"3902","TRINITY_DN6118_c0_g2",-1.10135498955539,2.14405718387322,-7.80500788233949,5.3467541057457e-06,0.000474813182203231,4.47039091017416,160.8,189.8,184.31,165.17,178.11,63.93,70.38,86.86,102.93,78.73
"3903","TRINITY_DN6118_c0_g3",-1.08756304967755,1.80511912683047,-4.81988696205031,0.000438706318581597,0.00656990495045454,0.140887875081169,135.17,135.06,173.53,95.86,173.58,72.71,39.09,50.66,127.91,48.22
"3904","TRINITY_DN6122_c0_g4",2.37276811404921,3.71159212765798,6.45886667666318,3.36593694022275e-05,0.00134931740702076,2.52192940176371,272.84,129.78,100.27,102.88,252.51,888.09,675.46,1194.2,1263.04,359.01
"3905","TRINITY_DN6122_c0_g5",-1.51656560460105,0.36077749257351,-5.60981358860195,0.000121444604358439,0.00291739642838457,1.47221937279118,52.37,53.87,68.54,59.68,68.9,35.28,13.71,19.13,13.16,17.99
"3906","TRINITY_DN61322_c0_g1",-1.65370571952695,-0.657332698038937,-3.86124355239097,0.00232997102123239,0.0195870288694446,-1.24019444318112,37,54.41,29,15.04,34.75,9.01,3,12.25,7.94,11
"3907","TRINITY_DN61376_c0_g1",1.46291120684907,-1.28348946418977,3.27493613523697,0.00677536291106712,0.039560884074253,-2.17024320309797,4.2,5.72,5.81,16.08,12.21,19.8,12.67,11.49,24.82,15.3
"3908","TRINITY_DN61417_c0_g1",1.15756919928557,0.573210532229392,4.09935424508743,0.00152339562933087,0.0148581136988941,-0.9317359139112,47.4,33.38,31.88,14.46,23.99,75.17,40.31,83.51,57.42,44.9
"3909","TRINITY_DN6142_c0_g3",1.26711065435297,0.54840417071891,5.21929843174163,0.000226668105389143,0.00431866051992806,0.888421617207396,22,24,39,30,23,52.01,66.98,69.01,63,48.01
"3910","TRINITY_DN6145_c2_g1",-2.10968002098443,-1.31387357584777,-4.13721302907775,0.00142468000927317,0.0142225131707338,-1.04211435428166,19.99,18.68,34.2,17.83,36.63,4,1,7.63,6.16,3
"3911","TRINITY_DN6151_c0_g1",1.39062311727403,2.15474275859195,10.154761625498,3.48572344807148e-07,0.000110960408879789,7.0788607294585,77,72.05,65.36,76.52,90.78,186.71,152.5,199.57,239.67,202.39
"3912","TRINITY_DN6152_c0_g1",1.68366659289098,9.17389150612041,3.46262605459486,0.00480179565453998,0.03155480239889,-3.11715636973436,20158.7,9121.96,9394.96,9627.12,2819.68,67391.75,13909.72,35493.67,38702.85,16607.92
"3913","TRINITY_DN6155_c0_g1",-1.19516062986746,1.1700896045688,-3.43726526026007,0.00502989496628456,0.0325404585864666,-2.1622733896983,130.53,83.23,116.41,57.11,99.97,84.15,19.28,66.12,41.94,16.44
"3914","TRINITY_DN61555_c1_g1",-1.25646358124441,-0.62635609527812,-4.61043669921319,0.000625677276298,0.00818964695425291,-0.0795523214572196,35,31,27,27,25,12,5,14,13,6
"3915","TRINITY_DN6156_c1_g1",-3.21359840148063,-2.55854654511198,-3.88429773088941,0.00223548765758666,0.0190926886154423,-1.84295714455256,12.74,14.44,23.36,14.26,12.61,5.55,0,0,7.25,0
"3916","TRINITY_DN61584_c0_g1",-1.84172108450504,-1.09272644464779,-3.58614741644422,0.00383266342324063,0.0273648237807775,-1.70101761971993,41.61,29.26,14.44,16,29.25,5.61,10.61,3,4,7.7
"3917","TRINITY_DN61625_c0_g1",2.28447018402754,0.600529269775131,3.98667889870748,0.0018612894128502,0.0169456931544945,-1.10491070150862,7,11.25,29.43,30.49,49.35,55.97,100.16,115.35,185.27,41.4
"3918","TRINITY_DN61625_c1_g1",2.48457285449961,-0.588877507541435,4.33430753184034,0.00100789857030102,0.0112323690938717,-0.549021323405991,2.18,13.95,14.2,8.72,13.39,32.06,45.49,45.63,65.22,21.21
"3919","TRINITY_DN6176_c8_g1",-1.11475396602073,0.933100931259885,-3.70323466716841,0.00309852521186995,0.0237041247180001,-1.65870031825537,138,88,68,68,50,32,31,33,53,21
"3920","TRINITY_DN6180_c3_g2",1.98988258357281,-0.967639966000942,3.36988896969313,0.00569095438801965,0.0352731205873122,-2.02172264890901,14.01,7.7,3.51,3.27,16.35,20.68,51.19,18.32,40.84,14.55
"3921","TRINITY_DN61834_c0_g1",1.35918072400278,-0.869038063187463,3.45019758200784,0.00491223271381431,0.0320195246747149,-1.89005811857183,14,10,16,4,11,17,15,17,42,27
"3922","TRINITY_DN6185_c0_g1",1.14886634157085,7.0220776635966,17.9074641706104,6.3876688117502e-10,4.32343957788722e-06,13.3707707455695,2685.28,2349.55,2196.87,2232.93,2499.39,5416.5,4684.76,5361.89,5980.57,5060.98
"3923","TRINITY_DN6188_c1_g2",-2.17973948205143,0.54857125880463,-5.12970753449233,0.000262349159887388,0.00472990466187909,0.754119885345855,135.7,95.91,134.87,35.15,69.17,11.09,17.33,23.19,21.96,13.49
"3924","TRINITY_DN6190_c1_g1",2.0901480879093,-0.304915718926838,3.94289547198726,0.00201270434956315,0.0178138879247418,-1.10778184938679,15,4,16,13,16,30,91,45,37,36
"3925","TRINITY_DN61924_c0_g1",2.13888233777349,-1.12709119608666,3.42658446956428,0.00512923317861928,0.0330145189060155,-1.95847911405991,9,9,3,6,8,38,29,35,13,16
"3926","TRINITY_DN6193_c0_g1",-1.39334544330515,2.49921871825847,-5.32631058872788,0.000190632534688261,0.00388036853466214,0.88852611134917,210.33,224.43,206.97,201.49,459.64,101.32,81.5,108.99,78.65,98.21
"3927","TRINITY_DN61933_c1_g1",1.55205407052903,0.468438981173396,5.13520228618747,0.000259999029386897,0.00469981937977933,0.761324756301692,38.95,34.37,12,13.58,29.58,67.67,40.67,57.82,89.37,62.01
"3928","TRINITY_DN6197_c0_g1",-1.10065610384791,2.79616279817237,-6.86446505251318,1.88746179282823e-05,0.000954090417980616,3.18066981286126,254,266,283,271,308,201,108,95,155,99
"3929","TRINITY_DN61981_c1_g1",-1.69948921283549,-1.27245683548254,-3.26842980593044,0.00685692407947609,0.0398797625137636,-2.19137580161116,26,17.16,22,11,40,4.08,1,11,6,6
"3930","TRINITY_DN620_c0_g1",1.21993162095999,2.48639638069998,5.55150526995947,0.000133122161261526,0.00310188627558106,1.2464940109699,114,80.53,99.32,84.71,127.2,197.55,233.4,179.08,244.96,339.11
"3931","TRINITY_DN6201_c0_g2",1.08802285753167,-0.772945113379973,3.13570822863927,0.00875544140615396,0.0466150844708466,-2.41266003456829,8.91,11.98,11.41,17.13,12.98,34.19,19.09,21.54,20.25,13.17
"3932","TRINITY_DN6207_c0_g1",1.29638073602753,1.96459381126793,3.77863886806527,0.00270364593063722,0.0216438119033241,-1.68966263021163,41.21,97.35,62.61,47.42,137.7,187.5,107.81,146,333.11,112.59
"3933","TRINITY_DN6212_c1_g1",1.30515964576016,0.157537601219016,3.20509910143148,0.00770459462165274,0.0429583226932967,-2.41728374407629,26.12,32.21,15.76,5.83,40.37,40.33,40.98,39.59,45.44,68.14
"3934","TRINITY_DN62145_c0_g2",1.15729181102512,-0.782814594864985,3.88323929645356,0.00223973776523033,0.0191112321210863,-1.20342002257875,11.95,14.02,13,7.01,12.1,17.83,24,18.91,35.07,16.1
"3935","TRINITY_DN622_c0_g1",2.53750328319259,1.18103823682071,10.5241040624162,2.3769704545219e-07,8.97665997591084e-05,7.11857166406541,22.2,32.24,18.99,37.23,28.26,172.06,132.87,111.39,189.52,134.14
"3936","TRINITY_DN62307_c0_g1",-2.45020680430864,-0.0456004838815233,-9.25725883677189,9.28065800444222e-07,0.000184643450310175,5.25029880839731,63.02,65.39,81.58,44.24,64.04,8.19,6.1,11.17,12.23,10.1
"3937","TRINITY_DN6238_c0_g1",1.08919914107665,-0.184715767116543,3.46427909936666,0.00478729879774647,0.0314862031756002,-1.93432915846904,22.12,17.03,14.03,14.59,19.03,59.15,29.28,26.06,24.06,34.12
"3938","TRINITY_DN62382_c0_g1",-1.02955084513618,0.856278725214241,-4.14663179035892,0.00140116655504903,0.0140739724446964,-0.882228116952185,77,56,71,66.87,93,32,30,50,45,15
"3939","TRINITY_DN6241_c3_g1",-1.38077049647487,-0.512666796323303,-3.35738006154218,0.00582308434688327,0.0358096035019251,-2.0602803197261,50,39,20,17,52,12,5,10,19,7
"3940","TRINITY_DN62435_c0_g1",1.0027054580135,1.34918792396819,5.6240955737666,0.000118752757567565,0.00287386303050644,1.47210564758841,45.84,68.74,40,46,56.81,107.83,82.03,94.71,115,80
"3941","TRINITY_DN625_c3_g1",-1.32622582882672,0.534623434872968,-6.69462914348912,2.39844894845811e-05,0.00110340277635623,2.97999494895089,74.38,60.31,57.45,47.82,81.34,26.78,21.02,17.6,28.08,21.64
"3942","TRINITY_DN62517_c0_g1",-1.98510599313817,-1.35098717569167,-3.44543643631397,0.00495522161890197,0.0321949368611807,-1.95385253064954,23,23,24,12,27,6,5,10,1,5
"3943","TRINITY_DN62603_c0_g1",3.991671965811,-2.67488132100522,4.46521401590463,0.000803017858611658,0.00968901769620691,-1.26260985290367,0,0,0,18.51,0,15.14,18.72,10.29,16.71,16.66
"3944","TRINITY_DN62629_c0_g1",-2.23837276322417,-1.72520638195583,-3.29518659092257,0.00652774089097356,0.0385907607682184,-2.30176700241179,29.69,20,15,13.45,20,6,3,0,8,3
"3945","TRINITY_DN62716_c1_g2",-1.00537342710488,0.727768217589452,-3.79097324546784,0.00264415138570866,0.0212960939972237,-1.47976164964524,103.09,66.32,46.93,58.29,62.47,26.65,29.96,32.67,48.71,16.8
"3946","TRINITY_DN6277_c0_g4",1.60131850698734,-1.04872523457979,3.26677872252173,0.00687777911711829,0.0399491851551205,-2.17649943179579,5.93,16,11.96,8,5.16,33.94,10.46,31.99,18.51,16
"3947","TRINITY_DN6280_c0_g2",1.18477028941175,4.325954248255,9.78636571830523,5.1652541091036e-07,0.000138201717055386,6.70331893730985,296.83,410.5,419.43,293.6,400.32,841.13,808.32,859.36,835.03,732.34
"3948","TRINITY_DN62819_c0_g1",1.03985573050751,-0.148886405448171,3.50291914018079,0.00446084928413728,0.0300909859709646,-1.87399228316545,29.18,10.48,15.08,19.95,20.67,44.59,26.56,36.25,27.95,32.38
"3949","TRINITY_DN6283_c0_g1",1.16411586927666,4.11983266152716,6.30066808436561,4.24301042080852e-05,0.00153664310887554,2.19784205015922,233.7,328.58,326.04,325.44,385.15,569.03,545.29,683.7,1200.93,639.04
"3950","TRINITY_DN6291_c0_g1",1.23837768853869,3.39945261293689,8.01838341791068,4.0755175651228e-06,0.000412564830054764,4.67516034129511,246.2,185,175.86,115.38,237.13,435.28,348.67,438.43,605.2,397.76
"3951","TRINITY_DN62937_c2_g1",-1.74764061940135,0.90209721889715,-3.83100196347099,0.00246018487036026,0.0202715005050805,-1.41716563256563,82.1,144.03,137.37,44.37,98.93,13.27,23.32,11.81,60.26,47.52
"3952","TRINITY_DN630_c4_g2",3.092849845981,-1.77107280390733,4.39318290734529,0.000909735088543513,0.0105023053535894,-1.26030276699877,6,2,4,6,2,24.02,23,21,32,11
"3953","TRINITY_DN63094_c0_g2",1.12509759916586,1.21459535747176,3.42173279995223,0.00517501404851709,0.0331921700813856,-2.20266378878025,22.51,39.27,59.71,48.61,68.99,119.36,86.05,96.38,126.1,45.86
"3954","TRINITY_DN6320_c1_g1",1.04985683797502,0.276210906682551,3.41511622695806,0.00523811967237868,0.0334002096089609,-2.07611366987587,26.16,21.53,17,35.39,25.62,55.41,19.65,56.34,70.2,37.43
"3955","TRINITY_DN63201_c2_g1",1.30013469360965,0.202578320838952,4.47010347154356,0.000796264143470398,0.00964058912459167,-0.285251295314276,16.76,27.45,22.12,15.51,26.22,37.19,33.48,75.38,69.75,31.32
"3956","TRINITY_DN63233_c0_g1",1.08595934994154,2.2563929328043,5.21720118204138,0.000227442205679836,0.00432676906998778,0.734460061253275,76.57,107.95,77.22,98.74,95.96,264.94,140.33,233.57,187.28,137.25
"3957","TRINITY_DN63359_c0_g1",1.88283730086179,0.108597888317599,6.60908362984035,2.70995666029484e-05,0.00118220922748719,2.79236467081492,20.92,11.1,16.3,23.65,13.2,58.54,53.49,48.03,82.91,33.99
"3958","TRINITY_DN63396_c0_g1",1.10201787543926,0.45306657200126,4.62331410284997,0.000612065702280959,0.00807502514211745,-0.0513925677281186,29.38,25.39,29.36,16.03,35.95,38.88,41.85,58.64,62,65.61
"3959","TRINITY_DN63510_c0_g1",-1.44573803197721,0.818001263468439,-6.56813655779363,2.87405581609712e-05,0.00122446218756632,2.83402230872652,65.44,77.23,99.83,70,94.46,32.78,20.12,18.01,36.42,30.69
"3960","TRINITY_DN63524_c1_g1",1.52125527172647,-1.00390716072325,3.45122490673627,0.0049030068112273,0.031989620012626,-1.88977584538277,13,8,4,5,21,20,29,16,30,15
"3961","TRINITY_DN63684_c0_g1",-1.32217324942281,-0.277235172087956,-4.21571681898588,0.00124054547789301,0.0129573649663017,-0.675140280997686,52.78,34.36,35.71,20.43,50.68,12.18,12.78,11.41,23.3,6.02
"3962","TRINITY_DN63712_c0_g1",1.11343168826457,2.76776789314507,5.14495033960134,0.000255884085525444,0.00465449459988428,0.544615983551863,152,101.02,112.93,100.25,181.98,291.99,164.88,412.99,294.84,243.99
"3963","TRINITY_DN6372_c1_g1",-1.52747989001188,0.313446369655341,-4.82637841807817,0.000433946843798504,0.00651276991826604,0.283612014347734,80.82,48.67,53.61,36.6,89.01,17.95,7.06,15.66,35.91,21.73
"3964","TRINITY_DN63758_c4_g2",-1.03050606800051,2.08954964370111,-4.1544399325736,0.00138197904830054,0.0139465074693884,-1.04650934945547,181.14,93.75,268.96,180.22,148.95,75.16,65.61,73.72,98.49,83.94
"3965","TRINITY_DN6378_c0_g1",1.16052152323749,3.64711578959364,9.45373148896973,7.44348206489521e-07,0.000163267387171839,6.37211387631102,201,224,285.16,236,200.87,530.01,484.24,550.9,599.88,385
"3966","TRINITY_DN6383_c0_g1",-1.4404320111319,4.32677385575258,-4.70441661669558,0.000533158281423719,0.00741215389946158,-0.427897512457499,879,987.28,757.8,911.88,951.1,299.4,410.55,725.09,188.35,238.13
"3967","TRINITY_DN6387_c0_g1",-2.56325409330974,0.533403956644314,-8.30070468149837,2.86801607372555e-06,0.000336072977074872,4.77806304085144,72,101.97,145.57,83.33,90.28,15,19.97,13,13,13
"3968","TRINITY_DN6393_c9_g2",-2.50557221742719,-1.95776575734005,-3.09289032279614,0.00947473261452603,0.0491148209742736,-2.64873365283446,27.51,9.2,19.1,13.52,25.16,0,3.09,5.55,3.56,1.18
"3969","TRINITY_DN63953_c0_g3",1.12462658841834,0.0967979254802666,3.26947329793953,0.00684377661728001,0.0398368895106001,-2.30305286649459,10,32,18,25,30,38,28,47,48,42
"3970","TRINITY_DN64_c2_g1",1.2664644142055,6.94969235727385,10.7743522577818,1.84531504328066e-07,8.01021580395828e-05,7.61949636256884,2045.44,2325.21,2822.08,2010.2,1814.12,5810.29,4342.45,5057.29,6878.05,4350.75
"3971","TRINITY_DN64035_c0_g1",-1.9024168962067,0.673816761840786,-3.14888401096814,0.00854535664895867,0.0458663613166849,-2.56839442005625,73.46,70.18,146.43,94.95,73,10.24,22.26,30.48,124.41,2.48
"3972","TRINITY_DN64059_c0_g1",-2.48339294860861,-1.90274721826101,-4.10581079649387,0.00150607197201253,0.014752648897205,-1.4978482141666,28.32,15,24,11.26,17.05,2,2,2,4,0.56
"3973","TRINITY_DN64078_c0_g1",-4.17774509707011,-2.17342360466003,-3.90417690103145,0.0021571896669906,0.0186290193918718,-1.79056587568291,68.65,27.05,12.97,16.38,32.89,1.15,0,1.01,0.76,1
"3974","TRINITY_DN641_c0_g1",-1.37976024790743,4.76676200158607,-5.37153368947528,0.000177268240783566,0.0037137187912248,0.650023956885248,1475.11,1333.54,1290.89,923.88,1114.47,697.73,295.23,304.56,975.76,297.41
"3975","TRINITY_DN64146_c0_g2",1.66228520900778,2.43339349970699,3.76940506888868,0.00274908451593445,0.0218693671975029,-1.77711131641805,75.98,82.97,57,183.96,65.88,329.93,263,534.99,208,115
"3976","TRINITY_DN64214_c0_g1",-2.9454354542984,-2.74056371609209,-4.22951640426682,0.00121082014595996,0.012758521429353,-1.53106122097759,14.29,9.15,12.13,14.06,12.02,1.03,2.03,0,0,1.01
"3977","TRINITY_DN64221_c0_g1",-2.46282737585492,-0.999147664801601,-4.10302993573611,0.00151350818401959,0.0147951979550916,-0.988882703079738,32.17,35.02,44.84,30.1,20.07,8.22,8.53,3.03,1.11,8.9
"3978","TRINITY_DN64238_c0_g2",1.1558008168285,-0.144390071054648,4.15157216148776,0.00138899437724781,0.0139932719887258,-0.78812300721878,15.79,20.27,16.63,13.7,22.07,43.04,42.31,33.71,41.38,18.26
"3979","TRINITY_DN64243_c0_g1",1.67885886324107,1.15249699474573,3.92669758963675,0.00207189493242784,0.0181551109592781,-1.2891659244969,24.39,37.19,33.62,58.41,31.67,268.69,98.38,69.39,97.04,69.47
"3980","TRINITY_DN64272_c0_g1",-1.13716519274735,0.857975217493818,-3.56096847961533,0.00401254275095647,0.0282021748137185,-1.89664383829378,96.27,60.14,95.02,47.22,89.52,25.24,19.04,24.16,93.95,22.44
"3981","TRINITY_DN64341_c1_g2",1.32435368647548,-0.267822315115344,3.44595693619847,0.00495050337686156,0.0321828625776563,-1.95092310274504,15.51,11.99,15.93,16.92,18.04,54,21.88,20.11,77.2,19.98
"3982","TRINITY_DN6436_c0_g1",1.00685735212103,4.89021088229023,5.6643202339472,0.000111504871362404,0.00276640822739802,1.10492426461787,757.25,562.66,630.07,356.41,610.5,1085.06,926.72,860.54,1702.76,1236.73
"3983","TRINITY_DN64427_c0_g1",-2.09045017223163,-1.59682557884995,-3.51969994157937,0.00432623503553149,0.0294880686722506,-1.94030269040374,16,25,19,11,31,1,7,5,4,2
"3984","TRINITY_DN6446_c0_g1",1.03511953666361,0.367427843108108,4.46497906091539,0.000803343897848801,0.0096903943091851,-0.305048143037189,29.47,34.06,18.29,26.35,22.83,43.02,47.5,43.58,51.99,52.86
"3985","TRINITY_DN64489_c0_g1",-4.56296842905342,-2.96263860395909,-6.38009595020007,3.77570094713238e-05,0.00143937891009033,0.201524253687293,16,13,16,21,27,0,1,0,0,0
"3986","TRINITY_DN64526_c0_g1",-1.30063358069603,-0.415278461713588,-3.52868039116039,0.00425590486070098,0.0292041828789689,-1.79315736837242,28,25,48,28,39,6,11,15,9,22
"3987","TRINITY_DN64545_c0_g1",-2.01208002813453,-1.64690184333497,-3.55172119469244,0.00408075234626955,0.028452052245573,-1.88904894166331,21.27,21.34,17.17,12.16,16.25,3.04,10.11,4.05,1.01,3.04
"3988","TRINITY_DN6456_c1_g1",-1.47119449958847,-1.35776042903256,-3.19055403964671,0.0079137835976584,0.043723807258162,-2.30513264658632,21.94,15.46,27.05,10.31,22.45,8,5,9.49,4.44,1.23
"3989","TRINITY_DN64596_c0_g1",-1.07622152571225,1.86310013277159,-3.72090670507726,0.00300095838244825,0.0232271185326799,-1.77708609475955,172.57,142.53,178.02,95.64,144.06,62.98,61.35,150.56,66.35,31.17
"3990","TRINITY_DN64597_c0_g1",-1.44521120489607,-0.630555111271951,-4.71910567249391,0.000520044348774239,0.00728531548314423,0.0739292161780281,35.27,30.28,24.8,28.77,31.27,16.8,5.15,7.14,7.41,11.53
"3991","TRINITY_DN646_c1_g1",1.08254901272929,5.10553574979197,11.4491062087619,9.54689163904448e-08,5.98599749092977e-05,8.37856164172852,745.71,641.07,740.22,561.55,551.04,1513.88,1190.49,1404.1,1549.56,1110.95
"3992","TRINITY_DN64674_c0_g1",1.37089194073091,-0.724870652306236,4.78975893094261,0.000461523029107248,0.00675355504686547,0.167690539597419,12.83,12.61,10.07,7.03,13.71,27.47,15.3,28.05,24.96,27.67
"3993","TRINITY_DN647_c2_g1",1.24266583951662,2.85812294168437,7.5953661020331,7.01711255272983e-06,0.00053778888282175,4.16965479674313,112.55,97.57,128.78,182.52,141.44,311.01,266.89,340.42,357.87,239.51
"3994","TRINITY_DN6473_c3_g1",1.8944558955519,-1.8285808638861,3.41704041040521,0.00521968744679527,0.0333304018047536,-2.1119945608135,5.2,3.49,3.34,10.26,3.53,16.49,4.94,12.79,16.36,16.46
"3995","TRINITY_DN64782_c0_g1",1.14258981106732,0.13743315053659,4.55164143331393,0.000691965099383966,0.00876413825324633,-0.151144976075162,20,17,28,21,21,43,39,51,35,45
"3996","TRINITY_DN6479_c0_g1",1.78302009769882,3.13347004280441,8.14154276549037,3.49254834685314e-06,0.000378717392367005,4.85691812680097,109,99,162.84,166.27,129.82,449.99,277.91,434.85,758.19,374.97
"3997","TRINITY_DN6479_c0_g2",2.53051829530997,-1.37323051189907,3.55733743376226,0.00403918599031306,0.0283003472686781,-1.86103802033536,1.09,6.36,8,9,7.58,17.92,20.99,13.02,46.99,24
"3998","TRINITY_DN6481_c0_g1",-1.77629881150465,1.84522601400272,-7.40798276079933,8.98680227134828e-06,0.000617770502980812,3.96789325698613,188.35,156.12,144.01,213.26,205.09,75.43,39.54,57.91,35.62,53.41
"3999","TRINITY_DN64869_c0_g1",-1.63106054379123,-1.64095947593538,-3.40037471793499,0.00538154659001975,0.0340246611355557,-2.06695397878556,23,15,16,11,19,3,3,11,5,1
"4000","TRINITY_DN64901_c1_g1",-1.18773685280114,-0.247970393738527,-4.09828165709762,0.00152629343474486,0.0148735065923785,-0.867045277079803,53.56,38.49,36.74,27.13,30.8,10.83,7.71,17.3,27.67,8.97
"4001","TRINITY_DN6491_c8_g1",-1.44298715028175,0.301120065335693,-3.2165496449761,0.00754384490140577,0.0423971596568458,-2.41178333799397,89.03,75.13,53.33,21.56,72.26,16.34,5,16,41.57,29.01
"4002","TRINITY_DN64934_c0_g1",-1.92972414565381,-1.06196450574192,-5.15640544667993,0.00025113596662908,0.00460804433713671,0.421673105985522,36,22,22,30,26,7,2,5,7,6
"4003","TRINITY_DN64958_c0_g1",-2.13670599480216,-2.33423459548314,-3.1752538160928,0.00814002224757295,0.0445183912771668,-2.60999664873856,11.03,11.96,11,12.18,16.05,0,1.01,5.05,4,1.01
"4004","TRINITY_DN64985_c0_g1",-4.5437849461234,-2.41925461307897,-6.67463249540954,2.46768323294654e-05,0.00111962541958533,0.414817612054385,37,26,24,21,23,0,1,0,0,2
"4005","TRINITY_DN65_c0_g3",-1.51537255794031,1.22789052546872,-5.11615692156821,0.000268240849331799,0.00480726357697084,0.694586534224899,139.46,111.48,78.56,155.6,80.49,24.48,32.91,36.46,56.02,30.91
"4006","TRINITY_DN65000_c0_g1",-3.324773427025,-1.00595203502477,-5.36506781475615,0.000179116872650058,0.00373982534573821,0.241152190074772,62.4,25.2,43.23,37.42,60.21,1.3,3.03,6.71,3.03,2.02
"4007","TRINITY_DN6504_c0_g2",1.11422111483774,2.71988858866995,7.72459404885994,5.93081855764437e-06,0.000493660302266987,4.34588702326149,122.52,109.86,158.94,90.44,137.64,281.25,241.81,310.03,255.82,231.58
"4008","TRINITY_DN6504_c0_g3",1.02054548615908,3.997528183375,9.65317360875115,5.97187878288211e-07,0.000146264322080873,6.57403490064263,271.21,300.35,373.44,246.93,339.67,664.44,528.48,608.26,660.99,614.66
"4009","TRINITY_DN6512_c1_g1",-1.26846754289078,-0.530071203900928,-3.54531500503152,0.00412869910781288,0.0286625606225383,-1.75361491382238,26.34,52.3,37.19,23.97,22.23,12.1,9.09,7.07,16.23,8.2
"4010","TRINITY_DN65130_c0_g1",-4.14165196489603,-1.52540875178577,-4.36093483957134,0.000962203801985574,0.0108970842732741,-1.31772924985735,44,46,64,17,50,0,1,3,2,3
"4011","TRINITY_DN6515_c0_g1",1.27400133723742,3.24250412059979,7.63852284104229,6.63238729589226e-06,0.000518512353910851,4.19629744657536,158.06,143.1,193.17,178.45,156.43,296.54,335.64,442.18,479.37,471.91
"4012","TRINITY_DN6515_c4_g1",-1.49923650851613,1.40297785775226,-7.90789145284854,4.6876732483643e-06,0.000443485050169146,4.56842704576273,108.31,94,141,128.55,143,47,44,34,47,32
"4013","TRINITY_DN65158_c0_g1",-2.29974200744831,0.914912492057856,-6.08593676245718,5.84182061728972e-05,0.00187016592572275,2.16679846685238,190.67,107.07,122.17,59.17,129.29,28.79,22.72,11.12,46.18,11.37
"4014","TRINITY_DN6525_c0_g1",1.20367504626236,0.480916645546483,4.77272916006759,0.000474967026954115,0.00687747132138884,0.188642094033031,27,25,37,17,30,69,29,56,89,48
"4015","TRINITY_DN65283_c0_g1",3.78355335371376,-1.84617199666936,5.29295789746481,0.000201167415831472,0.00402425593629481,-0.516827783993568,2,3,2,9,1,38,22,25,24,23
"4016","TRINITY_DN65292_c0_g2",2.68858893091559,-1.34173211599455,3.33429687500868,0.0060751422064377,0.0368774083045584,-2.19534131536358,8.73,7.27,8.6,0,8.3,44.99,25.63,14.83,21.04,34.26
"4017","TRINITY_DN6536_c1_g1",-1.38144404963308,-1.12490760363046,-3.47804171925623,0.00466832152178538,0.03100093836018,-1.85425763673852,27.15,27.05,15.36,12.46,29.95,5.87,6,5.88,11.17,3.32
"4018","TRINITY_DN6536_c1_g2",1.20003006415312,2.70170841637504,5.55983080481716,0.000131384608821614,0.00307757290867656,1.23056714232443,108.02,139.01,131.55,135.67,85.84,265.06,155.97,346.29,304.67,293.57
"4019","TRINITY_DN6536_c1_g5",-1.88714916714552,0.537933754377107,-4.26890848082817,0.00112996810057636,0.0121583705798539,-0.629126803215157,80.99,108.81,71.25,34.99,121.79,10.39,13.47,11.89,57.38,20.78
"4020","TRINITY_DN6537_c0_g1",-1.26178363396629,5.25901743631072,-12.6667276258325,3.14683749163275e-08,2.71301097855015e-05,9.4970215463515,1730,1340,1682,1533,1855,571,669,755,749,606
"4021","TRINITY_DN65413_c1_g1",-1.0829641634677,1.42642818942189,-4.19976696335995,0.00127584860882802,0.0131797348218324,-0.863451673259968,111.38,84.66,82.14,120.29,154.89,42.39,26.3,42.59,82.93,58.27
"4022","TRINITY_DN65456_c0_g1",-3.36679648887065,-0.60905936780981,-7.18297811010538,1.21639075379193e-05,0.00074312283154437,2.3612269977268,78,53,71,42,48,3,6,2,5,8
"4023","TRINITY_DN6548_c5_g1",1.51371305612198,-0.699749948723387,3.11451463150782,0.00910433197897551,0.047781953932103,-2.43922748035253,8.01,10,20.92,11,9,51,30.83,13,37.97,15
"4024","TRINITY_DN6549_c5_g1",-1.25328389526476,-0.53815758964971,-3.41879718141872,0.00520291652804516,0.0333057482274802,-1.96219714851942,39.16,26.09,34.54,21.77,31.86,8.58,16.89,3.95,23.59,8.89
"4025","TRINITY_DN65562_c0_g1",-1.74506114855962,-2.18685529418613,-3.25595731916849,0.00701606356300565,0.040426541317183,-2.44876806157311,11.05,14.15,10.73,11.71,11.58,1.73,3.58,1.01,3.31,1.57
"4026","TRINITY_DN6558_c0_g1",-1.26931488594993,0.504068340658102,-3.26794795122075,0.00686300382436568,0.0399039059004941,-2.35468586844772,66,82,66.64,61,44,31,6,20,70.95,16
"4027","TRINITY_DN65597_c0_g1",1.86083395645709,-1.05924724335778,3.52809147054885,0.0042604810144507,0.0292226628166865,-1.78282190244642,11.35,6.17,4.15,14.53,6.08,11.35,16.24,38.6,35.26,20.62
"4028","TRINITY_DN65640_c1_g1",-1.72092234840984,-1.01587059865195,-3.65491404661002,0.00338225879777789,0.025089229017578,-1.58818705736298,41,20.01,25.58,15.62,32.11,8.73,5,1.18,13,7
"4029","TRINITY_DN66035_c0_g1",-1.10149097819979,3.9752382413651,-6.0392538188027,6.26764188428165e-05,0.00194626114219559,1.81563635370444,550.16,537.04,898.57,659.04,558.48,252.04,243,230.12,490.41,286.74
"4030","TRINITY_DN66111_c0_g1",-2.3580727311666,0.213320807217358,-8.10812547430687,3.64133170234859e-06,0.000387041137143127,4.44106973892013,67.92,87.44,62.58,66.51,87.3,19.61,4.15,9.23,19.68,12.49
"4031","TRINITY_DN66111_c1_g1",-1.22829930865821,0.0554500000243229,-4.05155445187848,0.00165824009601066,0.0157030657085837,-0.96344075748399,70.2,42.75,32.55,35.76,51.14,24.48,11.17,21.32,24.46,7.16
"4032","TRINITY_DN66142_c0_g1",-1.3362131538692,-1.58238661021656,-3.20156202979662,0.00775494599753585,0.043157658046534,-2.31099418500534,17.01,14.2,20.08,10.03,17,8,3.01,2,8,3
"4033","TRINITY_DN6617_c1_g2",1.17603648355551,0.364067372679493,3.7191916937825,0.00301028717300531,0.0232703070955332,-1.55918715688938,40.43,20.38,19.68,34.23,15.94,33.39,53.7,42.36,69.78,57.08
"4034","TRINITY_DN66177_c0_g1",3.42807574486368,-2.5577820735515,5.10603836677925,0.000272730999454337,0.00485782039028077,-0.720658582551813,2,0,6.32,2,1,11.29,8.85,13.95,18.6,15.51
"4035","TRINITY_DN6623_c0_g1",-1.23803698451905,0.42963581833849,-3.14421222176275,0.00861926001237498,0.0460890162682734,-2.56140965416475,29.83,76.32,71.89,61.14,66.55,46.49,17.9,12.04,26.1,17.15
"4036","TRINITY_DN66271_c0_g4",-1.37689810155388,-0.0971740579096356,-3.27678952619358,0.00675230961583502,0.0394630354832945,-2.25459446067673,53.99,59,19.63,38.6,50,15,20,16.64,8,15
"4037","TRINITY_DN66274_c0_g1",3.06015117329225,-2.10828722386611,4.42856763898347,0.000855577032775296,0.0100910295900615,-1.29144557866705,4,2,0,7,5,15,14,17,17,19
"4038","TRINITY_DN66372_c0_g1",-1.34993019478645,-1.04976165682225,-3.90465268706076,0.00215535072736176,0.0186157285446297,-1.20119592682686,20.35,22.59,20.67,25.52,22.95,5.16,2.05,7.29,10.26,10.3
"4039","TRINITY_DN66376_c0_g2",1.10226746759367,1.60211837257956,4.9707725434813,0.000340963322334349,0.00562000989659648,0.413445431740385,51,65,56.89,67,51,135,133,147,105,85
"4040","TRINITY_DN66500_c1_g1",-1.87680189357339,-0.592756658405637,-4.27188679984485,0.00112408779037632,0.0121238774901817,-0.608206487818549,55.12,24.07,40.6,34.99,28.88,20.76,4.73,10.68,4.11,6.2
"4041","TRINITY_DN66629_c2_g1",-1.34255791549971,1.03589919244463,-5.29144384773046,0.000201659975050264,0.00403151088285672,0.981902755058559,112.77,68.48,92.74,62.69,130.55,30.05,21.76,37.55,62.83,22.06
"4042","TRINITY_DN6664_c7_g1",2.33123451762046,-1.52582446407813,3.22089898800373,0.00748367750946126,0.042191764176316,-2.34408186514012,10.73,3,3,5,5.03,11,37.9,14.5,19.58,24
"4043","TRINITY_DN66651_c0_g1",1.10502899755534,1.48204872297928,5.22891702279221,0.000223153237633046,0.00428722193526267,0.84417372654072,70.59,44.98,61.54,54.93,39.99,109.43,103.11,143.51,133.13,69.88
"4044","TRINITY_DN6677_c0_g1",-1.24035808330559,7.6975080311021,-13.4047772761887,1.67882252286776e-08,1.89474962335443e-05,10.0645067908673,8371.11,6458.8,10005.53,8947.47,9237.56,3696.06,3482,3591.91,4063.1,3255.37
"4045","TRINITY_DN6682_c0_g1",1.35393719010616,0.628703240169536,4.9081017789963,0.000378451270940116,0.00597301531281878,0.398537625186394,20,31,22,35,33,95,53,69,54,59
"4046","TRINITY_DN66940_c0_g1",-1.88711843332357,-1.22966930719009,-4.00764089307756,0.00179301166243627,0.0165034706307932,-1.14557016584679,21.47,17.06,38.88,21.36,24.58,4,1.04,3.19,9.52,8.04
"4047","TRINITY_DN66943_c0_g1",3.30863257794437,-2.41236342981664,3.53669797662944,0.00419410180824426,0.0289310256546692,-2.20314500255265,19.03,6.97,0,0,0,16.9,5.09,19.14,24.68,10.31
"4048","TRINITY_DN66950_c1_g2",-1.13283981574887,-1.08890930228148,-3.27769146140456,0.00674111968504315,0.0394093297541315,-2.1596189368348,19.35,14.01,23.99,15.93,30.76,8.25,4.51,9.75,8.6,4.66
"4049","TRINITY_DN66992_c3_g1",1.28170655045547,-0.232512804087236,4.3630575570289,0.000958655072172004,0.010876906406508,-0.441426041187044,19.46,20.26,8.34,18.76,16.65,29.95,28.05,27.19,44.47,39.47
"4050","TRINITY_DN670_c2_g1",-3.67225042260156,-2.0398602154085,-3.95083324382682,0.00198433794048519,0.0176494903736463,-1.745131752252,18.61,42.55,14.63,21.28,38,0,1.33,1,2,1.33
"4051","TRINITY_DN67181_c0_g1",1.19446329451009,4.29174733725245,6.94769373104389,1.68065692274021e-05,0.000901686238739634,3.13455979383576,338.82,299.09,474.37,379.77,289.75,1039.7,754.76,923.4,762.5,576.37
"4052","TRINITY_DN67181_c2_g1",1.34307569132098,-1.06458889027415,3.16337850783307,0.00832010471669374,0.0451650354336727,-2.33811946078065,6.56,18.21,10.01,2.99,15.78,25.26,13.85,19.96,19.02,17.36
"4053","TRINITY_DN6730_c0_g1",1.24720369585711,3.78560796242407,4.55943008911033,0.000682777925047755,0.00867695628682996,-0.610938313881579,247.5,248.54,117,370.18,326.08,456.95,440.67,639.4,842.26,543.29
"4054","TRINITY_DN6730_c2_g1",3.72471417482051,-2.37097171478972,4.11318895493971,0.00148652512024223,0.0146367330374964,-1.59359094462463,1.12,0,0,3.96,10.07,34.67,6.88,15.8,21.74,15.24
"4055","TRINITY_DN6734_c1_g1",-1.72021641240042,-1.50053801157016,-3.78771039687031,0.00265975747810215,0.0213890122678731,-1.51557152245903,22,17.32,27.03,15,15,4,1,3,9,5
"4056","TRINITY_DN67367_c1_g1",-1.48090325608604,1.26906125308853,-6.33505876926048,4.03354196839666e-05,0.00149837273576454,2.52407959587773,135.19,95.12,77,99,158.44,33,34.17,37.01,42.9,37.08
"4057","TRINITY_DN67458_c0_g1",1.50043439815504,-0.794827112675005,3.85631109885768,0.00235071461975443,0.0196734878396436,-1.24971470804555,12,5.27,12.33,18.94,8.31,26.66,26,16.54,37.62,18
"4058","TRINITY_DN67542_c0_g2",-1.08944248640105,1.99398912499969,-4.03173148573135,0.00171773065139264,0.0160678740889914,-1.24608139930039,191.21,125.75,195.2,117.12,170.79,55.51,129.97,49.38,119.88,44.9
"4059","TRINITY_DN67560_c0_g1",1.01177090480138,0.479315442084056,3.6576615003629,0.0033654334224368,0.0249977161977195,-1.68120473666218,34.35,16,30.83,37.66,26.16,66.94,57.54,50.59,44.91,41.68
"4060","TRINITY_DN67748_c0_g1",-1.28938671833089,-0.813939869550569,-4.59239679976858,0.00064527990574353,0.00835525758638379,-0.136871196033652,27.1,22.09,28,23.08,26,14.07,6.02,8.02,8,6.02
"4061","TRINITY_DN67822_c0_g1",1.69111384169747,-0.797123366421236,4.46024610798516,0.000809941136799028,0.00973214985010896,-0.346195608572169,12.72,9,6.32,8.01,13.52,24.01,17.18,25.96,56.01,17
"4062","TRINITY_DN67946_c0_g1",-1.27194600185667,-0.0963955251416624,-4.65073224377304,0.000584105362724077,0.00782768165124252,0.0129979368602617,41,28,56,37,47,10,11,20,18,16
"4063","TRINITY_DN6797_c0_g1",1.04440247197474,1.99263442006813,3.58373255938821,0.00384955193047959,0.0274283079823921,-2.05030231813142,69.05,69.72,85.03,88.09,76.03,108.06,88.01,291.11,231.01,123.73
"4064","TRINITY_DN68018_c0_g1",-1.88319949939281,-1.13088524513513,-4.37957061428477,0.000931509770663335,0.0106723029723433,-0.600665724877498,29.9,34.17,29.83,12.36,25.84,5.25,3.12,5.19,8.2,3.1
"4065","TRINITY_DN68035_c0_g1",-1.79771783941916,-0.848408660753182,-3.07971279585018,0.00970783792762247,0.0499133878505125,-2.47119186819525,36.38,14,49.06,17.01,46,2,4,7,10.01,18.01
"4066","TRINITY_DN68036_c0_g1",1.60823765265286,-1.13033335344397,3.62323636155756,0.00358259381749442,0.0261323065366802,-1.63853398962324,7,12,7,5.22,10,31,8,19,21,26
"4067","TRINITY_DN68065_c0_g1",1.02041432566818,0.768890211289576,3.8368975130583,0.00243422436635858,0.0201442532085512,-1.40692448347008,44,31,20,30,51,73,66,76,53,55
"4068","TRINITY_DN68127_c0_g1",1.03690466179349,1.98190152594231,3.67282066092983,0.00327412902149967,0.0245730545220973,-1.88752537370893,108,77,48,76,81,114,137,253,129,163
"4069","TRINITY_DN68147_c0_g1",-1.850575698959,-1.6050268710725,-3.69240201239391,0.00315993542919787,0.0240540853876757,-1.6885097879383,20,22,13,12,26,7,1,4,3,4
"4070","TRINITY_DN68190_c0_g1",1.98128401474274,-1.46312382014551,3.43506303815333,0.00505021554763945,0.0326311106385106,-1.98947759759834,5,14.71,4.58,7.46,2.8,12.77,13.11,28.06,26.97,10.62
"4071","TRINITY_DN68218_c5_g1",-2.00609492586079,-0.963920385480778,-4.71268321334589,0.000525736092166198,0.0073402029206308,-0.0965829252046504,25.05,30.99,34.3,22,33,13.8,3,9,3,4
"4072","TRINITY_DN68300_c0_g1",-3.19985862097147,-1.86999851852204,-4.45535694088327,0.000816815461217852,0.00978444672706232,-1.2351219058802,32,20,17,22,29,3,4,1,0,2
"4073","TRINITY_DN68388_c0_g1",-2.52212498134983,0.419444463089189,-5.34453790521833,0.000185122476617588,0.00381517019042501,1.07251904397106,104,57,128,47,154,9,4,26,24,14
"4074","TRINITY_DN68428_c0_g1",-1.11914190262003,-1.14116277684172,-3.55540617415094,0.0040534304151843,0.0283557472915939,-1.73051012445509,24,23,18,13,20,11,4,7,8,5
"4075","TRINITY_DN68643_c0_g1",-1.12278268303343,4.15055180709919,-3.48789154189503,0.00458502424219344,0.0306494502272147,-2.60146347597568,529.86,967.25,822.04,883.53,486.46,583.09,419.02,172.86,336.92,251.66
"4076","TRINITY_DN68688_c0_g1",1.41026423243196,-0.387868460534643,4.30073034885407,0.00106875861518976,0.0116737853737972,-0.539066535593869,23.7,11.44,14.21,4.85,22.76,36.79,25.79,26.6,43.58,30.54
"4077","TRINITY_DN6879_c0_g1",-1.09102773812281,4.76078279487292,-7.25051240680883,1.11001531189927e-05,0.000700234659256454,3.51506451591123,1393.9,851.57,1061.59,965.01,1190.53,390.21,592.69,539.49,636.52,403.22
"4078","TRINITY_DN6881_c0_g4",1.09739041565422,1.23093841443915,3.21286387658076,0.00759521492614049,0.0425574262111612,-2.57680795454718,43,47.87,34,58,44.75,114.71,147,45,88.77,93.01
"4079","TRINITY_DN68825_c0_g1",1.12424679387406,2.41175935185464,3.496613688204,0.0045125289703764,0.0303281424109078,-2.28214023821528,84.76,75.92,125.96,119.01,103.42,360.38,236.01,145.24,322.21,100.11
"4080","TRINITY_DN69031_c0_g1",-1.75487821641926,1.11773935319343,-6.16042665224312,5.22470630392963e-05,0.00174646429246165,2.27748886708742,120.05,120.99,153.32,57.72,119.84,27.05,17,27.16,57.62,29.61
"4081","TRINITY_DN6911_c1_g1",-1.36662386185153,0.830429128285136,-3.62252372950073,0.00358723782663174,0.0261592460870616,-1.78036579870299,72.98,62.12,97.86,49.16,138.04,13.27,32.16,46.03,53.22,15.01
"4082","TRINITY_DN6927_c3_g1",1.13775522584955,-1.05146122488718,3.12023431252113,0.00900881866047755,0.0474673974646026,-2.41077072889651,11.43,6.72,6.07,15.13,12.74,21.03,8.96,15.67,25.02,19.09
"4083","TRINITY_DN69310_c0_g1",-1.41343542625723,-1.31008429314535,-3.47365215583123,0.00470593822311961,0.0311325172398941,-1.88140062457159,28.02,13.07,16.39,19.02,21.07,3.16,5.08,3.8,11.69,4.14
"4084","TRINITY_DN69403_c0_g3",-3.29497236060853,-0.177831244818096,-3.24932258835999,0.007102234824507,0.0407007479718277,-2.21191314252176,68.63,65.52,29.79,62.9,177.66,8.24,16.77,19.49,0,15.99
"4085","TRINITY_DN6943_c2_g2",-1.25537710421211,0.216631169533108,-3.681591887284,0.0032224630785224,0.0243337457752478,-1.60270998130893,51.34,62.2,31.14,62.02,56.09,20.62,15.35,18.47,39.43,7.64
"4086","TRINITY_DN69531_c0_g1",2.36969566217122,0.563367512241702,3.20413961308222,0.00771822054499103,0.0430072551265506,-2.44074290182025,35.89,26.48,17.04,8.88,13.73,78.55,84.96,119.39,30.29,268.09
"4087","TRINITY_DN69582_c0_g1",-1.58422053781247,-0.077897865022724,-5.43660432101014,0.000159746304936094,0.00346977283508422,1.19103933193719,46,46,41,47,47,7,19,17,12,15
"4088","TRINITY_DN6966_c0_g1",-1.3639357224034,4.68578775819171,-13.7016048829458,1.31520218721793e-08,1.63279721138732e-05,10.3700429845741,1050.54,1095,1125.52,1131,1226,379,456,432,503,410
"4089","TRINITY_DN69662_c0_g1",-1.68840834497961,-0.687338342343967,-3.8375538296963,0.00243135183586165,0.0201305813441682,-1.27949558151542,52,27,22,18,55,9,3,12,10,7
"4090","TRINITY_DN6970_c0_g2",1.88001962162935,-1.68154868417265,3.47481513350763,0.00469594201553503,0.0311028494101922,-1.98931818833399,10,9,1,5,6,11,12,13,22,15
"4091","TRINITY_DN6975_c0_g1",-1.36161504121911,-0.969734994071673,-3.72709643870369,0.00296753550105898,0.0230402499928374,-1.46171643066894,17.97,25,24,25,28,12,6,4,12,4
"4092","TRINITY_DN69754_c0_g1",-1.23996781576664,-1.07630658500859,-3.53098931612297,0.00423801192014996,0.0291071422805254,-1.76756190645769,19.13,15.41,21.59,23.84,28.4,7,3,7.07,12.64,5.13
"4093","TRINITY_DN6976_c0_g1",1.77857741834647,2.37951399299641,7.14948598541146,1.27313592564037e-05,0.000765772677947857,3.61317159334101,95,55,145,55,68,248,204,252,460,201
"4094","TRINITY_DN69812_c0_g1",-1.01770989155795,0.495871049198225,-5.1542229444099,0.000252033407818002,0.00461436811949341,0.788823852684457,54.64,45.69,65.95,47.69,68.68,27.47,26.19,25.4,27.35,18.21
"4095","TRINITY_DN6990_c0_g2",-3.18759110177077,-2.76358935038497,-5.01562508417267,0.000316541150684098,0.00535248580429438,-0.824985811593909,11,13,16,12,14,2,0,1,0,1
"4096","TRINITY_DN69964_c0_g1",-1.32711510686474,5.23553198913313,-4.11943810324369,0.00147017495997574,0.0145420087653933,-1.58703652409443,1098.51,1241.51,2285.15,1715.59,2060.58,951.42,551.41,930.33,321.81,708.02
"4097","TRINITY_DN69965_c0_g1",-1.19078956368448,-0.441205474731394,-4.73465234013113,0.000506531920596385,0.00718356464224355,0.129630534642168,41,29,28,32,31,13,6,15,17,8
"4098","TRINITY_DN69969_c0_g1",-3.00895414826875,-0.499862637342021,-7.31544707349171,1.01705796219276e-05,0.000663446364782382,2.76516574685055,60,74,62,35,57,4,3,4,11,6
"4099","TRINITY_DN6997_c0_g2",-3.23287627393298,-0.131495617134433,-6.0311569217338,6.34479011876437e-05,0.00195554370323823,1.74823004313005,146.87,58.5,75.48,43.04,78.29,4.01,7.03,7.03,5.01,13.12
"4100","TRINITY_DN7000_c3_g3",-2.25042673473806,-1.1300953443507,-4.32328796949906,0.00102746436942501,0.0113728286853937,-0.710426478021627,34.96,25.55,32.43,16.71,29.36,7.25,6.96,1.01,2.36,12.02
"4101","TRINITY_DN70005_c0_g1",-2.60336847876332,-1.4594710340633,-3.26649542555315,0.00688136392204245,0.0399516220967352,-2.30898658470522,39,14,29,20,36,0,2,12,10,2
"4102","TRINITY_DN7004_c0_g1",1.03039769458234,2.90675162021362,6.25657027304776,4.52866347293056e-05,0.00160497625087693,2.28126152571184,134.25,153.95,156.97,153.24,118.54,327.01,299.25,279.31,258.79,291.14
"4103","TRINITY_DN7005_c0_g1",1.03470733606656,3.3996101040163,5.8016006205828,9.00942327918975e-05,0.00240136466465195,1.5159409541528,231.51,147,202,285.69,163.35,515.9,369.77,408.31,464.1,306.21
"4104","TRINITY_DN70052_c0_g1",-2.70881366196271,-1.71347656153992,-3.57355945209807,0.00392153813427818,0.0277281647280082,-2.01820569545296,21,12,33,16,35,4,1,3,1,4
"4105","TRINITY_DN70136_c0_g1",-1.48269491008203,-1.50260374107183,-3.19337497200326,0.00787276930438467,0.0435803402261162,-2.31752375935115,27.25,14.65,13.49,10.24,24.46,4.24,2.07,2.12,8.04,6.2
"4106","TRINITY_DN70209_c0_g3",-1.09722428625221,2.27614632198517,-6.62809527380914,2.637183134685e-05,0.00116347196803438,2.89031151847683,213.29,160.18,196.3,174.06,209.78,79.81,104.54,98.41,75.28,86.72
"4107","TRINITY_DN70238_c0_g1",-1.98160289700162,-0.315519843774107,-5.67578973087435,0.000109525068283095,0.00273038517614651,1.4344557649795,53.36,33.18,47.27,43.54,51,20.15,10.92,4.14,14.63,4.13
"4108","TRINITY_DN70269_c0_g1",-1.171896947701,0.582766965148273,-5.42353842397358,0.00016311203145311,0.00351685176812099,1.1991512421762,91.02,58.95,52.91,51.01,63.02,31,27.01,20.01,29,19.73
"4109","TRINITY_DN70289_c4_g1",1.36658711388032,1.9793675575504,6.07761511068635,5.91541894485452e-05,0.00188015215352227,2.11413238805207,63.93,40.68,79,106,69,200,177.01,142.84,199.29,142
"4110","TRINITY_DN70311_c0_g1",-2.01306764672458,-1.15485694910771,-5.29475365727569,0.000200584852455737,0.00401648520365722,0.515573003903954,31.97,25,23,27,21.84,7,3,5,4,5
"4111","TRINITY_DN70405_c0_g1",1.99135582457185,-0.0894178391684209,4.87840703959536,0.000397701380595867,0.00616248514705637,0.359361936024046,9.72,8.08,19.1,13.3,27.38,66.22,33.9,45.35,92.61,26.11
"4112","TRINITY_DN7061_c1_g1",-1.30661395178475,-1.43321306292775,-3.47248847065034,0.00471596221896564,0.0311851178172556,-1.89743169535945,20.03,15.59,14.43,13.01,23.53,4,2,4.29,10.47,5.24
"4113","TRINITY_DN7064_c0_g1",1.2322775771324,2.39711413329812,6.53726034127653,3.00477722356851e-05,0.0012602604147013,2.75053040394669,92,76,143.74,92,83,278,196,236,260.93,143
"4114","TRINITY_DN7065_c0_g3",1.22767463334464,-0.203329467438699,4.42219798861338,0.000865072333255853,0.0101639970648305,-0.347733140722099,12.73,20,15.97,19.07,15.63,34.01,40.65,26.93,33.02,35.01
"4115","TRINITY_DN7065_c3_g1",1.43741596821248,-1.28749146750289,3.76397606430356,0.00277616580070864,0.0220266804409055,-1.44615397311036,7.02,7.02,6.07,7.03,11,25.12,10.8,12.06,18.34,18.3
"4116","TRINITY_DN7065_c4_g1",1.19365928939262,0.0468008519697347,3.6924328461059,0.0031597588726447,0.0240540853876757,-1.57021652856452,37.18,26.49,9.17,15.83,19.32,38.96,46.03,34.89,42.23,39.12
"4117","TRINITY_DN7066_c0_g1",-1.65400783893356,0.480020962130467,-4.3106251018217,0.0010504366594492,0.0115403568404325,-0.560045617374321,61.32,113.78,47.8,48.54,86.06,15,20.8,32.16,12,23.97
"4118","TRINITY_DN70730_c0_g2",-1.9621630582431,-1.36368267466489,-3.71153083161895,0.00305232323007694,0.0235045170802377,-1.59855565554166,24.94,11.97,23.43,24,31,10,2.31,2,5,3.35
"4119","TRINITY_DN70751_c0_g1",1.95385507997858,-1.51677639928094,3.89216410741968,0.00220415984748713,0.0189214518563015,-1.38849560063485,4,7.16,7,7.12,4,13.24,9,19.38,20.34,24.04
"4120","TRINITY_DN70823_c0_g1",-1.46982538231431,2.35741725525657,-9.64819573417061,6.00453805013835e-07,0.000146264322080873,6.5827116965598,224.14,196.6,273.36,203.4,260.78,113.59,71.25,82.76,74.51,71.96
"4121","TRINITY_DN709_c1_g1",2.29190082046556,1.19471080818095,4.50237594857051,0.000753147094852802,0.00927596285037556,-0.294442478582767,59.61,29,7.9,106,17,115.45,109.31,117.45,207.96,135
"4122","TRINITY_DN7113_c5_g1",2.16000610224379,-0.374513626326459,6.32290523781983,4.10628334072324e-05,0.0015109272797395,2.21796471733942,12.14,5.52,10.89,19.5,11.86,44.53,32.3,33.27,65.4,37.44
"4123","TRINITY_DN7115_c2_g1",1.11184769206631,1.5361393009028,5.16049414701674,0.000249463740056672,0.00458821102230455,0.728992665492734,52.99,43.88,87.52,50.04,51.67,141.18,73.72,109.66,176.23,89.8
"4124","TRINITY_DN712_c0_g2",-1.24815648914331,0.636004648603652,-5.49579545256519,0.00014539185248497,0.00326521485208106,1.30747053377908,56.16,63.54,70.56,73.12,69.49,25.77,25.74,34.93,21.58,20.6
"4125","TRINITY_DN7121_c0_g1",1.4297534799621,-0.0448804388408656,4.88755518674298,0.000391663779609284,0.00609620059820111,0.380983572868059,15,16,17,16,21,47,45,49,29,39
"4126","TRINITY_DN71259_c0_g1",-2.54183223309259,-2.42836483302209,-3.97757152465685,0.00189178600400806,0.0171356667755431,-1.76514024763849,19,13,12,11,12,1,0,6,2,1
"4127","TRINITY_DN713_c0_g1",1.01068634549855,3.71368388878399,6.70205380888266,2.37327175909862e-05,0.00109449087053705,2.84267503711543,202.88,255.02,316.63,245.63,243.86,594.49,510.62,396.61,542.04,492.79
"4128","TRINITY_DN71394_c1_g1",1.28508645856138,-0.98773234192627,3.64465748130745,0.00344583506806358,0.0254275756080574,-1.58578380779811,19.87,8.75,10.32,6,7.69,21.57,19,25.13,20.16,13.41
"4129","TRINITY_DN715_c2_g1",-1.01365039985694,1.50259029668345,-5.68987629590603,0.000107144267050574,0.00269812301537418,1.56334685960888,131.07,99.77,139.74,83.02,107.46,65.75,30.93,61.57,64.34,44.21
"4130","TRINITY_DN71528_c0_g1",-2.28392705317675,-0.853251578225405,-4.53608765488335,0.000710700027798031,0.00893217119366977,-0.33372091247768,21.87,43.22,53.04,23.69,37.4,6.35,5.38,3.08,5.26,7.31
"4131","TRINITY_DN716_c5_g1",1.24560776618626,-0.375831464507941,3.43803282953969,0.00502283194478897,0.0325152384254719,-1.95292449824939,18.5,14.35,15.17,10.44,15.4,31.05,21.73,50.58,51.86,12.29
"4132","TRINITY_DN71630_c0_g1",1.6221849470666,4.6153478316655,10.4774280468847,2.49327488308534e-07,9.26751767021794e-05,7.43139904571868,427.26,367.49,485.75,335.46,302.2,1245.41,1049.56,1462.06,1365.91,771.96
"4133","TRINITY_DN717_c11_g2",-1.0815779400414,0.791106677464298,-3.28085927429866,0.00670196650411631,0.0392580795297269,-2.38075455818055,69.32,47.44,90.38,48.17,116.24,19.75,19.24,45.19,61.6,21.21
"4134","TRINITY_DN717_c22_g1",4.02776869605859,-0.949430481857529,3.70192818519856,0.00310586624838651,0.0237306782897539,-1.74830100733607,0,15.31,6.49,28.31,0,61.97,17.56,62.38,68.49,67.85
"4135","TRINITY_DN717_c4_g1",-1.40516377334831,1.55250361705058,-3.16751613581448,0.00825690847669723,0.0449201872727874,-2.70224997316591,120.48,134.7,115.41,96.28,216.65,59.12,27.98,12.76,147.91,62.73
"4136","TRINITY_DN717_c8_g1",-1.83981421352663,2.19493263638708,-10.083787201638,3.75669545854262e-07,0.000116016474573918,6.99995729390681,265.34,207.03,225.8,235.01,237.41,52.12,53.38,51.94,71.23,99.65
"4137","TRINITY_DN7170_c0_g1",-1.27847290643462,2.69723885029315,-6.63026926511018,2.62899496324176e-05,0.00116151055763892,2.8594543671455,357.73,288.29,292.09,189.2,269.74,162.7,63.33,127.61,137.42,88.95
"4138","TRINITY_DN7181_c4_g1",-2.27455653048158,-0.992420887916822,-5.338252394567,0.000187003349138397,0.00383439064438298,0.610709445187982,27.66,38.23,37.28,20.34,33.78,8.31,4.39,6.1,3.08,3.15
"4139","TRINITY_DN7194_c0_g1",1.73529254769878,1.54967990972627,4.79447968531411,0.000457867284596028,0.00671906709787561,0.140759708422005,49.03,44.16,77.81,31.1,35.81,208.52,110.58,77.18,292.13,107.85
"4140","TRINITY_DN7199_c1_g2",1.16084533737366,-0.385253660085172,3.19512633497454,0.00784741375077491,0.043496773030235,-2.36389521505077,14.02,12,20,28,9,33.01,24,29.03,47,16
"4141","TRINITY_DN72_c1_g2",2.33966201507351,0.838630465094617,6.61954623012857,2.66964671027084e-05,0.00116948235633982,2.89225560100598,21,25.97,20,32.6,17.33,129.11,98.55,64.09,104.9,161.81
"4142","TRINITY_DN72016_c0_g1",1.64001984476396,-1.37318907334118,3.41487736402197,0.00524041241420811,0.0334079655129459,-1.98468456139318,13,10,4,3,7,21.68,24,12,17,13
"4143","TRINITY_DN72022_c1_g1",1.17026079665334,1.37769629772321,6.69490374934416,2.39751270616267e-05,0.00110340277635623,3.02256753123438,40,43,56,42,65,105,108,97,117,93
"4144","TRINITY_DN72062_c0_g1",-1.09505467239479,1.71539122818508,-4.36281760575382,0.00095905553556652,0.0108794614975797,-0.623629492278161,198.33,130.51,90.19,105.84,146.11,56.66,41.44,57.44,59.77,86.83
"4145","TRINITY_DN7208_c0_g2",1.99354069604525,1.83705456344164,3.56403129531312,0.0039902086332957,0.0280857478969494,-2.02712313200943,35,14,163,159.05,28,218,144,306.3,171,156
"4146","TRINITY_DN72097_c0_g1",-2.63260225178639,-0.380038525059688,-3.5081141395951,0.00441872473586052,0.029915579606459,-1.79813804651369,21.19,34,102.21,71,79.03,6.07,4.02,9.01,5.01,12.18
"4147","TRINITY_DN72121_c0_g1",-3.12579182833827,3.8079583266007,-4.114610499751,0.00148278933666892,0.0146215512763124,-1.31111353087083,1561.03,1043.95,1092.64,873.52,1200.19,16.89,517.62,664.69,262.16,18.79
"4148","TRINITY_DN72131_c0_g1",-2.02416813186728,-0.961585603634343,-5.4838667328164,0.000148171086741391,0.0033096696791598,0.861970867689478,37.4,26.57,22.15,34.7,27.61,6.32,4.07,4.55,6.19,5.48
"4149","TRINITY_DN72156_c0_g1",2.22375674595966,0.240868293585556,8.81030622549495,1.5542521404181e-06,0.000243019262882401,5.21289446878497,16,18,13,17.01,15.99,95,55.96,49.04,83.04,58.06
"4150","TRINITY_DN7219_c0_g2",-1.10943811636514,3.38114232301499,-8.77206058166016,1.62586251573792e-06,0.000249194542720779,5.60259886534446,448.64,384.08,526.32,300.33,444.84,219.92,150.99,178.31,244.06,175.33
"4151","TRINITY_DN722_c1_g1",-1.08558721925859,3.53103402531276,-10.1947089085314,3.34252107869203e-07,0.00010750448364701,7.17609452369989,470.59,488.67,460.96,377.6,486.67,210.79,220.99,231.83,228.96,185.39
"4152","TRINITY_DN7225_c0_g3",1.93623862562245,-0.0360715226008847,3.32558110156299,0.00617316896668859,0.0372665408219791,-2.16073057644964,20.64,18.03,2.24,21.66,27.04,26.59,68.1,50.69,43.6,71.77
"4153","TRINITY_DN72254_c0_g1",-3.79904214168522,-0.789384178804776,-4.58352439628309,0.00065515527736673,0.00844963820637074,-0.653904271817143,83.3,68.79,42.31,75.3,50.13,10.3,7.18,1.01,9.27,0
"4154","TRINITY_DN7228_c1_g1",1.4250725920342,1.0967483393987,4.89901365209444,0.000384236771138615,0.00603253595940414,0.352156467307646,28.96,41.17,21.94,60.12,45.53,135.24,84.04,78.18,108.18,67.31
"4155","TRINITY_DN7228_c3_g1",-1.02651666027353,-0.0464643582213483,-3.35834262928021,0.00581280714657195,0.0357676636415848,-2.13040400331932,61,40,26.8,35,38,22,7,20,16,22
"4156","TRINITY_DN72287_c0_g1",-2.1498103619977,-1.43792444269445,-4.45379033924736,0.000819030998510258,0.00980909322815469,-0.719872016406502,26,22,16,26,24,8,1,2,5,4
"4157","TRINITY_DN7230_c1_g1",-1.20350183223608,-0.593899870310188,-3.54158493978072,0.00415688125390997,0.0287638838341143,-1.75661114264918,33,25,31,18,42,6,12,8,23,7
"4158","TRINITY_DN7232_c0_g1",1.58739909030376,-0.668496104145854,3.82519796570688,0.00248602071305996,0.0204142366066611,-1.2957347659691,18,4,11,15,13,22,30,38,33,19
"4159","TRINITY_DN7235_c0_g1",-1.31287200845639,4.37187935383102,-3.2940038847583,0.00654194771323019,0.0386305995387225,-2.98451840400848,1073.01,913.51,696.19,765.17,1150.78,400.83,75.64,440.34,837.69,438.21
"4160","TRINITY_DN72394_c0_g1",1.79040966601561,-0.550430152719842,3.97472710673402,0.00190141612706948,0.0171853917460574,-1.05847938696156,7.03,17,4,15.01,20,30,40,29,27,34.28
"4161","TRINITY_DN72450_c0_g1",-1.42106193409345,0.285677542302735,-3.1350439582156,0.00876616969049209,0.0466561962932012,-2.55117459064616,42.15,81.82,82.37,21.83,85.98,19.77,5.18,26.57,29.31,19.49
"4162","TRINITY_DN72462_c0_g2",-1.50835401213089,-2.02833542259814,-3.0851935948556,0.00961019293632374,0.0495617790564084,-2.57529203584247,11.26,14.28,13.34,9.31,12.51,6.14,1.03,3.04,2.05,2.06
"4163","TRINITY_DN7250_c0_g2",1.31222057022749,1.40128405999711,8.65922184430631,1.85856257691544e-06,0.000265825837325919,5.43194180312874,52.77,36.39,54.34,43.27,49.96,111.8,103.01,124.16,119.61,98.01
"4164","TRINITY_DN7258_c3_g2",-1.34298817503214,0.821970708708454,-4.52923220834049,0.00071912500402251,0.00898891774057456,-0.229900999277068,96.24,55.8,70.5,81.38,89.94,42.62,12.83,38.04,20.62,38.17
"4165","TRINITY_DN7263_c0_g1",-1.09618695871597,0.749442095373569,-3.95446802250575,0.00197148677414782,0.0175942318246503,-1.19812063646263,93,67,41,88,67,36,20,27,40,24
"4166","TRINITY_DN72739_c0_g1",2.84175605509158,-1.58568270948235,3.32547724037129,0.00617434672051181,0.0372665408219791,-2.2840806303335,7.93,5,2,4.28,2.92,59.06,21,17,23,10
"4167","TRINITY_DN7278_c0_g1",1.12189927732712,0.792190844947563,3.37893613030434,0.0055972913946215,0.0349086974811348,-2.21079791862556,25.81,41,28,65.01,23,76.01,47.01,105.01,68.57,48
"4168","TRINITY_DN7288_c0_g1",-2.12420093856119,3.14204294754759,-8.25398456044268,3.03789216399613e-06,0.00034792272728394,5.00225861227398,467.37,448.44,755.84,276.52,697.89,111.11,98.98,106.98,130.1,120.67
"4169","TRINITY_DN7295_c0_g1",1.21980659920192,1.24003009334696,3.82340107086864,0.00249407587605249,0.0204557370773347,-1.49379236646009,58.57,27.52,60.42,57.17,29.31,143.91,82.14,105.19,129.35,46.51
"4170","TRINITY_DN7305_c0_g2",-2.69129825805572,-0.428427795844052,-3.0811544996231,0.00968205659918333,0.0498262295919173,-2.48083226478427,31.87,80.67,41.04,44,55.43,32.05,19,9,0,8.99
"4171","TRINITY_DN7312_c0_g1",-1.09406785230133,2.62720480789166,-3.48061074400804,0.00464644838298972,0.0309140956272025,-2.34861305457231,410.33,201.88,231.27,194.9,222.39,72.9,181.25,59.22,185.35,128.9
"4172","TRINITY_DN7322_c0_g1",1.01806425227942,-0.806739969400281,3.17812731161161,0.00809704096978155,0.0443633081491526,-2.34117945072581,16.86,8.83,7.63,16,13.53,24.76,21.03,17.17,25.7,13.3
"4173","TRINITY_DN733_c0_g1",-1.34827200715101,5.09384925356035,-15.9088738649105,2.4531141757628e-09,5.07582031154333e-06,12.0186056973746,1711.37,1388.83,1494.43,1370,1520.79,647.96,458.99,639.08,705.98,465.92
"4174","TRINITY_DN7334_c0_g2",-1.56506990799096,1.54644588692538,-6.30420796335893,4.22092535843827e-05,0.00153393229488706,2.47495709355426,123.8,138.52,130.57,111.06,200.21,46.08,19.27,42.46,77.22,49.12
"4175","TRINITY_DN7334_c5_g1",1.16132778973272,1.78915843138961,7.31748084030392,1.01428428970166e-05,0.000663446364782382,3.85101048626085,56,50,85,67,69,151,109,137,166,134
"4176","TRINITY_DN7334_c7_g1",-3.01156765478182,-0.349992882796508,-3.90731454426575,0.00214509228151579,0.0185632870880818,-1.19078641657851,47.59,49.17,77.74,47.39,103.93,13.64,7.2,0,18,14.85
"4177","TRINITY_DN7336_c3_g1",-1.51736400515329,-0.0839972440424988,-3.68295394663613,0.00321451532768234,0.024315456535504,-1.56060950691479,50.04,44.02,65.16,24.16,53.03,12.37,2,20.86,20.5,24.92
"4178","TRINITY_DN7339_c0_g1",-1.01197690300415,1.45054518570818,-3.75703302417168,0.0028111994921853,0.022209799831731,-1.64558751977616,91.37,111.32,81.18,133.88,118.84,65.11,47.37,58.33,32.45,54.15
"4179","TRINITY_DN7339_c1_g1",-1.3675834523293,1.51586576669022,-5.80219634213594,9.00114327612923e-05,0.00240136466465195,1.7368675514224,183.9,121.47,92.62,97.36,150.31,57.44,37.22,55.21,59.28,28.14
"4180","TRINITY_DN73425_c0_g1",1.01347682502243,0.566044833581926,3.63795704571747,0.00348802826247757,0.0256470052274571,-1.72650479162279,33,31,42,17,30.47,49.01,43,99,61,38
"4181","TRINITY_DN7346_c0_g1",-1.29381337395793,3.1120182980902,-5.22908476051,0.00022309245390545,0.00428722193526267,0.640406188029338,657.73,336.08,281.17,260.47,408.52,128.24,124.47,146.76,242.84,123.25
"4182","TRINITY_DN7347_c0_g1",-1.06366067394978,2.45012166734981,-4.53085860815864,0.000717116858568544,0.00897465965298061,-0.446570740909376,299,241,239,161,156,127,129,95,113,58
"4183","TRINITY_DN7360_c0_g1",1.38219441723017,1.17466916675357,4.35864519220315,0.000966046935111023,0.0109308052223991,-0.554267773621679,36,34,36,50.81,42,145.91,145.69,72,78,73
"4184","TRINITY_DN7363_c0_g2",-1.44506099827682,-1.53047658762085,-3.2396075878663,0.00723034717511077,0.0412515230282928,-2.25350766901121,16.93,21.44,12.28,15.09,17.54,4.22,3.19,1.36,7.14,7.69
"4185","TRINITY_DN738_c0_g1",1.05607988536591,4.24185514615853,5.87236311883185,8.08007254813293e-05,0.00226177067438732,1.51586907101074,354.86,341.07,313.8,389.43,378.19,864.52,961.26,688.69,719.24,514.97
"4186","TRINITY_DN7380_c0_g2",1.63054465097298,-0.605913055369817,4.42255910263542,0.000864531091971277,0.0101599589176496,-0.36952510873877,9,9,15.08,7,19,22,19,44,34,34
"4187","TRINITY_DN7380_c2_g1",-2.67792424675025,-2.28313008907097,-3.37957277712146,0.00559075962278887,0.034881979377324,-2.37816763964871,15,20.76,11.7,11.65,18.37,0,3.54,5,0,3
"4188","TRINITY_DN73857_c0_g1",-1.13575992350546,-0.239282085425217,-3.09489612982543,0.00943974718459632,0.0490099420154426,-2.55015345495356,24.35,41.42,31.97,33.29,49.53,7.18,10.53,14.22,14.33,29.81
"4189","TRINITY_DN7388_c0_g1",1.07952208870422,2.1490308322745,8.30288877850121,2.86032784992692e-06,0.000336072977074872,5.07852613765067,90.59,80.98,76,75.94,97.69,201.73,147.68,152.88,196.75,176.77
"4190","TRINITY_DN73887_c0_g1",-1.22261310707546,-0.78198936074058,-3.94374440420639,0.00200965071977862,0.017803205191885,-1.10978242225862,22.03,25.01,30.04,18.04,32.03,7.02,7.02,6.01,11.02,14.01
"4191","TRINITY_DN73931_c0_g1",-2.12737362700042,-0.730192119126571,-4.72087354921277,0.000518488959454244,0.00726844707975672,-0.00561104994581996,49,36,25,32,33,14,12,5,3,5
"4192","TRINITY_DN7394_c0_g1",1.11306358376522,3.51664516756879,6.58336282761607,2.81183259003634e-05,0.00120539845437787,2.69415730067675,235,217,203,247,165,598,408,486,522,305
"4193","TRINITY_DN73958_c0_g1",-1.74467108235362,-1.78156886644313,-3.16569936617884,0.00828459718897364,0.045023471012813,-2.42733663124719,20,22,12,14,12,1,2,8,4,3
"4194","TRINITY_DN7402_c2_g1",-3.27687722422863,1.53059685377636,-11.9496591860323,5.97891975768322e-08,4.51829483297873e-05,8.27482505360512,321.41,253.41,241.44,158.55,262,35.26,13.93,31.91,19.03,21.54
"4195","TRINITY_DN74031_c0_g1",-1.92083597243855,-0.931810745967148,-4.65661147181659,0.00057828570382241,0.00778497219238175,-0.143106968064798,37,24,31,23,29,15,11,3,5,3
"4196","TRINITY_DN74062_c0_g1",-1.48755206088083,0.533647906007304,-4.12647118776905,0.00145199638117444,0.0144025604610134,-0.874790292344342,95.01,63.01,77.73,51.01,59.03,19,12,59.52,35,8
"4197","TRINITY_DN74114_c0_g1",1.64163722421734,-1.3767869999659,3.2043838382289,0.00771474993904603,0.042999496068631,-2.28773426837697,4,12,8,8,5,20,7,14,19,27
"4198","TRINITY_DN7414_c5_g1",2.73092742265615,-1.30576716716939,3.87967133095127,0.00225412626959026,0.0191841457343763,-1.45424391544325,9.08,15.07,5.03,2.01,2.01,45,21.07,23.07,40.23,12.07
"4199","TRINITY_DN7415_c3_g1",-1.64537297882015,-0.595079293120732,-4.36962786262578,0.000947757016531243,0.0107847972583245,-0.455087270176866,51.99,31.45,44,21.32,28,8.2,3,6,20.4,10
"4200","TRINITY_DN7415_c3_g2",-2.07706788242311,-0.635521022814854,-5.95762157751389,7.09334472277697e-05,0.00210373760306573,1.600469134647,47.63,32.38,42.34,28.15,43.17,5.15,3.05,13.4,14.21,3.03
"4201","TRINITY_DN74161_c0_g1",-1.96612134464013,-1.37525682820387,-4.07595008010548,0.00158794083110105,0.0152655783103247,-1.10259759620855,25.1,14.58,29.17,14.61,27.11,5.29,2.13,7.22,2.13,4.28
"4202","TRINITY_DN7421_c3_g1",1.07767202837591,-0.24474632171706,3.87894502171124,0.00225706690259512,0.0191924891659849,-1.23226370213121,16,17.38,19,9.34,26.47,31.79,18.53,27.51,50.94,33
"4203","TRINITY_DN743_c0_g1",-2.10319518234394,4.5042979306709,-8.42146990886968,2.474330187841e-06,0.000317337958843062,5.10952606374681,1354.32,1056.56,1701.77,1156.09,1240.33,270.39,335.68,137.38,563.63,315.11
"4204","TRINITY_DN74310_c0_g1",-1.03908474563853,0.0737120121137483,-4.86440568483535,0.000407131763757734,0.00625087734442186,0.345842136064361,52,37,40.4,34.55,51,16.08,10.22,22.19,24.17,19.1
"4205","TRINITY_DN74361_c0_g1",-1.43820565081778,0.179700030939344,-3.50809810855652,0.00441885410013246,0.029915579606459,-1.89229455655137,59,54,80,20,74,32,6,16,27,13
"4206","TRINITY_DN7438_c2_g1",-1.83702374355456,3.39932999457873,-12.4488755839998,3.81137355318164e-08,3.14964757598477e-05,9.27981748597001,511.49,459.06,742.94,452.29,586.47,139.35,115.24,158.15,172.21,173.93
"4207","TRINITY_DN74452_c0_g1",-1.90557596960035,0.377393499506097,-4.41434304097532,0.000876933180307605,0.0102590935232594,-0.376448151827934,39,101,84,47,113,17,6,21,30,14
"4208","TRINITY_DN7453_c3_g1",1.02996579285122,0.429091941617822,3.71402408621705,0.003038576717596,0.0234306349277086,-1.5775241926023,41.22,35.7,33.23,15.43,17.75,70.63,47.01,41.27,58.84,37.59
"4209","TRINITY_DN74543_c0_g1",1.33024891459961,0.00206588688164164,5.40579638866987,0.000167802589490322,0.00357580874897051,1.16044645057841,26,23.79,19.12,12.08,13.52,51.52,30.27,37.56,44.4,42.55
"4210","TRINITY_DN74545_c0_g1",1.63427470264542,-1.67212582191741,3.52582963170704,0.00427810317053905,0.0292982100847353,-1.89061090756674,7.1,4,3,10.44,6,13,7.39,19,15.36,12
"4211","TRINITY_DN74598_c0_g1",2.26259496638368,-1.17827710688037,3.09103314650705,0.00950724177814527,0.0491957757699725,-2.45715446081895,0,16.87,8.41,6.4,14.27,33.09,19.49,13.53,33.8,23.34
"4212","TRINITY_DN7460_c1_g1",1.02325090500749,3.90918874422627,7.08461033390682,1.39124941146941e-05,0.000798893764732215,3.36847035048661,255.03,290.06,340.56,336.97,223.98,567.3,460.39,678.66,617.06,577.58
"4213","TRINITY_DN74729_c0_g1",-1.02928819072477,-0.836955012405601,-3.21238942116645,0.00760185321406972,0.0425776099781199,-2.27860352580026,22.99,27,23,23,19,12,13,9,10,4
"4214","TRINITY_DN7480_c2_g1",1.80084848911784,-0.992782872136406,4.84973682845236,0.00041726368175732,0.00634944308502923,0.11712567252669,7,5,9,11,11,24,24,26,21,22
"4215","TRINITY_DN74822_c0_g1",-2.36893482898871,-1.79540755237935,-4.73792184790198,0.000503737292133041,0.00716193052493505,-0.742081472576166,19,20,22,15,19,2,1,1,5,4
"4216","TRINITY_DN7487_c0_g1",-1.11781013526324,4.88613786942536,-5.28456526494448,0.000203913812969173,0.00405887891196289,0.484286229128142,1165.11,1061.47,1738.16,709.21,1528.16,473.92,378.78,756.54,604.57,568.87
"4217","TRINITY_DN7492_c2_g1",1.4704868596869,-0.732607537551704,3.46417880710353,0.00478817706795816,0.0314886432160647,-1.87069267011881,11.06,15,19.25,4,10,19.5,39.52,20.16,38.02,17.58
"4218","TRINITY_DN74962_c0_g1",1.08238160616361,0.0648283377227575,4.86817880843684,0.00040456757701373,0.00622536633008188,0.351661605161354,21.99,15.78,18.78,20.9,28.19,36.65,32.51,40.59,59.7,29.25
"4219","TRINITY_DN74981_c0_g1",-1.36550790732678,-0.621556642219166,-3.13725854995782,0.00873045437016507,0.0465339365081253,-2.41291375112134,37,25,34,12,57,7,5,15,12,10
"4220","TRINITY_DN74994_c0_g1",-1.48010618740633,-0.151967239668442,-4.40345251110177,0.000893658679222015,0.0103903426928776,-0.376477784115831,66,38,43,31,44,13,8,11,38,6
"4221","TRINITY_DN751_c10_g1",-1.52154126957569,0.3952334888471,-6.23257738077624,4.69260272391426e-05,0.00163369950355723,2.35004978716596,61.86,68.38,60.53,49.15,69.41,12.94,19.39,32.18,19.37,16.39
"4222","TRINITY_DN75196_c0_g1",-1.23363262318941,-1.07916997304931,-3.39409736174524,0.00544382818361759,0.0342787777104766,-1.97823866399821,22.31,19.22,30.39,13.46,21.4,4.04,10,5.03,12.27,5.02
"4223","TRINITY_DN75215_c0_g1",-2.53792913743891,-1.97820485238101,-3.95031984389567,0.0019861600814228,0.0176631663172262,-1.71539673849447,22,20,14,17,18,6,0,2,6,1
"4224","TRINITY_DN75238_c0_g1",-2.06584739538331,0.0552414438535485,-6.28289147479927,4.35578925714008e-05,0.001562897470218,2.32467852196796,74,64,61,53,56,15,4,15,33,5
"4225","TRINITY_DN75285_c0_g1",-1.14776751884729,-0.599841755588403,-3.7021053589619,0.00310486967564981,0.0237306782897539,-1.49663139969399,33,24,26,23,33,5,11,17,11,12
"4226","TRINITY_DN75486_c0_g1",2.86435650969159,-1.62886751323905,3.19160872613989,0.00789842405332164,0.0436820005956778,-2.47424942830254,3.92,22.87,0,0,26.1,26.8,17.78,25.66,26.33,14.59
"4227","TRINITY_DN75521_c0_g1",-1.14408440719412,-0.868131375742305,-3.36464337216155,0.00574598826983499,0.0354619681707832,-2.02944812788879,27,27,17,22,22,8,10,9,6,12
"4228","TRINITY_DN75529_c0_g1",-2.23454474839203,-1.11201200226655,-4.04653361170112,0.00167310361483658,0.01580764593415,-1.08632697789024,50,19.06,34.22,14.22,34.66,2,3.01,6.03,5,8.02
"4229","TRINITY_DN75670_c0_g1",-1.32206928270428,-1.41555982211031,-3.18319836953781,0.00802174647651574,0.0440617547812794,-2.31914459581886,17.34,14,22,19,16,4,3,3,14,4
"4230","TRINITY_DN7570_c0_g1",1.68628544038828,0.615652450942998,5.14051557412616,0.000257747570069443,0.00467272858191898,0.766747946961907,31.88,25.92,41.1,7.43,32.5,88.45,46.68,82.47,102.36,56.35
"4231","TRINITY_DN7570_c1_g1",-1.13094825326159,0.117274987006779,-4.37566899740412,0.000937850478544918,0.010723177492208,-0.434617524458096,47.71,37.7,34.62,58.92,51.17,14.06,17.05,23.18,20.3,15.75
"4232","TRINITY_DN75708_c0_g1",-3.09383808460028,-1.05553579221801,-6.74494399561823,2.23323362287864e-05,0.00105178864876,1.53613402347207,39,30,43,35,51,3,4,5,3,2
"4233","TRINITY_DN75758_c0_g1",-1.15308886136614,0.347546410367506,-3.29250559553383,0.00655999033968176,0.0386966492773359,-2.29422602589493,65,73,50,20,80,20,20,22,27,18
"4234","TRINITY_DN7594_c1_g1",-1.17984399494778,0.42243320958293,-3.58182429978155,0.00386295132157505,0.0274829616430315,-1.80021670510896,66.01,71.93,44.43,55.2,51.88,17,7.43,24.01,55.59,24
"4235","TRINITY_DN7594_c1_g2",-1.03452609486752,1.18227578781562,-3.97357585706979,0.0019053282046169,0.0172073221597504,-1.22272424693574,111.76,82.43,107.2,71.39,84.56,31.24,19.72,48.69,94.94,34.43
"4236","TRINITY_DN75985_c0_g1",-1.31521125750138,2.02203216320964,-7.31628217336601,1.01591806520864e-05,0.000663446364782382,3.8466567892467,204.57,174.19,168.41,123.79,210.26,59.11,48.62,96.17,87.67,56.63
"4237","TRINITY_DN7600_c0_g1",1.76999836186245,2.51593562356852,5.14606850426133,0.000255416475270693,0.00465297261411645,0.599276327218314,97.46,44.17,83.4,112.98,110.37,532.95,306.55,285.65,235.62,172.94
"4238","TRINITY_DN76107_c0_g1",1.65330950254139,-0.54723829691387,5.10126712137351,0.00027487562295826,0.0048806148225146,0.627044073450172,11,9,15,6,20,26,28,39,32,32
"4239","TRINITY_DN7612_c1_g1",1.75587500920351,-0.598182816387853,4.48764395667667,0.000772519207282076,0.00943663062494133,-0.27236798400676,10.67,8.15,6.47,27.68,10.68,24.6,28.96,27.25,51.16,23.21
"4240","TRINITY_DN76128_c0_g1",-2.35101295717335,-1.77794897410567,-3.18071056446487,0.0080585964778475,0.0442099276871589,-2.45230218379556,16,14,15,17,31,5,3,5,0,4
"4241","TRINITY_DN7613_c1_g1",-1.18319826490426,-0.253321860363785,-3.26545421182487,0.00689455556402145,0.0400062718112901,-2.25819568313421,29,41,28,32,49,8,16,21,9,19
"4242","TRINITY_DN7616_c3_g1",1.30469515362593,0.0970122996514036,4.59578230314867,0.000641552796668722,0.00833307141670104,-0.0781305425882737,25.86,10.79,24.45,23.11,19.2,44.75,32.19,62.58,53.57,30.29
"4243","TRINITY_DN7616_c3_g2",1.54350567509027,-0.446750707606515,4.51394852138895,0.000738285262407612,0.0091364273083513,-0.209517065000373,13,19.39,7,20,10.2,26.3,23.67,36.3,48.49,24.97
"4244","TRINITY_DN7621_c1_g1",1.6293933646669,-1.27639050653127,4.00978139254818,0.00178618680811839,0.0164724052781371,-1.11106200706645,10.22,3.22,9.55,6.31,9.25,26.14,12.06,14.16,23.56,16.13
"4245","TRINITY_DN7628_c1_g1",1.15474017006965,2.15645557836005,4.85673767512401,0.000412395544882955,0.00630207805343785,0.153243422765115,103.72,45.98,102.52,79.11,96.02,267.34,159.09,144.84,170.94,178.45
"4246","TRINITY_DN7632_c0_g1",1.40695411359205,5.6218793627778,10.9555256331622,1.54092254314919e-07,7.30162030102617e-05,7.86953505801132,838.53,829.79,754.96,882.06,827.83,2188.28,1998.68,1656.36,3042.33,2041.21
"4247","TRINITY_DN7635_c0_g1",1.45039219332866,5.13864797523247,3.63825878793705,0.0034861168354246,0.0256394806211074,-2.45518112871019,326.16,815.54,373.05,791.46,835.74,2901.53,2297.91,1190.09,1027.71,1172.57
"4248","TRINITY_DN7639_c0_g2",1.06467051565469,-0.317204205433616,3.72420927660551,0.00298307757859031,0.0231321591473593,-1.48383463383443,12,13.96,27,13,17.96,27.83,25.97,31,28,35
"4249","TRINITY_DN764_c0_g1",-1.40288529103067,4.75887938560018,-6.8157331539834,2.02100680943685e-05,0.000994861036391618,2.9009512817725,1312.06,1295.04,798.82,1392.56,1356.35,656.82,348.04,351,563.58,392.05
"4250","TRINITY_DN764_c1_g1",-3.18388128227183,-0.871009201353867,-3.42409303098925,0.00515269095257644,0.033098346804053,-2.0070890188395,37.27,84.82,57.35,26.36,42.99,22.78,16.72,0,7.81,0.01
"4251","TRINITY_DN7644_c0_g2",2.22795908848707,-0.150008528943469,5.16500265528544,0.000247633394968176,0.00457079850111644,0.759071024886174,20.83,5.26,13.65,11.64,14.65,51.67,41.61,76.76,35.43,62.67
"4252","TRINITY_DN7656_c0_g1",-1.32727175121327,-1.10003355081112,-3.85871148768877,0.00234059604486114,0.0196285002551621,-1.27645166866324,21,24,28,19,17,6,5,6,12,4
"4253","TRINITY_DN7666_c1_g1",-1.14477248177915,1.01430264902,-5.23355355948493,0.000221479483388633,0.00426603851608998,0.890542266611298,100.2,83.01,81.41,51.28,106.18,32.04,23.99,49.44,38.27,33.63
"4254","TRINITY_DN7678_c0_g1",1.0253752219392,0.931576329707071,3.30804252012057,0.0063753154472885,0.0380081652940312,-2.3584335993932,50.99,27.99,31,36.1,45.01,95.59,119.72,57.12,58,51.35
"4255","TRINITY_DN7678_c0_g2",1.38600236290133,-0.335506016995928,3.36048298798468,0.00579002078613866,0.0356911370683983,-2.08110251990613,14.28,8.27,19.69,17.29,14.01,38.55,61.17,25.28,23.81,27.04
"4256","TRINITY_DN76829_c0_g1",-2.28178155730827,-0.469072219705651,-4.66871395133338,0.000566495921432326,0.00770329750303015,-0.0321463555243424,75,35,62,20,51,6,9,4,15,6
"4257","TRINITY_DN769_c1_g1",1.38609842479253,3.08384590966715,6.67117043184476,2.47988452407981e-05,0.00112198507250532,2.87782515809372,121.13,147.58,170.85,212.45,94.89,351.79,377.94,424.67,380.53,323.41
"4258","TRINITY_DN76950_c0_g1",-2.16665927572454,0.935568487737297,-8.03315149843568,4.00041563662704e-06,0.000411128808324482,4.63054453293774,142.63,117.83,109.37,60.21,143.8,21.81,21.74,23.43,31.11,16.35
"4259","TRINITY_DN76975_c0_g1",-1.63266741997427,-0.644884558778191,-4.79425320152125,0.000458041978535992,0.00672004201740561,0.160940663633415,54.91,26.21,32.77,20.91,34.63,10.91,3.68,7.4,14.17,6.82
"4260","TRINITY_DN76998_c0_g1",-1.55914451783245,-0.25272655643631,-4.07442830312445,0.00159223448620216,0.0152949887506456,-0.901433187053489,55,39,32,21,73,9,5,16,17,14
"4261","TRINITY_DN77391_c0_g1",-2.36125365232524,-1.24764811289525,-5.57709034003723,0.000127858400353828,0.00302580340966965,0.595273393325931,33,23,26,27,30,9,1,5,5,2
"4262","TRINITY_DN7746_c0_g1",-1.06242333468693,4.31675670005542,-11.3747281156751,1.02495324211558e-07,6.22933678984877e-05,8.33503052093292,819.15,864.1,803.96,704.42,745.47,399.66,293,402.05,422.27,360.79
"4263","TRINITY_DN77497_c0_g1",-3.57489785070067,-1.48427826929115,-4.31541496147879,0.00104168497375642,0.011472951217345,-1.29879735951602,37,20,43,43,36,0,1,6,2,6
"4264","TRINITY_DN775_c0_g1",1.14747392319498,5.32593827414889,10.6247997939168,2.14547525200648e-07,8.67140366462846e-05,7.54315223994931,600.87,632.42,960.58,701.55,838.9,1669.34,1492.48,1524.48,1892.77,1456.44
"4265","TRINITY_DN77502_c0_g1",-1.35530414681888,-1.04937459639798,-4.03346309517572,0.00171244702642954,0.0160329467147191,-1.00803691488233,31.87,18.11,21.89,16.68,24.72,12.81,3.53,4.14,8.37,6.66
"4266","TRINITY_DN77503_c0_g1",-1.48783374221776,-0.98114312183261,-3.56044549516267,0.00401636911502541,0.0282250760156331,-1.72064612930653,38.27,26.38,22.4,11.65,29.82,3.16,6.44,6.33,12.79,6.47
"4267","TRINITY_DN7764_c0_g2",1.1941177248375,0.442922984556924,4.06365703412678,0.00162297095244905,0.0155062796525046,-0.979456129579738,17.61,26.83,30.39,24.59,33.51,64.98,36.29,58.78,96.63,29.51
"4268","TRINITY_DN7771_c1_g1",-1.34436566459666,-0.707367653490794,-4.48085485874347,0.000781620936794638,0.00950780678631988,-0.285345792983178,40,23,34,20,25,7,11,8,12,7
"4269","TRINITY_DN7773_c2_g1",-1.35919970810342,1.97397827456788,-7.59249212470287,7.04356673863586e-06,0.00053778888282175,4.20390850608235,203.23,167.75,178.42,110.54,213.28,76.33,46.87,58.86,88.29,57.76
"4270","TRINITY_DN77744_c0_g1",-1.67631560962559,-0.361190001201022,-4.37484652762976,0.000939192839495488,0.0107279778070548,-0.426928507790882,51.86,25.96,41.17,40.59,47.36,10.76,3.18,25.15,16.76,4.15
"4271","TRINITY_DN77764_c0_g1",-1.65513559270218,-0.285298145619264,-5.29875024845633,0.000199294689237409,0.00400151890231075,0.960460750596956,45,33,41,31,57,10,13,5,16,15
"4272","TRINITY_DN77839_c0_g1",2.20487354356375,-1.42467981679263,3.92145214931477,0.00209144560260735,0.0182639586126874,-1.37356705187893,12.91,3.85,17.08,1.75,3.04,22.23,20.89,17.27,27.17,15.11
"4273","TRINITY_DN7792_c0_g1",1.24232233790028,2.5778569622127,4.72865813499439,0.000511697738092562,0.00722053316534615,-0.125330343950932,111.07,67.73,149.8,116.96,108.14,293.19,208.35,169.65,477.13,180.87
"4274","TRINITY_DN7792_c5_g1",2.38503767816432,0.264072931711617,4.26268393364591,0.00114236111475213,0.0122513690112515,-0.612077237608088,11,19,6,55,14,95,125,40,63,58
"4275","TRINITY_DN7796_c0_g2",-2.20961657787646,-0.749377404993592,-4.4945397224662,0.000763387579798355,0.00936122493646841,-0.333650722008345,30,45,30,30,39,6,8,11,2,11
"4276","TRINITY_DN7811_c1_g3",-1.04735297621285,0.878091578467873,-4.49074063894268,0.000768404452032113,0.00940436633279124,-0.303251013707984,105.02,82.78,82.32,50.83,54.9,36.61,26.63,36.13,32.44,31.4
"4277","TRINITY_DN7815_c0_g1",2.02064140635003,0.268557822322711,6.26906668313575,4.44569717610653e-05,0.00158781476702898,2.37597890818197,31.26,21.37,11.35,20.84,10.69,78.47,35.4,71.39,83.41,57.37
"4278","TRINITY_DN78190_c0_g1",-3.52061407929022,-0.770318500880961,-4.2095473832678,0.00125407900252919,0.0130482232656716,-0.96971360092362,82.17,34.36,38.89,48.44,88.58,0,7.35,4.05,9.71,6.13
"4279","TRINITY_DN7824_c1_g1",-5.05901238834946,-1.32032808500687,-3.55453097303864,0.00405990254135876,0.0283704143141173,-2.14334988323547,86,106,43,22,115,2,0,2,1,2
"4280","TRINITY_DN78252_c0_g1",-1.7891260631949,-1.50138148820158,-3.2658156459659,0.00688997348242097,0.039985809082629,-2.23657317541158,19.29,10.13,24.15,18.64,29.28,2,2,4,10,3.11
"4281","TRINITY_DN7830_c0_g1",-1.12695116194733,1.65607061572254,-4.68603998114095,0.000550053342374955,0.00757537146835256,-0.0636459783308663,139.72,83.13,147.82,181.78,108.5,50.79,61.3,53.84,73.03,41.81
"4282","TRINITY_DN78300_c0_g1",1.3540603490066,-0.239031023979741,4.85973075662751,0.000410332472533403,0.00627922487396368,0.333029601520551,23,14,13,16,13,24,31,31,53,38
"4283","TRINITY_DN78368_c0_g1",-1.31469302318024,-0.685481893593189,-3.62929881973352,0.00354333466235964,0.0259404358805652,-1.607681160438,40.87,24.22,20.81,21,40.87,7.52,8,12.75,17.54,3.58
"4284","TRINITY_DN7846_c1_g1",-1.23733225042273,0.083965837633764,-4.57579501854621,0.00066388708711347,0.0085268212384609,-0.109232002889579,72.38,46.16,41.15,28.74,47.88,11.65,14.83,16.29,27.43,17
"4285","TRINITY_DN78463_c0_g1",-1.50562916268986,-0.945991133886687,-4.32994824391088,0.00101559196132467,0.0112796305971136,-0.565329330762183,28.95,26.11,31,20.31,20.67,6.46,8.32,3.24,13.01,5.1
"4286","TRINITY_DN7848_c3_g1",1.66055958848046,1.61739336998753,6.58000096243032,2.82544668988451e-05,0.00120956398501994,2.86204815713806,42.99,44.85,56.26,33.43,68.31,107,168.8,192.81,138.44,145.15
"4287","TRINITY_DN78577_c0_g1",-3.2801358207334,-1.1365158171124,-5.50164636483033,0.000144048840445249,0.00325089424843656,0.281482849441105,46.93,37.83,24.98,36.25,53.24,1.05,4.14,3.13,2.09,4.13
"4288","TRINITY_DN78692_c0_g1",-1.62792416272946,-0.137556031309831,-5.45393385129138,0.000155394955431957,0.00342056257570331,1.20360275365206,75,47.56,37.88,34.81,38.9,12.64,7.32,18.1,16.83,8.4
"4289","TRINITY_DN7877_c0_g1",1.36656766876023,0.865383160342316,3.89703538011195,0.00218498727532191,0.0188062812157976,-1.31011306858145,21.98,25,30,81,29,103,42,79,89,82
"4290","TRINITY_DN7887_c0_g1",-1.44034017745889,1.76280284846215,-6.867261045414,1.88009057506767e-05,0.000951914701115422,3.25334795842568,173.06,178.46,158.92,103.56,149.84,61.31,48.92,47.85,45,71.2
"4291","TRINITY_DN7887_c0_g3",-1.2313730028754,2.93005403701756,-3.69616486834217,0.00313846354345193,0.023921535608575,-2.00715431730812,170,298,589,370,297,117,103,218.94,165,92
"4292","TRINITY_DN78881_c0_g1",-1.51632715944617,-0.965535365577995,-3.45882963207865,0.00483525902699676,0.0317042219120943,-1.87660060813881,27.66,14.85,38.16,18.32,27.28,4.07,8.27,12.22,4.38,8.26
"4293","TRINITY_DN79_c0_g1",-1.20992276832487,4.80819951140828,-15.9982234430914,2.30239719119067e-09,5.07582031154333e-06,12.0682359953762,1267.76,1145.31,1225.6,977.7,1206.68,533.24,464.78,521.11,554.21,426.87
"4294","TRINITY_DN79008_c0_g1",-2.20618042779271,-2.07725756274321,-3.14308098584475,0.00863725170644416,0.0461520842236218,-2.59556364246155,22,12,16,13,13,4,6,0,5,1
"4295","TRINITY_DN79115_c0_g1",-3.30940037737101,-1.07288916649285,-4.95280780497124,0.000351293113564749,0.00571890079502183,-0.294407091302334,57,45.25,42,26,53,7,3,5,7,0
"4296","TRINITY_DN7914_c5_g1",1.3669265693985,-0.0314368679258124,3.19487610601278,0.00785103141671874,0.0435102424658712,-2.40591023254405,40.23,5.67,16.43,12.45,34.53,30.2,42.9,43.02,51.58,39.03
"4297","TRINITY_DN7929_c0_g1",2.2752447367033,1.04994108318052,3.91304821372437,0.00212316617230134,0.0184425036383034,-1.2835267010162,51.99,19.88,27.53,27.53,19.88,223.3,58.11,99.46,360.95,47.41
"4298","TRINITY_DN79325_c0_g1",-2.96302661413622,-2.60060768028864,-4.27026194695765,0.00112729190222226,0.0121452512380483,-1.47617252259985,18,10,13,15,13,1,0,4,3,0
"4299","TRINITY_DN7935_c2_g1",-2.62726335654537,1.19644411320752,-8.00945428225593,4.12165724740867e-06,0.000414979913558325,4.62855547815613,163.66,140.99,187.16,80.32,237.61,25.02,21.06,17.02,23.9,30.6
"4300","TRINITY_DN79399_c0_g1",1.69653601432666,-1.04441802304263,4.44993109962746,0.000824515623059428,0.00984842583729946,-0.428201461550122,12.01,8.01,3,7.8,13.03,21,20.01,24.04,29,15.01
"4301","TRINITY_DN794_c0_g1",-1.04109139668575,1.50128982662942,-4.54607943423832,0.000698604737154235,0.00882841825205863,-0.281459844637608,137.63,77.76,112.7,117.45,120.76,89.17,33,36,63.39,49.29
"4302","TRINITY_DN7941_c1_g3",1.02463176662687,0.192642177584337,4.42288221034542,0.000864047114011017,0.010156581132194,-0.363388897255875,25.24,29.3,17.78,13.71,33.58,41.78,37,37.55,52.8,41.4
"4303","TRINITY_DN7941_c3_g1",-2.05846334435966,-0.64131401116258,-3.97542809021847,0.00189903817009611,0.0171762924917013,-1.06957245302633,31.11,23.31,31.67,32.56,73.22,9.21,7.82,6.51,3.26,13.91
"4304","TRINITY_DN79411_c0_g1",-1.50614102916943,-0.204673589948871,-3.1733990064573,0.00816788829241419,0.0446196865144168,-2.40193989187408,62.19,51.37,40,37,28,13.12,18,11,36,2
"4305","TRINITY_DN79460_c0_g1",-1.63629816213963,-1.78645090941882,-3.14458616485787,0.00861332095379781,0.0460678343000211,-2.44414498599265,11,13,19,11,23,3,5,3,4,2
"4306","TRINITY_DN7950_c1_g1",1.68619547802867,-1.05918887532622,5.0997859792037,0.000275544982567545,0.00488551249582913,0.429877936830519,13.19,7.81,6.43,6.67,7.32,20.91,23.07,22.97,23.55,17.11
"4307","TRINITY_DN7951_c2_g1",-1.1639916602048,5.03582565771669,-7.53139555340713,7.63192510810471e-06,0.000564653300548858,3.87898888639281,1294.18,1198.46,1955.99,969.01,1475.01,596,399,612,796,612.27
"4308","TRINITY_DN7955_c0_g1",-1.82558448206746,0.515941771991904,-7.6686276505374,6.37740415472476e-06,0.000509003340350708,4.14817932448448,74.74,79.34,80.42,50.73,93.01,22.63,9.94,14.49,28.75,22.34
"4309","TRINITY_DN79620_c0_g1",-3.51373441341706,-1.9502112474049,-5.10315825730219,0.000274023463382265,0.00487311832381644,-0.677609213843716,22,40,23,22,22,1,1,2,1,1
"4310","TRINITY_DN7964_c1_g1",-1.35713027068198,3.33970955337279,-7.08710609836369,1.38649557375396e-05,0.000798893764732215,3.44292857737695,507.37,478.22,398.24,313.43,541.16,173.5,95.77,167.08,224.84,224.33
"4311","TRINITY_DN79640_c0_g1",1.18331750720666,-0.644561288577013,3.56515728612054,0.00398202985781267,0.0280345379827451,-1.71791067541266,21.1,11.75,12.44,8.71,11.02,19.24,14.06,39.92,35.84,19.14
"4312","TRINITY_DN7968_c2_g1",-1.22283976720081,4.20205274416993,-12.2288236656032,4.6389939736305e-08,3.66229273356233e-05,9.12514942143196,868.59,711.19,882.7,582.79,826.91,332.31,260.36,322.88,401.74,326.55
"4313","TRINITY_DN7968_c4_g1",1.19766159527178,-0.272810629574738,3.24804132611901,0.00711899864552995,0.0407585982219725,-2.28695211355009,17.69,15.63,22.87,12.44,12.14,21.92,40.13,17.59,46.63,45.88
"4314","TRINITY_DN79686_c0_g1",-1.558873960287,-1.56045399746195,-3.38391475317743,0.00554641851291428,0.0347180325335927,-2.05692517008632,22,13.1,24.54,10,16.34,5,7,3,4,3
"4315","TRINITY_DN79809_c0_g1",-4.88342508325362,-3.21131115719211,-6.13864306793891,5.397675150961e-05,0.00178052077583225,0.0421825506301987,20,11,19,31,12,0,0,0,0,0
"4316","TRINITY_DN7983_c2_g1",-1.96470829039926,0.375198475231024,-7.23821902058294,1.12861384734449e-05,0.000709084776923702,3.60661028496783,98.05,73.97,62.5,55.67,70.57,19.05,15.43,22.61,21.06,6.15
"4317","TRINITY_DN79955_c0_g1",-4.38393351337017,-2.28879400092985,-5.90540384632055,7.68143501279052e-05,0.00220468258457732,-0.0678692260875993,27,31,24,17,38,3,0,0,4,0
"4318","TRINITY_DN7999_c0_g2",1.24064183371581,0.205377459616695,3.89293172757782,0.00220112713936264,0.0189032603830654,-1.24470168900159,14,30,31,17,20,43,48,60,35,48
"4319","TRINITY_DN80008_c0_g1",-3.75575926800681,-2.83619358568204,-5.26358924777927,0.00021095221265221,0.00413392242252019,-0.600421771672362,26.11,14.63,11.37,13.63,12.5,2.08,0,1.05,0,0
"4320","TRINITY_DN8002_c0_g1",-1.32031350271875,4.94416860853053,-7.94892670206954,4.44955293585037e-06,0.000429551398040398,4.44872322010109,1093,1213,1445,1394,1534,524,656,644,490,374
"4321","TRINITY_DN80028_c0_g1",-1.8511353802021,-1.16671733271766,-3.76338753376771,0.00277911796972021,0.0220369752331224,-1.46557922511319,43,22,24,14,26,2,2,4,13,9
"4322","TRINITY_DN8005_c1_g1",-1.28130565422346,4.96414609084338,-8.31783512748822,2.80830441595911e-06,0.000335217747489983,4.92265937378012,1398.43,940.54,1683.6,1319.55,1429.92,506.47,354.58,564.42,835.94,529.24
"4323","TRINITY_DN8009_c0_g1",1.18088621576987,4.51118810598087,3.29948412684423,0.00647638090774114,0.0384005032445433,-3.00431408315468,332.74,578.4,518.95,535.29,227.75,1887.14,474.66,1008.08,1211.53,576.48
"4324","TRINITY_DN80139_c0_g1",-1.18137874813488,-0.411650606394363,-3.52060352184531,0.00431910530971333,0.0294684703226144,-1.8100711643579,47.31,25.1,27.23,19.13,47.21,9.05,15.04,16.09,10.04,11.1
"4325","TRINITY_DN80191_c0_g1",-1.99208909118904,-0.0545967827676347,-8.01826288780972,4.07613668716809e-06,0.000412564830054764,4.27039561648985,70.24,53.39,48.81,39.91,60.53,8.92,7.79,14.83,17.8,9.57
"4326","TRINITY_DN8021_c0_g1",1.05156845540857,0.787556734988694,3.93723484201351,0.00203318858400686,0.0179195279489822,-1.23544526200503,32.03,30.06,29.97,57.57,27.71,76.58,56.2,76.15,54.27,64.5
"4327","TRINITY_DN8022_c5_g1",-1.38399154653605,-0.381415201697248,-3.72810096970607,0.00296214745764926,0.0230099288306995,-1.462683944362,51.69,28.02,32.95,32.52,32.82,7.67,20.99,4.51,23.54,9.75
"4328","TRINITY_DN80285_c0_g1",2.46687527717586,-1.69882038849236,4.20186867826091,0.00127113767888095,0.0131563448999287,-1.22475680215319,6,10,3,2,3,12,19,15,29,17
"4329","TRINITY_DN8053_c8_g1",1.33878272829605,-0.553137433912754,4.08035497962179,0.00157557994929813,0.0151867313311696,-0.889060959978742,12.63,12.17,16.6,8.28,13.81,27.76,26.13,15.86,34.75,38.1
"4330","TRINITY_DN806_c0_g1",-2.16015692426498,1.11373557953929,-5.83662917079821,8.53598738259429e-05,0.00233009182404203,1.81009984702636,171.66,132.94,68.09,130.69,137.49,17.95,29.34,24.24,20,45.3
"4331","TRINITY_DN8073_c0_g1",-1.42989065728142,5.35297453530126,-6.35230385883822,3.93266768937635e-05,0.00148128892081522,2.15004385813185,2422.37,2333.14,1384.51,1547.78,1770.71,601.49,490.85,779.07,1261.82,445.19
"4332","TRINITY_DN8073_c1_g1",1.14279670977107,-0.53031528940154,3.84974769214466,0.00237861261231577,0.0198374310488901,-1.26115995414292,23,17.03,8,11,13.02,24.06,17,29.71,31,28.18
"4333","TRINITY_DN8078_c2_g1",1.21688098044158,4.74604942668659,6.88920484827941,1.82329352811555e-05,0.00094227411516323,3.00239480520179,339.87,420.16,701.84,432.1,576.98,1079.59,1177.6,1327.79,1078.26,889.91
"4334","TRINITY_DN80831_c0_g1",-1.21639084651639,-0.705040919965382,-3.89343016842105,0.0021991602068246,0.0188889816906642,-1.18670610356065,29,23,24,34,23,10,12,9,8,9
"4335","TRINITY_DN8087_c3_g1",1.17792517940535,2.17991078114697,7.28818991939184,1.05502366069715e-05,0.000681472827410143,3.80317035989529,81.09,85.13,85.99,72.58,87.98,176.14,198.59,205.4,167.86,180.77
"4336","TRINITY_DN809_c5_g1",-3.89435578942378,-1.73874217908992,-3.2009810470875,0.0077632481801746,0.0431845028708807,-2.55258216125455,61.55,49.03,13.01,18,48.9,4,1,1,3,0
"4337","TRINITY_DN8090_c0_g4",-1.05934366900689,1.80504064513899,-4.17158963476837,0.00134078614599955,0.0136282887222492,-0.969296537637841,195,114,150,95,158,60,43,67,143,38
"4338","TRINITY_DN8092_c0_g1",1.00502381225907,2.09701301290748,4.47618504613657,0.000787946338511019,0.00957162055121977,-0.489530476085332,60.01,117.03,65.12,96.01,92.01,191.07,180.31,152.03,164.14,131.93
"4339","TRINITY_DN810_c4_g1",-1.08542721116839,2.11088539923444,-7.45171766965066,8.47936452713145e-06,0.000595798881904496,4.02026189793965,210.26,158.34,152.28,170.4,168.56,82.7,53.06,86.64,107.42,68.32
"4340","TRINITY_DN8100_c1_g1",-2.27446640803309,0.0698063929060217,-3.51440248761502,0.00436827706741839,0.0296767462715256,-1.82885978430553,65.94,54.63,74.47,48.32,96.55,1.04,1.65,25.05,50.79,26.55
"4341","TRINITY_DN81169_c0_g1",1.03912072728523,-0.802156455925451,3.33752888969051,0.00603919416524572,0.0367598488540363,-2.08112240751576,11.65,19.05,8.17,8.73,14.44,27.78,15.92,22.77,23.51,13.22
"4342","TRINITY_DN813_c1_g1",1.73005154689214,-0.897862255966104,4.70646099489461,0.000531312582034173,0.00739809269115955,-0.0278128185048212,6.69,5.49,10.99,13,12,28.85,16.99,18.99,31.28,27.99
"4343","TRINITY_DN813_c3_g1",-1.37211602756592,0.228455020990403,-4.68710167235838,0.000549062161907017,0.00756879720124033,0.0643850124995389,66.83,65.95,50.78,27.86,61,14.97,21,12,29,17
"4344","TRINITY_DN81314_c0_g1",-3.45003658915022,-0.451601785920236,-6.61226692115476,2.69762404552668e-05,0.00117924165494383,1.94319151648064,116.93,47.76,73.73,49.53,68.41,6.19,2.02,3.02,9.37,3.13
"4345","TRINITY_DN81341_c0_g1",-1.87050076229986,-1.50694114121174,-3.94560581022095,0.00200297192369844,0.0177770201875403,-1.32884894149828,23.21,19,14,14.43,30.51,6,2,2,7,3
"4346","TRINITY_DN8153_c0_g1",1.09071315010002,2.9591405200639,6.72904802084631,2.28407978130329e-05,0.00106522891318272,2.96976079763513,220.96,125.25,111.64,148.18,136.15,302.74,283.22,310.27,334.67,307.18
"4347","TRINITY_DN81553_c0_g1",-2.56945878689312,-2.00282878169891,-4.24536464719095,0.00117759228442406,0.0125253364399141,-1.42137414823837,24,15,17,15,18,2,0,3,3,4
"4348","TRINITY_DN81607_c0_g1",-1.8283990622547,0.0148536715049458,-5.34157891167272,0.000186005426793252,0.00382214942878087,1.05352784942583,50.62,64.38,73.13,31.91,58.28,20.56,3.01,12.03,19.09,15.9
"4349","TRINITY_DN8161_c0_g1",-1.36029596341546,-1.02007388763931,-3.74162437089983,0.00289058158571121,0.0226524379941217,-1.44160628199653,18.86,22.29,30.67,14.51,29.76,6.23,4.09,5.28,8.16,11.34
"4350","TRINITY_DN8162_c0_g1",1.03778036966305,2.68862361824448,7.77022147828764,5.59148835540719e-06,0.000481571740688208,4.40570178730053,162.55,101.06,111.72,113.79,133.28,227.89,209.55,287.28,323.29,215.8
"4351","TRINITY_DN8171_c2_g1",1.6486303912577,0.526153830636472,5.43751696343441,0.000159513966858416,0.0034669712810817,1.22067994908753,29.07,14.15,24.85,26.34,25.85,65.61,30.54,90.53,93.75,74.06
"4352","TRINITY_DN8192_c1_g2",-1.7029061432023,0.0042134530757313,-4.95321355000613,0.000351056216817336,0.00571864893595462,0.479451219375247,46,49,75,47,44,7,5,18,24,21
"4353","TRINITY_DN8196_c1_g2",-1.04433786264082,0.829425307591082,-3.48125288351976,0.00464099742980697,0.0308976188699721,-2.03546459715309,111.42,70.32,49.42,39.34,105.29,32.07,29.43,25.09,36.25,35.22
"4354","TRINITY_DN8196_c1_g3",-1.27117507053241,0.674545127272726,-3.97451443723848,0.00190213817699138,0.0171892635320673,-1.15210514834399,112.63,60.9,71.88,34.99,87,27,12.93,24.83,53.97,21.8
"4355","TRINITY_DN8197_c1_g1",-1.11707108727679,3.77680155312992,-6.98662391335988,1.59234524794401e-05,0.000872402814835625,3.24839338195825,663.74,596,588.01,343.88,595.32,245.48,232.1,275.06,248.89,265.19
"4356","TRINITY_DN8206_c0_g1",1.26074275319915,1.20980301963738,6.68985691477502,2.41478173370134e-05,0.00110623735304632,3.01442362178788,34.03,35.11,42.17,49.17,53.33,93,94.52,99.18,102.24,85.42
"4357","TRINITY_DN82203_c0_g1",1.54638393483758,0.205690179495305,6.30836223480751,4.19516282678605e-05,0.00153021524632715,2.43386686308333,20.45,18.8,16.13,14.05,31.31,50.9,34.71,55.9,84.4,39.7
"4358","TRINITY_DN8251_c0_g1",1.78679916483094,4.67327031741357,7.22709461720011,1.14573076031861e-05,0.000717659850817533,3.50343507515686,310.55,416.91,717.67,231.67,332.52,1213.66,835.73,1125.28,1920.59,1519.95
"4359","TRINITY_DN8256_c1_g2",1.32101909974194,-0.577470205045458,3.95516403876675,0.00196903574934828,0.0175814046468707,-1.08830043443161,12.93,6,16.5,12.89,18.85,35.46,22.78,22.23,39.58,18.22
"4360","TRINITY_DN8258_c0_g1",-1.62394509722495,1.67917674543987,-10.6029391002555,2.19358635428451e-07,8.67140366462846e-05,7.40030620966033,159.07,140.86,143.92,155.26,166.46,57.98,39.96,55.2,54.69,32.46
"4361","TRINITY_DN8271_c0_g1",-1.95037813761653,1.82985911320856,-7.5086291623524,7.86441724266373e-06,0.000573605881186301,4.09532417048841,229.47,138.16,163.54,156.23,302.98,48.2,38.35,53,76.21,28.36
"4362","TRINITY_DN8272_c1_g1",-1.01843575518315,0.081050155593841,-3.41572173486259,0.00523231223500225,0.0333754785926639,-2.04827503437459,77.27,35.1,47.09,35.25,29.05,15,13,23,25,17.05
"4363","TRINITY_DN8279_c3_g1",1.04810436311433,1.73580775746141,3.21300929910146,0.007593181436094,0.0425548289335882,-2.66946849467274,37,96,102.89,41.01,73,79,154.74,122.5,184.18,125.77
"4364","TRINITY_DN8286_c0_g1",1.15444629527222,0.963530770776548,5.92969583578745,7.40167092376449e-05,0.00215648528966396,1.945429678994,37.26,34.67,35.3,31.31,47.4,111.41,64.16,65.95,95.19,57.16
"4365","TRINITY_DN8293_c0_g1",2.84590553980843,1.58345068902014,4.44524033384006,0.000831233574432173,0.00989794607698115,-0.41494877064349,58.75,38.77,31.84,23.33,18.72,802.58,124.99,186.02,175.18,139.01
"4366","TRINITY_DN8298_c0_g1",1.55539272551589,2.73560595937216,8.71811501890003,1.73295108088086e-06,0.000255548543816288,5.56640890104639,108,109,92,92,132,280,293.99,318.97,285,377.97
"4367","TRINITY_DN83_c3_g1",-1.05126988623865,2.79528782660838,-6.5212536777434,3.07502205155298e-05,0.00127849242349699,2.68771961146441,251.22,270.71,325.78,306.62,212.8,147.34,102.31,147.01,129.57,122.41
"4368","TRINITY_DN8300_c0_g1",2.99714260760618,0.854760274911453,5.41850124940692,0.000164429504319673,0.00353533398726386,1.19212625643022,38.39,15.19,32.28,9.07,12.78,179.27,73.67,85.42,380.02,104.43
"4369","TRINITY_DN8305_c0_g2",1.13064538074265,0.868044191471874,5.8753866366903,8.04269861789218e-05,0.00225639937711539,1.86713015318236,35,28,36,44,35,82,48,72,97,62
"4370","TRINITY_DN833_c0_g1",-1.23235657470789,2.87679628083474,-10.3823516671999,2.74957112928146e-07,9.7287721668544e-05,7.36218305744996,336.49,281.45,332.68,258.65,320.78,134.99,90.98,117.52,159.97,148.05
"4371","TRINITY_DN833_c0_g2",-1.16011783249871,-0.400145666254799,-3.66010456311678,0.00335054418310099,0.024936336435904,-1.57912928121697,37.2,22.49,39.65,36.74,26.8,14.66,9.25,17.61,8.64,12.68
"4372","TRINITY_DN8341_c4_g1",-1.19824628654921,1.86711428919464,-4.30969451664951,0.00105214580973752,0.0115410671485504,-0.734619407345564,186.05,175.3,166.8,149.06,99.56,59.47,31.18,108.64,100.08,44.45
"4373","TRINITY_DN83424_c0_g1",-2.29328725918734,-1.83915141309809,-3.17883235891008,0.00808652999854437,0.0443193916271167,-2.48325584290309,29,18,21,10,15,0,3,3,6,5
"4374","TRINITY_DN8345_c0_g1",-2.12819181749944,1.25016782368474,-5.16327005459199,0.00024833511101332,0.00458091950305857,0.777792462626778,156.34,106.61,109.42,167.26,152.98,20.92,22.39,8.71,80.78,53.74
"4375","TRINITY_DN836_c2_g2",1.1014746423114,1.25241195904285,3.99255799089261,0.00184187309445447,0.0168083517194966,-1.20068281651523,51.3,40.43,54.45,39.95,41.08,116.23,100.22,104.01,58.35,100.47
"4376","TRINITY_DN836_c33_g2",1.41283897336311,3.20873382886224,6.58626103342209,2.80015214454618e-05,0.00120288335100733,2.74078815003335,144.01,185.23,179.97,131.16,141.08,447.78,256.78,309.52,688.47,437.53
"4377","TRINITY_DN8371_c0_g2",-2.39413970455337,0.103021274589089,-5.85374093585075,8.31435659370184e-05,0.00229676003758739,1.74748714739336,44.4,88.86,88.91,57.6,81.02,6,6.13,20.33,21.47,7
"4378","TRINITY_DN83784_c0_g1",1.14829316040411,1.43798808145869,3.52942233772642,0.00425014677510095,0.0291743460043809,-2.04818111081754,45.34,71.3,62.96,60.76,29.6,190.32,64.68,132.61,119.75,67.62
"4379","TRINITY_DN83786_c0_g1",-2.76490745474587,-2.17993806690077,-3.63008056068247,0.0035383044400519,0.0259158359659919,-2.10065722976447,11.34,18.95,23,11.79,22.22,1.23,1.76,3,0,1.76
"4380","TRINITY_DN83833_c0_g1",2.78565589060384,-2.14034074897768,4.02768012244186,0.00173015846588534,0.0161330714453006,-1.68986092355846,2,2,7,4,3,13,11,24.12,16.11,10
"4381","TRINITY_DN8385_c0_g1",3.10805875290483,3.35617696881842,11.156815212722,1.26489911800833e-07,6.82759546532601e-05,8.10710753217645,75,91,96,140,90,1110,938,843,681,567
"4382","TRINITY_DN840_c0_g1",-1.41435180103127,6.13764949735377,-3.19868218026138,0.0077961868201221,0.0433095132157025,-3.36909217084075,3737.29,2616.32,3367.91,2632.1,3739.95,1524.15,219.2,1233.43,2583.74,1817.05
"4383","TRINITY_DN840_c1_g1",-1.04828693211869,7.26918453447372,-3.60800071238003,0.0036832342492674,0.0266323982097187,-2.71086938468222,6322.56,4822.2,6010.55,5239.73,7776.93,3933.68,963.91,3259.5,4026.98,3766.15
"4384","TRINITY_DN8406_c0_g1",-2.87801534759681,-0.700540081611076,-4.28722405658543,0.00109430590753429,0.0118713640168269,-0.728950936485454,29.24,64.17,46.13,29.95,92.78,4.13,2.07,4.14,11.14,3.11
"4385","TRINITY_DN841_c3_g3",1.08956333554887,0.659894056314521,3.82972789697012,0.00246583245854321,0.0203029690982373,-1.40468705723051,27.88,28.69,39.03,23.35,37.01,33.11,58.03,88.83,77.92,58.96
"4386","TRINITY_DN841_c4_g2",-2.13460832146844,-1.23508921330757,-3.77791558663682,0.00270717709246337,0.0216497437306843,-1.49416169727208,36.01,26.56,14.6,30.66,25.36,6,5.53,1,9,3
"4387","TRINITY_DN8410_c3_g1",1.49384743986685,0.622061449683447,5.7181908754116,0.000102522824699357,0.00261462687772715,1.63684333894665,41.74,14.13,26.51,20.56,35.4,87.09,72.81,59.22,75.61,51.44
"4388","TRINITY_DN8414_c1_g2",-2.57964607151202,-1.04769664587494,-5.47335826596979,0.000150665908080799,0.0033413489025393,0.603660911152403,43.08,28.44,35.3,20,46.12,3.19,2,2,7.89,7.46
"4389","TRINITY_DN843_c0_g1",-1.35114787206636,1.178200254052,-5.94676165536136,7.21159899337814e-05,0.00212359011344855,1.96698209422796,138.68,97.57,93.73,59.26,117.59,38.21,36.1,41.29,34.38,32.12
"4390","TRINITY_DN84363_c0_g1",-1.13662820913003,1.03215748278931,-5.39397198741924,0.000171007552890422,0.00361920314971704,1.13939081660845,117.41,77.24,83.6,56.19,93.31,34.49,20.84,41.6,53.55,31.43
"4391","TRINITY_DN8437_c0_g1",1.53752128834626,3.5069963165573,6.5927865806523,2.77404129159822e-05,0.00119593659058561,2.71785845460187,116.62,215.86,214.65,185.91,203.6,601.13,427.93,503.05,877.33,326.09
"4392","TRINITY_DN8437_c1_g1",-1.29687342270056,6.5113657210058,-16.6835753758429,1.43067404221703e-09,4.80063945104407e-06,12.5713751275688,3889.96,3484.33,4607.87,3592.48,4128.03,1724.79,1513.49,1607.56,1681.5,1320.5
"4393","TRINITY_DN8437_c1_g2",-1.31461623744086,3.7569480576863,-9.99433015381071,4.13095335149059e-07,0.000124478057446809,6.95959638704826,667.33,406.93,637.11,543.6,688.27,237.31,202.48,220.55,266,237.82
"4394","TRINITY_DN8437_c1_g3",-1.4930440172303,6.15788308436379,-16.4414686535726,1.68899662997598e-09,4.80063945104407e-06,12.4049175288929,3311,2670,3757,3168,3562,1188,1209,1127,1267,953
"4395","TRINITY_DN8464_c1_g1",1.65100051216781,-0.299184059272547,3.5106438009343,0.00439835968384853,0.0298191108579307,-1.8249936434713,22.55,6,8.06,12.95,30.06,26.86,33.66,21.55,66.26,51.99
"4396","TRINITY_DN8487_c1_g1",-3.09962879423484,-2.16506221022351,-4.32071697595871,0.00103208588514606,0.0114036488491557,-1.39292654491585,31.45,15.19,22.29,11.21,18.32,1.01,1.02,3.05,0,1.01
"4397","TRINITY_DN8498_c2_g1",1.07892984651431,-0.514801356987069,3.15979205755561,0.00837527680705852,0.0452981556610047,-2.40599196514045,12.88,7.33,16.53,13.71,26.79,30.03,13.77,32.66,33.44,22.13
"4398","TRINITY_DN8501_c2_g1",-2.80189243643792,-2.50837188072638,-4.54315557358803,0.000702121737521886,0.00885303772799787,-1.22269250556023,15.12,16.97,12.07,9.46,15,1.01,1,2.02,2,0
"4399","TRINITY_DN8503_c0_g1",-2.62007827877296,0.182857063206028,-4.27400956910944,0.00111991606982579,0.0120942362766817,-0.583566519051892,193.45,38.28,63.64,47.7,98.98,13.62,8,10.54,5.71,27.17
"4400","TRINITY_DN85066_c0_g1",-1.95584034535331,-1.85989799505577,-3.80113301529901,0.00259615798444441,0.0210246458873323,-1.6782076359339,22.56,12.65,20.16,10.55,14.49,4.18,2.22,1.12,3.3,2.17
"4401","TRINITY_DN8513_c0_g1",-1.00855362712447,2.05329137135799,-5.7824837033676,9.27945935332606e-05,0.00244799472969979,1.65658770357614,207,149,131,132,194,74,61,66,115,78
"4402","TRINITY_DN8521_c3_g1",-1.84767633457198,-1.55928088587761,-4.02130166630626,0.00174991354439999,0.0162586638759295,-1.25041129996122,22.01,18.47,18.51,12.76,23.03,1,2,4.47,9,4
"4403","TRINITY_DN8540_c0_g1",1.9570364771812,2.98882530915044,12.8825779122705,2.6100884583978e-08,2.41818852188933e-05,9.58382499168045,111,122,79,113,136,416,325,436,567,391
"4404","TRINITY_DN8544_c4_g2",-1.61793958199053,-0.62291171862832,-3.54922900791317,0.00409933701451009,0.0285239598518887,-1.73522599056169,55,17,47,35,23,11,6,5,14,8
"4405","TRINITY_DN8548_c5_g1",-1.80065325036887,-0.728413149888888,-4.47224092093099,0.000793330354959964,0.00961632268185604,-0.333699335875674,24.87,32.38,41.98,29.56,33.41,6.38,6.43,2.24,13.94,12.05
"4406","TRINITY_DN8553_c0_g2",-3.37116564907153,-2.21169449314143,-3.38718742841625,0.00551323361818947,0.0345790101662618,-2.35579024694853,15.78,34.89,15.37,23.88,16.23,9.99,0,8.5,0,0
"4407","TRINITY_DN856_c2_g1",-1.4768325973291,1.15772137323778,-7.43112777517364,8.71433737387912e-06,0.000605071340208247,3.96936719568312,89.42,117.69,95.12,95,116.95,26.77,33.37,29,52.56,31.7
"4408","TRINITY_DN8565_c1_g1",-1.40166757645937,1.62811222052293,-5.45161777783576,0.000155969192582254,0.00342591353869457,1.18980362475402,165.75,149.67,105.26,157.13,121.25,60.32,53.74,42.71,82.23,23.51
"4409","TRINITY_DN8567_c0_g2",-3.64743378034193,-0.824216080498194,-4.38692160754415,0.000919684288347329,0.010575858190973,-0.813694794804718,78.06,53.15,52.06,21.34,101.03,3.21,2.12,2.07,4.15,3.1
"4410","TRINITY_DN8572_c0_g3",1.44544559706357,0.731755535573006,6.11333188487125,5.60631917226872e-05,0.00182512619286379,2.20629434240679,40.34,34,26.69,28.25,18.81,83.28,61.27,53.33,102,66.62
"4411","TRINITY_DN8588_c0_g1",1.13306894256658,4.23722598678456,4.10467102380041,0.00150911521493702,0.0147708637420373,-1.49218024144894,245.86,247.22,373.84,581.14,384.83,939.91,374.26,1020.08,955.1,661.27
"4412","TRINITY_DN85892_c0_g1",-3.42694064688277,-2.36272338789771,-4.12855307610041,0.00144666007337811,0.0143679963831797,-1.5808996170728,13.75,17.02,22.04,17.02,23.06,6.06,0,6.94,0,0
"4413","TRINITY_DN8606_c0_g4",-1.26913072015537,3.29471131384567,-6.48094175299272,3.25978611790632e-05,0.00132294321384405,2.57637273627916,402.56,410.64,419.68,415.39,437.22,159.4,100.77,130.69,350.35,178.98
"4414","TRINITY_DN8607_c0_g1",4.76237587366018,-1.48493025087034,4.93000541501004,0.000364879902860949,0.00584353846496145,-0.789603238436849,1,3,2,6,2,70,24,30,85,55
"4415","TRINITY_DN86089_c0_g1",-1.4427568690299,0.342725738046395,-4.81270820623596,0.000444033486647409,0.0066145751500243,0.260601655340809,77.67,48.09,51.22,45.95,75.34,10.21,20.15,19.18,42.86,13.02
"4416","TRINITY_DN8611_c0_g2",-2.76108532502256,0.824165696845242,-3.53137990113392,0.0042349926976227,0.029092843814988,-1.88627575227273,39.7,235.09,161.95,229.85,115.32,31.65,7.53,6.2,50.38,11.1
"4417","TRINITY_DN8636_c1_g2",-3.37991729056323,1.34365679681499,-9.59565683248895,6.36118957114732e-07,0.000151014246560379,6.23661159919502,345.14,231.14,205.75,133.09,253.35,17.18,9.62,19.46,44.69,16.38
"4418","TRINITY_DN865_c0_g1",1.90392791978583,-0.665240247621719,3.09847118404691,0.00937771242973774,0.0488103405470015,-2.45252519994831,20.65,3.99,6.42,6.71,24.02,49.92,9,53.14,35.07,32.01
"4419","TRINITY_DN8651_c0_g1",1.11765471336476,1.51152300262952,4.73565204909252,0.000505675695532789,0.00717833185964241,0.035228920628426,70,34,57,43,77,134.34,95,78,180,96
"4420","TRINITY_DN8651_c1_g1",-1.2604985146526,3.06514218997199,-3.27174661000023,0.00681522231599722,0.0397004607773284,-2.80363341006889,500.3,262.58,418.01,411.32,251.59,141.25,185.18,75.97,442.06,65.89
"4421","TRINITY_DN86539_c0_g1",-1.26879711042731,-0.329878930500202,-3.83354001847986,0.00244897401670737,0.0202258665664041,-1.29514476204027,27.2,50.82,29.87,22.4,54.12,10.36,11.36,12.76,16.39,10.62
"4422","TRINITY_DN8676_c0_g1",1.20414519545617,1.27881076442383,7.02817543125164,1.5035208961306e-05,0.000848628034602819,3.46691896486178,54.28,46.32,55.55,32.46,38.66,102.93,73.79,106.02,107.15,104.09
"4423","TRINITY_DN8677_c0_g3",-3.08798284063804,1.09073200897607,-14.596986552643,6.47429616534037e-09,1.14824417190668e-05,9.6377315406364,178.41,132.17,193.03,188.43,160.2,20.25,10.15,19.15,24,17.37
"4424","TRINITY_DN8688_c1_g1",1.04321987157073,0.882423125351595,3.26222801353546,0.00693559253204979,0.0401417222223271,-2.43127031210857,30.77,53.16,34.49,38.95,27.91,80.74,76.3,48.53,53.63,102.25
"4425","TRINITY_DN8693_c2_g1",-4.89854208362166,1.35843922256211,-3.77403793772332,0.00272618933243255,0.0217485511658422,-1.4357456435197,369.21,369.96,376.08,326.32,318.73,405.94,248.98,15.27,0,0
"4426","TRINITY_DN8719_c0_g1",1.76466246890758,2.76312573797665,7.95712439744931,4.4035537272923e-06,0.000429551398040398,4.64570157851252,88,104.29,128.78,146.98,63,404.56,292.93,306.68,340.24,352.75
"4427","TRINITY_DN8722_c0_g3",-1.03236868051082,1.14724516472662,-5.09733484683911,0.00027665647008445,0.00490192574574444,0.663980650839371,101.46,94,75,62,106,35.46,49,38,40,38
"4428","TRINITY_DN8765_c0_g3",2.1749946831874,-0.821620229637447,4.00896147521122,0.00178879788686487,0.0164842399093305,-1.05366386006555,13.46,19.13,7,2,7.96,46.81,11.61,36.54,38.92,31.98
"4429","TRINITY_DN8770_c1_g1",1.36281248967455,-0.503285128525363,3.67903246704972,0.00323745209961281,0.0243885438873016,-1.53703113008076,13.25,14.88,11.21,8,18.37,45.44,22.78,15.7,29.39,40.07
"4430","TRINITY_DN8784_c0_g1",-1.40446015237176,3.3069275694607,-8.38652295120804,2.58192691330514e-06,0.00032555318070071,5.14587931946546,370.26,453.69,523.11,315.76,559.75,208.75,122.45,149.77,182.42,168.78
"4431","TRINITY_DN8804_c0_g1",-1.57619847950554,4.11450514277071,-7.35489182268951,9.64678231337205e-06,0.000648769626565825,3.7370591019957,814.08,697.03,1331.71,677.6,724.55,353.7,178.02,198.56,436.98,258.01
"4432","TRINITY_DN881_c1_g2",1.1861997113092,-0.199504647190588,3.4176637041315,0.00521373092182123,0.0333238231587041,-2.00953549113858,9.22,15.96,16.32,19.64,27.82,31.92,40.73,31.09,28.13,36.73
"4433","TRINITY_DN8830_c0_g1",-1.31084636883842,5.72581416646593,-18.7813375639812,3.70435533600992e-10,3.83240255212467e-06,13.8621781994767,2523.85,2066.11,2436.25,2034.1,2349.53,970.15,803.87,951.42,1101.13,730.56
"4434","TRINITY_DN8831_c0_g1",1.74123115231914,0.496341078591367,3.76073630840992,0.00279245702097865,0.0220926557634755,-1.49158743903619,40.16,23.02,46.67,4.69,23.93,69.38,56.55,118.72,82.66,38.56
"4435","TRINITY_DN8838_c0_g1",-1.22516891275052,4.0603713359978,-3.62340206381351,0.00358151486789004,0.0261305775633999,-2.3356713097413,1440.81,929.34,425.55,578.36,476.9,342.09,232.37,397.47,264.87,266.61
"4436","TRINITY_DN8838_c0_g2",-1.17454479756311,2.9039896239107,-3.42642762976935,0.00513070667047965,0.0330155013245209,-2.49610170346637,491.95,531.96,241.44,176.02,223.46,106.87,141.61,194.22,121.13,122.33
"4437","TRINITY_DN8838_c1_g1",-1.18895529106707,4.02226283233917,-3.55563447648959,0.00405174385000928,0.0283504711938729,-2.45511870351333,1254.52,1106.24,463.2,435.15,460.08,248.54,269.72,364.76,314.04,271.94
"4438","TRINITY_DN8841_c1_g2",-1.08503122761439,1.40226106014468,-5.13768277751643,0.00025894537845057,0.00469033423459021,0.707112880806513,145.84,119.48,92.33,70.15,111.1,39.55,42.97,42.42,74.59,40.62
"4439","TRINITY_DN8841_c4_g1",-1.8870511884526,0.0815496818562568,-7.12932388043115,1.30865345363693e-05,0.000775542348866035,3.39513326305976,67.43,49.47,59.47,39.05,77.84,12.13,7.65,14.62,25.95,9.28
"4440","TRINITY_DN8843_c2_g2",1.54561059125707,0.464831459280362,4.8918488861533,0.000388863250255095,0.00607864452186723,0.381470865074242,53.41,11.53,18.38,15.18,35.65,67.38,57.38,60.67,79.63,48.88
"4441","TRINITY_DN8855_c3_g1",1.06930190001593,-0.413837240751431,4.56177210704544,0.000680040355981449,0.00866259492246921,-0.128860825696191,20.15,12,14.93,13.59,15.69,22.86,22.78,27.36,34.83,30.82
"4442","TRINITY_DN88572_c0_g1",-1.65259433558526,-0.759941781121957,-4.77174465900152,0.000475756669309315,0.00688233966224806,0.0937186226074935,36,25,41,27,26,15,3,7,12,4
"4443","TRINITY_DN8859_c0_g1",-3.20351229855241,1.174806126691,-10.4019287867854,2.69456645000719e-07,9.7287721668544e-05,6.91253644049718,208.48,145.33,148.37,194.73,245.72,35.55,21.58,12.83,16.78,12.43
"4444","TRINITY_DN88598_c0_g1",-1.7357282166907,-0.353511496634764,-5.00157701377354,0.000323986302215564,0.00542952176449951,0.511984608637786,50,30,53,30,47,15,7,16,15,3
"4445","TRINITY_DN8861_c0_g1",-2.16891649859144,1.76996816765122,-7.29632968505457,1.04352996614697e-05,0.000675454422508934,3.82201858243854,239.23,194.94,224.34,152.84,176.26,25.95,49.67,19.01,92.51,50.69
"4446","TRINITY_DN8861_c0_g2",-2.33550060018823,2.71053214141295,-11.0566543553994,1.39491867057962e-07,7.13240203221051e-05,7.97123199889339,425.18,314.79,503.6,374.85,389.24,74,83,40.98,127.96,80.94
"4447","TRINITY_DN8861_c0_g3",-2.8240755354372,0.373351655054714,-6.58091726194725,2.82172913233219e-05,0.00120880617087915,2.7185306499279,102.77,106.07,150.66,75.17,66.7,16.05,6.33,3.99,28.64,13.31
"4448","TRINITY_DN88613_c0_g1",-1.34102993090461,0.757074103414298,-6.0419977987915,6.24172315331962e-05,0.00194626114219559,2.1060184645038,92,59,89,47,95,30,25,22,32,26
"4449","TRINITY_DN8864_c0_g1",1.95067310732565,-0.150627167256408,6.40690672632103,3.63057564053643e-05,0.00140676874101535,2.44807661599617,14,12,19,9,14,38.44,52,61,41,42
"4450","TRINITY_DN8865_c3_g1",-1.54688945647504,-1.54184009895669,-3.55579750686301,0.00405053991506531,0.0283464729073015,-1.81692932992376,23.14,19.05,17.98,11.6,14.42,7.2,1.03,6.18,3.47,4.3
"4451","TRINITY_DN88653_c0_g1",2.47333298476502,-1.32296808913253,6.12953712402084,5.47177159745293e-05,0.00179806643801108,1.07213628177406,7,6,3,5,6,25,15,24,29,25
"4452","TRINITY_DN88736_c0_g1",-1.67648205960162,0.00290877826998501,-5.38167168715056,0.000174410131241403,0.00367492684544429,1.1149645287381,79.99,34.79,54,43.22,51.12,15,8.23,11,31,8.56
"4453","TRINITY_DN88829_c0_g1",1.50187362836338,-1.03066865878087,4.38938536959189,0.000915755919593417,0.0105435323099244,-0.485668722198392,6,13,10,11,7,19,17,19,28,18
"4454","TRINITY_DN889_c1_g1",1.02604577166978,4.50177396589012,7.78136330144759,5.51182230101064e-06,0.00047986095022852,4.26102460150428,626,359,379,360,478,927,810,808,1132,719
"4455","TRINITY_DN88981_c0_g1",-1.13748877877619,-0.689682154801667,-3.81402771955375,0.00253653263199837,0.0206793704489974,-1.31297545246362,21,32,26,24,31,16,5,9,13,7
"4456","TRINITY_DN89010_c0_g1",1.6986574588085,-1.36066174576132,3.51988061020027,0.00432480850447586,0.0294850764023433,-1.82984971817957,13,10,3,6,5,18,8,14,27,23
"4457","TRINITY_DN8903_c0_g1",-2.5841012157183,2.44662228705033,-14.7486359029488,5.76436143280571e-09,1.06496437378501e-05,10.6926468516217,397.14,370.6,306.62,323.76,409.15,61.23,44.26,73.26,52.19,64.18
"4458","TRINITY_DN8903_c1_g1",-1.46652988374468,-0.387864561473684,-4.97772495190564,0.000337051714493178,0.00558221668235046,0.488061068398505,42.24,39.1,29.89,40.03,30.75,19.86,5.9,8.24,12.04,10.57
"4459","TRINITY_DN89094_c0_g1",1.3196058374096,5.70804641727151,6.39605009159584,3.68861446873569e-05,0.00141863106897335,2.18085624500956,960.27,803.88,656.57,1138.62,1023.43,2741.16,2561.5,2254.77,1687.3,2035.75
"4460","TRINITY_DN89206_c0_g1",1.20512752841641,-0.145537625420198,3.25728017752232,0.00699900924462469,0.0403700162714405,-2.28875808703358,26,6,20,24,21,32,27,31,43,45
"4461","TRINITY_DN8923_c0_g1",1.37104281026576,-1.126795764851,3.21445449208612,0.00757300269270486,0.042491780633369,-2.25760498265889,6.87,8.09,16.41,5.81,9.33,22.87,16.83,9.47,30.09,17.01
"4462","TRINITY_DN8924_c0_g1",1.20190983040023,4.49279612492928,8.3312627461017,2.76243139399832e-06,0.000335123532008284,4.9761191163952,455,421,454,325,373,1128,584,1056,1189,774
"4463","TRINITY_DN8928_c0_g1",1.1984695637159,4.78133917283478,14.4345870081306,7.34069157377158e-09,1.2315299695954e-05,10.9443598034338,507.92,461.72,468.86,505.86,516.78,1141.8,1075.48,1100.55,1204.84,1083.42
"4464","TRINITY_DN89399_c0_g1",-1.19173018435174,-0.991006315274671,-3.49724375343471,0.00450733758825832,0.0303096602159622,-1.81558075277702,20.95,26.9,27.8,12,25.71,7.95,4.93,10.88,8.94,5.84
"4465","TRINITY_DN89428_c0_g1",1.4932502034084,-0.581373313595502,3.21397678334281,0.00757966678041549,0.0425138010054677,-2.28877162625288,6,9,32.55,5,24.94,24.54,28.94,23.92,44.89,25
"4466","TRINITY_DN89516_c0_g1",-1.43862132156713,-1.21969603360018,-4.22552447741879,0.00121934225005042,0.0128156875769776,-0.78239922858051,24,18,25,14,23,4,3,7,10,5
"4467","TRINITY_DN89663_c0_g1",-1.67768530319813,-0.428865886935001,-4.91663559299012,0.000373101830916062,0.00592325397756615,0.384149050283368,32.18,25.15,40.04,40.36,53.35,6.05,9.05,12.1,10.04,12.07
"4468","TRINITY_DN897_c0_g1",1.47040235287934,-0.369881873017494,5.05349247228941,0.000297354030133769,0.00513299861193729,0.606656211832241,16,11,20,10,13,34,32,21,51,32
"4469","TRINITY_DN8981_c1_g1",-1.95220345568185,2.05873597105091,-4.93241227413545,0.000363420088256924,0.005826433911695,0.318291043537029,212.07,211.92,192.75,241.52,278.5,44.53,28.47,20.2,195.91,85.87
"4470","TRINITY_DN89821_c0_g1",2.61143895791316,-1.31245365731795,4.72380391305657,0.000515921522318189,0.00725011855742535,-0.418439965210855,8,5,3,4,6,29,35,28,24,14
"4471","TRINITY_DN89849_c0_g1",-2.20115554211867,-1.30692294033493,-5.28798395349088,0.00020279034477205,0.00404498967268002,0.309433276188222,29,31,20,21,25,5,2,6,5,2
"4472","TRINITY_DN89878_c0_g1",-1.80485662419491,-1.23024309418052,-4.07599378245453,0.00158781770322545,0.0152655783103247,-1.04922494097733,28,23.01,18.01,24,25.21,6,4,5,12.74,1
"4473","TRINITY_DN8988_c0_g1",-1.03746564230076,5.83284910450712,-8.87067282719858,1.44802113000419e-06,0.000234074124020521,5.54265175140448,2311.29,1787.79,2948.89,2066.14,2193.41,1192.62,1021.01,958,1389.2,850.27
"4474","TRINITY_DN89897_c0_g1",-1.85865375318094,-1.30810967356398,-4.19795444081667,0.00127992587262485,0.0132050202723027,-0.912817126763732,29.64,17.4,21.37,24.77,19.95,2.06,1.04,5.1,8.13,8.24
"4475","TRINITY_DN89967_c0_g1",1.39685908208548,-0.580908730574358,3.98259052009412,0.00187491627907042,0.0170400516994169,-1.04453241368996,10.04,5.67,16.92,14.01,20.97,25.41,23.21,34.03,33.1,22.11
"4476","TRINITY_DN9_c0_g1",1.94248401849928,1.84834239870201,3.48232814755587,0.00463188438941587,0.0308629875041435,-2.17605842877145,123.02,34.27,17,61,74.2,229.99,405.99,81.46,206.74,162.28
"4477","TRINITY_DN90_c0_g1",-1.86334882535834,4.98784425923247,-7.81718729433133,5.2637980377347e-06,0.000471450792071791,4.28240825650015,1787.91,1490.91,2431.84,1037.29,1835.33,463.54,209.74,539.9,625.47,543.82
"4478","TRINITY_DN900_c3_g1",-1.04718725749713,1.51752151401715,-7.10044179351477,1.36138627194283e-05,0.000791261155848119,3.56668852097641,115.52,106.05,123.99,107.03,111.02,52.01,58.07,44.01,67.01,40.03
"4479","TRINITY_DN9001_c2_g1",1.93006756364834,0.1243067694961,6.90637011785202,1.78014036392791e-05,0.000932247544689884,3.15577648671575,26,10.06,14,16,18,54.2,66,58,51,51.58
"4480","TRINITY_DN9009_c12_g1",1.13722598146155,-0.0543613200824269,4.1804470930815,0.00132001162685849,0.0134886985927021,-0.745952918358414,13.66,20.24,24.06,18.38,18.61,47.55,30.46,46.17,31.67,30.09
"4481","TRINITY_DN9009_c8_g1",-1.77750034227823,0.754390363895086,-6.03946388465786,6.265653641865e-05,0.00194626114219559,2.09994823739021,121,67.92,80.62,110,67.99,26.99,15,15,46.25,18.97
"4482","TRINITY_DN90190_c0_g1",-2.82514801082559,-1.82824672104278,-4.82903507673905,0.000432014643174686,0.00649347748454491,-0.818997033419608,30,19,26,17,17,3,1,1,2,3
"4483","TRINITY_DN9023_c0_g2",1.25441229034677,0.94845900631763,3.70533097336489,0.0030867833847187,0.0236493461584189,-1.65701725800655,40.01,43.01,26.02,36.38,32.67,132.94,107.77,78.22,68.02,38.63
"4484","TRINITY_DN9032_c0_g1",1.06899119009193,1.11831566394505,5.55269784559183,0.000132871786150787,0.00309837838224039,1.37732954437431,38,37,40,45,53,104,81,89,82,64
"4485","TRINITY_DN90320_c0_g1",1.17263825279528,-0.344274424033654,4.13766744864147,0.00142353623645027,0.0142198250156638,-0.801149947328012,18,9,18,15,19,35,19,39,30,30
"4486","TRINITY_DN9044_c0_g1",-1.7134707299936,2.4244877589344,-3.28764769132657,0.00661883732200033,0.0389401675600273,-2.63950565663749,251,75,617,262,410,74,76,77,106,65
"4487","TRINITY_DN9049_c0_g1",2.19209799897799,1.03280332618508,6.31025156226872,4.18350156746572e-05,0.00152936794051158,2.48579503149349,37.58,37.27,10.09,36.4,29.02,135.91,114.29,92.19,109.35,136.07
"4488","TRINITY_DN90500_c0_g1",-1.39171004454702,-0.263687447801428,-5.03200595969469,0.00030808610993724,0.00525388384292423,0.586612619034605,53,34,36,26,45,7,13,13,19,12
"4489","TRINITY_DN90563_c0_g1",-3.19461646528554,-2.0294830536752,-4.23443938938437,0.00120039547974393,0.0126766500526752,-1.46846529000944,28.12,28.22,15.97,12.93,25.81,0.67,2.82,0,4.59,1.64
"4490","TRINITY_DN9058_c0_g1",1.31915426650758,0.318856231781841,4.53569774571707,0.000711176430917555,0.00893349002225166,-0.184496940822311,26,37,25,19,13,55,60,38,58,47
"4491","TRINITY_DN90631_c0_g1",3.38287879135893,-1.12337249312213,6.130375808129,5.46490217357789e-05,0.0017967602623023,0.846600468863316,2,12,3,4,7,44,32,29,52,32
"4492","TRINITY_DN90707_c0_g1",-1.72357248798085,-1.7944448273964,-3.2677769473894,0.00686516275624701,0.0399089822936203,-2.29272525171463,13,12,17,20,15,1,2,5,4,5
"4493","TRINITY_DN90724_c0_g1",-1.79054523248349,-0.23946135150144,-5.11237242805881,0.000269911062144968,0.00482142712851417,0.691001832384001,62.57,37.14,55.98,29.15,43.34,11.15,17.35,12,16.27,3.03
"4494","TRINITY_DN90775_c0_g1",-1.51965741134859,-0.671253563781258,-3.46990224479528,0.00473831798579095,0.0312640236976941,-1.86304389022363,43.56,16.62,49.73,17.28,36.76,8.39,8.39,4.14,12.57,11.39
"4495","TRINITY_DN90815_c0_g1",3.94717643574406,-2.31478059891892,4.14440917367021,0.00140667869477447,0.0140994951234346,-1.5566825245973,0,2,1,2,5,12,9,21,56,18
"4496","TRINITY_DN90862_c0_g1",-1.69552706147567,-0.683892780801499,-5.11808303810637,0.00026739497330601,0.00479718947196453,0.598525586219064,30.47,36.3,31.35,27.26,33.34,15.2,8.07,9.12,7.13,3.04
"4497","TRINITY_DN9089_c1_g1",-1.15995020950665,0.800661358285947,-4.6138239518746,0.000622066523516484,0.00815677173231142,-0.0906600524972534,95,73,71,40,93,26,27,42,37,20
"4498","TRINITY_DN90900_c0_g1",1.93943515136683,-1.02722001222914,3.8112927815822,0.00254906022038951,0.0207406428261185,-1.36873256960035,12.35,3,10.56,4.13,15,28.37,11.32,33.05,26,29.42
"4499","TRINITY_DN91059_c0_g1",-1.27654020202098,-0.105445233164182,-3.33651357353223,0.00605046369934526,0.0367959717520483,-2.15411836685741,75.92,40.32,30.66,19.64,54.17,9.29,9.37,17.29,17.38,22.59
"4500","TRINITY_DN91131_c0_g1",-2.36478158449956,-1.84088900026659,-4.12371078496637,0.00145910333165507,0.0144545771160481,-1.40355019752731,25,13,19,12,26,2,3,2,4,1
"4501","TRINITY_DN9115_c2_g1",1.33171859057769,0.0282571164658918,3.1291817092404,0.008861423345105,0.0469658463732964,-2.53015951900856,24.06,20.89,42.67,17.32,6.73,44.93,25.53,61.8,47.35,35.42
"4502","TRINITY_DN9115_c3_g1",1.10447700925986,0.00787399223692077,3.58506839818101,0.00384020024498689,0.0273964590285388,-1.75011031491455,22.58,18.06,30.29,7.09,30.26,51.41,32.97,36.83,44.36,28.54
"4503","TRINITY_DN91242_c0_g1",-2.11996172513541,-1.13417455177671,-5.00414115484892,0.000322613763468882,0.00541533984682731,0.148207125298646,31,24,19,28,36,6,2,3,6,7
"4504","TRINITY_DN9146_c1_g1",2.34290116322365,1.03415192951511,5.85093395863505,8.35029040253773e-05,0.00230028892745603,1.83179324142334,54,24,20,19,23,146,51,182.02,122.01,168
"4505","TRINITY_DN9156_c0_g1",-1.66673026031065,1.24743740201142,-6.4904440132223,3.2151948221235e-05,0.00131216307290266,2.74088595032527,153.64,113.1,118.46,68.02,143.58,23.15,27.08,31.22,63.39,34.09
"4506","TRINITY_DN91643_c0_g1",-1.20803928973473,0.034533741984378,-4.11561009737321,0.0014801682449541,0.0146096300902021,-0.855776876715511,58.69,48.49,35.2,36.15,45.31,23.18,11.16,24.33,24.13,6.05
"4507","TRINITY_DN91664_c0_g1",-1.01918694094233,1.15609905120224,-4.54429855802002,0.00070074468964746,0.00884285949688482,-0.243443114042989,124.49,82.62,85.6,53.56,100.79,53.38,28.71,36.04,40.69,46.97
"4508","TRINITY_DN9167_c0_g1",-1.79975036365702,3.27603258937783,-5.8507076411549,8.35319478661494e-05,0.00230028892745603,1.634333655821,447.08,487,718.06,295.21,650,137,64,109,336,147.33
"4509","TRINITY_DN91707_c0_g1",-1.53273048126383,-1.19903821408035,-3.20561831375704,0.00769723129199131,0.0429288351499612,-2.27380437713803,22.61,17.79,13.65,28.04,25.23,4.12,3.08,11.57,3.14,9.41
"4510","TRINITY_DN91737_c0_g1",-3.2559771735184,-2.2773393717209,-4.63429777610139,0.000600700457383661,0.00797431141822784,-1.10280026968134,19,25,14,19,17,3,2,1,1,0
"4511","TRINITY_DN9174_c0_g1",-1.00587281483294,4.87455273825717,-5.34720909079114,0.000184329202507914,0.00380640416383109,0.588128463407506,1136.24,1028.12,1561.37,792.07,1298.59,489.34,322.15,701.22,779.84,616.89
"4512","TRINITY_DN91746_c0_g1",-1.41911387875689,-1.537969670353,-3.23257881344897,0.00732449040843685,0.0416167894498595,-2.26153091537195,13.63,17.84,13.57,15.47,20.81,3.15,2.09,8.53,3.1,6.16
"4513","TRINITY_DN9179_c0_g1",-2.98485080838098,2.20935577610568,-16.850745361449,1.27740188267121e-09,4.80063945104407e-06,11.6600641764661,383.05,308.61,448.46,311.23,333.48,45.88,25.22,35.57,64.57,47.51
"4514","TRINITY_DN91948_c0_g1",-3.75255381368509,-3.02568793480615,-6.48027876643129,3.26292177142643e-05,0.00132294321384405,0.193662935009156,14,14,14,11,13,1,0,1,0,0
"4515","TRINITY_DN9196_c0_g1",1.05348979273658,3.58259847328429,5.77200680301638,9.43107379036779e-05,0.00247223173337538,1.44441742819254,181,271,269,219,200,612,451,467,399,429
"4516","TRINITY_DN9197_c0_g1",-1.43519142924065,4.06352290792838,-5.11789231443785,0.000267478606469064,0.0047973033857153,0.319252674219902,991.59,645.96,1001,413.64,922.18,298.4,134.27,316.89,555.22,207.14
"4517","TRINITY_DN92045_c0_g1",-3.10995666627469,-2.84915590937382,-4.19383694422132,0.00128923849437891,0.0132804829571982,-1.56809811010664,10.76,9.32,14.29,13.63,13.81,4.16,0,0,3.78,0
"4518","TRINITY_DN92054_c0_g1",1.09742678100296,0.0249468228112088,3.82884183044813,0.00246976801578765,0.0203260350887849,-1.33870235472367,14,14,25,23,29,44,21,42,48,40
"4519","TRINITY_DN92073_c0_g1",-1.01053638969758,-1.08462572683646,-3.13089539559549,0.00883347099115735,0.0468737286976493,-2.39164212034238,23,20,18,20,16,12,8,6,9,4
"4520","TRINITY_DN9223_c0_g1",-1.67727423910818,2.27772706020165,-4.61687965469557,0.000618827880375208,0.00812976123733559,-0.255783466018975,298,121.03,482,208,183,84,75,70,55,81
"4521","TRINITY_DN9223_c1_g1",-1.17344794750238,0.851085530009006,-3.59235408489224,0.00378960335103762,0.0271509508786137,-1.84013742036536,74.61,87.81,120.81,35.57,83.83,26.83,14.64,33.93,58.69,29.75
"4522","TRINITY_DN92271_c0_g1",-3.66360409285897,-2.15556167792762,-4.31438786737582,0.00104355519803474,0.0114833620568708,-1.38731745408249,40,14,25,18,24,2,6,0,2,0
"4523","TRINITY_DN92298_c0_g1",-1.56179734576681,0.117523650556388,-3.8863024936108,0.00222746037049689,0.0190515164595481,-1.24109852611085,71.12,47.99,69.42,19.78,68.45,15.01,20,18,10,18
"4524","TRINITY_DN923_c1_g1",-1.34618460303893,5.79113918548068,-14.7330784317354,5.83316504634637e-09,1.06496437378501e-05,11.1768799387657,2618.97,2398.48,2219.76,2191.46,2653.56,900.08,880.89,1014.02,930.94,948.82
"4525","TRINITY_DN92375_c0_g1",1.07058238804956,2.67000711661062,4.66132107149393,0.000573667576052863,0.00774969338757463,-0.258660496290852,111.93,132.96,69.69,154.9,152.27,227.06,249.03,213.43,274.46,284.11
"4526","TRINITY_DN9238_c1_g2",1.47737693217214,1.98414368181495,5.96272374118218,7.03849833357193e-05,0.00209347266678555,1.94291493260753,86,35.04,83,88,57.63,170,115,211,261.87,159
"4527","TRINITY_DN92610_c0_g1",-1.87054294456521,-0.493100888681331,-3.91517180942653,0.00211510411452235,0.0183986789244479,-1.15295970401179,63,31,48,15,56,9,8,5,18,6
"4528","TRINITY_DN9264_c0_g1",1.43376439037929,1.10969682508296,6.65799863797333,2.526896043413e-05,0.00113334208814175,2.96847129496666,33,32,43.01,38,41,129,69,117,90,77
"4529","TRINITY_DN92651_c0_g1",2.59395522425525,0.567685000072513,4.47451367409438,0.000790223215081146,0.00958989557242366,-0.281894359276968,13,29,45,30,4,133,72,155,88,59
"4530","TRINITY_DN9276_c0_g1",1.46564718436422,4.12012758374953,13.7866889791599,1.22738672398514e-08,1.58489578293084e-05,10.4208148887824,323.43,263.14,294.13,245.45,296.89,923.4,582.25,858.28,934.13,645.39
"4531","TRINITY_DN92790_c0_g1",-3.21918982020446,-2.24495655715598,-4.72589610651024,0.000514096592805866,0.00723957166556973,-1.02080056549535,23.05,12,21.24,21.79,17.18,1,0,1,2,3
"4532","TRINITY_DN9287_c1_g1",-1.18874625831786,3.14792980624993,-8.00395217656988,4.15036664037283e-06,0.000416876794230588,4.67700093765799,439.01,330.93,429.11,287.2,349.47,122.93,127.02,171.59,247.85,143.71
"4533","TRINITY_DN929_c2_g1",1.5424107119994,0.319678815638724,5.44700137712888,0.000157120455220839,0.00344267389247382,1.2324649209448,19.28,15.93,37.45,20.63,17.5,61.01,41.68,82.84,54.12,45.1
"4534","TRINITY_DN929_c3_g1",1.07442879325045,1.05338075297057,3.29209591825912,0.00656493250479787,0.0387147653717294,-2.40622406180995,37.43,60.53,51.92,33.03,26.58,73.24,53.81,67.13,80.15,149.62
"4535","TRINITY_DN9297_c1_g1",-7.91007513612992,-1.70901378403818,-8.3211402157186,2.79693794054719e-06,0.000335217747489983,1.31611028870071,166.94,75.91,160.37,155.65,115.22,0,0,0,0,0
"4536","TRINITY_DN9298_c2_g1",-1.62724502412433,1.78230273503257,-8.81115719936663,1.55269780426886e-06,0.000243019262882401,5.63454617762889,184.01,159,178.01,112,200,51,50.01,64,62.07,33
"4537","TRINITY_DN9299_c0_g1",1.78439676543777,2.4240907614133,10.2121648871608,3.28194415020447e-07,0.00010750448364701,7.15682951733744,79.36,71.32,91.45,71.79,87.44,279.07,206.47,215.64,435.73,252.95
"4538","TRINITY_DN9299_c0_g3",1.86430972232842,0.513986797001723,6.04491582747635,6.21428510797972e-05,0.00194330243724299,2.09771283726146,22.58,19.52,21.24,15.66,31.73,82.99,46.66,63.4,152.88,45.79
"4539","TRINITY_DN9301_c1_g2",3.00436875440868,-1.81161555883028,3.21537881831026,0.00756012503971705,0.0424579029870077,-2.52427801618713,12.98,3.36,8.03,0.49,0.72,12.28,31.85,14.13,37.39,15.69
"4540","TRINITY_DN93017_c0_g1",-3.20039516716004,-0.928347454712666,-5.384133605346,0.00017372342835946,0.00366418895412338,0.306172065490969,67.43,42.03,43.34,41.95,43.18,9.88,0,4.17,8.93,3.14
"4541","TRINITY_DN93059_c0_g1",-1.59328713743875,-0.894159237454603,-4.83981089075271,0.000424269346776112,0.00642657282376291,0.161852463301753,25.19,30.16,28.14,24.2,24.08,4.04,5.04,11.08,7.05,8.04
"4542","TRINITY_DN9313_c0_g2",-1.63454941352933,1.08301142627455,-3.38083127802749,0.00557787062270491,0.0348365772244476,-2.23312664203081,91.33,68.72,164.01,148.12,87.87,25.55,6.21,48.58,113.09,19.9
"4543","TRINITY_DN9313_c3_g1",2.83135597855387,-2.46132273105034,4.01136352494445,0.00178115953747902,0.0164524090332584,-1.72663192404276,0,1,6,6.86,2.35,11.13,10.96,11,14.36,10
"4544","TRINITY_DN9315_c1_g1",1.39334252334821,1.59793505130093,4.34074367717176,0.000996650548980703,0.0111627630577445,-0.641391887070034,35,51.77,52,78.56,57.53,172.23,126.68,136,208.4,58
"4545","TRINITY_DN9323_c1_g1",-2.69539752601016,-0.715477059143471,-4.90272110433098,0.000381865479540123,0.00600449886949466,0.136887441660793,87.49,41.31,46.39,25.6,31.61,8,6,4,4.66,4
"4546","TRINITY_DN9330_c0_g1",1.12928335553809,3.59811843522904,9.99765552651484,4.11634538536071e-07,0.000124478057446809,6.96684083127944,237,230.84,224,214,202,538.94,458,536.77,479.93,415.99
"4547","TRINITY_DN9334_c3_g1",-1.09085968188335,0.285016889976743,-5.14511380689619,0.000255815668224996,0.00465449459988428,0.778067613132207,65.02,42.6,50.69,37.6,54.28,22.45,25.78,19.38,22.42,15.22
"4548","TRINITY_DN9353_c0_g1",1.09377704170972,2.6489594383722,5.17588947325764,0.00024327164283367,0.00451715344219481,0.613124998823307,103,122,159,72,147,188.95,295,268,268,244
"4549","TRINITY_DN93535_c0_g1",-1.0429577589857,-0.87926057359651,-3.29255830162342,0.00655935479041989,0.0386965775765562,-2.14524144683116,18,18,27.99,25,24.98,7.97,5.99,13,9.99,7.49
"4550","TRINITY_DN9354_c3_g1",2.50805328660019,-1.33084753110288,3.57983301187292,0.00387698457515406,0.0275397342010728,-1.8144632543673,1.66,9,6.41,6.08,7.44,14.75,13.24,19.18,53.85,28.96
"4551","TRINITY_DN9355_c0_g2",-1.12824494775033,-0.513385569840139,-3.29111836599533,0.00657674050285918,0.0387696666642432,-2.18019066327563,44,21.36,26.15,19.06,45.37,11.11,6.11,21.32,13.17,7.09
"4552","TRINITY_DN93554_c0_g1",-2.76101289982034,-0.787356729343948,-4.9688329813784,0.000342063055085859,0.00563215439824924,0.157203254175241,36.9,27.06,50,59.04,45,1,7,5.02,8,6
"4553","TRINITY_DN936_c0_g3",1.73849964869497,1.34774215077917,9.36176359980043,8.249456150117e-07,0.000176578186573229,6.14699197241454,39.99,48.78,35.63,37.58,36.3,130.97,93.7,101.77,180.59,125.57
"4554","TRINITY_DN93605_c0_g1",-1.59191386298673,-0.759318565740022,-3.60807557889561,0.00368273270178324,0.0266323982097187,-1.64042467640278,33,34,27,35,21,12,1,10,8,16
"4555","TRINITY_DN9375_c1_g1",1.7942824767531,-1.61919895621858,3.69632061231329,0.0031375780581269,0.0239177232445252,-1.6684659608461,5,7,5,7,4,12,19,15,13,15
"4556","TRINITY_DN9376_c1_g1",1.49003727073938,0.135295504418287,6.574013028587,2.84986928922635e-05,0.00121666290412267,2.77059897618272,17,25,22,14,18,45,39,41,59,56
"4557","TRINITY_DN94_c3_g3",1.69095668879714,-1.09042942762451,4.31623364375681,0.00104019674101377,0.0114606269971048,-0.627131808116499,8.77,8.26,10.79,7,6.83,30.25,13.63,23.83,31.04,11.34
"4558","TRINITY_DN9406_c0_g1",-1.29181214723504,3.71635818751076,-6.97967223931828,1.60774449325736e-05,0.000876961234690833,3.24947746965171,690.09,484.58,421.88,489.13,805.17,210.65,187.39,240.06,334.95,185.56
"4559","TRINITY_DN94111_c0_g1",-2.07547529050701,-1.99143629318843,-3.17269616121914,0.00817847271748221,0.0446578567439295,-2.52327321372721,22,10,16,20,12,1,3,2,6,1
"4560","TRINITY_DN94119_c0_g1",-1.27024203284465,-0.76991546419522,-3.0962928846811,0.00941546159202949,0.0489288708969141,-2.46904170331658,23.89,37.65,30.82,13.51,26.41,6.98,8.28,12.43,5.35,15.01
"4561","TRINITY_DN94164_c0_g1",2.33539486708853,-1.82368323727659,3.87900668727647,0.00225681708159595,0.0191924891659849,-1.64106769871301,9,6,2,1,7,15,13,15,29,10
"4562","TRINITY_DN9430_c0_g2",1.00734148546319,3.40774231653123,3.61566263021551,0.00363226607497123,0.0263891952642514,-2.24875680826302,216.8,224.7,139.3,180.2,266.68,423.09,405.5,481.15,257.95,545.19
"4563","TRINITY_DN94338_c0_g1",-2.82437658223774,-2.10955663905723,-3.62022208078579,0.00360227911943457,0.0262388962754965,-2.10330047008627,26,12,28,11,18,2,3,3,2,0
"4564","TRINITY_DN94400_c0_g1",-2.05096172899247,-1.37220785928926,-4.79095611078777,0.000460593049994972,0.00674630792482017,-0.238455002437535,21.66,20.53,22.69,23.68,23.51,3.07,6.16,6.13,4.08,1.02
"4565","TRINITY_DN9444_c0_g1",1.16830756541916,1.58535438149526,3.73654978464947,0.002917225849858,0.0228007904059538,-1.703099728425,58,59,69,51,46,120,67,74,211,190
"4566","TRINITY_DN9447_c0_g1",-1.42257264190982,1.27671247676684,-4.85374963395643,0.000414465995626613,0.00631521516860897,0.263551666134456,127.89,102.12,139.22,57.75,134.91,22.24,58.56,34.98,53.66,32.64
"4567","TRINITY_DN9448_c1_g1",1.68226384330654,-0.860583176699402,4.94698361453729,0.000354712160990156,0.00574893020399554,0.312796941376154,9,9,10,4,19,28,23,24,27,23
"4568","TRINITY_DN94488_c0_g1",-1.20299772311217,-0.313142345800865,-4.34584733292797,0.000987824111580915,0.0111003247469721,-0.467442339070383,37,35,37.94,18.93,49.57,13.98,11.79,13.98,12.79,11.99
"4569","TRINITY_DN945_c2_g1",1.01711792351784,1.9884881998897,5.3299893700407,0.000189506681714808,0.00386700781090237,0.949914087271701,66.95,62,104.35,85.4,76.76,183.38,121.43,115.92,224.39,133.37
"4570","TRINITY_DN94506_c0_g1",-3.17566108529397,-1.09440511239555,-3.78306122440122,0.00268215811136567,0.0215147649033394,-1.58437308355324,47.8,28.14,22,52.6,54.25,0,12.01,5,5,4
"4571","TRINITY_DN94544_c0_g1",-2.13913719984543,-1.44251099975339,-3.59157323654443,0.00379499332834832,0.0271864299900627,-1.81029389508604,33,33,23,14,15,6,6,2,6,1
"4572","TRINITY_DN946_c1_g4",2.0632792353955,0.438666879819447,5.48091993037284,0.000148866257193639,0.00331940112617041,1.28284651022711,9.77,14,29.11,24.14,29.02,100.55,51.62,106.81,68.02,52.02
"4573","TRINITY_DN946_c6_g1",1.72409273213204,2.12091584995343,5.29824495064684,0.000199457323268644,0.00400151890231075,0.89775436900086,113.22,51,57.16,55.08,66.5,242.68,216.61,386.12,169.88,131.32
"4574","TRINITY_DN94606_c0_g1",-1.34228968695082,-0.844207948581781,-3.41648422595622,0.00522500848461659,0.0333474374536387,-1.94355397839148,24.09,16.94,43.69,26.54,23.22,4.9,5.68,7.55,15.62,7.81
"4575","TRINITY_DN9465_c2_g1",-2.2979307139695,-0.388606407178471,-5.34561455872952,0.000184802305707034,0.00381236900114937,0.921969747371034,69,51,38,31,59,11,13,5,16,2
"4576","TRINITY_DN9492_c1_g1",-1.11151233284022,-0.285984013002962,-4.62106091944426,0.000614424818130245,0.00809246894984444,-0.034745448848839,32.12,39.98,30.9,28.04,42.09,17,11,13,19,8.32
"4577","TRINITY_DN9492_c3_g1",-1.60338260005837,-0.221134301273813,-4.56262989335027,0.000679040565306469,0.00865163465739609,-0.127056305329273,31.24,44.12,37.23,41.71,58.93,19.05,8.05,6.02,11.32,19.04
"4578","TRINITY_DN95_c1_g1",1.61168265865356,-0.893452211854223,3.32644812406993,0.00616334608402544,0.037221666777436,-2.08391105924993,12.41,15.23,6.42,3.27,13.5,13.9,12.17,28.9,43.17,31.47
"4579","TRINITY_DN95019_c0_g1",-1.57414590371686,-0.453606384858249,-4.76990160757369,0.000477238631303056,0.00689277242849037,0.166673401816977,29,39,29,49,38,8,6,9,16,11
"4580","TRINITY_DN95052_c0_g1",-2.07386286724486,-0.649953598809922,-5.23675338831909,0.000220332085040936,0.0042542211391152,0.70904103602374,42,33,32,24,64,5,6,6,14,5
"4581","TRINITY_DN9519_c0_g1",1.00665999871291,1.37848140978393,3.21887512245045,0.00751161447299398,0.0422849713512593,-2.59532614637759,66,44,43,51,58,161,44,68,176,96
"4582","TRINITY_DN95203_c0_g1",1.13632418583465,-0.517004687182954,3.24379403026556,0.00717485623841914,0.0410070987868152,-2.2640647943047,14,12,18,12,14,22,26,29,54,12
"4583","TRINITY_DN9521_c0_g1",-1.01301200746851,1.36919538741913,-5.07949276111702,0.000284890561837419,0.0049899257154334,0.615327735657534,97.52,105.84,94.93,83.66,120.93,37.8,46.96,37.91,51.79,66.95
"4584","TRINITY_DN9526_c1_g1",-1.8497708291191,1.04082454333533,-4.360838889617,0.000962364532430464,0.0108970842732741,-0.522371478913983,153.93,95.26,102.23,155.86,63.13,12.01,28.86,18.61,74.73,27.97
"4585","TRINITY_DN9550_c0_g3",1.30402218414566,0.48737579072235,5.34973193320669,0.000183583273646801,0.00379731693713812,1.08847203730913,20,22.49,40.31,20.08,29.02,83,46.16,47.2,64.39,52.01
"4586","TRINITY_DN9557_c4_g1",-3.54703368351262,-1.7183926052233,-5.21626554018324,0.000227788451141219,0.00432905815631928,-0.560045108029853,37,26.75,43.64,17,29,3,1,2.01,1,1
"4587","TRINITY_DN9559_c3_g1",2.45758505693709,0.156938560618592,9.26038457860633,9.24788161703053e-07,0.000184582959323329,5.49952091176126,12.09,13,17,15,13,74.85,81.05,59,84.05,49
"4588","TRINITY_DN9563_c1_g1",-1.08649045916731,-1.03576219229062,-3.47448754644324,0.00469875555177101,0.0311082073507502,-1.85124758692982,28,21,16.62,16.26,20.27,7,5,10,7,10
"4589","TRINITY_DN9570_c1_g1",1.10342185249911,3.11077809605003,3.37675401522695,0.00561973801052265,0.0350029718307429,-2.63031582910526,197.58,192.27,106.69,92.41,282.34,355.02,288.94,250.56,750.6,233.28
"4590","TRINITY_DN9583_c1_g1",1.0381860095626,2.54087515356085,4.33648866504083,0.00100407202785481,0.0112017913474226,-0.803048096469429,128.34,79,127.42,125.99,105.75,169.51,244.02,349,272.47,145.02
"4591","TRINITY_DN9604_c1_g2",1.05997299887157,1.24876445381662,4.17613415020466,0.00133008528756579,0.013559486638259,-0.88329846218025,50.22,53.16,48.9,46.88,35.98,115.05,83.43,110.19,125.22,43.71
"4592","TRINITY_DN962_c3_g1",-1.12797148497373,3.50783503289592,-7.86419857343209,4.95628488621596e-06,0.000456710661367878,4.46745489949072,598.19,374.03,478.95,356.51,496.48,194.41,201.92,233.05,203.49,216.75
"4593","TRINITY_DN9623_c0_g1",1.12180796446445,-0.325515067672181,3.42197782226166,0.00517269205417998,0.0331841346187648,-1.98747781138355,24,20,18,6,16,25,34,39,28,27
"4594","TRINITY_DN9629_c2_g2",-1.26177257231145,2.65919912821469,-4.60744629033699,0.000628883204651824,0.00821491920150617,-0.341980900194804,278.82,239.24,178.92,216.44,512.66,106.94,80.74,108.98,166.98,92.74
"4595","TRINITY_DN963_c0_g1",-1.05151124570711,9.99569683375138,-9.0706063536576,1.1483327240805e-06,0.000206613349317602,5.54355667863868,32569.76,33045.38,48113.57,33718.21,40746.22,19566.81,13633.44,22216.98,25759.58,17780.79
"4596","TRINITY_DN9642_c2_g1",-2.30163561786156,0.118864439055447,-9.02737190388992,1.20697993303422e-06,0.000208696580398792,5.26503038928938,69.19,72.84,78.29,45.47,74.34,9.22,10.16,14.15,18.45,7.12
"4597","TRINITY_DN9645_c0_g1",-1.28706567911647,8.36275194650034,-17.7722441268347,6.96497660516033e-10,4.32343957788722e-06,13.2845816009808,13869.01,13424.96,12485.52,13566.26,14389.5,5931.18,5485.99,6318.12,5980.24,5292.8
"4598","TRINITY_DN96456_c0_g1",-1.93179627784019,-1.23672184602217,-4.7785125103237,0.000470355990761909,0.00683168721219736,-0.130830666731221,28.9,21.7,29.69,16.05,22.72,5.1,2.07,8.14,3.06,5.16
"4599","TRINITY_DN9654_c0_g1",-1.07808571326748,0.657246068607093,-5.53419074835741,0.000136813949893966,0.00315513425308573,1.36459834229142,73.29,56.43,52.71,61.23,76.86,32.07,23.44,20.08,35.27,27.45
"4600","TRINITY_DN9657_c0_g2",-1.3526936803234,1.63221250800447,-4.25464239816743,0.00115858113753814,0.0123868008149401,-0.793363388747468,169.13,107.18,104.6,119.32,178.62,54.83,47.97,58.77,26.41,86.27
"4601","TRINITY_DN9659_c0_g1",1.15591821742971,-0.343691212904977,3.51333940001215,0.004376764124885,0.0297213933145292,-1.83048385040687,22.61,9.06,25.7,7.58,19.1,34.73,35.58,23.85,31.78,27.13
"4602","TRINITY_DN96602_c0_g1",-1.06947950613476,-0.808807082602455,-3.35131898305606,0.00588822275946787,0.0360861161537198,-2.0545259670875,33.21,32,19,17,21,7,9,7,14.5,9
"4603","TRINITY_DN96612_c0_g1",-4.04470968728801,-0.925682408678236,-4.15700473156517,0.00137573599016598,0.0139038482340546,-1.18682869154677,37.24,62.9,70.44,48.34,56.3,0,32.12,8.47,0,6.08
"4604","TRINITY_DN96642_c0_g1",-1.14222090754845,-0.420442807551132,-4.29029706166774,0.00108843802660588,0.0118139013924696,-0.555365703028388,47,24,32,22,39,13,7,13,18,10
"4605","TRINITY_DN9665_c0_g1",-1.6853176308964,0.543527411837756,-5.57309129619034,0.000128666426030514,0.00303682118989282,1.42202186852184,121.72,71.19,58.55,51.44,73.59,33.02,9.92,27.5,22.57,14.56
"4606","TRINITY_DN9684_c1_g1",-1.51114078247332,3.4474785063824,-12.3005944871407,4.34954496989675e-08,3.50641109690092e-05,9.16325454293891,582.33,524.27,477.35,389.79,548.97,200.31,133.88,198.26,213.24,139.38
"4607","TRINITY_DN9684_c1_g2",-2.01847615694279,1.57391831396176,-9.12675589078357,1.07669189142953e-06,0.000201308953218664,5.93201363473802,199.44,159.21,132.1,132.88,201.11,50.53,20.11,46.86,39.87,39
"4608","TRINITY_DN969_c4_g1",-1.48439350069223,0.817475266293614,-4.24864035165632,0.00117084326211331,0.0124749269914902,-0.696348207284119,67.72,70.8,83.87,76.94,121.01,11.61,18.95,37.96,69.21,19.62
"4609","TRINITY_DN9691_c0_g1",1.18875008549841,0.323498019311892,4.03914212622282,0.00169523637007205,0.0159174258714041,-1.00930560909815,28,28,30,15,21,88,29,59.44,47,38
"4610","TRINITY_DN9695_c1_g1",1.50696555277929,0.319556406941998,4.26501424667435,0.00113770502636495,0.0122140957811446,-0.626770787371705,13,22,22,22,30,65,83,62,41,37
"4611","TRINITY_DN9698_c0_g1",-1.01068518130798,4.78860788061111,-6.41431899418067,3.59150841353723e-05,0.00139861539060169,2.29361586624486,1215.43,1097.74,1316.55,881.61,923.63,683.7,403.61,489.47,795.87,358.74
"4612","TRINITY_DN970_c2_g1",1.04924429513167,5.77968471921209,8.79915043308322,1.57478376503532e-06,0.000244995306844117,5.45810337767476,1068.14,1101.13,891.06,1002.68,1167.73,2358.09,1627.44,2156.97,2143.22,2373.21
"4613","TRINITY_DN9710_c1_g1",-1.00052463969295,-0.0790819649527022,-3.29573368114335,0.00652117974681005,0.0385768857099695,-2.23370482808586,39.94,28.55,43.36,40.88,39.53,18,20.82,21.88,22.07,5.49
"4614","TRINITY_DN9734_c0_g1",1.85814458483161,1.03493788829204,6.82249207402509,2.00189811244968e-05,0.000987020043146951,3.18091810511664,37.31,29.49,25.46,27.63,33.47,84.41,152.32,93.22,147.44,67.52
"4615","TRINITY_DN9734_c1_g1",1.11083676921889,-0.222305126834141,4.98745651893682,0.000331655456108387,0.00550901278631843,0.529647851039406,16.53,15.77,20.27,11.48,21.49,34.69,27.25,38.18,35.76,25.32
"4616","TRINITY_DN974_c2_g2",-2.31325511886735,-1.94849556953642,-3.18893435835958,0.00793742993503555,0.0437807024868844,-2.51605867973479,14.16,19.26,13.49,27.88,12.46,6,2,2,1.41,1
"4617","TRINITY_DN9758_c2_g1",-1.80784674544298,-1.8339619092674,-3.4493632082349,0.00491973882720172,0.0320516234214651,-2.06927783704654,20.81,12.79,13.01,13,15,5.81,5,3.2,1.13,2
"4618","TRINITY_DN97607_c0_g1",1.74949090624262,-1.63408265241943,3.74704576198734,0.0028623924365902,0.0224997021791693,-1.59534949054189,3,6,4.06,10.25,7,13,12.98,15.62,14.5,13.93
"4619","TRINITY_DN977_c1_g2",-3.51909834768401,-2.14217136013861,-4.62499937312641,0.000610307389889527,0.00805704400680615,-1.09940695760559,28.94,17.4,21.4,13.06,34.15,0,0,3.05,3.3,2.05
"4620","TRINITY_DN9781_c0_g1",1.01481330080139,1.90034324530929,4.9945531533384,0.000327777558252193,0.00546276382522224,0.414773929871451,71,64,95,75,62,106,150,121,185,165
"4621","TRINITY_DN9799_c0_g1",-1.64146290262691,5.14671423318791,-5.82986995319737,8.62524885013061e-05,0.00234579234821594,1.35879595599421,1768,1779,1702,1271,2089,554,510,1260,360,372
"4622","TRINITY_DN9809_c0_g1",-1.21759564645677,3.11965057976773,-6.73896197954215,2.25222524877634e-05,0.00105949163430867,2.97090128202116,432.3,377.55,284.6,329.78,389.19,138.66,107.4,126,215.35,203.38
"4623","TRINITY_DN9825_c1_g1",-1.99079599878903,3.60061842418414,-12.7066552026773,3.0392033094407e-08,2.65711980605947e-05,9.5081445875427,663.25,558.79,827.37,504.6,802.9,149.92,105.28,179.68,231.18,174.51
"4624","TRINITY_DN98353_c0_g1",-3.04879248206687,-1.15143239464297,-5.91260956133412,7.59729812242748e-05,0.00218735938613898,0.741988312631598,44.09,33.97,38.23,21.06,48.22,3.39,1.01,2.01,3.02,7.05
"4625","TRINITY_DN9839_c0_g1",1.8833060880243,-0.536519513736811,5.27173752205183,0.000208188163912748,0.00410386538161954,0.850242035445756,7,14,11,13,11,54,30,32,31,25
"4626","TRINITY_DN984_c9_g1",3.46054472584144,-1.6417412320838,3.28202855823971,0.00668757276094587,0.0392255874102763,-2.45041415016484,4.92,1.19,18.96,3.59,1.28,26.2,7.86,43.25,40.35,32.18
"4627","TRINITY_DN98576_c0_g1",-1.60580373423503,-0.0410874567908344,-4.32087530436789,0.00103180065650158,0.0114025269630904,-0.511096214096942,82.79,36.03,47.96,35.56,45.15,20.45,15.54,4.49,23.16,11.57
"4628","TRINITY_DN98582_c0_g1",3.43418726684107,-1.98246281868567,3.78193880855212,0.0026875951441026,0.0215458841502034,-1.92418656676446,0,1.09,12.53,1.09,7.76,23.89,13.66,13.72,22.32,36.41
"4629","TRINITY_DN98725_c0_g1",-1.47430516788562,-1.48741924860908,-3.553002598949,0.0040712302218334,0.0284111910950069,-1.80280683609589,22.58,19.04,15.51,11.16,19.26,4.05,5.1,7.18,6.06,1.02
"4630","TRINITY_DN9877_c0_g1",1.2087069291803,2.31821553602305,3.28154672687877,0.00669350025130941,0.0392425021881585,-2.65176191753247,57.86,59,149.01,154.01,80.03,331,216,255,145.94,134
"4631","TRINITY_DN9878_c6_g1",1.03404874416671,0.176529976953047,3.14900171278527,0.00854350298062057,0.0458643435111166,-2.52322326047013,13.43,23.34,32.46,24.45,24.31,25.08,50.96,39.99,66.21,34.41
"4632","TRINITY_DN98903_c0_g1",1.47822001695335,-0.73892843781337,4.33791539172081,0.00100157718269066,0.0111933263639373,-0.506166701885732,16.96,14.99,7.34,9.1,8.05,20.01,29.72,19.64,33.26,24.62
"4633","TRINITY_DN9909_c0_g1",-1.04163982508764,0.306133498989743,-4.23684890895849,0.0011953272164167,0.0126403307720358,-0.676671203921878,51,52,43,47,56,13,25,17,32,25
"4634","TRINITY_DN9930_c3_g1",-3.07935885881252,-1.6390222882544,-4.18312876378589,0.00131378803216836,0.013461881530013,-1.38835967535996,37,29,36,18,16,3,2,2,1,3
"4635","TRINITY_DN9941_c0_g1",1.65509937080423,0.201036745667005,4.96435183582947,0.000344618135813124,0.00565305404077815,0.500651710310469,13,19,21,35,13,53,48,53,46,66
"4636","TRINITY_DN9975_c6_g1",1.72561113364777,-0.629070051902336,4.59609991532251,0.000641204292575814,0.00833203166366989,-0.116824918279672,11.82,14.05,8.36,15.41,6.9,25.98,22.05,38.42,26.2,36.48
"4637","TRINITY_DN9977_c0_g2",1.0584745598917,3.85288647121165,4.5299851093629,0.000718194654765437,0.00897909667671897,-0.677187078048024,243.48,263.46,439.76,225.04,231.21,884.67,361,427.83,659.93,610.92
"4638","TRINITY_DN999_c4_g1",1.02981110713765,0.53267517850068,4.65302456993594,0.000581829011849389,0.00782079993103919,-0.00863257386225147,48.38,27.23,25.05,18.75,30.06,60.2,43.27,67.19,55.01,46.88
