"","GeneID","logFC","AveExpr","t","P.Value","adj.P.Val","B","10L1brain","10L2brain","10L3brain","10L4brain","10L5brain","22L1brain","22L2brain","22L3brain","22L4brain","22L5brain"
"1","TRINITY_DN0_c1_g1",2.82341549399699,-1.17344408972138,5.3241182708911,0.000162198707393315,0.00289305622886544,0.834374576759768,10,4,4,8,2,39,33,34,25,16.79
"2","TRINITY_DN10001_c1_g1",1.73076265112011,1.88476804471352,3.77566606398664,0.00250330696569149,0.018439326560375,-1.64539168370423,35.47,49.86,71.93,48.58,76.57,336.07,55.15,303.96,216.9,110.39
"3","TRINITY_DN100055_c0_g1",2.8510705051715,-1.14919890567891,5.58652092416247,0.000105240822629257,0.00221466199804281,1.17649805543476,3,4,5,10,6,18,25,31,54,25
"4","TRINITY_DN100064_c0_g1",-4.82291862726037,-1.91607867713328,-5.72777851789506,8.37123341993656e-05,0.00193208842446341,1.04665582079524,31.31,74.92,63.83,17.24,28.25,0,1.01,1.01,1.01,0
"5","TRINITY_DN100065_c0_g1",1.78579728858643,1.39216153252454,9.83627473335628,3.26266476673902e-07,8.79848369518046e-05,7.02949203038792,34.64,42.52,41.05,26.58,46.48,162.43,111.07,123.51,131.6,101.98
"6","TRINITY_DN100079_c0_g1",1.04540131340186,1.86082385376881,3.25887142119635,0.00658146286336976,0.0352158063891352,-2.61096941224595,53,70,67,70,73,206,220,116,97,85
"7","TRINITY_DN100124_c0_g1",-3.30804204555213,-1.61812814958918,-4.78949807812392,0.000403282976629016,0.00529177259558874,-0.0675484602336427,42,35,29,13,28,0,2,1,9,3
"8","TRINITY_DN10017_c0_g2",-1.55245730778575,0.84394842999894,-4.64381208070774,0.000520346974292584,0.00633436858405093,0.0381189618477045,104,54,62,66,147.98,20.01,16,35,47.02,17
"9","TRINITY_DN100172_c0_g1",4.22660047339451,-2.17656837408432,4.6255464215311,0.000537346361552177,0.00648313847106986,-0.288534371778259,6,1,0,4,0,69,13,30,13,17
"10","TRINITY_DN100308_c0_g1",-1.00791453841876,1.68590478455358,-3.99924490512497,0.00165766163378371,0.0140024343850217,-1.22034153150524,154.19,125.9,111.7,76.24,140.18,70.35,22.64,61.81,89,61.01
"11","TRINITY_DN100327_c0_g1",1.17786144186052,-0.786719851476488,3.42125028471779,0.00485007885608374,0.0286312588765355,-1.91956290029639,9,14,6,15,12,24,19,20,17,23
"12","TRINITY_DN100369_c0_g1",-1.31699972538975,-0.648594399619138,-4.67161889867911,0.000495535439922596,0.00614219997177056,0.133346435845181,34,28,25,22,30,8,4,12,18,6
"13","TRINITY_DN100375_c0_g1",-2.00687314226971,-1.04371072432968,-3.40800248651185,0.0049721918170367,0.02915876704561,-1.91380255615249,41,32,10,21,41,11,4,2,5,6
"14","TRINITY_DN100432_c0_g1",1.17139681573008,0.0413056885461572,3.54872524847049,0.00381975411079958,0.0244545509893775,-1.79381452957152,20,9,23,22,26,28,47,49,49,24
"15","TRINITY_DN100443_c0_g1",-1.02156993029324,-0.698965911039364,-3.57949071450439,0.00360632897312367,0.0235353211542262,-1.65935704729416,22,32,21,23,22,14,8,10,10,7
"16","TRINITY_DN100470_c0_g1",1.26911275830334,-1.68056220189782,3.49280711238808,0.00424114520806541,0.0262031230549816,-1.78869813555526,8,10,4,3,6,12,9,12,13,9
"17","TRINITY_DN100489_c0_g1",-3.06532782784057,-1.36292538784337,-4.04031938878936,0.00153755485845453,0.0133043246445179,-1.01377004804266,43,19,20,24,60,0,4,2,9,4
"18","TRINITY_DN100503_c0_g1",1.23820379872605,-1.19694101928526,3.33864339421769,0.00566422026956174,0.0318711482052439,-2.02963576009297,10,6,14,3,12,15,13,15,26,12
"19","TRINITY_DN100517_c0_g1",-1.67529400338255,0.618124013540499,-5.38403146382249,0.000146819822807519,0.00272825333420394,1.27127542720073,118.87,75.13,43.19,60.8,79.99,25.39,18.31,15.3,31.3,14.2
"20","TRINITY_DN100553_c0_g1",-1.14721079118222,-1.04145006867265,-3.21085498609275,0.00720433907018233,0.037482562686892,-2.25248121848953,19.33,16.53,22.72,13.48,25.45,7.38,13.54,5.47,5,7
"21","TRINITY_DN100585_c0_g1",-2.07407296701341,-1.48112685236152,-3.11257959100614,0.00867014451683209,0.0426121919622531,-2.38235233300925,28.71,24,15.01,19,16,15.01,4,0,7,3
"22","TRINITY_DN100611_c0_g1",-2.95377510060561,-2.38748550758636,-4.75545698809672,0.000427921816298371,0.00552048202693348,-0.17229656050819,14.42,18.01,13.23,11.99,15.58,0,2.18,2.21,0,2.15
"23","TRINITY_DN100627_c0_g1",-2.50355559642071,-2.42320351655555,-3.18861120127232,0.00751266567324545,0.0385873605819396,-2.30643662154506,13,11,7,18,15,0,10,5,1,0
"24","TRINITY_DN10065_c0_g1",-1.47338252224455,1.39377835312023,-4.46922501272547,0.000708738971904904,0.00785696330139541,-0.328343113626492,84,137,160,123,81,36,35,34,28,75
"25","TRINITY_DN100667_c0_g1",2.43649903815423,-1.02681284099356,3.99788920681427,0.00166178668218337,0.0140320209124132,-0.977275871441256,3,2,12,22,8,27,29,16,38,31
"26","TRINITY_DN100767_c0_g1",3.88819087481944,-1.87715708315376,3.84580307666887,0.00219859975790245,0.0169041939745082,-1.33712172637856,1,0,8,3,3,64,27,44,12,11
"27","TRINITY_DN100780_c0_g1",-2.4101366263076,-0.870852653404408,-6.75744606785229,1.71624298047309e-05,0.000731906426907826,2.76545753667336,34,41,31,32,31,3,7,3,8,5
"28","TRINITY_DN100782_c0_g1",1.65565862643626,-0.647988541093613,3.60303435597149,0.00345123391353363,0.0228431179356601,-1.61264625144462,5.8,9.72,9.3,12.26,17.13,21.01,42.2,43.34,21.29,18.21
"29","TRINITY_DN100851_c0_g1",1.83768991542106,-0.455435429019989,5.42864725807429,0.00013636711381881,0.00259394313883234,1.28813691245762,7,14,11,13,11,54,30,32,31,25
"30","TRINITY_DN100857_c0_g1",1.02909914711524,-0.374420337428038,3.38133037347994,0.00522757474595408,0.030135324214853,-2.03752737929647,29,11,13,13,13,32,15,21,45,26
"31","TRINITY_DN100894_c0_g1",1.09222620246592,-0.865876292598928,3.13387285403432,0.00832904173876102,0.0414065160402509,-2.40114643155102,12,16,11,13,5,21,15,20,24,14
"32","TRINITY_DN100902_c0_g1",-1.76436910495364,-0.307458697457715,-7.4024919482263,6.83455118122339e-06,0.000428720403862438,3.89207392316331,46.6,37.13,36.7,42.09,36.39,11.73,6.45,10.9,11.79,8.91
"33","TRINITY_DN100920_c0_g1",1.53514243080535,-1.07510490965155,3.24739942439189,0.006725165751556,0.0357582858588227,-2.18265268342423,12,4,16,5,8,17,9,18,50,16
"34","TRINITY_DN100938_c0_g1",-1.41161664345962,-0.0759003457856719,-3.38181042987339,0.00522286288614867,0.0301151264704105,-2.06129141123726,67.25,20.08,27.05,46.57,69.13,21.07,6.02,14.08,18.07,10.04
"35","TRINITY_DN101013_c0_g1",-2.29576967937618,0.142331915199618,-9.08682309388853,7.79419870430992e-07,0.000133228297645252,5.80819726441518,79.16,58.48,52.04,52.51,82.41,16.21,7.46,10.7,12.79,10.54
"36","TRINITY_DN101024_c0_g1",-1.24841664128234,1.81298858210688,-4.35234936054492,0.000873436933277148,0.00904376151468411,-0.599618960796253,134.84,148.22,176.29,77.17,198.06,47.07,28.55,54.15,111.71,68.71
"37","TRINITY_DN10109_c1_g5",1.56186365908353,-1.4959241517767,4.57865095917029,0.000583691309189246,0.00690034689044616,-0.143431548110765,6.02,5.06,5.14,4.88,8.02,15.01,15.05,11.5,15,14.01
"38","TRINITY_DN101108_c0_g1",-1.6898953118085,-1.06002670150366,-4.36808261914245,0.000849130619769057,0.00886734484876902,-0.384500578080416,32,21,26,15,25,15,3,8,4,3
"39","TRINITY_DN101117_c0_g1",-1.84619196701809,-1.17012912760863,-3.1072902735362,0.00875702372028162,0.0429266375149655,-2.39903820837049,33,16,31,17,24,10,9,8,9,0
"40","TRINITY_DN101118_c0_g1",2.76924384293318,-1.03316566111439,4.41816773327456,0.000776319823164344,0.00833014897636936,-0.359781924483649,11,7,9,7,1,53,17,43,29,23
"41","TRINITY_DN101171_c0_g1",2.38039872354701,0.506474064693893,8.82565179423871,1.06950298293607e-06,0.000153653983309257,5.7212423276536,17,15,13,14,29,103,97,72,79,65
"42","TRINITY_DN101198_c0_g1",1.59909339917647,1.08106717088784,5.9435023190495,5.93391161180292e-05,0.00156719877991761,2.1245812566907,48.57,34.64,16.69,23.76,53.69,106.3,65.5,106.35,120.79,76.57
"43","TRINITY_DN101224_c0_g1",-3.21151048655821,-1.47058628287419,-5.47235957440111,0.000126882434817874,0.00248740464922355,0.78455114123646,26,47,28,35,20,3,1,1,4,2
"44","TRINITY_DN101231_c0_g1",1.80655851764998,-0.409729646177174,4.35282076415689,0.00087269827808786,0.00904315677769987,-0.37245822117359,10.35,3.08,13.77,20.39,19.38,45.07,26.5,36.95,42,24.79
"45","TRINITY_DN101366_c0_g1",1.37181617612672,0.95330070359457,4.3836837769925,0.000825720263436156,0.00870104254768181,-0.42757960189073,33,36,27,39,29,47,99,73,147,57
"46","TRINITY_DN101376_c0_g1",1.37273076798757,-1.01817799291437,3.80042081337651,0.00239110414491421,0.0178716214297463,-1.27578993542136,7,5,15,13,8,20,16,18,28,13
"47","TRINITY_DN10143_c0_g1",-2.15429756089536,0.257612427344839,-6.47539977012859,2.61118869353566e-05,0.000960705460803198,2.85433991751465,92.31,53.81,81.56,44.58,74.37,8.64,6.48,20.22,32.14,7.48
"48","TRINITY_DN101472_c0_g1",-2.24989929795538,-1.37448349501856,-3.28707094338074,0.00624123491145264,0.0339936943123182,-2.10850060005442,18,21,11,26,51,1,4,2,5,11
"49","TRINITY_DN101477_c0_g1",-1.24883955360281,1.08215480831537,-6.70482230992632,1.85453299678341e-05,0.000768528956680328,3.24191972486574,87,105,81,64,93,32,26,30,45,36
"50","TRINITY_DN101483_c0_g1",1.745024943814,-1.65004398209124,3.98640788102166,0.00169714791352382,0.01423417142209,-1.0527643344664,6,3,11,2,7,13,17,13,15,11
"51","TRINITY_DN10149_c0_g1",-1.94098282949293,1.33520526115043,-8.69411586863871,1.25760076766578e-06,0.000164987292290637,5.78130530384179,162,125,109,87,168,28,31,29,35,34.15
"52","TRINITY_DN101543_c0_g1",-1.56534656887299,-0.850771759514692,-4.52960541490923,0.000636631956273523,0.00732979632099455,-0.108795037294966,25,18,30,20,41,11,5,9,7,4
"53","TRINITY_DN101599_c0_g1",2.57374894388766,-1.17677843921873,5.18710909022972,0.000204078067241963,0.00338003451369221,0.693076879981134,6.96,2.4,7.42,3.22,9.04,26.68,14.69,28.97,56.9,16.8
"54","TRINITY_DN10160_c0_g1",-2.15093454434494,2.30389790902937,-8.76244441314252,1.1558319537567e-06,0.000162209273802827,5.9285220856581,377.35,238,263.07,186.99,321.25,84.22,37.17,46.43,112.32,38.57
"55","TRINITY_DN10161_c0_g1",-1.33060329933011,0.410465573581379,-6.49798770796582,2.52389342313252e-05,0.000940386089861178,2.92495516334421,61.17,51.56,53.03,45.75,69.2,25.09,12.49,16.42,32,16.67
"56","TRINITY_DN101614_c0_g1",-1.9558567246689,-1.53378817030114,-4.68267754818558,0.000486013485981977,0.0060542804389454,-0.0467306906335478,23,14,22,12,25,4,1,2,6,6
"57","TRINITY_DN10162_c0_g1",-1.00056244897714,2.84057358805542,-4.55871558938199,0.000604635036766442,0.00708077765748588,-0.404813561937371,249,210,442,163,310,142,96,158,145,118
"58","TRINITY_DN101628_c0_g1",-2.60426240994842,-2.33580569104671,-3.05324677845434,0.00969620523295618,0.0460717612922765,-2.49911758868165,11,23,17,4,23,2,0,0,16,1
"59","TRINITY_DN10168_c0_g1",1.38301536948945,2.32246283300591,6.31698339673902,3.32086330352147e-05,0.00111161763721835,2.60434987541543,63,64,124,86,81,243,195,276.79,211.9,138.53
"60","TRINITY_DN101698_c0_g1",-3.65536352920434,-1.63378039035039,-4.54373460855075,0.000620887289293811,0.00720341960278435,-0.384135763518173,56,26,44,10,39,1,0,4,5,1
"61","TRINITY_DN101769_c0_g1",-1.90191170851937,0.431887422384016,-4.93517445621503,0.000313437089149085,0.00448501125297053,0.55933668490771,128,51,57,59,73,25,4,19,37,11
"62","TRINITY_DN101781_c0_g1",-1.6555132449892,-1.00532694725243,-4.1418482823991,0.00127764508018671,0.0117103063871245,-0.730422612558108,28.59,20.5,35.37,15.27,23,7.01,1.34,5.85,5.91,14.98
"63","TRINITY_DN101866_c0_g1",2.59718036803371,-1.84619647982464,4.23061122433442,0.0010876631035991,0.0105226603345092,-0.815758528587534,4,6,8,1,2,24,9,24,12,16
"64","TRINITY_DN10187_c0_g1",1.01647420322299,2.05334576635028,4.59872511179522,0.000563363345471996,0.00673994549119641,-0.207417529883732,55,106,57,88,90,180,155,146,155,122
"65","TRINITY_DN101976_c0_g1",-1.4790166520147,-0.360485417619616,-4.83214558391618,0.00037448790408699,0.00502404345598727,0.399598017619448,33,35,44,21,43,16,10,9,8,12
"66","TRINITY_DN102026_c0_g1",-1.28292000090133,-1.14155908803246,-3.46471797763718,0.00447034818795959,0.0271946636015069,-1.82400998840982,23,21,13,16,24,12,4,7,4,6
"67","TRINITY_DN10206_c0_g1",-1.39085238637116,1.38574308072266,-7.56141150841883,5.49146328886148e-06,0.000376859350691441,4.41005857665943,144.03,88.31,114.97,93.84,114.14,48.06,37,32,59.01,27.82
"68","TRINITY_DN10211_c0_g1",1.4403238086722,1.93183179937231,4.91709905321,0.000323344101773878,0.00457815208910342,0.374781184390707,39.09,66.67,81.08,97.86,42.56,150.36,107.72,197.96,159.06,208.44
"69","TRINITY_DN102121_c0_g1",-1.41431259518831,-0.058932496159581,-4.66480592225708,0.000501498273179408,0.00618841421109233,0.130794301371552,68,44,27,32,47,18,11,16,15,9
"70","TRINITY_DN102155_c0_g1",-1.75626935208013,-0.502828849774512,-4.00203912403884,0.00164919274683476,0.0139658919666984,-0.948219767561866,47.43,32.92,17.39,35.65,55.21,6.28,3.19,8.09,20.5,8.14
"71","TRINITY_DN102246_c0_g1",2.50539961785747,1.74758650469483,7.86990806150608,3.62253246415436e-06,0.000300489369277017,4.81240633942613,25,46,57,50.44,25,203,133.2,215,379.59,154.66
"72","TRINITY_DN102250_c0_g1",1.59294230137007,0.115975093702888,3.72760882781768,0.00273677311346597,0.0195383574431647,-1.4775508238798,43,24,22,6,10,49,47,27,81,43
"73","TRINITY_DN102270_c0_g1",-3.3678667290048,-1.23608095198162,-5.44663057475614,0.000132377859435248,0.00255198508369118,0.842877891121153,38,37,28,29,48,3,6,0,3,7
"74","TRINITY_DN10228_c1_g1",1.30636444173251,3.2930523740269,7.58979183929222,5.28274598341635e-06,0.000370909213624578,4.35913830872636,101.07,176.28,185.46,192.94,172.98,391.14,341.81,404,465.47,385.41
"75","TRINITY_DN102284_c0_g1",1.15586253226488,1.28499517875091,5.92224358783195,6.13681568564121e-05,0.00160261221779084,2.07950661803296,43.6,48.63,36.84,41.72,46.36,88.93,104.26,111.74,92.25,69.86
"76","TRINITY_DN10236_c0_g3",1.0901345308901,0.775686895636919,5.07148961172681,0.000248227856542726,0.00384911456678834,0.753376282584997,37,28,40,31.49,24,68.64,45,49,93.61,64.58
"77","TRINITY_DN10236_c0_g4",1.36531584486567,-1.21399622062202,3.41570191728999,0.00490084739471601,0.0288591950352914,-1.90228759106234,6,11,10,9,5,11,14,13,25,20.03
"78","TRINITY_DN102398_c0_g1",-1.44769312573751,0.186082417187488,-4.16829943542902,0.00121768874727293,0.0113053037366501,-0.719475273613351,60.33,53.13,28.43,35.5,88.57,15.53,12.23,12.19,20.23,21.69
"79","TRINITY_DN10240_c0_g1",1.00649995620709,0.29191364392986,4.37860294475959,0.0008332699246426,0.00875284567071377,-0.374789689609478,21.99,30.27,21.32,19.76,24.19,62.61,32.1,40.44,41.62,41.63
"80","TRINITY_DN10242_c0_g1",-2.17527091158935,-0.773317226886428,-6.10072154110298,4.63660713545635e-05,0.00134806804006848,2.07848468710455,44,23.84,41,28.01,32,2.99,5.5,10,7.01,5.35
"81","TRINITY_DN10242_c2_g1",-1.48569055644593,-0.249441516607537,-5.24565769117694,0.000184940346063699,0.00316072371351169,1.04636307761234,29,35,48,35,43.97,14,5,12,13,15
"82","TRINITY_DN10243_c0_g1",-1.0700060276336,3.27577261603795,-5.55482479721932,0.000110829157680513,0.00227783625297147,1.25454493404168,305,318,499,399,320,144,149,132,286,180
"83","TRINITY_DN10245_c0_g1",2.55575492726627,-0.0994814009376265,5.98156329205293,5.58812969596445e-05,0.00152398812764177,2.095884862526,11,10,18,10,8,91.99,42,49.63,102.84,26.03
"84","TRINITY_DN10245_c0_g2",3.01581747082071,-1.56322386546691,6.30921730256341,3.3605307733365e-05,0.00111613951128011,1.67540807676847,3,7,4,1,6,27.01,15,20.37,35.16,19.97
"85","TRINITY_DN10251_c0_g2",2.2682606992292,0.739423245402243,4.21469822525316,0.00111943997899469,0.0107194443188433,-0.679984652092528,47,24,6,66,9,84,106,58,145,84
"86","TRINITY_DN102545_c0_g1",1.55631545076036,-1.61279077392895,3.83480952642818,0.00224372398213624,0.0171324706404771,-1.26436319238696,10,7,4,3,5,11,10,17,12,16
"87","TRINITY_DN102624_c0_g1",-1.98904788273915,-1.27655892593925,-5.64721298958523,9.53519829564243e-05,0.00209355070494878,1.31849648937768,25.37,22.61,19.99,21.9,21.76,7.27,2.14,2.11,4.48,5.33
"88","TRINITY_DN102632_c0_g1",-1.29220715160871,-1.42080227633065,-3.05333233111312,0.00969464159869777,0.0460687224878353,-2.48246377187685,20.61,18.02,12.64,9.4,22.2,8.62,3.65,1.15,8.53,5.24
"89","TRINITY_DN10265_c0_g1",1.21357339738568,-0.903330221671965,3.62234494474008,0.00332910750703479,0.0223372808274839,-1.57302129587032,16,13,10,6,7,27,17,21,23,11
"90","TRINITY_DN102655_c0_g1",1.22404493317191,-0.97810812244674,3.27239158601408,0.00641606945441962,0.0346356589616872,-2.15294334592537,15,9,11,5,9,16,9,23,20,29
"91","TRINITY_DN10269_c0_g1",-1.11691373232487,1.04923796403948,-4.49673238845205,0.000674890862808546,0.00760174744319802,-0.243738771408873,105,56,93,60,98,40,16,38,60,29
"92","TRINITY_DN102749_c0_g1",1.46933902667322,-1.4035652801221,3.09563636217165,0.00895153250256753,0.0435251355379943,-2.4146641168762,6,4,5,12,9,18,10,27,18,6
"93","TRINITY_DN102769_c0_g1",-1.4063699012653,-0.783939319953165,-3.27928207621252,0.00633339547310872,0.0343380929332125,-2.15397182710917,25,23,20,16,51,14,8.01,5,5,11
"94","TRINITY_DN10277_c1_g1",1.28850592992103,-0.489621687352311,3.61259059908807,0.00339023656082882,0.02259426568945,-1.61756809009991,13.76,7.01,11.39,16.06,17.06,17.96,34.78,30.93,42.44,16.8
"95","TRINITY_DN10280_c0_g5",1.00856138286915,-0.0166987102498758,3.86607986713914,0.00211779754268544,0.016470914336271,-1.23362170973953,16.38,25.2,20.09,16.81,18.1,38.47,22.66,38.97,57.41,21.28
"96","TRINITY_DN102876_c0_g1",1.07058761851509,0.482143979255652,3.59227517687976,0.00352124947447978,0.0231558963265058,-1.7753591403107,33,29,26,31,16,87,34,60,51,33
"97","TRINITY_DN102972_c0_g1",1.07911359479814,-0.485734945922793,3.29203620538465,0.00618319129845481,0.0337627189707453,-2.17669562676393,10.31,21.44,8.53,11,21.07,34,21.07,16.55,31,23.93
"98","TRINITY_DN103_c0_g4",-1.22066320447543,3.16538332738921,-8.52043391974947,1.56193859070199e-06,0.000187197895644227,5.60177792682276,365.71,303.64,496.66,297.27,329.66,146.05,119.88,153.19,219.43,128.53
"99","TRINITY_DN103057_c0_g1",-1.02490206092363,-0.811665687084427,-3.84467688360334,0.00220317923765164,0.0169289603166842,-1.20711099099679,27,21,25,14,25,10,5,11,10,9
"100","TRINITY_DN10308_c0_g1",1.45041100371767,2.85886298517748,3.76788293928503,0.00253968760974039,0.0185837437851736,-1.842212219041,192,107,49,103,167,425,410,217,211,370.69
"101","TRINITY_DN103097_c0_g1",-3.5549346262341,-1.55067921040703,-5.61842651563078,9.9914331750001e-05,0.00214796101532761,0.917013132924839,35,19,34,39,35,0,2,6,2,2
"102","TRINITY_DN103143_c1_g1",-1.50349868145423,-0.0343603872834316,-4.80344123790623,0.000393622617402643,0.00520062690719823,0.356322075559246,69,36,52,24,47,9,9,15,18,19
"103","TRINITY_DN10335_c1_g1",-1.86278609688459,-1.08477616209533,-4.96879543668137,0.000295844662081105,0.00431249822769864,0.487092858106374,22,23,27,27,24,6,5,9,7,1
"104","TRINITY_DN103371_c0_g1",1.41507766300922,-0.115526008149618,4.72090123109802,0.000454543965496863,0.00575721044510038,0.223207154267248,12,15,16,15,20,42,44,43,27,33
"105","TRINITY_DN103381_c0_g1",2.54691600813162,-1.56794888950359,4.82847985617937,0.000376876451372613,0.00504929366575621,0.0710240005566032,6,1,4,10,5,20,22,16,22,17
"106","TRINITY_DN103413_c0_g1",-1.21852633928179,-1.11280055261056,-3.30113717765047,0.00607821142607855,0.033398969933108,-2.09423036231456,21,19,19,20,19,5,6,6,19,2
"107","TRINITY_DN10342_c0_g1",3.67008546495241,0.874787476105693,14.7960387148473,3.01828818131423e-09,5.01569069010195e-06,10.0749086343868,10.1,15.08,20.15,13.08,13.16,149.41,146.61,182.84,187.29,177.64
"108","TRINITY_DN1035_c0_g2",1.25442768273184,3.57440159981595,7.99440151742416,3.07242751268112e-06,0.000270976365269373,4.88213904445415,257,166,186.95,128,291,449,429.02,476.84,567,471.9
"109","TRINITY_DN10351_c0_g1",1.02184960572738,1.60664586201471,4.19988671650216,0.00114988005214322,0.0108904245627458,-0.847912034414985,75,50,51,61,49,202,72,93,119,98
"110","TRINITY_DN103608_c0_g1",-3.65508685838405,-1.15766946225298,-5.59522352481777,0.000103758948341116,0.00219834035344226,0.989680774406871,57,39,42,18,74,3,2,1,4,2
"111","TRINITY_DN103616_c0_g1",1.29688080150005,2.47487600492517,6.51954163052368,2.4434737726967e-05,0.000920049078476198,2.89517041284835,88,127,90,97,69,246,226,245,196,214
"112","TRINITY_DN103625_c0_g1",1.19323028747798,-0.380453811664924,3.54312206430445,0.00385998689043547,0.0246171071317487,-1.75126649591964,17.03,16.15,11,12,14,14,23,34.91,45,32
"113","TRINITY_DN103646_c0_g1",-1.51435736391754,0.311597261580062,-6.73629233155588,1.77047012882357e-05,0.000748628052012227,3.23857491718625,81.2,43,49,54,54.13,20.14,14,17,21,14
"114","TRINITY_DN103660_c0_g1",1.26074042715355,-1.28037978033647,3.23599660253711,0.00687113368979246,0.0362636701076883,-2.19401908887795,9,4,14,6,8,13,10,11,26,18
"115","TRINITY_DN103774_c0_g1",-1.53243135894665,-0.9071844332509,-3.72119244727756,0.00276958782505599,0.0197049039307145,-1.40574620948005,36,38,27,15,16,6,6,9,11,3
"116","TRINITY_DN10382_c0_g1",1.56118994880089,-0.955538309153506,3.06159347609003,0.00954483444865954,0.0455565947122091,-2.4997715690481,18,6,2,18,9,24,16,21,16,30
"117","TRINITY_DN10383_c0_g1",1.6421868999161,1.83237429051455,8.11567299680866,2.62149276431102e-06,0.000247517573445449,5.1307777865192,62,42,43,62,60,142,198,148,173,155
"118","TRINITY_DN103836_c0_g1",1.90880615890277,0.692295225521452,4.72760747397088,0.000449245494128007,0.00571573145187366,0.196659640662731,27.67,20.68,6.34,36,42.7,86.19,81.97,101.97,81.82,50
"119","TRINITY_DN10401_c0_g1",-1.47638382206166,4.06082337794033,-6.35869965356637,3.11610205398654e-05,0.00107101776481796,2.45837696614215,833.3,735.11,505.66,540.31,1152.06,256.13,183.41,254.27,442.98,204.85
"120","TRINITY_DN104022_c0_g1",1.27440375066069,-1.22414063244238,3.67691495487286,0.00300727189485056,0.0208224341352757,-1.47791532436429,8.23,10.21,9.31,5.36,6.38,22.34,10.5,16.73,13.1,16.36
"121","TRINITY_DN104044_c0_g1",-1.06748683335069,-0.169820815244719,-3.39126896504609,0.00513089686678542,0.029774078052802,-2.04239791022833,37.01,24.61,28.17,32,59.08,10.47,7,19,24.01,14.34
"122","TRINITY_DN104064_c0_g1",-1.56412214170381,-1.28507129670304,-3.22176218044354,0.00705783293307256,0.0369630893965567,-2.21358222391376,14,19.8,17.03,13,39,2,6,3.04,8.73,7.77
"123","TRINITY_DN10410_c1_g1",1.01504101083903,0.464030612542661,4.18695845699385,0.00117714885775603,0.0110620927437722,-0.721681079881737,27.45,16.09,29.05,33.43,29.18,39.47,38.32,58.4,71.81,40.85
"124","TRINITY_DN104108_c0_g1",-1.14505675312217,0.770377066590936,-4.63801465230232,0.000525680979765436,0.00638360664348539,0.0291602373105464,103.12,56.97,70.46,44.4,71.51,28.18,18.5,33.06,48.59,17.38
"125","TRINITY_DN104152_c0_g1",2.3074220393366,-1.72336094213557,5.3349142695469,0.000159307284283804,0.00286299424780119,0.6754110958384,8,5,3,4,2,17,12,13,23,14
"126","TRINITY_DN10422_c0_g1",-2.13985236542259,3.74945102182667,-9.75256069851544,3.58657716542753e-07,8.98500660442507e-05,7.05770561462894,833.27,645.96,935.93,616.13,667.5,164.5,159.1,84,313.79,167.08
"127","TRINITY_DN104289_c0_g1",1.82682477138669,-0.0394214177402492,4.96150890540085,0.000299567724882513,0.00435171755069173,0.61000933254939,14,10,9,13,35,74,24,42,62,38
"128","TRINITY_DN104293_c0_g1",-1.76672434162332,-1.79192041961983,-3.4268811846403,0.00479909988319222,0.0284245605889013,-1.90880443744234,16,12,15,8,24,3,9,4,2,1
"129","TRINITY_DN104322_c0_g1",-1.59887961952907,-1.16213333082558,-4.22199550916587,0.00110475041585721,0.0106261089102315,-0.618738410147476,25,24,23,11,27,5,3,3,11,7
"130","TRINITY_DN10433_c0_g2",1.59493262092975,0.42065334372301,3.53819569220295,0.0038957159459893,0.0247657647354507,-1.85254174773085,17,20.03,14.99,12,60,114,82.01,39,48.53,38
"131","TRINITY_DN104389_c0_g1",-1.49312650154492,-1.56348436971824,-3.69773063961213,0.00289303977270352,0.0203079008432256,-1.46817211407145,15.19,16.42,19.18,10.17,18.11,3.1,2.1,1.58,10.22,5.08
"132","TRINITY_DN10440_c2_g1",1.75516399361807,1.18645640602991,7.24097088733751,8.56402727386228e-06,0.000487377227949608,3.97844275015207,33,30,35,33,36,80,78,94,189,116
"133","TRINITY_DN104401_c0_g1",-2.02278341801403,-0.665671050210293,-5.34988736361759,0.000155386439225401,0.00281690187443779,1.12145842422406,50.03,35.02,24.01,27,34.9,6,7,12,4,7
"134","TRINITY_DN10445_c5_g1",1.14194461381256,-0.190416102359132,4.51751360484757,0.000650435819152397,0.0074252752214803,-0.110156219508712,16.34,21.43,10.74,13.14,21.27,37.35,24.74,26.12,37.57,32.94
"135","TRINITY_DN10448_c0_g1",1.83249369818805,1.3189706059906,3.37323325524684,0.00530770104240633,0.0304213405457672,-2.28011553096496,84.99,6.22,69.91,27.01,52.25,82.62,83,228.81,159,104.54
"136","TRINITY_DN10462_c0_g1",-1.44264028407802,2.51444490313163,-11.006832267598,9.25289610852393e-08,4.2319690798004e-05,8.36792563271395,236.84,221.67,285.83,214.4,256.4,75.82,66.69,107.78,108.88,87.09
"137","TRINITY_DN10462_c0_g3",-1.60848410596821,3.04484648273495,-6.88387657151858,1.4268154184571e-05,0.000665397839629014,3.38592890269887,527.86,341.36,430.15,226.9,400.85,100.76,94.24,135.18,233.87,81.61
"138","TRINITY_DN1047_c2_g1",-1.86235345243343,-1.49204799495141,-4.22464859249717,0.00109945924554966,0.0105915636267415,-0.675262382995573,19,21,14,15,22,7,6,3,2,3
"139","TRINITY_DN1048_c0_g3",-1.10290859615657,1.3627780143779,-4.8762152779974,0.000346979004708988,0.00478240097366801,0.37274219581936,75.27,137.46,100.88,92.27,93.76,53.5,47.39,39.38,42.54,35.3
"140","TRINITY_DN10481_c4_g3",1.09513183278043,-0.504137827407767,3.38859804581308,0.00515669908365916,0.0298752956906055,-2.0070519491652,23.09,16.39,6.22,15.85,10.61,29.94,21.64,22.85,28.1,20.39
"141","TRINITY_DN10481_c6_g1",2.59477832069156,-2.10179053387787,4.29178988042848,0.000973930926571466,0.00973794193388834,-0.758995918351608,1,2,2,6.88,6,11,14.01,18.07,11.63,12.17
"142","TRINITY_DN104815_c0_g1",1.58713452330887,-0.67323081400627,3.87626631189836,0.00207836122961756,0.0163092306595505,-1.15478770195047,10,3,13,14,19,23,23,34,32,21
"143","TRINITY_DN104827_c0_g1",-1.77553439513101,-1.86177219603523,-3.37436628898297,0.00529641458739154,0.0303880948814858,-1.99563959359543,16,10,21,12,12,8,4,1,2,3
"144","TRINITY_DN10483_c0_g1",1.24763549670839,0.127840512219115,5.43863624725911,0.000134135883082089,0.00257393232459253,1.36032586585769,15.88,16.65,25,16,25,37.17,46.1,37.95,49.11,38
"145","TRINITY_DN10490_c0_g1",-1.65979632750254,-0.839916691832462,-4.2012777790184,0.00114698513035057,0.0108759870899048,-0.627482562119526,20,41,22,27,30,7,7,4,14,4
"146","TRINITY_DN10503_c0_g2",-2.73553184507818,-0.921488405881341,-3.4021391106115,0.00502722787878556,0.0293847334319494,-1.92220435759079,32,53,61,10,57,1,1,5,8,18
"147","TRINITY_DN10508_c0_g1",-1.55305782545344,0.88352024462144,-6.17563530456922,4.12736107820106e-05,0.0012557715653669,2.47707697199299,80.42,62.5,81.94,69.3,135.72,25.42,17.12,26.76,45.47,19.87
"148","TRINITY_DN10523_c0_g1",1.0961626091249,2.09019039376422,3.82778272265499,0.0022730627467356,0.0172900514362237,-1.60434381789937,85.73,82.62,82.73,99.55,46.45,304.89,103.38,131.07,186.25,125.83
"149","TRINITY_DN105267_c0_g1",1.10007574213262,0.270649703967233,3.23826867132566,0.00684179657154649,0.036145202779283,-2.37811341472646,18.96,12.22,26.59,29.11,32.97,48.3,17.6,57.72,64.18,44.61
"150","TRINITY_DN10532_c1_g1",-4.04870624692548,-1.47279996974305,-3.60438798558354,0.0034425261769093,0.0228036483520408,-1.67427390735225,50,19,90,66,17,10,3,0,3,0
"151","TRINITY_DN10543_c0_g1",-1.22581574355127,1.41647607029721,-3.00998558963353,0.01052002854475,0.0486295615128637,-2.97449427946247,170.54,97.2,150.34,77.31,73.8,107.3,19.47,56.85,72,14.64
"152","TRINITY_DN105467_c0_g1",1.597056005698,-0.963846734417614,3.37231379646661,0.0053168779013214,0.0304529312976305,-1.98003194752349,23,5,11,2,12,36,20,16,25,16
"153","TRINITY_DN10553_c2_g1",-1.51955916626817,0.346427205735451,-4.77972980311057,0.000410197976223995,0.00535610259525794,0.303076230748452,55.03,41.22,50.14,46.01,104.3,15.29,26.25,19.33,20.93,10.24
"154","TRINITY_DN10553_c3_g1",-1.18778107944339,-0.155770197827243,-4.02063339139749,0.00159395897354934,0.0136364361356788,-0.9474900751547,31.1,41.11,40.44,37.37,32.04,15.06,8.24,27.3,12.01,10.24
"155","TRINITY_DN10560_c0_g1",-1.34743269435968,-0.477970903581175,-3.48384866642849,0.00431291899369988,0.0265101983233074,-1.83781326334067,25.17,33.13,34.15,33.18,25.1,6.02,22.07,11.05,6.02,12.03
"156","TRINITY_DN105678_c0_g1",-5.72670088836483,-2.30949770788007,-12.6023123865293,1.96499744379448e-08,1.63126333684499e-05,5.34110743526582,52.19,33.4,45.29,26.36,41.81,0,0,0,1.02,0
"157","TRINITY_DN10574_c0_g1",-2.7690691306507,0.914883725120021,-5.31323066889149,0.000165170535175092,0.00292378654710471,1.15844040205756,260.67,87.32,84.99,85,200.02,6,16,18,46.99,15
"158","TRINITY_DN105748_c0_g1",1.16484786487183,-0.510164201987465,3.82684508696121,0.00227700726032227,0.01730949114804,-1.25301646728633,14,18,8,19,10,23,23,22,33,24
"159","TRINITY_DN105769_c0_g1",-1.09890639352821,-0.171210544247658,-3.51043308280422,0.00410344974717791,0.0256352481511354,-1.83238933912743,48,40,23,38,31,24,11,9,20,10
"160","TRINITY_DN1060_c2_g1",-1.31522494049906,1.14227296800914,-6.932321730173,1.33006774917727e-05,0.00064112250877826,3.56006430615304,108.21,87.21,113.11,61.09,92.67,34.08,22.8,35.77,51,30.78
"161","TRINITY_DN10606_c0_g1",-1.26818239944752,1.23947256406768,-3.67905265238408,0.00299533136386452,0.020774381536274,-1.72365881597473,79.99,165.17,64.08,84.87,115.84,66.21,15,36.69,52.88,31.5
"162","TRINITY_DN10608_c0_g1",1.47458228947828,1.44806277808611,6.84256784587376,1.51521726763161e-05,0.00068619114595336,3.43522946367591,36,51,42,46,44,132,91,156,103,109
"163","TRINITY_DN10611_c0_g1",1.41598679408345,-0.525100762914596,3.91504556421836,0.00193499914170153,0.0155164085911607,-1.09902333045198,7,20,10,17,11,32,29,22,39,17
"164","TRINITY_DN10622_c0_g1",-1.17629821309676,5.72597304494952,-6.135764730832,4.39058515789249e-05,0.0013005575869068,1.91499375991077,2453.6,2179.65,2113.8,1706.37,1984.61,1231.9,599.2,716.95,1652.07,656.71
"165","TRINITY_DN106270_c0_g1",-2.73335595306699,-2.16646088370179,-4.02038465792854,0.00159468511942562,0.0136364361356788,-1.1209405223178,14,13,21,11,22,3,2,0,11,0
"166","TRINITY_DN1063_c0_g1",1.3662410017094,5.23317801965053,3.5474345622084,0.0038289837015535,0.0244989407415864,-2.631759688179,352.45,840.25,391.59,807.66,858.2,2632.45,2507.98,1228.09,998.73,1080.03
"167","TRINITY_DN10632_c0_g1",1.32959847343932,0.519495124410596,4.23616791826953,0.00107678786754161,0.01044989401607,-0.637669775049377,19,26.03,43,26,16,65,62,74,60,31
"168","TRINITY_DN10632_c1_g1",-1.19282547347701,-0.445110129935413,-3.08743457263347,0.00909101091390805,0.0440353761497189,-2.52709728890716,53,24,19,24,42,9,4,12,27,10
"169","TRINITY_DN10643_c0_g1",2.86298219394288,-1.45644157932761,3.98719326171736,0.00169470453277605,0.0142184626510408,-1.07807411931776,7.46,10.94,0,17.97,1.42,19.99,16.08,27.51,29.57,21.65
"170","TRINITY_DN106563_c0_g1",2.48029353150592,-0.514041869748501,3.71100610973749,0.00282251135509269,0.0199081293980526,-1.42561812337029,12.04,2.1,9.57,9.44,17.12,38.75,10.97,79.49,81.41,35.39
"171","TRINITY_DN10657_c0_g1",-1.76409009117108,-1.30012892556521,-3.98136545143512,0.00171292190038588,0.0143303063433357,-1.01196634104566,33,16,16,14,30,5,2,2,12,5
"172","TRINITY_DN106574_c0_g1",-1.01977391084635,0.0137243811915148,-4.09645193748834,0.00138774780244118,0.0123940149041741,-0.834511177598701,61,38,32,31,36,16,10,18,26,15
"173","TRINITY_DN106601_c0_g1",-1.24960875907559,0.399363997811225,-5.46504893776343,0.000128419069142564,0.00250900805223433,1.40144829842851,47,58,47,63,55,17,21,21,21,21
"174","TRINITY_DN10661_c0_g1",1.81610572240392,-0.438304976706957,4.0981279343486,0.00138351367367935,0.0123761541672235,-0.791239234187385,6.45,29.98,13.8,7.51,8.29,37.92,52.56,25.68,31.87,26.14
"175","TRINITY_DN10674_c0_g2",-1.33474744070393,2.01974805535537,-7.28895533186023,8.00619143343857e-06,0.000470339607677577,4.04120311317921,153.75,198.49,195.73,129.37,159.49,99.43,50.37,55.02,66.97,56.33
"176","TRINITY_DN10681_c0_g1",-1.10963616589546,1.47672613751235,-3.84251595312689,0.00221199372343592,0.016975757865525,-1.46860801008183,65.86,124.18,159.64,122.08,88.49,50.85,38.26,32.45,68.48,49.62
"177","TRINITY_DN10686_c0_g1",1.08360687847911,0.236322878721031,3.37522909488663,0.00528783623164136,0.0303598410291393,-2.129315004706,13,31,39,15,22,43,23,46,65,42
"178","TRINITY_DN106888_c0_g1",-3.90921079636152,-2.20508718674708,-4.9171582939523,0.0003233111029135,0.00457815208910342,0.0705718393718611,42,14,37,15,18,0,3,0,7,0
"179","TRINITY_DN10696_c0_g1",1.42772812924123,0.468844276937387,5.4005747438732,0.000142849045905805,0.0026829346575012,1.29960991691388,19,25,20,27,24,74,69,56,49,41
"180","TRINITY_DN10696_c0_g2",-1.68396204125887,-0.735478663194297,-3.41329642006241,0.00492302511611421,0.0289521730699117,-1.9235219123472,17.64,54.87,20.84,30.4,34.27,6.27,12.34,3.14,12.38,5.27
"181","TRINITY_DN10697_c2_g1",-2.12276827160606,0.0409097757912713,-5.10623700912639,0.00023399413446216,0.00369038582263273,0.8373096938411,57.45,56.96,80.89,21.99,90.95,14.34,9.77,11.78,10.52,10.93
"182","TRINITY_DN10703_c0_g1",-1.60785249282318,0.13801250336881,-5.70062661223938,8.74581456186615e-05,0.00198984689857641,1.75545248442258,59.96,50.08,49.51,38.15,52.63,19.5,22.71,13.47,9.05,13.42
"183","TRINITY_DN10705_c1_g3",-1.07882998698675,-0.710952802990241,-3.25138048833002,0.00667494272284791,0.0355671141045465,-2.21719647535711,18,20,30.06,19.1,35,8.05,12.08,12.03,7.89,8
"184","TRINITY_DN107072_c0_g1",1.44892133690844,-1.05433167980517,3.87797381418156,0.00207182484859368,0.016270744199266,-1.15065743081653,9,17,10,4,6,19,21,21,22,12
"185","TRINITY_DN107093_c0_g1",-2.29698763473022,-1.71338474980969,-3.85762086308325,0.00215112939968241,0.0166677423006477,-1.29312573551208,25,15,23,15,18,5,6,1,9,0
"186","TRINITY_DN10724_c0_g1",1.62768305887196,-0.972641932609772,3.71772713566973,0.00278747717938006,0.0197805557683476,-1.41080961281632,9.86,4.63,5.3,10.77,13.14,22.5,38.29,20.04,18.88,13.63
"187","TRINITY_DN107347_c0_g1",1.16755547919335,-1.43027404583349,3.30595825596899,0.00602333075051536,0.0332132626817213,-2.07681643010818,12,9,5,6,5,10,11,14,16,13
"188","TRINITY_DN107424_c0_g1",-4.09156496933709,-2.56006988241377,-6.62633798157351,2.08317888223471e-05,0.00083148692406763,1.86882025376914,33,18,23,10,18,2,1,0,0,0
"189","TRINITY_DN10768_c3_g1",1.01758551230203,0.0939157225598863,4.91649324428453,0.000323681757583304,0.00458163164701887,0.533821234665459,20.03,19.03,26.06,17.29,20,39.19,28.22,31.03,54.74,35.6
"190","TRINITY_DN10776_c2_g2",1.20861859589391,3.978285359817,8.83114123847538,1.06233776519378e-06,0.000153065678058397,5.92723897068999,252.92,202.43,352.47,273.44,269.72,773.16,539.34,637.38,612.03,551.79
"191","TRINITY_DN10778_c0_g1",1.30533324427639,-0.624758505350379,4.05437389507117,0.00149854730194136,0.0130633203825948,-0.862578897315494,13.41,13.69,18.22,6.76,8.89,25.52,21.05,36.05,27.77,15.54
"192","TRINITY_DN10782_c0_g1",-1.45928215494693,3.45757049596972,-3.83571089860359,0.00223998871518745,0.0171220725878932,-1.82014875230519,541,370,372,449,703,174,113,58.08,487,232
"193","TRINITY_DN10797_c1_g3",-1.11532726489774,2.88434147156984,-4.20185607522549,0.0011457838636956,0.0108703269744568,-1.05501769565186,356.4,258.21,263.01,184.77,373.53,137.99,52.62,199.35,139.99,167.64
"194","TRINITY_DN108_c2_g1",-1.06387089309685,4.40918825086234,-10.9869613986653,9.44415022333511e-08,4.28017473712659e-05,8.35752302616298,873.75,725.37,810.42,792.64,775.14,393.53,276.43,371.16,521.45,359.88
"195","TRINITY_DN10800_c0_g1",-4.19736762708937,-1.67045817281776,-3.32514325260489,0.00580984870095035,0.0323701887233,-2.08361366813762,11,38.77,43.86,111.06,33,1,3,0,0,7.49
"196","TRINITY_DN10807_c0_g1",1.37598268336873,0.84697730472447,4.17026806300864,0.00121334433403589,0.0112810248199723,-0.788546267168095,35,23,50,24,24,107,70,113,52,48
"197","TRINITY_DN10823_c0_g1",-1.16620471701771,1.54268566711356,-3.36836068279152,0.00535651601858778,0.0305920945210971,-2.34527445210974,153,195,106,57,102,42,29,93,65,33
"198","TRINITY_DN10831_c0_g1",-1.09855073589548,0.91387008502385,-5.45456430997301,0.000130657097529432,0.00253086437331749,1.36647124961778,64.93,70.47,96.02,59.21,76.94,37.48,17.77,36.02,44.18,25.78
"199","TRINITY_DN10850_c1_g1",1.09956703626897,0.216537981362424,4.20012362744349,0.00114938648682873,0.0108904245627458,-0.674177750794339,17.6,18.31,20.1,25.36,27.56,30.36,51.04,48.76,47.8,35
"200","TRINITY_DN108501_c0_g1",-1.08421128448221,0.121311223367578,-3.31707440542863,0.00589868849155842,0.0327286941980704,-2.21415282206387,55.87,37.99,43.6,41.28,34.16,45.4,18.09,12.53,16.4,9.05
"201","TRINITY_DN10859_c0_g1",-2.59076855176077,-1.48668926528491,-5.45753090640602,0.000130019722983028,0.00252889177869457,0.870759881460266,28,24,14,26,30,5,2,3,3,1
"202","TRINITY_DN108605_c0_g1",2.96193121366729,-1.47554852187341,3.89914607517277,0.00199250788142996,0.0158227459298331,-1.22676446528225,6.34,3.43,0,2.02,22.74,12.46,30.13,21.76,33.65,28.89
"203","TRINITY_DN10867_c0_g1",1.01126205634291,4.47825205927392,11.9170348576211,3.74089070241905e-08,2.45387663404864e-05,9.28747773586782,421.58,417.59,406.05,379.03,394.46,885.38,743.79,723.06,971.09,754.53
"204","TRINITY_DN10869_c0_g2",1.6587689303883,-0.0890884975028554,5.64663970820195,9.54406681739807e-05,0.00209355070494878,1.6587463275898,14.95,17,22.99,5.52,19,39.01,31,48.36,49.99,41.14
"205","TRINITY_DN10872_c1_g2",2.46233898439771,-1.42669015773975,4.6447409223664,0.00051949763328271,0.00632906048681401,-0.104485918426719,1.53,6.68,4.67,8.18,7.82,22.2,12.95,18.23,32.71,18.54
"206","TRINITY_DN10880_c0_g1",1.96028513058178,3.28328898214103,9.70458335429982,3.78760607936684e-07,9.25533933383448e-05,7.01798165556971,143,109,85,174,145,571,412,498,457,551
"207","TRINITY_DN108836_c0_g1",-3.77503560532422,-2.06895055282977,-6.81650536948191,1.57396973280325e-05,0.000699501702334452,2.0735872081984,29,25,34,12,25,3,0,1,1,1
"208","TRINITY_DN10886_c0_g3",1.44671388466578,1.0500716870088,5.9118175054056,6.23899256139071e-05,0.00161743367739475,2.07632324270281,28,31.01,44,50,23.01,98.93,84.02,79,113.04,62
"209","TRINITY_DN1090_c0_g1",-3.99744157349869,-1.29304409334568,-3.98746550891488,0.00169385839562943,0.0142161485854064,-1.12202711274034,16,28.05,66.57,63.65,83.5,2,1,2,2,1.01
"210","TRINITY_DN1090_c0_g2",-4.56169007509921,0.118152298749479,-5.85502004916698,6.82806110564229e-05,0.00170640882682744,1.73594263766358,67.89,96.93,192.92,151.47,242.17,2.01,4.01,4.03,6.86,6.04
"211","TRINITY_DN10917_c1_g3",1.49677853162,-0.554637545044008,4.40707222847204,0.000791871214196638,0.00844959885054553,-0.284706573241236,13,6,15,13,12,18,24,34,45,23
"212","TRINITY_DN1092_c0_g1",1.22433600770377,3.80375762844698,4.43649854353764,0.00075131813655455,0.00816734911941866,-0.78254897744249,243.06,242.07,109.68,362.26,319.64,440.7,421.76,614.77,813.11,513.84
"213","TRINITY_DN10928_c1_g2",1.37073834918363,-0.91426140906205,3.37621331238861,0.0052780679151998,0.0303336825273996,-1.98102407272673,7.81,5.94,16.6,5.52,17,17.56,21.55,32.11,23.09,12
"214","TRINITY_DN10986_c1_g1",-1.10109136583083,0.486380885807293,-3.48382353791869,0.00431312204490759,0.0265101983233074,-1.9676119750204,88.03,41,41.92,38.82,76.57,16,12,37,33.36,23.97
"215","TRINITY_DN11006_c0_g1",-1.14899049636659,6.53205797031413,-4.66858591627019,0.000498180783332584,0.00615740387392285,-0.668393595446291,5556.61,5364.28,2652.67,2604.5,2684.86,1600.43,1409.29,2004.94,1636.31,1378.13
"216","TRINITY_DN11007_c0_g1",2.19207067288523,-0.687223321082634,3.18029536476338,0.00763130940429133,0.0389718979442876,-2.30907280253946,5.34,4.32,6.93,18.99,13.81,48.77,38.46,8.43,72.02,26.79
"217","TRINITY_DN11015_c1_g2",1.20560127207992,-1.0886938236006,3.50538914297652,0.0041423829616982,0.0258193348678213,-1.75953655829386,8.48,5.82,12.47,6,13.13,11.74,15.58,16.44,23.17,18.73
"218","TRINITY_DN11033_c0_g1",-1.20918702173829,0.97594120221773,-6.25655567950372,3.64310083684019e-05,0.00115590846389074,2.59550883990002,100.05,68.47,76.51,65.9,81.47,28.5,39,36.42,33.64,22.37
"219","TRINITY_DN11058_c0_g1",1.06125269539278,2.1476787378369,4.44922516084713,0.000734452829653296,0.00805958109546683,-0.48681508847571,72.1,55.93,101.86,111.19,73.52,171.82,192.07,212.44,160.18,105.74
"220","TRINITY_DN11061_c0_g1",1.03401808332589,1.7339253549077,4.31883031776149,0.000927655703154086,0.00939967881490664,-0.654059322110085,58,45,98,47,69,115,156,146,137,75
"221","TRINITY_DN11065_c0_g1",1.17511623536119,1.37998257699671,3.9839604128302,0.0017047854552661,0.0142790102992911,-1.19793398186907,41.58,41.08,67.89,46.2,37.24,111.88,171.47,79.69,103.74,61.92
"222","TRINITY_DN11077_c2_g1",-1.04756703620662,1.07163099118274,-4.77189658814763,0.00041583248586711,0.00541344812272983,0.226012999411291,67.06,78.47,100.67,73.73,77.92,24.78,44.62,29.41,49.99,35.48
"223","TRINITY_DN11082_c4_g1",-1.00345887582579,-0.0768477033078176,-3.0175776956067,0.0103705600010344,0.0481210257667156,-2.71616611962486,39.06,26.65,41.48,31.57,40.89,28.79,9.98,23.57,8.59,16.05
"224","TRINITY_DN11084_c1_g1",1.25921766739378,-0.342174684389749,4.92626362155168,0.000318280783320906,0.00452574212518457,0.551109895882974,16.24,12.28,14.99,14.89,12.3,42.47,19.34,27.41,42.53,21.15
"225","TRINITY_DN11084_c5_g1",1.19861160106652,1.0336282336482,4.25367287690344,0.00104325765268281,0.0101974145624467,-0.668156484816258,20.53,34.18,57.38,40.61,38,64.74,51.14,100.11,98.45,86.42
"226","TRINITY_DN11084_c5_g2",1.42930225007763,0.540793404999602,5.6563707006397,9.39470159103984e-05,0.00208157359296938,1.69620527656312,17,24,33,28,22,50,44,61,97,55
"227","TRINITY_DN11091_c1_g1",-1.74516848749594,3.24511856956566,-5.94833185909054,5.8888110486327e-05,0.00156007980016042,1.92376666597259,404,417,671,278,586,127,64,105,308,144
"228","TRINITY_DN11101_c0_g1",1.83004948408641,1.86010900843614,8.21452323947238,2.30620274586226e-06,0.00022811731247911,5.25385019975076,33,41,82,54,59,194,132,159,247,162
"229","TRINITY_DN11103_c0_g1",-1.0287566355904,2.2911601423071,-6.00034446461474,5.42540647097566e-05,0.00149185211691974,2.11059426710952,209.15,146.31,177.1,168.14,197.25,76.45,100.12,104.44,74.3,84.98
"230","TRINITY_DN11107_c2_g1",-1.17821877759951,1.13869269826819,-3.69706022730467,0.00289664886920886,0.020318930079734,-1.67833883424753,111.36,84.01,84.3,39.75,145.5,48.72,28.69,23.15,58.18,29.2
"231","TRINITY_DN11107_c2_g3",-1.72804207901135,0.933359982834471,-8.51464780587012,1.57334399684936e-06,0.000187197895644227,5.52178990367083,106.59,111.96,78.13,75.85,85.04,23.84,18.34,30.57,33.21,21.08
"232","TRINITY_DN1111_c2_g1",-3.82443067363172,-1.68296913368257,-6.34881143291294,3.16339794711107e-05,0.0010779554193939,1.67197372179451,42,26,29,29,33,1,0,6,8,0
"233","TRINITY_DN11110_c0_g3",2.15272102333749,0.179903553302529,6.27618692919988,3.53493101131157e-05,0.00114444831940431,2.57761234941999,8.71,12.32,14.57,23.8,21.2,78.67,38.61,79.29,73.41,38.6
"234","TRINITY_DN11113_c0_g1",1.07483501280367,0.737120642003759,3.49143345279117,0.00425207153102816,0.0262577136177811,-1.9921560976995,65.86,17.72,35.76,14.67,40.89,67.99,67.85,54.28,65.47,52
"235","TRINITY_DN11122_c0_g1",1.37499304413433,-0.6223007066008,3.82333250718885,0.00229184672742478,0.0173841815330525,-1.24837962347289,7,16,8,14,15,36,25,27,25,15
"236","TRINITY_DN11126_c0_g1",1.06149453385246,1.0684093621037,4.58576395194135,0.000576402451682302,0.0068352501007892,-0.0941452200187678,33,36.01,32,34,68,103,50.02,73,98,67
"237","TRINITY_DN1115_c1_g1",-1.02293491084742,1.74171708199274,-4.41394554379921,0.000782199926013211,0.00836802852178897,-0.484343915194094,127.66,105.44,156.54,95.82,141.2,35.15,42.5,56.15,108.75,72.41
"238","TRINITY_DN11162_c0_g1",1.01565012472082,2.18167143218216,3.62734543147596,0.00329820708425625,0.0222016632151535,-1.99128761650324,86.7,53.95,91.37,85.12,105.52,213.74,268.69,149.85,148.61,100.19
"239","TRINITY_DN11168_c4_g1",-1.78268693146626,-1.47319876061965,-3.29072979241236,0.00619841019833953,0.0338181853614912,-2.10220632698605,19.41,21.99,21.16,12.43,19.05,6.02,0,4,8.54,10
"240","TRINITY_DN1118_c0_g5",1.35823659808632,-1.58800674978305,3.24248174297992,0.00678773036011592,0.0359581408491933,-2.17751670068655,4,10,7,4,7,8,12,12,21,10
"241","TRINITY_DN11181_c0_g1",-1.36657302340167,-1.03651420926291,-3.13868288713381,0.00825386993651626,0.0411644835879497,-2.36669276626175,46,19,18,15,18,10,2,4,10,11
"242","TRINITY_DN11194_c0_g1",1.52428949328869,-0.56225919252089,4.66970356223793,0.000497204273518825,0.00615065127735334,0.133974994479367,16,12,12,5,13,35,16,41,28,25
"243","TRINITY_DN11197_c0_g1",1.57956436445857,-0.40053254370167,5.30857081824437,0.000166459888069329,0.00293286947766335,1.12803676882909,14,15,14,13,7,33,27,24,40,36
"244","TRINITY_DN11210_c2_g1",1.08715838416605,0.642228342578519,4.4275551867271,0.000763410020560071,0.00824486129873943,-0.321681112845009,29.4,31.76,19.46,36.91,30.71,63.65,56.15,39.63,81.16,47.93
"245","TRINITY_DN11219_c1_g1",1.21230694551357,1.81958919029507,3.97344852601747,0.0017379930367031,0.0144672177089263,-1.28735494289842,59,88,48,75,45,146,153,217,99,104
"246","TRINITY_DN11220_c0_g1",1.32427618538103,0.82063983389752,4.16943224069322,0.00121518688697233,0.0112908964986873,-0.788181944560474,19.91,19.68,31,42.36,48.55,116.8,67,66.69,67.88,47
"247","TRINITY_DN11222_c0_g2",-1.19334635514077,4.33410710265032,-4.31595080138106,0.000932473276018308,0.00942932864692509,-1.08089095373863,709.77,1043.55,600.14,627.81,1095.12,264.58,219.9,245.88,693.29,460.96
"248","TRINITY_DN1123_c1_g1",1.04135109016604,4.42575032600304,11.1416120720712,8.06046131702287e-08,3.79092620790133e-05,8.51594244213711,351,346,483,330,429,825,738,807.77,870.73,731
"249","TRINITY_DN11242_c0_g1",-1.05164338146641,3.41320382310809,-6.4786421603156,2.5984636596685e-05,0.000957830687556187,2.71790155415482,509.69,259.88,423.54,351,470.46,225.66,175.42,195,191.71,170
"250","TRINITY_DN11243_c0_g1",1.56283354015403,1.9700721195753,6.37943966963548,3.01931669389616e-05,0.00105266564629723,2.73420473357508,49,48,57,116,53,165,149,143,255,164
"251","TRINITY_DN11247_c0_g1",-1.68656333314045,1.03467370059275,-6.02822827468786,5.19298521597356e-05,0.00144790767322109,2.2555416772452,140.7,59.77,105.26,71.68,124.93,42.39,19.72,27.41,39.22,16.66
"252","TRINITY_DN11252_c0_g1",-1.06290114608854,3.56180722077476,-9.69900185902743,3.81176527924147e-07,9.25533933383448e-05,6.99375309752216,454.99,477.98,440,361,465,210,214,230,224,180
"253","TRINITY_DN11258_c0_g1",1.69097143584581,-1.51015383846597,3.01834739761512,0.010355525350558,0.0481119981357263,-2.53239251616349,7.95,13.89,3.07,8.94,2,12.2,6.04,25.18,22.95,10.92
"254","TRINITY_DN11264_c0_g2",-2.40409573433866,-0.956311814718366,-4.7117690435695,0.000461864113385621,0.00582927773255261,0.105496188323805,21,30,34,38,40,1,3,9,8,7
"255","TRINITY_DN11285_c0_g2",-1.32807874277439,0.366264404490747,-3.50665537546486,0.00413257400518054,0.0257945676574766,-1.90562200493728,58.42,71.94,55.42,39.23,48.45,9.41,16.16,9.04,41.76,40.52
"256","TRINITY_DN1129_c11_g2",-1.08699232777834,3.43079730567193,-6.07532638955884,4.82397900085649e-05,0.00138133156306547,2.08350303140851,544.45,393.83,301.47,474.1,352.85,183.86,175.36,185.45,249.85,162.92
"257","TRINITY_DN11290_c2_g1",-1.4106734630339,-1.15286742595228,-4.1364114209932,0.00129034185326776,0.0118031949377904,-0.74489979724992,23.45,16.52,20.81,16.13,23,5,2.01,11.27,5.02,8
"258","TRINITY_DN11291_c1_g1",-1.43388987157399,3.14721289856054,-10.4689430083928,1.62777522165237e-07,5.85803980259213e-05,7.85217093181443,411.89,411.58,351.56,293.87,419.81,156.93,117.46,168.26,156.34,101.21
"259","TRINITY_DN11291_c1_g2",-2.0582543475461,0.832615534223025,-8.34574923851461,1.94873875633972e-06,0.000209707553062824,5.2981637366688,126.59,86.57,87.55,72.42,107,25.48,8.58,29.15,24,22
"260","TRINITY_DN11293_c1_g1",1.09606891115411,-1.33178713041702,3.12286736740751,0.00850362850529756,0.041998354653715,-2.37744222010669,13,6,9,5,7,18,16,11,14,10
"261","TRINITY_DN11296_c1_g1",-1.04657859442939,3.04775209071483,-7.46329137691519,6.28344155956968e-06,0.000410011010561816,4.20503218840684,382.74,280.22,355.18,224.12,306.74,156.7,107.79,182.7,167.29,135.49
"262","TRINITY_DN11301_c0_g1",-2.72990783066643,-0.288193164835653,-3.35905567877674,0.00545100177242592,0.0309826463756412,-2.02553564971803,111.1,31.98,54.28,32.09,71.17,0,17.46,7.59,18.52,20.98
"263","TRINITY_DN11314_c0_g1",1.04289590053401,8.78405701238518,12.0675071732875,3.23905574014427e-08,2.24285857740279e-05,9.26966565066998,7380.68,8074.27,7212.63,8994.97,8154.66,18054.85,15524.98,16737.41,16049.47,15691.57
"264","TRINITY_DN11329_c3_g1",-1.04975944253048,2.35333972208686,-4.57452157894215,0.000587966722076327,0.0069344464148737,-0.295081497723643,285.01,185,136,165,200,87,59,86,101,131
"265","TRINITY_DN11341_c0_g1",-2.70358612782736,0.198542424132208,-8.59062811972809,1.43039580436457e-06,0.000178720606603977,5.28171043051107,102.82,63.9,82.14,72.09,61.14,6.25,14.49,14.03,8.02,10.72
"266","TRINITY_DN11341_c2_g1",-2.98020721216653,-1.14059821593566,-4.51608349380539,0.000652088868657527,0.0074390357824219,-0.267283540577133,48.72,22.52,32.25,28.43,39.57,0,2.25,5.32,4.44,16.57
"267","TRINITY_DN11349_c0_g2",1.05145625156243,-0.0725867814483649,3.67548647261975,0.00301527804745129,0.02085469707264,-1.55895976160484,29.89,10.09,14.55,15.55,25.73,36.83,31.33,32.59,30.56,37.35
"268","TRINITY_DN11355_c0_g1",1.79362357604741,-0.0842898557490725,4.33104395749351,0.000907506562229685,0.00927123155884997,-0.418321331744612,10,15,9,32,13,54,51,60,33,26
"269","TRINITY_DN11366_c0_g1",-1.0512552864461,2.52523997052825,-3.84846786885542,0.00218780265909509,0.0168367591793559,-1.64177823049369,206,204,301,125,287,106,54,141,195,63
"270","TRINITY_DN11373_c0_g1",1.17740809627476,3.7106290707256,5.42646286804142,0.000136860217913004,0.00259647102393567,0.973850758058523,197.77,218.35,282.91,262.07,174.86,704.06,498.41,635.45,472.06,315.32
"271","TRINITY_DN11373_c0_g3",1.22107003396452,3.31129224045941,5.01334638074399,0.000274109527920182,0.00409627766648825,0.325918101530774,163,140,215,154,169,559,469,467.01,294,259
"272","TRINITY_DN11385_c0_g1",1.0759495788824,-1.29321184551069,3.11640261145138,0.00860788781120081,0.0423914878051757,-2.39080871691884,12.7,7.46,5.74,8.84,6.06,14.18,13.56,12.99,12.39,15.6
"273","TRINITY_DN11392_c0_g1",1.78083918574796,3.27282266983478,8.4648796995816,1.67519902376073e-06,0.000192101379282232,5.52995974072042,110,103,173,169,140,477,296,463,783,391
"274","TRINITY_DN11392_c0_g2",2.1178266485855,0.774939522914363,6.98715154939438,1.22891181477408e-05,0.000605384789544783,3.61045047636923,11.3,20.03,32.62,22,34.66,83.11,70.59,80.88,154.05,76.71
"275","TRINITY_DN11395_c0_g1",1.41419877234226,1.01588444028329,5.65972208380942,9.34383153600795e-05,0.0020758379392362,1.68699495265381,31.98,23.24,30.48,27.93,64.31,104.3,56.39,77.18,125.38,66.82
"276","TRINITY_DN11409_c0_g2",1.0362315480415,0.143706926192675,3.15733404968675,0.00796876546384535,0.0401865959343359,-2.50444560293866,11.07,21.36,34,28.87,18,37,35.06,54,37,33
"277","TRINITY_DN11414_c4_g1",1.20960980495089,-1.02617959997443,3.41712405078971,0.00488778352844567,0.0288060849088074,-1.90893216834757,7.01,9.51,17.79,9.06,6.06,16.47,18.31,14.57,25.86,13.91
"278","TRINITY_DN11417_c0_g1",1.03269301064521,0.724256517638172,5.70607060408846,8.66931877142849e-05,0.00197799335794977,1.76860247553082,33.5,24.36,37.6,26.91,34.28,65.13,46.66,72.61,63.56,50.16
"279","TRINITY_DN1142_c2_g1",-2.23096244633622,-1.17900350289278,-3.37995525973812,0.00524109561393075,0.0301923202728553,-1.95810122645174,30.83,27,27.71,19.75,23.57,14.88,3.17,0,5.16,14.16
"280","TRINITY_DN1142_c2_g4",-1.81211266513655,-0.563472494691223,-5.56603093587404,0.000108818530615451,0.00225126064865702,1.45904100830342,43.71,26.36,41.66,31.45,30.41,7.06,3.85,4.68,16.27,11.46
"281","TRINITY_DN11429_c1_g1",1.29621428448489,1.4054548754608,3.87440744414067,0.00208550111217995,0.0163472126728512,-1.39737100989801,24.12,42.83,47.24,52.73,69.05,85.51,78.76,113.7,96.13,181.76
"282","TRINITY_DN11430_c0_g4",-1.04346762061414,2.01827378429221,-4.37386616284242,0.000840372843540669,0.00881445557943046,-0.598709069132626,232.12,116.12,152.09,97.54,188.6,68.5,43.68,72.82,124.33,63.78
"283","TRINITY_DN11445_c3_g1",2.01027175105598,0.428885636214407,5.99520339256452,5.46944594574723e-05,0.00149990518525922,2.20140570630402,10,14,27.52,20.53,27.01,92.28,46.43,96.07,67.99,49
"284","TRINITY_DN11459_c0_g1",1.16487358761282,1.84683696001373,3.53144692753986,0.00394520884833145,0.0250006987054618,-2.10352693428929,57,95,28,83,79,135,124,153,109.09,178
"285","TRINITY_DN11466_c0_g1",1.0919308824948,1.90150548431803,6.2760425764453,3.53571388430883e-05,0.00114444831940431,2.5774853749198,74,60,61,60,81,174,158,114,147,116
"286","TRINITY_DN11486_c1_g3",-1.48231066559688,0.0801390614400573,-3.22520472509238,0.00701221756174571,0.0367754568690361,-2.3621776687311,79,35,37,53,35,11,33,9,8,31
"287","TRINITY_DN11495_c0_g1",2.28150972243805,1.08277753656737,10.1106655623326,2.40296721832044e-07,7.28202581517691e-05,7.19838303704902,18,27,29,23,37,131,86,112,181,101
"288","TRINITY_DN11500_c0_g1",-1.31687212317402,-0.240881113877713,-4.54896198968911,0.000615165320081963,0.00715702140071088,-0.0548378427932921,33.69,23.92,35.61,40.9,51.37,11.97,7.12,16.57,17.64,9.23
"289","TRINITY_DN11506_c0_g1",1.30888297017393,-0.802487293907954,4.1109130827854,0.00135164954304317,0.0121887675159371,-0.767974978317426,14.49,15.16,7.42,5.45,10.79,28.5,12.84,21.12,23.3,23.09
"290","TRINITY_DN11512_c0_g1",-1.0557786859087,0.464778350960374,-3.1399986688754,0.0082334254824124,0.0411117742475974,-2.58206812070177,72.02,62,43,36,53,23,17,48,13,26
"291","TRINITY_DN11518_c0_g1",-1.11437919940566,3.27685731029203,-6.24730001619647,3.69531023558744e-05,0.00116477140460292,2.37727542488303,446.92,339.26,472.9,222.84,404.76,166.82,121.61,217.06,208.71,151.71
"292","TRINITY_DN11535_c0_g1",1.10717399733882,2.66563669101763,5.34759440401046,0.000155980238298988,0.00282458324777036,0.995737841559679,146,90,91,90,159,259,154,347,266,213
"293","TRINITY_DN11542_c0_g1",-1.36439416496111,1.82295565159416,-3.01451782835587,0.0104305442412233,0.0482996397972975,-3.04021941348977,61.38,183.21,276.97,128.75,173.09,101.65,58.16,72.06,47.4,23.37
"294","TRINITY_DN11553_c2_g1",-1.91984060311106,-0.101496567442851,-7.41750882337524,6.69380975243886e-06,0.000424150364578423,3.97747835918436,66,42,45,36,52,9,9,10,12,16
"295","TRINITY_DN11553_c3_g1",-1.04643238010505,-0.0790850343898645,-4.29720213002838,0.000964481045931796,0.00966477860961565,-0.484777549108637,45,34.31,45.07,26,32.43,13.61,18.91,17.25,14.97,13.47
"296","TRINITY_DN11585_c0_g2",-1.35512283458659,4.00167160780978,-5.1931344957932,0.000202016002699235,0.0033540100741112,0.539298655751394,557.99,753.71,515.67,1092.71,541.26,363.22,248.73,177.54,315.64,218.41
"297","TRINITY_DN11594_c0_g1",-1.48299933234187,2.0035131698985,-6.37502899036972,3.03962975861936e-05,0.00105672707361542,2.72566138193062,195.22,158.12,267.24,108.37,171.22,75.69,35.4,64.65,93.28,45.7
"298","TRINITY_DN11599_c0_g3",1.16318140556989,0.763578069105474,4.5286501335571,0.000637711331411797,0.0073371389348886,-0.158729709152339,28.5,29,54.28,31.95,19.03,75.64,45.05,59.75,86.06,56.63
"299","TRINITY_DN11603_c2_g1",-2.50026910388426,-0.0246050731428667,-6.78529653514893,1.64752207528003e-05,0.000716008751325589,3.16900598421569,59.43,79.59,81.86,32.98,66.77,4.46,7.35,11.63,14.81,10.25
"300","TRINITY_DN11609_c0_g1",1.13137205644761,2.15706477541372,5.51879413839903,0.000117563089405386,0.00237090319422602,1.35083818238485,74.69,87.12,68.21,80.56,86.14,245.89,124.02,216.05,176.58,114.68
"301","TRINITY_DN11616_c0_g1",1.27406307878903,-0.999567492512132,3.52253222642388,0.00401156759367475,0.0252576627084573,-1.73417860201854,7,8,10,15,8,15,22,19,17,19
"302","TRINITY_DN11616_c3_g1",-1.94497583408391,-0.215343991144657,-7.04172208964528,1.13631247030992e-05,0.000578046791656741,3.48206114035481,58.03,55.63,35.14,36.06,42.7,12.03,8.52,11.01,10.03,7.02
"303","TRINITY_DN11621_c0_g3",1.48756063924084,-0.519281040123736,3.0011313586427,0.0106970601902602,0.0491655300953356,-2.65868504025935,33,11,10,7,8,79,16,21,36,17
"304","TRINITY_DN11623_c0_g2",1.1756612885806,4.29766950603029,5.24979391819139,0.000183661583135092,0.00314750117017317,0.587958468959966,311,170,509,413,378,690,851,913,804,602
"305","TRINITY_DN11624_c1_g4",-3.94363074211214,-1.99756347972367,-6.17544811425596,4.12855714929162e-05,0.0012557715653669,1.48285719675596,37.39,27.91,24.89,12.05,38.51,0.57,0,3.03,4.03,0
"306","TRINITY_DN1163_c4_g1",-1.22027375350933,3.3741631209115,-5.77487964200296,7.76099504946025e-05,0.0018448261031284,1.60801617858948,459.42,341.87,580.32,271.36,454.81,160.65,101.8,166.75,307.61,186.76
"307","TRINITY_DN11651_c0_g1",1.66572943164644,0.0852698248708624,4.79038828500113,0.000402658873456191,0.00528674027348209,0.332619370685714,33,10,22,19,9,35,39,56,70,40.21
"308","TRINITY_DN11696_c0_g1",2.2940488892709,1.06746277035775,3.14814978677229,0.00810790129501153,0.0406947581601631,-2.63030225897826,93,18,19,18,18,580,66,106,78,69
"309","TRINITY_DN11698_c2_g2",-1.04238777888143,0.959718185824337,-5.52875675389893,0.000115659122091687,0.00234483701245909,1.48143068393609,83.06,57.45,62.91,72.33,93.93,36.31,28.5,35.91,35.06,29.47
"310","TRINITY_DN11699_c0_g1",-1.03691165679484,0.334083896846287,-3.26660942553949,0.00648628432045293,0.0348900228989577,-2.33613147746298,54,24,56,47,69,25,22,13,21,27
"311","TRINITY_DN1170_c2_g1",1.61306969988249,-1.52165723155358,3.72341598962628,0.00275817085542595,0.0196601503653917,-1.42492984191474,10.54,3.09,6.84,3.02,7.11,20.38,8.75,9.16,26.52,11.29
"312","TRINITY_DN11707_c0_g1",-1.57559272215243,0.701727368518329,-5.15589116972873,0.000215120882554957,0.00349557410626215,0.901239139662635,53.36,61.84,70.78,91.08,100.22,24.71,13.84,35.71,17.3,25.9
"313","TRINITY_DN11715_c2_g1",3.17957897495489,0.391492159633552,4.07102666462771,0.0014536453437091,0.0128058988018961,-0.85917469534521,0,15.04,41.18,25.04,26,88.78,90.37,123.19,90.34,106.19
"314","TRINITY_DN11729_c0_g1",-3.38638414860885,-0.983868888977573,-4.83749234274263,0.000371032321003883,0.0049965084546209,0.169868569049703,48,24,72,45,39,0,3,7,6,6
"315","TRINITY_DN11741_c0_g4",1.30467437698796,1.15740848656854,5.83553072761626,7.04348627168775e-05,0.00173487609240341,1.95317383383115,33.04,34,40.05,32.93,53.04,89.3,50.04,89.73,138.66,94.01
"316","TRINITY_DN11777_c0_g2",-1.01768003139459,1.41538461059222,-3.6758223508647,0.00301339361013401,0.0208474481884556,-1.76405365320507,84.61,78.82,112.09,177.22,75,43.77,42.25,44.93,64.43,37.99
"317","TRINITY_DN11809_c2_g2",1.69348136902986,-1.32637976833973,3.86941788169393,0.0021047906873085,0.016426131830681,-1.1820262283196,4.23,6,4.2,8.58,11.04,26.42,8.61,15.39,16.34,20.29
"318","TRINITY_DN11829_c0_g1",1.27003981085285,2.53696439917649,3.08010021499399,0.0092175785467651,0.0444140213464958,-3.06707175933561,100.92,115.3,191.37,112.64,37.74,366.68,165.33,294.92,343.34,99.05
"319","TRINITY_DN11840_c0_g2",-1.43625354871897,3.5069774692662,-6.98843508899573,1.22664405265734e-05,0.000605384789544783,3.48244807084824,452,412,623.49,513,433.88,231,214,201,199,87
"320","TRINITY_DN11845_c0_g2",-1.00419928632743,1.94608829735223,-6.42460310120607,2.8194022821464e-05,0.00100039617061811,2.79842584927308,162.53,126.11,156.6,119.09,143.16,66.79,79.65,59.08,97.52,48
"321","TRINITY_DN11850_c0_g1",-1.78780675289873,-0.484867109338902,-4.84395144662264,0.000366902196555616,0.00496368390906028,0.402617213555393,40,51,39.93,30,26,14,3,9,18,4
"322","TRINITY_DN11878_c0_g1",1.00761426183024,-0.608336233579136,3.51955361251546,0.00403399164455155,0.025350634747993,-1.77229931371047,17.52,12.09,10.18,10.25,14.4,20.69,12.24,31,35.82,17.01
"323","TRINITY_DN11880_c1_g2",-3.29278324871277,-0.668640759212057,-8.49602026852156,1.61067026454078e-06,0.000189934580661913,4.3286754201046,69.31,45,53,31.3,67.02,3.94,4.07,3.02,5.07,3.06
"324","TRINITY_DN11882_c1_g1",-1.19308077394288,1.29799678670481,-4.74281946463582,0.000437464139638913,0.00561217183567131,0.153472207809353,140,81,112,52,122,46,28,33,61,38
"325","TRINITY_DN11883_c0_g1",1.8679668753824,0.674146604204792,3.3447568826531,0.00559949157191432,0.0316068221619842,-2.23121668324235,15,22.16,48.73,42.01,10.43,131.14,36.88,65.32,203.38,34.28
"326","TRINITY_DN11892_c1_g1",-1.62573205056039,2.35646433421126,-9.08484581879217,7.81268856340338e-07,0.000133228297645252,6.31170204576733,208.45,228.85,228.52,212.97,290.96,84.91,38.36,74.33,97.4,86.3
"327","TRINITY_DN11896_c0_g1",-1.07255107487593,2.61460563711049,-4.68556583664966,0.000483558087766519,0.00603125638405132,-0.139667321131117,222,184,359,145,290,95,66,121,160,116
"328","TRINITY_DN11897_c0_g1",-1.81506356404833,-1.7756608784392,-3.5834751973103,0.00357959032742005,0.0234221441912156,-1.67706402605943,10,19.7,25.98,10.32,15.1,2,1,3.38,6,3
"329","TRINITY_DN11901_c1_g1",-1.52418213492593,2.45959731901792,-8.85491705051937,1.03189110847782e-06,0.000150417741026154,6.04208200179742,292.65,194.32,309.7,181.74,240.82,80.04,52.82,93.89,102.64,89.81
"330","TRINITY_DN11901_c1_g2",-1.3502863668711,2.19464289840113,-5.0403227610967,0.000261766800844684,0.00398956292342098,0.549831801202869,257.92,190.55,140.94,172.59,198.57,90.9,30.69,63.8,89.3,117.57
"331","TRINITY_DN1191_c1_g1",-1.84326907407028,-1.29050499648344,-5.03753471013733,0.00026301504174929,0.00399880722059389,0.527754287036768,30.06,19.68,21.15,21.1,15.56,3.64,3.76,3.57,8.47,3
"332","TRINITY_DN11911_c0_g2",1.38462460121856,1.6851254065464,8.56877281939334,1.4700353368562e-06,0.000180952275674796,5.679830050205,46.34,47.49,64.97,46,60.12,170.42,110,132,139,120.12
"333","TRINITY_DN11913_c0_g1",1.29391558739875,1.26549965506295,4.2704267907211,0.00101217723808249,0.00998023572985096,-0.666446346574679,65.39,34.98,43.51,20.2,51.14,118.53,90.23,152.64,74.17,67.63
"334","TRINITY_DN11923_c1_g2",1.30508467116375,0.742194688731674,6.80589469877543,1.59857778012443e-05,0.000705097108602377,3.37241009728944,29.16,26.93,29.41,21.62,37.55,78.74,65.81,71.77,66.84,50.35
"335","TRINITY_DN11933_c0_g1",1.13648793737549,1.93613779191452,3.26162676199134,0.00654741151099167,0.0350875891461121,-2.61817656582969,77.42,28.24,139.55,51.63,88.31,102.11,114.12,227.13,228.17,107.22
"336","TRINITY_DN11938_c0_g2",1.36060914456677,4.00951041154062,9.04512723314887,8.19421640439431e-07,0.00013458871823937,6.19141448741472,234.18,270.42,235.45,254.66,305.52,858.68,635.48,686.23,751.07,446.82
"337","TRINITY_DN11948_c0_g2",2.36433401644575,1.04638077476724,5.87186588172497,6.64745662586337e-05,0.00168130347012745,2.02111772201156,53,24,20,18,19,142,49,175,120,164
"338","TRINITY_DN1197_c0_g3",-3.50114564669426,-2.5291401946764,-4.88722840746509,0.000340439844095845,0.00472596341211723,-9.13585838011599e-05,32.3,10.13,12.44,12.96,18.64,0,3.06,3,0,0
"339","TRINITY_DN11973_c0_g4",-2.02956123555143,-0.863465376126795,-5.37515299054662,0.000148998537092207,0.00275520180625289,1.1039383776924,26,46.01,35.35,17.25,30.9,6.17,4.93,6.11,6.2,4.15
"340","TRINITY_DN11973_c1_g1",-1.22134672306099,2.29137441078416,-5.87366433277961,6.62847541286235e-05,0.00167967929546916,1.91321234432687,272,162,169,188,186,112,47,98,76,87
"341","TRINITY_DN11981_c0_g1",1.12401784779926,0.494076037333527,3.91627418618168,0.00193062678235879,0.0155030199422294,-1.19864924638846,36.27,11.86,28.8,29.12,30.23,61.8,54.76,48.9,45.39,50.93
"342","TRINITY_DN11983_c0_g1",1.91098722734026,0.0286626468974375,5.74531659024109,8.13830160665259e-05,0.00190147661133598,1.80882983951033,15,13,27,6,19,58,33,42,90,38.83
"343","TRINITY_DN12_c0_g2",-4.77400810581422,-2.75187502935637,-8.41450885464121,1.78549255986775e-06,0.000199088828944496,3.27356640490234,19,26,37,14,16,1,0,0,0,0
"344","TRINITY_DN1200_c0_g2",-1.28583622197895,4.14258883355166,-6.22053041566328,3.85081728580271e-05,0.00119478153644892,2.22430141047311,918.29,667.06,849.58,457.67,768.46,271.31,194.36,490.8,384.85,206.43
"345","TRINITY_DN1200_c0_g4",-1.09890477138171,1.04841985542067,-5.81609496311529,7.26547259615085e-05,0.00176685661139468,1.92772399318409,85.97,82.26,107.88,55.47,72.79,36.85,26.42,31.49,48.04,31.52
"346","TRINITY_DN1200_c0_g6",4.65976236686522,-0.968949338812147,3.65739682653872,0.00311856757790834,0.021346965462236,-1.58920530350402,35.64,0,0,27.35,0,56.01,79.34,23.14,89.8,117.69
"347","TRINITY_DN12001_c0_g1",1.34570635184497,1.2658782421796,4.20701334917462,0.00113512825364878,0.0108124786283783,-0.779261274996772,32,31,35.78,87,37,144,50,101,112.07,99
"348","TRINITY_DN12012_c0_g1",1.6441321652625,-0.912252056435321,4.43988505742128,0.000746791441302157,0.00813101172998108,-0.254252561883382,8,4,11,9,14,21,26,27,27,14
"349","TRINITY_DN12021_c0_g1",1.04720451872726,2.59210861965495,6.4957746270447,2.53230800181318e-05,0.000941728492620529,2.84293671602282,105.97,102.2,120.74,93.01,122.94,238.62,238.92,279.63,217.15,161
"350","TRINITY_DN12066_c1_g4",-1.0478570443386,1.19558646620995,-3.6423162869237,0.00320743222888701,0.0217877256992375,-1.789068290973,163.13,75.66,75.65,61.49,79.88,27.26,36.26,37.33,75.48,30.29
"351","TRINITY_DN1208_c2_g1",-1.3320549061529,5.16771542301569,-8.12016684631051,2.60620325112522e-06,0.000246818267513217,4.90150020200269,1739.94,1203.05,1993.73,1336.23,1274.21,564.41,415.58,477.04,882.59,673.88
"352","TRINITY_DN12086_c0_g1",1.02037505742588,0.123033385925239,3.71675082196995,0.00279253860807773,0.0198031902174252,-1.51018448903435,35,23,13,23,16,48,26,44,45,30
"353","TRINITY_DN1210_c0_g1",1.14190712902289,2.67525926655504,3.41747187677437,0.00488459373604047,0.0287906894682934,-2.47039455786003,132.32,100.92,60.7,134.64,155.39,524.58,207.86,215.14,200.47,181.11
"354","TRINITY_DN12105_c1_g1",3.72274521576525,-2.07784065689916,4.8519468844604,0.000361856106197166,0.00491141096167909,-0.0111919382690271,2,3,2,3.61,0,14,15,17,68,12
"355","TRINITY_DN12119_c0_g1",1.01321308241611,0.635922123447763,3.69061334530304,0.00293159069803693,0.0204747255630758,-1.62061318379804,26.33,30.47,38.38,23.02,29.25,83.46,72.71,45.82,46.18,39.72
"356","TRINITY_DN12121_c0_g1",1.09822841271051,0.783756448018175,5.02956760293865,0.00026661646692844,0.00403020943777548,0.683973475514011,33,25,44,28,30,76,71,66,57,50
"357","TRINITY_DN12135_c0_g1",-3.04938686365798,0.852657931337092,-10.382639586573,1.78611141038654e-07,6.22505963973692e-05,7.25887976041184,165.88,134.28,135.57,86.48,156.01,27,11.01,17.96,10,12
"358","TRINITY_DN12154_c0_g1",1.44282860454666,-0.569326506398388,3.62249892386562,0.00332815160452507,0.0223338729223836,-1.58981108640467,13.46,5.46,8.57,9.31,30.88,27.38,20.47,18.47,48.16,25.87
"359","TRINITY_DN12156_c0_g1",1.66894852038764,-0.321734955991282,3.00773172412075,0.0105648133247483,0.0487673739517294,-2.66757511049268,26.6,24.2,16.77,1.09,16.45,49.03,18.5,44.03,40.33,32.68
"360","TRINITY_DN12168_c0_g1",-1.04787409172672,1.4812773218567,-5.2558908988075,0.000181793523333857,0.00312623405269498,0.996639719512975,102,103,89,120,108,67,35,55,42,47
"361","TRINITY_DN12195_c0_g1",2.78823701685193,-1.68233670549674,4.79838072147308,0.000397100510866898,0.00523720946249933,-0.0458204376794198,3.23,1.19,13,4.53,2.24,20.38,12,27.07,29.48,12.3
"362","TRINITY_DN12199_c2_g2",1.24087044337018,-1.28363633645588,3.29030970214995,0.00620331201299272,0.0338314969679166,-2.10568855485312,7,7,6,7,12,23,9,21.32,15,9
"363","TRINITY_DN12206_c0_g1",1.47870363532912,1.81029551207639,9.02712634594015,8.37364813877446e-07,0.000134661767955588,6.221335878607,63,43,57,44,75,148,126,136,221,134
"364","TRINITY_DN1221_c0_g1",-1.37945901118434,3.54006260680951,-8.93160630471178,9.39878910006792e-07,0.00014372642000725,6.08943703937089,425,423,468,565,541,146,185,182,217,207
"365","TRINITY_DN1221_c0_g2",-1.5196407825244,4.31652755950817,-12.2111891558123,2.82685734776759e-08,2.04242491823562e-05,9.5748434339681,787.63,789.56,831.37,988.14,974,254.54,288.03,319,356,311
"366","TRINITY_DN12210_c0_g1",-1.26910810199848,5.31436816421123,-12.8967537979927,1.50395855605056e-08,1.33887224812122e-05,10.1816926662582,1692,1329,1668,1526,1845,566,664,749,744,599
"367","TRINITY_DN12274_c0_g1",-1.1969785438582,4.76256098337518,-4.15979716659022,0.00123663711066105,0.0114272604036674,-1.42798801799689,880.94,1543.99,877.97,787.97,1492.56,420.98,296.98,291,944.44,585.99
"368","TRINITY_DN12280_c0_g1",-1.51821596220975,0.00340806194368271,-4.66591786966376,0.000500519996334879,0.0061794015297877,0.131395236131099,38.86,37.82,70.27,56.15,32.75,20.72,12.57,14.68,12.94,9.43
"369","TRINITY_DN12284_c0_g1",-1.03292718305739,2.99422401920758,-6.21192044840241,3.90229303985164e-05,0.0012068301173432,2.35753595906989,303.93,207,412.37,287.39,290.89,141.81,115.81,123.57,214.38,133.52
"370","TRINITY_DN12299_c2_g1",1.02346839383218,0.4004700005212,3.58288668054838,0.00358352693941122,0.023441426072953,-1.78193086383008,23.06,29.24,15.79,38.07,24.78,34.99,44.26,41.22,72.53,44.09
"371","TRINITY_DN12312_c0_g1",1.24303595989191,-1.19070755561444,3.34183052857589,0.00563038157534638,0.0317228392187849,-2.02509160958192,5,10,10,10,8,23,14,17,16,10
"372","TRINITY_DN12320_c0_g1",2.85158293844738,0.511109593944015,3.16898617128299,0.00779568575915774,0.0395600897955304,-2.46643420798488,23,9,12,34,8,275.35,81.39,138.4,23,124.75
"373","TRINITY_DN12323_c0_g1",1.58129908113173,0.345600322336572,5.09026794526658,0.000240426372644735,0.00376798992626783,0.809757961844007,15,19,22,37,14,59,48,53,48,67
"374","TRINITY_DN12334_c0_g1",1.33219803020302,0.471161279101501,3.31069323341633,0.00596991696653373,0.0330026913431588,-2.27380369110284,29,14,23,21,39,46,53,37,157,31
"375","TRINITY_DN12335_c4_g1",-1.4671597791439,-0.881503283581034,-3.55720638289137,0.00375966666627966,0.0242064654932249,-1.67837040094043,30.69,26.92,35.52,10.52,27.5,10.55,5.67,11.5,8.43,2.07
"376","TRINITY_DN12337_c0_g1",1.65155061239836,3.36804226223863,6.78101425100563,1.65789571189046e-05,0.000718926473087987,3.19472168258816,118,157.78,182.98,108.99,200,355.02,427.11,703.05,416.99,541.16
"377","TRINITY_DN12340_c1_g1",1.30187241565783,-0.207342246431244,3.8295804188563,0.00226551964850291,0.0172537352637971,-1.27180164193593,13,8,18,32,14.28,46,28,31,35,27
"378","TRINITY_DN12367_c0_g1",1.47983087941743,-0.350643781423637,4.36911838169913,0.000847555279573636,0.00885439508645944,-0.347780667361276,18,24,7,8,14,27.29,31,32,53,21
"379","TRINITY_DN12368_c0_g1",-2.27806153054282,-0.716341467772637,-4.79055587769158,0.00040254149093809,0.00528659139824463,0.273540018111639,37.78,37.53,18.04,50.23,47.6,5.39,3.19,3.33,11.83,6.62
"380","TRINITY_DN12369_c0_g1",-2.43582531183211,3.10010910757371,-7.83964057908995,3.77156700725601e-06,0.000307513449668536,4.74218968821002,689.35,471,504.31,326,697.94,109.29,29,102.97,174,114
"381","TRINITY_DN12379_c0_g1",2.36957816505556,2.62006212024018,9.29507656291278,6.0860045871287e-07,0.000122836269911792,6.55626395563906,65,75,39,79.98,120,495,306,355,429,254
"382","TRINITY_DN12384_c3_g1",1.0024542043982,0.313509085948487,3.36347694399852,0.00540589857643314,0.0307718956075498,-2.16177727522427,17,27.05,26.84,20.23,29.18,58.42,58.76,46.06,35.43,27.39
"383","TRINITY_DN12388_c0_g5",1.12548608146984,0.122475208383413,3.16057664893893,0.0079202164589642,0.0400331087020929,-2.49378274417542,30,24,9,22,22,48,55,42,42,20
"384","TRINITY_DN12396_c7_g1",1.5495030560502,-1.50107899109943,3.17870386054812,0.00765422938489847,0.0390449501202643,-2.27863462453283,4.63,9.49,7.5,3.21,7.46,22.97,10.89,10.1,29,5.98
"385","TRINITY_DN12404_c0_g1",-1.07481079336941,0.847558024829616,-4.2821163409446,0.000991060637709743,0.00983230765606842,-0.595861318243524,95.34,71.27,60,52.14,66.7,43.01,43.18,20.78,29.99,21.37
"386","TRINITY_DN1241_c3_g2",-1.04423286350256,0.946334918830132,-4.58541917491403,0.000576753559817653,0.00683616148777685,-0.0801895361301916,90.41,83.28,57.7,52.61,83.84,26.5,28.71,50.03,35.78,26.93
"387","TRINITY_DN12414_c0_g1",2.27358760815889,-1.25916873768779,5.9204751916129,6.15402100438251e-05,0.00160458372976716,1.63102624628428,4,8,4,5,8,27,22,17,30,15
"388","TRINITY_DN1242_c3_g1",2.04868696130883,-0.00172070023078432,4.39398511682126,0.000810630334161104,0.00859021259356142,-0.313170073999893,18.95,21.14,5.94,15.35,11.93,30.94,72.81,33.3,52.32,81.04
"389","TRINITY_DN12420_c2_g1",1.62149176614143,0.0762352790350011,3.79004634800784,0.00243748657966558,0.0181092209561034,-1.36397569227932,14.04,11.82,10.76,25.69,27.71,32.31,58.02,65.94,75.34,19.21
"390","TRINITY_DN12430_c0_g1",1.47449863233152,2.70238358133123,9.17820790741014,6.98870141922442e-07,0.000128480952245513,6.42224309386753,96.89,112,131,86,88.56,351,187,273.5,363,256.13
"391","TRINITY_DN12445_c0_g1",1.84810864342927,-1.41457686513353,3.55970219084856,0.00374216810621356,0.0241362145668198,-1.67686526320623,8,4,8,6,4,19,10,38,12,14
"392","TRINITY_DN12447_c0_g1",-1.45923972517804,6.89288656270515,-8.31757757573611,2.02016187602105e-06,0.000213164942354915,5.04798071783508,5699,4463,6762,3168,5980,1829,1239,1870,2666,1778
"393","TRINITY_DN12475_c0_g1",-1.63721528274965,-0.443926025269575,-5.46468334778546,0.000128496425071047,0.00250900805223433,1.34583097016125,43,39,32,24,39,11,5,18,11,5
"394","TRINITY_DN12489_c0_g1",-1.83454231016724,0.624995606517771,-7.80946242443233,3.92668666977299e-06,0.000312133255778858,4.63991529273855,77.37,79.61,82.85,51.38,95.66,23.77,10.4,14.78,29.43,22.39
"395","TRINITY_DN12505_c0_g1",-1.51042569132191,-1.09041395143519,-3.65262724881605,0.0031463981455362,0.0214667287189567,-1.51681407854061,19,34.05,15.6,21,20.63,3.28,11.08,4.73,7.99,4.75
"396","TRINITY_DN12510_c0_g1",-1.20018929470843,2.79980711604243,-3.93194999194689,0.00187572323910554,0.0152024761240658,-1.53295708385677,211,347,232,460,194,180,100,138,112,75
"397","TRINITY_DN12521_c0_g1",1.34684192513488,1.01801138997564,6.0112131300116,5.3335316118406e-05,0.00147212868731793,2.22827242566131,44.27,38.05,23.62,29.73,37.96,81.18,90.52,65.34,120.38,60.21
"398","TRINITY_DN12532_c1_g1",1.54145964309721,-0.703696691208369,4.51732014295897,0.000650659184603799,0.00742612461768617,-0.114552706254095,18.98,8.16,7.14,9.15,9.21,35.04,30.15,24.01,25.73,15
"399","TRINITY_DN12544_c0_g1",1.1955122553899,4.48008670054001,8.18854867757753,2.3849233073073e-06,0.000233586604399196,5.05164334176528,429,398,425,311,346,1081,550,1005,1100,728
"400","TRINITY_DN12549_c1_g1",-1.14221305034584,1.38298944711636,-5.27834570047365,0.000175083743930406,0.0030455163594426,1.04489347191873,97,69,122,122,103,58,41,48,45,29
"401","TRINITY_DN12562_c0_g1",1.0004852603428,0.992805594779232,4.04738447283465,0.0015178169788781,0.0131756451067404,-1.03144275848807,32,29,68,30,39,65,72,96,76,52
"402","TRINITY_DN12567_c0_g2",1.71267710006676,0.377264156584897,5.84840040701558,6.90044099864195e-05,0.00171660521509629,1.98518996848357,17.87,14.08,14.68,33.45,24.24,53.88,45.36,56.8,104.37,44.1
"403","TRINITY_DN12568_c0_g1",-1.21187634301012,1.43873568447279,-6.1397598694286,4.36342652129511e-05,0.00129559203315143,2.40509865442677,112,138,82,90,120,46,44,40,49,41
"404","TRINITY_DN12575_c0_g1",-1.33029678928989,0.680703571047888,-3.4546152809704,0.00455582524176632,0.0275182452157282,-2.04371208596155,43,77,128,73,44,33,31,14,30,19
"405","TRINITY_DN12576_c1_g3",1.02356561490255,4.00180978376672,7.07480203682826,1.08381346415686e-05,0.000565136353906162,3.5402076673749,278.52,361.44,249.4,238.32,332.03,764.69,453.31,580.88,630.9,548.26
"406","TRINITY_DN1258_c20_g1",-1.65953094118272,0.371306809978611,-4.71508373551574,0.000459193027012241,0.00580724251030981,0.195902548738835,51.98,43.93,120.8,38.64,73.39,20.49,9.33,16.27,17.33,25.03
"407","TRINITY_DN1258_c3_g2",1.11195580000015,4.80970124387767,6.87774091062091,1.43959192139347e-05,0.000666988625067182,3.15735044488362,491.87,420.64,418.1,475.69,689.61,1500.1,808.39,1044.93,1068.15,960.07
"408","TRINITY_DN12601_c0_g1",2.22212277801622,-1.07976366617627,3.98207147156593,0.0017107042406532,0.0143189621405783,-1.00032159090806,6,11,13,3,4,56,11,27,21,23
"409","TRINITY_DN12601_c1_g1",-1.1176975692641,2.64315943756274,-5.97240165356252,5.66937084783073e-05,0.00153411587898527,2.02572663751846,298.33,164.69,295.95,208.54,246.08,112,95.62,112.6,173.63,67.71
"410","TRINITY_DN12603_c4_g1",-1.08305208092899,0.0863509864474303,-3.52125179319452,0.00402119157572839,0.0252969918345856,-1.84744131167368,58.49,35.53,24.05,45.9,50.27,21.65,9.39,22.13,16.87,17.78
"411","TRINITY_DN12615_c0_g1",-1.53120073915964,2.08377976602853,-6.38916033514364,2.97505468465813e-05,0.00104152552525155,2.74147586387214,266.69,170.42,148.92,186.51,182.99,70.51,43.01,77.2,111.55,32.79
"412","TRINITY_DN1262_c1_g1",2.16455011482137,-0.93880493064285,4.41458494992497,0.000781306485185099,0.00836565124697868,-0.316389622878088,13.04,12,11,2,4,37,31.06,16,28,27.08
"413","TRINITY_DN12623_c0_g1",1.15255530315967,-0.567984632663428,3.08798643424899,0.00908155817324256,0.0440111713435075,-2.51293882581117,18,17,13,5,13,25,33,17,20,31
"414","TRINITY_DN12648_c0_g1",2.56743922825502,-0.129887460864007,4.9764846527776,0.000291968291032741,0.0042773792514953,0.620200339403427,17.04,11.39,4,19,8,48.02,101.97,60.03,64.99,25.01
"415","TRINITY_DN12649_c0_g2",1.35877999151662,0.231260272984098,3.35777254786885,0.00546416263798995,0.031053910167774,-2.15470171455269,13,23,20,48,12,57,36,77,46,27
"416","TRINITY_DN12655_c0_g1",2.25630981681818,4.04435680321155,5.70046696013682,8.74806860749945e-05,0.00198984689857641,1.42163840175629,343.85,233.17,121.63,89.16,310.03,937.34,924.09,1351.96,1483.6,384.6
"417","TRINITY_DN12655_c0_g2",2.96701332067417,0.551362892278406,7.87891420680808,3.57940871469274e-06,0.000298401777012671,4.63275421609619,17.66,21.86,13.5,6.64,17.5,98.97,83.18,137.28,186,55.15
"418","TRINITY_DN12655_c0_g3",2.98658406245169,0.717416785336633,5.91583091212952,6.1994496879563e-05,0.00161414471062317,2.0842265946805,18.82,12.52,13.57,7.93,40.32,124.65,131.83,154.84,208.66,42.01
"419","TRINITY_DN12656_c1_g2",1.92917926677768,-0.488216542048875,2.99265453313614,0.0108693271660842,0.0497127125881466,-2.6592386703986,5,11,38,13,5,12,44,40,65,30
"420","TRINITY_DN12659_c1_g1",-1.41711300659661,0.415090099241226,-3.15563607771734,0.00799430694044011,0.0402809969579302,-2.53654364360416,64,52,85,57,41,46,6,6,41,29
"421","TRINITY_DN12689_c2_g2",-1.04741388206072,-0.342888748268138,-3.50946574284968,0.004110887536314,0.0256752789210551,-1.81524809135731,36,23,35,20,43,16,12,19,13,6
"422","TRINITY_DN12713_c0_g1",-3.81518098656067,0.682963826100258,-9.45081238056058,5.07210417644645e-07,0.000110419043453443,6.13707282582003,175.91,140,139,109,227.75,3,7,14.09,13.01,18
"423","TRINITY_DN12714_c0_g1",-1.1927136749653,-0.500394141126023,-3.92220883119334,0.00190964935684103,0.0153774429634301,-1.08908314661702,45.09,25.87,34.34,23.56,21.8,13.35,6.06,9.95,19.52,6.2
"424","TRINITY_DN12716_c3_g1",1.46901731676284,1.29068054206314,5.33391847249903,0.000159571701577596,0.00286325093000132,1.14756455844899,30.8,61.56,28.44,33.19,51.28,89.85,129.21,73.95,134.3,101.37
"425","TRINITY_DN12733_c0_g1",-1.02624179732138,1.81902878586508,-5.7453602767215,8.13772999163081e-05,0.00190147661133598,1.75759720146498,150.12,139.49,114.31,101.04,152.63,68.86,62.18,44.84,91.82,50.09
"426","TRINITY_DN12744_c0_g1",1.82285965052354,2.70368059595219,8.49286491036327,1.61708618433727e-06,0.000189934580661913,5.59643096507062,75.54,88.91,128,122.12,58.57,374.63,277,286,321.19,327.93
"427","TRINITY_DN12746_c0_g1",3.10356081681243,-2.19751930095109,3.80549787958597,0.00236873596253939,0.017752344248418,-1.4136619542691,4.3,0,14.49,0,3.51,11.03,15.11,10.23,40.04,8.75
"428","TRINITY_DN12758_c1_g1",-2.27273732677081,-1.08743433132891,-4.6377826881496,0.000525895582709054,0.00638360664348539,-0.0213139081305966,47.7,42.54,26.1,13.8,22.34,3.13,2.03,5.4,7.4,3.06
"429","TRINITY_DN12760_c2_g1",1.79821105530256,-1.06003832234998,4.40243184336271,0.000798470685765886,0.00849288651535881,-0.333199142240749,13,3,7.52,10.15,6.44,31.04,14.07,15,28,21.91
"430","TRINITY_DN12761_c6_g1",1.02671451163783,-0.265787572551529,3.22810216803442,0.00697405501833535,0.0366632463175232,-2.32038010444096,20.49,13.2,15.08,13.5,18.34,28.96,23.06,42.14,49.84,12.16
"431","TRINITY_DN12778_c1_g1",1.65633336285787,-0.573582731750175,3.72139158467574,0.00276856336993845,0.0197004267315932,-1.41858262481637,13.99,18.98,3.97,19.01,6.48,38,31.2,18.23,29,29
"432","TRINITY_DN12794_c0_g1",-2.7220409945658,1.08116945279295,-7.19869891335861,9.08975183188454e-06,0.000507084874325818,3.90002574742609,205.48,165.2,130.97,64.65,185.04,20.34,14.12,29.37,26.42,11.22
"433","TRINITY_DN12797_c0_g1",1.117354805611,3.08900285965344,5.37449656812728,0.000149160961439671,0.00275718257717906,0.977829052939468,128,154,235,163,100,362,239,422,391,241
"434","TRINITY_DN12799_c1_g1",2.79356237509456,-1.45857948617395,4.8711738213501,0.000350016083756581,0.00480563684201158,0.135512507125868,8.29,4.19,1.25,3.88,4.29,19.11,10.49,39.27,23.14,30.33
"435","TRINITY_DN1280_c0_g4",2.03948405447769,-0.751261896775914,5.1328496031221,0.000223672253910923,0.00358198935888893,0.794254767957368,6,6,11,8.16,13,52.37,18.74,31,36.5,17.59
"436","TRINITY_DN12807_c3_g1",1.07621602272161,-1.2222217966785,3.01306266799093,0.0104591918199098,0.0483963328195621,-2.56662434017939,9,9,6,6,13,18,15,12,24,7
"437","TRINITY_DN12817_c0_g1",-2.57988432169762,1.90502635320279,-11.2325223015078,7.34994795462075e-08,3.60481050747548e-05,8.42855037585119,330,207,251,169,253,41,20,50,59,28
"438","TRINITY_DN1284_c0_g2",-1.04590289341595,-0.142015300768178,-4.7791291317908,0.000410627211557667,0.00535890009889644,0.317181580215574,38,30,37,34,36,22,9,15,17,12
"439","TRINITY_DN12866_c0_g1",1.22624488235336,1.06630182410003,6.60292907842334,2.15702687049023e-05,0.000852769711138379,3.09736196214895,43.89,32.48,35.42,37.9,33.4,81.99,67.68,75.45,83.59,98.32
"440","TRINITY_DN12891_c0_g1",-1.10271040067827,0.226370716719764,-3.80481666494387,0.00237172471319368,0.0177664191106683,-1.36308281664758,48,55,52,28,51,33,11,11,33,16
"441","TRINITY_DN12897_c0_g1",1.90125287506625,-1.29244471934091,4.79266967411094,0.000401064042395386,0.00527135399565969,0.193772749515817,7.26,7.28,5,10.85,3,16,14.24,16.75,27.32,18.65
"442","TRINITY_DN12903_c0_g1",-1.01357916733849,0.581443388570146,-3.92655693684701,0.00189442870423905,0.0153067997070388,-1.19183842205134,57,51,50,43,83,33,35,26,22,16
"443","TRINITY_DN12909_c0_g1",-2.41722492363699,-1.56901654917636,-3.23802368901042,0.00684495372674237,0.0361561218626073,-2.19448449307127,26.03,21.37,28.05,7.7,30.15,0,4.64,1.17,7.9,9.4
"444","TRINITY_DN1291_c3_g1",1.28546489792637,5.72296502782776,11.5616627726656,5.28960413379228e-08,3.03106476875801e-05,8.88544369933823,961.6,842.75,930.3,813.93,825.08,2587.37,1922.12,1930.7,1989.3,2170.87
"445","TRINITY_DN12912_c0_g2",-3.06619666359503,-2.10947543540638,-4.73891055241005,0.000440460409769746,0.00563466071548657,-0.166813704191418,12,23,22,22,16,4,0,2,5,0
"446","TRINITY_DN12915_c1_g1",-1.40433608228069,1.22718266037287,-5.28329996424458,0.000173638659843442,0.00302689713538672,1.07019612891289,99.03,63.21,141.56,100.3,100.53,46.35,45.06,26.42,27.68,36.68
"447","TRINITY_DN12920_c0_g3",-1.33119227601378,-0.174140664723085,-3.75666426832527,0.00259308177432307,0.0188334652819534,-1.39759787755652,39.37,37.02,33.52,41.67,36.12,33.73,14.96,5.14,14.08,8.09
"448","TRINITY_DN12941_c0_g1",-2.17122377016562,-0.952714405092303,-3.57262598182867,0.00365287411095692,0.0237489218901324,-1.64693721126446,42,12,40,26,47,3,2,13,16,1
"449","TRINITY_DN12948_c0_g1",1.68664752005382,-1.26786435786685,3.52334145576668,0.00400549734908994,0.0252288135621201,-1.72720113203947,8,8,4,10.63,5,22.48,6,12.67,26.28,27.54
"450","TRINITY_DN12970_c0_g1",-1.07000272002899,0.794637065281105,-4.0605585321911,0.00148170667649879,0.0129614884968406,-0.979158468865413,68,75,62,64,66,46,13,42,43.98,16
"451","TRINITY_DN12977_c2_g2",-1.87699687776775,0.322767320669806,-3.50512514470659,0.00414443102071492,0.0258233120454569,-1.88460999097201,70.5,65.62,56.61,37.35,101.49,23.74,5.58,2.69,49.23,31.64
"452","TRINITY_DN12990_c0_g1",1.02085127938479,-0.923634948280731,3.16710149742354,0.00782342258281049,0.039668540075351,-2.33957133479697,9,7,17,12,10,21,19,17,20,12
"453","TRINITY_DN13001_c0_g1",-4.32380306035634,-0.461543765569757,-6.06317095093891,4.91648158209102e-05,0.00139977930503703,1.765602260456,95,63,99,50,132,13,4,0,4,5
"454","TRINITY_DN13010_c0_g1",-1.46527155800464,0.582381841019642,-4.47557066836052,0.000700777170487338,0.00779747815249312,-0.227090487631083,92.33,57.86,74.04,41.98,69.81,13.91,15.78,11.99,45.02,37.19
"455","TRINITY_DN13017_c0_g1",-1.05803279073787,2.0577582003565,-5.1241860876089,0.000226979043686406,0.0036209934547685,0.704966633629278,216.68,133.18,170.38,90.68,192.53,72.84,71.11,73.16,94.94,56.02
"456","TRINITY_DN1302_c0_g2",-1.07591409881157,-0.454860163609615,-4.06637411956716,0.00146604890263365,0.012876486247885,-0.850664288009972,34.83,26.48,30,20,34,17.57,9,7,17.76,9
"457","TRINITY_DN13034_c0_g1",3.61248924877365,-1.69631941816471,5.36227072274515,0.000152220351670348,0.00279199455181083,0.615596640774272,1.04,3.54,11,3.01,1,22.46,36.18,21.24,39.45,16.46
"458","TRINITY_DN1304_c1_g1",-1.17708506836371,4.6091062677354,-3.83550571111948,0.00224083844679159,0.0171246804758612,-2.01244603224317,1057.46,942.96,990.98,627.96,1273.92,440.17,286.93,189,985.91,512
"459","TRINITY_DN1304_c1_g2",-1.14331383609843,2.7019808018747,-4.04932019550606,0.00151245480691001,0.0131405384260866,-1.30135816113461,246.31,252.55,275.68,190.12,295.84,109.59,81.87,48.3,237.83,158.31
"460","TRINITY_DN13040_c1_g1",-1.57614098910129,1.12825029282788,-5.33832281077707,0.000158405681176013,0.00285090195800281,1.1705425418188,112,93,115.99,81.1,93,49,11,18,49,50
"461","TRINITY_DN13052_c0_g1",-1.19195647422853,2.06132232998591,-4.16646302983195,0.00122175585661006,0.0113233304925788,-0.97588216511154,265.6,148.54,98.02,122.43,234.74,67.92,73.93,66.67,94.4,50.81
"462","TRINITY_DN13054_c0_g1",-1.01133775730709,1.13619456961349,-4.91496639116005,0.000324534406052498,0.00458530362045929,0.461749175279803,121.45,68.14,78.04,74.48,74,36.54,32.56,45.04,55.37,25.05
"463","TRINITY_DN1307_c2_g1",1.00034382852206,4.42515058510716,4.80367798332573,0.000393460692177755,0.00520062690719823,-0.217593074094306,266,358,411.01,504,464,781,641,547,1106.95,928.08
"464","TRINITY_DN13071_c0_g1",2.83747378580142,2.63427233830633,14.9664170540146,2.63734318773048e-09,4.53377482544578e-06,11.5384643706242,90,47,44,68,68,450,309,459,592,370
"465","TRINITY_DN13100_c0_g1",-1.33418257080007,3.15071630008148,-8.14558241181248,2.52150328758068e-06,0.000243406358257281,5.12247967480486,469.58,307.76,358.71,297.31,414.31,138.23,105.73,130.99,253.65,119.98
"466","TRINITY_DN13104_c0_g1",1.29091639471958,1.10183962723019,4.65305029345501,0.00051196340329739,0.00627869902695812,0.0211339028722985,56.28,29.92,32.57,27.08,44.22,87.16,42.74,79.83,163.53,84.01
"467","TRINITY_DN13113_c0_g1",-3.48362178994364,-1.79470160781458,-6.2645297083903,3.59874674091111e-05,0.00115491104732226,1.56972057530397,21,33.01,27.7,19,32.29,2.98,0,1,2,4.15
"468","TRINITY_DN13116_c0_g1",-1.01581192367512,1.82619076197168,-5.64395017195547,9.58578943278014e-05,0.00209790795747027,1.59394232511793,134.2,149.32,132.16,101.1,140.97,50.94,48.21,53.04,106.84,65.21
"469","TRINITY_DN13117_c0_g1",1.78415588465372,0.202761437053571,5.32715926182789,0.000161378724364519,0.00288462299954979,1.18729965423504,30,26,7,10,24,53,39,49,78,51
"470","TRINITY_DN13129_c0_g1",2.36028626419946,1.45553648010056,9.55822503441068,4.47907106926528e-07,0.000102019608561841,6.7307216819079,49.68,38.69,46.31,15.4,24.78,166.01,127.71,152,239.86,131.91
"471","TRINITY_DN13137_c0_g1",-1.34895818071423,2.40142872824189,-4.17454157104535,0.00120396847670549,0.0112168642252287,-1.0142533603057,195,251,283,147,233,157,43,37,117,133
"472","TRINITY_DN1314_c3_g1",-1.5722769226801,1.74170681624811,-7.83111699274008,3.81470622538591e-06,0.000307862036619555,4.76767557408416,163.47,173.28,161.16,90.9,170.5,56.64,40.88,37.86,58.38,49.92
"473","TRINITY_DN13147_c0_g3",-1.51520685959672,0.326385101856728,-4.79013672165904,0.000402835136376886,0.00528766194149471,0.321470045422808,90.64,44.78,38.97,52.32,64.28,19.95,22.07,22.16,19.64,7.87
"474","TRINITY_DN13155_c2_g1",1.47718614044098,0.239148132703581,6.59696212578784,2.17629140236144e-05,0.000858343791787381,3.0453487321413,18.7,25.37,22,14,18,46.66,39,42,62.61,57
"475","TRINITY_DN13161_c0_g1",-1.3634411975996,-0.0129058461548136,-3.32934385191802,0.00576413524096063,0.0321935283629409,-2.16426817096322,47.49,80.81,33.5,18.81,55.93,10.1,10.89,17.51,28.74,9.55
"476","TRINITY_DN13180_c0_g1",-1.44295385839776,1.8893874966898,-4.88045074282738,0.000344448757209007,0.00476032540194486,0.320248719943057,155.22,134.81,248.54,93.58,197.31,30.41,50.55,61.82,111.96,50.9
"477","TRINITY_DN13186_c0_g1",1.38349908879152,5.87954194928408,9.69608791174465,3.8244436699294e-07,9.25533933383448e-05,6.83880250092023,1127,729,1185,671,1122,2260,1717,2839,3118,2444.89
"478","TRINITY_DN13190_c1_g1",1.02390565895263,0.456559434112622,4.57529689476332,0.000587161510353323,0.00692879074008466,-0.0527559898169176,17.99,22.78,32.94,27.03,33.65,55.32,37.04,50.63,58.01,42.59
"479","TRINITY_DN13196_c1_g1",1.15116817288169,0.127124851391278,3.98489733448613,0.00170185753845052,0.0142598479511943,-1.03847188174978,27.44,14.26,11.76,18.8,35.93,37.36,27.36,51.02,53.33,34.51
"480","TRINITY_DN13199_c1_g1",1.55573841861441,0.56288559567521,3.38506451549939,0.00519103641984343,0.0299927045669386,-2.14789888342329,31.22,11.45,64.2,8.06,34.7,88,47.47,101.15,81.81,29.45
"481","TRINITY_DN13199_c1_g3",1.29932816349218,1.45509555910876,5.35094680013231,0.000155112883456684,0.00281531572916403,1.15829678844872,34,50,42,50,59,101,107,123,91,133
"482","TRINITY_DN13216_c3_g1",1.18306173501756,0.2742495736731,3.43630424129362,0.00471500060637604,0.028120220747657,-2.02406604533323,9.9,32.12,36.22,20.15,23.19,51.33,31.58,44.46,65.62,36.04
"483","TRINITY_DN1322_c1_g1",-1.50800262750981,-1.55128483641702,-3.68829542775564,0.00294425870142957,0.0205401803865615,-1.48306338232066,18,12,15,14,23,5,1,3,12,3
"484","TRINITY_DN13222_c1_g1",-1.44451692531605,0.788002839502926,-4.15327050543186,0.0012513890439314,0.0115293842186495,-0.808736516758176,78.32,106.92,90.64,81.21,37.43,23.39,32.15,28.91,24.65,18.63
"485","TRINITY_DN13232_c2_g2",-2.19872747525962,-0.974257090875027,-5.42101561975753,0.000138098062627218,0.00261573051525635,1.11160063685997,46.7,24.18,22.01,23.01,36.62,5,6.5,3,10.15,2
"486","TRINITY_DN13235_c2_g2",1.55033956448429,-0.700484679932809,4.31916765958637,0.000927093003372014,0.00939732642655846,-0.430023337805234,11.63,6.97,13.72,15.37,6.98,37.03,14.64,30.11,25.98,22.34
"487","TRINITY_DN13246_c0_g1",1.34957047731292,0.290803300149252,5.00129314569987,0.000279819818785302,0.00415174328151895,0.666705703905206,32,15,35,10,22,54,41,52,52,46
"488","TRINITY_DN13255_c0_g1",-1.53783178948396,-0.478926575719077,-4.33902915879858,0.000894578806194971,0.00919822631358741,-0.394958632497572,34,32,27,27,51,15,2,13,15,8
"489","TRINITY_DN13279_c1_g1",-1.07982619943581,0.717227732935089,-3.09665560268515,0.00893434972804853,0.0434748364154517,-2.69955624684175,103,29,54.02,62,95,36,16,21,41,28
"490","TRINITY_DN1328_c2_g1",1.2008262434682,-1.21851545082863,3.79385318722426,0.00242036074461652,0.0180227399852677,-1.28887309018202,9.92,11.19,4.19,7.26,8.74,14.43,13.03,14.57,17.05,15.73
"491","TRINITY_DN1328_c5_g1",-2.32440778383903,-1.43868462988561,-4.89553635265204,0.000335592200915305,0.0046885375209298,0.231232153400098,23.21,23.85,17.08,18.12,30.86,8.83,1.38,6.94,2,1
"492","TRINITY_DN13281_c0_g1",1.79640937306558,-0.63400214655077,5.08447075426461,0.000242807041441214,0.00379337494107453,0.756488738918353,18,7,7,10,10,33,15,27,54,25
"493","TRINITY_DN13284_c0_g1",-1.85370278584173,1.97640410273496,-10.5768580388788,1.45065168099239e-07,5.56302601942413e-05,7.86656161120478,216.66,200.4,164.76,193.81,197.21,52.47,31.22,50.66,81.51,49.68
"494","TRINITY_DN13286_c0_g2",-1.53633036724742,-1.22127668501087,-3.26366195135844,0.00652237403972557,0.035042747517126,-2.14793867884083,18,20.97,19.94,18.33,21.52,1.88,7.01,1.83,11.82,12.71
"495","TRINITY_DN13287_c0_g1",1.4052977175608,0.869235325571167,5.14671451719104,0.000218484788887045,0.00352838425020598,0.873067223514058,24,24,37,32,38,68,59,113,113,43
"496","TRINITY_DN13288_c0_g1",1.1037802477391,2.35043259197441,7.56202483001587,5.48686104304005e-06,0.000376859350691441,4.39570198593136,92,87.99,109,82,83,186,221,187,205,169
"497","TRINITY_DN13294_c0_g1",2.25075747619827,0.698888150217661,7.40632513975404,6.79832883161099e-06,0.000427385986434177,4.14240237189404,35,23,17,13,18,144,86,93,73,70
"498","TRINITY_DN13295_c1_g2",1.83539503618421,-0.143350424360977,6.36880221563204,3.06855343721455e-05,0.00106381498265269,2.66061306025919,17.52,10.23,11.91,13.66,13.56,53.54,41.38,25.34,51,45.3
"499","TRINITY_DN13299_c0_g1",-1.01249724404843,2.9840689182844,-4.99895374461388,0.000280942475916243,0.00416220661273477,0.349499845660549,348.24,258.64,233.57,360,257.56,111,152,176.63,133.29,152
"500","TRINITY_DN13307_c0_g1",1.8129342626147,2.35126659781301,5.57220012483142,0.00010772806347388,0.00224389079034215,1.42992680834556,83.86,39.39,69.15,94.86,84.54,449.31,267.56,244.42,208.33,148.56
"501","TRINITY_DN13317_c0_g2",-1.25789543675181,-0.817085513307243,-4.83606752142925,0.000371949908903237,0.00499941191926479,0.375048356997033,27.31,25.49,22.95,18.31,24.61,8,7.03,10.7,8.15,6.2
"502","TRINITY_DN13322_c0_g1",-1.01467655464796,2.16033584774262,-3.6262500397545,0.00330495092866907,0.0222290500063329,-1.98675425443967,235.65,197.12,115.53,111.09,202.94,94.8,52.89,88.79,149.57,43.41
"503","TRINITY_DN1333_c2_g1",-1.06134925155485,5.85143288008736,-9.99538132574829,2.73023490728541e-07,7.76729504583547e-05,7.18765861146343,2607.68,2229.95,2279.87,1606.91,2233.43,1119.21,873.51,1017.55,1359.59,831.93
"504","TRINITY_DN13348_c0_g2",1.08060948823816,1.20933354796517,5.3510134177157,0.000155095699128857,0.00281531572916403,1.1777709310919,44,49,43,47,31,99,86,77,82,82
"505","TRINITY_DN13396_c0_g1",-1.12947664646797,1.59062654534496,-4.69126139224486,0.000478753974871603,0.00598778773438887,0.0266954426353383,194.61,108.01,93.65,85.84,116.82,41.71,44.4,67.67,69.26,37.04
"506","TRINITY_DN13396_c0_g3",1.63352008026816,-0.221738357437552,6.97415238075301,1.25213140175788e-05,0.000613187689310761,3.43675950113362,17.34,12.41,14.94,11.96,11.46,36.54,26.03,33.89,51.73,39.26
"507","TRINITY_DN1340_c12_g1",1.99648705776607,-1.23351636577056,3.78259806912182,0.0024713540529485,0.0182763597705559,-1.31842810480387,7,5,16,9,2,29,24,14,23,14
"508","TRINITY_DN1340_c13_g1",1.90857093670228,-1.65826839608153,3.49721859135508,0.00420624801361015,0.0260791694292252,-1.79439488184264,5,3,4,2,15,22,14,20,10,10
"509","TRINITY_DN13402_c0_g1",1.13094459096545,0.0170850303330482,3.26155056879204,0.00654835073948261,0.0350875891461121,-2.29961295334587,23.19,12.26,9,23.23,36.11,26.78,28.23,44.1,51.56,36.1
"510","TRINITY_DN13403_c0_g4",1.37813183467418,0.736489176976459,3.99045603603964,0.00168459248238457,0.0141670021970847,-1.09266459422639,37.49,19.98,28.97,29,25.11,99.22,107.09,67.03,45.47,45.01
"511","TRINITY_DN13408_c1_g3",-1.06711438063938,-0.583507904181614,-3.03405200756214,0.0100534701577156,0.0471935638203952,-2.60552445832951,45,20,23,16,34,12,4,16.97,10,12.78
"512","TRINITY_DN13421_c0_g1",1.55004789896321,-0.394796755232399,3.47787339309215,0.0043614765473478,0.0267149146473682,-1.8511683691735,37.9,17.53,15.98,5.81,4.63,39.09,26.13,29.97,36.15,28.38
"513","TRINITY_DN13423_c0_g1",2.51362085505664,-0.986529055079458,6.2076217291617,3.92826544185631e-05,0.00121410921929859,2.06809758367324,7,11,4,4,6,36,15,37,30,32
"514","TRINITY_DN13447_c0_g1",1.0106734899485,2.58187224409278,6.8757467290305,1.44377059097703e-05,0.000667683629610185,3.40947792484919,98,105,141.97,88.94,117,211,229.97,226.97,218.14,214.99
"515","TRINITY_DN13449_c0_g1",1.26071616415464,-1.15610518020458,3.15262235288726,0.00803984287331356,0.0404644956272456,-2.33854040799875,4,13,10,8,10,17,15,21,15,13
"516","TRINITY_DN13453_c1_g2",-1.47745073423527,-1.93453949833626,-3.75901526028197,0.00258179809008968,0.0187761313180512,-1.42867313592807,17.01,10.65,11.93,10,11.85,2.62,4,3,4,1.33
"517","TRINITY_DN13460_c0_g2",1.65575782770595,-0.177703159464558,5.7669335093624,7.86056148343351e-05,0.00185920517184594,1.82566629661042,11.07,16.99,19.07,13.49,10.08,54.29,28.12,35.4,37.96,39.27
"518","TRINITY_DN13516_c0_g1",1.78523982384537,-1.57124963720418,3.49424110802338,0.00422976938184561,0.026168614171401,-1.7873758564994,12.4,8.68,2.27,5.64,2.19,15.1,18.57,9.42,16.17,14.22
"519","TRINITY_DN13524_c0_g1",2.58497645884713,-0.810773536056395,3.99930221768451,0.00165748747849509,0.0140024343850217,-0.962434292430461,4,8,13,5,7,48,10,47,29,64
"520","TRINITY_DN13539_c1_g2",1.49266604901581,2.27602864712182,7.28234520025008,8.08068457522667e-06,0.000471165342840673,4.01931885557392,70.07,61.45,58.6,132.69,75.27,222.06,182.03,191.12,246.56,201.63
"521","TRINITY_DN13544_c0_g1",-1.32699067950294,-0.289953630834048,-3.50888099796895,0.00411539022877632,0.0257001815201285,-1.81662285806945,53,38,33,16,40,10,20,7,11,17
"522","TRINITY_DN13549_c0_g1",2.0701962622356,0.526028468394241,9.14281107792713,7.28960243035456e-07,0.000128868280127825,6.08586250707116,19.71,13.76,20.89,19.55,23.35,91.96,64.37,91.33,76.95,53.36
"523","TRINITY_DN13557_c0_g1",2.14928986221468,0.683299629427966,6.27661502394636,3.53261038966444e-05,0.00114444831940431,2.61925180748394,15.02,33.05,33,24.05,10.02,104.13,56,112.28,86.06,76.11
"524","TRINITY_DN13591_c0_g1",-1.27252265908591,2.80003448765059,-9.15430805886014,7.19037684321871e-07,0.000128480952245513,6.39232060462669,286.33,228.54,305.37,256.32,325.32,108.01,88.71,97.47,181.71,110.22
"525","TRINITY_DN13598_c0_g1",-1.34981160689755,1.2463458213456,-4.91900150208697,0.00032228613785737,0.00456768205450441,0.462344190990491,128.44,119.1,77.4,65.89,118.89,33.05,36.33,33.81,72.84,19.85
"526","TRINITY_DN13620_c0_g1",-1.32136058536041,2.6416486065681,-9.35989026112929,5.63989439430947e-07,0.000118301344789348,6.63288393095866,271.95,221.54,275.93,188.02,328.18,106.6,79.52,111.97,121.38,87.74
"527","TRINITY_DN13625_c1_g1",-1.27004886998805,0.416415233515222,-5.56591780246801,0.000108838636255783,0.00225126064865702,1.55772849568702,65.69,55.74,45.12,38.23,72.57,21.57,16.68,23.74,19,21.26
"528","TRINITY_DN13632_c0_g1",-1.22810317368872,0.804526656580135,-5.72843955476598,8.36232759279248e-05,0.00193119707592405,1.80187257165342,74.76,66.63,64.26,61.96,82.64,43.27,30.08,26.23,25,18.09
"529","TRINITY_DN13666_c0_g1",-1.82184005529917,3.46232519442774,-9.14320531191288,7.28617581568935e-07,0.000128868280127825,6.35723505339192,732.89,485.89,551.1,412.87,542.38,149.49,89.78,123.99,292.16,149.51
"530","TRINITY_DN13685_c0_g1",1.38466393767207,0.749249120150719,6.30433873892392,3.38570563946541e-05,0.00111772869970153,2.66473151959738,27,22,25,32,36,83,52,78,62,69
"531","TRINITY_DN13717_c0_g1",1.34080035129562,1.76342442371424,9.27599253432972,6.22444681356864e-07,0.000124621424496722,6.49926350576899,66,49,69,51,49,160,111,146,154,126
"532","TRINITY_DN13720_c0_g2",1.15441765689267,3.28379209010843,7.67388049974302,4.71245030238351e-06,0.000344977657745558,4.47368691577038,141,155,187,178,187,464.96,345,409.89,439.83,251
"533","TRINITY_DN13736_c0_g1",-1.98580062132257,-1.21158260317079,-4.63586923274857,0.000527669310793213,0.0064003853813518,-0.0247126989859456,16.6,20.74,27.88,22.33,29.16,6.92,5.11,6.99,2.23,2.5
"534","TRINITY_DN13750_c0_g1",-2.08194906653032,-1.00017109030333,-4.93876378026865,0.000311507859911121,0.00446509526743794,0.45230614298525,38,36,21,16,32,3,7,3,7,7
"535","TRINITY_DN13770_c2_g1",-1.75236152706033,0.454941372606785,-7.9087571238462,3.44038152485345e-06,0.000293687226298834,4.72910568459089,66,83,66.75,46.05,73,16,13,22,20.03,17
"536","TRINITY_DN13781_c0_g1",1.279408773414,-0.22774090573594,4.53953851479669,0.000625520428915152,0.00724368639784136,-0.0713432261620932,22.22,13.84,17.29,6,21.74,32.13,31.98,28.99,39.13,31.95
"537","TRINITY_DN13787_c2_g1",-1.18318906586814,0.469452471356996,-4.64549223047694,0.000518811686833265,0.00632379438232244,0.0676300001620724,49.25,64.05,58.02,62.14,45.44,13.46,17.31,26.05,34.3,21.66
"538","TRINITY_DN1380_c0_g1",-1.62664700992673,5.03890169227142,-5.35477494329332,0.000154128632659885,0.00280634577209396,0.690752941541124,2051.83,1812.44,1118.56,1134.76,1695.59,374.36,403.26,615.82,1166.35,225.59
"539","TRINITY_DN13800_c1_g1",-1.75275741908748,-1.11039474424273,-3.91114400286556,0.00194895139447422,0.0155981817095398,-1.10411998286383,20,30,21,26,19,3,14,8,5,2
"540","TRINITY_DN13800_c1_g3",2.38532570556734,-1.9791842532456,3.99380031521211,0.00167429225876715,0.0141113257779068,-1.151924449215,0,6,3,8,3.14,10.73,10.73,14.75,17.83,13
"541","TRINITY_DN13817_c2_g1",-1.08693713829842,1.46028421408059,-4.67223754205984,0.000494997663394025,0.00613706006296502,0.00951601335949182,150,100,82,75.02,122,39.01,57,49,43.02,49
"542","TRINITY_DN1382_c4_g1",-1.19288862812161,2.93411016959563,-5.06104582042703,0.000252681056406752,0.0038999717353083,0.469863711630388,447.59,230.93,282.18,179.71,438.74,135.13,95.08,140.92,187.47,105
"543","TRINITY_DN13826_c0_g1",-1.77865578380493,-0.72575546987074,-3.02017185321915,0.0103199749001083,0.0480285388998413,-2.58274318770227,17.02,48,39,15,51.1,6,1,22.04,8,9
"544","TRINITY_DN13860_c0_g3",1.48840463743732,4.07250240390334,8.58156300455613,1.44669706228794e-06,0.00017986655845637,5.60839944785705,240.29,258.17,414.76,158.8,274.48,864.97,516.66,742.45,860.08,698.92
"545","TRINITY_DN13874_c0_g1",1.39747119255947,0.311297963039013,4.40649038624067,0.000792695587146491,0.0084531022686661,-0.324119832686204,25.07,19.72,14.15,15.21,32.94,45.41,39.32,73.97,37.93,64.81
"546","TRINITY_DN13878_c1_g1",-1.51491047706209,-1.04683947181808,-3.03737893056469,0.00999061908107465,0.0469838781734048,-2.52950295009108,28.36,23.07,25.94,18.07,18,13,3,1,14.05,10.01
"547","TRINITY_DN13880_c0_g1",1.02778695749748,0.387846386147731,3.5037670758881,0.00415498298581661,0.025872891180604,-1.92071937689497,36.33,26.95,37.97,12.4,18.87,56.53,59.26,36.85,46.76,37.39
"548","TRINITY_DN13884_c0_g4",1.13688823336393,0.196372495049425,5.03696243694282,0.000263272024636907,0.00400149397689748,0.726184169844651,16.13,22.82,26.39,19.52,21.57,41.74,28.39,53.44,50.29,38.4
"549","TRINITY_DN13884_c0_g5",1.70759959961715,-1.10842311861119,3.37204403939913,0.00531957331470573,0.0304578716501694,-1.97433759934787,4.59,9.96,5.86,19.52,5.25,41.64,14.82,13.15,19.95,16.04
"550","TRINITY_DN13887_c0_g1",1.5618823907158,0.756375600916789,5.93729246797612,5.99243880743372e-05,0.00157646993069653,2.12213012709307,22,16,46,36,23,79,62,64,90,72
"551","TRINITY_DN13893_c2_g1",-1.23270674137802,0.203650906020563,-3.96342312971088,0.00177028389987656,0.0146455299137979,-1.08065749741579,52.05,41.29,60.78,26.27,61.56,10.05,10.41,19.73,27.92,27.34
"552","TRINITY_DN13909_c0_g1",-1.17784368274068,-0.324476950031519,-3.28885459591648,0.00622032113756596,0.0339057150307321,-2.19755555552056,26.99,43.99,19.98,35.99,40.98,12,15,18,11,7
"553","TRINITY_DN13916_c0_g1",2.61046312101161,0.839180418016308,4.97271077536306,0.000293864136248342,0.00429493074886796,0.606309787519105,28,25,51,11,8,81,53,105,255,147
"554","TRINITY_DN13918_c0_g1",-1.55375577470327,-1.28675045682115,-3.04378245856131,0.00987074789187846,0.0465814459157343,-2.5008700653225,17,24,28,7,32,5,3,5,12,2
"555","TRINITY_DN13918_c0_g2",-1.23590251409652,4.03113363420011,-5.20225281413221,0.000198936912328708,0.00331669605918552,0.547432764176455,585,619,1028,388,811,303,160,298,468,221
"556","TRINITY_DN13944_c0_g1",1.66889872466895,1.5161590917731,7.08336302005325,1.07065105884439e-05,0.000561910520498819,3.77073307953853,33,53,60,30,44,130,94,167,126,150
"557","TRINITY_DN13948_c0_g1",1.12315024623398,2.21163442756851,5.93436563876397,6.0202349071839e-05,0.00158044639719768,2.01547102180305,90,90,54,104,82,208,153,193,182,145
"558","TRINITY_DN13967_c2_g1",-2.23506535209391,-1.25187966154402,-3.0914516021864,0.00902242825589294,0.0437842028463965,-2.417532642205,31,29.94,33.57,9.71,27.88,14.97,4.53,0,6.24,6.29
"559","TRINITY_DN1397_c3_g1",1.54848154093677,0.169907185945389,3.42834682072404,0.00478592013769467,0.0283667193704069,-2.01400877311036,31.38,6.43,18.71,21.12,23.35,109.81,52.2,33.99,44.14,28.04
"560","TRINITY_DN1397_c9_g1",-1.8845293630527,-1.46666768809226,-3.11630982892269,0.00860939343093039,0.0423929570453669,-2.37668452074456,10.77,25.73,17.9,10.47,41.44,3.82,5.55,2.5,2.73,5.36
"561","TRINITY_DN1397_c9_g2",-1.66268786948241,-0.324763370724049,-5.43569096554105,0.000134789749746265,0.00258151110030754,1.32023813032388,55.99,38.09,38.41,30.54,29.64,7.47,15.44,7.19,14.2,8.31
"562","TRINITY_DN1397_c9_g3",-2.64321746091233,-0.255809582586785,-4.44011730063524,0.00074648204503134,0.00813073397224108,-0.233796415084053,55.86,46.36,93.52,18.22,103.8,15.44,4.89,8.82,6.08,4.22
"563","TRINITY_DN13975_c0_g1",1.56286717306281,0.98080082440781,5.14351092041227,0.000219672085191886,0.00353486113393913,0.861529812952814,25,23,47,55,20,68,74,106,121,68
"564","TRINITY_DN13983_c0_g1",-1.05226201517087,0.411815231904198,-3.18276727366517,0.00759584691763055,0.0388664156063881,-2.49743354252861,77.22,42.89,58.71,31.75,49.86,48.87,19.96,24.25,13.56,16.84
"565","TRINITY_DN13995_c3_g1",1.88062136014632,-1.13655327618076,3.942158772474,0.00184083277829908,0.0150026216276842,-1.05854545314205,11.08,4,13.06,3.36,6.05,11.94,15.24,24.64,44.05,18.41
"566","TRINITY_DN1400_c2_g1",1.65227562045728,-0.451294373782391,5.64392673877957,9.58615379334855e-05,0.00209790795747027,1.60566659296167,20.67,12.06,10.16,5,13,31.25,33.33,29.68,36.66,28.06
"567","TRINITY_DN14010_c2_g1",-2.14504869439038,-1.28989050220624,-4.22124624769813,0.00110624946693848,0.0106348576610475,-0.662960991637805,31,32,12,23,23.07,2,6,7,4,2
"568","TRINITY_DN14016_c0_g2",-1.09869117682859,0.594781134439319,-4.12385135592113,0.00132017402210936,0.0119935258958238,-0.844210419855274,81.07,44.39,57.48,58.71,51.21,15.9,30.74,27.08,22.99,31.88
"569","TRINITY_DN14016_c1_g1",2.09188696672164,-1.24436102759626,3.18203036121628,0.00760640145474227,0.0388991945434621,-2.2746225395151,5.52,2.06,8.35,11.29,6.9,28.46,36.13,6.69,30.25,17.55
"570","TRINITY_DN14024_c1_g1",-1.02711610807249,0.358155600922921,-3.8219618365892,0.0022976642076998,0.0173975476528643,-1.34951649455605,74.89,34.19,38.24,62.87,43.9,25.76,16.21,19.44,28.67,17.68
"571","TRINITY_DN14032_c0_g1",-1.55259730458558,0.285341330830854,-3.56807919615718,0.00368403910138146,0.0238830170768752,-1.7810338656665,73.04,41.07,38,47,82.2,43.28,22.23,14.83,6.89,14.79
"572","TRINITY_DN14032_c0_g2",-1.46020053356534,0.526434847658655,-4.30701700974312,0.000947585559288524,0.00954150330987897,-0.511599753157008,67.95,40,58,82,77.01,51.03,8.01,20,21,18
"573","TRINITY_DN14032_c0_g3",-2.13713130684597,0.321493535726711,-5.26762335829793,0.000178254687945484,0.00308302018536868,1.09434208487695,105.07,52,50,64,80.99,34.97,14.99,19,7,7
"574","TRINITY_DN14037_c0_g1",1.06448707803709,3.61155250639769,6.06594448108539,4.89521127057809e-05,0.00139611537455452,2.04103159902648,176,253,264,221,185,589,445,447,398,422
"575","TRINITY_DN14050_c0_g2",1.13634355813619,0.784351296390983,3.44999407316764,0.00459547529969416,0.0276655271242185,-2.07460607558116,22,35,29.67,38,37,55,39,53,158,52.61
"576","TRINITY_DN1409_c0_g1",2.05525625339877,-0.0109330073748348,5.41087993835142,0.000140432743795963,0.00265289639123158,1.30542676951821,8.44,10.56,24.7,24.73,9.76,60.26,26,50.43,73.52,48.76
"577","TRINITY_DN14091_c1_g1",-1.10822078442683,3.07257320034763,-3.42054821864661,0.00485647332252072,0.0286562460812636,-2.53742971817567,387.96,203.37,596.4,252.98,270.89,79.93,101.06,162.54,306.6,163.29
"578","TRINITY_DN14094_c0_g1",-1.68536931869583,-0.959537907035368,-5.45588139929933,0.000130373715716993,0.00252964939803147,1.22070950740365,35.25,17.99,27.73,19.23,26.87,7.61,4.2,5.4,6.17,6.33
"579","TRINITY_DN14097_c0_g1",-1.12889084068351,2.72583196107306,-5.99151215574719,5.50129862938559e-05,0.00150607490703328,2.0457998510824,233.4,206.02,376.38,243.72,228.44,102.14,93.94,95.15,193.96,105.44
"580","TRINITY_DN14111_c0_g1",1.06507081168415,-0.133977411079236,3.14778171724669,0.00811352782954313,0.0407007147198847,-2.47906545806021,11,15,27,12,28,41,24,19,44,40
"581","TRINITY_DN14113_c0_g1",-1.28871253956503,5.7631313532725,-7.78429743790446,4.06123870380472e-06,0.000316712535661126,4.39216656155845,2267.46,1901.76,3099.59,1950.54,2021.15,1127.7,561.19,738.37,1299.78,897.55
"582","TRINITY_DN14119_c0_g1",-1.71902314866905,-0.514172955355658,-3.23091573494366,0.00693719722884948,0.0365234019906889,-2.25466978972294,19.78,22.01,73.52,20.12,64.95,14.87,8.08,8.08,7.09,6
"583","TRINITY_DN14124_c0_g1",2.33286508690198,-0.374098856644566,6.25582198756821,3.64721082723232e-05,0.00115590846389074,2.40636232645995,9,9,30,6,6,39,40,43,56,38
"584","TRINITY_DN14127_c0_g1",-1.22817879997065,0.982994028275148,-4.05823292499076,0.00148801625021458,0.0130029928346972,-1.00621985527201,90.98,66.9,69.51,89.2,77.23,14.97,37.92,40.97,27.75,50.57
"585","TRINITY_DN14168_c0_g1",-2.00281269330634,1.44148364211137,-6.19393283692431,4.01219762266216e-05,0.00123283080198318,2.49387376160331,158.84,179,87,167.83,127.54,20,41,39,30.33,41
"586","TRINITY_DN14171_c0_g1",1.54966822931021,0.42441375061282,4.0182524943642,0.00160092369472636,0.013677951834309,-1.00461602075118,40.06,17.14,13.17,42.14,11.02,56.39,47.36,79.44,47.65,59.65
"587","TRINITY_DN14178_c0_g1",-1.22478736670675,8.68102599215467,-16.1727515244297,1.05389331099482e-09,2.51808165648342e-06,12.8041376381125,16542.13,16127,14948.56,15757,17033.2,7066,6685.52,7523,7066,6315.59
"588","TRINITY_DN14183_c0_g1",-1.1558677427768,-0.566129595214498,-3.49594147785533,0.0042163205735904,0.0261167158034471,-1.81048584996687,29,41,27,16,29,10,10,6,20,8
"589","TRINITY_DN1419_c0_g3",1.40006901126763,-1.11947997061899,3.44962639033236,0.0045986450188791,0.0276745835497561,-1.84880464715452,19.83,5.66,4.7,7.23,7.99,17.66,12.86,13.62,19.51,27.44
"590","TRINITY_DN1419_c3_g1",1.0371825348249,1.18344796675978,4.61424544288788,0.000548152552210444,0.00658800607168449,-0.0584495469661537,44.27,37,46.56,51.93,33.91,63.75,60.5,84.79,104.95,106.63
"591","TRINITY_DN142_c3_g3",1.19600395378883,-0.621561785894349,3.30871688766725,0.00599215312507601,0.0330918141038002,-2.12641844738599,14.12,4.25,17.05,10.33,20.1,32.87,18.66,24.32,24.04,20.02
"592","TRINITY_DN14201_c0_g1",-1.02376770155729,1.98528266364321,-5.6308716725872,9.79143172111001e-05,0.00212416120797431,1.55489122896916,173.21,150.79,127.37,104,186.89,58.29,52.3,78.36,93.29,72
"593","TRINITY_DN14202_c0_g1",1.21418584918666,-0.365566114986879,3.31359155620992,0.00593745805442733,0.0328845092173463,-2.15001469726988,16.97,15.68,9,14,15,17.97,45.99,24,27,36.99
"594","TRINITY_DN14211_c0_g1",-1.43336308448989,-0.276461457067573,-3.62991107100369,0.00328246644406613,0.0221345596694209,-1.60248913597845,27.33,31.76,56.22,22.29,58.14,7.4,4.02,19.98,20.69,11.03
"595","TRINITY_DN14217_c0_g1",1.1593780354501,-0.307350058243297,4.27818820229556,0.000998105278914745,0.00988645787199221,-0.503324784415012,13.72,24.89,15.99,12,11.35,24.96,25.95,31.92,41.26,23.85
"596","TRINITY_DN14226_c0_g1",-1.43557386586259,2.75747186814283,-7.71849281167493,4.43685155716207e-06,0.000332117658677478,4.58570472369826,449.51,251.56,291.29,213.72,271.56,119.58,78.59,97.56,151.55,87.92
"597","TRINITY_DN14227_c0_g1",-1.99778167999367,0.575236462645501,-7.32237628460235,7.64057585535305e-06,0.000454541322335222,4.02500685310222,89,93,76,78,56,15,26,18,16,15
"598","TRINITY_DN14229_c0_g1",1.44813605163523,0.260472098269329,4.258488450131,0.00103422437139737,0.0101374729821615,-0.572675422957983,23,13,20,23,21,56,90,39,53,27
"599","TRINITY_DN14234_c0_g1",-2.7752857464161,-2.23343107841466,-4.67287689299782,0.000494442525032554,0.00613307799815714,-0.269606486358265,26,13,12,13,15,4,0,3,4,0
"600","TRINITY_DN14258_c0_g1",-1.28778623845946,-0.788037927061052,-4.21513220804716,0.00111856074104502,0.0107155281751187,-0.598796630828361,20.08,27.82,24.55,21.76,28.06,6.95,6.15,5.65,10.45,13.29
"601","TRINITY_DN14267_c0_g1",1.05168502298107,-0.557682205630038,3.52368933518174,0.00400289068382292,0.0252187677569347,-1.76872964314913,21.87,9.4,13.37,10.97,12.18,18.71,16.39,36.8,30.01,19.82
"602","TRINITY_DN1429_c4_g1",1.20344690252184,5.67139128657452,4.50151095302884,0.000669184171305626,0.00756956920963671,-0.902085559026992,791.35,976.75,1614.92,582.23,668.38,2140.19,1452.86,1249.86,3118.8,2450.06
"603","TRINITY_DN14290_c0_g2",-1.08325065805294,3.90843336715417,-10.0077206857709,2.69302531834404e-07,7.76729504583547e-05,7.32489965264908,624.87,488.26,557.74,610.22,539.26,300.56,244.38,287.62,274.02,229.6
"604","TRINITY_DN143_c4_g1",-2.21869050940634,-0.353986049466861,-5.15361092069321,0.000215951657146405,0.00350564570619333,0.873356109679135,26.48,35.38,54.15,51.45,71.99,5.35,6.2,11.13,13,5
"605","TRINITY_DN1430_c1_g1",1.20602662287464,4.04282056828917,8.69523496242977,1.25585890666561e-06,0.000164987292290637,5.75079150915245,287.47,277.88,269.83,284.69,272.2,764.21,589.54,553.66,616.61,726.7
"606","TRINITY_DN14307_c0_g2",1.65331186961741,0.876684841340911,4.79372961680336,0.000400325321686732,0.00526303224210143,0.288932508447894,43.14,22.67,31.77,33.23,16.88,62.28,64.13,53.77,155.31,106.5
"607","TRINITY_DN14316_c0_g2",2.39898037284375,0.607053995283143,3.76931524001326,0.00253295219823737,0.0185589750056919,-1.44395190135079,4,13.34,27,37,46.79,51.02,91,122.02,183.58,46.62
"608","TRINITY_DN14336_c0_g1",4.72506969370844,-0.529332949557344,4.34097585437715,0.000891456206476315,0.00917649520162373,-0.547934249626979,0,91.26,45.65,0,0,70.97,83.93,101.54,121.82,79.46
"609","TRINITY_DN14337_c0_g2",-2.18944620187652,-1.41032833361948,-4.16937552074446,0.00121531202960617,0.0112908964986873,-0.760451629755109,23,16.99,18,23,26,5,2,9,1,5.97
"610","TRINITY_DN14349_c4_g1",1.19657471442264,0.843277261088363,5.01576128641294,0.000272980191051456,0.00408964998762861,0.657471838605031,27.35,24,46.19,36,29.19,57.53,79.61,79.38,71.28,56.97
"611","TRINITY_DN1436_c0_g1",1.40425213883022,2.72762655858015,3.00936508178954,0.0105323392497008,0.0486735717990183,-3.2301825928066,192,88,133,100,61,772,110,347,325,158
"612","TRINITY_DN14380_c0_g1",-1.13820154906034,0.95735423766958,-3.59339558377755,0.00351389139328161,0.0231319196658217,-1.8389354351797,76,86.98,120,36,84,27,16,32,58,37
"613","TRINITY_DN14382_c0_g1",-1.05722069743928,2.25582788426071,-3.4306991700386,0.00476484326066611,0.0283069414420998,-2.36693712458293,340.47,121.32,122.15,142.42,225.45,89.28,118.96,63.85,84.83,74.05
"614","TRINITY_DN14384_c0_g1",1.4986315001831,-0.199232893948856,3.76682697556513,0.00254466503092425,0.0186058905930666,-1.3767039202924,22,14,6,29,11,55,37,24,42,26
"615","TRINITY_DN14386_c0_g1",1.01830734869538,-0.652741316968975,3.0677284867145,0.00943508144487884,0.0451537981445277,-2.5427419448395,13,12,17,13,9,25,18,13,42,17
"616","TRINITY_DN14386_c1_g1",-1.18691381858235,3.66060249191612,-7.12003732729519,1.0161578808409e-05,0.000542910998739461,3.65145047673011,651.74,367.5,497.31,377.38,634.24,265.85,178.81,183.77,295.02,177.85
"617","TRINITY_DN14389_c1_g1",1.25191923221871,1.77078560164943,5.20390492360174,0.000198384312429358,0.00331332882480791,0.878448844201481,60.15,61.8,39.33,68.33,69.35,185.45,106.13,91.36,206.35,112.03
"618","TRINITY_DN14399_c0_g1",-4.73617085565838,-2.55138745442583,-10.6791188042206,1.30177484079593e-07,5.27620984863412e-05,4.51232026504633,30,21,30,19,21,0,0,1,1,0
"619","TRINITY_DN14405_c0_g1",-1.14900439942412,0.646138923103418,-3.69633455132823,0.00290056065712848,0.0203332609830637,-1.60815046100026,103.25,67.15,38.36,41.42,75.2,23.36,28.42,21.11,41.73,16.32
"620","TRINITY_DN1441_c0_g1",1.46878432507256,1.07850091803833,3.50523379529956,0.00414358800114491,0.0258212865776347,-2.01316299073192,13,48,43,30,59,150,88,79,123,40
"621","TRINITY_DN14445_c0_g1",1.48850511849294,-0.44597571167863,4.43001698348657,0.000760061528878415,0.00822473353574465,-0.246690367967436,9.69,7.09,20.7,12.86,15.53,21.82,31.53,29.84,47.74,23.69
"622","TRINITY_DN14469_c0_g1",-1.56371066953383,-1.78315790667598,-3.67812693228997,0.00300049620120725,0.0207928464162893,-1.52760175848317,12.82,19.1,14.02,11.42,12.42,1.88,3.54,3.57,7.03,1.13
"623","TRINITY_DN14482_c2_g1",-1.65260181169718,-0.811554960061385,-4.56558415568914,0.00059733215409569,0.00701007530087863,-0.0534616001736685,36,33,24,19,29,7,4,14,12,2
"624","TRINITY_DN14496_c7_g1",1.33904042781273,-0.740784931264523,4.09905699949165,0.00138117228757476,0.0123574267861566,-0.787182680424961,9.01,15.45,10.03,8,11.19,24.03,10.23,22.02,37.79,24.1
"625","TRINITY_DN145_c2_g1",2.57615163633316,-1.29618107021048,3.63204163717627,0.00326945329047696,0.0220772541898441,-1.57352309333135,1,8,8,8,6,43,37,19,17,14
"626","TRINITY_DN14504_c0_g1",-1.36717999750417,1.49899384378216,-4.50713089227028,0.000662536797920668,0.0075118141884783,-0.277421644501059,166,169,64,110,112,43,41,49,48,36
"627","TRINITY_DN14521_c1_g2",-1.56516070870825,-1.16953893952543,-4.08096904481495,0.00142750054501558,0.0126313781808062,-0.838303892826831,30.87,24.34,16.3,13.69,23.57,6.66,1.6,3.34,11.65,6.99
"628","TRINITY_DN14536_c0_g1",1.1699009497653,0.106989378081882,3.59689080447444,0.00349103762484877,0.0230349149588842,-1.71712583999789,34.41,19.7,24.53,12.05,13.82,53.23,31.15,60.93,46.58,20.03
"629","TRINITY_DN14544_c0_g1",-1.30503989541965,0.747306736085622,-3.86080257941314,0.0021385294586696,0.0165959073946226,-1.32398298424213,118,83,51,55,60,25,12,28,64,17
"630","TRINITY_DN14548_c0_g1",-1.41774599508895,-0.0336060424391837,-5.63245049977963,9.76636200308638e-05,0.00212288943473128,1.64573557753142,46.88,43.37,43.21,31.51,47.32,20.09,13.76,7.49,16.29,14.52
"631","TRINITY_DN14551_c1_g1",1.49309471582,0.421981324528532,7.19643483297916,9.11886107303093e-06,0.000507084874325818,3.8598686397545,18.89,22.51,20.63,24.79,22.91,71.93,46.87,58,58.95,46.56
"632","TRINITY_DN14552_c0_g1",1.17530523217063,-0.688275361868335,3.22337343003429,0.00703644605361712,0.036884501535692,-2.26664462351753,16,5,12,14,15,33,14,23,35,13
"633","TRINITY_DN14557_c1_g1",-1.30201624877053,-0.853596078815799,-3.83471927958668,0.00224409831469151,0.0171324706404771,-1.22074453747924,31.39,24.63,30.43,19.04,15.53,12,5.38,4.52,9.55,8.03
"634","TRINITY_DN14563_c0_g1",-1.433579494271,3.72756170131669,-7.80361811617955,3.95750566630308e-06,0.000313338111240019,4.61333446178484,649.21,520.02,462.34,480.52,710.43,212.35,190.97,291.62,162.99,206.3
"635","TRINITY_DN14575_c0_g1",1.81027814578778,-0.619183532966515,3.95536467471606,0.00179668644313109,0.0147944147257937,-1.02367678770199,15,22,3,10,8,25,41,33,36,17
"636","TRINITY_DN14577_c0_g1",1.08378569388717,1.72043948807053,5.67918604079104,9.05407198246208e-05,0.00203624779026002,1.66130167205793,50,49,80,52,72,142,137,128,121,94
"637","TRINITY_DN14587_c0_g1",-1.50825305893843,-1.39706287839978,-3.68252342884634,0.00297604768358574,0.0206869645483319,-1.47870034846606,18.33,21.98,17.78,9.99,23.19,12,2,3,6,3.01
"638","TRINITY_DN14598_c0_g1",-1.21293973161434,0.969218362357834,-5.50829386006958,0.000119605548228681,0.00239658175074133,1.44961601753397,86.47,67.74,70.47,102.95,67.6,30.06,28.46,32.32,29.67,35.66
"639","TRINITY_DN14599_c0_g1",-1.94740983414281,-0.641194969171669,-4.75786042771337,0.000426131737834216,0.00550361283063451,0.252542857650818,35,29,52,22,36,4,6,3,15,14
"640","TRINITY_DN1461_c0_g1",-1.15401381165023,5.03127556263408,-9.81116192405067,3.35641009376041e-07,8.8532863705946e-05,7.02646914026158,1262.22,1437.67,1383.71,1133.91,1118.49,591.73,444.03,598.16,578.29,640.13
"641","TRINITY_DN14635_c0_g2",-1.00650731433648,-0.391552963229213,-3.34266987007483,0.00562150408409474,0.031702357817237,-2.09937873259476,33.59,42.86,25.92,20.55,27.55,8.01,7.95,19.18,18.66,10.24
"642","TRINITY_DN14641_c0_g1",-1.02861264557147,3.6330393299559,-4.86575979803143,0.000353308551568881,0.00483488641816179,0.0135065953072759,667.99,496.94,362,411,408,177.9,182,237,411,169
"643","TRINITY_DN14656_c0_g1",1.83457809081978,-0.0743562429457626,3.7320399055901,0.00271434397302426,0.0194283115703056,-1.44100937225184,9,11,8,26,27,68,32,18,75,51
"644","TRINITY_DN14658_c1_g2",-1.1611640705906,1.5232465819706,-3.55286250833438,0.00379032118944368,0.0243246923249264,-2.00422644554012,149.82,159.65,91.82,48.14,155.46,59.26,28.72,44.98,61.8,50.77
"645","TRINITY_DN1467_c6_g1",-2.24795546864106,-0.154648727148432,-7.26402428961232,8.29103305789202e-06,0.000476635053533093,3.72760939266234,70.56,53.1,46.78,42,51.12,11,7,16,13,3
"646","TRINITY_DN14693_c0_g1",1.01032428433053,1.82920720366185,5.38133700000729,0.000147477464670926,0.00273620917240032,1.16317035138639,69,65,77,72,49,128,145,139,122,115
"647","TRINITY_DN14711_c0_g1",1.07927050594661,0.101212945026909,4.88710172992317,0.000340514323637997,0.00472596341211723,0.486061120173214,21.92,15.76,17.72,20.85,26.06,34.43,32.26,40.47,58.21,29.08
"648","TRINITY_DN14713_c0_g2",1.46095077058332,-1.01051690740349,3.75486829467413,0.00260173561893329,0.0188715736666203,-1.35018470043835,6,8,17,7,9,24,10,18,37,15
"649","TRINITY_DN14719_c1_g1",1.86720604666469,-1.4584180642774,4.30992550316105,0.00094263793475718,0.0095089698424625,-0.542713006008058,9,5.84,5,3,6,15,20.68,10.91,30.06,11
"650","TRINITY_DN14759_c0_g1",2.1093904492285,0.669817458539101,6.96320227116583,1.27205258328609e-05,0.000620505258655199,3.56864572498785,22,27,24,10,26,88,52,109,76,109
"651","TRINITY_DN14766_c0_g1",1.05608730068519,2.91751553388081,6.3270047579458,3.27040746556836e-05,0.00110135461843291,2.54560948897725,124.02,144.05,154,149.96,108.05,313.78,290.09,270.76,253.28,285.32
"652","TRINITY_DN14806_c0_g2",1.22497963998403,-1.07996426222701,3.23994851438135,0.00682018742047931,0.0360864788233024,-2.19959145103976,11,9,8,3,19,22,13,17,25,11
"653","TRINITY_DN14814_c0_g1",2.55007728381019,-0.409317589201442,6.21231229449092,3.89993459851539e-05,0.0012068301173432,2.31190653654663,10,8,8,9,9,59,56,43,29,47
"654","TRINITY_DN14826_c0_g1",1.09948656406748,-0.0545828717848785,3.43307932531958,0.00474361299563827,0.0282300750473385,-1.98763334144165,26.42,17.01,14.32,16.65,17.64,64.37,20.91,40.05,45.59,17.78
"655","TRINITY_DN14834_c3_g1",-3.10192684376944,-2.08069414768415,-5.36445375426463,0.000151669273228583,0.00278801441887342,0.581269149174592,31.53,15.22,22.35,11.26,18.39,1.02,1.02,3.06,0,1.01
"656","TRINITY_DN14837_c0_g1",-4.63971537260839,0.329095682880004,-12.5311519114142,2.09787711800923e-08,1.6387738280695e-05,7.4472498037096,215.23,167.16,140.63,124.63,175.04,7.77,2.15,3.22,8.68,5.32
"657","TRINITY_DN14861_c0_g1",1.75403996984926,1.24560434637899,7.48620703099873,6.08817459186891e-06,0.000400942890262141,4.30418437186162,31.27,38.13,35.42,29.69,39.03,88.7,109.99,81.19,178.01,115.14
"658","TRINITY_DN14870_c0_g3",-2.19910328870172,0.438036182423913,-6.52555746560149,2.42151619038853e-05,0.000916626318476425,2.94790687311609,136.8,87.03,65.86,48.13,63.34,10.88,13,12.55,22.91,16.47
"659","TRINITY_DN14878_c3_g1",-1.10441557412732,2.04001182809604,-3.44553870168294,0.00463403386766584,0.0278215121623758,-2.2971252783483,141.15,101.43,273.49,220.06,103.39,94.03,65.54,88.66,56.18,56.6
"660","TRINITY_DN14881_c0_g1",-3.27074754665435,-2.23397656097593,-5.21246621206858,0.000195546397392091,0.00327793360766237,0.402514277453111,22,13,13,29,18,0,2,2,1,1
"661","TRINITY_DN14896_c3_g1",-2.30107774700129,-2.11044189609495,-4.19475884886693,0.0011606169860602,0.0109632307014447,-0.889725439546148,16,13,11,10.92,22.57,3,1,2.07,6,0
"662","TRINITY_DN14896_c5_g1",-1.63125553248766,0.200804814053971,-3.88071087095255,0.00206139128452753,0.0162092333923582,-1.21470985376944,84.98,66.82,35.05,32.07,69,17.99,5,8,38,22
"663","TRINITY_DN14914_c1_g1",-1.19711644316014,-0.503693316452949,-3.42253578204382,0.00483839256074721,0.0285656542315172,-1.9404867525778,32.76,35.86,20.7,32.22,28.11,13.43,3.78,7.43,25.36,9.21
"664","TRINITY_DN14916_c0_g1",-2.08607453044545,4.50580902751941,-9.13441125522458,7.36302346214845e-07,0.000129249580513552,6.27757345602221,1264.5,1016.22,1581.59,1182.5,1088.09,268.19,294.79,140.87,517.09,314.37
"665","TRINITY_DN14920_c0_g2",-1.27239787589537,-0.127390737900249,-3.93337455821611,0.00187081398844766,0.0151700861688486,-1.09899539713304,50.13,22.15,43.34,31.13,48.4,9,9.55,11.29,18.15,25.14
"666","TRINITY_DN14920_c3_g3",-1.62709946472217,0.138870093417349,-7.20958588136449,8.9511517813017e-06,0.000502524515487876,3.81884244890971,50,56,58,37,56,19,16,12,16,11
"667","TRINITY_DN14927_c0_g1",1.96978294037199,0.160589086522269,7.10485795980078,1.03834602703644e-05,0.00055186209473185,3.6784167159186,14.92,15,18,11,20,74,56.99,43,80.65,33
"668","TRINITY_DN14945_c0_g2",2.97234581700517,-1.51128403699048,4.47710525944028,0.000698865728555176,0.00778212043012311,-0.423735888283798,0,10,3,5,6,37,25,19,29,12
"669","TRINITY_DN14964_c0_g1",1.23654424844595,0.683958972752426,4.52434319062773,0.00064260143593214,0.00736450790471839,-0.15735924781364,27.16,47.66,28.48,23.55,20.35,99.08,50.72,52.26,60.21,54.29
"670","TRINITY_DN14964_c1_g4",1.16368140191419,-0.763440604043984,4.45881043947873,0.00072201023378065,0.00796011959956044,-0.205219334813139,14.17,8.9,11.38,8.39,12.27,24.01,16.13,25.95,25.84,14.73
"671","TRINITY_DN14965_c0_g1",2.42416357548156,1.85394879173466,5.31267053247451,0.000165324965498287,0.00292464463691046,1.07927110271191,82.23,45.99,41.13,23.82,30.95,340.89,131.15,334.47,122.21,263.34
"672","TRINITY_DN14965_c0_g2",1.57109135906372,1.97353308700353,5.88985183451548,6.46018164447561e-05,0.00165074031533594,1.97936458680838,77.52,57.9,70.31,40.82,56.4,133.44,157.57,274.59,145.41,201.27
"673","TRINITY_DN14965_c0_g3",3.10335302864771,1.07242430418164,4.52348105908322,0.0006435849741261,0.00737294948844215,-0.152332763889669,63.78,1.83,43.46,21.89,26.77,202.6,98.66,184.24,129.1,231.91
"674","TRINITY_DN14996_c0_g1",1.01681614677009,0.470033236882105,3.94489561363894,0.00183159299078472,0.0149464396253962,-1.14725323100454,27.79,28,26.02,36.7,17.5,70.99,40.8,50.14,52.38,34.26
"675","TRINITY_DN14997_c0_g1",1.60587580380873,0.435596374827254,6.02849923045573,5.19077901207058e-05,0.00144790767322109,2.25389079621695,20,24,12,32,23,55,57,66,72,45
"676","TRINITY_DN1500_c1_g1",1.1191298771705,1.30400024989306,5.01710852908353,0.000272352266796816,0.00408571857417341,0.616783551792634,44.76,56.69,38.85,42.67,40.37,83.66,114.62,78.65,88.09,102.09
"677","TRINITY_DN15001_c0_g2",-1.05431958767059,1.84323524937949,-4.809357561736,0.000389596839216305,0.00516832656345143,0.195554913352558,174.5,107.87,164.33,135.87,103.03,81.47,53.08,53.87,102.61,36.76
"678","TRINITY_DN15001_c1_g1",-1.97497878550042,-1.00073125557857,-4.05160329954417,0.00150615543097874,0.0130996954446362,-0.880973840645794,32.98,24.47,32.89,21.6,24.56,10.65,9.86,1,13.24,2
"679","TRINITY_DN15003_c0_g1",-2.42728620758716,-0.896797437091362,-3.8257170352892,0.00228176213110952,0.0173324222950179,-1.24416184308963,22,39,25,41,59,3,1,4,33,2
"680","TRINITY_DN15024_c0_g1",1.63764262400596,0.851820869363775,4.44672563785178,0.000737733903501653,0.00807942974719831,-0.301997941036404,27.92,21.31,37.46,51.06,14.84,52.24,53.16,84.16,117.19,114.83
"681","TRINITY_DN15026_c0_g1",-1.13490283360024,0.62423295391655,-3.84966075725016,0.00218298699876345,0.0168153559099578,-1.33234772403768,68.95,59.5,46.45,55.1,68.53,21.5,30,38.58,14.44,28.63
"682","TRINITY_DN15056_c0_g1",-1.04562270107547,2.16054160167961,-4.63888474777874,0.000524876818296112,0.006377451626253,-0.150112710676365,209.3,142.51,236.54,109.5,161.66,72.38,50,88.8,147.45,59.42
"683","TRINITY_DN15067_c0_g1",1.15664161897275,1.98744954710608,4.74015476158877,0.000439504379972428,0.00562608197515945,0.0540473669978248,42,57,95,74,98,212,125,144,146,144
"684","TRINITY_DN15089_c0_g1",-1.14842771727476,2.58457590941575,-3.76193711881821,0.00256784451070479,0.0187046686721458,-1.81029121973499,221.02,305.85,116.95,315.73,261.22,134.61,90.1,82.02,107.14,102.93
"685","TRINITY_DN15090_c0_g1",-1.36516213048275,0.474370262086393,-5.23583458626115,0.000188014859088616,0.00319453671290849,1.03855867188471,63.79,52.53,82.55,58.39,44.81,27.88,9.26,26.53,26.99,17.12
"686","TRINITY_DN15090_c0_g2",-2.5313016717637,-1.13759768964906,-3.42382807230081,0.0048266732708317,0.0285268693029962,-1.89062862043696,34,15,55,51,17,1,4,8,11,1
"687","TRINITY_DN15092_c3_g1",1.98679435006381,-0.993187772963401,3.33995318830275,0.00565028901753857,0.03180352923014,-2.0274785994607,16,10,5,3,7,25,27,38,44,6
"688","TRINITY_DN15114_c2_g1",-1.80781390179555,2.96460977007799,-4.64734325890971,0.000517125714561917,0.00631761130396922,-0.239977516212628,347.47,363.62,284.36,475.87,460.13,88,65.38,38.43,331.98,161.64
"689","TRINITY_DN15117_c0_g1",-1.19548977739211,0.140860098122677,-4.85285394198994,0.000361288238605777,0.00490937566716765,0.430326360541541,51.1,38.23,50.13,34.75,50.49,17.88,8,14,33.99,18.62
"690","TRINITY_DN15124_c0_g1",-2.29074711429213,-0.99642983480834,-4.79653639250709,0.000398376007278881,0.00524709090908165,0.22879177656225,18,39,33,34,30,10,5,2,5,3.29
"691","TRINITY_DN15146_c0_g1",2.0888730486927,-0.701305428054523,4.72809362422494,0.000448863908359979,0.00571573145187366,0.197239722112292,7.25,10.32,22.56,3.09,7.2,48.6,18.64,37.98,41.68,18.41
"692","TRINITY_DN15147_c0_g1",-1.30542123975487,1.41540482756512,-5.7691593621557,7.8325360789845e-05,0.00185763758870416,1.83483272229958,152.86,90.51,104.06,94.14,114.25,36.25,23.27,42.95,84.6,37.69
"693","TRINITY_DN15166_c0_g1",-1.17846963304781,-0.173380330265593,-4.35796746662135,0.000864675770032136,0.00898430203489206,-0.374723945611618,30,44,43,30,35,21,9,9,20,12
"694","TRINITY_DN15170_c0_g1",-1.84911917879934,2.90351335266411,-7.36057068436403,7.24437554541373e-06,0.000443677953397433,4.08883980240346,283.95,330.81,613.83,356.99,303.91,134.18,122.43,88.11,87.56,81.19
"695","TRINITY_DN15174_c1_g1",-3.4265984220391,-1.95362058039823,-4.49842864779917,0.000672859376385457,0.00759258906540158,-0.457776390989032,10.6,26.15,23.12,24.29,41.76,1.27,1.33,0,2.81,1.35
"696","TRINITY_DN15179_c0_g1",-1.76453187128915,2.0871828121062,-5.82510748329397,7.16163185783278e-05,0.00175536179219402,1.86950495602443,198,237,207,159,196,31,109,88,40,57
"697","TRINITY_DN15193_c0_g1",1.67611799726246,1.88234009270751,7.63725837248087,4.95231934418672e-06,0.000355746363495303,4.51566872689861,61,71,54,33,60,151,143,251,206,123
"698","TRINITY_DN152_c0_g1",1.0326724364453,4.9485172619379,6.45480926976897,2.69355449269992e-05,0.000980966528379418,2.49139905215198,537.43,424.76,714.13,638.38,516.23,1073.03,767.38,1140.27,1763.91,1095.27
"699","TRINITY_DN15202_c1_g1",1.59377789074848,0.598392338070744,4.46632167197993,0.000712413023179389,0.00788961712672763,-0.243741456108386,30.37,21,44.04,8.48,29,81.43,44.01,42.41,118,68
"700","TRINITY_DN15211_c0_g3",-1.1576082431928,0.465841144442991,-4.005641273456,0.00163834081137939,0.0139046994330434,-1.03643850166032,57.93,47.42,74.53,63.47,36.02,17.24,31.55,18.34,22.35,23.53
"701","TRINITY_DN15218_c0_g1",1.009829561117,0.666119320473009,4.48802625588783,0.000685418324664028,0.00768559598278808,-0.220625016868584,25.17,28.49,29.09,34.69,34.75,63.19,51.74,71.57,66.07,33.69
"702","TRINITY_DN1522_c1_g1",-1.13065540794901,1.70788551199596,-3.74629554258038,0.00264345218799678,0.0190775657440134,-1.68237294486914,96.79,132.83,213.97,69.91,161.99,47.33,35.6,52.83,104.18,52.37
"703","TRINITY_DN15228_c0_g1",1.16964012092936,-0.365809689936237,3.68690352416941,0.002951892663121,0.0205761612044982,-1.50459972012872,15,21,9,12,16,42,28,22,23,29
"704","TRINITY_DN15229_c0_g1",1.09925799623992,4.41164735642069,7.23209170158929,8.67170953010715e-06,0.000490704580254747,3.72495589109321,389.09,348.75,357.35,361.23,409.12,893,1028.94,711.22,853,586.85
"705","TRINITY_DN15254_c0_g2",-2.50614975557875,2.18626093388393,-8.1196711920468,2.60788494721943e-06,0.000246818267513217,5.13789938272492,438.7,264.61,184.31,200.14,384.5,42.78,53.54,47.14,60.38,35.64
"706","TRINITY_DN15265_c0_g1",1.15758521206542,-0.445902338494676,4.0519211852986,0.00150528049034917,0.0130996954446362,-0.875664233038968,15,11,14,10,19,45,17,23,27,26
"707","TRINITY_DN1527_c4_g1",1.32805756776581,1.85188210278277,5.58626629286838,0.000105284515181864,0.00221466199804281,1.50088771602711,60.62,71.21,65.34,68.96,41.04,145.62,83.01,196.62,167.63,163.17
"708","TRINITY_DN15271_c0_g2",-1.45705257561684,0.962395996973137,-6.03090435756293,5.17123909214835e-05,0.00144345902833635,2.26019775787369,98,80,57,74,124,26,27,29,34,26
"709","TRINITY_DN15298_c0_g2",-1.41166720188303,-0.908455268059932,-4.41791996118689,0.000776663616903546,0.00833204460802507,-0.284479811951543,21.27,25.79,23.86,18.11,30.28,14.18,5.19,5.87,8.82,3.55
"710","TRINITY_DN15300_c0_g1",-1.89587487988052,-0.159190270368198,-5.1517823675226,0.000216620292847546,0.00351306813901389,0.901548516503219,58,58,45,20,60,9,7,15,10,13
"711","TRINITY_DN15309_c0_g1",2.2839059989367,-0.362470599799944,4.83673977856732,0.000371516678983492,0.00499920169907572,0.393465742231098,15,11,6,19,5,28,63,55,51,25
"712","TRINITY_DN15326_c0_g1",1.68625769968981,0.136302470017764,6.56932388568093,2.26793225048533e-05,0.000878502148278518,2.98963170639423,25.68,16.91,9.76,18.06,17.03,53.75,39.58,39.1,65.09,48.92
"713","TRINITY_DN15354_c1_g1",-1.46687951921479,-0.222290842358939,-4.46473649245459,0.00071442734191129,0.00789755802949263,-0.192806002682252,40.77,30.9,26.35,56.79,42.33,9.78,10.99,18.99,12.1,8.93
"714","TRINITY_DN15382_c0_g1",-2.00871698439082,2.00373158913899,-10.5841353972645,1.43947531356359e-07,5.56295835713841e-05,7.87261823636391,236.13,180.95,228.57,150.96,257.91,40.08,35.07,62.15,79.07,41.01
"715","TRINITY_DN15389_c0_g1",1.13916098413938,-0.0924411694500864,4.44869855962161,0.000735142826551231,0.00806202611479626,-0.228809984359454,18.53,14.24,26.01,10.92,19.44,47.61,33.88,32.75,33.01,26.55
"716","TRINITY_DN15389_c3_g1",-1.6807050961844,1.34016198202795,-5.23381359920411,0.000188654028958609,0.00319679446147979,0.98394833363028,203.88,83.19,119.01,73.63,146.16,23.59,19.26,36.82,65.02,41.59
"717","TRINITY_DN1539_c5_g1",-1.03281762624521,0.229552203097996,-3.62033794435491,0.00334159260086145,0.02238790699244,-1.69185317770285,41.38,29.94,58,35.53,63.14,21.2,18,19,14.94,26.06
"718","TRINITY_DN15399_c0_g1",-1.25146880348776,1.25628526969612,-6.3178343909177,3.31654684559475e-05,0.00111161763721835,2.68043824202597,106.98,88.07,82,80.98,129.37,33.98,32.98,46.95,55.92,25.96
"719","TRINITY_DN154_c7_g2",-2.16059434845863,-1.6927390043458,-3.57182751394602,0.00365832754904269,0.0237750753881404,-1.69079199172931,26.13,13.57,20.47,7.15,25.74,2.52,3.23,1.02,1.45,10.9
"720","TRINITY_DN15406_c3_g1",-2.71777198113679,1.10619342235491,-12.0529686444476,3.28422915672886e-08,2.24285857740279e-05,8.80510225996007,144.93,120.94,127.07,125.75,205.27,23.81,12.93,21.77,22.9,19.21
"721","TRINITY_DN15409_c0_g1",-1.33604731154284,1.58616383254157,-5.4324606531525,0.000135510749425422,0.00258935124227886,1.28027390764295,109,97,123,156,137,66,56,53,34,34
"722","TRINITY_DN15450_c0_g1",-1.03667896613847,-0.845242197194434,-3.65815229410507,0.00311418251584661,0.0213271657389176,-1.51706242288551,24,17,27,15,28,12,5,7,11,9
"723","TRINITY_DN15452_c0_g1",1.20846765639917,1.40745613104929,3.59032804294786,0.0035340743079392,0.0232096175041092,-1.91767928869997,63,48,40,35,51,177,38,147,134,78
"724","TRINITY_DN15475_c0_g2",-1.30927091608743,-0.647211118436086,-3.92861159761609,0.00188727974207383,0.0152699840807078,-1.07079927045349,35,37.32,20.05,17.16,28.09,9.04,9.07,8.07,7.02,12.06
"725","TRINITY_DN15492_c3_g1",-2.16241637852635,0.699940166006209,-5.17956327753578,0.000206691633388323,0.00340387222815376,0.946206109012354,130.24,68.33,95.56,79.01,87.48,26.5,10.26,4.06,54.53,23.43
"726","TRINITY_DN15493_c0_g1",1.13233392292876,1.45351201612465,4.43189031997103,0.000757523666612448,0.0082026308081193,-0.410266666497045,62,28,57,39,71,119,88,68,171,94
"727","TRINITY_DN1550_c5_g1",-1.54445831074873,0.669362016704039,-5.27914366878787,0.000174850138309556,0.00304251446601965,1.10131942985691,88.89,79.58,77.95,33.07,93.84,16.78,16.64,24.7,31.94,23.72
"728","TRINITY_DN15500_c0_g1",-1.11473126581099,-1.19807374967832,-3.26830089875434,0.00646566438584422,0.0348016375110659,-2.14579187791539,18.08,14.08,15.94,24.23,16.71,6.62,2.94,6.95,7.54,8.85
"729","TRINITY_DN15500_c3_g3",1.31815385384517,0.841907874861643,5.73828380592357,8.23087615207259e-05,0.00191565765083695,1.81604588283181,26.28,29.41,43.12,24.37,30.92,74.65,89.25,64.82,65.11,66.31
"730","TRINITY_DN15501_c0_g1",1.72481954189995,2.29428345850969,4.35477778401969,0.00086963868752191,0.00901641228917513,-0.660582999069935,68,70,70,68,75,453,333,218,131,153
"731","TRINITY_DN15506_c0_g1",1.08689361443831,-0.622396964093783,3.26010575452937,0.00656618658451002,0.03515670709887,-2.21296287613994,18,12,18,9,8,22,23,33,19,19
"732","TRINITY_DN1551_c1_g1",-1.11692972886104,3.15637676226878,-5.84277296995136,6.96260863459667e-05,0.0017243265189297,1.7479128681669,372.79,404.63,278.32,275.75,391.33,171.33,104.52,175.48,262.5,101.67
"733","TRINITY_DN15511_c0_g1",1.21571021212895,-1.32661062594639,3.36919459748937,0.00534812950086384,0.030561703347841,-1.97619815636304,5.14,6.36,6.04,12.04,9.02,15.11,13.59,14.6,13.74,12.48
"734","TRINITY_DN15520_c0_g1",2.53587953299534,4.96917735478873,7.6984857376288,4.55826216365878e-06,0.000336158348587102,4.36878122941584,289.28,360.85,355.19,347.53,327.63,4359.86,1749.07,1528.1,2220.47,990.36
"735","TRINITY_DN15533_c2_g2",-1.49026988855947,-0.407441118566345,-5.36059792349703,0.00015264405188151,0.00279200915968781,1.20388093224898,26.76,33.19,34.82,34.77,42.04,13.92,8.16,6.97,14.08,8.45
"736","TRINITY_DN15541_c0_g1",-5.1860208715219,-0.807834291152939,-6.63814464765844,2.04695400059167e-05,0.000822958046705618,2.0285052666343,117,57,70,101,122,13,0,3,3,0
"737","TRINITY_DN1560_c0_g1",4.33238113537679,-1.23454962297728,5.14314635851004,0.000219807624720906,0.00353486113393913,0.391234630572105,0,0,11.93,10.55,3.18,63.79,25.09,64.87,39.2,56.27
"738","TRINITY_DN15605_c0_g6",-2.43208559643362,-1.50625116851255,-4.48941978889789,0.000683721861113449,0.00767096983969261,-0.363929117805579,24.25,18.22,17.13,22.78,33.9,4.39,0,3.2,5.72,5.76
"739","TRINITY_DN15609_c0_g1",1.24859217832512,1.11415310741378,3.72061075350012,0.00277258254773708,0.0197149561763424,-1.63297139977698,25,45,50,50,28,104,36,122,94,93
"740","TRINITY_DN15613_c0_g1",-1.24692068136681,1.86787578890429,-5.95758758299262,5.8033851759543e-05,0.00154723943978762,2.0919867492929,206,169.58,135.44,102.37,132.38,52.61,47,66.5,95.01,45
"741","TRINITY_DN15614_c2_g1",1.57999411331515,0.395477046704879,3.71744284388103,0.00278895004304085,0.0197805557683476,-1.53157310414728,39.34,24.24,4.58,25.16,30.34,73.38,45.09,52.87,58.06,54.86
"742","TRINITY_DN15614_c3_g1",-1.09658423131675,-0.287132693248779,-3.84169641820009,0.00221534607774528,0.016992468017887,-1.24486962225292,38.24,19.44,29.1,34.85,45.71,11.25,8.23,13.31,19.57,12.82
"743","TRINITY_DN15617_c1_g1",-1.02161454868877,2.86115579193794,-3.31315193873108,0.00594236993526463,0.0328932827301719,-2.70001857790418,335.78,206.5,402.78,133.68,358.23,147.78,58.9,138.29,255.87,114.93
"744","TRINITY_DN15617_c6_g1",-1.88567428775632,-0.527301759867303,-5.58711745531204,0.000105138537715599,0.00221466199804281,1.49559575021155,40.2,40.14,38.22,25.1,33.28,18.13,7.03,6.03,5.01,7.04
"745","TRINITY_DN15660_c0_g1",1.04938157330334,1.12278672684073,5.14963259149735,0.000217409164630072,0.00351938227739926,0.85428823152073,40,28,51,46,41,74,61,70,124,75
"746","TRINITY_DN15674_c1_g1",-1.05706803208817,-0.0416091403345399,-3.03487026815982,0.0100379753577911,0.0471396818865846,-2.68809583702971,34,29,57.19,23.94,57,15,6,15.99,38,13.53
"747","TRINITY_DN1572_c0_g1",1.35900252872046,1.52757011841779,6.09590422386716,4.67155027636208e-05,0.00135244364650104,2.33364416466757,45.65,49.64,41,35.98,70.18,146.62,118.59,113.17,97.59,122.58
"748","TRINITY_DN15730_c0_g1",1.13819688549492,-0.284927187643297,3.8450398703892,0.00220170214378908,0.0169228271622443,-1.24023923982818,16,11,19,8,27.49,30.04,31,36.7,32.67,20.89
"749","TRINITY_DN15742_c1_g1",1.7080412507916,0.108045058262589,6.12823037505695,4.44229064225584e-05,0.00131275349963474,2.37495667520952,20.66,13.23,11.93,12.94,27.22,54.48,26.51,52.5,74.19,43.06
"750","TRINITY_DN15743_c1_g1",-1.64776891717676,-1.21626716735666,-3.92669092596964,0.00189396165695269,0.0153067997070388,-1.08447049321257,23.01,12.38,25.13,18,27.44,5,9,8,5.11,1.01
"751","TRINITY_DN15744_c1_g1",-1.56610951675519,1.69522210134395,-7.39628463133831,6.89364455143971e-06,0.000430296751320912,4.1958056830655,161.92,166.82,127.97,113.25,157.98,64.62,48.66,39.37,67.33,24.36
"752","TRINITY_DN15763_c0_g1",1.07971923723761,-0.442792714539648,3.85690992579253,0.00215395518426564,0.0166792680648019,-1.20763176433549,12.52,16.07,12.22,7.42,25.18,27.43,21.18,22.72,31,26.11
"753","TRINITY_DN15787_c0_g1",-1.0643258651972,0.934545975919168,-4.47339303465559,0.000703498892907719,0.00781625369024482,-0.2721615259579,109,56.84,65,59,82,22,29,36,54,26.09
"754","TRINITY_DN15797_c0_g1",1.24508706262407,-0.149235769149822,3.78183585734546,0.00247484691819272,0.0182945645629688,-1.36179095666244,12,22,19,18,12,42,17,38,33,46
"755","TRINITY_DN15800_c0_g1",-1.51987111039841,2.15488702858134,-6.0512608939992,5.00893668648813e-05,0.00141481632023812,2.21548053779042,272.14,174.6,174.38,138.97,245.52,74.32,33.06,59.34,139.04,55.89
"756","TRINITY_DN15807_c0_g1",1.8874938448799,-0.816796768504634,5.28331041370784,0.000173635625159053,0.00302689713538672,1.0027500507671,10,6,15.09,6,7,34.58,26.62,20,24.02,29
"757","TRINITY_DN15824_c0_g1",-1.13919244880487,1.69776485118532,-3.31607043805363,0.00590983792828366,0.0327759650949744,-2.47090321987129,201.06,145.93,95.96,82.09,123.71,41.24,48.94,25.68,89.49,101.97
"758","TRINITY_DN15827_c0_g1",1.18479419920152,-0.807388764520138,3.01733988199832,0.0103752096341995,0.0481283452027309,-2.60152958493933,7,14,18,4,18,16,17,19,35,19
"759","TRINITY_DN15838_c1_g1",-1.30204480775669,-0.0689152819609654,-3.4766849669808,0.004371200169318,0.0267540739468983,-1.90107508637839,60,45,43,16,48,10,21,9,20,15
"760","TRINITY_DN15840_c0_g1",-1.10686145914761,1.9249752722027,-5.62882268319952,9.82406810296374e-05,0.00212846269942221,1.55957341560889,137,111,186,154,136,74,74,44,69,69
"761","TRINITY_DN15856_c0_g1",-1.05671976458165,-0.366267226220936,-3.1587577898559,0.0079474122026071,0.0401258193778177,-2.42173305373044,33.34,31.7,37.53,17.47,34.26,22.47,5.57,22.24,10.67,7.92
"762","TRINITY_DN15870_c0_g4",-1.00417376077904,-0.284624490030491,-2.98990684778709,0.0109257569528634,0.0498700066441528,-2.72953948019647,18.12,30.23,54.41,31.81,31.97,15.41,9.8,12.77,18.89,10.76
"763","TRINITY_DN15871_c0_g1",1.46340968463764,-1.27708006082282,3.46495589134954,0.00446835497382739,0.0271858555662945,-1.82102452235703,4.23,6.99,12.19,4.9,11.15,14.21,23.39,14.74,19.97,10.69
"764","TRINITY_DN15873_c0_g1",-1.63531338433733,3.29280270174997,-4.68980473316574,0.000479977890881776,0.00599707714138576,-0.227609169617355,470.51,453,238,440,722.81,121.74,169,190,84,189
"765","TRINITY_DN15891_c0_g1",-1.44373201062083,-0.0423618458475341,-4.93950846268203,0.000311109157439643,0.00446066287772175,0.575160406492554,58.22,29.55,49.61,35.76,44.06,12.78,6.07,10.54,20.28,23.72
"766","TRINITY_DN15898_c0_g1",1.35291021460047,2.63688586766236,5.97128945498785,5.6793178835056e-05,0.00153458555255504,2.02777526150635,166.36,84.67,119.44,62.32,95.36,340.74,186.58,207.4,275.07,310.74
"767","TRINITY_DN1592_c1_g5",1.28589485822199,-0.840785195626338,3.43620902388548,0.00471584289108317,0.0281212955451337,-1.88821277768254,8.46,10.83,15.06,16.89,5,21.54,15,25.97,24.32,16.75
"768","TRINITY_DN15954_c0_g1",1.26226841521337,3.0633082240082,10.2316560858326,2.10422563238562e-07,6.7304963772603e-05,7.5998866598488,136.19,124.43,168.13,137.5,130.48,351.08,291.52,333.26,341.52,359.81
"769","TRINITY_DN15958_c0_g1",-1.11912360729906,1.29933438373675,-3.15089094607545,0.00806612120018122,0.0405444989103281,-2.70096145538748,70.51,82.68,184.13,49.33,139.71,31.2,27.83,36.48,75.69,46.66
"770","TRINITY_DN15959_c0_g1",2.64895449154159,-2.0851858234564,3.05108652227265,0.00973577154715227,0.0461893242234661,-2.49855393584745,1,12,1,10,1,5,9,18,29,17
"771","TRINITY_DN15970_c0_g1",-1.18127582650918,2.83133321547087,-5.81675816764216,7.25777739443848e-05,0.00176670886936007,1.75202136300409,370.02,261.09,236.04,207.6,336.06,90.34,86.49,138.62,209.71,108.29
"772","TRINITY_DN15980_c3_g3",-1.09308912077719,0.63430821199718,-4.62412758686692,0.00053869081235016,0.00649621506243167,0.0172073279103424,71.2,45.17,69.72,47.9,70.22,41.46,20.15,20.55,39.5,14.72
"773","TRINITY_DN15983_c0_g1",-1.68594343026958,-0.173855187668068,-5.43421837666814,0.000135117927324485,0.00258680262323638,1.33428930783796,44,36,34,39,57,11,14,14,7,13
"774","TRINITY_DN15987_c0_g3",1.98112511000074,-1.69106536818304,3.15582525727478,0.0079914571752243,0.0402747496433228,-2.31827898628669,1.94,11.61,3.2,5.31,6.11,16.18,5.69,17.05,12,24.59
"775","TRINITY_DN15987_c0_g4",-3.04891086734073,-1.74265038598261,-5.40859758144649,0.000140964168845848,0.00265991169927028,0.663073106274283,27.44,17.53,21.67,21.11,31.15,3.98,1,0,5.93,2
"776","TRINITY_DN15993_c0_g1",-1.40244743019883,0.317432480707837,-3.89596764991263,0.00200421328118007,0.0158899562192541,-1.20726464876918,97.94,43.66,71.39,31.12,47,20,7,19.15,42.93,13
"777","TRINITY_DN1600_c1_g1",1.17114043099744,4.57515996920078,4.0512619875768,0.00150709543277848,0.0131052921495027,-1.60802713994057,414.33,497.16,831.34,231.87,283.79,1027.56,625.29,653.94,1483.31,1033.52
"778","TRINITY_DN16005_c0_g1",1.71130466885407,0.525530514195634,3.63094818049317,0.00327612536161828,0.0221067511711906,-1.69852829656084,30.84,24.64,19.65,22.91,13.32,122.54,108.26,25.59,56.68,61.7
"779","TRINITY_DN16005_c0_g2",1.85869501438393,2.05076439502735,5.21389312733857,0.000195077555808621,0.00327337643545177,0.874295427699287,52.49,45.08,46.72,94.51,61.59,108.99,161.65,373.05,264.78,190.45
"780","TRINITY_DN16007_c2_g3",-1.10111615515412,-0.37734204318437,-3.60477864741142,0.00344001726195648,0.0227937770541846,-1.6453085129146,49.01,26.56,22.56,20.48,38.26,9.07,11.28,16.52,12,12
"781","TRINITY_DN16015_c0_g2",-1.06609364780196,1.05669450479072,-4.7654695444521,0.000420515814531981,0.0054583905316893,0.216977995219081,108.88,95.76,70.83,56.87,70.43,51.68,28.68,36.53,38.71,24.66
"782","TRINITY_DN16016_c0_g2",-1.2601658217743,0.400214138085669,-5.21733879397276,0.000193950268092292,0.00326104644694942,1.01072983144789,72.62,47,50.3,43.27,59,29.31,18.08,11.07,29.16,18
"783","TRINITY_DN1602_c0_g1",-1.83123814928483,4.01109956362474,-5.44075173507437,0.000133668293072265,0.00256813813264422,0.977206039011738,529.21,1062.02,560.77,1007.43,909.22,340,249.36,118.09,171.98,305.07
"784","TRINITY_DN16023_c0_g1",-1.69230596965534,0.200541762476923,-5.38312648486149,0.000147040358023153,0.00273109448301636,1.27391438284102,83,37,65,37,66,13,10,18,32,8
"785","TRINITY_DN16027_c0_g1",-1.33991222565438,1.88980021645478,-4.85678719093269,0.000358836558160571,0.00489197014568133,0.276671801694563,174,159,219,69,189,66,45,68.01,74,44
"786","TRINITY_DN16035_c0_g2",-2.00271482164297,2.0313276688678,-8.37317321792192,1.88179575779363e-06,0.00020528044619975,5.45242860911013,198.17,158.3,242.02,176.87,315.31,42.17,30.02,75.8,78.41,41.65
"787","TRINITY_DN16039_c0_g1",-1.60080560177166,0.874072434535202,-7.6518927819738,4.85494153224678e-06,0.000352304803794904,4.48716638019236,109.88,76.73,89.71,56.79,91.99,28.61,17.78,20.66,42.09,21.47
"788","TRINITY_DN16041_c0_g1",1.48581438512812,0.403677559105872,3.45933433062683,0.0045156937608378,0.0273603404301224,-1.99448217173374,12.01,21.94,21.02,36.99,22.98,111.8,70.62,26.78,57.93,39.02
"789","TRINITY_DN16048_c0_g1",2.13900614026975,-1.80583647507071,3.44281541611485,0.0046577636718558,0.0278972791095904,-1.89645542562563,4,3,9,11.64,1,20.78,11.61,10.17,20.53,8.74
"790","TRINITY_DN16056_c0_g1",1.30535207863008,-1.28454974304918,3.43592645527666,0.00471834336595481,0.028126697575385,-1.86818825597521,8.33,10.39,10.75,3.92,6.09,22.34,16.64,10.56,15.67,12.82
"791","TRINITY_DN1606_c1_g3",-1.6803836350056,-1.12324554398198,-3.56709719886372,0.00369080546341479,0.0239113352524519,-1.6557928588137,20,24,18,20,31,7,7,1,11,7
"792","TRINITY_DN1607_c6_g1",-1.2248351009628,3.12098631911751,-5.31399800546676,0.000164959225354264,0.00292138979097198,0.875696396892309,310.5,282.11,588.31,236.37,378.09,133.13,89.55,146.71,222.84,166.28
"793","TRINITY_DN16091_c0_g1",-1.83460292500259,0.511893121283455,-4.95798881669347,0.000301383843594653,0.00436897026889335,0.591435092687361,80.14,41.01,107.39,46.25,105.38,34.97,6.02,17,26,15
"794","TRINITY_DN16097_c0_g1",-1.3735775782686,-0.361792459418477,-3.88827901678647,0.00203282164201832,0.0160529474607222,-1.15243465264195,44.93,31.48,30.65,20.21,50.21,13.74,3.02,8.26,25.46,11.36
"795","TRINITY_DN16134_c0_g1",1.08498753315361,0.132661086921735,3.21675648907147,0.00712469391684919,0.0372056799151816,-2.395696359903,29.45,21.32,33.58,8.2,18.89,66.03,25.43,42.13,33.92,39.46
"796","TRINITY_DN16137_c0_g1",-1.17328358373888,1.22560741659032,-5.9158537105546,6.19922581924781e-05,0.00161414471062317,2.07366874993085,109,89,89,59,122,36,28,43,52,35
"797","TRINITY_DN16142_c0_g2",1.32977401315766,1.0539525494338,3.02111266053255,0.0103016903899022,0.0479568746855726,-2.89039145439164,46.82,30.48,21.17,72.4,24.74,154.37,125.39,72.7,74.42,35.6
"798","TRINITY_DN16154_c0_g1",1.6660560639892,-0.352702077124448,5.66288023971691,9.29615996600254e-05,0.00207056023128694,1.64934287069335,16.7,7.92,13.1,13.4,11.2,40.08,40.9,33.62,31.19,26.74
"799","TRINITY_DN16156_c2_g1",1.08985133394815,-1.49483951319091,3.39229215909435,0.00512104703254873,0.0297432049864081,-1.93827321127759,8.5,4.09,7.16,7.26,7.98,13.13,8.98,11.25,14.09,11.25
"800","TRINITY_DN1616_c1_g3",-1.98874659101013,4.44555972865618,-9.03275051829841,8.31713953347131e-07,0.00013458871823937,6.15551560277263,1194.51,822.59,1758.19,815.06,1262.96,327.57,147.69,302.53,358.67,334.54
"801","TRINITY_DN16175_c0_g1",1.98270020695065,-1.45336081588741,5.12277085890604,0.000227524074183255,0.00362620130123331,0.580665655956357,5,3,7,5,8,26,12,16,19,14
"802","TRINITY_DN16185_c0_g1",-1.15768235902019,-0.715220938902021,-3.03767732748814,0.00998500107438028,0.0469738849260244,-2.5777779475841,25,37.12,21,13,33.48,9,11.04,15.08,9.03,4
"803","TRINITY_DN16196_c1_g1",2.96648250791312,-0.68463893125306,3.91764993793548,0.00192574286978301,0.0154820285901133,-1.09323718878518,7.43,3.94,5.69,10.01,6.55,20.33,99.04,80.73,42.7,20.99
"804","TRINITY_DN16198_c0_g1",-2.09011505972758,-0.357240639854372,-5.23418703275695,0.000188535753063314,0.00319679446147979,0.997233919717708,46,63,44,38,32,11,2,5,18,13
"805","TRINITY_DN16199_c0_g1",1.06262352001402,-0.675762436929026,3.60764775062043,0.0034216482650379,0.0227166641306345,-1.61415533444745,16,12,9,9,15,21,26,14,30,20
"806","TRINITY_DN16207_c4_g1",-1.12973801952605,4.69908021156253,-6.77122773256778,1.68186424713741e-05,0.000725311231077349,3.01056738038363,1115.47,967.02,1258.67,635.92,1118.17,387.2,334.16,468.33,729.57,418.79
"807","TRINITY_DN16224_c0_g1",1.32007086817509,1.2888050233014,5.29144730457766,0.00017128936543598,0.00299729334330639,1.07594063127981,35,40,34,61,43,115,71,142,114,64
"808","TRINITY_DN16224_c0_g2",1.46446930940399,2.34054619769417,4.87592822776754,0.000347151188382825,0.00478345168448009,0.244146065548391,73,66,52,135,98,246,176,341,259,116
"809","TRINITY_DN16241_c0_g3",-1.34777771515625,-0.113638968869224,-4.02379879420452,0.00158474766597984,0.0135839796066185,-0.943663833254681,37,38,46,29,45,8,35,11,15,10
"810","TRINITY_DN16259_c0_g1",-1.32432885181593,4.97921106973405,-7.95989042480233,3.21538168914154e-06,0.000278292401647176,4.70019887665622,1035.59,1183,1415.63,1359.17,1502.81,506.46,639.99,635.63,475.25,369.28
"811","TRINITY_DN16262_c0_g1",1.81329241612646,0.785521694265233,7.59038117083937,5.27850246604987e-06,0.000370909213624578,4.39813735579315,26,29,23.2,20.13,27,125.93,66,77.66,107,50
"812","TRINITY_DN16263_c0_g2",3.68541248812224,-1.96898214843643,3.98995622473,0.00168613747024485,0.0141776035257407,-1.13969276219359,14.1,0,0,0,14.98,30.37,35.62,13.61,16.37,21.97
"813","TRINITY_DN16266_c0_g3",-1.49313733735867,-1.42332584991976,-4.42396723770713,0.000768317728140441,0.00827634911430108,-0.347819788534024,17.12,16.16,20.33,12.09,18.86,3.22,4.57,4.34,4.34,5.99
"814","TRINITY_DN16316_c0_g1",-2.16693412325664,-1.71719141084386,-3.36441803049,0.00539634697399697,0.030738583831658,-2.00561497703577,18.98,18.33,15.25,16.4,15,9.12,3.11,2.02,0,6.04
"815","TRINITY_DN16359_c0_g2",-1.8647636722386,1.1913618264688,-3.19180467567451,0.00746759775541827,0.0384529496395886,-2.58741503380549,107.57,178.74,94.92,50.14,175.26,65.6,47.87,5.12,19.36,65.11
"816","TRINITY_DN16379_c0_g1",1.12070962632036,-0.0500250344888199,3.58407532669331,0.0035755805735507,0.0234051232055177,-1.72136838850769,16.93,15.34,22.03,15.4,20.28,69.45,21.03,22,41.83,34.96
"817","TRINITY_DN16379_c0_g6",1.52786657528813,-0.736305684827721,4.38824314406766,0.000819005846887883,0.00865040222137746,-0.320931456852574,6,9,18,8,13,23,29,23,26,22
"818","TRINITY_DN16383_c0_g1",-1.55077141747125,1.00255824113216,-3.3955153051817,0.00509014418072219,0.0296239735981255,-2.19326755220386,85,104,151,96.06,49.08,30,33,12.18,97,13
"819","TRINITY_DN16393_c0_g1",-1.25900543825185,0.446360757061892,-3.90894583764651,0.00195685766067836,0.0156363559797721,-1.2021661545239,59,48,80,37,65,22,11,41,38,9
"820","TRINITY_DN16393_c3_g1",1.57258763721311,-1.37881250615999,3.516370339785,0.00405809731703797,0.0254434769160479,-1.74048984791721,5.46,8.39,12.29,3.15,5.44,24.27,18.59,9.5,15.35,13.78
"821","TRINITY_DN1641_c4_g1",-1.95048883250401,1.35460286415551,-6.76046165182791,1.7086572941083e-05,0.000730937280571658,3.32099616081025,173.14,123.13,134.35,69,175.29,20.06,27,35.09,41,40
"822","TRINITY_DN16411_c0_g2",-2.56637864708437,-0.241985333727342,-3.95447942298506,0.0017996114446747,0.0148036574350963,-1.02798155173144,22,34,103,72,83,9,5,10,5,11
"823","TRINITY_DN16451_c0_g1",1.51954114406749,-0.710970414503738,3.95597746498788,0.00179466455799442,0.0147883325966439,-1.02208016174895,14.43,10.51,13.98,3.92,11.11,27.08,24.55,28.39,17.47,30.35
"824","TRINITY_DN16456_c0_g1",1.41362164309872,-0.0719544198311509,3.35055484888639,0.00553879431240251,0.0313533882724249,-2.12056861987252,15,16,17.48,20,12,73,40,21,25,52.34
"825","TRINITY_DN16458_c0_g2",-1.89958703253849,-0.576575454517,-5.37364240910178,0.000149372592082399,0.00275823845993739,1.17754185849723,54.56,38.44,38.06,18.88,32.24,6.01,6.36,10.28,12.12,4
"826","TRINITY_DN16485_c1_g1",2.23403139171259,-0.716070695763663,4.4022431764217,0.000798740208580062,0.00849394104486814,-0.311150638948385,10.63,2.63,17.43,16.66,4.33,38.47,16.07,30.39,56.78,27.85
"827","TRINITY_DN16485_c3_g1",1.44756169337458,2.4708749437968,4.84108894038131,0.000368726604017045,0.00497536664252875,0.162983267997589,53.69,80.12,120.75,129.47,82.35,323.77,116.75,316.62,297.15,189.24
"828","TRINITY_DN16486_c0_g1",-1.16552162985448,-0.176882883987402,-3.58524545994641,0.00356777549934208,0.0233869252743515,-1.69997828556177,21.48,51.23,44.4,32.86,34.57,14.33,15.09,13.81,14.17,10.51
"829","TRINITY_DN16489_c0_g1",-1.26445434544282,1.67445561284388,-6.73713853271669,1.76826635538872e-05,0.000748330922030507,3.27767961150827,141.33,98.09,148.78,92.64,172.99,49.01,41.02,46,68.12,54.52
"830","TRINITY_DN16502_c1_g1",-1.88633815765018,-1.57342538093593,-3.64997126777528,0.00316200557810249,0.0215437288622582,-1.550748060542,17.62,17.34,27.28,14.14,12.21,1.01,8.11,6.04,2.01,3.02
"831","TRINITY_DN16508_c0_g1",2.29149656926949,0.543820849835454,6.3095133338587,3.35900955254793e-05,0.00111613951128011,2.65609635844958,11,23,36,10,20,59.46,71.55,104,78,107.46
"832","TRINITY_DN16529_c0_g1",-3.16164454055173,-1.54793755811953,-4.36271013671462,0.000857350735262331,0.00892679745301441,-0.611924146292979,33.01,25.55,46.43,10.17,38.42,2.18,2,2.26,7.7,0
"833","TRINITY_DN16532_c0_g1",-1.59248204288276,-0.991039916670257,-3.18607357339062,0.00754867273604678,0.038692049482836,-2.28658931201403,13.47,39.85,25.19,31.86,17.27,10.07,2.84,7.36,4.94,7.75
"834","TRINITY_DN16534_c0_g1",-1.97817291761295,-0.768051432626272,-4.73073270551698,0.000446798347451109,0.00569382362358899,0.193668963158474,31,44.64,22,22,43.04,9,2,11,5,8
"835","TRINITY_DN16536_c0_g1",1.0162415565986,0.956112608327421,3.40551891053907,0.00499542880342999,0.0292571795274195,-2.183264083311,26.91,41.25,52.57,23.25,45.99,125.69,50.55,77.86,56.12,57.31
"836","TRINITY_DN16556_c0_g1",1.49305251498235,2.54150045564761,8.89186779712096,9.86409817842252e-07,0.000146179716000949,6.08561013255095,96,100,75,76,106,231,227,266,247,299
"837","TRINITY_DN1657_c2_g1",-1.21563579927731,0.576963330367194,-4.30131704168195,0.000957359907988427,0.00961438648634982,-0.530593540928664,70.49,77.37,72.44,28.33,64.81,31.71,21.44,17.28,30.87,18.96
"838","TRINITY_DN16580_c0_g6",-1.23804910596693,0.234531391509056,-4.55055391564223,0.000613433688589797,0.00715022438093691,-0.0751772128246095,52.86,34,50,42.83,66.75,28,7,22,24,15
"839","TRINITY_DN16584_c1_g5",-1.47486615162977,-0.572927896787526,-3.82787204645772,0.00227268733857175,0.0172898339523604,-1.23958415974983,45.91,19.57,25.05,23.97,48.05,7.75,5.07,7.11,24.68,5.8
"840","TRINITY_DN16592_c0_g1",-1.62196391013246,0.199702740269118,-4.81576753305501,0.000385283630826551,0.00512474515677589,0.370697068977808,79.19,74.18,40.41,39.18,44.6,14.66,5.77,17.29,18.73,24.6
"841","TRINITY_DN16621_c0_g1",1.04676948251623,-0.545320058803889,4.15643934067433,0.00124420409518417,0.0114865330699313,-0.697482774669091,12.96,14.11,12.87,11,15,23.38,21,29.01,32,14.75
"842","TRINITY_DN1665_c1_g1",1.96713324963604,-1.43691760926147,4.2830426172039,0.000989406985892472,0.00982372166255674,-0.583542105003547,3.36,9.8,6.62,2.2,8.82,12.14,16.29,13.6,30.39,16.67
"843","TRINITY_DN16656_c0_g1",-1.054593636819,1.04933381025558,-4.09034140853056,0.00140329857997594,0.0125037791076927,-0.960173537469717,103.23,66.33,64.63,55.55,115.35,37.57,17.37,48.62,52.54,28.78
"844","TRINITY_DN16669_c0_g1",-1.08808960211709,-1.33692091763634,-3.06900722153552,0.00941236472029344,0.0450623853261105,-2.4642196437219,15.3,15.45,12.62,13.85,23.01,3.19,4.2,4.18,11.17,6.58
"845","TRINITY_DN16669_c2_g1",-1.90688145073194,0.171685914558054,-5.07310026355995,0.000247548429052579,0.00384216433174291,0.787672508852929,80.67,57.38,33.91,70.86,60.79,16.87,10.2,22.4,18.84,4.31
"846","TRINITY_DN16670_c0_g1",-2.33354054419512,-1.06788303213832,-3.88230809661509,0.00205532765317175,0.0161784287125174,-1.16049526874626,37,19,15,39,45,1,7,4,8,6
"847","TRINITY_DN16689_c1_g1",1.27314048850261,4.24567932816461,6.0523931482794,5.00006873503643e-05,0.00141469027609405,1.93870923503087,302.49,264.81,390.98,251.44,379.34,495.31,559.08,855.57,1194.45,884.01
"848","TRINITY_DN16715_c0_g1",-1.42207558760512,1.77317586493819,-3.67016365781195,0.0030453027353272,0.0209924609049042,-1.82440199051551,250,162,185,59,145,60,25,62,117,31
"849","TRINITY_DN16722_c0_g3",-1.88989161281992,-0.118133386398375,-7.00348395876193,1.20038483611679e-05,0.000599627106562426,3.47568027832563,63.78,36.78,52.18,39.2,44.02,12.07,9.29,6.7,12.77,15.13
"850","TRINITY_DN16728_c0_g1",2.19085229089979,-0.679310761952159,5.31226690402628,0.000165436340362415,0.00292464463691046,1.05719427328551,6,8,10,12,8,20,30,26,60,35
"851","TRINITY_DN16729_c0_g1",1.87382380294405,0.351859782469648,5.36450969365037,0.00015165517961862,0.00278801441887342,1.24577211977277,11,26,17,19,21,72,74,61,41,65
"852","TRINITY_DN16747_c0_g1",1.4498851406665,0.546137501311665,3.48721416971596,0.0042858115220049,0.02640617587405,-1.96517460144309,39.78,44.33,15.43,22.59,12.2,32.72,86.86,79.78,73.85,46.92
"853","TRINITY_DN16764_c0_g1",-1.07716264065697,1.31360905866394,-3.68198178612306,0.00297904868779493,0.0206954909091756,-1.73589631337707,106.9,77.51,131.9,78.15,80.86,81.71,61.12,33,32.08,25.22
"854","TRINITY_DN16789_c0_g1",1.28776214881772,0.533740254190198,3.32837468212019,0.00577464998831518,0.0322341983951939,-2.25117091501491,34,8,47.01,20,38,62,67,64,64.82,34
"855","TRINITY_DN16799_c0_g1",-1.73313469857614,0.62826000118736,-7.04521327013482,1.13064640655997e-05,0.000576340647303008,3.67966056757079,89.01,60,89.79,45.01,96,18,18.02,16,31.72,19
"856","TRINITY_DN16804_c0_g1",-1.30046965839686,1.67510088479791,-5.30740351228239,0.000166784527114411,0.00293598482706029,1.06483234355196,168.97,147.1,113.97,74.77,166.09,41.71,35.45,66.77,59.8,55.65
"857","TRINITY_DN16807_c0_g1",1.37679167785497,1.64235804667486,5.52235533016996,0.000116878746049896,0.00235996602949595,1.42012354271034,87.32,38.15,43.31,41.4,57.8,106.37,89.41,133.54,237.44,112.11
"858","TRINITY_DN16810_c0_g1",-1.2448682842205,0.407268282569252,-3.55152616759554,0.00379980274867495,0.0243641886083205,-1.83384262645655,73,44,56,25,88.04,18.07,23,32.15,15,19
"859","TRINITY_DN16813_c0_g1",1.7517657658499,-1.11005271994294,3.27151957304801,0.00642660936408373,0.0346775361649168,-2.13820648877205,9.09,3,16,8,6,22.01,9,23,53,11
"860","TRINITY_DN16830_c0_g1",1.45535917697908,2.62672037927534,8.89721467270786,9.80008100358484e-07,0.000146048886799922,6.09073452651762,91.46,85.12,153.84,82.8,87.51,291.59,189.16,249.86,346.08,262.66
"861","TRINITY_DN16844_c0_g1",-1.41065122291548,-0.972976706747123,-4.16174007421349,0.00123228042034373,0.0113954508987935,-0.69239256974642,19.29,20.58,30.32,14.93,29.13,4.33,5.62,6.23,7.89,10.49
"862","TRINITY_DN16864_c0_g1",1.17030470983692,-0.875152040143927,3.14170216238093,0.00820703221956851,0.0410179476054629,-2.38516079134178,12,10,14,12,6,24,13,17,39,11
"863","TRINITY_DN16868_c0_g1",-1.6672713026332,1.77348707704664,-6.47417448108714,2.61601462032351e-05,0.00096171297183653,2.89228911593118,237.22,161.13,152.76,87.4,185,52.29,42.9,37.57,77.56,35.84
"864","TRINITY_DN16869_c3_g2",-1.69022962917257,-1.38913225486936,-4.07650349168968,0.00143918280131149,0.0127076833499436,-0.871695936016098,18.99,12.28,15.44,19.41,29.76,3.61,5.55,5.59,3.66,3.34
"865","TRINITY_DN16871_c1_g1",1.07640789039097,4.52900131844971,6.22267543194286,3.83810514309635e-05,0.00119215611027279,2.17241186420833,475,321,583,344,371,822,541,954,1320,831
"866","TRINITY_DN16875_c0_g1",-1.22417620497551,-0.0561859236987387,-3.52534336134661,0.00399052061552171,0.0251744069198943,-1.81875741468276,78.35,40.15,36.17,19.07,38.44,23.41,11.31,15.09,14.76,10.92
"867","TRINITY_DN16891_c0_g1",-1.6104977883025,0.434105198582996,-6.01828015406337,5.27467561704957e-05,0.00146006887027636,2.23785621224856,92.6,52.83,68.64,47.02,58.67,16,20,15.87,36.1,10
"868","TRINITY_DN16891_c1_g1",-2.03604321130246,0.769181092097401,-8.24620021883841,2.21393478262136e-06,0.0002225227635444,5.17285011791675,91.01,91,133,63,84.38,23,10,20,27,23
"869","TRINITY_DN16909_c0_g1",-1.0806179172537,4.16167060083157,-3.99172815372468,0.00168066675534926,0.0141459192561922,-1.65809148767199,1114.92,429.04,662.67,980,447.98,321.99,240.97,359,443.91,252
"870","TRINITY_DN16929_c1_g3",-1.00082732490241,1.79941295370046,-5.6097996648576,0.000101325937940632,0.00217077867819266,1.54133016408484,141.49,100.24,145.96,128.35,124.55,52,49.6,48.14,95.92,72.11
"871","TRINITY_DN16973_c0_g1",-2.01956169117346,-1.00057381188769,-5.36598814746315,0.000151283189900003,0.00278402394466033,1.05455706794413,44,20,24,22,29,5,3,9,4,6
"872","TRINITY_DN16980_c0_g1",2.85712182872934,-0.446391352089312,6.23650185016092,3.75722290643402e-05,0.00117542540754902,2.29153239616474,14,4,2,12,15,52,55.87,55.29,51.1,33
"873","TRINITY_DN16986_c0_g1",2.94681324166129,-1.41954381049014,4.02311659807915,0.001586728208472,0.0135932659037426,-1.03443155241948,7,8,2,2,3,16,17,73,20,23
"874","TRINITY_DN16990_c1_g2",2.01546099919764,-0.0139991161772658,7.0298483249621,1.1558101031154e-05,0.00058617091628293,3.53615520615752,8.19,18.02,12.01,16.01,16.02,55.06,42.02,46.08,49.26,53
"875","TRINITY_DN16999_c0_g1",-1.51432969554972,-1.63393247506485,-3.38616305319184,0.00518033658345989,0.0299628601916365,-1.95613145433257,16,20,13,12,15,2,7,3,10,1
"876","TRINITY_DN1701_c2_g1",-1.08733404980198,0.111722753270701,-3.78130205893608,0.00247729607980571,0.0183018140881082,-1.39208183252369,70.71,32.14,48,36,31.91,12,13.45,23.04,25,15.86
"877","TRINITY_DN17019_c0_g1",-3.05094816051425,-1.4378732555918,-4.33373079612546,0.000903135192210359,0.00924137905116236,-0.621327549462387,43,28,22,12,59,5,1,1,6,1
"878","TRINITY_DN17027_c0_g1",-1.11038226379888,-0.674780654138735,-3.08337945416278,0.00916077290805732,0.0442017045862739,-2.50655700711497,25,27,41,18,19,7,5,7,15,18
"879","TRINITY_DN17030_c7_g1",-1.09256005780594,0.592356910904189,-3.57700494991614,0.00362311312057018,0.0236016017770528,-1.81549888407154,60.65,54.81,66.82,47,63.39,43.83,7,35.76,24.03,29.33
"880","TRINITY_DN17031_c0_g1",-2.00099362917792,-0.349345042010482,-6.86562305860902,1.46518361983117e-05,0.000673849555687687,3.20726091529274,47,46,50,36,34,11,7,6,17,5
"881","TRINITY_DN17037_c0_g1",-2.24668588815191,1.12848591655217,-5.65132669538933,9.47181436459265e-05,0.00208752591298867,1.67759456908417,124,226,133,96,80,11,30,21,47,23
"882","TRINITY_DN1704_c0_g4",1.00038521804236,1.18882851406779,5.27483345436978,0.000176115856935468,0.00305919993582018,1.05420713593839,32.86,45.04,54.84,36.37,49.4,104.19,59.15,81,97.26,70.91
"883","TRINITY_DN17056_c0_g1",1.10948281400641,0.861371620204647,3.17993211925963,0.00763653459055004,0.0389888166279061,-2.57540598449226,29,33,65,46,15,75,60,72,99,39
"884","TRINITY_DN17062_c0_g1",2.56411669579348,-1.05592137384119,5.25682030019648,0.000181510519259759,0.00312460079995054,0.835990549544733,6.66,5.67,6.01,11.95,2.93,25.56,20.96,17.91,49.2,33.65
"885","TRINITY_DN17076_c0_g1",1.91629155217701,0.256363495808988,3.76552499202575,0.0025508158474432,0.0186268965054322,-1.41959931069913,17,14,24,8,29,35,19,100,116,77
"886","TRINITY_DN17102_c0_g1",-1.45979435872452,0.448789154161711,-3.05460523667805,0.0096714066128058,0.0459977708326853,-2.72286821564355,145,56,43,31,62,29,7,32,12,33
"887","TRINITY_DN1711_c0_g1",1.30019254272124,2.52281335622653,6.53077432420344,2.40264414366713e-05,0.000912310068820521,2.90734107650326,91,81,97,120,90,267,206,243,189,271
"888","TRINITY_DN17110_c0_g1",-1.18883625717129,-0.274478730570954,-3.22675494619251,0.00699177336282044,0.0367138063468177,-2.31063242437559,56,34,26,29,31,15,7,26,20,4
"889","TRINITY_DN17121_c2_g3",-1.13108110589811,-0.882131493027185,-3.89844380556811,0.00199508812005929,0.0158301970474799,-1.11586935775621,25.62,23.69,16.08,21.61,23.19,9.36,7.91,7.92,11.96,4.01
"890","TRINITY_DN17141_c0_g1",-1.50578148171784,-0.807425876655047,-3.0184085268964,0.0103543322397339,0.0481119981357263,-2.58983104014985,53.66,22.22,17.94,14.07,31.42,14.55,11.51,4.81,3.53,9.5
"891","TRINITY_DN17141_c0_g2",-1.76544284743528,0.474612732517108,-6.73156896608906,1.782824909542e-05,0.000750668667359775,3.24523589270008,80.35,69.7,69.25,43.31,73.89,15.96,17.8,18.19,13.02,26.86
"892","TRINITY_DN17153_c0_g1",1.68187011655159,-0.25296975206757,4.14144447630872,0.00127858364426144,0.0117149844545792,-0.727570139547368,23,9,16,7,14,23,56,24,49,47
"893","TRINITY_DN1716_c0_g1",-1.48191436070822,2.61317219998477,-9.17964096032298,6.97680269836354e-07,0.000128480952245513,6.42467315582537,341.05,257.63,210.21,248.02,273.33,90.15,68.86,95.56,129.92,86.43
"894","TRINITY_DN17176_c0_g1",2.56014357667547,0.378229449381739,4.92831341641217,0.000317159681015074,0.00451500790044042,0.555267188345733,25,10,18.29,44.17,4,55.65,97.44,90.61,75.47,83.84
"895","TRINITY_DN17192_c3_g1",2.26721286018887,1.26643772797928,4.6113741648322,0.0005509339964675,0.00661505600334641,-0.0489597672511168,56,29,8,108,17,117,118,117,201,126
"896","TRINITY_DN172_c0_g1",-1.04294853528192,9.14445908053551,-18.2668786304355,2.46566913346267e-10,1.22921003310514e-06,14.2700667195455,19397.99,19838.36,23155.28,19986.76,21338.71,9892.88,9905.1,11022.98,11241.85,9680.43
"897","TRINITY_DN17209_c0_g1",-1.87451828774291,0.551524900189087,-6.32791518942312,3.26586398446023e-05,0.00110135461843291,2.68819388040093,104,51,72,66,83,23,7,27,16,24
"898","TRINITY_DN1722_c1_g1",-2.51680325122673,0.423423351924476,-8.08062366481277,2.74407728645892e-06,0.000254749506446623,4.85849121803488,96,95,86,78,66,24,10,21,9,7
"899","TRINITY_DN17220_c0_g1",-1.5555908911415,0.870445132421843,-4.2065633231634,0.00113605397394411,0.0108127984517738,-0.72148284189283,81,83,90,61,105,26,6,18,75,38
"900","TRINITY_DN17242_c0_g1",1.02344587914673,0.358280951618155,3.12820151396601,0.00841855632099677,0.0417270121565572,-2.58883677773982,33,18,35,24,18,73,20,64,58,31
"901","TRINITY_DN17243_c0_g1",-2.36579066269156,-1.91600498946882,-4.46627219525965,0.00071247580495713,0.00788961712672763,-0.502465723470444,17,11,13,25,20,1,2,4,3,1
"902","TRINITY_DN17265_c1_g2",-1.67551049664186,0.82135966674127,-5.40278967641578,0.000142326039562326,0.0026764919088271,1.29318873534269,108.27,78.27,104.69,37.74,107.91,18,19,25,42.08,19.48
"903","TRINITY_DN17268_c0_g1",-1.3804769249381,-1.07922165941388,-3.50303073210752,0.00416071566045751,0.0258956501648924,-1.76191651335041,31,11,29,16,24,12,4,5,8,4
"904","TRINITY_DN17274_c0_g1",1.38134748386842,2.35027542609517,7.05218384732529,1.11942303159286e-05,0.000573586162045603,3.68885563062098,83,110,78,76,71,267,231.06,187,255,140
"905","TRINITY_DN17276_c0_g1",-1.18373293353838,1.56153839018723,-3.54527191509276,0.00384449950038355,0.0245544665899068,-2.02339516074583,154.99,103.89,143.95,66.99,135.98,46.99,24,29.89,142,50.99
"906","TRINITY_DN17295_c3_g1",1.06740627747893,0.748080095459974,4.64586749850479,0.000518469419372548,0.00632116800292973,0.0422169597685835,43.16,31.18,24.95,26.95,33.01,67.52,40.19,65.95,104.99,41.42
"907","TRINITY_DN17329_c0_g1",-1.4488995243723,0.153273035369684,-3.17781234766344,0.00766709866839346,0.0390866008707863,-2.45638106545308,28.39,50.62,60.52,45.84,66.68,14.57,16.91,52.98,8.72,8.6
"908","TRINITY_DN17362_c0_g1",-2.06485043992513,-1.90996644305525,-4.16795573892712,0.00121844887080455,0.0113073960454615,-0.881590208479508,14,10,13,14,28,2,1,4,3,2
"909","TRINITY_DN17364_c0_g1",-1.37374447584261,-0.637724050084782,-3.52713620993337,0.00397715621536717,0.0251360508119548,-1.74691472458339,35.06,37.38,20.57,17.17,32.19,3.37,10.05,14.5,9.23,11.14
"910","TRINITY_DN17376_c0_g4",-1.1309594669634,3.46662774312392,-4.82444481252986,0.000379524042349281,0.0050711369829104,-0.0310051991516307,427,382.46,546.13,241.55,607.3,200.96,101.57,203,274.33,226.85
"911","TRINITY_DN17382_c0_g1",2.54987194353186,-1.37861506590734,3.18748405331125,0.00752863771943691,0.0386455082606145,-2.26626381980213,27,4,1,6,2,64,16,17,14,21
"912","TRINITY_DN17389_c0_g1",2.33935928293022,-0.571195581428674,5.46493676656196,0.000128442798466369,0.00250900805223433,1.28285095205118,7,10,13,3.09,13,59,30.07,20.15,54,35
"913","TRINITY_DN174_c0_g2",1.2621861474672,1.89729695786674,5.14815641206959,0.000217952600048999,0.00352321367387897,0.769411606195131,73,62,54,67,61,247,142,95,151,138
"914","TRINITY_DN174_c0_g3",1.23237426481695,1.81551943194976,5.89810724684279,6.3760960687489e-05,0.00163680492953316,2.00195626889808,65,51,52,63,72,154,172,101,139,138
"915","TRINITY_DN17420_c0_g1",1.41269418727836,0.0853715413670316,3.85824774093645,0.00214864088431847,0.0166568659486756,-1.25044835482858,25.93,9.02,17.67,14.13,30.86,55.26,34.82,38.32,86.17,20.78
"916","TRINITY_DN17424_c0_g3",1.56255544384995,-1.10095409616161,3.31847611971722,0.00588315743980739,0.0326734816580583,-2.06355052920348,6.24,3,10.83,6.85,19.96,19.46,15.66,28.1,28.58,9.02
"917","TRINITY_DN17439_c1_g1",3.5390838150617,-1.25452327933083,3.99326147146759,0.00167594748154841,0.0141228887419934,-1.09558668772021,0,0,18.42,2.58,27.35,39.47,15.29,41.31,52.01,38.57
"918","TRINITY_DN17456_c2_g1",1.02846027603086,0.258746429480873,3.63663583089397,0.00324157145918436,0.0219440752034841,-1.66767665264633,28,24,19,29,16,38,29,57,39,53
"919","TRINITY_DN17456_c5_g1",2.37549490378162,-0.515529483800123,6.01123749866751,5.33332747555036e-05,0.00147212868731793,2.03854081118433,9.18,4.63,6.89,9.02,18.05,34.95,24.26,64.76,44.64,36.38
"920","TRINITY_DN17459_c0_g1",-2.2036257243109,1.73984520516001,-7.97130222708277,3.1673414217693e-06,0.000275409967429606,4.94169584699112,197.99,198.79,252.54,107.5,205.73,42.29,24.12,34.16,84.24,24.1
"921","TRINITY_DN17462_c0_g1",-1.56829867859152,-0.673884721840645,-3.18693808926796,0.00753638646438806,0.03866537762778,-2.31221871136117,46,20,43,27,22,9,4,16,22.27,1
"922","TRINITY_DN17464_c0_g1",-1.30586997570117,1.83221959957703,-7.29608700934135,7.92663932710507e-06,0.000467652959022685,4.05723600897292,187.62,126,146.8,129.82,138.05,58.79,47.44,84.21,62.63,38
"923","TRINITY_DN17465_c0_g1",1.38486287016023,4.27687394421812,6.58095468534957,2.22887873906147e-05,0.000870135409384743,2.77150947633166,271.92,432.96,240.89,274,356.99,1094.29,921.48,769.86,776.95,551.22
"924","TRINITY_DN17470_c2_g1",3.34257398195609,-1.74173967165621,5.5998493800398,0.000102980217895632,0.00218793053555982,0.873273591747642,5.68,0,3.22,4.23,3,25.4,14.3,22.28,21.57,32.82
"925","TRINITY_DN17481_c0_g1",1.115822699256,2.82236519262523,4.49563179167511,0.000676212375765277,0.00760765075485165,-0.514683236570589,104.51,140,74,169,168.13,266,313,241,367,182
"926","TRINITY_DN17494_c0_g4",-2.10530721503926,-1.40596765198749,-4.63559481855627,0.000527924196604609,0.0064003853813518,-0.087686196338117,35.78,22,15,14,24.01,2,3,2,7,5.27
"927","TRINITY_DN17494_c0_g6",-1.25720242937362,-1.02248155822483,-3.20904443855726,0.00722895278058297,0.0375670309694412,-2.25412443136005,27.31,16.68,28.92,11.03,23.16,9.04,6.02,14.05,5,3.03
"928","TRINITY_DN17498_c1_g1",4.47496165276913,-2.3413815953467,7.55355710735821,5.55076600861651e-06,0.00037907169565419,2.68751032675362,0,1,3,2,0,22,17,14,32.98,29.61
"929","TRINITY_DN17502_c0_g1",1.5522338767035,4.03871398167249,7.65861723128474,4.81088271959449e-06,0.0003501269141897,4.38183443063645,246.09,190.69,257.18,350.74,215.7,673.57,938.58,820.82,745.45,506.55
"930","TRINITY_DN17506_c0_g1",1.0507215272426,4.84647096070345,3.38784037613304,0.00516404238014072,0.0299039382944773,-2.89197584285396,594.73,683.26,287.73,444.16,674.32,895.34,1365.91,1082.61,698.47,1509.04
"931","TRINITY_DN17507_c2_g1",-3.83275559075064,1.65733682293954,-9.67225829682924,3.92983549993977e-07,9.46383775555896e-05,6.78426727603005,367.21,279.05,334.83,157.94,464.39,13.53,34.62,20.54,25.52,12.61
"932","TRINITY_DN17509_c2_g2",1.06960939871409,-1.09357062231753,3.01873939954429,0.0103478767033403,0.0481045036638963,-2.56967880311292,15.85,6.89,7.15,6.57,11.87,22.65,12.68,17.76,23.23,7.33
"933","TRINITY_DN1752_c0_g1",1.24218004163185,3.68486445081547,3.58756096521686,0.00355238161993994,0.0233052876561213,-2.33444557213696,354.98,231.82,94.36,320.67,184.39,510.88,762.42,590.94,426.15,354.1
"934","TRINITY_DN17543_c1_g1",1.21094513235694,1.48278801135593,3.98063222445122,0.00171522815022298,0.0143382261403779,-1.21967523582338,51,54,60,43,39,102,64,68,190,167
"935","TRINITY_DN17552_c1_g1",1.35802797112778,2.01628337670089,5.39258352821056,0.000144752843433863,0.00270737516802668,1.16502441401926,45.72,45.65,91.47,78.22,85.92,131,153,144.28,206.02,216.83
"936","TRINITY_DN17567_c0_g2",-1.24560906133738,-0.240249412982428,-3.57723540568722,0.00362155371881298,0.0235974049257391,-1.7051973780367,30.33,30.36,30.1,46.06,37.27,12.1,17.08,20.78,7.16,10.02
"937","TRINITY_DN17574_c0_g1",1.41264279914335,-0.164643168626526,4.07804939562947,0.00143512747295143,0.0126808596081261,-0.846602744585887,18.57,8.28,21.42,10.22,22.21,34.57,16.46,52.36,57.82,30.42
"938","TRINITY_DN17621_c1_g2",-1.23473557515756,-0.946549053882931,-3.61517250743761,0.00337394561075257,0.0225288789086717,-1.58209800277325,31.96,17.44,26.77,14,22.24,7,7.36,3.72,14.52,6.87
"939","TRINITY_DN17628_c0_g1",1.07001548404095,-0.355416134363879,4.34581105676334,0.000883749070333895,0.00911598228912801,-0.388961127480857,18.86,14.76,16.4,8.82,17.03,34.93,28.4,21.67,31.16,22.99
"940","TRINITY_DN17631_c0_g2",-1.95755587142914,0.454077711347008,-4.7330206755576,0.000445015616568201,0.00567400601861241,0.224473261409619,80.17,76.07,93.69,25.22,106.13,13.87,12.6,15.19,15.75,28.34
"941","TRINITY_DN17639_c0_g1",-1.28118217578925,3.87225335578166,-9.94528970531104,2.8870425332574e-07,8.13151024917974e-05,7.25878348755863,625.46,675.27,541.62,506.31,609.34,286.17,166.47,288.56,264.43,223.13
"942","TRINITY_DN17646_c0_g1",-1.49228085309004,0.758205624807,-5.10251094058031,0.000235478669529114,0.00370882267000946,0.810363117225882,79.01,86.03,84,52,76,18,9,25,44,40
"943","TRINITY_DN17648_c0_g1",1.29940522077288,-0.0884454856607339,3.57168183053175,0.0036593234427587,0.0237760408758475,-1.73464451621429,19.96,10.32,24.02,17.04,14.49,60.05,26.28,46.06,51.5,14.91
"944","TRINITY_DN17660_c1_g1",-1.0174342515787,0.289895720161206,-4.71407646041562,0.00046000301439403,0.00581453607418498,0.192766931723898,52.01,43,49,36,50.01,15,16,25,22,26
"945","TRINITY_DN177_c3_g1",1.84747516008772,-1.24451274462132,3.34873258975325,0.00555779902371405,0.0314426866465294,-2.00804218479029,5.83,10.21,11,1.08,11.57,34.32,14.86,10.61,32.91,13.56
"946","TRINITY_DN17704_c7_g1",-1.55556243286232,-0.162570389655821,-4.53544903325552,0.00063007045101874,0.00727778086066665,-0.0776918431759288,43.01,26.65,55.4,55.28,30.79,9.13,16.91,9.24,13.15,12.86
"947","TRINITY_DN17708_c0_g1",-3.13118431493923,0.594777961378509,-4.88581830774941,0.000341269867275075,0.00472986563615911,0.487087707080158,71,234.07,72,156,109,27,26,3.06,10,9
"948","TRINITY_DN17710_c0_g1",-1.33072039147412,1.8977050440449,-6.71376004323622,1.8302362517377e-05,0.00076417728524187,3.23295665708023,175,155.43,152.9,103.32,191.68,46.01,59,62.26,95.43,42
"949","TRINITY_DN17711_c0_g1",-1.00058760275173,-0.849388072683102,-3.37134289704293,0.0053265855984776,0.0304739776622526,-1.99999942186208,29,18.49,22.42,12.61,28.87,9.31,5,10.43,14,5.69
"950","TRINITY_DN17717_c2_g1",-3.20734246470136,-0.783683366844929,-6.28796333057401,3.47167754368414e-05,0.00113319544936281,2.11326556930993,63.87,29.29,59.51,31.87,56.28,1.11,11,5.39,5,1.13
"951","TRINITY_DN17719_c0_g1",1.1740337729986,0.439681679729231,3.1469981116403,0.00812551954950599,0.0407321795979409,-2.56528050560026,15.47,25.06,38.64,42.69,14.52,35.04,33.34,48.93,85.62,61.9
"952","TRINITY_DN17747_c0_g1",-1.04971561967754,5.9096555073462,-9.03734868160116,8.2712427534354e-07,0.00013458871823937,6.03488693863482,2328.47,1802.28,2979.53,2073.21,2207.82,1193.25,1025.56,961.59,1396.95,850.26
"953","TRINITY_DN17754_c0_g1",1.70179533484427,1.26215057918923,7.58346857355026,5.32850637686032e-06,0.000372551792559115,4.43159337872976,33,39,29,50,31,122,116,121,104,91
"954","TRINITY_DN17757_c0_g1",-1.26735455668928,1.09286672867601,-5.64671641674149,9.54287965184228e-05,0.00209355070494878,1.6621396086149,96.14,74,84,72,108,45,23,55,29,25
"955","TRINITY_DN1778_c0_g1",-1.06468919952107,5.8253800664134,-14.0996494830754,5.31782536413244e-09,7.79733964347336e-06,11.2177649014959,2281.56,2038.8,2045,2088.28,2208,1082,830,1133,1096,920
"956","TRINITY_DN17791_c0_g1",-1.6342838965981,0.970284435136499,-7.32689530588576,7.59251907745317e-06,0.00045360441821861,4.07975809149234,115.06,82.79,120.7,64.54,78.86,38.59,19.42,26.11,35.93,18.47
"957","TRINITY_DN17833_c0_g1",1.32908878724042,3.9816771100641,5.95998747505661,5.78144964839811e-05,0.0015437740188623,1.82544764418838,263.43,250.63,203.66,288.85,279.23,794.96,756.81,495.1,507.18,746.94
"958","TRINITY_DN17834_c0_g2",-1.68341319907511,3.08836993064777,-5.89221193042768,6.43602405219906e-05,0.00164541080550913,1.85228338119555,562.31,321.92,397.7,215.47,602.09,93.58,75.68,134.79,222.84,117.93
"959","TRINITY_DN17856_c0_g1",1.52234251906485,-0.260320187054056,3.71892883493724,0.00278126017507811,0.0197569340991977,-1.45114812179149,8.35,20.02,11.06,14.43,16.08,42.68,31.75,35.27,20.44,51.57
"960","TRINITY_DN1786_c2_g2",1.14510662364224,-1.15965258817034,3.39437770597068,0.00510102962852242,0.0296610595843419,-1.94043121125892,11,5,9,5,16,14,14,15,23,13
"961","TRINITY_DN1787_c0_g1",-1.32879512868639,2.31428229905259,-9.1149048023891,7.53659454198056e-07,0.000130458974896304,6.34697712304398,215,204,181,179,237,87,60,96,78,78
"962","TRINITY_DN17879_c1_g1",-1.36316041588804,0.0971057327551816,-4.14677808853519,0.00126624394674699,0.0116263478252104,-0.75028125365191,60,42,54,23,57,8,16,13,27,20
"963","TRINITY_DN17884_c0_g1",-1.59575617675819,-0.787907610333129,-3.79208394601952,0.00242830465091267,0.0180657023969481,-1.29096704917248,32.56,27.53,13.71,29.25,37.45,4.77,13.25,7.33,7.05,5.94
"964","TRINITY_DN17888_c0_g1",2.78715056206886,-1.44839454778966,3.63557682503584,0.00324797690568842,0.0219643777372877,-1.59296645704107,1,8,3,17,3,35.05,21.03,22.48,12,28.06
"965","TRINITY_DN17904_c0_g1",1.20074951736191,1.31884042194043,7.05988588619779,1.10715947556522e-05,0.000571044312663232,3.73830390146139,37,36,51,40,57,97,95,93,108,89
"966","TRINITY_DN17933_c0_g1",-1.05437999703132,-0.10663604519586,-3.93744555248874,0.00185685745041608,0.0151007484859005,-1.09799391652417,35,34,32,43,35,20,12,13,12,20
"967","TRINITY_DN17943_c2_g1",1.27567160333727,-0.887403199473633,3.44357910624132,0.0046510967247893,0.0278791781917664,-1.87234086186759,13.75,4.9,13.83,15.68,6.91,20.84,12.29,20.68,28.13,19.22
"968","TRINITY_DN17956_c0_g1",1.31865373405061,0.913176995339194,6.92900851963861,1.33645718410991e-05,0.00064112250877826,3.54896288847358,32.27,33.05,44.16,25.75,26.89,81.8,71.84,65.07,81.83,74.88
"969","TRINITY_DN1796_c0_g1",-2.00810815563932,-1.59175219080404,-3.26337592957937,0.00652588692515243,0.035042747517126,-2.15088169917936,16.9,14.21,15.39,14.35,36.09,6.08,0,4.57,3.09,10.06
"970","TRINITY_DN17964_c1_g1",1.42200450148315,-1.3895523719806,3.57718594883133,0.00362188831591138,0.0235974049257391,-1.64275512481651,6.25,4.11,10.54,7.07,6.21,13.16,9.16,11.1,18.29,23.01
"971","TRINITY_DN17965_c0_g1",1.78140196762427,-1.33237108508365,3.58257105595669,0.00358563998094444,0.023444475786937,-1.63555375013958,22,5,2,6,5,13,15,13,31,18
"972","TRINITY_DN17966_c0_g1",-1.95849122333677,-0.498027368737964,-5.33607603909471,0.000158999377296727,0.00286044758427548,1.13348182948122,41.36,30.21,33.01,27.18,62.86,10.36,9.16,8.16,12.71,2.02
"973","TRINITY_DN17968_c0_g2",-1.26830326906754,0.624261548513047,-4.81680010389566,0.000384593499264525,0.00511989970065792,0.344382170047184,96.83,54.31,49.05,60.96,60.51,20.68,16.61,18.61,30.39,37.46
"974","TRINITY_DN17970_c0_g1",-1.48216863560404,-1.33661871828982,-3.21857065321361,0.00710038884005917,0.0371255270521065,-2.21782927149461,22,16,23,9,25,2,6,12,7,2
"975","TRINITY_DN17972_c0_g1",-1.37571667497818,-1.85235490328895,-3.70523393964164,0.00285295863016775,0.0200859407696304,-1.49021614413064,15.82,12,13.81,10,11,6,2,3,4,2
"976","TRINITY_DN17982_c0_g1",-1.71676739024135,-0.477439954907058,-3.6132603967761,0.00338600268175962,0.0225837875110884,-1.60375340716217,49,25,53,18,45,9,1,20,15,10
"977","TRINITY_DN17985_c0_g1",-1.44678028031843,0.728692381817579,-7.40792672978373,6.78325492560657e-06,0.000426976777533162,4.16576141042674,85.25,76.59,68.93,65.88,65.37,23.27,14.2,22.3,37.37,25.28
"978","TRINITY_DN17995_c0_g1",-1.28165551141469,4.16560152771716,-8.05295692788282,2.84515794815838e-06,0.000260004472614572,4.90442223923698,608,856,910.01,576.01,724,286,300,367,355,204
"979","TRINITY_DN180_c3_g1",-1.33953024599589,1.65347195187441,-6.8807042275658,1.43340620016728e-05,0.000666918862049435,3.48425439805664,174.69,121.25,124.5,101.89,135.53,45.93,28.78,53.99,84.08,44.63
"980","TRINITY_DN18015_c1_g1",-1.42883220961801,-0.7798148074741,-5.49699721039695,0.000121844657236151,0.00243070095926125,1.34014079416383,27.4,22.19,27.4,23.16,29.43,10.14,6.01,8.11,10.1,4.04
"981","TRINITY_DN18046_c0_g1",-2.18190840583101,-1.50313329649801,-4.54745589441161,0.000616808268529484,0.00717076290005445,-0.247485490338446,16,19,23,24,21,2,5,1,7,4
"982","TRINITY_DN18070_c0_g2",-1.08968774454579,0.345024353862287,-3.86636385979251,0.00211668773802593,0.0164706649902415,-1.268739057159,66.02,64.99,33.97,43.26,44.17,17.77,25.47,14.27,30.95,18.15
"983","TRINITY_DN18072_c0_g5",-1.22320873844668,-0.446648774641593,-3.3175077241564,0.00589388288681794,0.0327202387034003,-2.13017442579721,21.36,40.15,31.92,36.64,24.36,15.25,9.69,17.59,7.33,7.19
"984","TRINITY_DN1808_c0_g1",1.04992614164384,4.74234707963847,5.47977268253428,0.00012534399492601,0.00246792029188246,0.921910407323558,458.39,355.85,556.39,444.01,618.08,1366.17,898.43,735.42,1480.17,692.74
"985","TRINITY_DN18093_c0_g1",-2.56628020212775,0.342898599510052,-7.62539740699209,5.0327689818375e-06,0.000358939387770451,4.29688631703914,92.56,97.29,90.95,43.77,98.38,15.57,4,14,22,8.96
"986","TRINITY_DN18103_c0_g1",-1.76545727684734,-1.87381233514915,-3.39582316527825,0.0050872023775167,0.0296151551701262,-1.96480093336633,14,9.4,19.7,14.56,12.24,2.3,1.15,8.44,1.14,3.47
"987","TRINITY_DN18130_c2_g1",-2.90260748635008,-1.59220784287255,-3.65925298374103,0.00310780489602206,0.0213054727009609,-1.58606172846749,35.89,14.34,18.11,16,50.17,2.09,0,7.2,1,12.18
"988","TRINITY_DN18131_c0_g1",-1.43619911088184,-0.996115040243446,-3.64605871390479,0.00318514108742967,0.0216582811916696,-1.5284405598798,26.81,20.7,22.27,13.28,31.98,2.08,5.22,6.29,12.41,10.39
"989","TRINITY_DN18135_c0_g1",2.16231874511483,0.536529215058905,3.04541771350236,0.00984036753753004,0.0464863991985459,-2.73504827692605,8.27,20.64,14.55,31,35.14,109.45,13,220.7,107.4,64.28
"990","TRINITY_DN18138_c0_g1",1.17679845344111,-0.288422208204062,3.75598575331466,0.002596347710956,0.0188544388105301,-1.39359894242948,25.26,15.44,6.91,17.08,15.46,34.43,19.51,30.5,33.55,31.85
"991","TRINITY_DN18138_c1_g1",3.10195476697637,-1.33009474711856,3.7475943299713,0.00263708832809407,0.0190586785184798,-1.44041616161341,10.03,0,19.64,0,12.26,36.06,29.83,22.73,24.78,38.02
"992","TRINITY_DN18150_c0_g1",1.66485217366074,1.14016136600585,4.89365541445569,0.00033668336523431,0.00469895739278445,0.433221124879847,36,27,43,25,39,138,80,51,211,77
"993","TRINITY_DN18156_c0_g1",1.38322803254343,-0.93410870657237,3.67522918050606,0.00301672239298694,0.0208582029473206,-1.48265859164905,9,8,15,11,6,19,15.47,31,28.47,11
"994","TRINITY_DN1818_c3_g1",1.87918081212175,1.94404648604086,4.69388790588973,0.000476555334963419,0.00597077484642658,-0.00227234702601553,54.65,56.89,29.32,172.19,29.8,275.31,174.14,133.47,206.59,170.92
"995","TRINITY_DN18187_c0_g1",-1.08597887648048,-1.19440036409711,-3.45221666789966,0.00457636188838916,0.0275896180003715,-1.84418019468792,21,15,22,15,15,6,3,10,7,7
"996","TRINITY_DN18193_c0_g1",1.10907525943894,0.150495575191276,3.375609682575,0.00528405674812626,0.0303416356904329,-2.11609551261029,28,20,9,29,24,49,42,40,33,38
"997","TRINITY_DN18196_c0_g1",-1.39622863638228,-0.526334849935018,-2.99068379329846,0.010909771132159,0.0498240547359097,-2.67476621301905,51.63,14.7,22.02,37.3,40.85,5,3.28,17.03,15.02,13.53
"998","TRINITY_DN1822_c5_g1",1.15699322535581,0.091716971603312,3.82920338624045,0.00226709954038984,0.0172608441757204,-1.30694730703445,15.19,25.74,27.25,16,16.66,46.28,18.41,58.99,47.92,34.05
"999","TRINITY_DN18236_c0_g1",-1.74990285715217,2.77558613189445,-6.38730189804674,2.98346344778984e-05,0.00104301965822347,2.67331183681994,546.18,284.32,294.41,198.76,391.42,101.71,54.23,79.47,176.47,92.53
"1000","TRINITY_DN18238_c1_g5",-1.73551476539353,-1.49985092975338,-3.2942456106494,0.00615753882477117,0.0336666352542477,-2.09575544350601,15.49,21.78,19.14,11.8,17.3,3.54,9.71,2.95,1.12,9.22
"1001","TRINITY_DN18261_c1_g1",-1.3552635852319,1.10962214653998,-4.14721290965323,0.00126524339308906,0.0116213045730354,-0.861454373547018,137,81,98,43,122,33,14,45,57,29
"1002","TRINITY_DN1827_c3_g1",1.03356630846651,1.56246360009376,4.53676518260757,0.000628602338731043,0.00726587349704584,-0.242690167026837,55.48,52.68,58.01,71,40,132.9,133.95,94.39,101.45,85.4
"1003","TRINITY_DN18271_c0_g1",1.18680575136292,0.0856377340417173,5.18056622630385,0.0002063422391174,0.00340387222815376,0.957380313566487,22.81,20.47,15.86,22.71,15.9,39.67,27.11,37.52,49.42,44.03
"1004","TRINITY_DN18272_c0_g1",1.64162217643677,-0.140100455920413,5.34009219015059,0.000157939772207752,0.00284765694895951,1.19672285666827,11,13,23,21,9,42,40,38,44,32
"1005","TRINITY_DN18293_c0_g1",2.10012222579666,0.0897641416183268,8.04181416813535,2.88698370312294e-06,0.000262158103008721,4.75095883116098,16.98,11.98,12.03,14,16.03,56.93,31.01,70.77,65.9,57.97
"1006","TRINITY_DN18304_c0_g1",-2.98305663093032,0.531373284458523,-6.4972287647904,2.52677573443694e-05,0.000940756913285173,2.88591497302739,151,110,146,39,128,11,8,11,18,12
"1007","TRINITY_DN18305_c0_g1",-1.55264329936651,-1.11089330798546,-3.24400423800932,0.00676829821777581,0.0358956646538712,-2.1844887851551,26.03,14.55,28.28,13.57,30.68,1.05,5.27,5.28,15.87,7.22
"1008","TRINITY_DN18346_c0_g3",1.75657703111956,2.18599564293314,7.74523380456286,4.27993034152192e-06,0.000326749413960019,4.65303445800982,65.17,75.09,77.22,73.07,41.83,257.46,199.27,238.41,177.25,212.41
"1009","TRINITY_DN18346_c0_g5",2.3123622474792,0.955784107058306,6.72605089561609,1.79737434371312e-05,0.000754246659571801,3.26324948848562,21,27,20,34,19,134,102,67,106,167
"1010","TRINITY_DN18346_c0_g6",2.1032570611399,1.64472095169363,8.3685416610012,1.89292697741372e-06,0.000206043861582983,5.4284609675048,33.96,61.48,36.14,41.28,34.07,173.31,148.82,112.24,221.27,192.96
"1011","TRINITY_DN18351_c0_g1",-2.14376964890665,-0.546697193948766,-6.91902935796604,1.35589946550169e-05,0.000648088744522106,3.17085528540522,49,28,43,28,49,5,7,7,12.15,5
"1012","TRINITY_DN18353_c0_g1",-1.78109037696127,-0.61267175750477,-4.10622021815347,0.00136325658086088,0.0122521057013985,-0.77554363617324,49.06,29.6,25.44,20.43,50.09,4.13,5.03,8.25,26.4,3.2
"1013","TRINITY_DN18358_c0_g3",-1.24122117022737,-0.450593320390425,-3.48697428147915,0.00428773796466187,0.0264125294393041,-1.8355913383688,33.64,22.95,28,32.57,37.45,20.24,12.54,4.04,19.01,5.57
"1014","TRINITY_DN18380_c0_g1",-2.40805834517676,-1.94696382603682,-3.51429272413956,0.00407390919633138,0.0255050351833114,-1.82001471404264,23,18,13,16,13,3,1,0,2,16
"1015","TRINITY_DN18381_c0_g1",-1.42438765999881,1.76451055697209,-7.84796441226285,3.72994038271656e-06,0.000305701221225911,4.79007305374796,165.03,148.01,125.01,103.95,188.41,49,40,57.01,61.01,52.15
"1016","TRINITY_DN1839_c1_g1",1.10537562393436,4.05453321122409,10.2676778014503,2.02317156567189e-07,6.72407813756272e-05,7.60491940186985,295.97,255,299.6,342.68,271.15,686.48,535.25,658.17,781,500.32
"1017","TRINITY_DN1839_c1_g2",1.96285279891011,0.114140409742413,4.56613077917766,0.000596754921695373,0.00700764027095054,-0.0347864255102284,16.23,17.28,10.78,38.93,7.63,58.08,26.57,78.52,51.69,59.85
"1018","TRINITY_DN18403_c1_g1",-1.03868705617374,1.95345791863012,-5.95248710106533,5.85029707247706e-05,0.00155466343259168,2.07225859536164,182.78,134.88,168.49,112.95,125.32,52.04,72.62,71.92,92.53,56.79
"1019","TRINITY_DN18421_c0_g1",-1.80982490253284,-0.936478067033657,-4.30859074450757,0.000944905155982934,0.00952605798609044,-0.469547886526475,26.14,14.97,30.45,28.92,41.14,7.79,2.22,4.98,14.02,3.54
"1020","TRINITY_DN18426_c0_g1",-1.24207580770675,-0.562527964974916,-3.94666828814239,0.00182563375998786,0.0149177708304663,-1.0443236710944,42.61,25,21.37,26,29,17.41,4,8,11.41,12
"1021","TRINITY_DN1843_c0_g1",1.00772611123052,3.47421031826204,5.54485816540049,0.000112650250329881,0.00230504518167103,1.20472863734922,231,146,201,304,163,505,370,409,455,316
"1022","TRINITY_DN18440_c0_g1",1.87833819034833,1.41921776844151,3.8618197434129,0.00213451737285396,0.016568044832488,-1.40746585028305,11.69,61.96,59.28,22.98,75.81,170.56,112.41,66.04,241.59,118.13
"1023","TRINITY_DN18441_c0_g1",-1.14283394565081,0.328122064635241,-4.03016725150903,0.00156638122150624,0.0134798555214484,-0.978240718332497,38.96,48.62,43.22,47.57,75.35,28.77,12.76,12.86,25.96,24.8
"1024","TRINITY_DN18445_c0_g1",-1.20286864750219,-1.33039445685601,-3.75396219011021,0.00260611286741988,0.0188923287450172,-1.35777582488805,14.99,14.67,19.39,16,18.45,5.1,2.09,5.33,7.5,7.22
"1025","TRINITY_DN18465_c0_g1",1.06096341683769,1.99946696391523,5.49237952312826,0.000122772586736338,0.00243847879146082,1.32624104014457,64.23,73.52,67.08,79.56,78.23,144.29,137.62,114.38,161.34,194.9
"1026","TRINITY_DN18477_c3_g1",1.2135738263228,-1.20485562487122,3.1677955505983,0.00781319666779829,0.0396408806716617,-2.31052545531038,10,5,12,7,8,13,9,12,23,25
"1027","TRINITY_DN18496_c0_g1",-3.00268093340358,-0.590145291016956,-7.57246226439676,5.40916714358877e-06,0.00037505314271117,3.65379579872028,71,47.22,53.62,28.06,58,5.02,5.02,3.03,9.95,2.02
"1028","TRINITY_DN18532_c1_g1",5.16482934877754,-1.7286843346024,7.15253406285872,9.70333352725356e-06,0.00052925633078137,2.44158970158628,9.31,4.59,0,0,0,43.84,54.16,38.24,69.59,26.24
"1029","TRINITY_DN1854_c0_g2",3.53239915903378,-1.92797195858617,3.40888680813445,0.00496394432856028,0.0291172510426774,-1.96832375173624,0.68,16.18,8.68,0.99,0,37.8,33.36,16.46,36.96,4.84
"1030","TRINITY_DN18546_c0_g1",-4.91278127594344,-1.56725617548189,-5.55653430519172,0.000110519924074542,0.00227708178664603,0.873398133871293,96.55,38.24,31.21,24.14,91.51,2.01,0,1,4.02,0
"1031","TRINITY_DN18550_c0_g1",-1.76602755523944,-1.24742178541764,-4.05074343377613,0.00150852473062632,0.0131132490664192,-0.897860756033562,24.09,21.89,13.23,18.36,30.06,12.88,1.91,5.03,3.11,4.16
"1032","TRINITY_DN18555_c2_g1",-1.19603445189297,-0.290348688032097,-4.55192681979989,0.000611944371203163,0.00713620180996287,-0.049768437622121,46,37,35,22,29,14,10,9,15,15
"1033","TRINITY_DN18563_c5_g1",-1.89071215173682,0.139015670057324,-5.73543288165525,8.2687193101947e-05,0.00191976182000066,1.80190790139166,75.74,49.65,51.85,36.13,74.04,24.92,9.58,5.28,18.9,14.85
"1034","TRINITY_DN18582_c0_g1",-2.59457775281009,1.21886443196026,-8.04272012008022,2.88355872353727e-06,0.000262158103008721,4.98130344027085,228,147,119,82,200,24,22,21,24,22
"1035","TRINITY_DN18596_c1_g2",-1.00040856229721,-0.309441297319148,-3.25518743871533,0.00662726957488295,0.0353697966081404,-2.26370063527138,33.34,47.4,39.16,15.98,26.7,15.41,9.85,13.74,16.76,10.68
"1036","TRINITY_DN1861_c2_g1",-1.58573202869814,2.64574214562563,-9.34769064191409,5.72111229011982e-07,0.000119336657321901,6.61876056857276,356.18,297.65,245.75,254.05,258.85,114.45,56.92,88.64,134.08,77.83
"1037","TRINITY_DN18621_c0_g1",-4.11223045505137,-2.53067263604401,-5.56836795326394,0.000108404078086935,0.00224791659548225,0.813119940795593,18,15,30,11,31,0,0,0,12,0
"1038","TRINITY_DN18630_c0_g1",-2.59033702923758,1.27683840713818,-7.39708451547507,6.88599926303623e-06,0.000430296751320912,4.17622799428594,217.12,187.01,143.12,100.19,151.24,26.87,12,12,68.9,23.09
"1039","TRINITY_DN18630_c1_g1",-1.41135491696474,1.02145901672677,-5.71917344471317,8.48808189061902e-05,0.00194644133621449,1.78056465550164,134.4,66.61,91.95,69.77,83.49,30.54,16.36,25.51,54.97,31.67
"1040","TRINITY_DN18678_c0_g1",-1.63882171891869,-1.08876949663616,-3.90454661615188,0.00197277969114846,0.015728288172529,-1.11185871233069,20.54,22.65,19.42,17.31,34.34,2.21,2.13,12.58,6.39,9.6
"1041","TRINITY_DN18685_c0_g1",-1.42942513384151,-0.252216731310349,-5.07880812104157,0.000245156301398699,0.00381691976690485,0.790238065673246,36.19,33.46,47.05,32.52,36.45,7.28,13.29,9.88,23.92,8.52
"1042","TRINITY_DN18695_c2_g1",-1.5388924238316,1.04966393865781,-5.60184089693097,0.000102646857147036,0.00218592642859939,1.59606400175132,111,88,112,48,117,20,21,33,40,39
"1043","TRINITY_DN18695_c4_g1",-1.03468524794197,0.744502624002523,-3.97614754710993,0.00172940369716201,0.0144149745050356,-1.1241606453277,76.6,70.02,79.72,31.04,68.69,25.97,24.84,33.95,27.01,31.39
"1044","TRINITY_DN18698_c0_g1",3.64477097468775,-1.9996311322395,4.74222826614078,0.000437915938857276,0.00561308685702621,-0.145127333811481,5,0,0,2,11,11,26,32,29,15
"1045","TRINITY_DN1870_c3_g1",-1.65135783222168,4.28897941263582,-7.69606616951141,4.57318325856909e-06,0.000336760568669785,4.41297722174822,896.01,603,1238.77,844.58,1043.66,323.44,157,243.66,521,273
"1046","TRINITY_DN18700_c0_g1",-1.72724092859806,-0.489227856220261,-3.89054192747222,0.00202435837756966,0.0160032015776291,-1.1363398965638,22.01,30.89,35.79,24.9,74.01,9,12.7,11,6,7
"1047","TRINITY_DN18704_c0_g2",-1.06484087428071,0.195409913091522,-4.53580107621186,0.000629677412169666,0.00727661289496856,-0.0992256762249148,56.51,51.58,43.85,30.27,42.42,16.38,11.51,19.49,33.24,16.31
"1048","TRINITY_DN1871_c0_g1",1.79203085232041,-0.271676956175773,3.10227214576362,0.00884025426200963,0.0431944717949589,-2.50961277081126,9.29,6.12,7.83,20.52,32.36,23.06,73.54,47.32,61.2,14.27
"1049","TRINITY_DN1871_c1_g1",1.88611637040212,-1.1750721660039,3.05137766780305,0.00973042966281549,0.0461683744151842,-2.49130412490216,6,4,10.02,4,12.84,30,30,15.79,40.91,5
"1050","TRINITY_DN18718_c0_g1",2.20894419438221,2.2915693848054,5.13314364922471,0.000223560908894974,0.00358198935888893,0.716046645446065,43,113,47,111,34,426,269,310,332,111
"1051","TRINITY_DN18753_c0_g1",-2.9252252642049,-1.93629509924837,-3.51879377268556,0.00403973235598426,0.0253691156993319,-1.81384733778231,27,24,32,5,25,2,1,1,12,0
"1052","TRINITY_DN18774_c2_g1",2.51895357608867,-1.06153794409415,4.81586635090454,0.0003852175287788,0.00512474515677589,0.229144928656534,8,10.18,2.17,3,8.47,46.56,25.09,13.75,45.52,20.8
"1053","TRINITY_DN18775_c0_g1",-1.18656168269661,0.28774970399713,-3.65284413582966,0.00314512712196898,0.0214609940338789,-1.63830667704716,54.94,38.05,77.41,24.28,66.36,16.39,18.19,12.22,35.46,18.78
"1054","TRINITY_DN18793_c1_g2",1.66537742546284,-0.293075731200965,3.46385738360202,0.00447756568464458,0.0272153233451093,-1.88472604571944,17.36,19.49,2.94,13.82,21.25,19.9,39.88,39.76,42.99,40.72
"1055","TRINITY_DN18795_c2_g1",2.88709072487656,1.27457385786766,3.39154635176126,0.00512822469491659,0.0297723170920953,-2.19854672218977,81.04,28.02,17.01,13.01,15,761.24,51.02,74.02,223.09,187.13
"1056","TRINITY_DN18797_c5_g2",-1.51880503169322,1.12807213976904,-4.97666436971457,0.000291878328212751,0.0042773792514953,0.573795756994238,127.18,107.87,98.81,50.19,120.51,41.11,12.09,35.81,56.71,25.9
"1057","TRINITY_DN18817_c0_g1",1.27578371621874,-0.968175134992345,3.21649309369408,0.00712822967962641,0.0372069557343122,-2.2456892042189,17,4,10,8,11,25,22,19,14,17
"1058","TRINITY_DN18827_c0_g2",-1.30758458879169,-0.936482071664148,-3.65582395163483,0.00312771745725663,0.021385147304144,-1.51397851959633,32,21,24,16,23,6,2,7,20,7
"1059","TRINITY_DN18840_c1_g1",-1.72733771821144,0.281262991112977,-5.32565777174148,0.000161783045724486,0.0028883495710282,1.18519736851783,103.31,54.63,54.38,37.77,52.3,26.34,13.3,13.64,11.26,17.39
"1060","TRINITY_DN18842_c2_g4",-2.61295496321449,-0.986330511479623,-5.8614682429275,6.75832571475899e-05,0.00169734414034196,1.62086012600101,35.52,30.2,35.41,19.21,50.41,4.12,1.37,9.54,2.75,5.49
"1061","TRINITY_DN18850_c0_g1",-1.58855324284562,-1.10429458018598,-3.60166922615837,0.00346003836302504,0.0228922750513454,-1.59965259623212,35.83,23.32,11.19,19,25.13,6,10.01,3,7.11,4
"1062","TRINITY_DN18863_c1_g1",-1.23780480714659,0.153700527800225,-3.96751322002972,0.00175703621407141,0.0145746300133281,-1.06743312440099,38,41,71,43,42,22,5,18,26,21
"1063","TRINITY_DN18867_c0_g1",1.07611413721454,2.76367372931417,6.54499954999321,2.35197200519766e-05,0.000901251809186157,2.89826861111807,121,118,96,126,152,278,164,276,357,226
"1064","TRINITY_DN18871_c0_g1",-2.41251548678206,-0.175461663645961,-3.01781639336205,0.0103658951713204,0.0481119981357263,-2.64165663926289,66.96,75.23,54.95,50.2,25.29,21.62,4.91,32.61,0.9,20.09
"1065","TRINITY_DN18871_c2_g4",1.75914267782593,0.516859945388374,6.71197094194921,1.83507265265737e-05,0.00076516242428776,3.22397888152618,14.87,23.87,27.85,25.46,17.35,67.7,45.57,87.07,68.06,65.24
"1066","TRINITY_DN18906_c1_g1",-2.32201521466066,0.613955043200578,-3.5217097396031,0.00401774686942542,0.0252867989750619,-1.88183423539318,324,67,50,39,124,27,8,9,28,17
"1067","TRINITY_DN1891_c0_g1",2.41929429094689,7.34624047840294,13.7857892877963,6.92082257245264e-09,8.7822868054564e-06,10.9165271855944,1496.76,1939,2150.85,2359.82,1391.93,7630.51,10677.48,12020.47,10195.61,8990.62
"1068","TRINITY_DN18911_c0_g1",1.0331060370971,-0.7009787648443,3.37847358151884,0.00525570389174437,0.0302520039389368,-2.00379894523842,13,11,17,13,8,17,20,21,34,15
"1069","TRINITY_DN18913_c0_g1",1.08223355313028,-0.146001459700997,3.13157579910764,0.00836518217240172,0.0415326587830637,-2.5061997096273,9.01,23,26.98,16,17,23.02,27.01,29.11,59.98,27
"1070","TRINITY_DN18929_c0_g1",3.13360499357302,-1.44241250809617,4.22211441733592,0.00110451270890289,0.0106258726508946,-0.781980411275245,18,2,1,2,5,19,23,62,21,23
"1071","TRINITY_DN18931_c0_g1",-1.27394777345258,-0.185903147698641,-5.42977670069118,0.000136112886360288,0.00259389744790499,1.33384209579241,41,34,46,25,39,10,10,15,18,13
"1072","TRINITY_DN18946_c0_g1",1.01858454149065,-1.04225866250179,3.35627337826747,0.00547958008148665,0.0311025282707906,-2.01186092807945,9.41,14.56,9.49,6.29,9.44,15.71,17.7,12.53,22.17,13.52
"1073","TRINITY_DN18954_c0_g1",-1.88021867913312,0.627252971816209,-8.00815260508136,3.01736920922822e-06,0.000268137089461059,4.87659601480662,101.25,74.45,82.84,51.5,79.96,14.81,24,16.61,20.51,21.12
"1074","TRINITY_DN18955_c0_g1",-1.63651777506838,2.47578659563202,-6.5441269842275,2.35504735502675e-05,0.000901263004116699,2.9407966766856,326.04,231.66,266.98,188.21,277.27,86.28,77,56,187,42
"1075","TRINITY_DN18960_c0_g3",1.79533622126499,-1.00730297440297,3.77841754661646,0.00249057374205931,0.0183726801957506,-1.31260910936286,11,7,10.81,3,10,34,7,26,41.5,17
"1076","TRINITY_DN18960_c1_g2",-1.02135885498345,0.341126258145979,-3.45854822232473,0.00452235395945888,0.0273907073187831,-1.9939002553716,35.37,74.51,37,51,50.6,20.78,15.84,25.94,20,23.43
"1077","TRINITY_DN18981_c2_g1",-3.07729986422287,-1.57820532307497,-4.1562950291101,0.00124453037638223,0.0114865330699313,-0.892239906763768,34.32,27.98,19.94,43.89,15,4,4,5,1.99,0
"1078","TRINITY_DN18983_c0_g1",-1.81542499000384,-1.59419377191782,-3.77363620346283,0.00251274339960197,0.018474197857828,-1.36202621896853,17.96,17.37,12.4,14.23,20.57,4.18,7.11,3.12,1.02,4.15
"1079","TRINITY_DN18987_c0_g1",-1.61576019593243,-1.68494166027874,-3.61898934210524,0.00335000875617295,0.0224203409196936,-1.60391969081349,14.31,10.29,17.01,18.08,15.28,1.01,3.06,6.85,4.18,3.07
"1080","TRINITY_DN19_c1_g1",1.41515626703015,-1.18787902143169,3.4934756852625,0.00423583758648063,0.0261836979594569,-1.77560008139069,14,4,5,9,9.47,19,9,28,18,14
"1081","TRINITY_DN19_c2_g1",-1.05723221340066,-0.829291874842071,-3.44770130946786,0.00461527698453487,0.027747877895564,-1.87100026962836,24,25,27,18,19,13,6,7,16,4
"1082","TRINITY_DN190_c3_g1",-1.15942861326061,4.73771360768909,-3.82408058885037,0.0022886780468972,0.0173637903929335,-2.05188489539687,1013.84,929.71,1069.05,826.59,1439.74,457.27,336.55,201.78,1085.51,584.27
"1083","TRINITY_DN1900_c3_g1",1.00039656344629,-0.604242044460628,3.02170889254818,0.0102901194050487,0.047929862907586,-2.62765169992047,16,13,13,11,11,31,17,19,16.01,33
"1084","TRINITY_DN19009_c0_g4",1.13964390567831,-0.801375594949366,3.17104792119115,0.00776545595912634,0.0394508586497835,-2.34255414760466,18.59,9.01,10.82,6.51,11.18,21.2,29.37,25.63,20.04,10.48
"1085","TRINITY_DN19025_c2_g1",-1.09779354410655,0.208975628515914,-4.10167479309718,0.00137459700731364,0.0123118549417188,-0.842581809622664,58,56,30,38,47,19,23,20,18,14
"1086","TRINITY_DN19029_c1_g1",-2.42022620326983,-0.767562602539631,-3.09775477435376,0.00891585643737498,0.0434107032886468,-2.43464959630415,27.91,52.16,36.3,19.51,42.05,5.1,12.8,20.92,0,10.94
"1087","TRINITY_DN19036_c1_g1",-1.51641680104571,-0.0918398745904957,-5.51226313743915,0.000118829110707147,0.00238882139287323,1.46071462423034,44,31,49,35,53,17,19,11,12,8
"1088","TRINITY_DN1904_c1_g1",1.54287202581651,-0.648291799363323,3.30484187155893,0.00603599444058911,0.0332499923587501,-2.12324803143118,8,12,3.99,25.16,14,22,11.96,30,48,26
"1089","TRINITY_DN1904_c1_g2",1.6946342506748,1.80110864809905,6.93177642831738,1.33111711413984e-05,0.00064112250877826,3.55285492681195,62,43,32,78,55,216,138,148,212,109
"1090","TRINITY_DN19047_c0_g3",1.69775434204558,-1.3527856709056,4.10699512856446,0.00136133290043459,0.0122458551218632,-0.818996984911855,8.46,5.5,6.82,8.23,3.86,24.89,11.51,17.26,13.05,17.96
"1091","TRINITY_DN1906_c1_g5",1.19601058787516,2.99667127324071,5.72837345372117,8.36321769033676e-05,0.00193119707592405,1.58278319318135,107.86,138.37,181.95,135.73,127.1,215.25,291.07,444.03,365.31,291.93
"1092","TRINITY_DN1906_c7_g2",-1.09480795645457,0.423922574626609,-3.94347751007636,0.0018363746508726,0.0149785316541151,-1.14175413532154,96.05,46,43,42.05,45,20,16.02,17,34,25
"1093","TRINITY_DN19069_c0_g1",3.9763996505515,-1.18983497175491,7.06559343885926,1.09816378243263e-05,0.000568085859460295,2.38485536256307,4,3,1,1,16,54.11,27,47.04,47,43
"1094","TRINITY_DN19071_c0_g4",-1.55249954786268,-1.28946888509396,-3.80973081031803,0.00235025076239724,0.0176562765608484,-1.27145864110936,18.39,18.51,23.63,10.05,27.86,4.39,2,5,5,11
"1095","TRINITY_DN19109_c1_g1",-1.28616114122839,0.288072873844695,-3.64933694425535,0.00316574474803804,0.0215603651535438,-1.64230963771441,79,57,28,36,69,12,22,15,32,16
"1096","TRINITY_DN19164_c1_g1",-1.22884655051601,0.625205006126817,-4.47003232246463,0.000707720857461798,0.00784916749878599,-0.243665434923114,78.98,77,51,42,69,36,17,13,37,25.99
"1097","TRINITY_DN19171_c0_g1",1.00577412569015,2.25490230685199,3.87540596945166,0.002081662667659,0.0163274274655136,-1.5481849659744,112,46,73,133,106,214,119,184,259,123
"1098","TRINITY_DN19173_c0_g1",2.38318286264846,0.247126558443987,4.20942366302665,0.00113018340454032,0.0107874848298963,-0.635340418373393,10,18,5,49,14,91,127,38,58,52
"1099","TRINITY_DN19178_c0_g1",-1.57573290905617,1.08997774825896,-8.01906633405993,2.97442071437177e-06,0.000266373329986017,4.96421663922809,113.26,90.75,82.32,102.52,90.68,28.69,25.42,21.43,43.64,32.56
"1100","TRINITY_DN19200_c1_g1",1.21897766794768,1.54767930857734,5.17146779937179,0.000209534645073444,0.00343376403235323,0.850477873306251,69,51,30,45,67,124,131,115,104,101
"1101","TRINITY_DN19208_c0_g1",-1.32293666951855,-0.976886596278676,-3.24742482348986,0.00672484412654205,0.0357582858588227,-2.19204128231072,39,24,16,17,18,7,5,16,5,5
"1102","TRINITY_DN19211_c6_g1",1.10716438170173,-1.119418464215,3.71224592857561,0.0028160149548769,0.0198904496380672,-1.41974233382668,7.27,7.42,11.38,9.98,9.28,14.58,12,15.23,19.48,17.28
"1103","TRINITY_DN19211_c7_g1",-1.81894265997263,-0.135112020845898,-5.43154974099323,0.000135714795373372,0.00258951488251147,1.32946193613365,43.74,39.01,51,25,81,10,8,11.65,13,13
"1104","TRINITY_DN19226_c0_g1",1.14115289251412,3.59821149742393,9.82314722242385,3.31131440693771e-07,8.82039542662249e-05,7.13320827331551,231.98,218.17,214.76,190.39,192.3,510.68,444.18,519.46,450.9,405.32
"1105","TRINITY_DN19242_c0_g1",-1.13715871512487,1.35726983806178,-3.1892249844933,0.00750398249079892,0.038558651733024,-2.64034442419895,107,86,153,50,137,39,17,37,112,45
"1106","TRINITY_DN19249_c0_g1",1.65493017841629,0.919813170413959,5.72564145285364,8.40009352493075e-05,0.00193606039065359,1.79564656229442,46.56,16.01,34.01,22,33.01,148.34,57.02,73.01,88.28,79.71
"1107","TRINITY_DN1925_c7_g1",-2.72774009905678,0.0429117293098653,-10.6175348506601,1.38935285225308e-07,5.45381163333644e-05,6.92232900774496,78.15,60.64,80.58,52.49,76.63,9.11,4.6,13.46,8.97,9.81
"1108","TRINITY_DN19250_c0_g1",1.15610030502694,0.321775526728114,4.03172811034258,0.00156191329574828,0.0134599936962729,-0.97589743792839,26,15,35,13,32,40,31,53,52,63
"1109","TRINITY_DN19264_c1_g1",-1.34328037054698,-0.49963562672905,-3.06129072174901,0.00955028352594295,0.0455651530882222,-2.55834880714744,38.44,34.46,23.97,32.91,26.22,8,12.84,3,34.59,7.02
"1110","TRINITY_DN19284_c0_g1",2.09992731580375,-0.560532387671687,4.53069767518187,0.000635400135315369,0.00732068475754035,-0.0949543113893103,11.44,5.93,18.53,6,9.17,48.53,11.04,47.06,52.55,30.97
"1111","TRINITY_DN19290_c0_g1",-1.80773765421291,-1.77950399663303,-5.06244807308903,0.000252078309391926,0.00389307929309656,0.373101443205848,17,15,15,12,16,4,1,3,4,3
"1112","TRINITY_DN19292_c0_g1",-1.2986676136759,-0.862034574075893,-3.9328960763524,0.00187246142792966,0.015180975697931,-1.05917850387116,42,15.03,22,18,26,7,6,8,10,7
"1113","TRINITY_DN19298_c0_g1",1.26524612485533,1.71097472458135,7.52352399328705,5.78389055899737e-06,0.000387039323540532,4.3655630002807,70,54,55,46,55,185,109,123,148,99
"1114","TRINITY_DN19309_c0_g1",-1.54021452626417,-0.981837866054357,-3.89698805410886,0.0020004476933203,0.0158676720533169,-1.11961177227612,28.01,27,28.17,11.03,29,6,2,4.77,14,9
"1115","TRINITY_DN1931_c0_g1",1.38147426401284,3.46266534570562,10.734926290508,1.22751423641858e-07,5.18603959560809e-05,8.12864176607264,149,183,171,200,183,522,365,508,482,429
"1116","TRINITY_DN19316_c0_g1",1.95870531065622,-1.69943717897777,3.55914375150619,0.00374607621361051,0.0241470309642003,-1.70601377015007,12,1,4,5,7,21,8,16,15,13
"1117","TRINITY_DN19317_c0_g1",2.43130786893159,-1.3707732326609,6.17108789686144,4.15652115659264e-05,0.00126119932574323,1.81694372671729,7,10,3,2,5,22,15,23,25,22
"1118","TRINITY_DN19321_c0_g1",-1.48886413177102,-1.63421157817876,-3.61314656936988,0.00338672181940349,0.0225840346258323,-1.60601379194441,12,12,18,15,20,4,1,6,8,2
"1119","TRINITY_DN19343_c0_g1",-1.31263170421185,1.41695860564038,-5.28211881494757,0.000173982042805992,0.00303058238295147,1.04993296300271,137.05,87.54,140.13,63.69,137.06,55.88,29.44,53.07,36.65,40.6
"1120","TRINITY_DN19348_c1_g1",-1.88143144122494,-1.30817077245738,-4.23675739482847,0.00107564079600154,0.0104424160364768,-0.631186891289271,34.2,21.53,20.99,10.69,26.5,3.16,1.07,5.42,11.74,2.21
"1121","TRINITY_DN19383_c0_g1",1.12390513774431,1.0196758931853,5.87124846238826,6.65398621258793e-05,0.00168130347012745,2.01369831820556,38.06,35,36,35,38.18,91,74.35,87,66,62
"1122","TRINITY_DN19400_c0_g1",-1.06272048716254,-0.291932224666052,-3.02830545133568,0.0101629630749078,0.047528536414013,-2.66005270140725,39.82,28.8,39.84,29.39,23.9,5.61,7.59,14.16,23.36,22.52
"1123","TRINITY_DN19438_c0_g1",-1.10273891881343,2.40856264396542,-5.96900044458328,5.69984787597755e-05,0.00153557253109093,2.04902145935511,281.45,188.52,185.15,143.54,226.04,84.49,65.83,95.35,151.45,78.23
"1124","TRINITY_DN19444_c0_g1",2.91387217262066,-1.40463348774286,4.41242786251454,0.000784324826026891,0.00838356465521411,-0.474624127271832,11.14,3,0,5,10,31,11,26,33,28
"1125","TRINITY_DN19449_c0_g1",-1.28752295454968,0.964837232122127,-6.82244894854443,1.56036150088172e-05,0.000697031379063228,3.40393825773972,85,86.22,88.99,65,77,28,23,44,40.01,21
"1126","TRINITY_DN1945_c3_g1",-1.07917173504544,1.5593824457363,-5.66569970617005,9.25381730074948e-05,0.00206582668151958,1.65594845281662,135.32,87.61,111.36,103.13,120.21,62.61,34.21,42.47,51.66,68.41
"1127","TRINITY_DN19455_c0_g1",-1.1614151582228,-0.190536897235738,-4.07468548374557,0.00144396705491361,0.012740900812143,-0.853188838279537,50,24.02,39,38,28.02,18,15,10,14,12
"1128","TRINITY_DN19457_c0_g1",-2.230308101108,-0.630427470570226,-3.67992258790644,0.00299048603843515,0.0207552137650157,-1.47414589268166,47,46.95,38.51,20.95,46.8,20.61,0,10.37,11.95,8.36
"1129","TRINITY_DN19531_c0_g1",-1.06898959411342,1.58617645806595,-4.49859450128982,0.000672661087035818,0.0075924115618081,-0.310731055134278,143,110,126,66,136,39,33,59,92,50
"1130","TRINITY_DN19533_c0_g1",1.19866675941404,0.919545430779285,5.06312450229883,0.000251788090269063,0.00388980218908696,0.730174453669706,40.33,27.3,39.62,21.56,40.48,76.36,94.68,70.5,61.11,65.8
"1131","TRINITY_DN1954_c2_g2",1.60777900252433,-1.45355643861315,3.28643188782977,0.00624874524200478,0.0339974567881332,-2.1074265659772,5,3,7,7,11,29,5,15,18,14
"1132","TRINITY_DN19579_c0_g1",2.43054617272347,-2.19497595612852,3.30328983474716,0.00605364460343895,0.0333099251312431,-2.13704146950591,7,4,0,10,1,15,13,11,8,13
"1133","TRINITY_DN1958_c7_g1",1.34779178919817,1.0747359401621,3.35743951376246,0.00546758376334064,0.0310672565704775,-2.28205510261373,51.23,16.26,68.31,12.3,67.94,84.97,81.63,59.22,100.9,116.09
"1134","TRINITY_DN19594_c0_g1",-1.46344322153534,-0.472302745618255,-3.94391325481981,0.00183490401214054,0.0149689853898286,-1.05007433850521,48,20,32,22,52,9,6,10,23,5.11
"1135","TRINITY_DN19625_c0_g1",1.67803510170294,-0.927585097803755,3.50029244294011,0.004182104724431,0.025980120476892,-1.7690685173708,14,4.01,11,8,7,40,33,11,24,17
"1136","TRINITY_DN19647_c0_g1",1.23796019206512,1.46710553547088,3.14444448884333,0.008164721800994,0.040875263702044,-2.74310886467759,66.17,39,69,27,52.08,134,33,137,224,99
"1137","TRINITY_DN19649_c3_g3",2.01433506280496,0.0977729185879963,4.09474997891963,0.00139206119937347,0.0124264805340939,-0.825844976730122,16.53,7.95,12.32,8.33,45.79,133.02,44.12,34.98,48.94,45.37
"1138","TRINITY_DN19667_c0_g1",1.78825334713334,-0.657629131980362,4.00727089220636,0.00163345555437841,0.0138824311318064,-0.937551499931756,14,11,14,6,6,57,29,29,31,12
"1139","TRINITY_DN1969_c0_g2",1.11430388519379,3.40892687493502,4.42879350714334,0.000761723769727284,0.00823914408596534,-0.733976004832647,174.47,200.32,149.68,282.35,149.45,320.69,537.03,396.63,348.21,453.35
"1140","TRINITY_DN19699_c0_g1",-1.00788037302876,0.101503091086037,-3.32479774918002,0.00581362493594955,0.0323792474507757,-2.19858407688045,40,39,36,38,53,32,5,17,26,19
"1141","TRINITY_DN19704_c0_g1",-3.54868593076737,-1.90430697235927,-6.18540482202308,4.0654436533829e-05,0.0012437864133123,1.48515032158247,37,16,25,18,33,1,2,1,5,0
"1142","TRINITY_DN19709_c0_g4",1.91945646212627,-1.57669423974287,4.48557894014892,0.000688408237840714,0.00769834362518464,-0.320832079055648,5.66,6.48,1.84,4.43,10.19,13.99,14.22,13.26,23.42,11.68
"1143","TRINITY_DN19713_c0_g1",-1.09721896259223,-0.752390570519172,-3.47631786491931,0.00437420822004633,0.0267600199280856,-1.82760448864423,31,25,26,16,24,10,3,9,21,7
"1144","TRINITY_DN19723_c1_g1",-1.8133441281834,0.802225126738267,-7.88966180418445,3.52866158796341e-06,0.000296152131556801,4.76567934972424,115.65,74.51,103.83,53.91,90.23,24.59,15.3,28.5,28.69,16.26
"1145","TRINITY_DN19723_c2_g1",-2.14205342450093,-1.86301637157797,-3.48986663507474,0.00426456917309687,0.0263185896244613,-1.84001962001627,27.58,12,10.37,14,19.64,4,6.19,4,2.53,0
"1146","TRINITY_DN19729_c0_g1",1.5971597468576,-1.61774966115388,3.14293113145997,0.0081880437529409,0.0409508973931945,-2.33474244118982,4,2,7,6,15,15,15,9,17,11
"1147","TRINITY_DN19743_c0_g1",-2.36235450637979,0.926847464674775,-9.22897675611936,6.58010038110618e-07,0.000125868942090359,6.2632072719674,165.96,100.87,106.14,80.4,123.73,20.54,15,19,39,12
"1148","TRINITY_DN19748_c0_g2",-1.93187238540682,-1.42747900950001,-4.27741211550518,0.000999503218248279,0.00989833808886203,-0.591308122077122,26.49,20.69,18.52,13.56,20.12,3,4,1,6.87,8.55
"1149","TRINITY_DN19752_c2_g6",-2.22859748704852,-0.0963537006386242,-6.18208088833539,4.08639914154711e-05,0.00124751534846018,2.38483458473766,82.33,60.48,34.38,52.74,48.22,12.07,10.62,5.7,15.4,6.3
"1150","TRINITY_DN19761_c2_g1",-1.06080003796805,1.69056848405556,-5.69213209697653,8.86659867147774e-05,0.00200651677964164,1.68594967721697,139.74,83.55,122.06,119.27,150.76,61.76,36.63,54.21,82.97,50.69
"1151","TRINITY_DN19778_c0_g1",-3.24118171788512,-1.33578335152649,-5.17071977678329,0.000209799400869486,0.00343598210628991,0.481531998067235,52.99,34,29.99,23.97,26.33,4,3.02,0,3.88,6
"1152","TRINITY_DN19782_c2_g1",-1.00760343227516,0.752654858954094,-4.39333461256297,0.00081157471134597,0.00859376254985782,-0.392103247509565,63,75,53,47,78,23,37,28,29,29
"1153","TRINITY_DN19790_c0_g1",1.69440249359285,-0.761970011899454,4.27942004281626,0.000995890560006787,0.00987232591635279,-0.497548104954241,6,7,17,14,8,29,32,18,34,18
"1154","TRINITY_DN19796_c0_g1",1.23697101591123,0.747226518599244,5.96788738220127,5.70985917127035e-05,0.00153577989908755,2.16786451837792,32,28,31,27,29,95,64,58,63,50
"1155","TRINITY_DN19810_c0_g1",-1.64069840514854,-0.222112946992252,-4.90198695913797,0.000331878081218749,0.00464881089716165,0.512320112872052,56.5,39.48,27.35,33.1,52.39,18.13,3.04,12.06,13.22,12.09
"1156","TRINITY_DN19831_c0_g1",-1.21570695390996,-1.06026796277566,-3.71331006465041,0.00281045128626343,0.019870832968504,-1.41808231303722,18.1,14.5,23.43,15.82,30.76,8.4,4.41,9.16,7.44,4.13
"1157","TRINITY_DN19833_c0_g2",-1.45609058332651,-0.93113606518986,-3.43031683174934,0.00476826256974509,0.0283091811229608,-1.88812472948265,39.2,16.25,29.64,15.44,21.45,3.85,15.15,3.74,9.71,7.66
"1158","TRINITY_DN19842_c0_g2",-1.470118534104,-0.732048550669801,-5.26285797262203,0.000179683261342206,0.00310064023111562,1.01289614254685,31.69,22.06,26.7,20.88,37,6.01,7,8.74,13,5.31
"1159","TRINITY_DN19843_c0_g1",-2.14306113482534,-0.680647069103133,-5.22656415125012,0.0001909656040916,0.00322302519942721,0.928487061400007,35,28,37,38,39,18,8,2,9,3
"1160","TRINITY_DN19844_c0_g1",-1.04936266795421,0.819317341399336,-3.46589867288587,0.00446046532040527,0.0271577403051006,-2.05055456975007,108,64,48,36,99,31,29,23,35,32
"1161","TRINITY_DN1986_c2_g1",-1.37935222018623,3.59197223193165,-5.24922904391321,0.000183835672180026,0.00314787120419345,0.69722285131228,730.13,438.35,518.69,248.52,754.29,195.49,141.21,181.71,305.72,169.46
"1162","TRINITY_DN19863_c2_g1",-2.81281851443668,1.2086843519019,-6.0085235620845,5.35611293713764e-05,0.00147523921687913,2.22767606913419,157.93,134.54,265.71,60.14,266.14,18.87,24.14,17.46,22.07,22.6
"1163","TRINITY_DN19869_c0_g1",-1.16988089223187,0.462389179474561,-3.68377842976098,0.00296910613483338,0.0206585970886041,-1.60581767741738,80.47,38.82,45.91,47.62,68.02,36.06,8.48,31.95,18.25,25.16
"1164","TRINITY_DN19890_c0_g1",-1.96533810945902,3.21540943342196,-5.20921175805796,0.000196620141066475,0.00329261131763084,0.708171602681867,456.3,447.84,392.32,519.86,598.45,105.52,60.79,45.85,368.95,202.25
"1165","TRINITY_DN19924_c0_g4",-3.08647957115036,1.16840703593359,-14.0174896006743,5.69464226398052e-09,8.04580988890886e-06,10.1068436971115,178.53,128.74,195.42,193.21,159.94,20.28,10.13,19.16,25,17.39
"1166","TRINITY_DN19924_c1_g1",1.23518066160346,2.76242463368333,6.16027892645807,4.22671122385118e-05,0.00126867294856632,2.3077847434272,122.4,126.89,92.16,137.27,100.63,382.56,215.57,311,286.36,180.79
"1167","TRINITY_DN19925_c1_g1",-1.26788694259575,-0.208924825534355,-3.33843558349804,0.00566643377707983,0.0318728109092588,-2.12384351400472,46.18,36.11,47.37,14.07,50.16,12.6,10.78,7.87,28.65,10.59
"1168","TRINITY_DN19943_c0_g1",1.71895318595556,-1.0720316595259,3.41883208956694,0.00487213993028858,0.0287342709031914,-1.89801167616211,8,10.45,7,4,9,38.5,35.76,11,20,12
"1169","TRINITY_DN1995_c4_g1",-2.62154593023427,1.03877309905989,-8.17783052924132,2.41823805225662e-06,0.0002354617609749,5.11534030231961,122.69,118.13,155.39,74.3,224.37,19.99,17.21,16.36,22.19,22.85
"1170","TRINITY_DN19959_c0_g1",-2.51221384330192,0.468184415183007,-4.3389697180094,0.000894674330423151,0.00919822631358741,-0.425800206125484,114,121,28,98,127,21,6,16,14,12
"1171","TRINITY_DN19965_c0_g1",1.13327267482848,0.274951651213332,3.69673632413961,0.00289839421685675,0.0203254532132451,-1.5613506863145,13,27,44,14,24,40,42,38,57,46
"1172","TRINITY_DN19986_c0_g1",-1.24806383498725,-0.104986604537273,-4.4318890608683,0.000757525369397654,0.0082026308081193,-0.254111094814884,40.52,29.43,51.51,26.52,48.64,15.21,15.18,8.13,24.34,10.15
"1173","TRINITY_DN1999_c1_g1",2.12623356434881,-1.8638559673464,3.54887632674186,0.0038186752433643,0.0244537465520155,-1.752113897712,4,1,13,2,8,22,8,11,16,13
"1174","TRINITY_DN200_c1_g4",1.63923251037122,-0.907303841360147,3.31508338425616,0.00592082027531021,0.0328259178364146,-2.07917425298032,4,7,17,13,9,35,21,33,17,13
"1175","TRINITY_DN20005_c0_g2",1.46604525486555,0.335823262609866,7.21041960027225,8.94063090581684e-06,0.000502499743571237,3.86609705792984,21.79,25,20,14.03,23.36,60.67,38,61.34,57,47
"1176","TRINITY_DN20007_c0_g1",-1.40627413958459,-0.0326493366825478,-4.46611591443075,0.000712674149868003,0.00789006093568056,-0.198849863615463,35,35,35,40,78,17,9,11,17,17
"1177","TRINITY_DN20008_c0_g1",2.27444379152851,-1.54683608589824,3.71106281482969,0.00282221389783837,0.0199081293980526,-1.46791517297717,1,5,3,15,9,15,20,16,19,17
"1178","TRINITY_DN20028_c0_g1",1.42426108861109,-1.03352871007458,3.05605440063278,0.00964502201105829,0.0459160888385493,-2.50544732587836,3.71,20.01,7.34,5.38,14.96,18.94,18.22,12.18,25.51,20.71
"1179","TRINITY_DN20053_c0_g2",2.06675614768624,-1.69976998996849,3.03347085016606,0.0100644896057686,0.0472275037948401,-2.50674948406129,0.73,11.69,11,5,3.06,17.66,13,7.98,18,19
"1180","TRINITY_DN20075_c0_g1",1.39615303007722,-0.935458601685232,3.63452078950079,0.0032543772427734,0.0219927434843409,-1.54957748633278,13,8,10,12,5,17,22,18,18,27
"1181","TRINITY_DN20082_c0_g1",-3.18315890468109,-0.0488518604888529,-3.9262363116762,0.00189554679128991,0.0153072029989562,-1.07304066516276,225,36,72,31,137,6,3,8,16,5
"1182","TRINITY_DN20087_c0_g1",-1.59145553455676,-0.754979819667278,-4.37373986963653,0.0008405630803064,0.0088145963909371,-0.346931205591676,41.21,18.15,19.15,26.24,41.29,6,5.01,9.06,10.06,6.05
"1183","TRINITY_DN2009_c1_g2",1.40744300755136,2.60782162057742,12.5838885994011,1.99850948780689e-08,1.63126333684499e-05,9.81761670463756,95.81,88.31,111.31,82.23,110.27,275.33,240.57,258.57,286.88,224.77
"1184","TRINITY_DN20093_c0_g1",-1.00372047372223,1.91628085999394,-4.68931412955922,0.000480390840192818,0.0060007327878057,-0.0253826621782816,176.24,175.31,126.76,99.4,126.84,60,44.26,57.72,97.36,87.64
"1185","TRINITY_DN20097_c0_g4",-1.56932908950701,1.18958739762305,-5.72229451088219,8.44550341117912e-05,0.00194203727655679,1.7782038517148,134,99.77,109.33,55,131.33,21,26.9,30.23,57,34.01
"1186","TRINITY_DN20123_c0_g1",1.40806803363039,4.35241102560143,13.3711695726204,9.8833950864049e-09,1.07112368530988e-05,10.6161926925534,375.62,303.39,333.97,279.13,325.08,1032.87,644.67,914.4,1026.62,720.02
"1187","TRINITY_DN20123_c0_g2",1.45488134934982,1.14836705500123,4.48303737381469,0.000691527644186528,0.00772283325394959,-0.27566332541624,43.73,17.79,32.15,36.87,64.37,136.13,47.33,125.53,118.37,69.23
"1188","TRINITY_DN20148_c0_g1",1.50126412092774,-0.145165583069388,5.21794624691622,0.000193752242772815,0.00325881597805436,1.01105647009879,15,18,8,14,22,43,35,43,34,32
"1189","TRINITY_DN20158_c0_g1",-2.89358631191701,-1.80492044104015,-3.22086927572746,0.00706971303069666,0.036999442703304,-2.24238181855459,45,8,28,11,37,2,9,1,4,0
"1190","TRINITY_DN20178_c0_g1",-1.12563667662142,2.55409687434913,-7.41043721324157,6.7596982042613e-06,0.00042603190212015,4.17524114621435,214.22,185.19,230.34,196.01,301.67,96.87,85.67,93.54,115.63,118.81
"1191","TRINITY_DN2018_c0_g1",1.12157749851909,3.12704484963431,4.6233544709083,0.000539424870590395,0.00650192168122412,-0.3365389627589,141.32,216.27,169.49,167.37,97.88,512.01,293.78,362.01,337.62,213.35
"1192","TRINITY_DN20187_c1_g1",1.11942158639744,1.61202671412197,6.01525967698627,5.29974652762839e-05,0.00146538138459156,2.20081133854085,60,57.41,59.62,52.91,45.03,160.53,99,127.22,122.71,78.94
"1193","TRINITY_DN20187_c1_g2",2.52923047908253,-1.48256045904632,5.25295365743191,0.000182690965871157,0.00313716150154662,0.660581606900524,3.17,4.17,5.87,4.89,4.34,24.61,9.35,15.88,38.84,20.97
"1194","TRINITY_DN20195_c1_g1",1.64728987640464,1.34996858446273,5.33371841576207,0.000159624878890081,0.00286325093000132,1.14510400028151,28.02,27.44,35.8,51.12,57.07,121.51,147.5,133.25,81.68,106.51
"1195","TRINITY_DN20206_c0_g3",1.11186153894608,2.67588996362611,7.93539217044713,3.32115663703502e-06,0.000285957896072724,4.87591951838033,95.93,118.3,137.13,105.16,111.98,273.79,193.19,205.4,325.03,228.93
"1196","TRINITY_DN20220_c3_g1",1.08229611146939,1.3264978362196,5.75728491416424,7.98327380196194e-05,0.00188264024999626,1.81910323212974,35,54,49,42,51,85,80,106,98,96
"1197","TRINITY_DN20221_c1_g1",-1.78635227168439,-1.44068985431762,-3.71553131211651,0.00279887401989276,0.0198283738118109,-1.43583262941602,18.05,23.83,12.76,12.03,30.33,9.02,5.33,3.06,3.16,1.03
"1198","TRINITY_DN20240_c0_g1",-1.77803257504508,3.54466601372531,-13.2992291863909,1.05241284892055e-08,1.09304036994242e-05,10.5204654234426,528.45,480.52,738.68,463.8,601.94,155.99,131.77,178.19,173.18,176.59
"1199","TRINITY_DN20247_c0_g1",1.86869660434788,-1.44061346102929,3.15861084404846,0.00794961343655476,0.0401266993854167,-2.31010210067442,11,1,12,7,6,13,9,19,33,15
"1200","TRINITY_DN20261_c5_g1",-2.48894719972023,-0.371580703050736,-5.74143959438202,8.18919904672508e-05,0.00190952357379039,1.70109445470548,69.53,40.95,43.5,27.05,69.38,2.21,8.05,7.44,9.89,12.99
"1201","TRINITY_DN20261_c5_g3",1.33304170591964,-0.861815603296074,3.4500935009491,0.00459461853364061,0.0276637098741045,-1.86198729513157,15.27,19.09,5.61,3.15,12.98,25.27,13.66,18.16,31.08,17.97
"1202","TRINITY_DN20270_c1_g1",-1.480308814973,2.70056239679075,-6.71827774064392,1.81808384496448e-05,0.000759739597007663,3.17439179106639,409,246.5,192,270.37,319,83,109.99,110.97,114,82.29
"1203","TRINITY_DN20291_c0_g1",-1.31888668781671,-0.84134042070915,-3.42360531427735,0.00482869132504927,0.0285301941493745,-1.90538267505698,34.24,27.17,16.14,24.12,22.1,6.06,7.07,10.07,17.07,2.01
"1204","TRINITY_DN20298_c0_g1",-1.43080134602693,-0.0853328626387257,-4.59689153220447,0.000565189152564565,0.00675217972965298,0.0208078561613307,43.01,34.02,41,56.03,39.02,17,6.58,15.03,28,6
"1205","TRINITY_DN20307_c0_g1",-1.47609158077701,-0.478496471117316,-4.15645056548179,0.00124417872016165,0.0114865330699313,-0.695169443968515,37,22,40,21,51,7,4,11,22,9
"1206","TRINITY_DN20323_c0_g1",-1.85005726010576,-1.08040802090689,-4.01235754353478,0.00161830307951976,0.0137886281701074,-0.943207189731488,21.07,23.12,16.91,24.27,36.01,4.93,4.07,8.01,2.02,10.04
"1207","TRINITY_DN20324_c0_g1",-1.48468120555537,0.191655246353848,-4.08812399846802,0.00140898604859732,0.0125305763585809,-0.856529857795725,82,50,56,26,57,22,7,19,37,7
"1208","TRINITY_DN20324_c0_g2",-1.34561350332594,1.16833331232608,-5.4264066936464,0.000136872923412893,0.00259647102393567,1.30719078213716,135.13,101.56,105.66,62.74,78.64,39.73,19.23,43.65,55.58,23.49
"1209","TRINITY_DN20336_c0_g1",2.02672747060252,-0.23386208197186,6.57196617860994,2.25899680231533e-05,0.000877051120284061,2.88898805887944,11,9,23.91,11,9,48.42,31.38,38,46.98,50
"1210","TRINITY_DN20375_c0_g1",-1.09360540113898,1.45248919125133,-4.88364086463885,0.000342555726006507,0.00474373072461178,0.374903407395774,121.63,84.79,105.88,80.42,137.53,49.52,21,53.67,62.56,57.14
"1211","TRINITY_DN20383_c0_g4",1.93619903687385,-0.358962304634704,3.03551799300798,0.0100257267734033,0.047103247274948,-2.59964430315095,12.44,21.05,27.93,1.25,12.17,22.55,86.94,31.64,39.45,34.31
"1212","TRINITY_DN20384_c0_g1",2.06084583191149,-0.871060128944824,3.45576176244975,0.00454604224563217,0.0274907622600073,-1.84018754035536,10,4,13,8,6,11,50,18,49,29
"1213","TRINITY_DN20386_c0_g1",-1.06058678691426,-0.87842672811566,-3.49707701672519,0.0042073634032803,0.0260812651279636,-1.78534830853627,21,29,18,18,21,9,8,11,7,7
"1214","TRINITY_DN20396_c0_g1",-1.68012441249409,-0.521377998148947,-4.58423052355947,0.000577965745421328,0.00684402050035379,-0.00246004386868304,42.35,36.53,27.54,21.36,44.04,7.5,5.53,3.68,17.94,14.19
"1215","TRINITY_DN20405_c0_g1",1.17092712554794,3.83864393135054,4.06124548857735,0.00147984818511791,0.0129513965048592,-1.47789600253312,195.57,244.4,287.4,123.24,495.17,353.6,539.57,665.74,654.07,650.1
"1216","TRINITY_DN20409_c0_g1",2.57849643373724,-1.69128471348809,5.19007837783411,0.000203059148125743,0.00336763396923242,0.468654743380132,4.36,5.68,3.21,2.05,3.4,13.87,16.94,20.63,34.61,9.75
"1217","TRINITY_DN2042_c2_g1",1.00999717560883,4.05949269954592,6.86760368395513,1.46096792725445e-05,0.000673441697548256,3.22578366779915,322.23,319.6,261.9,276.75,326.66,556.54,701.98,686.64,563.63,567.22
"1218","TRINITY_DN20420_c0_g1",-2.34628649716527,-1.62617854893433,-3.67672973029548,0.00300830878891537,0.020823829221577,-1.5421393189739,22,13,28,27,15,7,7,2,4,0
"1219","TRINITY_DN20431_c0_g1",1.58963544823579,1.81680892817604,5.70413823906408,8.69639019482811e-05,0.00198079491825406,1.69956074478709,35.67,56,50,64,70.36,252.62,143.69,116.67,139.34,158
"1220","TRINITY_DN20457_c0_g1",-5.95464287889614,1.77693792428661,-7.28657694484451,8.03291026924017e-06,0.000470620882876988,3.8934063454645,1183,708,466,340,1227,13,4,8,13,13
"1221","TRINITY_DN20469_c0_g1",1.91450292887121,-0.316226715707895,6.06150234890506,4.92932519410946e-05,0.00140023731568056,2.2033833902606,9,17.96,13.67,14.91,6.97,36.26,33.99,43.66,43.67,32.83
"1222","TRINITY_DN20477_c0_g1",-1.43740527358948,-1.00971185437204,-3.12057590671116,0.00854043812092787,0.042109233670519,-2.39634208755861,27.37,20.31,18,26.42,21.45,3,11,10.42,16.34,1
"1223","TRINITY_DN20503_c0_g1",1.37020548595769,2.01222496662701,8.43065692036037,1.74931282281553e-06,0.000196415522873474,5.5258766454965,52,64,76,62,80,165,124,202,197,155
"1224","TRINITY_DN20504_c0_g2",1.71509598171537,0.684270735542775,6.16619448272439,4.18814351341175e-05,0.00126387117780942,2.46144208145348,22.92,19.58,21.18,29,28.26,52.91,98.22,92.66,79.05,55.1
"1225","TRINITY_DN20504_c0_g5",1.40594115386594,1.27969476224549,3.41167250570688,0.00493805441511535,0.0290165990990978,-2.21797769172799,46,43,55,24,39,123,27,127,194,111
"1226","TRINITY_DN20518_c0_g1",1.31683745614513,-0.586234316100497,4.37324694049643,0.000841306011973214,0.00881633433781446,-0.339292820895484,17.02,16.02,7,10,11,27,23,20.03,41,18
"1227","TRINITY_DN20524_c0_g1",1.66548712766596,-1.51503143085905,3.22531779192815,0.00701072441340046,0.03677458377328,-2.20475821753219,15,7,4,2,5,24,13,9,12,20
"1228","TRINITY_DN20568_c3_g1",1.20919466409544,0.227455917463042,3.31844567130867,0.00588349437033658,0.0326734816580583,-2.22671811576946,29.94,36.87,33.52,10.87,10.31,63.96,34.99,45.76,54.21,28.09
"1229","TRINITY_DN20575_c1_g1",1.67294487491985,-0.96612829697742,3.91036991018882,0.00195173186775721,0.0156129154048941,-1.09790268953093,11.48,3.77,10.66,5.15,13.98,18.01,26.55,22.81,38.1,11.16
"1230","TRINITY_DN20578_c0_g2",-1.09336314268372,0.848622863485843,-4.31106912235597,0.000940699865323565,0.00949710619400074,-0.544841821574647,98.02,67,76,36.08,82,26,23,26,50,29
"1231","TRINITY_DN20599_c0_g1",-1.73345765700206,0.117030729799086,-5.61841510284212,9.99161854761944e-05,0.00214796101532761,1.62845962274743,52,57,73.49,33,57.01,14,5,12,31,14
"1232","TRINITY_DN2060_c5_g1",-1.03504749037507,4.60410654771571,-4.41357728197108,0.000782714978556519,0.00837174207809014,-0.944258700814862,947.11,885.49,763.35,779.86,1154.42,673.65,319.93,663.33,293.19,386.44
"1233","TRINITY_DN20619_c0_g1",-1.1765564695769,0.171276713949691,-4.22320657365157,0.00110233187329356,0.0106130843722101,-0.628207199497853,55.7,37.4,60.67,26.11,52.73,12.5,16.5,13.04,32.27,18.05
"1234","TRINITY_DN20662_c1_g1",-1.71360524797839,-1.25537736543632,-3.9992253517806,0.00165772105470881,0.0140024343850217,-0.977886390626526,27.59,13,21.01,24,21.22,8,6,3,9,1
"1235","TRINITY_DN20735_c0_g1",1.87252712788566,-0.290347983423209,5.11988211130144,0.000228640845006311,0.00363586349157882,0.844057118626035,16.56,8.79,24.53,8.69,7.77,26.17,41.49,36.18,45.2,48.31
"1236","TRINITY_DN20743_c0_g1",2.47036684410056,-1.9298861560104,3.50621546172471,0.00413597914887789,0.0258028993253672,-1.83246147609294,3,6,4,10,0,14,16,13,28,6
"1237","TRINITY_DN20765_c0_g1",-1.59637480653234,-1.22645844726965,-3.60820139296906,0.00341811517636843,0.022706739896999,-1.59060121686463,16,28,28,21,13,10,3,3,6,5
"1238","TRINITY_DN2078_c4_g1",1.8742744256845,0.662729035300127,6.3616207209042,3.10227412943618e-05,0.00106887644145214,2.74259523464177,17,23,23,37,18,53,59,97,100,81
"1239","TRINITY_DN20786_c0_g1",1.26172035572386,-1.11353395772601,3.8126770820812,0.0023374717097029,0.0175841220980563,-1.2566037532972,13,6,11,4,11,17,12,14,24,19
"1240","TRINITY_DN20793_c0_g1",3.79433626245331,-0.665295003476201,4.27076183668643,0.00101156555619835,0.00997617758123767,-0.578808268949161,0,36,4,10.12,3,131,32,39,87,37
"1241","TRINITY_DN20804_c0_g1",2.10475954353708,0.0393064754561785,6.13745177071523,4.37909505610253e-05,0.00129869735771493,2.36350798030428,12,10,26.43,18,9,67,38,53,48,64.02
"1242","TRINITY_DN2083_c1_g2",1.18359058136975,2.64248194308322,3.64137288577436,0.00321307651590787,0.0218082373788366,-2.04754826553424,67.61,84.96,147.03,218.01,86.16,320.77,132.11,335.45,315.08,170.46
"1243","TRINITY_DN20832_c0_g1",1.09274653961718,0.28587565211715,4.15552684950696,0.0012462686796303,0.0114949551314726,-0.757562943731721,29.82,30.23,27.6,13.47,16.9,37.56,37.58,49.94,44.77,53.08
"1244","TRINITY_DN20843_c0_g1",1.66198835763106,-0.71507004423773,3.92352823814842,0.00190501750489218,0.0153525440787892,-1.07514821835045,6,5,12,11,22,32,35,23,29,16
"1245","TRINITY_DN20848_c0_g1",-2.17533702530797,3.637060948979,-8.6282848906486,1.36475114852545e-06,0.000174453689762665,5.72007965553067,653.7,471.91,912.75,671.82,794.17,214.78,73.04,98.91,214.01,218.58
"1246","TRINITY_DN20869_c0_g1",-2.04779439513588,-1.25828256504342,-5.1841823630684,0.000205087629752344,0.00339224738090365,0.714735717940157,26.2,29.23,17.12,15.11,31.27,4.02,2.01,7.06,5.02,2.01
"1247","TRINITY_DN2087_c3_g1",-1.44282774701071,-0.607450918137917,-3.46850324794045,0.00443874236599327,0.0270460740854064,-1.84622416097162,22.31,40.06,21.62,24.15,44.46,3.43,5.42,9.35,17.28,13.37
"1248","TRINITY_DN20883_c0_g1",-1.11661740375877,-0.486438843468125,-3.31797823637923,0.00588866927385091,0.0326985775572833,-2.12669662123384,29.26,31.9,39.36,23.03,21.96,6.43,5.38,22.04,16.51,9.7
"1249","TRINITY_DN20924_c2_g1",-1.26188337282883,1.86974560615538,-5.82349097383454,7.18014115315002e-05,0.00175780464991973,1.88059002200824,128.68,180.96,154.21,171,111,82,56.27,49.55,68,43
"1250","TRINITY_DN20924_c3_g1",1.82013340387765,-1.69200193414739,4.57076168146257,0.000591887926007876,0.00696421731774148,-0.233320599941109,9.03,4,5,3,4,12,13,18,14,11
"1251","TRINITY_DN20927_c1_g1",-1.40022028764815,0.501117134139552,-4.26475348629035,0.00102259311960098,0.0100630348976446,-0.583305818197985,77.02,49.58,57.15,64.43,58.22,21.28,15.04,7.84,45.99,29.35
"1252","TRINITY_DN20932_c0_g1",-1.57467283728243,-0.989971271246255,-3.19249374342954,0.0074579089729332,0.0384129699377662,-2.27689504963949,41,29,14,14,28,4,9,2,13,9
"1253","TRINITY_DN20947_c0_g1",-1.15332543839719,1.26102127493697,-5.85870176874782,6.78815185430757e-05,0.0017014064072036,1.98297268222513,110.7,74,111.83,74.59,96.19,33.88,32.11,51.11,37.21,47.45
"1254","TRINITY_DN20962_c0_g1",-1.36176117175544,2.76867080808975,-5.50874582432934,0.000119516870030216,0.00239576780121284,1.25864724891903,380.34,243.93,282.07,150.2,431.3,104.66,77.32,107.68,145.64,116.97
"1255","TRINITY_DN2097_c2_g3",1.05882437704639,3.0434176596583,6.22659157313342,3.81501105222121e-05,0.00118817462049308,2.37230292479755,128.14,176.95,132.89,182.71,131.16,362.75,243.36,266.75,437.59,251.32
"1256","TRINITY_DN2097_c3_g1",-1.03174002319026,0.13007564152173,-4.01275746271791,0.00161711792547719,0.0137830329390673,-0.990164638694349,55.1,47.52,39.32,26.5,44.83,18.37,9.6,14.69,28.06,23.69
"1257","TRINITY_DN20971_c0_g1",-2.47703872005779,2.5968566198111,-8.62912077053214,1.36333104940781e-06,0.000174453689762665,5.77018143390484,540,301,394,217,488,55,45,66,135,47
"1258","TRINITY_DN20981_c0_g1",-1.18710185472418,0.00450073722748543,-3.81882083625742,0.00231105258206125,0.0174613079982031,-1.31259627889208,28.25,52.95,34.31,46.43,44.06,19.51,20.17,14.82,13.24,11.05
"1259","TRINITY_DN20991_c0_g1",-1.61676754495409,0.724284917017406,-5.49047058980057,0.000123158358100291,0.00244322070289447,1.43526300222423,112,83,60,42,97,17,27,24,29,18
"1260","TRINITY_DN210_c0_g3",7.55762396608949,0.109334547967084,4.73775472281332,0.000441350473414967,0.00564170388491188,-0.0720791510697731,0,510.53,0,0,0,220.6,323.23,316.54,621.2,582.02
"1261","TRINITY_DN21011_c0_g2",-1.05718974788704,0.934144069920069,-4.42414502996913,0.000768073768962355,0.0082755093157727,-0.358135519478786,63,51,77,84,91,31,36,29,29,38
"1262","TRINITY_DN21012_c0_g1",1.34589455430128,1.5659927187183,4.70565494132527,0.00046683363480369,0.00587406794443926,0.05733845852376,59.52,53.41,27.96,48.62,65.56,96.3,124.49,197.66,123.8,85.12
"1263","TRINITY_DN21012_c2_g1",-1.48753145230006,-0.737159770463385,-3.72779916903847,0.00273580576315396,0.0195360511124461,-1.40032090565769,27.6,27.33,33.93,24.08,22.42,3.44,11.48,3.18,14.2,14.19
"1264","TRINITY_DN21013_c0_g1",-1.13801594204372,0.309387636947555,-4.15177319628673,0.00125479890366307,0.0115501273530862,-0.764152235613436,58.97,58.74,40.97,33.57,59.57,27.17,9.97,23.28,34.63,11.82
"1265","TRINITY_DN21015_c0_g1",1.04198032090469,2.4294963882407,3.23836150927722,0.00684060052611592,0.036145202779283,-2.75882688603423,94,76,110,109,104,357,231,236,190,81
"1266","TRINITY_DN21020_c0_g1",1.05335666050784,1.15910303673134,4.094546705943,0.00139257729246604,0.0124264805340939,-0.969496316298474,52,37,45,44,31,132,92,57,83,61
"1267","TRINITY_DN21032_c0_g1",-1.76196109027678,-0.716265700242799,-4.6464472843994,0.000517941081340902,0.00632090984775716,0.079708601256435,46.27,23.88,18.39,28.73,39.89,8.78,6.03,4.08,8.07,9.14
"1268","TRINITY_DN21042_c0_g1",-1.48030085147209,0.498465269664552,-6.26345684329924,3.60468094123409e-05,0.00115491104732226,2.59723078397984,65,69.58,64.39,48.45,65,27.02,8.05,25.07,22.04,22.01
"1269","TRINITY_DN21054_c0_g2",2.34294645104865,-1.92239401126164,3.42795567837751,0.00478943389587236,0.0283841711853216,-1.94239918044174,1,6,4,11,2,8,18,14,14,16.58
"1270","TRINITY_DN21069_c0_g4",-1.76462672314992,0.0004504663802954,-3.35645801415614,0.00547767891570383,0.031098818697709,-2.10829427743942,25.14,62.3,67.21,49.57,45.74,7.27,32.25,6.32,7.24,30.15
"1271","TRINITY_DN21097_c0_g1",1.62126211181115,1.14754666690699,6.3757428762752,3.03633221716647e-05,0.00105631730650663,2.76903910886442,33,36,39,42,23,72,114,86,126,104
"1272","TRINITY_DN21106_c0_g1",-1.03712350995462,-0.151950322915632,-3.21280360673113,0.00717794246070192,0.0373842421117188,-2.35982159882165,49,48,25,30,27,14,17,8,22,15
"1273","TRINITY_DN21116_c0_g1",2.51428282695796,-2.16791880244528,4.54757158044969,0.000616681908897616,0.00717076290005445,-0.43785384289996,6,3,3,4,0,11,9,11,20,11
"1274","TRINITY_DN21142_c0_g1",2.13894119068568,-0.642821492430786,5.0241712909907,0.000269085093931655,0.00405522950053652,0.648436208377906,14,11,3,10,9,19,39,33,44,33
"1275","TRINITY_DN21144_c0_g1",1.01086993775571,0.116021223278664,3.77546243513194,0.00250425195778344,0.018443562247212,-1.40609157327097,19.15,19.57,26,14.31,27,42.48,21.41,57.34,52.72,25.17
"1276","TRINITY_DN21148_c0_g6",1.16253432275304,2.25395846349439,4.33534333382853,0.000900522145746037,0.00923169453668049,-0.706679334991741,84.83,70.34,49.88,81.9,164.82,177.02,150.98,205.05,293.56,122.91
"1277","TRINITY_DN21153_c0_g1",-1.2432567164589,1.47631885428577,-3.04248787016832,0.0098948656323466,0.0466599258767854,-2.92764859504606,76,87.75,241.42,95,108.91,72,34,100.54,28,26
"1278","TRINITY_DN21161_c0_g1",-1.5880581726661,0.402528071226674,-4.93115310412815,0.000315613376794961,0.00450234433897147,0.550637745737081,99,67,41,54,57,20,9,20,38,11
"1279","TRINITY_DN21190_c1_g1",3.6579127961756,-0.25593089299174,10.6491766656193,1.34359168047676e-07,5.35856608374464e-05,6.22575537767255,7.2,7.38,6.14,5.24,7.19,104.11,48,79.64,78.72,72.44
"1280","TRINITY_DN21200_c0_g1",-2.00434990654851,-1.08387649731643,-3.77350629583289,0.0025133485539256,0.0184750760039594,-1.32615078229155,35,18,38,13,34,8,3,1,12,7
"1281","TRINITY_DN21211_c0_g1",-1.02293107418924,0.121361877850134,-3.67173325184925,0.00303641744008049,0.0209410220532679,-1.58694855357629,52.35,33.74,48.74,24.43,56.11,21.36,9.32,25.58,27.67,11.27
"1282","TRINITY_DN21220_c4_g1",1.11149904237639,-0.419616810661712,3.42977887756124,0.0047730777872751,0.0283276484439316,-1.94464040043672,17,14,9.59,11,20,19,33,41,27,19
"1283","TRINITY_DN21222_c0_g1",1.33343104793877,-0.834049201596489,3.47594575607845,0.00437725944103669,0.0267721156807756,-1.82046186659801,8,20.39,13.06,5,9,26.27,14,14,29.01,26
"1284","TRINITY_DN21224_c0_g1",2.17078683482127,-1.0570441980642,5.27390755779436,0.000176389004400125,0.0030628774073004,0.899605198564902,9,8,10,4,4,15,22,29,33,27
"1285","TRINITY_DN2123_c9_g1",-1.10143574895591,4.96084637261819,-5.1595905366689,0.000213780193187489,0.00348059567961328,0.347525572278077,798.88,1132.63,1430.03,1306.97,1335.62,383.13,618.83,648.96,500,658.99
"1286","TRINITY_DN21289_c0_g1",-1.06085396324151,4.33784350798388,-11.439123738736,5.97319658506342e-08,3.20195450919534e-05,8.82267104662694,791.76,818.93,760.83,691.39,716.25,381.33,277.26,386.01,426.28,350.15
"1287","TRINITY_DN21327_c0_g1",-2.72577853518012,-0.631782018965904,-4.83291924450459,0.000373985818710268,0.00502000942923075,0.32794814984076,42.03,24,62.11,25,93.3,7,3,7,4,6
"1288","TRINITY_DN21332_c0_g1",2.53204850142699,-0.77050297265868,7.74626086175001,4.27402257819665e-06,0.000326749413960019,3.85552409446904,7.61,9.92,6.41,4.29,7.86,41.37,24.95,26.26,53.97,30.24
"1289","TRINITY_DN21332_c0_g2",1.53986735329268,-0.323281811039225,4.58633713996875,0.000575819230411067,0.0068352501007892,0.00714267091355847,6.35,12.13,17.28,15.87,18.41,33.24,37.38,30.79,40.5,24.99
"1290","TRINITY_DN21336_c0_g1",-2.50099723349532,-0.78692357156835,-4.3106888889548,0.000941343781127932,0.0094997594171196,-0.472410730409903,60,40,27,16,57.08,11,1,8,3,9
"1291","TRINITY_DN21364_c0_g2",1.13791914438035,2.26654297923293,6.28723966581233,3.47552974159175e-05,0.00113319544936281,2.56080995195236,95,80,67,79,102.99,174,196,210,164,182
"1292","TRINITY_DN21377_c0_g1",-1.46667627732395,-0.0446443011939722,-5.11729891786915,0.000229644355703118,0.00364600639008521,0.856634143021278,59.09,34.99,56.04,37,34,16,8,8.97,25,13.99
"1293","TRINITY_DN21427_c0_g1",-2.21428428938656,-0.898828227906852,-5.74985528073446,8.07914082241079e-05,0.00189538544668068,1.56776841322755,33.34,33,24,29.04,38.37,15,2,3,7,4
"1294","TRINITY_DN2148_c1_g3",-1.10860989076317,-0.117604739789503,-3.72840165855314,0.00273274610111679,0.0195246603146409,-1.45756225058186,38.01,25.7,43.92,49.63,31.01,13.26,8.5,12.14,29.35,13.02
"1295","TRINITY_DN215_c3_g1",1.16327013643148,4.57119736854028,11.4654461118581,5.81873385979185e-08,3.18770702321102e-05,8.83968959822464,375.95,421.37,411.75,470.33,370.21,912.12,840.67,969.36,1019.84,830.09
"1296","TRINITY_DN2150_c9_g1",1.06110753128652,-0.0691473434760433,4.2233981714455,0.00110194974702585,0.0106114546529804,-0.611654692559778,19.31,13.67,26.02,16.33,16.21,43.14,19.05,37.08,37.77,34.49
"1297","TRINITY_DN21516_c0_g1",-1.4750164575104,-0.483004505741608,-3.89994178271989,0.00198958847952632,0.0158142465672554,-1.12448883898637,42.16,33.3,19.37,36.84,30.6,7.69,10.98,5.85,9.53,19.27
"1298","TRINITY_DN21537_c1_g3",-1.17789254702312,-0.112634053190157,-3.69244750735155,0.00292160601133099,0.0204278856217228,-1.52051129608919,43.01,41.03,31.25,18.01,63.65,16.29,12.08,16.14,14.12,12.28
"1299","TRINITY_DN21539_c0_g1",-1.20300881409445,0.985713957179042,-3.43213442334544,0.00475202973466277,0.0282632949608856,-2.13385539003212,101.14,128.72,47.72,99.33,50.24,39.79,22.23,35.71,34.93,26.96
"1300","TRINITY_DN21556_c7_g1",2.05878724862481,-1.10612189575255,3.63979834192844,0.00322251945356052,0.0218515046678934,-1.53989203920699,8,12.01,2.01,3.1,11.62,17.01,10.03,43.06,20.76,35.02
"1301","TRINITY_DN2159_c2_g1",1.06465412910889,2.76491664513478,5.22747394336316,0.000190673882301344,0.00322007623792984,0.776963374444055,106.92,124,163,78,152,193,305.83,271.99,274.98,247.97
"1302","TRINITY_DN21603_c0_g1",-2.11405144424595,-0.691835433996343,-5.74212135635992,8.18022457441886e-05,0.00190921692747427,1.64888298496318,48.48,25.01,45.65,23.53,33.75,4.46,6.81,12.51,5.36,4.7
"1303","TRINITY_DN21603_c1_g1",-1.29632301106598,-0.381423219293809,-4.09395190425661,0.00139408857816645,0.0124372759282985,-0.804921495409053,44.51,32.02,34.29,28.94,26,15.69,2.96,14.56,16.38,11.19
"1304","TRINITY_DN21608_c0_g1",1.81139652269991,2.26786066864398,3.88480356576968,0.00204589060156221,0.0161280493611134,-1.50699021073786,86,131,36,36,88,413,335,113,178,249
"1305","TRINITY_DN21620_c0_g1",-1.19075533716653,2.35989182860475,-6.59070109957711,2.19670163974119e-05,0.000862980038187689,3.01328440678873,157.17,183.1,293,178,214.89,87,67,84,127,72.12
"1306","TRINITY_DN21620_c2_g1",1.92897141580223,1.03085084506248,7.16872199434444,9.48330864772501e-06,0.000519224011835258,3.87266834888302,18.08,38.12,52.22,20.19,23.45,102.51,78.31,102.35,113.04,114.03
"1307","TRINITY_DN21629_c4_g1",-1.99807856646785,-0.37997810045757,-5.05481733672731,0.000255376616745645,0.00391852584629752,0.729768771059337,59.58,38.43,57.69,20.61,42.75,7.54,2.17,9.38,20.03,8.75
"1308","TRINITY_DN21652_c3_g1",3.95078779494392,-1.09786749712384,5.83794960390145,7.01636382345745e-05,0.00173333392314581,1.23449986908461,8.75,7.74,3.01,0,4.03,36.58,49.74,47.06,83.05,26.47
"1309","TRINITY_DN21665_c1_g1",-1.75195516707838,-0.820649327043098,-4.99120320858057,0.000284695681490723,0.00420043848701851,0.58288101956707,36.02,33.01,23.99,20,31.01,13.04,4,7.01,10.02,2
"1310","TRINITY_DN21674_c0_g1",-1.6404914566275,-1.57850267556671,-3.47099632053602,0.00441804994484421,0.0269653579701663,-1.82248266480084,21,11,21,13,17,6,7,1,7,2
"1311","TRINITY_DN21682_c1_g1",1.48479895925052,1.73859996046086,7.35890218945591,7.26121863211114e-06,0.000444163843517346,4.1447887789388,46.27,59.06,44.06,58.96,57,187,130.02,152,124.99,128
"1312","TRINITY_DN21687_c0_g2",1.01167471754788,2.93737607562621,3.74055447234392,0.00267177132872876,0.0192201754763514,-1.92159899483139,139.84,171.44,82.54,166.99,162.96,231.69,199.8,209.25,487.1,347.89
"1313","TRINITY_DN21711_c0_g1",1.2809127663357,0.179303366989615,3.7605486640929,0.00257446554229424,0.0187392072828142,-1.43524062249277,19,19,26,10,33,49,22,42,95,33
"1314","TRINITY_DN21738_c0_g2",-2.57140683709508,-0.912283592830029,-4.5080593845672,0.000661445181740353,0.00750285020370917,-0.199243280477186,42.14,53.28,26.95,41.41,20.72,6.16,3.36,1,9.06,6.14
"1315","TRINITY_DN21738_c1_g1",-1.69435769335193,1.36394977826073,-8.7061485672801,1.23900651376349e-06,0.000164534224217336,5.80483789534098,144.67,119.5,104.01,118.77,110.93,30.61,27.77,35.32,36.51,47.07
"1316","TRINITY_DN21769_c0_g1",-2.74577835842213,-0.827105936676259,-6.5117722912197,2.47214431195528e-05,0.000926175895303364,2.44354530099462,38,36,39,36,44,1,4,5,8,9
"1317","TRINITY_DN21775_c0_g1",-1.58536337928948,4.45607908663399,-3.72105927230851,0.00277027315511101,0.0197069674089254,-2.19198963054325,908.56,525.58,532.48,1510.85,2490.55,309.52,212.69,303.22,590.66,300.49
"1318","TRINITY_DN21785_c0_g1",-1.15884025574418,-0.762472755843981,-3.26446556214541,0.00651251438197073,0.0349971304823097,-2.18602733336898,31,29,14,30,20,8,10,7,11,8
"1319","TRINITY_DN21786_c0_g1",-1.60361372150412,0.0749572204893066,-4.14717573988704,0.00126532889138941,0.0116213045730354,-0.741730850092836,65,70,22,53,52,15,11,15,19,10
"1320","TRINITY_DN2180_c5_g1",1.19017262300387,0.074826961992023,5.05670037565199,0.000254558514758775,0.00391319939447093,0.760660203245557,27.25,20.73,15.7,15.45,17.42,32.81,28.15,49.89,46.29,41.37
"1321","TRINITY_DN21802_c0_g1",-2.60163220966822,0.150527777990154,-7.35154876784483,7.33594789610595e-06,0.000447636487716732,3.90036408101849,107,64,61,53,89,9,9,9,28,4
"1322","TRINITY_DN2181_c8_g1",1.00800859332578,0.270930863730376,3.17217575831632,0.0077489692087778,0.0394032396945328,-2.49690957928777,18.58,27.41,30.68,18.91,21.39,26.32,55,28.98,57.06,54.63
"1323","TRINITY_DN2181_c9_g1",1.17057734770183,-0.122435745820454,3.36673297561551,0.00537292389362423,0.0306487961283683,-2.09347373066121,31.7,14.07,17.72,23.43,7.73,29.72,29.8,38.73,45.93,25.64
"1324","TRINITY_DN21817_c6_g1",3.06558299043275,-1.70851042986091,4.91471755655233,0.000324673586397112,0.00458530362045929,0.069080526438615,4.81,4,4.06,5.95,0,35.28,10.79,21.62,22.53,20.12
"1325","TRINITY_DN21841_c5_g1",-1.24349277131758,0.91277962365868,-5.21265924080318,0.00019548290486432,0.00327793360766237,0.977410628905266,67,69.01,93,86,68,34,19,48,26,27
"1326","TRINITY_DN21847_c0_g1",1.51982669768336,1.13009625051754,5.68472420457431,8.97336704224095e-05,0.00202420482876397,1.7213102413558,24,30,56,31,39,145,91,92,84,72
"1327","TRINITY_DN2186_c0_g1",1.09575228198537,3.37557883219325,3.96389477267064,0.00176875103562874,0.0146377067362549,-1.58199663801724,192.68,204.79,124.12,166.4,237.16,415.01,390.46,447.32,247.18,530.43
"1328","TRINITY_DN21875_c0_g2",2.86042136628534,-0.369563047846233,6.91044146189295,1.37287169633796e-05,0.000652504088894076,3.14632552350522,8,8,8.4,21.44,3.77,69.47,47.19,48.23,57.6,36.87
"1329","TRINITY_DN21879_c1_g1",2.87194770730101,-1.26312710603167,4.27315533687043,0.00100720694009094,0.00994696663715405,-0.628953134216323,3,2,6,8,9,57,24,20,43,11
"1330","TRINITY_DN21883_c0_g1",-1.12038823966425,1.39015575885501,-5.13196154054252,0.000224008885246337,0.00358622830962929,0.801537558039407,105,74,109,117,106,34,35,53,79,30
"1331","TRINITY_DN2189_c0_g3",-1.24449380071443,-0.101911021239109,-4.39491431791829,0.000809283332255639,0.00858043427540203,-0.315966221547971,52.25,44.6,32.48,32.3,33.53,12.92,18.13,14.25,21.98,6.37
"1332","TRINITY_DN219_c2_g1",1.25672627049285,6.20121076335355,4.52833520661754,0.000638067585115324,0.00733861271257348,-0.898201808291806,1264.87,1227.17,837.68,2500.83,888.03,3400.29,2224,2252.69,4503.61,2542.69
"1333","TRINITY_DN219_c5_g1",2.00178446253219,0.436667902887453,6.72841646661469,1.79112170034404e-05,0.000752256024660922,3.23244211858171,14.21,22.04,32.66,8.69,22.42,72.37,47.3,86.09,68.07,72.63
"1334","TRINITY_DN21910_c0_g1",-1.52834982600197,1.52829056423119,-6.99833429265047,1.20930277600737e-05,0.000602829742556648,3.65280399684177,150,119,125,82,170,37,45,54,52,27
"1335","TRINITY_DN21914_c1_g1",-1.1826350086415,-0.547842742033869,-3.89884777440825,0.00199360346201345,0.0158234538117746,-1.12656758626635,35,19,29,23,36,6,13,9,17,9
"1336","TRINITY_DN21924_c0_g1",1.41240509928853,-0.652313773096331,4.89167992987714,0.000337833370310427,0.00470719541333361,0.475243523924444,10,9,12,12,12,28,17,36,25,21
"1337","TRINITY_DN21945_c0_g2",1.02138375871857,-1.13517318927346,3.2117535037056,0.00719215536946396,0.037430892748083,-2.24563236389443,9.95,11,12,4,10.99,13,10.21,17.37,20.99,15
"1338","TRINITY_DN21963_c0_g1",-1.29787287432866,-1.42566871667391,-3.43940410252277,0.00468766265672982,0.0280141508542258,-1.86270121716298,17,15,16,14,16,5,9,6,3,4
"1339","TRINITY_DN21987_c0_g1",2.61534854551398,-1.64828228226064,4.28402805069456,0.000987650858285436,0.00981214791512631,-0.686694358520984,2,3,3,5,10,17,10,22,44,10.94
"1340","TRINITY_DN22028_c0_g1",1.62910379229516,1.56096253867729,3.07578618223779,0.00929284668687231,0.044653135988496,-2.87321492756771,45.37,44.54,41.01,61.17,35,295.41,282.13,59.84,137,57.07
"1341","TRINITY_DN22028_c1_g5",-1.44274887253475,-0.584493466719707,-3.22139688376596,0.0070626907760845,0.0369771395988385,-2.26980720054487,31.62,55.28,24.79,14.56,36.55,5.2,9.86,5.75,24.73,6.52
"1342","TRINITY_DN22034_c0_g1",1.98079195694553,0.148354642325244,6.19371174773725,4.01356867514233e-05,0.00123283080198318,2.46467672115658,10,22.95,11,26,14,69,36,61,58,51
"1343","TRINITY_DN22039_c0_g1",-3.46426901612678,-0.475826735416631,-5.7392849745926,8.21762999622083e-05,0.00191436218785793,1.53872819203248,94,58,87,24,79,9,1,6,4,5
"1344","TRINITY_DN22040_c0_g1",1.40494211288063,0.0183573370126946,3.33703560639507,0.00568136850603267,0.031937295863838,-2.15936150258475,21,19,10,15,24,104,16,43,41,33
"1345","TRINITY_DN22041_c0_g1",-1.13945756691955,-0.645214045520898,-3.25589642647966,0.00661842911849442,0.035349105082955,-2.21504327656867,44,29,24,13,25,8,8,16,9,9
"1346","TRINITY_DN22115_c1_g4",-1.85950163405426,-0.39411106229023,-5.2924223445127,0.000171010455620714,0.0029934635688411,1.09228641101105,62.64,32.39,49.24,18.68,41.28,9.17,8.71,8.24,10.86,7.62
"1347","TRINITY_DN2212_c1_g1",-1.34957769270207,2.77079836705037,-5.82090489463992,7.20985719711355e-05,0.00175933926014538,1.77101678824879,224.74,257.27,252.59,319.6,379.53,130.4,68.75,69.87,176.08,131.93
"1348","TRINITY_DN22133_c0_g1",1.83541054012427,-1.09287118766756,3.64891747675497,0.00316821987642126,0.0215683825616863,-1.5233242616862,9,9,2,8,11,39,20,26,20,9
"1349","TRINITY_DN22144_c0_g1",1.25469123367222,0.600495090617145,5.93507057973463,6.01352766016845e-05,0.00158044639719768,2.11905935538138,19.77,26.02,36.02,24.02,28.82,69,56.72,56,68.73,44
"1350","TRINITY_DN22183_c0_g1",1.22927838377642,1.32464725049573,5.22264762412273,0.00019222678227201,0.00323971662495149,0.958499539245124,46,32,46,67,35,79,111,108,119,76
"1351","TRINITY_DN22235_c0_g1",2.29793557008941,-0.524184112718844,4.23162234359494,0.00108567577781009,0.0105095523400323,-0.573213739282265,13,7,9,6,10,80,22,46,20,49
"1352","TRINITY_DN22253_c1_g1",-1.74793451081769,0.137365617539278,-3.28307039550311,0.00628840060687985,0.0341647379527878,-2.25323314243449,59,26,118,50,52,23,4,5,46,16
"1353","TRINITY_DN22292_c4_g1",-1.24621814158429,0.233596456413565,-4.5276636697601,0.000638827936577004,0.00734156290107577,-0.113647490479131,56,48,52,27,66,20,8,17,30,20
"1354","TRINITY_DN22293_c0_g2",-1.78838825536672,-0.397206334497587,-4.6925038053092,0.00047771264317435,0.0059807655449952,0.173008226881803,46,55,33,27,34,4,5,8,20,15
"1355","TRINITY_DN223_c2_g1",-1.03280717438417,0.847935268903277,-3.60665831496759,0.00342797165678213,0.0227435015977588,-1.80045050571445,97.82,81.29,79.03,43.57,50.23,21.35,33.59,40.54,47.51,18.62
"1356","TRINITY_DN2231_c1_g1",2.32833096158606,-1.65053086443672,3.57609155151509,0.00362930044935388,0.0236295566542561,-1.6881611726889,5.9,0,4,10.55,8.35,28.47,14.17,16.66,20.4,8.55
"1357","TRINITY_DN22312_c1_g2",1.92409435003564,0.239753873859715,4.33658652800573,0.00089851295324184,0.0092186800283938,-0.427784030643489,21.99,12.48,37.2,15.66,7.76,36.41,88.75,58.66,50.5,69.47
"1358","TRINITY_DN22312_c1_g3",-2.20631359156888,2.89255558557679,-6.00754845466267,5.36432476194997e-05,0.00147668515934562,2.08150309402825,358.55,577.76,305.6,322.13,619.41,102.31,24.01,101.23,191.53,91.33
"1359","TRINITY_DN22313_c0_g1",1.36147946864427,1.75019505479113,5.42785873378411,0.000136544899483248,0.00259394313883234,1.2542126711558,42,45,59,101,49,144,94,125,174,163
"1360","TRINITY_DN22330_c0_g1",-1.31937426309239,1.71148665956414,-7.27408914725562,8.17476363165705e-06,0.000474984255628204,4.0298097267204,152,146,103,118,158,48,39,52,72,50
"1361","TRINITY_DN22332_c0_g1",-1.24532902631047,1.41661069933499,-3.47956578412041,0.00434766740460123,0.0266532541959647,-2.11775064401931,170,141,139,41,98,42,25,50,73,35
"1362","TRINITY_DN22340_c0_g1",1.68853637819263,1.22636339107638,7.32520950447594,7.61040873410231e-06,0.00045360441821861,4.09256073617431,39,40,22,38,40,139,76,84,151,98
"1363","TRINITY_DN22359_c1_g1",2.02170417054379,-1.63267341578668,3.57650081815379,0.00362652676217919,0.0236176667112893,-1.6735870979359,4.43,3.21,11.94,1.52,8.71,12.86,5.2,18.72,30.73,16.31
"1364","TRINITY_DN22371_c0_g1",-2.31726052198757,-1.59264904075902,-5.05018046558628,0.000257402902523808,0.00394256715808512,0.375126229381517,29.39,19.5,17.45,12.81,23.63,3,1,7.07,2,3
"1365","TRINITY_DN22373_c4_g1",3.14579414027544,-2.19373760728849,4.30382217502264,0.000953051287969705,0.00957912618128099,-0.732930815165611,9.61,8.42,1.65,0,0,25.27,16.56,10.96,16.13,10.56
"1366","TRINITY_DN22403_c0_g1",1.89730278073689,-0.839622852528676,5.3884316831198,0.000145752471777628,0.00271509872770077,1.14800471419276,12,4,7,12,9,36,20,20,36,21
"1367","TRINITY_DN22409_c0_g1",1.78444722957028,0.422168224192444,6.838132623149,1.52504880750281e-05,0.00068699047004599,3.38373753959622,27,23,27,14,12,58,71,53,74,58
"1368","TRINITY_DN22411_c0_g1",1.09774058957866,0.15996009830941,3.33791308245543,0.00567200308840124,0.0318969396464825,-2.18508299717622,10,30,18,25,30,37,28,47,48,42
"1369","TRINITY_DN22411_c1_g1",-1.00608821372002,-0.96970949355461,-3.52731035609922,0.00397586050776907,0.0251354856222349,-1.72992114501044,25,19,21,18,16,11,8,7,8,6
"1370","TRINITY_DN22413_c0_g6",-1.05390595796058,2.6360502989747,-5.73099471122074,8.32799701773877e-05,0.00192746348804703,1.63608364687423,270.57,239.47,188.08,228.74,227.77,159.13,76.39,124.68,95.86,109.95
"1371","TRINITY_DN22414_c0_g1",-1.62670797223231,0.0912421107450721,-6.34397181153588,3.18682260200044e-05,0.00108223887723112,2.67350776737082,69.72,53.13,37.48,40.7,50.31,13.62,16.41,15.14,16.16,9.38
"1372","TRINITY_DN2242_c1_g1",1.49429314636105,-1.29558033925369,4.22238163946425,0.00110397870343824,0.0106227852349945,-0.626895210624468,9,7.93,6,6.83,5.99,25.5,14,13.88,20.75,9.19
"1373","TRINITY_DN22430_c0_g1",-1.17082250542124,0.0210738810688638,-4.52323081810673,0.000643870747347327,0.00737396930105819,-0.108841225615607,57.04,40.63,45.79,24.43,41.74,21.07,9.53,15.27,26.02,10.44
"1374","TRINITY_DN22431_c0_g1",1.28720606244119,0.979679400623596,7.09680721185714,1.05032255335971e-05,0.000554679345896628,3.77951282362125,45,28,35,29,33,76,71,90,76,77
"1375","TRINITY_DN2246_c1_g1",-1.04930743677752,5.0770177377584,-7.04359817025124,1.13326391591096e-05,0.00057708484167425,3.37957436615702,1085.96,1149.87,1691.99,1268.4,1183.8,790.61,404.39,699.17,637.35,555.77
"1376","TRINITY_DN22482_c1_g1",-1.6230592104281,1.12530455905871,-3.03660134805549,0.0100052736857005,0.0470337490856413,-2.86303604932471,68.39,95.22,182.67,35.12,231.94,30,12.28,62.38,46,21.14
"1377","TRINITY_DN2249_c0_g3",-4.34965427565231,-0.934077675254167,-8.34960965871793,1.93916349737668e-06,0.000209249172802423,3.45849202886176,78.66,47.16,65.19,54.55,68.8,6.03,2.01,2.03,3.05,0
"1378","TRINITY_DN22574_c3_g1",1.15699540992278,3.02235922665762,6.02645672944765,5.20743410900223e-05,0.00144905350455488,2.0604938754915,192.19,163.31,91.33,112.44,165.74,399.86,259.56,328.34,363.38,236.53
"1379","TRINITY_DN22583_c0_g1",-1.19299763805854,-1.07290862321239,-3.54064790177877,0.00387788917159774,0.0246839132880059,-1.70155938498573,19,20,22,20,17,7,8,3,11,7
"1380","TRINITY_DN22612_c0_g1",-1.81025039168216,-1.14039526856081,-4.53921210491985,0.000625882339908302,0.00724619421538518,-0.143149172686301,24,18,30,14,34,11,2,4,5,5.9
"1381","TRINITY_DN22628_c0_g1",-1.6727122995516,-0.00125156677497311,-5.00453537065855,0.000278271660773332,0.00413615894589533,0.67868945201932,58,49,55,30,48,18,18,20,12,4
"1382","TRINITY_DN22641_c0_g1",1.63336608600877,-0.338976942700706,4.13667680687968,0.00128971908028486,0.0117996632977503,-0.732610666728982,17,17,16,8,8,57,44,19,42,22
"1383","TRINITY_DN22655_c0_g1",-1.81363155518102,0.407907394246441,-5.28442598423422,0.000173311966408844,0.0030241937211691,1.1196317927142,78,73.79,70,35,85,27,11,8,37.01,12
"1384","TRINITY_DN22705_c0_g1",-1.79791528171127,1.08680163022568,-6.80020256411832,1.61194687553056e-05,0.000708394462734735,3.37390091728618,138,142,72,84,96,31,24,29,36,19
"1385","TRINITY_DN22720_c0_g1",2.32840454923914,0.659912843015073,5.52650597831865,0.000116086414903243,0.00235063202362769,1.49633571278373,47,15,25,7,20,103,60,65,206,67
"1386","TRINITY_DN22727_c0_g1",1.34689141589288,2.06083471200407,8.27117806416457,2.14395987086815e-06,0.000221289506091905,5.32903435260906,53,87,72,66,72,199,138,181,188,153
"1387","TRINITY_DN22736_c0_g1",1.02928353513369,-0.362556789069783,3.09666587756971,0.00893417667801356,0.0434748364154517,-2.53571096203969,9.89,12.85,17.85,26.45,14.49,35.15,17.75,19.14,36.98,27.3
"1388","TRINITY_DN22740_c0_g1",-1.91537605483458,0.32329239122222,-5.96285672739688,5.75533892685074e-05,0.00154017919266128,2.14789640639808,100.03,59.01,62,36,78,15,7,11,27,21
"1389","TRINITY_DN22743_c0_g1",1.16137189095679,4.25855952477031,5.74407805512822,8.15452482247541e-05,0.00190411019191975,1.42959512059709,277,394,299,363,325,795,1012,730,774,467
"1390","TRINITY_DN22744_c0_g1",-1.13557976873288,1.19781306101757,-5.03426411158848,0.000264487271233796,0.00401519737247729,0.657600283497276,123.65,75.51,89.15,60.51,104.97,27.69,33.27,42.29,65.35,29.09
"1391","TRINITY_DN22746_c0_g3",-1.77761108585339,-0.962593193409929,-4.24157681466302,0.00106630989349059,0.0103825677969114,-0.572277023711003,20,20,22,31.76,36,4,8.93,6.07,4,9
"1392","TRINITY_DN22760_c0_g1",-2.03230189038691,-1.7995970533393,-3.03899049622998,0.00996031511605347,0.0468754450562271,-2.50309946075778,24,9,22,14.99,17,3,0,1,14,7
"1393","TRINITY_DN22798_c1_g1",-1.82976281175417,-1.28398714637334,-3.41082699077789,0.00494589803198748,0.0290510535317759,-1.9088152495553,26.36,20.79,15.5,11.55,42.84,1.81,3.01,7.72,13.79,1.75
"1394","TRINITY_DN22810_c0_g1",-1.33834743653235,-0.762120269117636,-3.39368150221978,0.00510770307772635,0.0296880402861014,-1.96254227065701,27,31,17,24,30,3,12,13,13,5
"1395","TRINITY_DN2283_c1_g1",-1.87744367476548,-1.32190039756666,-3.82452644696515,0.00228679164353133,0.0173577440323639,-1.25987883018417,24,10,23,24,31,10,1,4,5,4
"1396","TRINITY_DN22855_c0_g1",2.07334905674148,-1.92664032205168,3.22223699791795,0.00705152366812294,0.0369341888450234,-2.23800153414337,4,1,2,4,18,15,14,15,9,11
"1397","TRINITY_DN22863_c0_g1",-2.81675652556557,-1.9314500974702,-5.52591962974003,0.000116198001277952,0.00235193623942743,0.76573469306404,21,21,22.02,11.04,21,1,2,5,1,1
"1398","TRINITY_DN22864_c0_g1",-1.31459464868328,0.306137371069628,-4.71658994134244,0.000457984603902766,0.00579490011633619,0.198670423649705,66.86,48.18,60.6,33.87,53.04,16.41,17.37,35.22,21.19,9.15
"1399","TRINITY_DN22867_c0_g1",-1.94966708088426,0.285100565696922,-4.44358204246877,0.000741882056702266,0.00811216690122686,-0.246428158913684,85.55,61.5,57.53,49.83,73.33,47.34,2.66,7.99,36.56,10.27
"1400","TRINITY_DN2289_c0_g2",1.23740159846846,-0.872615242135558,3.11853491640262,0.00857335862881907,0.042254834179191,-2.42155229143011,6.93,7.35,8.21,14.89,16.32,16.96,31.75,20.34,19.34,14.5
"1401","TRINITY_DN229_c0_g1",1.03963164255067,4.62473997272372,11.8566772625623,3.96512623482403e-08,2.50219542005927e-05,9.22396006479579,450,407,482,379,500,844,924,918,1028,846
"1402","TRINITY_DN22900_c3_g1",1.47041306270934,-1.21784839920718,4.20866643047779,0.00113173449179228,0.010792711768294,-0.638210707697128,8.38,9.67,9.46,6.52,4.42,13.79,13.44,22.66,21.63,13.28
"1403","TRINITY_DN22948_c0_g1",-1.52484128578755,-1.37812976238105,-3.57158105805548,0.00366001248621177,0.0237760408758475,-1.65311606884972,15,30,13,17,18,4,6,3,8,3
"1404","TRINITY_DN22963_c0_g2",1.75037580704941,-0.0190785614010428,3.20461112711002,0.00728957958516686,0.0378076790531964,-2.37302547941658,21.59,24.4,6.25,8.16,22.29,47.35,110.04,28.01,66.5,17.45
"1405","TRINITY_DN22976_c0_g1",1.40932704583486,-1.42419597582029,3.92400246249433,0.00190335553549515,0.0153416303170638,-1.09942201517697,5.92,9.91,7.56,5.6,5.73,18.67,11.72,9.79,19.28,12.67
"1406","TRINITY_DN2298_c2_g3",1.08039520264799,4.37245009841994,4.63706931107279,0.000526556139447546,0.00638851380381565,-0.507582822142132,555,408,272,467,231,984,815,760,786,569
"1407","TRINITY_DN2298_c2_g4",1.06700258674506,2.3633535241102,3.47703230197299,0.00436835602413979,0.0267406253525836,-2.30312127073981,125,138.01,69,108,54,252,243,184,214,102
"1408","TRINITY_DN22981_c0_g1",1.04154733281416,-0.837487595316709,3.16760730320301,0.0078159689063313,0.0396468760569123,-2.3479462705175,15.54,11.25,5.12,8.13,17.27,21.79,17.16,18.84,27.65,11.51
"1409","TRINITY_DN22985_c0_g1",-2.63488709496845,1.14538128149017,-6.22543824194851,3.82179711320738e-05,0.00118931367967995,2.55040387593185,141.83,130,114.81,164.77,177.71,91,7,9,30,18.97
"1410","TRINITY_DN23031_c0_g1",1.10892935120406,2.6462888286605,3.79430389307262,0.00241834132969987,0.0180130838651617,-1.76601195593303,102.69,186.53,96.16,55.88,161.83,256.53,179.69,186.31,451.09,181.33
"1411","TRINITY_DN23045_c0_g1",-1.34928816346514,6.02949038008812,-3.58659222084431,0.0035588137521116,0.0233382717684846,-2.63631846355139,4680.49,1437,1315.57,2785.3,5653.8,1023.77,1184.5,925.11,1212.49,933.52
"1412","TRINITY_DN23059_c0_g1",-1.16074064609779,1.61200667791175,-3.79031858385948,0.00243625776115884,0.0181059567929415,-1.5847786027775,128.64,128.91,107.62,83.94,155.59,35.34,81.1,51.73,100.88,21.16
"1413","TRINITY_DN23066_c0_g1",1.13160339809085,1.41971912213758,5.40890399918229,0.000140892699724727,0.00265956976879092,1.25380058475614,59,39,47,59,40,151,73,90,125,79
"1414","TRINITY_DN23071_c0_g1",2.1932504820897,1.92224431817923,3.90671191340603,0.00196492630312394,0.0156832326272235,-1.39406419457871,85,43,35,37,48,740,100,243,188,107
"1415","TRINITY_DN23076_c0_g1",1.3410509008723,-0.184531193356214,4.000439135347,0.00165403662429397,0.013992013299573,-0.97931431155367,9,24,19,12,17,42,33,44,40,18
"1416","TRINITY_DN23082_c0_g1",-1.4221048664879,1.74472820707698,-6.75681033860068,1.71784671088749e-05,0.000731964205793795,3.30421621863674,204.4,131.66,125.99,108.64,153.11,48.93,51.41,56.75,76.85,29.3
"1417","TRINITY_DN23085_c0_g1",-3.21394165218025,-2.26540106120406,-5.99447403625381,5.47572428126445e-05,0.0015000618434507,1.24662737482705,17,21,17,16,16,0,2,2,1,1
"1418","TRINITY_DN231_c0_g1",1.07524017756396,7.34437243033575,4.54556784858593,0.000618874321899207,0.00718508187462534,-0.949791607215932,3021.8,3440.68,1655.23,3234.29,3766.54,6758.94,6111.66,4378.81,5874.97,7868.35
"1419","TRINITY_DN23109_c0_g1",1.227920746039,-0.380695231206589,3.40676182982864,0.00498378600938196,0.0292061459886821,-1.98744635227925,17.25,15.98,5.83,20.55,15.01,38.29,28.79,31.61,31.71,15.33
"1420","TRINITY_DN23136_c0_g1",-2.43716057445327,-0.567516548564118,-7.26860794142586,8.237865965638e-06,0.00047585600770695,3.49430118140852,52.01,38,32.01,42,48,8.28,7,6,9,2
"1421","TRINITY_DN23148_c1_g2",-2.62734445103663,-1.41637633379459,-4.49553346078169,0.000676330574799962,0.00760765075485165,-0.356797288909658,36.59,25.09,28,16,28.32,8.11,1.03,2.01,12.01,0
"1422","TRINITY_DN23165_c0_g3",-2.95171821768834,-1.55202171590452,-4.03459887301591,0.00155373004231152,0.0134056946693244,-1.04506189684064,31.78,26.01,24.04,16.69,28.05,9.05,0,13.19,0,4
"1423","TRINITY_DN23171_c0_g1",-1.23552633825521,-0.890916355744143,-3.51902968759877,0.00403794909275155,0.0253663139879615,-1.74448993003124,23.4,31.67,31.27,13.25,18.35,11.13,4.13,5.13,12.1,6.22
"1424","TRINITY_DN23179_c0_g1",-1.07881489732325,-1.05747406779195,-3.22857331471212,0.00696786927756063,0.036638454497862,-2.22216182565797,21,15,21,14,25,11,4,11,5,7
"1425","TRINITY_DN23182_c0_g1",-2.30789992345601,-0.0161866555273793,-6.50061540650274,2.51394084622939e-05,0.00093878271915411,2.82007994777898,70.54,66.5,70.99,31.3,65.69,8.45,3,12.12,23,9.29
"1426","TRINITY_DN232_c1_g1",2.74321844155771,-0.0557548808039759,5.34054847250321,0.000157819858574271,0.00284698005946549,1.17168450320997,6.1,10,18,16.04,7.09,58,38.41,72,47.25,121.79
"1427","TRINITY_DN232_c1_g2",2.34612036646628,3.08556132228351,7.27738274371678,8.1370936149531e-06,0.000473900149516655,3.96554081697182,140.37,87.28,107.1,71.01,92.79,425.48,253.22,709.82,497.04,767.69
"1428","TRINITY_DN23200_c0_g1",1.43883236797053,0.86086699716395,4.53222364837662,0.000633683332739601,0.00730935103819234,-0.158284666490063,25.52,29,46.63,26,25,47.01,113.17,96,89,54
"1429","TRINITY_DN2322_c0_g1",1.3130469637148,4.98910375629648,17.504183497969,4.10728202659472e-10,1.72342682080223e-06,13.7333783316862,550.78,482.12,534.59,493.85,529.18,1352.83,1241.88,1273.6,1399.33,1137.02
"1430","TRINITY_DN23229_c0_g1",1.11462712211652,0.094376484857949,2.99268813536333,0.0108686388702977,0.0497127125881466,-2.78590362781158,23,21,39,6,24,33,39,26,63,41
"1431","TRINITY_DN23234_c0_g1",-3.45539837686193,-0.279055364276623,-6.80556806258203,1.59934175726845e-05,0.000705097108602377,2.94486706348464,133.59,55.66,65.94,42.82,73.32,4.73,7.1,4.1,3.04,9.13
"1432","TRINITY_DN23237_c0_g1",1.00456561917725,2.05153887875943,6.26619862095628,3.58953623969457e-05,0.00115491104732226,2.5478660608198,66.35,59.05,102.06,85.31,77.84,147.03,121.13,152.83,181.83,154.53
"1433","TRINITY_DN2325_c3_g1",-1.24992076367558,-1.35236821800655,-3.21419443987407,0.00715916131839985,0.0373176149316382,-2.22607614297809,21,13,13.2,14,23,3,9,4,11,3
"1434","TRINITY_DN23265_c0_g1",-3.16569255785312,-2.15157336486013,-4.43371867039314,0.000755055229043046,0.00818655248662092,-0.556358226094908,20,24,11,20,20,0,1,3.18,0,6
"1435","TRINITY_DN23279_c2_g1",1.29856372565609,0.601784900532279,6.49827306738901,2.52281058777879e-05,0.000940386089861178,2.93780259941889,24.78,20,31.54,24.88,31.02,60,44.85,70.88,63,61.92
"1436","TRINITY_DN23285_c0_g1",1.3687071882459,1.10207986837394,5.83796035741249,7.01624349248167e-05,0.00173333392314581,1.96023417230141,34,20.07,64.46,30,43,88,69,93,112,80
"1437","TRINITY_DN2331_c0_g1",1.36195001203402,7.41519579298929,15.6156843225081,1.59688664529999e-09,3.46128651861479e-06,12.4051587276726,3287,2546,2719,2324,3066,7498,5895,7098,9323,6029
"1438","TRINITY_DN23314_c0_g1",2.03548423202236,0.869066868382308,6.09416557235993,4.68423011973448e-05,0.00135454132342879,2.35654800911708,22.35,31.99,37.73,15.27,21,137.72,80.8,54.33,163.47,69.48
"1439","TRINITY_DN23337_c0_g1",1.11862093368761,0.992554936384721,6.3267196698461,3.27183156459821e-05,0.00110135461843291,2.69821222589508,38.47,31.65,45.69,36.47,30.31,75.72,55.45,85.96,93.21,62.5
"1440","TRINITY_DN23346_c0_g1",-1.43570138565939,2.80527643494084,-5.39759368390528,0.000143556146780459,0.00268947936318911,1.06936077122668,369.63,346.34,199.16,218.97,385.31,72.41,91.34,121.31,115.67,163.67
"1441","TRINITY_DN23362_c0_g1",-1.75434289461878,-0.485225575283822,-3.43109059941965,0.00476134522322464,0.0282984434207699,-1.9163020522213,42.7,38.52,33.27,14.12,54.47,2.49,17.9,14.62,6.68,12.68
"1442","TRINITY_DN23377_c1_g2",-1.21873184894951,0.66524961840773,-3.76420345962584,0.00255707458041616,0.018653546107925,-1.48785875410946,100.9,69.64,38.83,66.44,58.62,15.02,26.47,33.4,40.5,16.45
"1443","TRINITY_DN23381_c2_g1",-1.85502371950941,0.194446174858164,-6.74284255995244,1.75348701081203e-05,0.000742706779524318,3.21848852364026,89.08,51.21,65.69,36.09,55.41,10.29,10.84,16.35,22.36,11.93
"1444","TRINITY_DN23408_c2_g1",2.85077005215454,-1.9362979462651,3.02656039270134,0.0101964477928234,0.0476404415947164,-2.53124189335963,4.35,0,6.82,0,21.12,7.4,21.54,20.37,12.69,30.03
"1445","TRINITY_DN23419_c0_g1",1.14424886883933,2.2716117223802,5.9735310360457,5.6592889522475e-05,0.00153332897900215,2.07107666837314,85,58,83,100,107,230,142,140,241,189
"1446","TRINITY_DN23443_c0_g1",-2.38725553982984,-1.86958259276974,-5.44163768672825,0.000133472979047999,0.00256714059586416,0.704082340161262,17,22,18,13,16,1,2,3,3,2
"1447","TRINITY_DN23462_c0_g2",-3.38851367899679,2.00461580277524,-7.84706389222755,3.73442006953603e-06,0.000305701221225911,4.78069719597924,627.82,337.27,192.76,304.62,341.08,19.74,33.1,26.66,63.46,20.55
"1448","TRINITY_DN23492_c0_g3",-1.57445155833563,-0.780848061315902,-3.76502675129064,0.00255317365526811,0.0186339483126304,-1.33545324482736,34.61,26.27,23.65,16.38,42.41,20.98,3.94,6.3,12.34,2
"1449","TRINITY_DN2351_c6_g1",-2.04366198298754,2.18591230170429,-11.2290924565882,7.37549739759892e-08,3.60481050747548e-05,8.51633941435106,216.86,200,305,204.93,279.42,42.27,41.39,62.86,83.94,57.24
"1450","TRINITY_DN23520_c0_g1",-1.15985069056868,1.28354750626128,-5.73521667894234,8.27159665654188e-05,0.00191976182000066,1.78886496398593,117,68,104,74,123,48,33,35,61,29
"1451","TRINITY_DN23531_c3_g1",1.71963815189342,-0.172159487006749,4.90468969851648,0.000330334697104776,0.00463370164737321,0.518275510468436,16.01,10.18,17.01,14,11.05,53,27,20.65,59.29,51.87
"1452","TRINITY_DN23534_c0_g1",2.44675839894676,-0.367338263708209,3.09019519112752,0.00904382311101188,0.0438666777148546,-2.48544613300176,18,6,3,34,6,96,56,61,15,36.03
"1453","TRINITY_DN23536_c3_g1",1.92534727237911,-1.35929374887572,4.36794790932712,0.000849335729283132,0.00886742075642973,-0.442568242576292,14.11,4.08,2.26,3.54,8.09,13.89,14.85,18.79,19.59,24.77
"1454","TRINITY_DN23540_c0_g1",2.06718074843421,2.43495329876842,5.63492268496796,9.72724264201985e-05,0.00211853310368115,1.52963245935975,79,53.02,139.67,85.56,32.23,229.33,394.36,410.83,282.32,184.55
"1455","TRINITY_DN2357_c1_g2",-1.1867529635194,3.49040214919487,-7.83142234667709,3.81315172982153e-06,0.000307862036619555,4.67076109984079,379,354,563,503,410,175,160,182,244,205
"1456","TRINITY_DN2357_c4_g1",1.70786334039883,6.20945759775138,26.8790924138146,2.29787348054478e-12,4.51312724603649e-08,18.6345739845453,1063.64,1042.13,1160.16,975.93,1054.98,3613.62,3036.06,3549.15,3736.16,3134.72
"1457","TRINITY_DN23570_c0_g1",-1.81382792701834,-0.749122087691869,-5.48757948911873,0.000123745042828714,0.00244804032545233,1.30733219658093,35,26,28,33,29,10,5,13,6,3
"1458","TRINITY_DN23593_c0_g1",1.83908185388167,-0.821379291038363,5.29412407775431,0.000170524817092859,0.00298811026591574,1.02474076297138,9,7,14,11,5,27,17,31,36,20
"1459","TRINITY_DN23595_c0_g1",1.12567294281295,0.224356798511106,4.64716979190688,0.00051728347091489,0.00631761130396922,0.0849480367458497,20,18,23,29,20,52,41,42,56,26
"1460","TRINITY_DN2360_c0_g1",1.08484618933165,2.49210383087602,6.01989879984168,5.26129193927636e-05,0.00145957444353547,2.11746131597921,73.94,112.98,90.23,116.19,115.22,227.32,212.42,191.4,211.95,211.81
"1461","TRINITY_DN2360_c10_g1",-1.74652458133084,1.5642644510549,-5.90926565108749,6.26427360180205e-05,0.00162117222947502,2.04856519770741,175.58,85.46,162.91,140.99,149.46,71.49,22.37,32.71,30.82,60.56
"1462","TRINITY_DN23636_c0_g1",-1.16759459989424,-1.34914518265875,-3.19384008658855,0.00743901486838246,0.0383433838123936,-2.25958237904775,20,11,20,20,13,7,3,6,9,3
"1463","TRINITY_DN23641_c0_g1",-1.43598334688588,2.5561949245763,-7.37733805307946,7.07740257623388e-06,0.000438877174014759,4.13357261676709,295.07,264.06,286.57,177.51,245.13,91.95,63.94,86.68,177.23,62.85
"1464","TRINITY_DN23670_c0_g1",2.61120563830228,1.81370192203107,4.72403366705416,0.000452061025984799,0.00573888421910368,0.0930070398643972,17,72,44,26,56,140,214,107,403,426
"1465","TRINITY_DN23672_c0_g1",1.21372657373074,-0.375810413274739,3.42347352830362,0.00482988562954211,0.0285323247173318,-1.95932248577498,18.41,17.48,17.39,16.22,6.04,42.34,16.65,24.58,36.66,25.69
"1466","TRINITY_DN2369_c0_g1",1.2555470141549,2.29509463484244,5.32874315336505,0.000160953363912793,0.00288011774987238,1.01975560408994,95.44,85.84,46.8,104,96.18,183.26,193.32,169,196.44,240
"1467","TRINITY_DN23708_c0_g1",-1.3147261766003,0.110203522063517,-4.18011856592538,0.00119184529262825,0.0111497585613429,-0.694381367237014,67,46,48,22,56,17,7,15,29,17
"1468","TRINITY_DN23785_c0_g1",-1.48844886010762,0.719331761684688,-4.17927384193699,0.00119367340439553,0.0111563929938752,-0.75445921259754,109,59,83,78,46,59,21,16,18,20
"1469","TRINITY_DN2383_c1_g1",-1.27745917043513,4.51439109442093,-5.11782334245604,0.000229440256181809,0.00364485942467875,0.334827143805803,943.48,753.04,1510.94,547.91,1112.06,315.68,236.19,352.45,702.23,407.63
"1470","TRINITY_DN2384_c0_g1",-2.08416345263283,-0.699680977081591,-3.00096222704518,0.0107004705553405,0.0491704819426111,-2.60639180364313,17,44.9,25,23,103.49,6,4,2,16,10
"1471","TRINITY_DN23841_c0_g1",-1.08810624283834,-0.170181430839265,-3.82038348854859,0.00230438187946254,0.0174298816320507,-1.29338639537747,55.45,26,39.45,22.19,38,17.52,6.01,15.56,17.23,16.11
"1472","TRINITY_DN23868_c0_g1",1.56479657003686,0.378035598865037,7.23665878519431,8.61614352608764e-06,0.000489226199551307,3.90288394518645,25.66,17.31,21.44,14.29,25.31,42.95,54.14,62.77,71.41,51.97
"1473","TRINITY_DN23873_c1_g1",3.7412738999692,0.14704155451836,4.65137174190303,0.000513476145225997,0.00628951505355077,0.102390572680494,10,4,35,21,2,64,59,127,284,73
"1474","TRINITY_DN23873_c2_g1",-1.31794163580993,2.16068968748333,-6.0638180349863,4.91151034879226e-05,0.00139916300239052,2.22976547073718,204.86,161.98,153.23,199.08,192.15,82.11,46.53,92.49,54.19,95.58
"1475","TRINITY_DN23882_c0_g1",-1.37573903378693,-1.60657592798759,-3.47833041695525,0.00435774305729573,0.0266986069356476,-1.8096526013211,18.89,13.99,15.33,9.22,18.55,6.31,1,6.07,8,1.86
"1476","TRINITY_DN2389_c2_g1",1.00859873685758,5.34457661074111,8.46118376375971,1.68303905078856e-06,0.000192101379282232,5.33457399250516,719.55,690.71,1033.91,609.11,701.55,1339.77,1140.37,1548.77,1984.71,1448.65
"1477","TRINITY_DN2389_c2_g2",1.0798116178367,7.88466883001149,9.28258232481516,6.17626499493124e-07,0.000124155378545285,6.23183477984479,3795.82,4626.08,5336.44,3801.92,3623.32,9736.69,7261.85,8520.49,11796.7,7866.35
"1478","TRINITY_DN23895_c0_g1",-1.51271876664699,-0.0648062737376874,-4.13053505781638,0.00130421156710675,0.0118973209981652,-0.760796922777155,66,49,35,19,65,15,6,15,19,12
"1479","TRINITY_DN23897_c1_g1",-1.61286463769747,-0.236579106030101,-5.39005090950885,0.000145361754885939,0.00271108101995089,1.26345989613599,45.75,26.33,49.52,27.29,55,13.23,9.02,7,13.8,13.46
"1480","TRINITY_DN23898_c0_g1",1.6302183320007,-0.953493449708881,3.62780908513793,0.0032953568013768,0.0221914659758257,-1.55864923351598,9,9,20,9,3,23,13,32,24,19
"1481","TRINITY_DN23942_c0_g1",-1.55135944562944,0.844246396305932,-6.51966591167325,2.4430180223781e-05,0.000920049078476198,2.97493447931963,103.48,60.05,83.85,62.55,95.29,19.38,36.54,19.39,29.59,25.37
"1482","TRINITY_DN23942_c1_g1",-1.62574677646362,-1.06245517288405,-4.61711327034961,0.000545389039494065,0.00656270330337861,-0.00360023623692829,24.47,15.64,20.91,22.78,32.96,8.37,6.94,5.2,5.21,3.13
"1483","TRINITY_DN23975_c0_g1",-1.87881505837642,1.75339660606604,-8.05266941343807,2.84622900720995e-06,0.000260004472614572,5.04741224929053,208,157.24,153,117.25,222,55,20,53,63,38.18
"1484","TRINITY_DN23975_c0_g2",-1.77448915309172,0.205303737817881,-6.46142027070739,2.6668132700522e-05,0.000974804759523992,2.84601123531017,67.01,53.01,44.26,41.55,78.19,15.57,11.9,19.73,11.19,15.87
"1485","TRINITY_DN23975_c1_g1",-1.53710035452765,1.92420617226017,-5.96107149622421,5.77157018468065e-05,0.00154278867783852,2.09667626975066,223,167,107,151,207,50,40,79,52,64
"1486","TRINITY_DN23986_c3_g1",-2.37727848888584,-1.22586965756133,-5.59775926098669,0.000103331309992582,0.00219150827165245,1.22748234039445,28.03,26.01,26.77,26.99,21,2,8.78,3,3,5.02
"1487","TRINITY_DN23994_c0_g3",1.41400730858066,-1.73791146825012,3.04734972946887,0.00980459416635365,0.0463702146831637,-2.48404238231242,7.03,4.98,1.83,6.6,10.09,16.24,4.97,10.11,16.62,9.69
"1488","TRINITY_DN24026_c0_g1",-1.0161091987605,0.71280279653201,-4.44037579712289,0.000746137830419639,0.00813002256603104,-0.306186821969806,62,56,78,46,68,17,28,37,40,23
"1489","TRINITY_DN24050_c0_g1",1.63891239844399,1.55705923079799,5.06048229626011,0.000252923707695317,0.0039025086969157,0.671222165678509,39.52,34.05,53.34,69.48,33.6,170.73,182.56,109.54,94.89,132.39
"1490","TRINITY_DN24057_c0_g1",1.47428219272737,-0.367328908701792,4.36635048491234,0.000851771891939712,0.00888169506983277,-0.35179516450309,28,12,6,8,19,31,28,39,37,24
"1491","TRINITY_DN24074_c0_g1",1.05835612576433,0.832728151901163,3.53456923386498,0.00392223203088012,0.0248994057602785,-1.92982539344903,27,26,57,19,52,57,44,67,122,52
"1492","TRINITY_DN24075_c0_g1",-1.00259859529573,0.752932725691757,-3.79604134760792,0.00241057269668063,0.0179767061552161,-1.44678772097391,67.46,51.91,91.41,51.11,58.46,53.45,18.32,38.39,25.84,19.41
"1493","TRINITY_DN24109_c0_g1",1.43242565945237,0.508065401448299,5.4221020977551,0.000137850232644696,0.00261202875257925,1.33255545366471,22.03,23,22,16,39,78,31,71.06,71,53
"1494","TRINITY_DN2414_c0_g1",1.5104099066484,1.15991877868263,5.23266565668005,0.000189018099259436,0.00319970095157238,0.993485701490011,29,35,57,27,35,136.44,53,119,83,112
"1495","TRINITY_DN24150_c0_g1",1.11549064779644,0.328325432258303,3.69368068655892,0.00291491245178033,0.0204011133593437,-1.57378703435301,18,31,22,16,33,68,24,62,43,44
"1496","TRINITY_DN24165_c0_g1",2.99899515028226,-1.78933508600011,4.37161054696514,0.000843777233268636,0.00883158228220477,-0.628163408677113,3,1,2,9,5,26,9,30,15,24
"1497","TRINITY_DN24185_c0_g1",-1.29657551199908,-0.28418668611565,-4.41867741346723,0.000775613117866384,0.00832785089101154,-0.267984911763925,36.11,36.15,44.77,27.48,31.52,7.4,6.53,13.88,27.15,10.54
"1498","TRINITY_DN24197_c1_g1",-2.85567231823508,-1.82557635998264,-5.57180626089211,0.000107797338017707,0.00224389079034215,0.835740703790574,16.53,21.31,24.44,17.44,24.99,2,0,3,5.61,1.44
"1499","TRINITY_DN2421_c2_g1",-1.58199991601778,3.05104603824755,-6.73421277176125,1.77589834643723e-05,0.00074954346272044,3.16295640580862,246.58,381.81,408.02,420.31,437.89,204.75,79.84,96.54,169.64,95.41
"1500","TRINITY_DN24228_c0_g1",-1.49168743585301,-0.649050619159463,-3.57252536477397,0.00365356085712348,0.0237502894002056,-1.66550705378775,30.86,31,40.62,12,41.62,13,5,4,16,8
"1501","TRINITY_DN2423_c1_g2",1.14836105839372,-0.522794089849911,3.14731889946845,0.00812060830240254,0.0407167752873095,-2.41887518919248,12,9,14,8,29.09,26,11,26,36.58,31.94
"1502","TRINITY_DN24242_c1_g5",-2.64212356845849,-1.16660261341512,-3.46213787075984,0.00449202206361378,0.0272795095164228,-1.83343368702103,48.3,22.02,33.79,10.17,63.25,4.4,0,4.78,7.35,8.55
"1503","TRINITY_DN2433_c0_g1",-1.06333246352273,5.52338115127279,-7.0319123699697,1.15239541762244e-05,0.000585034305037997,3.32239165661174,1965,1891,1602.11,1136,2222,746,791,820,859,876
"1504","TRINITY_DN24339_c0_g1",-1.66248194726787,-0.696637387276121,-3.48856532142741,0.00427497738959188,0.0263636398401725,-1.80036045692521,40,30,36,12,41,4,12,4,22,5
"1505","TRINITY_DN24388_c1_g1",-2.51572904874272,-1.24626927197155,-4.29458962021476,0.000969030621779757,0.00970061919429442,-0.579110644335052,43,26,35,17,24,3.07,0,14,6,4
"1506","TRINITY_DN24392_c0_g1",-1.26694992132845,2.70803305376844,-4.13366636558319,0.00129680183370879,0.0118514137151025,-1.1438567969021,193,205,217,338,429,100,57,210,132,84
"1507","TRINITY_DN24399_c0_g1",1.13258123635227,-1.03119386907459,3.742819727397,0.00266056055298848,0.0191640208071359,-1.37041004655492,10.15,7.18,7.61,10.9,11.09,15.18,14.74,18.28,27.76,11
"1508","TRINITY_DN244_c12_g1",-1.2646739020804,1.95551820634931,-6.06256218025628,4.92116332704909e-05,0.00140008977462741,2.24774311394899,131.71,160.7,208.33,105.18,195.04,52.68,51.7,64.53,102.18,52.31
"1509","TRINITY_DN24402_c0_g1",1.37699893687104,-0.690926746784288,3.66688912721311,0.0030639250431117,0.0210887553740505,-1.50740271395498,6,10,21,13,10,26,17,27,22,28
"1510","TRINITY_DN24412_c0_g1",1.67753813275478,1.04957708843052,3.25373062187888,0.00664547215467182,0.0354411452785665,-2.45779050008654,47,39,7,41,48,107,145,93,52,101
"1511","TRINITY_DN24412_c0_g2",2.17259582100164,-1.12812617453153,4.1090115016423,0.00135634045842956,0.0122181141681903,-0.807736553514212,9,8,3,5,7,36,29,32,13,16
"1512","TRINITY_DN24414_c0_g1",-1.99126714446192,-0.834050350478705,-6.2401697003195,3.73607062926281e-05,0.001171410874721,2.2516656026227,34,26,34,22,36,8,9,4,8,3
"1513","TRINITY_DN24430_c0_g1",-1.24688796444326,-1.29371703582515,-3.45348264461603,0.00456551106778036,0.0275425754177404,-1.83967576404048,20,17,19,16,14,8,2,4,6,11
"1514","TRINITY_DN24439_c0_g1",1.31781534797081,1.08377445489343,5.52674776005091,0.000116040434930208,0.00235063202362769,1.47241340646557,41.04,28.02,66.66,25.51,29.02,93.06,69.19,68.92,100.54,98.6
"1515","TRINITY_DN24467_c0_g3",-1.28777386941202,1.15952707822329,-4.08440438608291,0.00141857998308611,0.0125881929328572,-0.981299513816026,126.07,128.54,46.62,84.65,96.13,42.58,26.17,36.78,45.39,25.8
"1516","TRINITY_DN24479_c0_g1",2.2751693827483,-1.72184749001151,3.02763936481313,0.0101757311788199,0.047566081903848,-2.51923945519053,6.15,0,7,1,26.49,11,12,26.7,19.99,14
"1517","TRINITY_DN24485_c0_g1",-1.50087274487384,3.06832682600178,-5.01696415573685,0.000272419484094286,0.00408571857417341,0.381245258547368,517.48,404.9,198,392.28,384.5,135.72,187.24,125.88,142.12,73.07
"1518","TRINITY_DN24496_c0_g1",3.54787597374662,-1.47817756624831,4.78259971210987,0.000408153613177471,0.00533884557108796,-0.0755440054801122,1,6,3,3,5,23,47,17,60,20
"1519","TRINITY_DN24561_c0_g1",1.23989234334812,0.13947176078208,4.02176012512679,0.0015906738795904,0.0136160482347562,-0.974520049645112,32.08,17.07,21.43,25.08,10.09,45.91,30.16,46.92,62.59,28.25
"1520","TRINITY_DN2458_c0_g1",-1.05231629117004,5.32859142206943,-5.25344132811288,0.000182541642049209,0.00313585405964136,0.47088187472806,1035.02,1468.33,2240,1385,1638.49,768.64,449,999.86,937.99,574.93
"1521","TRINITY_DN24597_c0_g1",-2.13892356634209,-0.896649505957305,-3.09111842323141,0.00902809686997561,0.0438027583788326,-2.4383648029263,38,24,37,29,24,16,15,0,9,7
"1522","TRINITY_DN24618_c2_g1",1.19472647816809,4.12778082774978,10.5265899955317,1.53044015091069e-07,5.69380842114555e-05,7.88382477823797,255.81,249.27,330.67,293.31,373.19,746.32,580.8,633.77,881.01,589.68
"1523","TRINITY_DN2465_c0_g4",-1.12562256382799,3.30662800451596,-4.66438337237904,0.000501870549182645,0.00619104814139486,-0.289811550940681,428.62,415.04,219.6,409.5,469.64,143.78,135.93,149.06,235.54,217.02
"1524","TRINITY_DN24665_c0_g1",-1.4256327515761,0.313829347919141,-3.02188277383975,0.0102867473595992,0.0479231114959441,-2.75636832875247,44.6,53.73,71.21,58.92,52.37,24.63,9.54,43.26,43.42,2.32
"1525","TRINITY_DN24673_c0_g1",-3.21107132554532,0.723834364325969,-8.22663584562088,2.27044575031572e-06,0.000227286208816244,5.02994507933666,164.21,117.22,135.89,80.04,193.83,14,3,14.46,34.52,9
"1526","TRINITY_DN24676_c0_g1",1.32142519708292,-1.24737686945892,3.70824900574823,0.00283701298884953,0.0199934419752778,-1.42804689425661,11,10,7,8,4,14,14,17,17,15
"1527","TRINITY_DN2470_c0_g3",-2.40257055855022,2.44015858422219,-8.33688001793035,1.97092943337947e-06,0.000210399882317488,5.41085727455926,226.4,384.32,396.14,210.41,462.43,48.1,50.77,45.7,89.93,69.54
"1528","TRINITY_DN24713_c0_g1",1.16962416798916,-0.368804249307798,4.14413997065036,0.00127233198025382,0.0116684264554073,-0.724521640144816,18,8,17,14,17,32,18,36,29,28
"1529","TRINITY_DN24719_c0_g1",1.7287431317609,-1.39932509221083,3.57534101920824,0.003634392580774,0.0236482665585856,-1.64871676237424,7.31,6.72,2.55,11.3,5.03,13.49,17.71,24.17,22.97,6.9
"1530","TRINITY_DN24722_c0_g1",-2.82293566067908,-1.66825803630017,-3.6981971983104,0.00289053081306217,0.0202988635897434,-1.54101396860391,41.26,18,18.26,13,35.97,4,0,6,14,0
"1531","TRINITY_DN24738_c0_g1",-1.38709312499997,-0.307914016202591,-3.88233171363396,0.0020552381321495,0.0161784287125174,-1.16811696670688,40,37,36,19,47,21,8,5,12,18
"1532","TRINITY_DN24748_c2_g1",1.70109010009942,-0.794327864225897,3.54228837315519,0.00386600981357754,0.0246395966939073,-1.70583041765273,12,8,6,15,7,47,22,10,37,23
"1533","TRINITY_DN24775_c0_g1",-1.67809529378047,-1.34027841444333,-4.7230744944941,0.000452819812765503,0.00574559076757409,0.0928139233200875,24.32,17,20.03,11.44,25,6,5,4.29,4.29,2.86
"1534","TRINITY_DN24782_c2_g2",-1.33234282852018,-0.991918819469741,-3.47721496579797,0.00436686103912309,0.0267378602801777,-1.80830047055666,35.17,14.23,18.88,20.14,23.05,6.03,2.01,8.13,7,14
"1535","TRINITY_DN24783_c0_g1",1.41481262281274,0.393488704618021,4.42512227976621,0.000766734261941403,0.00827001366520224,-0.299182848416489,16.08,16.16,38.9,30.77,16.14,40.26,53.44,75.23,64.76,39.47
"1536","TRINITY_DN2482_c1_g1",-2.56185340153927,-0.457498965481957,-6.8579763309099,1.4815810095126e-05,0.000677005115190022,3.08313158140533,52.58,55.41,38.29,45.94,39.55,8.11,9.06,6.09,3.25,7.55
"1537","TRINITY_DN24857_c0_g1",-1.58082022958818,-1.13455942126013,-3.7484061477538,0.00263311850780168,0.0190437918133523,-1.36321961370288,27.92,15.63,25.73,12.46,32.44,3.09,1.39,5.66,13.05,8.21
"1538","TRINITY_DN24898_c0_g1",1.22267650342279,-0.190178185696926,5.19949977659683,0.000199861341822497,0.00332233660349349,0.983238481775482,22,14,12,14,18,29,30,41,40,25
"1539","TRINITY_DN24916_c0_g1",1.94970462591517,-0.62076044457225,3.54462178625112,0.00384917630856116,0.024576458313358,-1.70686878368141,15.05,13.69,5.06,5.09,10.09,35.71,10.62,32.4,28.53,76.29
"1540","TRINITY_DN24926_c1_g1",-1.18949548414425,1.88930064059035,-4.70743651981741,0.000465379845392067,0.00586465658046783,0.0149230956582871,179.86,168.08,153.14,140.2,100.5,59.68,31.02,94.54,100.97,45.27
"1541","TRINITY_DN24964_c0_g1",-1.68844732291762,-1.13574471389414,-5.25088621763786,0.000183325437047772,0.0031449838310883,0.882446253070388,28.13,23,22.13,15,25,6,3,7.03,9,2.06
"1542","TRINITY_DN24969_c0_g1",1.44061966357522,1.69406425852028,4.87236073269325,0.000349298572630301,0.00479977446012635,0.329886525448078,35.06,45.09,78.99,76.51,41.16,90.93,137.65,121.56,221.42,136
"1543","TRINITY_DN2497_c3_g1",1.68263168159572,6.25395459705056,23.0394296864407,1.49938704262057e-11,1.86872355589408e-07,16.9391764576543,993.6,1070.26,1156.26,1118.42,1186.94,3645.09,3128.67,3405.2,4095.73,3196.51
"1544","TRINITY_DN24976_c0_g1",-1.69975612563092,-1.57050149853395,-4.57239740222181,0.000590178697081656,0.00695237518814658,-0.185725852544355,15,13,19,16,20,3,2,4,4,6
"1545","TRINITY_DN2498_c0_g2",-1.66420929161379,4.25938600974921,-11.1743725545744,7.79627092864258e-08,3.77347082141377e-05,8.5625648586606,734.05,713.06,1192.08,871.91,963.93,299.01,192.01,298.02,314.88,301.5
"1546","TRINITY_DN2498_c1_g1",1.47314469428031,1.52997552686714,5.44483723692066,0.000132770111535363,0.00255658106233003,1.30678184841071,38.57,54.67,66.94,51.18,29.34,118.82,79.89,111.83,147.9,175.53
"1547","TRINITY_DN24990_c2_g1",-1.57985780349498,-1.08211966069088,-3.18087184829157,0.00762302421868092,0.0389415540909827,-2.28938579133513,43.51,15.52,40.97,10.86,17.45,8.99,3,7.99,7.97,3
"1548","TRINITY_DN24996_c0_g1",1.62940399607069,-0.231922252022683,4.97445023319052,0.000292988707247775,0.00428968165122565,0.627476278736577,11.29,9.74,14.13,28.49,10.67,33.6,32.08,28.41,51.4,38.79
"1549","TRINITY_DN25_c1_g1",-1.21939584794575,2.79453462937102,-4.46350590807213,0.000715995147442495,0.00790926348004668,-0.561828864652642,242.84,239.56,249.02,206.68,501.22,106.07,129.14,154.47,167.63,56.96
"1550","TRINITY_DN25024_c0_g3",-1.23859206593864,0.777429067229852,-3.27665129915312,0.00636483275656928,0.0344523352240226,-2.38210245884815,113.37,101.72,44.8,29.08,93.23,27.02,23.31,29.31,28.07,26.26
"1551","TRINITY_DN25030_c0_g2",-1.65361180649056,-1.32697351208639,-3.17990196067105,0.00763696857504068,0.0389888166279061,-2.27835253850059,33.77,28.45,13.63,12.95,16.94,2.52,1,3.78,16.13,6.92
"1552","TRINITY_DN25051_c0_g1",-1.43607782029737,-1.39418105819961,-4.24229052505695,0.00106493521004872,0.0103732346671667,-0.612124286625328,16,20,16,13.55,20,6,3,7,4,4
"1553","TRINITY_DN25083_c0_g1",-1.46407607322063,2.72342758281046,-3.07167798936109,0.00936509474150734,0.0449050753244557,-3.10583338894005,411,185,375,331,206,96,145,56,408,28
"1554","TRINITY_DN251_c3_g1",-2.07335897034533,-1.64889820507178,-4.51151878351291,0.00065739444100354,0.00747902443344351,-0.334296862107606,21,12,13,21,27,4,2,3,5,1
"1555","TRINITY_DN2513_c2_g1",-1.10119133976542,1.84196401559922,-6.02629914955379,5.20872140124435e-05,0.00144905350455488,2.19910254063426,156.36,125.76,122.22,110.56,160.9,56.68,64.27,59.38,54,75.98
"1556","TRINITY_DN25131_c1_g1",1.07541731453368,-0.14239523979624,3.75990386859716,0.00257754627444891,0.0187506806391509,-1.40356413799658,23,16.6,18.41,7,27,40,29.89,27,44,23.82
"1557","TRINITY_DN25136_c0_g1",1.35347870588381,-0.452088612885036,4.01057823692115,0.00162358687700484,0.0138218368475619,-0.942791986738398,13.15,14,7,14.82,16,29.33,15.74,49,30.52,23
"1558","TRINITY_DN25143_c0_g1",-1.1460853970621,-1.11226775178713,-3.06828374731507,0.00942521051525284,0.0451108889993183,-2.48273808746143,20,20,20,21,13,8,5,4,6,13
"1559","TRINITY_DN25166_c3_g2",1.33503419808419,-0.0766238598340313,4.57148337806609,0.00059113316291142,0.00696190918275999,-0.0234824800459021,22.35,20,14.25,9.05,18.18,32.6,30,48,31.94,47.84
"1560","TRINITY_DN25168_c0_g1",-2.4126753133289,-0.758547888488918,-5.60409148472894,0.000102271497601323,0.0021840631733276,1.40624569591995,36.84,51.07,21.74,30.59,49.31,6.26,6.31,3.12,6.32,4.28
"1561","TRINITY_DN25169_c0_g1",-3.36172579561362,-1.9983627337904,-5.35969831075423,0.000152872425287688,0.00279200915968781,0.590682174976089,47,19,21,11,22,2,0,1,4,1
"1562","TRINITY_DN25169_c0_g2",-3.43222914994951,-0.0801381963154283,-7.30531437748898,7.82495610160349e-06,0.00046274915365746,3.57814481914679,126.6,58.36,90.58,63.47,94.23,9,2,9.46,19,1
"1563","TRINITY_DN25193_c0_g1",-1.97575027020688,-0.350141188967105,-5.01744224137143,0.000272196963561527,0.00408501255569615,0.676435120589539,35,64,37,25,62,12,4,7,18,6
"1564","TRINITY_DN25195_c0_g1",-1.57159104679221,-0.247914153122613,-3.44064056983304,0.00467680302832161,0.0279644173238346,-1.9272654185268,51,35,41,21,62,6,3,19,40,7
"1565","TRINITY_DN25203_c2_g1",-1.24700442268757,-0.601610863177638,-3.68219232547411,0.00297788181478123,0.0206954909091756,-1.4876431624765,21.35,33.71,24,38,24.68,12,4,8.8,13,11.26
"1566","TRINITY_DN25209_c0_g1",-1.27189110561544,5.42163486076647,-4.27124771444026,0.00101067918557356,0.00997138124646718,-1.29754424419267,1773.24,1540.9,3162.85,829.92,2175.06,642.55,415.39,709.16,1354.21,684.45
"1567","TRINITY_DN2521_c0_g1",-1.09548444245187,2.77611557161732,-7.10128369779176,1.04364518627262e-05,0.000554087789896155,3.71976353284107,243,245,263,252,289,187,103,92,142,95
"1568","TRINITY_DN25211_c0_g1",-1.77417427094701,0.248532392402062,-4.95316898845578,0.000303889235424444,0.0043886993202824,0.593784005171493,73,52,40,46.24,92,13,6,10,30,25.07
"1569","TRINITY_DN25223_c0_g1",2.19647553793412,-1.37506616139974,3.75524279673636,0.002599928656477,0.0188630325772692,-1.38094636338014,13,3,3,5,5,11,38,15,20,24
"1570","TRINITY_DN25224_c0_g2",2.23543857868827,-1.16179285183159,3.13694593915154,0.00828093639004903,0.0412433234951812,-2.34739585191407,20.89,0,6.33,10.64,7.23,15,26.56,15.4,35.47,32
"1571","TRINITY_DN25231_c0_g4",-1.76006125260722,1.50113270781314,-4.32479745249879,0.000917754296256443,0.00933921309068636,-0.589903583312152,118.65,104.32,79.73,127.81,337.67,30.67,39,45.01,37.67,38
"1572","TRINITY_DN25259_c6_g1",1.43978338082391,0.0358658942881094,3.26951858764992,0.00645086103717915,0.0347632445450754,-2.27792260418406,25,26,15,6,21,19,63,57,44,44
"1573","TRINITY_DN25267_c1_g1",-1.15112489672012,0.98235421184844,-6.26411459266289,3.60104158992461e-05,0.00115491104732226,2.60651176678138,106.4,71.29,77.79,63.07,71.19,37.71,31.13,27.98,42.85,24.16
"1574","TRINITY_DN25267_c1_g2",-1.48351706544837,-0.562908166486411,-5.20950110424431,0.000196524426927173,0.00329211433319904,0.958677038087427,33.77,28.95,32.49,27.32,32.16,8.78,2.96,10.98,17.3,9.31
"1575","TRINITY_DN25270_c0_g1",1.35523023160444,-0.491626498949817,4.08980957580204,0.00140466052377683,0.012511442038922,-0.80738441799626,15.15,7.96,13.18,13.24,12.89,19.05,34.24,22.87,29.09,36.1
"1576","TRINITY_DN25279_c4_g1",-1.15090567276278,2.36151394889378,-4.11196995767896,0.00134904963167037,0.0121727006855498,-1.12724579483895,165.27,168.12,231.33,127.79,356.95,123.59,46.2,120.73,88.64,81.95
"1577","TRINITY_DN25283_c1_g1",1.03170907706101,-1.04794893023875,3.34604879567398,0.00558590894868699,0.0315515883547351,-2.02868653958341,7.36,12.21,7.04,12.04,9.69,16.83,14.26,17.99,18.3,12.2
"1578","TRINITY_DN25288_c2_g1",2.19965761770778,-1.13438600195085,4.29065461471888,0.000975925254970442,0.0097460274417458,-0.533034374421851,7.18,3,7,14,4,19,34,16.68,21.31,30
"1579","TRINITY_DN25317_c0_g1",-1.77659367812267,3.68340316604125,-9.92940996600188,2.93874586888848e-07,8.23063470796052e-05,7.25598336162371,708.37,562.24,632.09,429.59,814.39,204.49,106.19,187.39,284.96,148.7
"1580","TRINITY_DN25322_c1_g2",-1.34538372508977,-1.1760603176463,-4.2665651716255,0.00101925496022438,0.0100400943552788,-0.542508999583696,19,17,24.29,12.1,25.11,6,5,5,7,6
"1581","TRINITY_DN25329_c0_g1",-1.2482505921807,1.98878469274951,-7.23406667294522,8.6476341590583e-06,0.000490455637919833,3.96608020566675,139,124,174,154,210,65,47,79,74,61
"1582","TRINITY_DN25336_c0_g1",1.21652466800815,-0.49685500708953,3.53464245769271,0.00392169481839683,0.0248991660445157,-1.7533248969242,15,13,9,24,9,19,24,33,37,19
"1583","TRINITY_DN25347_c0_g1",-3.44916987521072,-0.718291071366785,-8.47481053257486,1.65432576447797e-06,0.000191478430288456,4.17926742338229,51,46,73,47,52,2,1,4,6,8
"1584","TRINITY_DN2538_c0_g2",1.10470520259411,1.49992833501142,3.19615062099173,0.00740670168873841,0.0382282119565872,-2.65799787441462,32.01,35.87,52,104.06,60.92,199.42,72.67,92,130.36,68.94
"1585","TRINITY_DN25393_c0_g1",2.26296489835818,-1.46457614614383,4.29845008407425,0.000962315598665875,0.00965083877294103,-0.593132959673218,9,2,6,6,4,21.03,26,21,13.04,16
"1586","TRINITY_DN25396_c3_g1",-1.65310810725601,-0.84246312107227,-4.15279515723637,0.00125247052837008,0.0115350846574604,-0.704779004569714,42.34,23.69,35.33,17.22,22.08,5.18,5,13.65,12.29,2
"1587","TRINITY_DN25411_c0_g1",-1.53330624071288,1.02381794261981,-4.66428178324663,0.000501960094427979,0.00619104814139486,0.0546932383342487,110.58,85,89.17,41,163.77,29,21,28.53,46,24
"1588","TRINITY_DN25412_c0_g1",-1.01421452206447,0.935607213006945,-3.74475769222373,0.00265100774043611,0.019112252715399,-1.56464360908146,105.1,85.77,67.8,38.56,75.69,52.23,27.44,30.23,42.73,19.62
"1589","TRINITY_DN25417_c1_g1",1.91743808575588,2.13741188459751,9.25198903286242,6.40338008335877e-07,0.000125500872670407,6.49255018690645,56,51,86,58.99,52,285,227,237.01,204,165
"1590","TRINITY_DN25418_c1_g1",1.45251028746706,-0.975811149700221,3.25862159954557,0.00658455904463586,0.03522859219277,-2.17295516846939,4.71,6.73,9.39,15.67,13.5,27.46,9.49,29.54,23.51,14.6
"1591","TRINITY_DN25420_c0_g1",1.6396960046011,-0.50827609973177,5.58511272254966,0.000105482697360265,0.00221658404641584,1.51406912547925,16,11,12,9,9,23,20,33,47,32
"1592","TRINITY_DN25422_c0_g4",-1.96195018215429,-1.75538868687009,-4.67034906292658,0.000496641195245823,0.00614826260407003,-0.140054911713583,20.65,12.26,17.24,9.69,23.01,2.7,1.01,2.36,4.25,3.67
"1593","TRINITY_DN25423_c0_g1",-2.74295255564492,0.309495988365634,-5.26979009468855,0.000177609088057409,0.00307977247545253,1.09292910447902,105.68,66.84,140.43,38.68,102.17,3.57,13.87,5.43,35.53,13.51
"1594","TRINITY_DN25437_c0_g2",-1.23442230109433,-0.421911221267597,-3.77707474863556,0.00249677959391202,0.0184102873976181,-1.34054450296027,24,39,31,21.53,45,8,5,14,19,12
"1595","TRINITY_DN2545_c0_g1",-1.60349377090123,3.97323053044158,-6.68879631888793,1.8989597528277e-05,0.000781096044205606,2.98307470610235,531.73,675.54,649.93,711.56,1100.98,277.76,115.26,227.91,398.79,215.98
"1596","TRINITY_DN2547_c1_g1",-2.3518014085852,4.62257009843726,-8.49622006263335,1.61026493133989e-06,0.000189934580661913,5.47290187841033,1738.43,1118.11,2297.18,815.75,1756.12,312.45,133.47,307.52,454.4,287.43
"1597","TRINITY_DN25518_c0_g1",1.13454749027994,-0.660188887359115,3.04962932723165,0.00976255194668184,0.0462503565711233,-2.56725701015301,13,6,9,12,26,31,20,23,18,22
"1598","TRINITY_DN25529_c0_g1",-1.1492099238544,-0.436642615652192,-3.70998612878103,0.00282786733326846,0.0199333414201659,-1.45667227975922,29.14,28.36,34.31,15.35,48.83,15.05,9.84,9.96,14.04,8.65
"1599","TRINITY_DN25570_c1_g1",-1.09338265848099,6.50656334714128,-12.7035776627298,1.79126638306368e-08,1.56666671920831e-05,9.96448709911682,3438.96,3454.32,3447.08,3026.34,3968.41,1597.71,1568.25,1770.25,1584.28,1468.12
"1600","TRINITY_DN25578_c0_g1",-1.3222840232193,-0.279171341987592,-5.47266578541885,0.000126818495312216,0.00248712920802514,1.3894489135823,32.24,33.04,40.9,28.04,41.07,17.33,7.23,9.21,14.31,12.37
"1601","TRINITY_DN25610_c4_g1",2.25558981612519,-0.71349209329953,7.1951206087256,9.13580349069756e-06,0.000507084874325818,3.39603087882154,9.39,8.05,5,11.41,7.03,39,22,37,40.19,25
"1602","TRINITY_DN25611_c1_g1",-1.21764389165586,-0.137194420017004,-3.2472208995383,0.00672742682244507,0.035766493481855,-2.29677259049844,53,62,24,32,26,13,21,14,12,11
"1603","TRINITY_DN25626_c1_g2",-1.91104107068618,-0.534586568583691,-5.96327050684442,5.75158374455259e-05,0.00154017919266128,2.0051734015325,26.88,38.13,33.29,37.91,46.76,6.06,6.04,6.06,13.11,7.12
"1604","TRINITY_DN25665_c0_g2",-1.25364583378698,-0.101863576329358,-4.99712424114117,0.000281823721709347,0.00417278229829999,0.666905942142134,50.01,34,34,29.02,49,14,11,10,26,12
"1605","TRINITY_DN25665_c2_g1",-1.88394658584862,1.40449626196722,-5.95274753985061,5.84789200044693e-05,0.00155466343259168,2.12761588961675,142.73,62.05,163.38,157.34,167.82,40.59,27.95,44.74,31.99,26.65
"1606","TRINITY_DN25704_c0_g1",1.31699993575775,0.00913802628607523,4.52343828988808,0.000643633806866191,0.00737294948844215,-0.107677994348762,25,10,12,22,24,34,38,33,47,45
"1607","TRINITY_DN25710_c0_g1",-1.61740500435327,-0.47691034717798,-4.5368323238701,0.000628527540739437,0.00726587349704584,-0.075395326502349,38,39.68,24.01,21.01,52.94,5,8,13,12,9.73
"1608","TRINITY_DN25720_c0_g1",-1.4354542174089,-1.58296100777199,-3.02140290611608,0.0102960560171706,0.0479395822045666,-2.52604922825079,10.74,12.96,13.62,17.3,24.39,7.16,4.83,1.03,6.86,2.01
"1609","TRINITY_DN25745_c0_g1",1.40215046893373,-1.02959972495974,4.09648187666597,0.00138767204892565,0.0123940149041741,-0.798548170809653,9,10,6,10,8,17,20,15,18,25
"1610","TRINITY_DN25760_c0_g1",-1.32788448673063,-0.542216682511955,-4.19528159637163,0.00115951770892731,0.0109604543691986,-0.630458501367628,44.46,30,30,24.05,23.73,9.85,4,12,21,6
"1611","TRINITY_DN25770_c0_g1",-2.4636926479251,-0.839917329687174,-5.05726231733121,0.000254314906546389,0.00391066040593989,0.628405254708223,55,41,22,32,30,8,11.05,2,4,4
"1612","TRINITY_DN25782_c1_g1",1.3687796179162,-0.750973801948537,3.89241659056498,0.0020173745600428,0.0159663714783003,-1.12780129567788,11.33,17,4,13,10.93,26.97,21,19,25,21
"1613","TRINITY_DN25787_c0_g1",-1.67348431294961,-0.731011501457984,-4.31740392082984,0.000930038904501599,0.00941234866141255,-0.436361706385695,39,18,21,30,44,4,6,9,10,9
"1614","TRINITY_DN25814_c0_g1",-2.36408788629504,-0.253316178130622,-7.35236028746427,7.32766078431123e-06,0.000447636487716732,3.77989271512972,64,38,47,36,70,12,8,8,6,8
"1615","TRINITY_DN25818_c1_g3",1.35977437182266,2.07836334582404,3.08427375043425,0.00914534204667015,0.0441699997144591,-2.96677318297783,75.63,30.06,128.45,166.45,35.46,324.25,123.5,135.51,244.7,109.68
"1616","TRINITY_DN2583_c3_g1",-1.31308844989551,0.280629258450237,-5.73138432403131,8.3227753251929e-05,0.00192714964369179,1.80851675053634,56.35,40.98,60.15,49.4,49.78,24.49,11.32,22.19,26.63,10.16
"1617","TRINITY_DN25835_c0_g1",-2.43688594714994,-1.58999625888073,-4.75543665266629,0.000427936995519435,0.00552048202693348,-0.0295691273204088,23,29,13,19,24,2,4,1,6,2
"1618","TRINITY_DN25863_c0_g1",-1.79858062791583,0.21194977030989,-4.82229032723852,0.000380945652297108,0.00508577149823206,0.382428399241476,61,48,71,75.22,38.13,30,18,16.01,11,6
"1619","TRINITY_DN2588_c4_g1",-1.51774317431979,-0.159719503993719,-5.84405651223373,6.94837720300036e-05,0.00172413647544886,1.94009847363204,47.05,34.56,34.98,35.55,51.9,18.07,13.29,9.01,15,7
"1620","TRINITY_DN25924_c0_g1",-3.76190062283963,-2.42258693821752,-5.97692159448852,5.62913533216476e-05,0.00152872862188998,1.2401132353716,27,16,17,11,27,0,3,0,1,1
"1621","TRINITY_DN25931_c0_g2",1.26914655357467,0.346284408564151,4.85465060029999,0.000360166178447981,0.00490315797219203,0.4239592785977,20.1,12.29,34.18,18.42,32.39,49.04,49.05,43,54,51
"1622","TRINITY_DN25945_c0_g2",-1.38395969368602,-1.16796689116504,-3.0493683465792,0.00976735602495836,0.0462599277894974,-2.50189614858301,16,18,27,20,21,18.98,1,8,9,2
"1623","TRINITY_DN25977_c0_g1",1.03931969604423,1.17824417473512,4.39150488996956,0.000814237157052059,0.00862012422818354,-0.445941457123666,60.52,42,33.42,31.48,46,123.35,74.02,57.41,81.6,85.85
"1624","TRINITY_DN25998_c0_g1",-1.61855469471193,-0.347630812341648,-4.77546998858901,0.000413252152257077,0.00538610707097309,0.308822890384089,32.5,41.72,57.42,20.67,39.68,10.46,13.78,11.33,11.41,5.26
"1625","TRINITY_DN26_c18_g1",-1.03046306603505,1.77992318222147,-6.40292415754608,2.91355426709134e-05,0.00102577274630865,2.77870690104839,165.47,97.16,147.72,110.35,122.44,59.45,46.94,67.68,68.62,60.15
"1626","TRINITY_DN26000_c0_g1",1.53235511410729,0.349224906329197,7.01035336812385,1.18859735511839e-05,0.000596685650583353,3.60836836626738,19,13,26,22,25,54,42,59,69,48
"1627","TRINITY_DN26023_c0_g1",1.11919639644511,-0.721260035504447,3.34210297804472,0.00562749839806984,0.0317218088691741,-2.06173452734463,10.02,9.83,16.17,12.79,10.2,17.43,25.77,19.04,37.55,12.13
"1628","TRINITY_DN26060_c4_g1",-1.10762636784195,1.25253613849886,-4.61839023906719,0.000544163190161415,0.00655111507344048,-0.0571191330834591,111.37,74.9,133.61,51.61,104.39,38.99,30.92,39.97,64.62,31.6
"1629","TRINITY_DN26075_c0_g1",-1.36492015503339,1.18994953684532,-5.94464395555557,5.92321764591887e-05,0.00156613609882323,2.12109568470704,146.67,87.46,85.2,65.51,105.72,38.5,20.07,34.22,46.67,38.05
"1630","TRINITY_DN26105_c0_g1",-2.18442288231737,-1.88067668006429,-4.24055679759611,0.00106827774401981,0.0103892037778502,-0.784600814577559,18,15,16,12,20,3,4,3,5,0
"1631","TRINITY_DN2612_c1_g1",-1.40618979814472,2.6291851190336,-8.12215181098643,2.5994800885075e-06,0.000246818267513217,5.12629632088417,352.37,233.53,253.83,206.77,268.2,78.1,79.69,86.96,161.55,92.6
"1632","TRINITY_DN26144_c0_g1",-1.6795253757707,0.143158993560506,-4.16888686493277,0.00121639071464866,0.0112986884901616,-0.709035102606567,99,42,62,35,43,7,8,12,41,18
"1633","TRINITY_DN26149_c0_g1",2.01812994971857,-0.576679180888337,5.437923327939,0.000134293848072384,0.00257597199228648,1.26910630507893,6,16,11,5,14,25,23,38,52,31
"1634","TRINITY_DN26159_c1_g1",-1.49628052367715,0.790251858760949,-5.28755494893236,0.000172407539658642,0.00301157430784942,1.10872742825655,87.18,79,104.28,57.44,61.4,29.34,34.44,25.85,34.32,9.9
"1635","TRINITY_DN26163_c0_g1",1.52584660796753,0.222113742378775,3.14660810496074,0.00813149454718732,0.0407580331450764,-2.52258607672705,7.84,29.31,41.2,12.78,19.89,72.39,43.7,69.81,27.18,49.69
"1636","TRINITY_DN2617_c5_g1",-2.15139053013864,-0.575972443476627,-3.61216280832389,0.00339294350596053,0.0226043582256649,-1.58993176526401,69.21,36.32,14.47,41.45,52.93,5.34,5.5,12.19,14.85,1.68
"1637","TRINITY_DN26172_c0_g1",-1.44982966930571,-1.06208969260657,-3.89897806827301,0.00199312485069422,0.0158234538117746,-1.11723658152679,16.81,16.86,26.64,16.94,33.07,5.74,5.97,5.6,5.06,9.51
"1638","TRINITY_DN26182_c0_g3",-1.34352201986604,1.05805498044953,-4.27570630217076,0.00100258297091456,0.00991505035687436,-0.628145132875735,124,57,142,45,101,41,19,31,43,30
"1639","TRINITY_DN26223_c0_g1",-1.32923571817245,4.91109248679258,-9.64478642357838,4.05520962747385e-07,9.62687455040256e-05,6.84307036099925,1565.95,1228.76,1152.99,899.07,1445.15,459.81,486.23,544.58,641.3,358.8
"1640","TRINITY_DN26226_c0_g1",1.04611529439794,-0.52188331469456,3.1107480343279,0.00870013044421812,0.0427275739371102,-2.48595973640018,17.93,17.72,9.07,11.25,12.16,28.43,18.07,43.39,20.04,16.13
"1641","TRINITY_DN26311_c0_g2",1.40969733715255,-0.114465397440657,4.54699131389494,0.000617315984094522,0.00717367220397767,-0.062144510075214,18.05,7.36,14.17,25.26,19.22,43.18,34.69,32.43,51.22,25.9
"1642","TRINITY_DN26325_c0_g1",-2.13587899512908,-0.00851483999122498,-4.9469018197297,0.000307179585488424,0.00442340694552009,0.585018515525207,106,52,49,27,68,13,3,21,15,8
"1643","TRINITY_DN26340_c0_g1",-2.27459227188292,0.324052660429285,-6.53022597674186,2.40462044496854e-05,0.000912310068820521,2.93693755568462,79,78,44,75,89,11,11,9,13,27
"1644","TRINITY_DN2635_c2_g1",-1.02232925625207,0.173530827506661,-3.14388231496814,0.00817337752704416,0.0409112836690946,-2.52999349128082,35.32,50.04,35.75,41.16,56.33,9.18,10.4,23.75,38.25,21.63
"1645","TRINITY_DN2636_c0_g3",-2.99270260493789,-0.816655344530853,-5.81696425280594,7.2553879272202e-05,0.00176670886936007,1.58395085867818,44.86,60.8,29.25,33.01,44.67,4.12,7.18,7.7,1.72,3.31
"1646","TRINITY_DN2641_c5_g1",1.18562640652109,2.37601367915644,3.23592513953132,0.00687205847657359,0.0362647116791175,-2.74899784625066,56.26,58,152,153,79,329,216,250,141,132
"1647","TRINITY_DN26436_c0_g1",-1.26196863781719,3.95959877645875,-6.92065692164219,1.35270811103376e-05,0.000647183852777025,3.32383865151127,489.63,540.06,626.95,537.03,1015.63,300,221,277.02,269.05,235.07
"1648","TRINITY_DN26449_c0_g1",1.14415005303962,4.04472787663766,6.62804626632457,2.07789577354075e-05,0.000830708404156593,2.86666809652935,214.33,302.81,314.54,296.24,319.24,528.77,465.92,631.32,1035.44,603.44
"1649","TRINITY_DN26449_c0_g2",1.68014843070192,-1.07886420633612,4.33348936697006,0.000903527093260859,0.00924349193111709,-0.436382590472554,6,7,14,8,6,29,13,27,22,13
"1650","TRINITY_DN26467_c3_g1",1.77217419501417,-1.31014644323476,5.17248458370166,0.00020917532510202,0.00343252715020112,0.723342321999905,9.95,5.67,8.9,4.52,4.62,22.81,11,17.69,22.11,15.43
"1651","TRINITY_DN26486_c2_g1",1.05599136357454,0.468852324186971,4.3880579353717,0.000819277490606906,0.0086511128554712,-0.373337966017318,21,25,27,31,27,44,55,35,66,51
"1652","TRINITY_DN2649_c4_g3",-1.577222654315,-0.947432301849284,-3.2397280028156,0.00682302011295431,0.0360938053577155,-2.20348393037511,22.33,24.9,29.18,11,37.67,9.95,8.61,6.24,2.22,10.48
"1653","TRINITY_DN26505_c0_g4",-1.15402703154057,0.634223847459672,-4.52287038709397,0.00064428258856749,0.00737529733360621,-0.154670291459779,49.18,70.56,89.81,50.76,54.98,22.75,15.9,31.98,41.43,18.64
"1654","TRINITY_DN2651_c1_g1",3.7721277381794,1.39474450064545,11.3175835202368,6.74576693716103e-08,3.41072735683226e-05,8.2046661485866,20,6,32.01,26,28,240,258,234.1,288.78,243.56
"1655","TRINITY_DN26544_c2_g1",1.66613636434811,-0.580957472992141,4.45611125563723,0.000725491729040058,0.00798761907416829,-0.207477663083558,10,15,6,11,12,43,15,26,27,40
"1656","TRINITY_DN26544_c2_g3",-4.04816070596954,-1.11769580989781,-2.99368020445611,0.0108483372428979,0.0496622733305959,-2.57127745771432,40.01,56.09,269.77,19.6,24.01,1.07,1.09,3.23,2.19,1.07
"1657","TRINITY_DN2656_c0_g1",-2.61622223862898,0.42146868190633,-8.54426892257193,1.5158786825331e-06,0.000183781274094345,5.35118680112093,66.42,95.54,131.98,73.74,76.19,14.11,14.87,11.2,13,9.26
"1658","TRINITY_DN26579_c0_g1",-1.35475840989641,-0.63682670483961,-4.90897544504805,0.000327902706777146,0.00461256592577907,0.501978609982507,37,34,25,19,27,10,6,11,12,6
"1659","TRINITY_DN26602_c0_g1",1.00339515336771,0.33850387247476,3.87156168695925,0.00209648042940364,0.0163995807447548,-1.26116048421441,34,17,30,18,25,38,60,33,52,44
"1660","TRINITY_DN2661_c5_g1",1.77000857357483,3.25077145263817,12.5675563832405,2.02873100684793e-08,1.63126333684499e-05,9.87183368494112,128.84,104.44,161.14,151.84,127.19,538.45,373.93,392.09,524.24,456.92
"1661","TRINITY_DN26620_c0_g1",1.05951571843183,1.87413795857981,3.66112211329766,0.00309700530290033,0.0212518933744652,-1.87197193656296,98,69,41,66,69,100,134,215,111,147
"1662","TRINITY_DN26639_c0_g1",-1.07903011061115,0.808677151193132,-4.36962094652135,0.000846791997216795,0.00885013028034568,-0.438510476140031,81.79,64.92,50.98,48.29,95.01,23.91,28.68,41.55,28.68,26.3
"1663","TRINITY_DN26658_c0_g1",-1.06700210909227,2.59318863472948,-3.76305191082946,0.00256254109197325,0.0186796843190733,-1.81217576983069,315.37,176.57,236.86,132.58,323.99,104.41,45.68,112.89,174.53,137.03
"1664","TRINITY_DN26679_c0_g1",1.07057148722543,-0.272657948953728,4.21605703144559,0.00111668945395515,0.0107017145997743,-0.610188476575119,19,15,17,8,23,33,19,28,39,29
"1665","TRINITY_DN26684_c0_g1",-1.19912636325903,5.33815776841126,-11.26827269301,7.08922255709978e-08,3.53419012139095e-05,8.60377644925734,1754.9,1832.22,1711.05,1271.45,1454.74,680.67,587.09,711.72,757.96,706.23
"1666","TRINITY_DN26692_c0_g1",1.34630689211277,0.000528247895025236,3.49783422732569,0.00420140124375221,0.0260545411375518,-1.87497247695812,17,22,8,30,17,48,24,25,48,60
"1667","TRINITY_DN2670_c2_g1",-3.3053276753175,-1.79143371402401,-3.43181763603182,0.00475485491299764,0.0282767245589492,-1.93363225699758,15.3,43.94,15.46,28.95,30.39,18.02,0,12.17,0,0
"1668","TRINITY_DN26738_c2_g1",1.28427315756194,0.769811967792008,4.52177982837943,0.000645530368115583,0.0073847068654669,-0.16936269032749,42,28,16,32,35,67,74,90,57,52
"1669","TRINITY_DN2674_c0_g2",-1.00123736288465,5.81300363661493,-10.0821444675491,2.47981582632198e-07,7.40276996345089e-05,7.28888699480667,1958.18,2054.91,2411.58,1880.47,2065.63,1164.49,741.25,963.36,1381.91,938.09
"1670","TRINITY_DN26740_c0_g1",3.3679548039792,-2.26341971901094,4.50379908126967,0.000666469402636547,0.0075461047307835,-0.468896722150557,4.47,0,6.23,2.08,0,33.42,10.8,11.04,11.71,19.83
"1671","TRINITY_DN26761_c0_g1",1.07002994130803,-0.081011246176077,3.74443360840429,0.00265260280050455,0.0191165490831189,-1.43753275199755,18,10.16,20.66,25.19,19.01,33.26,39.03,23.68,43.07,30
"1672","TRINITY_DN26790_c0_g1",1.38346750063087,-1.23188586412416,3.00027103782817,0.010714418943092,0.049215988699645,-2.58002071974737,5,12,8,3,15,27,14,15,12,16
"1673","TRINITY_DN26800_c0_g1",1.38716902795687,1.21303599512726,4.5255062676264,0.000641277047946177,0.00736117537906073,-0.209805594252379,54,43,54,23,26,90,119,129,70,85
"1674","TRINITY_DN26811_c0_g1",-1.69398048331298,-0.632861482812137,-4.20296686495602,0.00114348012079578,0.0108597401729666,-0.617828781563713,42.77,34.95,33.5,26.28,21.89,3.26,16.3,9.77,13.45,3.29
"1675","TRINITY_DN26812_c0_g1",-1.70801330233389,-1.07333864326369,-4.3722494205118,0.000842811535478193,0.00882332706387953,-0.380999130769836,35,22,22,17,23,8,1,10,5,8
"1676","TRINITY_DN26815_c0_g2",-1.50234096917109,1.60213555545686,-7.54049604970742,5.65089548001818e-06,0.000384330276078235,4.38735235370701,113.21,122.63,168.44,132.98,127.47,71.73,31.07,46.21,42.18,39.18
"1677","TRINITY_DN26829_c0_g1",1.00696118927858,5.99183214118309,11.4669989641234,5.80975651269577e-08,3.18770702321102e-05,8.77581220970821,1091.91,1047,1135,1280,1280.98,2427,2206.98,2218,2468,2211
"1678","TRINITY_DN26834_c0_g1",2.73896540386579,-1.83421087760684,3.05098593391578,0.00973761780452504,0.046193687354552,-2.49499202394993,12.89,0,8.77,6.14,0,11.86,29.24,24.05,10.81,17.61
"1679","TRINITY_DN26845_c0_g1",-2.42389973132336,-0.999655859013795,-6.80544376593426,1.59963257944214e-05,0.000705097108602377,2.72879850579188,36.33,23.45,39.89,21.46,39.73,5.07,2.04,6.08,6.1,2.02
"1680","TRINITY_DN26859_c0_g1",-1.69383702485859,-1.00217399495153,-3.43819938759483,0.00469826800134043,0.0280573496251587,-1.86814291620208,22,15,33.99,15,47.99,2,4,10,10,7
"1681","TRINITY_DN26860_c0_g1",1.30330347842704,4.9824162058079,9.01613232688574,8.48529941907312e-07,0.000134779632382286,6.07530316489713,404,466,708,482,576,1292.02,1377,1448,1295,990
"1682","TRINITY_DN26864_c1_g1",-2.65294469357971,-0.977389295148281,-6.3328916025396,3.2411471495202e-05,0.00109472160464113,2.16364116994977,37.16,34.81,36.85,20.91,46.77,9.1,3,1.24,7.45,2
"1683","TRINITY_DN26864_c4_g1",3.2109757168337,-1.36070436709545,4.29152274696625,0.000974399821631348,0.00974067662077152,-0.668685729100703,9.04,0,1,8.21,9.68,14.17,28.75,38.14,44.36,26.97
"1684","TRINITY_DN26916_c0_g1",1.23212791669098,-1.24281234450036,3.36020386932174,0.005439252143076,0.0309264412738102,-1.99304206109672,7,12,11,4,8,19,7,19,21,12
"1685","TRINITY_DN26927_c0_g1",1.52885741134554,-0.865592897891128,4.03790998734856,0.00154434636919677,0.0133478327918804,-0.888352669792987,7.19,10.17,22.19,4.67,8.08,27.45,13.81,29.36,25.22,18.19
"1686","TRINITY_DN26938_c0_g1",1.75702849795044,-1.42030029132745,4.3114354757162,0.000940079886574729,0.0094946925821333,-0.527531294598032,4.22,8.39,9.08,2.08,8.42,15.47,14.58,18.69,15.36,16.59
"1687","TRINITY_DN26945_c0_g1",-1.79286477716728,-1.00522980816098,-3.87787126498362,0.00207221681443221,0.0162712592297825,-1.15253482984434,36,27,13,21,32,10,7,5,3,6
"1688","TRINITY_DN26950_c0_g1",-1.14586398145679,-0.750932957163507,-3.60908420003673,0.00341248920067367,0.0226860680252279,-1.60278453824241,21.87,32.2,24.41,18.82,25.08,17.54,3.9,9.15,11.85,5.62
"1689","TRINITY_DN26954_c0_g1",-1.20640438192063,-0.641682176450589,-3.93035268295958,0.00188124353394786,0.0152348333167483,-1.06866211037987,38.73,21.59,27.89,16.84,31.29,17.93,5.96,10.24,10.45,5.51
"1690","TRINITY_DN26977_c0_g1",1.58450575079739,0.53808176174312,4.95575038322883,0.000302544704713244,0.00437896530055182,0.582383882291816,19.15,13.43,15.58,36.39,41.01,72.29,45.86,47.71,81.56,72.66
"1691","TRINITY_DN26983_c0_g1",-1.749179846568,-0.122158563344771,-5.56834597100318,0.000108407968725687,0.00224791659548225,1.53518460654904,72,32,57,31,43,10,7,9,22,12
"1692","TRINITY_DN27_c0_g2",-1.28818725833975,-1.16646191591229,-3.59744550536636,0.0034874246190194,0.0230289275547607,-1.60656739060776,21.49,23.65,21.48,14.54,14.48,4.53,8.7,3.06,9.16,6.15
"1693","TRINITY_DN2701_c0_g2",1.21415793056283,0.498780120483684,4.73464581474223,0.000443753854076561,0.00566226283267949,0.21438541203767,27.47,24,33.53,15,30,65,28,54.06,89,47
"1694","TRINITY_DN27020_c0_g1",-1.79367074870249,-0.678828067868945,-5.1655419880428,0.000211641675853098,0.00345791923756006,0.86432878733164,42,21,26,25,49,5,6,7,11,8
"1695","TRINITY_DN27029_c1_g1",-1.1299198406839,2.03223619822034,-4.1927403614603,0.00116487174941546,0.0109807660620675,-0.925023376578997,179.68,154,101.09,194.54,168.19,60.54,43.69,65.99,75.53,120.3
"1696","TRINITY_DN27058_c0_g2",-1.92438868107287,-1.84707388985728,-4.54242343289154,0.000622331185526623,0.00721345654314316,-0.348392285889784,12.64,16.81,12.74,16.14,17.28,3.08,1.36,2,5.97,1
"1697","TRINITY_DN2706_c2_g1",-1.13452361087108,0.124625851770801,-3.29600123047932,0.00613723163151853,0.0335997593373702,-2.25132391711847,54.39,26.03,52.05,37.99,49.02,27.56,31.74,14.34,17.76,6.76
"1698","TRINITY_DN2706_c3_g1",-1.30842536355432,0.281162374397164,-5.2438923377087,0.000185488967314024,0.00316575881119686,1.05580860947844,66,47,61,29,56,20,21,13,23,16
"1699","TRINITY_DN27088_c0_g1",1.85656149699965,-0.909092363702916,3.36558554933969,0.0053845209034271,0.0306852446957649,-1.99102905315324,4,6,17,16,6,19,49,16,32,17
"1700","TRINITY_DN27095_c1_g1",-1.02200309022867,3.01329384836817,-5.53954075663141,0.000113634699692956,0.00231698596474149,1.26699360998992,353.69,251.07,266.63,274.33,354.54,134.74,113.96,115.41,283.55,122.33
"1701","TRINITY_DN27095_c1_g4",2.16816929032466,-1.11888804227449,5.66546527902558,9.2573301637108e-05,0.00206582668151958,1.39431174963123,10.16,3.15,4,6.25,9.23,31.31,23.93,19.9,29.22,15.41
"1702","TRINITY_DN27191_c0_g1",1.26127264864398,-1.05209469760074,3.11179148089869,0.00868303461022858,0.0426562203807376,-2.41424446556536,10,8,20,9,4,20,19,16,18,15
"1703","TRINITY_DN27253_c0_g1",1.16041107886282,-0.964471193903359,3.13563172703553,0.00830147457265206,0.0413109814204854,-2.38487269611023,13.24,3.51,11.81,11.45,12.76,19.37,13.45,23.16,19.62,15.11
"1704","TRINITY_DN27290_c0_g2",-2.20718340912963,-1.42175421462389,-3.64881989294505,0.00316879596680738,0.0215685318469441,-1.54929527753805,47,13,17,24,18,1,4,2,6,8
"1705","TRINITY_DN27298_c0_g1",-1.07642037823285,2.35655296522691,-6.36158356251852,3.10244962345545e-05,0.00106887644145214,2.66590484205144,213.6,179.92,228.55,157,188.97,80.31,52.4,96.96,152.89,85.79
"1706","TRINITY_DN273_c3_g2",1.04923239152528,1.94131654183377,6.82050142013158,1.56480669095553e-05,0.000697143055980395,3.3813740599664,74.69,65.39,71.62,79.84,61.02,122.59,114.79,149.04,185.48,142.89
"1707","TRINITY_DN27336_c3_g1",-1.41569529115285,-1.07993939039418,-3.3343886554862,0.00570971452008286,0.0320284677334619,-2.03930943442423,27.77,22.44,19.02,13.68,23.83,5.09,7.14,1.05,13.53,9.42
"1708","TRINITY_DN27347_c0_g1",3.39788191835204,-2.26238597369516,5.30955240109104,0.000166187413981104,0.00293098477703832,0.51278712561394,3,0,4,6,0,15,20,16,17,12
"1709","TRINITY_DN2737_c0_g2",-1.09183680270514,1.75598631876999,-6.37939949142328,3.01950108158995e-05,0.00105266564629723,2.74596137253825,105.52,135,127,140.61,135.22,63,48,48.03,83.38,50
"1710","TRINITY_DN27405_c0_g1",-1.35914902441058,-0.393898662505519,-4.91325133040849,0.000325494956795739,0.00459035362974201,0.526474130365913,49.96,32,35,20,32,14,8,8,15,10
"1711","TRINITY_DN27500_c0_g1",-1.38122448021146,0.330052188284061,-3.35238783785229,0.00551974396631191,0.0312877539457132,-2.17429783752101,85.84,54.18,72.05,17.43,71.13,17.66,10.32,15.49,38.24,17.11
"1712","TRINITY_DN2752_c0_g1",-1.48966629990843,3.19079125803021,-5.31706438406746,0.000164117633037911,0.00291071650977365,0.878070145121857,340,240.84,657,536,328,107,128,153,217,112
"1713","TRINITY_DN27535_c0_g1",-1.6673644860503,-1.2096410136601,-3.78253322536845,0.00247165100541769,0.0182763597705559,-1.31212863555196,26,30,14,19,18,4,2,7,4,12
"1714","TRINITY_DN2755_c1_g1",1.33693245979167,1.926489727114,7.64641944476826,4.89112034687226e-06,0.000353386989351627,4.52644710316292,70.91,46.45,55,70.34,76.66,192.06,144.99,125.16,195.48,128.95
"1715","TRINITY_DN276_c4_g1",-1.31305133002444,7.0843923109756,-11.3135537432106,6.77315323704479e-08,3.41072735683226e-05,8.57266646060801,6275.86,5007.58,6125.1,4121.69,6015.68,2186.99,1839.35,2074.11,3284,1849.26
"1716","TRINITY_DN276_c4_g2",-1.01984761921659,2.89424069016942,-6.12296009886574,4.47884100996377e-05,0.00131653101927903,2.23023421195289,399.06,220.02,241.71,228.78,306.18,133.3,112.42,125.36,194.38,114.44
"1717","TRINITY_DN27634_c0_g1",-1.52368946857256,-0.88727189029082,-3.88463667632806,0.00204652033284579,0.016130462949148,-1.13815727029765,34.51,38.19,20.19,16.88,19.89,5.93,6.27,13.57,7.03,3.41
"1718","TRINITY_DN27698_c0_g1",-1.18152909162891,2.40422085738197,-4.14585320919666,0.0012683748764824,0.0116407018993515,-1.07244201560307,320.44,151.22,181.41,139.05,281.16,79.65,47.51,120.22,90.44,138.18
"1719","TRINITY_DN27699_c3_g1",-1.64688732394158,0.0489239104997697,-3.58661277903512,0.00355867712961274,0.0233382717684846,-1.71270217734482,112,33,24,56,49,12,13,13,12,19
"1720","TRINITY_DN27706_c0_g1",-1.59867374178772,-0.785845009527343,-4.22660168446296,0.0010955808536431,0.0105701106454468,-0.583246631821443,34.8,33.99,22.39,20.41,27.04,9.26,5.04,2.02,13.46,10.47
"1721","TRINITY_DN2774_c0_g1",-1.23550499728325,3.37814058704227,-5.83263458797093,7.0761057662429e-05,0.00174195351674711,1.70281256107882,365.31,409.68,433.49,426.42,435.28,325.35,99.64,147.88,257.46,118.85
"1722","TRINITY_DN27750_c0_g2",1.56246006963316,-0.715608859433262,3.10193301219477,0.00884590761083267,0.043205156473287,-2.4593493206598,15,6,14,23,4,31,13,18,54,21
"1723","TRINITY_DN27755_c0_g1",-1.09081121956444,1.16620030205258,-5.45396898034993,0.00013078539971932,0.00253086437331749,1.34899548307675,98,83,97,62,94,42,28,29,71,29
"1724","TRINITY_DN27831_c1_g1",-5.37087922957121,-2.22084381833837,-8.4862457456753,1.63063407464543e-06,0.000189934580661913,3.41626400888727,61.49,36.68,30.09,18.04,50.27,1.3,0,0,0.6,0
"1725","TRINITY_DN27845_c0_g1",3.43490302802904,-0.932515415359172,4.06446136742893,0.00147117984793634,0.0129010956832313,-0.916800737264709,1,4,6,8,11,65,86,41,25,24
"1726","TRINITY_DN27857_c0_g2",-2.64973923701165,-1.30136924492156,-3.77197139430187,0.00252050995898053,0.0185021139606991,-1.36670150843438,24,30,18,21,51,0,5,10,5,4
"1727","TRINITY_DN27858_c0_g1",-1.21415322506416,2.02549495874938,-4.60122091459194,0.000560887981393436,0.00671454964152858,-0.191817367701566,113,111.13,170.55,200,250.04,66.04,60,84.14,86,45
"1728","TRINITY_DN27866_c0_g1",-3.20338734742909,-2.44221031784592,-4.83481900160598,0.000372755906307085,0.00500672219144129,-0.0674948565456406,13.39,21.6,14.1,20.91,10.37,3.06,2,0,1.19,0
"1729","TRINITY_DN27878_c7_g1",-1.41455261370077,-0.973944622852078,-3.0369672393608,0.00999837529305739,0.0470101861251335,-2.54019212921739,32.52,15.04,36.84,11,28.49,5,6,3,19.66,6
"1730","TRINITY_DN27891_c0_g1",-1.13409660504213,-0.303451773011897,-3.29054600358073,0.00620055425365457,0.033823857228082,-2.19782447796033,53,33,25,23,35,12,13,18,22,4
"1731","TRINITY_DN279_c14_g1",1.37261653774381,-0.88794274926054,3.28357942307733,0.00628237936709052,0.0341543575340855,-2.13937548463386,24.57,11.03,4.15,5.84,9.9,26.15,13.7,15.64,40.37,14.54
"1732","TRINITY_DN279_c7_g1",-1.11904817516527,1.25391167242277,-3.12250625383225,0.00850941879986947,0.0420103045583177,-2.74455861771511,153.83,80.74,72.84,41.86,160.28,62.07,24.64,33.13,55.26,33.33
"1733","TRINITY_DN279_c8_g1",-1.05574955585945,1.24156115526762,-3.66117081099872,0.00309672444634244,0.0212518933744652,-1.76131506576998,109.81,84.85,105.33,72.1,82.87,30.63,16,54.15,98.9,35
"1734","TRINITY_DN27908_c0_g1",1.10143607810028,0.613291516021234,3.85163935707563,0.00217502340235848,0.0167746661011413,-1.32913722226347,37,50,27,16,22,54,37,49,97,54
"1735","TRINITY_DN27920_c0_g1",1.41256890297954,1.57007882110293,4.52911271515397,0.000637188421754087,0.00733281495607259,-0.250581301965267,31,51.67,48,69.19,53.4,157.89,117,129,198.56,56
"1736","TRINITY_DN27937_c0_g1",-1.15741551086382,0.850032332147405,-5.48649781559153,0.000123965299518492,0.00244857800576527,1.42096005296024,63.62,75.53,68.61,70.06,75.97,33.51,21.76,45.59,27.14,22.83
"1737","TRINITY_DN27948_c0_g1",1.13899806246768,-0.397158989436852,3.27429207596296,0.00639315880276754,0.0345456477123748,-2.21696226668652,24,8,11,25,11,25,28,32,26,25
"1738","TRINITY_DN27960_c0_g1",1.1158309796671,8.05169373941332,8.47276338028997,1.65860575894216e-06,0.000191478430288456,5.18884199089119,4235.76,4718.86,4779.54,6235.49,3718.98,10801.72,8527.97,10994.07,10950.01,10476.27
"1739","TRINITY_DN27999_c0_g1",1.03630126446535,1.71184214324463,5.26078206396287,0.000180309332561595,0.00310982496322745,0.977729762570882,66.51,66.82,63.49,32.17,80.74,120.62,131.08,122.24,125.59,104.89
"1740","TRINITY_DN28001_c0_g1",-1.92084587583744,0.670730191360935,-6.58598327300162,2.2122152669643e-05,0.000867707062973811,3.0567463732797,82.44,84.79,74.5,77.71,92.09,15.94,5.88,27.29,43.94,18.35
"1741","TRINITY_DN28001_c1_g1",-1.03137019003261,3.538312930329,-7.92066566691436,3.3865214159799e-06,0.000290582189588375,4.78457594836157,421.05,371.33,487.32,419.76,448.71,200.34,145.53,188.04,323.53,220.74
"1742","TRINITY_DN28002_c0_g1",-1.66173775726445,0.899031066956727,-8.33473457634952,1.97633772564113e-06,0.00021048380295917,5.31165274253215,116.74,79.77,80.82,75.05,84.87,30.2,13.59,27.59,33.01,24.14
"1743","TRINITY_DN2804_c1_g1",2.81172171923989,-1.03833639134937,4.94450795453037,0.000308446212167006,0.00443523767382803,0.383230922145858,3,6,4,10,7,53,37,19,24,32
"1744","TRINITY_DN28049_c0_g1",-1.58446864542042,2.05321532802173,-4.21453297138427,0.00111977496690133,0.0107194443188433,-0.87421435435578,235.69,191.84,134.71,172.12,221.18,92.06,16.65,32.96,144.39,88.38
"1745","TRINITY_DN28051_c0_g1",-1.26660960519465,-0.588666952284448,-3.57014241552491,0.00366986378690473,0.0238283041636574,-1.67854559661417,33,29,26,27,26,18,11,10,14,2
"1746","TRINITY_DN2808_c3_g1",1.24275791819554,-0.623510916879679,4.59610627674511,0.000565972961782286,0.00675495572509751,0.0181796409780981,12.37,8.56,11.6,11.66,14.68,28.43,23.56,25.01,21.53,21.1
"1747","TRINITY_DN28143_c0_g1",-1.38074402364984,0.0909360069014822,-4.52026903720957,0.000647263115084131,0.00739632991866298,-0.115571091052399,58,36,56,38,43,34,6,17,13,16
"1748","TRINITY_DN28162_c0_g1",-1.74833392167813,-1.10424670525814,-4.46576705208768,0.000713117117877306,0.00789010567379194,-0.24480377055522,27.73,13.53,38.29,18.59,24.15,4.25,3.37,7.92,7.68,3.44
"1749","TRINITY_DN28198_c0_g1",-1.96362875859181,-0.493293811281315,-5.11705386494765,0.000229739792461787,0.00364636035453597,0.815380829183046,44,33,37,39,31,9,6,5,5,23
"1750","TRINITY_DN28206_c0_g1",2.29674371542261,0.816428856045962,10.2411530327453,2.08252365834242e-07,6.7304963772603e-05,7.2289949646477,19.62,14.45,30.58,18.32,28.9,92.47,70.65,114.52,129.75,97.56
"1751","TRINITY_DN28233_c0_g1",-1.0281474528726,-0.475058442802164,-3.33618701826862,0.00569044045985002,0.0319573649031095,-2.09918895707011,44,31,26,20,23,12,8,7,23,11
"1752","TRINITY_DN28255_c0_g4",1.39177715290603,-1.16289859418749,4.12509909282436,0.00131717885909946,0.0119696167813864,-0.761866581001956,8.12,4.1,10.43,6.97,11.34,14.95,11.71,22.25,21.06,16.02
"1753","TRINITY_DN2830_c0_g2",5.20956934106057,-2.04918909095987,5.35867390276311,0.000153132916064258,0.00279229526867282,0.631895669725335,21.44,0,0,0,0,66.98,45.17,16.4,56.73,19.82
"1754","TRINITY_DN2833_c3_g1",-1.46498390004405,1.12916977358397,-6.86104296564861,1.47498173787566e-05,0.000676324020224835,3.46074034488359,81,71,116,97,116,39,35,28,39,22
"1755","TRINITY_DN28340_c0_g1",-1.01969839851853,-0.664982863395516,-3.082065473566,0.00918349257833709,0.0442813285141541,-2.51228225440639,41.08,23.01,16,21.08,25.87,11.07,6,6.03,17.06,11
"1756","TRINITY_DN2836_c3_g1",-6.1808840267053,-0.627958652475519,-4.03692119588416,0.00154714246667258,0.0133627327427283,-1.03512208196702,209.5,204.21,102.53,44.04,282.73,0.67,0,0,97.87,0
"1757","TRINITY_DN28375_c0_g2",1.26765335686764,-1.15088077289068,3.2080581946695,0.00724239595216609,0.0376138311702611,-2.24635574231459,12.13,11.37,8.21,2.24,10.49,15.86,13.05,13.8,17.49,23.97
"1758","TRINITY_DN28407_c0_g1",2.86520254923137,-1.39983402079404,3.75684923107247,0.00259219221158969,0.018829747679496,-1.41401701196425,5,1,6,14,3,39,19,18,15,45
"1759","TRINITY_DN2844_c0_g2",-1.94169639018289,0.689144825024706,-6.77853020683923,1.66394494655152e-05,0.000720075064413482,3.32374541505949,117.4,95.06,70.9,51.01,86.7,13.83,14.64,23.24,20.42,28.52
"1760","TRINITY_DN28449_c0_g2",-1.22458181939351,1.77718138869959,-6.69207645380031,1.88977561288735e-05,0.000777960228152544,3.20731604651078,170.72,126.7,155,92,146.46,53,36,55,85,59
"1761","TRINITY_DN2845_c0_g1",1.14730554644001,6.63665419562043,8.40869553861032,1.79871221805477e-06,0.000199088828944496,5.18196972386895,1686.8,1800.27,1479.88,1873.43,1886.97,3981.49,4298.81,3998.61,3269.19,3513.34
"1762","TRINITY_DN28452_c0_g1",-1.380173583387,1.86877519553136,-5.62067842356001,9.95492724898307e-05,0.00214377100709958,1.55822186153443,221.54,150.6,126.72,107.09,183.01,61.58,29.86,64.48,104.05,43.29
"1763","TRINITY_DN28462_c0_g1",1.02347697135992,1.26112387635925,3.42556658894126,0.00481095268833053,0.0284651182195204,-2.19696058493132,47,52,55,43,30,100,108.02,44.01,99.02,103
"1764","TRINITY_DN28484_c0_g1",1.24384333233284,1.29257567098459,3.8803943115558,0.00206259523439356,0.0162161425989942,-1.37020724815998,28,31,41,68,56,112,135,96,71,79
"1765","TRINITY_DN285_c1_g5",1.26133954374616,-0.0491284690672105,3.33654462526298,0.00568661562773934,0.031950281628501,-2.15479620448762,10,27,21.96,22.26,12,36.75,26.47,68.38,36.75,24.94
"1766","TRINITY_DN28508_c0_g1",-1.27296650947451,-0.84664183878121,-3.2867529249474,0.00624497119998876,0.0339940116001789,-2.13632251467073,28,13,29,23,31,8,2,14,14,6
"1767","TRINITY_DN28518_c0_g1",-1.14203937875173,-0.108422049296266,-4.29969919121224,0.000960153191923349,0.00963884757892765,-0.477485452214524,48,29,35,33,39,12,17,22,12,12
"1768","TRINITY_DN28521_c0_g1",1.07035888921768,0.505341021768331,3.11531971114146,0.0086254769117027,0.0424278145514667,-2.63337324671985,23.12,29.2,28.01,29.03,22.08,80.82,79.01,50,36,30.01
"1769","TRINITY_DN28541_c0_g1",1.1553390557251,-0.828876126053269,3.21715979264591,0.00711928347474032,0.037191411407967,-2.26247044434173,16.11,14.06,7.02,8,9.12,25.12,17.09,13.04,39.07,12
"1770","TRINITY_DN28547_c0_g1",1.76223545508268,-1.2395172829293,3.4466738349779,0.0046241789295236,0.0277879932706774,-1.85056537167273,12,7,2,4,12,26,18,15,12,26
"1771","TRINITY_DN2856_c5_g1",-1.23955173637704,-0.0842931740882021,-4.76245453938871,0.000422731752449171,0.00548038671866908,0.289659349464307,39.46,46.19,47.14,28.37,33.41,14.69,9.82,19.28,12.5,16.19
"1772","TRINITY_DN28587_c0_g1",-1.45602773199038,-0.723160970421529,-3.52595033635907,0.00398599094758837,0.0251657749214188,-1.73807684979026,37,30,24,33,19,10,4,11,20,2
"1773","TRINITY_DN28602_c0_g1",1.28135946432068,-1.12317429523289,4.46471063585291,0.000714460247387555,0.00789755802949263,-0.227345604387507,11,9,7,8,7,21,12,16,19,16
"1774","TRINITY_DN28665_c0_g1",1.61520695869894,-1.01304697456724,4.02100650278525,0.00159287036053258,0.0136301692556867,-0.92158271746599,18.19,8.34,5.1,3.23,9.48,25.87,14.7,17.91,19.01,29.07
"1775","TRINITY_DN287_c1_g1",-2.03997813752235,0.142317033307126,-6.36779835179606,3.0732436494147e-05,0.00106396121982133,2.69403205494568,79,49,52,48,78,18,3,14,24,11
"1776","TRINITY_DN28720_c0_g2",-1.05432963357393,-0.131254619278743,-3.26451089811514,0.00651195859385883,0.0349971304823097,-2.27250260860847,40.9,34.94,49.48,21.99,32.24,23.12,20.59,7.05,14.3,14.08
"1777","TRINITY_DN28842_c2_g1",-2.98574487621578,0.0974918949552742,-3.25336189612111,0.00665008727612163,0.0354460388085632,-2.23253581918322,107.28,84.6,92.24,48.07,85.92,0,0.76,77.82,55.17,14.96
"1778","TRINITY_DN28868_c1_g1",-1.52517302618835,1.44233925424795,-6.20687043835424,3.93282340186587e-05,0.00121476483923928,2.509107993319,135.01,115,77.26,134,146.99,33,37.01,31.86,51.01,46.19
"1779","TRINITY_DN2888_c0_g1",1.20921732875795,5.67385574143073,7.44062497597805,6.48315641941073e-06,0.000415964989674238,3.90958796081634,569.03,859.19,1189.74,1049.16,818.33,1921.03,1827.57,2217.96,2250.9,1749.56
"1780","TRINITY_DN28897_c1_g1",3.14227324282445,-1.8827979080028,4.52765993857861,0.000638832163859079,0.00734156290107577,-0.424726054744629,3,2,0,9.63,6,19,13.96,13.99,19.98,33.91
"1781","TRINITY_DN289_c8_g1",3.79907765978674,-1.52598712141193,5.05767874233589,0.000254134538983456,0.00391029912714267,0.267523114641891,5.11,1.02,2.15,4.07,2.1,23.48,45,44.02,52.35,11.62
"1782","TRINITY_DN28919_c0_g1",1.55249566518358,-1.15410866438951,3.66131857729926,0.00309587238587813,0.0212518933744652,-1.50316046457978,5,6,11,11,7,15,19,21,14,23
"1783","TRINITY_DN28932_c0_g1",-1.19526439871735,1.03364578500803,-5.02772864314255,0.000267455054013862,0.00403921139283643,0.662443054914313,134.01,71.4,82.75,56.57,73.45,34.17,33.17,23.15,45.44,31.27
"1784","TRINITY_DN28938_c0_g1",1.56884893524893,0.947937294233001,8.13322245460451,2.56232119591568e-06,0.000245262307745418,5.08731893408261,29,31,35,33,24,72.01,80,93,103.01,74
"1785","TRINITY_DN28944_c0_g1",1.15141447058079,0.27194786329754,4.01058882067097,0.00162355539522927,0.0138218368475619,-1.00841782028408,22,20.29,16.91,28.19,24.8,48.49,20,53,55.25,55.26
"1786","TRINITY_DN28962_c0_g1",1.19693933080402,-0.206962510129202,3.93796190546316,0.00185509490812091,0.0150917177634712,-1.08675438271259,12,19,16,16,16,27,33,46,25,32
"1787","TRINITY_DN28969_c0_g1",1.9224581332986,0.204040299734472,4.98247110895972,0.000288987137819266,0.00425192092263808,0.642036557807072,10.32,29.67,7.21,17.49,27.49,92.59,39.71,52.14,53.77,49
"1788","TRINITY_DN2898_c0_g3",1.09889391441395,3.83702739856706,3.8522396520235,0.00217261319355369,0.0167629870633603,-1.86875673737849,260.88,272.75,123.68,377.09,299.54,485.64,618.48,555.92,434.28,639.46
"1789","TRINITY_DN29_c1_g1",-1.21477500340547,-1.47806280167463,-3.09378873022788,0.00898276500457752,0.0436299477565475,-2.41574957185127,18.25,11,21,15,12,4,6,3,10,3
"1790","TRINITY_DN2900_c1_g1",-1.47275439606884,-0.258062421318339,-3.41032177319437,0.00495059082311019,0.0290538822282155,-1.98569393793368,54.4,25.72,68.73,17.59,39.4,18.4,7.55,22.93,9.96,5.49
"1791","TRINITY_DN2902_c1_g2",1.22987402232183,1.1929697690854,4.19893445038694,0.00115186615440543,0.0109023466655203,-0.785028234072823,59.35,36.43,26.69,56.85,29.97,99.89,106.18,95.23,67.07,81.28
"1792","TRINITY_DN29088_c0_g1",-2.32311959879591,-1.34655899709041,-3.96669785507958,0.00175966899589304,0.0145902578001688,-1.06991348158078,21,28,19,36,22,5,0,4,8,7
"1793","TRINITY_DN291_c0_g1",1.29463259105337,4.32966247499659,6.49197682495689,2.54681736800868e-05,0.00094539453646565,2.62514419288661,390.73,217.84,378.5,307.21,397.96,898.9,466.24,912.75,1302.99,678.14
"1794","TRINITY_DN2912_c1_g1",1.29529823846119,2.0544584826436,5.62313824583258,9.91521127211398e-05,0.0021389140092977,1.53698892939689,70.68,56.31,60.25,117.18,59.33,228.04,154.72,127.18,197.79,140.86
"1795","TRINITY_DN29139_c0_g1",1.02634422144278,4.70129372516154,6.12694122399406,4.45120191858236e-05,0.00131382930282467,1.99779306954118,587,502,347,568,389,977,1006,900,941,934
"1796","TRINITY_DN29145_c0_g5",1.37904889309639,1.53769381527366,2.99414955920266,0.0108387455725311,0.0496365959055108,-3.02617250597477,49,18,54.99,97,57,143,131.41,56,278,76
"1797","TRINITY_DN29151_c0_g3",1.08363608716693,-0.101563048533778,4.51204562001271,0.000656779814190464,0.0074755965647556,-0.123483670702185,14,14,21,24,17,34,29,33,41,28
"1798","TRINITY_DN2918_c0_g1",-1.10674085179618,2.39573709320404,-4.80587502249115,0.000391961310130742,0.00519140467426883,0.107616371817408,261,237,222,152,145,113,118,84,104,53
"1799","TRINITY_DN29197_c0_g1",-1.48223858262143,-0.633036232662654,-3.25834700743642,0.00658796391315524,0.0352430266082764,-2.1996100221836,50,32,13,22,45,12,4,7,16,6
"1800","TRINITY_DN292_c1_g1",-1.22074430602099,4.85306087129842,-16.1093247017285,1.10422198375964e-09,2.51808165648342e-06,12.7728769494525,1221.92,1141.4,1209.75,975.74,1177.78,521.82,455.19,514.48,548.42,413.2
"1801","TRINITY_DN29233_c0_g1",1.84504863672083,1.73430917108758,10.0105784298154,2.68448546889743e-07,7.76729504583547e-05,7.26606163561135,41,54,63,44,36,188,160,145,181,139
"1802","TRINITY_DN29234_c0_g1",-1.08039557362669,0.920994713270121,-4.82499712155919,0.00037916050094803,0.00506801431050043,0.331626638942593,84.03,56,88,56,85,33,17,42,53,23
"1803","TRINITY_DN29272_c0_g1",2.44437763862091,-0.0256233773976807,5.94173803820244,5.95047814169581e-05,0.00156874239448948,2.0622041368638,5,19,15,21,9,48,62,50,61,62
"1804","TRINITY_DN29279_c0_g1",-1.03758278479642,0.212440241481891,-4.16773471538539,0.00121893794820661,0.0113088178651631,-0.729020812365959,51.74,43.42,54.99,35.99,38,14,18,15,38.81,16
"1805","TRINITY_DN29295_c0_g1",-1.00819041336005,-0.243938344661467,-3.23424125538214,0.00689388553822869,0.0363606512629407,-2.30931450212904,51,30,21,29,36,21,8,20,13,10
"1806","TRINITY_DN293_c3_g1",1.10703881023286,2.03702783066219,4.71808419682192,0.000456789044290149,0.00578417684150287,0.00728555241574647,66.59,54.87,96.01,86.28,68.41,134.36,205.37,186.24,137.35,129.53
"1807","TRINITY_DN29338_c0_g1",-1.21017655053104,-0.537370095144539,-3.42282254780349,0.00483578950400791,0.0285570497682192,-1.93764036525148,42,21,25,18,44,11,6,20,13,5
"1808","TRINITY_DN29340_c0_g1",-1.31433598372488,1.30929722717471,-3.22291185992966,0.00704256602005815,0.0369066586563607,-2.56677582429423,130,78,140,116,64,76,48,11,46,46
"1809","TRINITY_DN29375_c0_g1",1.35712076324259,0.965297840245817,4.66251491803705,0.000503520154102742,0.00620721816085163,0.0533745744865479,44.38,21.06,18.12,39.5,52.18,78.82,85.46,60.95,85.36,88.36
"1810","TRINITY_DN29376_c0_g1",-1.45948909909307,0.539932712572313,-4.95652918841957,0.000302140283443763,0.00437611840514873,0.583612873698514,72,50,67,44,96,22,7,27,35,22
"1811","TRINITY_DN2939_c0_g1",1.15533193375302,0.403814991624452,4.02114467366207,0.0015924674188787,0.0136290606409201,-1.00353205180476,28,28,30,15,22,88,29,59.96,47,38
"1812","TRINITY_DN29396_c0_g1",-1.4080363762527,-0.650943504128982,-5.26380683912996,0.000179397853795785,0.00309678712094227,1.03133498747735,36.74,23.86,33.44,23.03,24.25,11.15,7.43,6.23,11.14,7.24
"1813","TRINITY_DN29410_c0_g1",-1.30556523346404,-0.323030664706287,-3.29584297861444,0.0061390593513879,0.0336023853584477,-2.18023440243552,45.04,35,38,14,50.93,9,5,9.67,29,13
"1814","TRINITY_DN29413_c0_g1",-3.20451020727448,-1.8364692021153,-4.22126400955825,0.00110621390636849,0.0106348576610475,-0.825433343563066,32,36,14,11,34,1,2,1,12,0
"1815","TRINITY_DN29420_c0_g1",-2.4567238655497,-1.96155456211202,-3.98144595241054,0.00171266889172079,0.0143303063433357,-1.16215344520802,22.52,12.63,22.1,9.16,20.09,2.01,1.06,0,5.51,4.4
"1816","TRINITY_DN29421_c2_g2",1.18273666473691,-0.739542859873953,3.01603950435329,0.0104006708718296,0.048211104113772,-2.61296105698525,8.18,6,16.12,13.13,16.29,43.09,16.46,18.43,21.43,15.12
"1817","TRINITY_DN2943_c0_g1",-1.08465219141427,4.55639491739083,-4.46659804372659,0.000712062436454049,0.00788854414323193,-0.838916096045573,1101.55,897.03,899.23,697.95,917.12,614.45,172.4,356.06,750.98,406.42
"1818","TRINITY_DN29476_c0_g1",-1.21356876176736,1.58085158091995,-6.25383825048555,3.65834789782977e-05,0.00115870151048607,2.56939817610334,166.61,115.21,127.2,76.1,115.82,44.62,48.41,43.16,61.98,47.61
"1819","TRINITY_DN29490_c0_g1",-1.93032918071372,-1.64665043802922,-4.56677124315044,0.000596079332244279,0.00700361606183691,-0.240181891088997,24,20,13,13,17,5,2,6,3,1
"1820","TRINITY_DN2951_c0_g2",-1.09687324693363,6.28510962226497,-5.24340905599007,0.00018563945497752,0.0031661593393754,0.371251100578863,3952.26,3256.33,1990.5,2925,3102.91,1353.66,815.19,1477.76,2298.53,1215.22
"1821","TRINITY_DN2951_c1_g1",-1.62458473998079,3.12878440661986,-4.79588057948595,0.000398830582760975,0.00525030394570449,-0.00952792054466212,515.53,290.33,454.79,496.32,313.75,223.63,43.29,130.39,286.2,78.66
"1822","TRINITY_DN2952_c7_g1",1.63821976948244,-0.936099779466038,3.85780307859753,0.00215040575454053,0.0166647253351639,-1.18232203794389,6.44,10.62,19.3,4.07,7.43,19.22,32.81,18.18,32.12,13.91
"1823","TRINITY_DN29535_c2_g1",-1.0835910496715,1.38566989035193,-5.16429039242546,0.000212089538247309,0.00346074018590755,0.854987649022647,138.32,90.63,108.81,66.44,100.64,31.76,37.35,48.95,67.92,42.49
"1824","TRINITY_DN29537_c0_g1",-3.40968610116701,0.358370022247244,-9.23708536689789,6.51724289079256e-07,0.000125836387345783,5.82109667498492,166.95,114.09,105.71,70.88,102.26,11.44,2.78,13.12,9.08,10.43
"1825","TRINITY_DN29542_c0_g1",-3.69520720967248,-1.42585576840353,-5.29623215392709,0.000169925223935567,0.00297969827255006,0.565380013337754,61.67,28.23,24,26.09,50.18,0,4.03,2.01,2.06,3
"1826","TRINITY_DN29553_c0_g1",-1.74427036742312,0.319899194822156,-4.76638269710561,0.000419847068420037,0.00545352681134553,0.285746546608992,93.45,62.57,54.79,31.49,79.4,13.07,9.12,18.47,43.5,8.12
"1827","TRINITY_DN2957_c0_g1",-2.18083748231527,1.88312823238378,-8.95635983679377,9.1208490364195e-07,0.000140990669228109,6.13241289959062,254,225,150,206,192.01,77,36,36,45,30
"1828","TRINITY_DN2957_c0_g4",-1.7447489722856,0.356395861906387,-5.18499161314248,0.000204807959484504,0.00338874583610388,0.962768079013535,82.52,66.42,48.66,81.41,42.91,27.53,15.59,13.91,23,7.17
"1829","TRINITY_DN29572_c0_g1",-1.13150797568615,0.38572605297521,-4.79928909221525,0.000396473869461373,0.00523032860922409,0.329963512486626,71.56,39.21,50.13,49,50.31,32.39,13.02,19,31.36,14
"1830","TRINITY_DN296_c2_g1",-1.78856088483814,0.211895620313088,-4.10442312892209,0.00136772857569388,0.0122723852923087,-0.822938304979486,37.7,65.34,84.83,57.39,54.26,9.22,2.72,22.97,29.21,24.1
"1831","TRINITY_DN29608_c3_g1",-1.55917801368958,-0.390910570136128,-4.3909001522273,0.000815119107082718,0.00862762905422394,-0.310558718278056,28,32.06,34.03,41,41,10.02,8,4,15,19
"1832","TRINITY_DN29620_c0_g1",-1.00794499944357,-0.136085316633806,-3.97745115601845,0.00172527075709333,0.0143997862135231,-1.02633045009992,45.48,41.86,30.16,29.39,29.36,14,9.6,12.32,26.39,14.87
"1833","TRINITY_DN29635_c0_g1",1.4827710450988,1.74305063280714,3.59238620497646,0.00352051961626093,0.0231541509801393,-1.9635585317565,41.65,61.84,53,53,56.36,257.08,272.1,90,137.43,67.86
"1834","TRINITY_DN29639_c0_g1",-1.57921301213023,0.326055678541168,-5.85244383950459,6.85613398885225e-05,0.00171115308664662,1.98935820094032,68,39,75,45,68,14,16,17,34,10
"1835","TRINITY_DN29695_c1_g1",3.06690096348563,-1.45048155172938,3.67568035722,0.00301419011549332,0.020850065190466,-1.54475948640584,0,23.49,0,11.54,7.32,22.64,22.38,27.47,39.63,14.47
"1836","TRINITY_DN29720_c0_g1",-1.43049256840675,-0.335170958101082,-4.66623555825352,0.000500240863352653,0.00617748520206089,0.135979152603778,40.44,49.22,31.75,22.81,34.82,14.96,9.45,5.84,15.48,11.89
"1837","TRINITY_DN29740_c0_g1",1.07213665309907,1.89858250613233,4.93640881602535,0.000312772226324583,0.00447935472535462,0.404951248852353,42.44,70,88.4,66.89,81.49,161.49,103,176.89,142.78,118.99
"1838","TRINITY_DN2976_c3_g1",-1.08568963368175,0.70191874902287,-3.76607493819094,0.00254821594335446,0.0186160916506521,-1.49152492431207,61.27,48.06,63.12,54.78,94.07,43.87,13.96,33.03,45.5,13.07
"1839","TRINITY_DN29816_c1_g1",-1.06649181526256,0.534432789886827,-4.94745501426751,0.000306887657188375,0.00442175444329828,0.565577840213618,50.73,60.95,59.58,52.45,53.82,23.36,13.46,22.2,30.9,32.68
"1840","TRINITY_DN29830_c1_g1",-2.61984355950086,0.588472591068011,-9.59771218796033,4.28011111768315e-07,9.97085885747001e-05,6.47756467629626,129.96,76.72,80.99,92.28,113.08,17.75,6.59,10.93,19.34,19.58
"1841","TRINITY_DN29833_c0_g2",-2.13597434894592,3.33594693780263,-3.12398368356482,0.00848575383009274,0.041955795466787,-3.09650527281775,604,607,975,1187,122,88,63,352,125,108
"1842","TRINITY_DN29864_c0_g1",1.36383041055389,-1.39617268625159,3.00882552758583,0.010543055530861,0.0487120433160348,-2.55539257644878,10.01,4.01,11.57,3.04,7.85,13.52,11.68,7.63,31.14,14.1
"1843","TRINITY_DN29879_c0_g1",-1.39881554062446,0.327304354663178,-4.75379058652161,0.000429167553256645,0.00553176179756419,0.260384465848944,70.6,71.7,35.41,39.72,63.95,20.47,11.11,15.33,34.25,14.1
"1844","TRINITY_DN29882_c0_g2",1.268065548959,-0.396989656845668,3.5315011121308,0.00394480894322115,0.0250006987054618,-1.76793843319301,7.72,14.32,14.86,18.11,16.68,39.06,33.7,17.18,37.26,20.41
"1845","TRINITY_DN2990_c3_g1",1.19245390725844,-0.18882815589787,5.30792508030364,0.000166639391934773,0.00293446612720744,1.15062740099003,13.46,14.99,16.75,14.78,20.21,32.63,25.29,37.52,34.42,31.65
"1846","TRINITY_DN2993_c0_g4",-1.655856532704,1.14857620773548,-6.7888488548204,1.63896902395038e-05,0.000713595741556956,3.35986903176977,125,101,83,90,118,45,29,17,51,21
"1847","TRINITY_DN29961_c0_g1",-2.04274184244564,-1.80829503433794,-4.44085688801461,0.000745497647141987,0.00812638552752198,-0.475597659966993,24,19,11,10,19,3,3,3,3,1
"1848","TRINITY_DN29979_c0_g1",-1.33184732602365,1.19248207743424,-5.67752793643004,9.07838321750118e-05,0.00204050783833222,1.70535185120256,132,91,77,81,95,32,51,39,40,21
"1849","TRINITY_DN2998_c0_g1",1.45169698502443,5.49681433889285,9.65271410742387,4.01859592196981e-07,9.58560107645745e-05,6.81205389269699,579.93,820.47,713.47,732.37,704.1,2449.71,1899.92,2032.4,1757.28,1507.04
"1850","TRINITY_DN30_c0_g2",-1.22486854560448,0.852443581526884,-4.62970377218263,0.000533427043392096,0.00644833617706745,0.00807657663286943,98.15,57.75,69.36,51.77,95.77,21.41,14.36,32.1,53.17,31.54
"1851","TRINITY_DN30002_c0_g1",-1.00013021288991,-0.623780737357397,-3.40450859819245,0.00500491299252733,0.0292989581278141,-1.96633922781389,22,29,21,19.76,33,8,11,9,11,14
"1852","TRINITY_DN30005_c1_g1",-1.24192715380299,0.0531149237221414,-3.50133037071256,0.00417398424652868,0.0259523118785476,-1.87569339258709,50.78,34.72,47.31,50.32,30.24,19.82,12.01,18.72,8.14,27.21
"1853","TRINITY_DN30010_c1_g1",-1.49209445689993,-1.50824164039368,-3.10874379497263,0.00873306253012009,0.0428428819439162,-2.38943550104768,15,25,16,11,15.32,1,6,5.1,7.04,5
"1854","TRINITY_DN30022_c1_g2",-1.60861551568404,-1.29729426689746,-3.68007222872969,0.00298965338332399,0.0207523238817671,-1.47872453346648,29,14,25,19,14.01,7,6,2,10,2
"1855","TRINITY_DN3003_c3_g1",-1.37532463022951,-0.695225150568288,-3.57895848255104,0.003609915986151,0.0235515679285672,-1.65376699713878,27.29,20.61,49.1,23.14,21.63,5.41,12.09,7.63,16.69,4.41
"1856","TRINITY_DN30030_c1_g1",1.18841186985068,0.501316916569716,4.18152775842094,0.0011888020204838,0.0111296426529914,-0.732647847771947,16.04,22,25,30,38,61,45,59.1,43,61.38
"1857","TRINITY_DN3004_c1_g1",2.68526345495899,-0.600964909107215,4.12890732943654,0.00130808057308114,0.0119238875132225,-0.746065590644475,9,8,7.96,14,3,23,100.01,27.01,60.22,29
"1858","TRINITY_DN3006_c0_g2",-2.09442718881068,2.06223575809071,-4.74644408352967,0.000434704779562075,0.00558539623080106,0.0854859083150297,263.94,147.69,180,268.06,307.08,58.01,23.73,14.99,159.01,83.01
"1859","TRINITY_DN3008_c3_g1",1.03332675587753,0.0626635171110181,3.92323782968212,0.00190603600824802,0.0153557875111811,-1.14105741537579,15.13,17.06,28.72,21.29,19.31,31.43,27,33.04,45.41,49.47
"1860","TRINITY_DN30092_c0_g1",-1.89272191403233,-0.932716641350793,-5.00756437818957,0.000276833411688461,0.00411969435012086,0.574675504885309,35,29,24,25,26,7,1,4,12,10
"1861","TRINITY_DN301_c14_g1",1.17269749522583,1.34900265491876,4.9409048004173,0.000310362996805861,0.00445458778189827,0.483590205117133,42.55,45,39.85,52,48,92.17,88.78,63,170.07,93.08
"1862","TRINITY_DN30115_c3_g1",1.99482303150467,-1.37643733473461,3.45690377358736,0.00453631858105009,0.0274586073605015,-1.83851258054868,4.06,4.01,14.98,3.2,6.15,9.18,13.73,14.22,47.12,20.29
"1863","TRINITY_DN30138_c0_g1",-1.0989146497418,2.17092508513895,-5.29667414381441,0.000169799791139733,0.0029785464418329,0.982143090360483,181.57,177.74,183.49,120.49,203.32,87.03,40.16,75.65,148.76,65.25
"1864","TRINITY_DN30138_c2_g1",-1.16646414218622,0.503616169611797,-2.99074573525424,0.0109084976663902,0.0498233013433397,-2.85167239683996,104,79,65,23,44,26,12,24,43,16
"1865","TRINITY_DN30172_c1_g1",1.01366375580844,1.57333095103375,3.90043539500733,0.00198777965472648,0.0158049089516873,-1.38356070953072,85.85,55.11,32.52,67.68,49.62,85.56,131.98,114.62,131.47,83.91
"1866","TRINITY_DN3020_c1_g1",2.00592138263001,-1.48664279331221,4.21901816414099,0.00111071964447555,0.0106607526940734,-0.685302380230137,3.88,9.96,3.11,9.26,3.89,21.45,12.6,14.22,29.13,9.15
"1867","TRINITY_DN30200_c0_g1",-1.15056498581398,-1.70687156117119,-3.0079016877514,0.0105614294954293,0.0487607839077269,-2.54603724460578,15,11,11,10,17,4,5,2,8,3
"1868","TRINITY_DN30214_c0_g1",-1.33111124384342,0.493330522565295,-6.77716499392824,1.66727953424285e-05,0.000720892338426789,3.31533562031995,73.89,52.57,57.31,50.07,59.83,25.11,23.23,17.23,21.24,19
"1869","TRINITY_DN30230_c0_g1",-1.41483016058123,-1.69521995512493,-3.29945225357109,0.00609751049579248,0.0334672809116641,-2.0928983234087,13.06,19.27,17.17,12.09,10.76,3.95,1.13,4.71,9.34,1.21
"1870","TRINITY_DN30230_c0_g2",1.33171221833256,-0.69269582956247,3.73329752437745,0.00270801249573402,0.0194064759908239,-1.39677435358226,9.98,15.04,7,13.12,11.19,23.35,21.91,34.33,31.3,11.01
"1871","TRINITY_DN30235_c1_g1",-1.23884026030456,4.71190438659107,-9.89283445808893,3.06164585212587e-07,8.38638630033138e-05,7.14405690330385,1033.86,870.22,1021.83,953.35,1390.72,543.53,383.23,395.34,454.88,441.05
"1872","TRINITY_DN30246_c1_g1",-1.33349992420644,1.3471149237755,-6.54392915702758,2.35574518770413e-05,0.000901263004116699,3.00971704517094,122,101,110,69,135,38,30,38,68,30
"1873","TRINITY_DN30260_c0_g1",-2.03547348778945,-0.682287990913755,-3.31549125103701,0.00591627969405688,0.0328068461567371,-2.0812883886749,22.39,25.88,42.19,33.87,61.82,2.31,9.36,4.26,41.55,1.52
"1874","TRINITY_DN30276_c0_g1",-1.1640854289879,0.10439873909329,-4.90538976053155,0.000329936155118219,0.00463370164737321,0.516737927731386,54.12,32.21,43,40,47,21,18.06,13,25.13,10
"1875","TRINITY_DN3028_c0_g1",1.32875682881217,4.78468713624915,5.80782629034537,7.36214035643374e-05,0.00178340516612872,1.4735119180043,407,387,440,558,457,1579,1483,1097,881,781
"1876","TRINITY_DN30281_c0_g1",-1.09952570490288,1.65951749792304,-3.68620148194318,0.00295575071484959,0.0205886601072232,-1.78575914953605,185.2,94.84,193.3,67.29,99.54,72.99,65,38.09,56.52,44.88
"1877","TRINITY_DN3029_c1_g1",1.20190514275441,1.18960312850762,5.15773066639045,0.000214453131339446,0.00348813440674238,0.863291155999393,45.02,30.82,46.73,52.01,31.02,126.95,81,75.73,110.01,57.59
"1878","TRINITY_DN30296_c0_g1",1.63797868615563,-1.34516705976006,3.18175108815701,0.00761040523245951,0.0388991945434621,-2.27601726690687,10,2,5,11,10,9,20,17,23,16
"1879","TRINITY_DN30312_c0_g1",-1.31060304062845,-0.927630104504989,-3.3094155820914,0.00598428247362907,0.0330601101681993,-2.09081292964046,38.51,24,15.29,20.54,20.28,6.92,6.64,7.46,17.12,2.08
"1880","TRINITY_DN30347_c0_g4",-1.77317571451531,1.38787122260013,-5.73576780493083,8.26426404743348e-05,0.00191976182000066,1.78979958638611,232.19,115.17,114.99,71,136.66,39.09,26.73,24.99,60.53,29.18
"1881","TRINITY_DN3039_c0_g1",-1.38746915773239,5.07263218641966,-16.7615468832991,6.88854879336705e-10,2.02008719409251e-06,13.2373276799121,1611.67,1309.77,1426.71,1307,1439.96,596.94,430,606.94,642,438.93
"1882","TRINITY_DN30412_c0_g1",-2.8489559294064,0.986037591554818,-6.92848643939963,1.33746697115397e-05,0.00064112250877826,3.53023818138521,215.28,121.35,194.87,58.78,154.42,20.24,8.7,23.45,20.21,17.2
"1883","TRINITY_DN30430_c0_g1",-3.31195830152804,0.163491081862049,-7.81360351303823,3.90500423372607e-06,0.000311481881702313,4.31242348533581,108,148,68,71,85,4,7,12,12,6
"1884","TRINITY_DN3050_c0_g1",-1.45212755490517,-0.731239961830425,-3.915551181221,0.00193319854623024,0.0155094539950461,-1.08867324465362,54,26,22,15,29,9,4,7,12,9
"1885","TRINITY_DN30512_c1_g1",-4.22361282628431,-2.51428228801853,-8.58014323435995,1.44926807707167e-06,0.00017986655845637,3.3748234309035,26,18,17,20,23,0,0,1,3,0
"1886","TRINITY_DN30522_c1_g1",-1.62670954854201,0.369536064656213,-5.8161466269914,7.26487282811478e-05,0.00176685661139468,1.9366039693582,63.14,64,43,50,82,25,13,17,13,21
"1887","TRINITY_DN30552_c0_g1",2.41904595902727,-1.4249965602253,4.43519257496711,0.00075307140424023,0.00817393179089662,-0.396984510974192,2.62,4.04,9.44,9.86,3,17,14.47,25.62,18.03,28.04
"1888","TRINITY_DN30553_c0_g2",-2.0960271941063,1.98375491877452,-5.727256637792,8.37827151794592e-05,0.00193281800085219,1.73436462102579,306.27,257.77,170.58,133.1,244.18,58.99,12.88,55.46,115.92,40.74
"1889","TRINITY_DN30559_c0_g1",-1.7217409686387,-0.179119814924169,-4.70081109311226,0.000470810255265145,0.00591170928003055,0.192031892792972,52.51,33.29,34.87,42.24,60.83,21.82,3,8.01,25.42,7.26
"1890","TRINITY_DN30584_c0_g1",1.01603543745832,3.95436189734249,7.05203588511069,1.1196600327101e-05,0.000573586162045603,3.5121554299128,251,288,331,332,217,558,452,663,612,571
"1891","TRINITY_DN3059_c0_g1",2.25857239116523,1.50472033171605,4.70375017157662,0.000468393187221725,0.00588774724219987,0.0837207381907179,30.39,26.36,57.01,29,38.98,377.83,66.16,256.26,148.04,100.7
"1892","TRINITY_DN30700_c0_g1",-1.81869871097767,-1.46035498808219,-3.90994046601627,0.0019532761508107,0.0156177507532263,-1.14269321431037,30,25,11,16,17,5,3,6,5,1
"1893","TRINITY_DN30704_c0_g3",1.35521033373318,0.635267271578796,5.61503358245409,0.000100467028512491,0.00215701239122877,1.63077312997115,21.43,41.16,34.64,15.03,25.73,57.21,54.84,69.87,74.17,55.64
"1894","TRINITY_DN30706_c3_g1",-4.48210044981663,-2.61854456051836,-5.28326420831676,0.000173649044334464,0.00302689713538672,0.500038120003138,10,46.27,34.03,14,18.73,0,0,3,0,0
"1895","TRINITY_DN3072_c1_g1",-2.49342848445018,-1.0236688713633,-4.76043082912637,0.000424225948300859,0.00549180373945539,0.151256743886365,61.92,38,19.88,25.81,24.86,7.84,2,2,6,5
"1896","TRINITY_DN3073_c3_g1",1.14574282148511,-1.04119470676769,3.01044580948644,0.0105109071769524,0.0486040492990084,-2.58720940989908,7.93,10,7,11,11,12.33,26.63,21,19,10
"1897","TRINITY_DN30784_c0_g1",1.11411687611445,-0.954030610006619,3.5647078503435,0.00370732193721843,0.0239778308946744,-1.66817515412004,10.11,11.9,11.48,10.37,6.66,17.3,12.29,23.34,25.43,12.4
"1898","TRINITY_DN30818_c0_g5",2.16623460021301,-1.11759386223637,5.02487915003347,0.000268759913962998,0.00405155367124201,0.544946027003973,4.85,7.92,5.88,7.09,7.07,32.7,11,34.82,30.48,15.01
"1899","TRINITY_DN30833_c0_g3",-2.4833265826334,-0.961728486571975,-3.78302098584474,0.00246941819854743,0.018276064107247,-1.31612150196279,57.47,19.02,29.02,27.15,48.55,5.98,0,3.42,20,8
"1900","TRINITY_DN30878_c0_g1",-2.87777072343743,-0.343563658190659,-4.04305149749478,0.00152989093193231,0.0132458583934737,-0.878941210315605,63.44,59.64,54.56,38.58,56.99,0,20.02,8.93,8,25
"1901","TRINITY_DN30901_c0_g1",1.14956053310239,2.70473324918304,7.45861888696758,6.32406867346681e-06,0.000410788715275845,4.22942924402243,96.41,106.97,106.46,120.4,142.87,247.95,193.91,305.51,261.49,251.5
"1902","TRINITY_DN30901_c1_g1",1.25207454035321,1.70014609388242,5.72131476600211,8.45884507626737e-05,0.00194362231285694,1.73297082407318,49.92,41.21,50.3,64.51,77.26,149.2,101.16,114.78,122.92,163.69
"1903","TRINITY_DN3091_c1_g1",-2.06646517845542,-1.30599740416234,-3.96129317000047,0.00177722341692214,0.0146907509540407,-1.056071154636,38,19,25,13,25,4,3,1,17,3
"1904","TRINITY_DN3092_c2_g1",-1.28932658771924,1.35981949213406,-4.5487262579111,0.0006154221711952,0.00715833912753018,-0.187494044005287,124.71,101.27,122,71.04,115.9,51.59,13,50.96,79.49,33.54
"1905","TRINITY_DN30961_c0_g1",-1.8201371083837,0.801382399987943,-6.08007589661357,4.78833673935586e-05,0.00137666061976417,2.33552013257812,127.12,83.79,71.68,80.21,74.3,26.86,7.19,23.21,27.3,35.37
"1906","TRINITY_DN30976_c0_g1",4.22862581417556,-1.3223718956042,7.45371726575823,6.36698879383229e-06,0.000410970553082147,2.68688002455059,8.52,0,3.15,1.97,4.03,42.19,35.93,33.3,53.37,51.53
"1907","TRINITY_DN3098_c2_g1",-1.23417946546766,1.58897354070719,-5.86379645552084,6.73333176115611e-05,0.00169448151584511,1.9693015205034,128.09,142.71,94.76,115.76,123.17,33.55,41.7,51.97,80.98,43.98
"1908","TRINITY_DN30990_c0_g1",-2.17671978380683,0.758446616041788,-7.26720463242112,8.25410472256235e-06,0.00047585600770695,3.97165177758698,63.87,85.01,113.8,105.54,113.01,20.65,8.47,17.86,23.5,28.12
"1909","TRINITY_DN3102_c0_g1",-2.3360964376676,1.45900115547925,-6.44046596132605,2.75255424762239e-05,0.00098933033297799,2.86124062068635,132.31,139.38,312.78,93.89,184.44,19.91,17.42,35.07,43.67,41.47
"1910","TRINITY_DN3102_c0_g5",-1.00406499964946,1.9716555681316,-6.90538769523458,1.38296477538241e-05,0.000655370180105886,3.50211384179896,126.76,151.89,160.76,134.85,146.06,59.87,56.28,80.43,88.89,65.37
"1911","TRINITY_DN31039_c0_g1",-1.15059504948785,1.85409227158146,-5.02188473901412,0.000270138318771902,0.00406618526743225,0.560579456276547,149,155,106,116,179,66,35,64,61,90
"1912","TRINITY_DN31069_c0_g1",-1.9560922253696,0.243432756445771,-4.45641107970357,0.000725104147021568,0.00798687959378397,-0.223207850277782,81.08,70.86,34.03,101.43,44.14,7.09,10.21,22.8,16.01,16.64
"1913","TRINITY_DN31071_c0_g1",2.04043206846129,0.617024225935767,6.53821685430034,2.37599008948143e-05,0.000906513161925017,2.98697399420658,33.8,14.13,27.15,21.28,12.69,69.77,69.95,93.43,66.62,101
"1914","TRINITY_DN31074_c0_g1",1.01127530687753,0.229409132839752,3.05655706813154,0.00963588686634792,0.0458874442158493,-2.69715943246075,22.92,29.3,10.27,28.08,29.69,54.33,27.77,51.91,55.54,23.84
"1915","TRINITY_DN31079_c0_g1",-1.05040333224423,1.03289897331931,-6.35477298978849,3.1347932487276e-05,0.00107334373508803,2.73892618643811,95.23,71.03,77.6,69.64,74.14,44.19,27.84,30.9,47.36,26.71
"1916","TRINITY_DN31086_c0_g1",-1.49557223857558,-0.74832547516614,-3.15577200817801,0.00799225920649494,0.0402747496433228,-2.36284565705191,32.09,22,46.22,12.92,31.6,21.14,8.03,2.1,9.96,6.06
"1917","TRINITY_DN31098_c0_g1",-1.08124540979701,1.089062352374,-3.31545148463061,0.00591672223928797,0.0328068461567371,-2.36617928271357,135,75,65,42,115,48,18,50,34,39
"1918","TRINITY_DN3110_c1_g1",-1.0312992684797,2.97482734574821,-5.18837653723326,0.000203642485029191,0.00337618516999011,0.678864615449283,352.52,276.43,253.83,294.27,273.95,84.86,166.47,151.33,208.93,122.03
"1919","TRINITY_DN3110_c1_g2",-1.09734026178379,6.03508152726256,-7.94383527878396,3.28428913135398e-06,0.000283763719350763,4.59195860848613,2721.53,1987.8,2583.31,2533.1,2670.93,841.14,1401.27,1174.27,1334.18,1095.14
"1920","TRINITY_DN31110_c0_g1",-1.37221742569757,0.795550045630356,-3.38648116680475,0.00517724230363449,0.0299526096093388,-2.1834160621149,75,41,52,114,110,43,14,35,16,34
"1921","TRINITY_DN31116_c0_g1",-3.7905932009235,-2.09689063438779,-6.30284711550117,3.39344265745893e-05,0.00111772869970153,1.59516462240961,21,20,33,16,32,4,0,1,0,2
"1922","TRINITY_DN31120_c0_g1",-1.42850677398306,0.202712648366573,-4.24491016434519,0.00105990519594965,0.0103323139878135,-0.590141338240755,44.48,38.74,56.58,44.71,66.05,17.01,42.47,11.71,15.83,9.48
"1923","TRINITY_DN31137_c0_g1",-1.18485398913353,-0.969458816651953,-3.39147451540214,0.0051289165867192,0.0297723170920953,-1.95367973457076,30.16,15.25,24.53,13.63,26.13,5.45,3.25,6.1,17.47,7.76
"1924","TRINITY_DN3118_c1_g1",1.14689410401066,-0.868471978085852,3.0537235133699,0.00968749522265406,0.0460461103288324,-2.53365688313635,13.39,11.71,6.13,7.02,13.74,23.72,26.99,24.54,17.22,9.68
"1925","TRINITY_DN31232_c0_g1",-2.6496557076695,-2.45700972105931,-5.66612164906196,9.24749807479715e-05,0.00206582668151958,0.839193749473466,13.15,12.92,12.1,9.68,15,1.01,1,2.03,2,0
"1926","TRINITY_DN31236_c0_g1",1.11606823487298,-0.673550415689426,3.71580779992946,0.00279743636571339,0.0198240678577631,-1.42961868627956,13.24,11,13.32,8.96,12,25.32,30,20.78,18,19
"1927","TRINITY_DN31247_c0_g1",-1.76978569160546,-0.8080690909012,-4.40554461382835,0.000794037488728239,0.00845836558238652,-0.304783768425255,34,32,24,15,47,4,4,8,15,5
"1928","TRINITY_DN31265_c1_g2",2.49850668450236,0.750196736396066,8.84485441520713,1.04466161729448e-06,0.000151835322469335,5.80863065529286,25.51,19.67,37.05,8.48,15.55,113.76,75.29,104.46,109.48,114.27
"1929","TRINITY_DN31295_c1_g1",-1.15694253161408,-0.294703199137816,-3.18436838272144,0.00757296547513449,0.0387732410220684,-2.38393630386488,37.18,34,27.99,37,29,14.16,10.19,4,25,18
"1930","TRINITY_DN31307_c0_g1",-2.1429799763537,0.485848441461938,-7.71887025435372,4.434594479671e-06,0.000332117658677478,4.48873172770218,111,74,60,62,86,28,8,15,16,15
"1931","TRINITY_DN31356_c0_g1",-1.69109542335477,-0.581683127046173,-3.72731977232854,0.00273824281742945,0.0195448686715847,-1.40494214378879,65,39,18,25,30,11,2,10,11,11
"1932","TRINITY_DN31383_c0_g1",-1.37023896868335,-1.00304529818692,-3.33844641669106,0.00566631836512698,0.0318728109092588,-2.03666507427223,38.24,18.49,17.51,14.53,27.39,7.65,2.99,15.62,10.13,2.2
"1933","TRINITY_DN31396_c1_g2",4.86894569470702,-0.0360969413974712,4.42802447998781,0.000762770517111615,0.00824331207230985,-0.319549142995411,12.61,0.26,6.17,121.17,0,184.53,82.51,68.11,226.12,160.08
"1934","TRINITY_DN31403_c0_g1",-1.12733978035718,-0.598764138070005,-3.62108186148321,0.0033369593026218,0.0223628756706015,-1.59463907061507,28.73,26.75,19.39,22.28,37.69,19.05,6.17,11.55,9.74,6.25
"1935","TRINITY_DN31466_c0_g2",1.71204252969614,0.06772351128482,4.2767947793843,0.00100061665253046,0.00990739661938449,-0.521013375857481,26.09,14.15,7.81,16.17,20.2,85.64,44.75,22.07,61.94,40.74
"1936","TRINITY_DN31471_c0_g1",-2.91986710317214,-1.35104268976818,-4.58996436546096,0.000572142723095244,0.00681047293179064,-0.234337451737204,49,26,20,36,23,4,6,4,4,0
"1937","TRINITY_DN3149_c0_g1",1.01373938879197,-0.128654045979915,2.99048491063139,0.010913860965646,0.0498341006338479,-2.75794988688946,12.77,17.74,25.02,22.85,13.63,55.58,19.84,20.14,36.26,35.55
"1938","TRINITY_DN315_c7_g2",-1.05669142221866,1.9826249187927,-3.91586394749665,0.00193208558965502,0.0155030199422294,-1.421645952113,225.11,170.17,89.6,124.01,159.77,88.88,38.75,62.93,89.15,76.74
"1939","TRINITY_DN31528_c0_g1",-1.81637038893731,-0.78093394222969,-3.5424850308343,0.00386458821772083,0.0246338468761075,-1.70182165228477,17.55,36.33,40.9,17.95,50.59,4.26,1.04,11.77,15.99,6.19
"1940","TRINITY_DN31545_c0_g1",1.36779912335025,6.3850520492644,14.4643110336989,3.94100468627236e-09,6.03023988166278e-06,11.5097092219923,1330.04,1199.1,1446.09,1569.08,1236.43,3679.31,3039.22,3328.9,3651.11,3392.58
"1941","TRINITY_DN31557_c0_g1",-2.6087860784929,-2.14248191423536,-3.95022971265058,0.00181372143893535,0.0148708965954957,-1.21823572005481,13.07,21.37,20.37,14.11,10.74,4.43,0,4.39,4.36,0
"1942","TRINITY_DN31562_c2_g1",1.61060848883786,-0.176937612780323,3.36377628922106,0.00540285850488796,0.0307616154687277,-2.07584107938332,12,15,7,25,16,30,68,63,26,23
"1943","TRINITY_DN31599_c0_g1",-1.3943304399758,-0.146879930577024,-3.71313598893804,0.00281136064456028,0.019870832968504,-1.47461250654991,53.3,59.23,27.06,22.01,45.08,6.79,15,10.38,23.59,13.58
"1944","TRINITY_DN3164_c4_g1",-1.78666558329647,-1.62716708452156,-3.27412528784524,0.00639516614971909,0.0345527493293536,-2.13281373847821,11.01,29,13.78,10,27.02,3,4.65,2.93,6.65,1
"1945","TRINITY_DN31700_c0_g1",-2.6630245363443,-1.99953347438264,-4.35470286177094,0.000869755615482382,0.00901641228917513,-0.663691034190471,12.85,18.78,23,11.72,22.61,2,3.41,3,0,1.7
"1946","TRINITY_DN31703_c0_g1",-3.12603875574286,-1.30830675564821,-6.76277339560665,1.70286621089266e-05,0.000730576499239515,2.25539372757305,25,35,33,31,36,6,3,2,2,1
"1947","TRINITY_DN31716_c2_g1",-1.75595176533082,-0.799241935137071,-3.84454066326297,0.00220373381823083,0.0169306121190109,-1.20367283153977,34,38,14,36,31,8,5,8,13,2
"1948","TRINITY_DN31802_c0_g1",-1.68348311862146,-1.18161031861221,-3.20940410270273,0.00722405656085274,0.0375616282570079,-2.23562584916237,31.68,18.42,9.99,23.73,33.32,2.34,1.49,7.55,8.47,9.67
"1949","TRINITY_DN31817_c0_g1",-1.64307812358401,0.503160965075978,-5.70405981353343,8.69749077499475e-05,0.00198079491825406,1.76948227997741,79.56,63.22,58.88,39.3,97.31,21.78,20.48,27.38,18.48,10.49
"1950","TRINITY_DN3187_c0_g1",1.0731280279911,5.04206938354775,10.3257179182412,1.89953167598387e-07,6.48612004402903e-05,7.60831420045148,672.17,582.43,552.02,587.27,537.33,1149.16,977.68,1506.12,1431.16,1132.65
"1951","TRINITY_DN31885_c0_g1",1.2255554926016,-1.26638959340617,3.77920075172313,0.00248696138981129,0.0183518476548224,-1.31427802926304,8,8,12,4,9,15,14,16,20,10
"1952","TRINITY_DN31886_c0_g1",-1.80512924091624,-1.56237471019931,-4.02290438684088,0.00158734481693626,0.0135932659037426,-0.984429433043144,23,12,14,20,18,2,7,2,4,5
"1953","TRINITY_DN319_c2_g1",1.52863593314556,0.582487996076584,5.76783431317471,7.84920687159074e-05,0.00185920517184594,1.86653420631281,33.35,20.28,41.27,19.4,13.94,56.17,59.68,70.94,74.77,58.65
"1954","TRINITY_DN319_c3_g3",2.25026577916806,-1.37150626262308,3.98941451500962,0.00168781361888431,0.0141828457886238,-1.02280176675424,15.26,7.49,1.2,5.06,3.02,22.37,15.02,12.46,44.07,14.12
"1955","TRINITY_DN3192_c1_g2",1.15678994237762,-1.21554610611889,3.04769350606346,0.0097982423951571,0.0463558369508627,-2.50861881046048,10.79,7,12.57,7.97,5.18,22.54,8.56,21.12,15.03,10.65
"1956","TRINITY_DN32041_c0_g1",4.76055887505088,-2.62610832043183,6.82810969919007,1.5475169067985e-05,0.000694404683659997,2.07375996481841,0,0,1,1,1,45,27,11,21,11
"1957","TRINITY_DN32070_c0_g1",1.4762242193379,-1.07490510235618,3.10431696980973,0.00880624366857473,0.0430744361584817,-2.41997171344236,7.01,13.99,9.05,6.48,5.88,26.87,17.68,31.99,10.76,14.03
"1958","TRINITY_DN32120_c0_g1",1.5750997598731,0.196976799540126,3.18621894798774,0.00754660530411275,0.0386859551903273,-2.44770704333648,6.08,21.79,18.99,19.54,41.8,47,26.32,37.62,56.42,101.31
"1959","TRINITY_DN32170_c0_g1",-2.33555612746103,-0.141359698399029,-6.10570237655728,4.60076825705208e-05,0.00134208367418852,2.25731740957071,46,82,50,47,57,9,2,11,22,8
"1960","TRINITY_DN3219_c0_g2",1.47853493867861,4.61337630755166,3.51838185818524,0.00404284790626717,0.025380694707359,-2.60301600071664,485.01,343.81,261.76,133.24,1268.2,1110.62,1028.97,1429.38,1432.19,546.69
"1961","TRINITY_DN32195_c0_g1",-3.85861876147594,-1.957463115769,-6.89777880129617,1.39830971645947e-05,0.00065723366345718,2.15953527511765,26.92,25.62,22.24,20.98,39.91,1.08,2.18,0.66,0,1.04
"1962","TRINITY_DN32196_c3_g1",-2.79658605643967,-0.475720401246623,-5.80691720894672,7.37285076081327e-05,0.00178513224370483,1.71705371320397,87.57,52.29,30.2,38.1,60.47,15.09,2.01,4.01,8.05,3.01
"1963","TRINITY_DN32245_c0_g1",-1.54293566589237,-0.478275260348909,-4.09790715114065,0.00138407068295662,0.0123766952031276,-0.791290310815534,27,39,41,30,34,7,3,15,27,5
"1964","TRINITY_DN32249_c0_g1",2.09027672395335,-1.16197642388695,4.29361731537722,0.000970729519147175,0.00971221096975048,-0.528207238110295,10.75,8.5,13.96,1.26,4.72,24.6,17.61,14.31,35.97,23.13
"1965","TRINITY_DN32252_c0_g1",-2.15376170775958,-0.676277333103676,-3.46417997268197,0.0044748588601279,0.0272021873861671,-1.83166451762128,37,21,68,15,73,7,1,11,16,4
"1966","TRINITY_DN323_c9_g1",-1.76381858462127,1.36714363583004,-3.59571514859038,0.00349870779034306,0.0230746235576098,-1.88169143566925,233.08,166.54,47.99,152.96,100.58,33.7,46.36,33.08,52.84,15.48
"1967","TRINITY_DN32313_c0_g1",-2.93045638186137,1.52524528423482,-5.74181723962547,8.18422657736596e-05,0.001909257124761,1.81056955211114,169.44,220.64,245.11,202.48,225,28.23,1.13,66.12,71.92,23.36
"1968","TRINITY_DN32337_c0_g2",-1.10610987954129,0.00469274895357046,-3.042010484987,0.00990377399780134,0.0466912151359226,-2.68100786537523,56.28,30.05,54,28.06,37.99,14.01,9,12.9,55.01,9.01
"1969","TRINITY_DN3234_c2_g1",-1.06933893828927,2.90099111960114,-3.26327245651114,0.00652715823860246,0.035042747517126,-2.79827892320305,300.61,284.25,307.72,311.9,217.63,205.14,87.63,232.61,211.79,39.97
"1970","TRINITY_DN3237_c0_g1",1.16756755572206,3.5928488380307,6.0894154842988,4.71905793877528e-05,0.0013622420117068,2.08297741388766,157.02,189.58,196.83,323.96,206.54,465.24,512.6,501.59,537.29,336.71
"1971","TRINITY_DN32374_c0_g1",2.72683467651881,-1.59731675538324,3.18118281885299,0.0076185587208952,0.0389227308785395,-2.28901723816596,11,3,0,5,7,9,13,24,21,53
"1972","TRINITY_DN32450_c0_g1",-1.45075048724347,-0.715858854841021,-3.55076467768057,0.00380521643648484,0.0243894902298892,-1.69911701136871,29,31,22,21,33,15,4,20,4,6
"1973","TRINITY_DN32465_c4_g1",-1.81726677570053,0.525779399895238,-5.73885187537046,8.22335743918314e-05,0.00191480167405697,1.82230197979636,95,69,47.09,57,92.4,20,12,19.15,13,31.01
"1974","TRINITY_DN32467_c0_g1",-1.82286896624553,1.2587859196471,-9.19620636353509,6.84082173147246e-07,0.000128208829240262,6.33018526761088,152.2,108.04,112.23,80.78,138.23,33.36,23.19,38.27,33.3,27.28
"1975","TRINITY_DN32476_c0_g1",-1.06751433570379,1.11216216035911,-5.2055437304134,0.000197837752447225,0.00330966626602399,0.948645717760054,90.78,100.94,69.85,66.19,85.61,30.59,25.35,36.47,46.22,47.92
"1976","TRINITY_DN32476_c0_g2",-1.19291018212464,-0.65508793109898,-4.596401383263,0.000565678266175445,0.00675305522117923,0.0168754153038133,32.09,23.68,28.56,17.72,30.04,10,5.4,7.39,15.53,9.77
"1977","TRINITY_DN32533_c0_g1",-1.27337150866466,-0.229005180864826,-4.69169554341274,0.00047838982131656,0.00598541976443197,0.17719560434441,35,35,45.84,26,37.02,7,10,14.58,18,16.02
"1978","TRINITY_DN32553_c0_g2",1.06286825592758,0.521077034646859,4.31969689653073,0.000926210927202356,0.00939564189422891,-0.496196904626495,30.04,22.58,33.85,25.67,23.43,55.57,35.23,85.2,52.69,39.94
"1979","TRINITY_DN32555_c0_g3",1.67352236246608,1.82770692641238,3.51714502477308,0.00405221748525686,0.0254235084687277,-2.11167274696595,90.38,48.68,62.9,68.2,22.62,458.17,88.93,105.48,199.43,120.65
"1980","TRINITY_DN32578_c0_g1",1.2883458860848,0.352029182153338,3.60067875302353,0.00346644077683638,0.0229194260010111,-1.73938260547688,18,27,16,23,30,96,54,51,46,23
"1981","TRINITY_DN32580_c0_g1",-1.75751056330608,-0.491242468553689,-5.33423498707247,0.000159487606475924,0.00286325093000132,1.14077896148312,44.6,35.07,32.41,35.38,31.33,10.11,8.07,9.24,17.31,2.06
"1982","TRINITY_DN32587_c0_g1",1.55812424238502,2.29594638847884,5.33903404023448,0.000158218228569879,0.00285052052499607,1.04353130889448,36.73,96.8,128.36,80.33,68.22,178.86,170.29,295.85,278.67,183.78
"1983","TRINITY_DN3259_c0_g1",-1.01981244308074,4.26799371644424,-4.35672697314826,0.000866602390846519,0.00899681986482122,-1.00132653147292,798,623,1003.61,414,872,334,229,263,643.57,390
"1984","TRINITY_DN32622_c0_g4",-1.11409980041168,-0.133845004094478,-3.12289699708906,0.00850315358190883,0.041998354653715,-2.51946210656101,33.31,39.49,23.29,28.98,60.25,20.89,17,11.84,9.27,17.13
"1985","TRINITY_DN32635_c0_g1",2.88924679363047,-1.56108459585439,5.47801829877511,0.000125706300780598,0.00247310032076367,0.813830856612986,6.44,2.02,4.04,6,2,24.24,23.98,22.37,32.41,11
"1986","TRINITY_DN3269_c0_g1",1.48247192501037,5.74855710342672,11.3880714901689,6.28547139132112e-08,3.32306187406931e-05,8.70881345920222,889,734,724,946,886,3051,2077,2033,2453,2013
"1987","TRINITY_DN327_c0_g1",-3.31791560561191,5.56093311918174,-19.9670773587341,8.46284614040079e-11,8.43796537274801e-07,15.2228211320374,4540,2923,3569,3527,4897,378,355,430,333,455
"1988","TRINITY_DN32706_c0_g1",1.09319729007245,-0.142630495619406,3.2457136890676,0.00674654663527589,0.0358272586417159,-2.30456821220392,18.73,20.31,9.56,17.01,20.82,37.87,36.45,30.5,21.25,39.74
"1989","TRINITY_DN32711_c2_g1",1.3635573328139,-1.0519077326367,3.00202575961973,0.0106790435158751,0.0491082332254332,-2.59464310765147,10,10,12,10,4,20,23,29,16,9
"1990","TRINITY_DN32726_c0_g2",-1.53418745139095,-1.07364379767064,-3.82839810094889,0.0022704777371788,0.0172756603528044,-1.23294604205359,23,16.01,26,23.99,24.85,10,1,4,15,6
"1991","TRINITY_DN32729_c0_g1",1.77070212390573,-0.443046765513829,3.45057365439765,0.00459048334626214,0.0276421507743938,-1.88558202236375,50,15,8,3,8,26,20,45,46,37
"1992","TRINITY_DN32751_c0_g1",2.07604697765464,-1.32918238901662,3.63658254651205,0.00324189344419915,0.0219440752034841,-1.55552735915764,2.43,10.18,4.77,3.88,13.01,12.62,15.4,14,26.86,34.14
"1993","TRINITY_DN3277_c3_g1",-1.57623267597603,-1.26549081863471,-3.44706516163317,0.0046207864599381,0.0277709544770698,-1.84989450087451,33.86,11.06,22.98,11.75,28.22,6.57,1.11,3.29,10.74,5.52
"1994","TRINITY_DN3278_c0_g1",1.0071172397937,5.24046130414068,12.9038405724922,1.49440877773833e-08,1.33887224812122e-05,10.1884662386322,793.06,681.34,664.5,619.74,688.41,1382.61,1113,1461,1699.6,1235
"1995","TRINITY_DN3280_c0_g1",1.11156021749288,2.96082581620276,3.01741828981946,0.0103736764072491,0.0481257109557595,-3.26960219560427,159.36,240.84,80.01,212.22,76.76,334.06,334.2,150.98,397.08,320.39
"1996","TRINITY_DN32803_c0_g1",1.55732509104955,0.38805520730955,3.84255164351285,0.00221184784815697,0.016975757865525,-1.30895257559134,25,24,26,13,18,89,103,51,49,24
"1997","TRINITY_DN32811_c0_g1",-1.2750228212698,-0.938246760852523,-3.29203105332065,0.00618325124271166,0.0337627189707453,-2.12174685271546,30,27,14,22,19,12,8,5,5,9
"1998","TRINITY_DN32832_c0_g1",1.48282533655584,0.329676112612786,4.21942012304242,0.00110991182037793,0.0106587169581536,-0.645408904195985,25.05,18.75,11.48,16.7,35.55,35.57,52.32,55.98,46.11,83.6
"1999","TRINITY_DN32870_c0_g1",-1.36243681890982,-0.649280273942063,-4.69924294337282,0.000472105200978632,0.00592246114352988,0.176611335876794,36,20,26,31,27,7,9,12,11,6
"2000","TRINITY_DN32896_c0_g2",-1.29505131146804,0.161251723865969,-4.29126346216128,0.000974855163619784,0.0097413218023526,-0.508782621183402,55.98,46.79,45.98,40.71,43.94,8.53,19.89,31.01,24.74,9.28
"2001","TRINITY_DN32946_c2_g2",-1.93137722136697,0.387816953769475,-4.84079019838032,0.000368917551309601,0.00497536664252875,0.40661838865008,129.3,80.34,36.01,57.21,60.8,11.34,12.75,25,18,13.13
"2002","TRINITY_DN32966_c0_g1",-2.69107611187939,-1.10729209666301,-4.75043613065866,0.000431686699220715,0.00555664265846897,0.0969116206949154,56.82,32.55,22.16,15.19,45.81,1.01,2.13,5.23,6.24,4.09
"2003","TRINITY_DN32968_c0_g1",2.52931665456072,-0.23534297582976,8.4940035417674,1.61476781564206e-06,0.000189934580661913,4.96358614777553,13,6,6,11,17,59,40,53,57,46
"2004","TRINITY_DN32993_c0_g1",1.47844231908454,0.26684172533755,4.47228908532096,0.000704882859326997,0.00782814105280214,-0.208295242169657,18,24,16,11,37,45,24,57,73,64
"2005","TRINITY_DN33_c0_g1",1.1783818340983,3.12653613753393,7.5824761486233,5.33572663404826e-06,0.000372551792559115,4.36339985744451,130.62,171.37,175.61,124.5,153.59,419.04,245.44,280.36,425.15,356.47
"2006","TRINITY_DN33012_c0_g1",-1.00190501861645,0.205058486549245,-4.5312169534198,0.000634815376992633,0.00731732970848873,-0.108222816555199,42,49,49,38,40,18,13,15,31,22
"2007","TRINITY_DN33019_c0_g1",-2.43716060471303,-0.610435167383163,-5.21275792915734,0.000195450451870359,0.00327793360766237,0.898530240507714,56,38,35,29,53,3,5,2,27,6
"2008","TRINITY_DN33069_c1_g1",-1.64867246272139,1.17258308988776,-5.43174769733521,0.000135670425345739,0.00258951488251147,1.31861719901527,106,84,89,147,97,23,49,40,21,31
"2009","TRINITY_DN33160_c0_g1",-3.13992959856069,-0.954547015176323,-6.26525321956291,3.59475071404634e-05,0.00115491104732226,1.9798618880857,52.36,49.95,54.03,19.43,41.57,5.31,1,4.79,6,1.02
"2010","TRINITY_DN33208_c0_g1",-2.37577541760015,0.579104151707936,-3.88927410533483,0.00202909555401634,0.0160311411496634,-1.22199418676701,125,127,37,180,54,26,22,15,14,6
"2011","TRINITY_DN33286_c1_g3",-1.46550857450696,0.508411536637391,-5.18275090659632,0.00020558331067088,0.00339819124233269,0.952832779624962,62.28,44.86,65.97,65.48,78.65,19.83,16.16,10.05,42.66,22.63
"2012","TRINITY_DN33286_c2_g1",-1.80703164877662,-0.913612458695701,-4.91560930010482,0.000324175097271883,0.00458530362045929,0.454291891436502,33.83,34.92,23.22,26.44,18.8,4.48,8.5,6.81,7.26,3.65
"2013","TRINITY_DN3329_c1_g1",-1.34528503796345,1.24084612878665,-4.15356513447428,0.00125071920530673,0.0115274735703747,-0.867711060539265,154.65,81.65,104.51,64.59,108.29,27.97,17.38,30.5,104.72,35.16
"2014","TRINITY_DN33333_c4_g3",-1.18713741777895,-0.336584597465906,-4.72208676054713,0.000453602582012047,0.00575102392096639,0.226244369747697,38.07,29.57,34.88,23.11,36.7,13.5,10.61,7.64,21.46,9.84
"2015","TRINITY_DN33344_c0_g1",2.26465213269147,-0.48299500418066,4.22963307206291,0.00108958921429607,0.0105310762117686,-0.575210194500644,13.17,13,17,1,15,45,22,58,38,42
"2016","TRINITY_DN33362_c0_g2",-1.51497932774267,-1.23540687254106,-3.50575873577626,0.00413951744357342,0.0258152818506962,-1.75517861957354,28,11,22,19,23,4,2,3,14,8
"2017","TRINITY_DN33377_c0_g1",3.05296316880473,-0.578061079666633,3.51355345319637,0.00407955057590617,0.0255243266642383,-1.74291447117227,58.1,0.48,49.35,2.08,2.18,45.74,45.46,63.12,51.13,45.35
"2018","TRINITY_DN334_c2_g1",1.42530095096881,-1.03854509603889,4.3164918456031,0.000931566108948951,0.0094220663886046,-0.452355383287878,11.71,6.32,8.91,10,6.15,20,16,17,18,23.9
"2019","TRINITY_DN33487_c0_g3",-1.16281835864174,2.16726895209654,-7.65512560720984,4.83370654094163e-06,0.000351275178113065,4.53088249752591,200.82,154.98,166.58,155.68,189.73,60,83.37,67,103.41,71.32
"2020","TRINITY_DN3349_c1_g3",-1.11446829290866,3.44761025825243,-5.1725233817447,0.000209161627119961,0.00343252715020112,0.580905996252489,477.97,439.74,412.82,328.5,440.76,251.91,86,173.2,353.33,174.23
"2021","TRINITY_DN33495_c0_g1",1.37624008433842,-0.265087674128719,4.05958550564238,0.00148434321990914,0.0129799969377531,-0.871184147659305,17,17,23,8,11,35.09,34,32,57,16
"2022","TRINITY_DN3350_c4_g1",1.52812549637974,-0.0253813622472337,5.57788433862802,0.000106733500552233,0.00222915173985357,1.56403748911183,23.36,13.35,18.84,7.54,20.37,52.92,39.12,47.63,39.19,31.07
"2023","TRINITY_DN33528_c0_g1",-1.52467677115754,-0.418637205574386,-4.99656545246587,0.000282093458545956,0.00417305791955239,0.651270468992441,39.75,36.98,27.94,38.25,29.04,18.76,5.58,6.75,11.22,10.09
"2024","TRINITY_DN33551_c2_g2",-1.28467048521504,3.64716502347964,-5.94090672750559,5.95830103727366e-05,0.00156997453282877,1.8421219874567,490,504,679,397,500,277,123,144,406,174
"2025","TRINITY_DN33565_c0_g1",-1.4743558889483,-1.32865718302482,-3.29424457670426,0.00615755080432933,0.0336666352542477,-2.0958842339442,27.31,14.19,13.01,15.08,23.02,3.18,5.04,1.03,11.93,7.06
"2026","TRINITY_DN336_c3_g1",3.871720948759,-1.78087561169662,4.02286233452805,0.00158746703491444,0.0135932659037426,-1.08784994990145,0,0,21.49,0,13.86,42.8,26,32.15,36.62,9.83
"2027","TRINITY_DN33734_c1_g1",1.86833809363899,-0.971792274404687,3.60476240635527,0.00344012152840721,0.0227937770541846,-1.59480438759922,14,6,13,1,16,34,15,25,34.86,16
"2028","TRINITY_DN33760_c0_g1",-1.0044921552427,-0.329634959381798,-3.01934607149988,0.0103360505735506,0.048072921499119,-2.67195914228176,35,21,44,15.11,49,16,7,13,17,13
"2029","TRINITY_DN33788_c0_g1",-1.97143690989229,0.198400097566828,-6.25060175761136,3.67659549196662e-05,0.00116300326815363,2.54656603327456,69.66,69,47,35.96,86.63,16,18,14,13,8
"2030","TRINITY_DN33812_c0_g1",-1.72716315304021,-0.955542463850866,-3.57897588056409,0.00360979867365068,0.0235515679285672,-1.63790995115838,27.02,13,41.85,16.56,39,3.23,4,4,9,14.01
"2031","TRINITY_DN33862_c0_g1",-1.05943699736312,0.604290132934387,-3.58254344623771,0.00358582488266292,0.023444475786937,-1.80791021386544,73.43,43.77,59.55,41.41,79.01,38.06,31.99,19.33,39.64,10.33
"2032","TRINITY_DN33908_c0_g1",-3.31838926142179,-1.69311410579886,-6.28763488448881,3.47342536101004e-05,0.00113319544936281,1.59495430034057,34,33,25,17,26,2,1,3,5,0
"2033","TRINITY_DN3396_c4_g1",1.56338333987566,-0.508481258043152,4.23582010076668,0.00107746528446903,0.0104523986819681,-0.564094940137451,10,18.29,6,20,9.17,23.27,20.57,35.13,46.41,22.86
"2034","TRINITY_DN3396_c4_g2",1.36127233596772,0.214015940567631,4.97136086050218,0.000294545402793001,0.00429858664093662,0.620704025071814,26.41,10.28,24.18,22.41,20.27,47.43,32.17,65.98,56.38,35
"2035","TRINITY_DN33975_c0_g1",1.01728234459221,0.245695835040496,3.16741645379396,0.00781878047162082,0.0396530684488009,-2.50183925956632,34.51,21.28,9.4,33.45,24.77,38.28,43.66,40.55,46.13,38.13
"2036","TRINITY_DN3409_c0_g1",1.96782520093724,3.02527759333666,12.5711895526821,2.02196587162245e-08,1.63126333684499e-05,9.84859540895891,105,119,76,111,133,403,322,431,555,385
"2037","TRINITY_DN34092_c2_g1",-1.15012602485287,-0.721684413866689,-3.30643690283099,0.006017909442767,0.0331980568164505,-2.11840655552402,30.51,43.73,19.25,16.26,20.85,8.74,5,9.99,14.05,8.02
"2038","TRINITY_DN34098_c0_g1",3.11641606912601,3.410887898057,11.4684155123653,5.80158013620453e-08,3.18770702321102e-05,8.84888744412299,74,89,93,137,89,1105,932,843,679,562
"2039","TRINITY_DN34155_c1_g2",-1.47861003617453,-1.51275786514545,-3.68672295881565,0.0029528844629101,0.0205768757342674,-1.47902542383966,16.67,18,21,11,14,3,7,2,6,5
"2040","TRINITY_DN3416_c0_g1",1.25635058915181,3.5450149465538,3.76858344517689,0.00253639118460431,0.0185732534850292,-1.97049073929839,325.88,262.26,263.4,61.52,186.92,573.57,559.61,331.52,584.95,361.76
"2041","TRINITY_DN34185_c1_g2",-1.59445673179851,-1.61703520047101,-3.85148607927505,0.00217563925848356,0.0167768204103915,-1.24531856122348,19.68,18.18,12.08,15.71,13.78,6.22,2.68,2.13,8.3,1
"2042","TRINITY_DN3419_c0_g3",-1.14708184519473,0.720422832559821,-3.249624297799,0.00669705117830613,0.0356500563740164,-2.42328019614261,50,77,79.59,35.99,98.02,20.01,10.8,43.01,34.19,38.97
"2043","TRINITY_DN3421_c0_g1",1.37819254519464,2.38105338265107,3.59729653881544,0.00348839452798198,0.0230300886813527,-2.07541538607562,39.45,132.98,87.54,57.4,173.12,256.86,136.75,191.5,443.64,143.96
"2044","TRINITY_DN3429_c1_g2",-1.03372491096853,-0.345550458046159,-3.56555658872714,0.00370144639814395,0.0239491508483674,-1.71728320820043,40.19,29.95,30,28,25.06,12.03,14.1,18,17.04,5
"2045","TRINITY_DN34345_c0_g1",-2.91397067220908,2.37112586959803,-8.89603816044881,9.81412895472165e-07,0.000146048886799922,6.08072831085087,304.84,339.34,519.6,295.27,393.3,49.85,19.89,114.92,31.41,61.1
"2046","TRINITY_DN34355_c1_g1",3.20671165483764,-2.23430027786848,3.65517609761214,0.00313149417854176,0.0213945163189377,-1.62469531132187,0,11.88,0,12.82,0,27.69,9.13,14.03,22.96,7.51
"2047","TRINITY_DN3440_c3_g1",1.58844868171427,-1.01523633510635,3.44462522082943,0.00464197994049704,0.0278479694312394,-1.85926325259917,6,7,3,17,16,25,18,15,19,25
"2048","TRINITY_DN3440_c3_g2",1.16336911305255,1.28349233291306,3.53254373466719,0.00393712197214074,0.0249780277013403,-2.00280961012383,43.07,59.93,22.81,65.67,39.17,80.1,102.87,71.62,84.2,134
"2049","TRINITY_DN34410_c0_g4",-1.23308637992738,-0.761882130156573,-3.49386024971204,0.00423278768874117,0.0261836979594569,-1.79539489474967,31.66,19,28,18,29,14,7,3,15.99,8
"2050","TRINITY_DN34493_c0_g1",-1.08859585264387,-0.834263912574847,-3.52723769608752,0.00397640107115544,0.0251354856222349,-1.73658543246539,21,19,30,19,24,13,3,12,9,8
"2051","TRINITY_DN3451_c0_g1",1.98150362562375,1.90095273196905,3.57886393083869,0.00361055360372421,0.0235515679285672,-1.99780295210631,110,33,15,68,76,217,413,83,206,167.02
"2052","TRINITY_DN34525_c3_g1",-3.15611706415884,-2.2166453894997,-4.41012538737292,0.000787559956497116,0.00841076672374453,-0.5918731566958,38.93,10.05,16.24,13.21,18.18,2.29,0,1.16,0,5.05
"2053","TRINITY_DN34560_c0_g1",-1.19165765446506,1.30858024531923,-4.61088725138676,0.000551407130913322,0.00661914271548804,-0.075409804126541,112.53,89.11,123.69,56.93,121.18,56.53,17.3,39.12,55.56,45.99
"2054","TRINITY_DN34612_c0_g1",-1.25497673605853,-1.67017014050331,-3.39695454701459,0.00507640606879273,0.029575093110614,-1.93767179357721,14,11,17,12,13,3,6,4,6,2
"2055","TRINITY_DN3462_c0_g1",1.15913219992457,0.579652740521716,5.22043955405306,0.000192941661721013,0.0032495677911411,1.00795951869381,26,35,27,17,33,58,42,49,64,69
"2056","TRINITY_DN347_c14_g2",-1.02339729787625,0.908591165840548,-4.47122556248076,0.000706218819710945,0.00783948492964812,-0.273607848477138,80.87,52.6,112.96,50.25,69.46,31.48,26.89,31.82,49.07,24.29
"2057","TRINITY_DN347_c32_g1",1.03472994857411,2.67843326341622,6.56209748788889,2.29256168439896e-05,0.00088460586418221,2.93326318663511,92.63,126.41,139.52,139.54,94,249.21,207.01,226,290,211
"2058","TRINITY_DN34763_c0_g1",3.93218300631027,-1.31536784537932,6.7756854763371,1.67090132538762e-05,0.000721832268410302,2.09750903046314,4.6,3.75,4.3,5.6,0,34.4,27.19,55.47,47.55,32.32
"2059","TRINITY_DN34799_c0_g1",1.45519867055557,0.936795569242523,5.69516573516812,8.8232626022301e-05,0.00199997657411928,1.74641278876458,21,38.28,30.7,26,43.26,92.99,95.8,74.66,70.73,70.79
"2060","TRINITY_DN3481_c0_g1",-1.55375547666417,3.26177025804226,-6.4437538177668,2.73891007730226e-05,0.00098714969855831,2.69601146498004,458.38,370.99,539.91,344.48,437.46,139.93,52.35,195.15,210.32,190.37
"2061","TRINITY_DN34898_c0_g1",-1.10713854196302,1.82477869022583,-4.07863700280587,0.00143358911092027,0.0126712486743466,-1.09749178003931,165.46,144.31,136.04,129.89,102.21,35.85,51.54,41.24,105.61,96.57
"2062","TRINITY_DN3491_c0_g3",1.83137403254752,-0.713628444543056,3.5916025023541,0.00352567468869519,0.0231705797483274,-1.62572642240555,5.62,16.72,9.88,4.49,16.58,37.81,8.46,40.8,47.85,21.86
"2063","TRINITY_DN3491_c1_g1",1.22515494123772,1.07416500322633,4.5820318934848,0.000580214898128714,0.0068641322535384,-0.0986725198078311,45.51,15.15,45.77,34.14,59.11,85.38,68.85,77.93,102.23,76.59
"2064","TRINITY_DN34967_c0_g1",-1.50213307876567,-1.36450964349426,-3.65595663675154,0.00312694453155433,0.0213837538726445,-1.51817984728866,22.75,22.86,12.83,17.95,14.42,2.16,5.2,3.62,6.48,7.12
"2065","TRINITY_DN3498_c0_g1",-1.12134381872,7.09801038694795,-4.33446789564093,0.00090193978130593,0.0092351152433791,-1.320203798422,5356.62,3989.39,5565.92,4850.37,6572.22,3015.52,910.82,2449.57,3434.51,3228.63
"2066","TRINITY_DN3498_c0_g2",-1.57652958465266,4.01562589446671,-5.1597187675547,0.000213733878347666,0.00348059567961328,0.486431472894759,849.65,525.49,800.42,668.55,823.61,425.98,74.54,223.96,282.19,379.73
"2067","TRINITY_DN34989_c0_g1",-1.08178564974166,-0.682993697292799,-3.00165378083769,0.0106865329222516,0.0491336093122762,-2.6455456941062,22.58,27.56,35.78,11.13,34.02,12.25,5.11,6.17,15.47,10.33
"2068","TRINITY_DN3503_c1_g1",1.51796429966282,2.72205151853479,6.32482283792035,3.28132352952516e-05,0.00110380446637934,2.57463876420437,99.54,121.95,111.66,83.06,96.48,306.89,186.56,205.32,547.68,291.6
"2069","TRINITY_DN3504_c0_g1",3.36872350054941,-2.15803450390234,6.06769244013454,4.88185607982737e-05,0.0013933072614374,1.3339781122698,0,3,4,2,2,15.65,9,19,20.88,22.52
"2070","TRINITY_DN35079_c0_g1",-1.13599730865864,-1.2611245443716,-3.01509672907636,0.010419169256842,0.0482585675582594,-2.55686501649363,18,24.67,17,13,14,5,6,11,8,2
"2071","TRINITY_DN35084_c0_g1",-1.19451752787846,-0.354210149526454,-3.05401521056678,0.00968216973103568,0.0460299306954763,-2.60021933946858,38.47,21.64,18.79,35.54,58.43,7.17,6.8,13.21,19.87,14.75
"2072","TRINITY_DN35105_c0_g1",2.52781410752567,-1.50342103800781,3.77232363015646,0.00251886468386873,0.018499257673086,-1.38597643932018,6,10,1,1,12,30,7,22,20,30
"2073","TRINITY_DN3512_c0_g2",1.98117422297563,-1.5693588423597,3.57152676107906,0.00366038380282289,0.0237760408758475,-1.67293314072962,4.27,13.24,1.6,3.65,7.9,8.24,19.27,19.86,16.88,16.2
"2074","TRINITY_DN35121_c0_g1",-1.60847598039782,-0.270550658920592,-4.53029480703088,0.000635854190199942,0.0073242234159052,-0.0838975053302242,49.76,38.66,34.44,21.14,57.61,5.02,13.1,11.22,20.32,8.07
"2075","TRINITY_DN35122_c0_g1",2.77441789201884,1.03149321630793,9.55214861740061,4.51055684537277e-07,0.000102019608561841,6.59918422349476,14.25,37.23,17.33,17.88,25.97,166.4,125.61,174.41,130.51,97.84
"2076","TRINITY_DN35144_c0_g1",1.27856966416097,-1.04795456535057,4.05527237316914,0.00149608857078622,0.013050656783798,-0.863633871548624,9,8,6,12,10,22,14,14,19,20
"2077","TRINITY_DN35149_c0_g1",-2.0177443598127,-1.29631919135688,-3.88568390002781,0.00204257208842986,0.0161069829681262,-1.16689383898239,30,24,17,10,42,4,1,7,5,5
"2078","TRINITY_DN35177_c0_g1",1.00331504575976,1.1726058861833,3.37455563959977,0.00529453078399239,0.030383217929227,-2.27571155198178,29.15,26,53.35,47.84,71.22,119.96,70.28,52.2,106.29,70.16
"2079","TRINITY_DN3526_c0_g2",1.12485058077612,4.03990615486556,7.92974972927935,3.34604066674375e-06,0.00028760373337789,4.74582460708093,287,312,235,343,269,622.11,656,673,720,473
"2080","TRINITY_DN3530_c3_g1",-1.45596284803878,0.803390338265944,-6.24280692488534,3.72093979471361e-05,0.00116916497203875,2.57550922839966,104,74,75,56,76,28,25,32,36,12
"2081","TRINITY_DN35331_c0_g1",-2.54152032799681,-0.907565443168848,-5.9426957368136,5.94147933734034e-05,0.00156719877991761,1.75640836688947,42,25,36,27,49,3,6,4,13,1
"2082","TRINITY_DN35339_c0_g1",1.00028279975927,1.27446474405285,5.62327765940012,9.91296532115358e-05,0.0021389140092977,1.61013104100552,44,46.91,54,30,56.92,103,60.75,93.62,112,71.76
"2083","TRINITY_DN35361_c0_g1",1.54170908451707,-1.30947677679196,4.18343216089533,0.00118470205234108,0.0111071971683994,-0.690358244025855,7,11,6,4,7,21,18,14,21,9
"2084","TRINITY_DN3539_c0_g5",-1.09872866866368,1.21523641930263,-4.08231540821057,0.00142399756578551,0.0126138149692795,-0.997127537358651,149.39,59.78,114.21,75.84,68.5,39.14,25.99,36.16,49.23,48.48
"2085","TRINITY_DN35392_c0_g1",-1.22046099972418,1.03854191254132,-5.65661234722937,9.39102393818078e-05,0.00208157359296938,1.68025425117833,121,69,66,74,86,27,34,38,37,29
"2086","TRINITY_DN35408_c0_g1",2.58026406342678,1.60800284415843,4.1551239728455,0.00124718134598352,0.0114991181138,-0.882243311807029,69.42,51.1,35.95,17.92,17.93,709.42,107.7,164.75,154.13,125.75
"2087","TRINITY_DN3545_c0_g1",1.61075718828715,10.1725048790301,3.29679416955723,0.00612808189529893,0.0335737969389298,-3.45686520412212,47097.05,18478.68,16072.23,17783,5486.56,144907.5,26866.61,63270.66,68496.76,31222.34
"2088","TRINITY_DN35480_c0_g1",-1.10651877234523,1.06131022190228,-3.30697519446756,0.00601181846221177,0.0331815188457315,-2.37576866965399,93.37,84.79,56.75,52.88,137.82,30.18,12.87,45.84,54.44,46.22
"2089","TRINITY_DN35505_c0_g1",-1.083118735018,0.718458498688029,-3.6575283959089,0.00311780343915862,0.0213448060534684,-1.68959617136857,110.99,50.58,66.15,35.92,68.21,25.45,20.62,20.22,32.89,43.01
"2090","TRINITY_DN35521_c0_g1",1.27658804301526,-0.653871430129057,3.78170424867546,0.00247545053167437,0.0182963136183191,-1.31788517146121,7,15,8,10.29,22,22,20,28,27,21
"2091","TRINITY_DN35533_c0_g1",2.98215734226548,-0.484154296735887,8.56006854969271,1.48614785690534e-06,0.00018159051252525,4.69420556774657,7.99,3.2,12.01,6,10.39,49.63,41.3,63.71,60.11,39.8
"2092","TRINITY_DN35551_c0_g1",-2.68887680303804,-0.162380009018721,-7.36125804983974,7.23744883969014e-06,0.000443677953397433,3.7644754096963,58.56,58.56,52.93,46.28,93.12,6.22,9.13,7.23,17.02,2.63
"2093","TRINITY_DN35605_c0_g1",2.49740087732756,-0.482444565988591,4.76236959276031,0.000422794361823788,0.00548038671866908,0.258088173006744,11,11,2,7,18,35,51,33,33,68
"2094","TRINITY_DN35615_c0_g1",-1.41429556292777,-0.654775719325196,-3.97479563681044,0.0017337005313739,0.014444170083181,-0.992250680707589,26,21,26,43,30,8,9,6,18,5
"2095","TRINITY_DN35641_c2_g2",-1.49939134126032,-1.38477084727813,-3.70442444769705,0.00285725532961178,0.020105463202118,-1.44374732767102,15,18,13,19,26,5,1,6,7,6
"2096","TRINITY_DN35656_c0_g1",1.23810382119387,0.521642265882586,4.31120550426639,0.000940469017134934,0.00949669878696129,-0.509054404091936,22.67,17.61,25.27,40.76,26.12,72.03,37.67,36.39,74.19,63.2
"2097","TRINITY_DN35661_c0_g2",-1.29917394562754,0.000205706275554762,-4.63412376784668,0.000529292749155303,0.00641079480652073,0.0774855704242778,57.31,45,35.61,27.74,49.91,14,12,21,24,7
"2098","TRINITY_DN35661_c10_g1",-2.11967175570992,-1.84260245599385,-3.88140241363072,0.00205876369376256,0.0161962358253345,-1.27346841205665,25.31,19.66,13.61,9.76,16.44,4.26,0,3.27,5.24,2.93
"2099","TRINITY_DN35661_c4_g3",2.54254063659716,-0.194337323336068,6.2579188570259,3.63547760492084e-05,0.00115590846389074,2.44360310336106,11,12,10,7,11,101,54,49,54,26
"2100","TRINITY_DN35691_c0_g4",-1.65247177138777,-0.652316875664783,-3.94753116540297,0.0018227402273402,0.0149063432666652,-1.03621034021217,33.07,15.78,46.59,22.41,46.11,6.16,5.18,4.3,16.69,9.87
"2101","TRINITY_DN357_c1_g1",-1.43109453590245,8.02247077196273,-13.5144331937758,8.72896629356304e-09,9.73224428518374e-06,10.6551024674342,10585.17,11568.54,9697.08,10303.76,11530.15,4015.44,4179.14,4475.91,3681.91,4016.19
"2102","TRINITY_DN3570_c0_g3",-1.79439343167988,1.26558918236997,-5.60341529688538,0.00010238412204013,0.0021840631733276,1.5885742342977,133.51,87.6,86.04,148.95,131.87,45.48,26.76,38.36,16.81,40.6
"2103","TRINITY_DN3574_c0_g1",-1.08561768606993,5.24038009409076,-4.12694996297047,0.00131274880132446,0.0119489622042046,-1.54897569140037,1596,1283.96,1426.95,1132.98,1881,1019,243,719,1046.99,669
"2104","TRINITY_DN35759_c0_g1",1.37402155304701,-0.540725771687122,3.73650626970788,0.00269192642429001,0.0193143748692258,-1.39904356771388,10.96,6.04,15,11,20,33,37.02,22.8,21,24.04
"2105","TRINITY_DN3579_c0_g1",-1.12655485811628,3.91274909933048,-9.03896461175994,8.25517766344606e-07,0.00013458871823937,6.18973708559057,645.04,524.41,619.09,484.83,611.13,213.11,217.82,284.46,411.18,226.77
"2106","TRINITY_DN35803_c0_g1",-1.79344838935687,0.325396983437198,-3.77532054808883,0.00250491063702506,0.0184439976396927,-1.41103758730043,90,66,109,18,72,20,10,17,28,9
"2107","TRINITY_DN35820_c0_g1",-1.95359406629381,-0.987145530929072,-5.259212000328,0.00018078436686916,0.0031164049244565,0.915296652077792,30,27,24,18,38,4,3,3,10,10
"2108","TRINITY_DN35837_c0_g1",-1.80023715485002,0.224577672643724,-5.24447795259889,0.000185306785947454,0.00316373260268439,1.05802108916218,91,56,73,33,51,11,5,18,27,19
"2109","TRINITY_DN35852_c1_g1",-1.10972083232557,0.222010286760132,-3.04776213960988,0.00979697478308538,0.0463558369508627,-2.70702563717203,50.56,37.76,26.74,51.64,71.09,9.54,16.79,28.24,18.59,26.41
"2110","TRINITY_DN35873_c0_g1",-2.49009453697031,-1.35466136671508,-3.94766830355644,0.00182228078904121,0.0149050310379116,-1.11346818776687,20.06,25.01,21.14,26.08,43,2.75,0,5,18.23,2.06
"2111","TRINITY_DN3588_c0_g1",2.26642614434274,2.72240569410357,7.9032345047597,3.46566864974876e-06,0.000293979468359577,4.84445429421191,101.96,76.03,70.24,55.5,98.69,365.23,310.76,465.53,678.13,193.64
"2112","TRINITY_DN3589_c0_g1",1.68511817846124,4.24576673069655,13.248420968265,1.10035035121121e-08,1.09711532117865e-05,10.5088334895042,268,255,285,266,285.84,1058,750,1071,872.92,683
"2113","TRINITY_DN3591_c0_g1",-1.02176284778157,2.53994359691738,-3.66401547113533,0.00308036333838486,0.0211668302561682,-1.98749914784783,187.15,235.3,317.01,135.15,225,120,48,175.26,93.78,126.04
"2114","TRINITY_DN3599_c0_g1",1.49525303945502,4.77515358303396,4.44279511854362,0.000742924232356389,0.00811216690122686,-0.903390696655115,380.39,349.76,387.67,529.24,462.51,1678.21,2174.12,1107.87,707.3,814.71
"2115","TRINITY_DN3600_c1_g1",-1.27903907283101,-1.14358326308988,-3.62155768791259,0.00333399917413629,0.02235701897846,-1.56738324813375,21,25,16,18,17,9,4,3,8,9
"2116","TRINITY_DN36112_c0_g1",1.25202061647602,-0.9445944633358,3.34499612610198,0.00559697375228126,0.0315997658519227,-2.03342679534682,15,7,6,11,10,21,19,25,13,19
"2117","TRINITY_DN36155_c0_g1",-1.44729413209827,0.136635532556833,-4.91400793388217,0.000325070841536121,0.00458826632590607,0.531428618479475,79,52,49,28,45,20,9,13,28,12
"2118","TRINITY_DN36165_c0_g1",-1.39248092578824,-0.0580858514115587,-4.92814034328668,0.000317254180796397,0.00451500790044042,0.557029347904151,65,41,33,35,41,14,8,14,28,9
"2119","TRINITY_DN36169_c0_g1",-1.45064769732559,-0.846265885458993,-4.02597607251304,0.0015784436345473,0.0135509127799357,-0.907253655324923,34.39,24.8,20.59,14.59,33.57,7.98,4.33,13.67,5.14,7.94
"2120","TRINITY_DN36188_c1_g1",-1.64632626159571,-1.19839632833714,-3.77785208590396,0.0024931851381084,0.0183892230640802,-1.31895031589883,33,11,28,23,17,7,4,3,7,5
"2121","TRINITY_DN36197_c0_g2",-1.24687573519042,2.77991414287671,-7.43845236118655,6.50265127978576e-06,0.000416679529885809,4.19797443379505,288.55,221,359,261,253,111,105,121,181,71
"2122","TRINITY_DN3620_c0_g1",-1.25955489662934,2.93840854885053,-4.37386828226166,0.00084036965141842,0.00881445557943046,-0.746822777119489,355,244,608,211,238,169,99.12,105,217,81
"2123","TRINITY_DN3621_c3_g1",1.00743438346187,-0.43642140749266,3.06277606983575,0.00952357947407196,0.0454725608199319,-2.58170007212401,15,19.54,22.58,5.23,15.05,19.34,21.06,28.38,29.45,29.45
"2124","TRINITY_DN36234_c0_g1",1.25624142437628,-0.349504452903842,3.85416676188674,0.00216489426840304,0.0167275998082295,-1.21698568501653,11,9,23,21,12,32,35,28,34,20
"2125","TRINITY_DN36241_c0_g1",1.15556284468758,0.439553143424958,4.46947493149993,0.000708423631873562,0.00785521426151973,-0.229945557659824,37.1,28.11,30.08,16.04,16.04,53.13,58.27,49.18,48.12,44.12
"2126","TRINITY_DN36271_c0_g1",-1.35840397209535,-1.34717681330204,-3.92457617409961,0.00190134689390343,0.0153376614452166,-1.09212340264565,19.07,19.15,14.16,17.17,15.32,8.15,5.06,3.03,5.06,4
"2127","TRINITY_DN3630_c0_g1",-1.88558136744293,1.86479910474714,-4.89296665017904,0.000337083856014377,0.00469928452849125,0.358029466042982,182,147,155,231,208,31,34,17,137,83
"2128","TRINITY_DN36354_c0_g1",-1.35792160387628,-0.0507856389020016,-4.31771011045283,0.000929526793664905,0.0094090759887465,-0.447545023143276,29.88,57.18,35.88,37.51,50.35,12.97,18.31,8.78,17.45,14.77
"2129","TRINITY_DN36399_c0_g1",-1.59347257154507,-0.292060850445698,-6.22705540068464,3.81228554241067e-05,0.00118817462049308,2.44613353967976,38,37.29,35.07,34.13,45.3,9.05,5.02,9.07,16.08,15.07
"2130","TRINITY_DN36424_c0_g1",2.19866298513495,-1.66428058202218,4.36024108773555,0.00086115610888879,0.00896267546898389,-0.5519844576564,2.14,2.48,10.63,3.15,7.95,14.12,12.57,17.85,15.95,19.57
"2131","TRINITY_DN36475_c0_g1",1.50368225044323,-1.21344714510961,3.80672894227143,0.00236334460201737,0.0177279831887287,-1.27046037312534,5.01,13.22,10.01,5,6.02,24.01,8,17.01,22.89,16
"2132","TRINITY_DN36535_c0_g1",-1.38804259568452,2.94428755888939,-7.3772819744208,7.07795414333874e-06,0.000438877174014759,4.1003262825044,369,275,302,429,259,126,109,140,158,84
"2133","TRINITY_DN36542_c0_g1",-1.43079048516454,-0.65417766312499,-4.36481079018262,0.000854126871042965,0.00889880604014732,-0.355171708032842,45.03,29.12,29.03,24.19,18.45,7.36,6.17,7.15,13.05,8.93
"2134","TRINITY_DN36552_c0_g1",-2.34267421122098,-2.25397700366846,-4.3890968050051,0.000817754998136977,0.00864085203944949,-0.650389635864161,14.3,13.27,11.58,12,13.43,2.1,4.54,1.19,2,0
"2135","TRINITY_DN36631_c1_g1",-1.11817499089682,2.40207190271948,-6.69597190789397,1.87892979588078e-05,0.000775416284056659,3.16449249050312,176.94,184.95,282.74,166.55,205.7,91.62,72.26,114.03,90.35,91.44
"2136","TRINITY_DN3664_c1_g1",1.6227152443324,-0.192898767524191,3.23839646155072,0.00684015028520905,0.036145202779283,-2.29417166506228,5.21,20.69,11.88,29.56,15.34,50.51,51.74,36.85,46.1,14.71
"2137","TRINITY_DN36648_c0_g1",1.84183826528235,-1.16796778647297,4.79069726369944,0.000402442491446436,0.00528659139824463,0.222267514140472,6,4,15,5,8,24,15,15,31,18
"2138","TRINITY_DN36669_c0_g1",-1.98690756447487,2.84978112245428,-5.92251073668544,6.13422092346602e-05,0.00160261221779084,1.94263555858513,363,323,635,230,401,107,28,95,150,141
"2139","TRINITY_DN367_c0_g1",1.04898490679612,4.05799630392844,8.56377567628332,1.47926262712233e-06,0.000181193316338893,5.57971809791772,308.4,262.88,334.37,219.74,381.2,603.69,455.08,669.03,771.34,629.96
"2140","TRINITY_DN36707_c0_g1",-2.54176814781004,0.391184042248278,-4.44604923313252,0.00073862442026352,0.00808400509844068,-0.240606425846838,202,40,65,56,107.08,14,8,12,7,35
"2141","TRINITY_DN3684_c1_g1",1.94111064318955,-1.3207866970451,5.10839795578164,0.000233137668600909,0.00368037118200161,0.614638954663792,4.43,4.23,9.48,4.32,9.26,16.83,11.54,21.38,24.86,19.87
"2142","TRINITY_DN369_c0_g4",-1.59226772468077,-1.06349694853105,-4.56785329410479,0.000594939744507774,0.00699314475698642,-0.0790122830441646,33,18,18,27,21,8,3,5,10,4
"2143","TRINITY_DN3691_c0_g1",1.07510763466728,5.20069551695922,11.705482300127,4.5927329023991e-08,2.79221357784515e-05,9.05139335285637,752.52,654.45,747.8,566.73,567.14,1505.3,1215.84,1441.19,1558.17,1134.53
"2144","TRINITY_DN37078_c0_g1",-1.58539255963694,-0.908527798699239,-3.29499613155791,0.00614884929349524,0.0336360325542112,-2.10982645617651,37,26.5,31,17,21,18,1,3,20,5
"2145","TRINITY_DN3709_c1_g1",1.38463140803303,-0.548108601203937,4.28669055664483,0.000982922162682816,0.00978589409020418,-0.480503138384706,13,7,10,14,18,25,21,42,32,18
"2146","TRINITY_DN37092_c0_g1",-1.12235966944316,0.133648126100149,-3.7551907454225,0.00260017972581378,0.0188630325772692,-1.43925170636713,55.32,30.09,55.62,34.18,47.1,14.03,6.71,24.04,36.35,15.26
"2147","TRINITY_DN37115_c0_g1",1.01312901408763,2.31312579105511,7.13559403097044,9.93940356904933e-06,0.000535685498516558,3.80631229041954,111,79,112,79,78,182,172,173,194.17,189
"2148","TRINITY_DN37125_c0_g1",-2.62801775375423,-0.0779471423440713,-5.780231065834,7.69469080477705e-05,0.00183982455966691,1.80831252483868,41.53,39.71,81.89,72.92,87.42,4.8,14.18,14.45,7.48,5.56
"2149","TRINITY_DN37172_c1_g1",1.03002738917505,1.26633252272866,3.41505451042869,0.0049068062533879,0.028890871873172,-2.21670095914641,71,18,41,49,66,73,82,104,91,91
"2150","TRINITY_DN37185_c0_g1",1.43396072633674,1.71842667855379,5.3826893527548,0.000147147007830661,0.00273109448301636,1.18527638306561,50.65,68.87,32.72,40,87.59,143.76,174.62,102.21,164.79,120.01
"2151","TRINITY_DN37188_c0_g3",1.50375048121438,0.251231915456934,6.34606634555003,3.17666221058015e-05,0.00108172860845453,2.69972915317448,19.57,17.93,16.77,21.68,21,40.82,34.04,66.25,60.57,52.28
"2152","TRINITY_DN3728_c0_g1",1.12899823855579,5.38640398827429,10.3025595070718,1.94786517483958e-07,6.60591309940665e-05,7.56237687831514,597.1,624.44,955.88,695.12,842.66,1635.04,1485.94,1491.95,1882.56,1447.43
"2153","TRINITY_DN37286_c0_g1",-1.96685646118747,-1.99853241291807,-4.0144209184456,0.00161219788295642,0.0137554169192241,-1.10736708975874,13,10,11,15,21,3,3,1,3,2
"2154","TRINITY_DN37287_c0_g1",-1.40846503093557,-1.22358257881591,-3.36551100363524,0.00538527521028336,0.0306860355535783,-1.98326491878738,15.91,22.61,16.97,13.42,27.74,2.55,5.42,11.63,4.74,6.23
"2155","TRINITY_DN373_c4_g1",1.31643111898978,3.1130030547952,7.0796280565019,1.07637250403002e-05,0.000562477971104912,3.65580114309021,178.57,146.56,163.19,94,139.39,368.23,305.9,245.94,503.35,384.96
"2156","TRINITY_DN37326_c0_g1",-1.44160890661344,-0.752133757471414,-3.7732238010443,0.00251466502669313,0.0184820279486558,-1.32361821325113,24,23.03,33,20.14,38,14.04,3.23,11,15.85,2
"2157","TRINITY_DN37335_c0_g1",1.07978838920992,2.23977896222055,6.91114319115023,1.37147644209348e-05,0.000652504088894076,3.49163549853123,75.91,82.31,81.99,82.2,100.77,198.49,160.94,183.6,162.17,182.06
"2158","TRINITY_DN37347_c0_g1",-2.93519312358317,-1.59603503758138,-5.01822165456878,0.000271834600700513,0.00408308838467088,0.23982403919512,30,30,28,28,13,1,3,2,3,2
"2159","TRINITY_DN37364_c0_g1",1.29247518868473,-0.810536189770585,4.00966222283297,0.00162631397921478,0.0138379639538819,-0.933533020351947,14,11,13,9,6,19,20,21,21,25
"2160","TRINITY_DN37364_c0_g2",1.05832859194194,-0.924665766308974,3.91372945332068,0.00193969413959686,0.0155440559301274,-1.09072424403228,14,8,8,11,11,20,16,17,20,16
"2161","TRINITY_DN37369_c0_g1",-1.7920189351457,-1.45184548951912,-4.76542293652516,0.000420549977578452,0.0054583905316893,0.111305879315949,24.4,14.71,20.67,18.01,15.67,3.21,5.48,2.07,5.36,3.1
"2162","TRINITY_DN37384_c1_g1",-1.37815196739778,1.15231872489276,-4.45466300285916,0.000727366914284394,0.00799999202516752,-0.324932711660194,125.58,118.69,69.87,54.25,119.53,37.37,14.79,35.54,41.42,49.55
"2163","TRINITY_DN37385_c0_g1",1.49056015836213,-0.277991799656453,4.1066679348946,0.00136214480224614,0.0122476971342714,-0.788992436137806,19,22,8,14,10,31,23,22,51,49
"2164","TRINITY_DN37415_c0_g1",-1.19123613799058,-1.01662822184733,-3.02440067768397,0.0102380415297615,0.0477631559407826,-2.56365067218467,27.51,12.27,28.53,19.78,17.33,6,12.01,3.22,12,5.38
"2165","TRINITY_DN37421_c5_g1",-3.56391356273089,-2.20788537993967,-6.25926269614466,3.62797903869466e-05,0.00115590846389074,1.5330384685692,22.3,15.8,30.59,14.96,20.72,0,0,1.07,4.32,1.14
"2166","TRINITY_DN37439_c0_g1",-1.83210329738134,-0.337280190101699,-5.67361822113051,9.1359804210637e-05,0.00205068001770053,1.65361826575498,48,24,49,38,48,8,6,9,21,6
"2167","TRINITY_DN37458_c0_g1",-1.0524702444158,1.43632665017198,-3.52583957376467,0.00398681714468574,0.0251657749214188,-2.04150631736362,90.47,161.68,112.14,50.35,124.67,41.2,41.76,71.4,48.53,36.27
"2168","TRINITY_DN37477_c0_g1",1.32583828548814,-1.32033914459832,3.05414852657546,0.00967973676561008,0.0460286071133117,-2.48699693941557,9,7,9,2,14,16,11,25,17,9
"2169","TRINITY_DN3748_c1_g1",1.39293364323995,1.98305261578202,7.31182208187025,7.75407789092588e-06,0.000459102191325805,4.07390458444598,46,63,79,72,66,163,156,174,157,174
"2170","TRINITY_DN37615_c0_g1",-1.52222809698451,-0.69668030725014,-3.77189371337044,0.00252087295056783,0.0185021139606991,-1.32772078136222,55,16,23,21,40,8,5,6,13,9
"2171","TRINITY_DN3763_c0_g1",-1.02250240012407,3.07647501980926,-6.60545733344472,2.14891891825345e-05,0.000850238530410234,2.95388470604308,388,303,358,225,298,128,123,170,233,126
"2172","TRINITY_DN3767_c1_g1",1.01960429265276,0.201124010102745,4.2994033124884,0.00096066495069071,0.00964204344408777,-0.502900242775963,24,26,25,13,24,36,26,48,48,48
"2173","TRINITY_DN37686_c0_g1",1.77732666942802,-1.48138332277302,3.42598092867783,0.00480721367358934,0.0284590931325792,-1.8877160226089,3,11,5,9,5,12,8,14,35,14
"2174","TRINITY_DN3772_c1_g1",1.01172879506428,0.365012077534025,3.54872135341256,0.00381978192995973,0.0244545509893775,-1.83794233721105,26,39.99,32.99,17.18,14.82,36,48.06,43.91,53.49,46
"2175","TRINITY_DN3773_c0_g1",1.97211223585987,-0.578490227500986,6.07553819028784,4.82238360210405e-05,0.00138133156306547,2.14634628444125,11.99,11.96,8.23,7.33,8.33,23,39.8,32.5,47.98,23.73
"2176","TRINITY_DN37780_c0_g1",-1.02899619852202,2.76153185257807,-5.34207803440756,0.000157418578001643,0.00284237173818033,0.973099555178007,301.78,318.51,214.67,195.16,242.88,106.22,81.43,130.87,206.63,105.92
"2177","TRINITY_DN37787_c0_g1",-3.04373168434124,-1.12350272998259,-4.18162614300352,0.0011885898506173,0.0111296426529914,-0.739943367815529,38,34,29,35,29,1,11,6,0,16
"2178","TRINITY_DN3779_c1_g1",-3.21592712966158,-1.76628530523478,-5.32552461031869,0.000161818954764644,0.0028883495710282,0.560969701508728,32,19,32,12,34,2,0,5,2,2
"2179","TRINITY_DN37807_c0_g1",-2.32597590206869,-2.05872780520295,-3.92411912999445,0.00190294689031023,0.0153416303170638,-1.25085819153901,16,12,15,11,21,0,4,5,3,1
"2180","TRINITY_DN37826_c0_g1",-2.36964090735459,-1.58958506299296,-4.47537044676981,0.000701026960854395,0.00779747815249312,-0.387421529121773,16,22,33,12,23,1,3,3,3,6
"2181","TRINITY_DN3787_c0_g2",-1.84448815210059,-1.0657390768651,-5.04370825346339,0.000260259411998828,0.00397569343048854,0.604201799966575,22.14,29.68,27.47,17.04,26.11,4.48,8.51,2.24,7.27,5.15
"2182","TRINITY_DN37884_c0_g1",-4.25426590046855,-1.8205829231094,-7.53673879477119,5.6800545335956e-06,0.000384738802531714,2.7188851601492,34.59,36.01,22.02,28,50.25,3,0,1,1,1
"2183","TRINITY_DN3789_c0_g1",1.10534851094275,1.40364394218908,3.55011854356031,0.00380981617540816,0.0244126948319567,-1.99190785050545,47,49,36,59,50,127.99,148,52,97,99.02
"2184","TRINITY_DN3792_c0_g2",1.79347086986259,9.84532609741183,29.0708407310153,8.82023997346155e-13,4.39715423396979e-08,19.7756125675491,13755.74,10924.92,13015.55,12986.03,12039.72,54625.31,44327.24,47015.91,52199.91,40394.69
"2185","TRINITY_DN37949_c0_g1",1.10999459207993,-0.9763760972777,3.37014877673577,0.00533854979715494,0.030520954476785,-1.99141104650196,14,5.31,17,6,10.68,17.99,14,21.35,21.96,14
"2186","TRINITY_DN37972_c2_g1",1.53180117663871,-0.367437442186508,3.9951983929765,0.00167000547842191,0.0140847205406475,-0.970989238086013,22,8,18,14,8,35,16,34,65,23.87
"2187","TRINITY_DN37973_c0_g1",1.069311835491,1.35183768237465,3.53083528205674,0.00394972590983584,0.0250166034535696,-2.01941647101792,37.5,57.18,52.66,38.63,50.61,138.24,78.16,44.99,122.01,118.63
"2188","TRINITY_DN37976_c1_g1",1.11222150970976,0.715270392051392,3.54279784762857,0.00386232802825943,0.0246225881320738,-1.89620121342788,17.09,37.74,60.23,21.24,28.58,48.96,47.43,79.31,66.07,64.71
"2189","TRINITY_DN3800_c2_g1",-2.1364060128498,0.70931677992265,-7.45856481917723,6.32454042423298e-06,0.000410788715275845,4.21046555720531,87.63,80.53,93.21,60.07,141.58,24.44,13.41,10.19,29.07,19.71
"2190","TRINITY_DN38001_c0_g1",-1.40107592925115,-0.818507681155776,-3.73214222473606,0.00271382828234715,0.0194283115703056,-1.39106926588532,33.84,22.36,20.07,30.49,19.09,10.48,6.36,11.73,4.3,7.36
"2191","TRINITY_DN38112_c0_g1",-1.97360070120541,-1.52436848453409,-4.42774385362735,0.000763152858307227,0.00824409582787773,-0.397804875605382,21,17,22,10,27,6,2,2,3,6
"2192","TRINITY_DN3814_c1_g4",-1.04167187295436,-0.65188761715246,-2.98962240960725,0.0109316151624022,0.049887752717982,-2.67430650481485,37.06,18.46,20.43,15.96,35.17,8.12,12.7,8.06,8.33,15.02
"2193","TRINITY_DN38252_c0_g1",-1.5510932976477,-1.29742756812948,-3.08047900898972,0.00921099881244947,0.0443924906996368,-2.44280695191732,23,13,22,9,35,7,3,4,3,12
"2194","TRINITY_DN38261_c0_g1",1.13664761496216,-0.959189823418591,3.00274896209556,0.0106644975547321,0.0490549175674535,-2.60988395280555,7.96,9.77,21.12,7,8.91,17.69,12.95,22.88,31.92,10
"2195","TRINITY_DN38354_c0_g1",1.54098259476019,-1.27968964753361,4.02241537878937,0.00158876663570284,0.0136020578893515,-0.93558167802188,8,6,7,10,5,11,18,21,22,12
"2196","TRINITY_DN38364_c0_g1",-1.31325943770303,0.0976054025625238,-3.90704349070794,0.00196372653280905,0.0156761663474987,-1.1653113571267,41,33,40,51,68,11,6,16,32,23
"2197","TRINITY_DN38378_c2_g1",1.3460431831018,-0.452125293336316,4.35232043937439,0.000873482271743004,0.00904376151468411,-0.374019573823269,9.98,8.7,13.01,15.92,19.69,24.2,25.12,21.16,42.06,29.92
"2198","TRINITY_DN38383_c0_g1",-4.25298747542618,-2.52377585731955,-5.54322859600027,0.000112950986604416,0.00230784185935113,0.791665651903969,55,18,20,15,12,0,2,1,0,0
"2199","TRINITY_DN38392_c0_g1",1.01131957924986,1.40387949629072,4.74873799981999,0.000432967845649492,0.005570257034623,0.146769635398711,55,48,53.83,26.92,74.01,125,77,80.02,129.61,77
"2200","TRINITY_DN3841_c3_g2",-2.02612740173315,-0.267924357152871,-4.91029853849197,0.000327155690409695,0.00460595668850453,0.517103810752226,47.2,81.73,41.58,35.35,32.14,9.46,5.05,4.09,19.63,11.18
"2201","TRINITY_DN3844_c1_g1",-1.70395271044513,-0.759851258369576,-6.31135412326152,3.34956660221963e-05,0.00111398228032325,2.40735106676897,29.72,22.65,30.87,27.76,33.05,7.88,7.21,6,8.78,5.71
"2202","TRINITY_DN38484_c0_g1",-2.45985883663141,-0.857308692204747,-5.52281790141148,0.000116790163212542,0.0023598184532554,1.25389738179695,65.6,31.03,27.76,31.83,28,10,3,2.7,8,3
"2203","TRINITY_DN38589_c0_g1",2.17840787650858,0.9746110066899,7.58132868081173,5.34408787711049e-06,0.000372613724388237,4.39839391350714,47,16,17,20,36,146,94,75,130,103
"2204","TRINITY_DN38589_c0_g2",2.96020648205515,-1.04433268834818,5.53108161236835,0.000115219502393402,0.00233934455392374,1.12122080640827,15,2,2,4,10,49,33,23,33,33
"2205","TRINITY_DN386_c0_g2",-1.15698089521674,4.72223341133877,-9.09982669701425,7.67375982087397e-07,0.000131917223568976,6.19919142167915,868.68,917.03,1337.12,1017.15,1022.56,435.94,367.06,453.54,679.27,387.48
"2206","TRINITY_DN38630_c0_g1",-1.52358954473165,-1.24220885004421,-3.10210965850033,0.00884296246946867,0.0431950037223615,-2.41083484625414,19,14,42,14,16,10,3,4.96,3,9
"2207","TRINITY_DN38636_c0_g3",2.11200237583605,-1.66238686319638,3.13013376675097,0.00838795048615829,0.0416249746751393,-2.35823725982816,1.95,8.49,1.11,9.45,9.94,12.4,15.34,15.68,10.62,24.36
"2208","TRINITY_DN3865_c1_g1",1.01335336112714,0.310871632434389,4.07326181054089,0.00144772502744215,0.0127650921700782,-0.904095649598159,26,24,25,13,34,33,37,46,52,54
"2209","TRINITY_DN38654_c0_g1",-2.87946142580898,-0.917186102988904,-4.10651718699021,0.00136251903777473,0.0122476971342714,-0.824549323547105,34.32,44.5,75.94,18,42.01,3.1,6.12,10,10,0
"2210","TRINITY_DN38680_c2_g1",-1.09664852920829,-0.506683066344869,-4.30491738660963,0.000951173929401583,0.0095660427481253,-0.451828974737937,27.8,27.43,32.62,18.16,33.38,10.16,11.74,10.61,11.17,11.54
"2211","TRINITY_DN38693_c0_g1",-1.1549167360108,-1.00636767536334,-4.05544982236301,0.00149560346387001,0.0130487083451718,-0.861400546877096,26,19,19,16,21,8,4,8,7,10
"2212","TRINITY_DN38698_c0_g1",-1.3733146999494,-1.17601339932784,-3.45206489074119,0.00457766454137482,0.0275896180003715,-1.84335139909188,17,20,14,21,25,9,4,4,4,11
"2213","TRINITY_DN3870_c0_g1",1.40023413488304,2.905491620403,7.18156326272744,9.31254578857594e-06,0.000514128842965533,3.82541166819497,123,129.15,84.09,104.06,170.15,278.67,258,271.37,400.94,385.65
"2214","TRINITY_DN38721_c0_g1",-1.26584826406451,-0.979384389230045,-3.35146920036461,0.00552928311811968,0.031320458048815,-2.01855702152212,29,17,26,16,22,3,4,16,13,5
"2215","TRINITY_DN3875_c0_g1",1.02499536580024,4.34865768991939,7.50774278114926,5.91054723246365e-06,0.000393402551642203,4.1260879888746,403,366,323,456,307,707,729,845,881,596
"2216","TRINITY_DN38762_c1_g1",-1.18771620957746,-0.907700700538039,-3.31310738353425,0.00594286798288284,0.0328932827301719,-2.09030754981219,31,20.29,25,13,22.44,3,9,10.79,11.83,7.99
"2217","TRINITY_DN38767_c0_g1",-1.00592187966463,-0.378059144473842,-3.73174706872633,0.00271582043098907,0.0194360889959945,-1.42815165238545,33,24,24,30,36,9,13,11,14,17
"2218","TRINITY_DN3878_c0_g1",1.04066587838279,4.30063813735318,9.87269019266958,3.13167598797376e-07,8.53133568461509e-05,7.14568780280006,361.11,306.05,329.68,393.79,378.31,823.06,712.5,710.55,773.87,628.33
"2219","TRINITY_DN38837_c0_g1",1.42520249766727,-1.70049298871738,3.19025373076684,0.00748945144038488,0.0385157440331656,-2.26158472541728,6.3,2.41,12.21,3.73,6.39,15.09,7.46,15.43,11.59,9.38
"2220","TRINITY_DN3884_c2_g2",-1.20395931270905,-0.674104671726246,-3.07027126376151,0.00938996275031036,0.044989698509488,-2.52772430475307,20.88,19.38,23.06,35.1,30.93,10.37,11.49,5.07,6.44,17.79
"2221","TRINITY_DN389_c2_g2",1.1193358771355,2.8679915223281,6.88031646666003,1.43421401702351e-05,0.000666918862049435,3.38809519541019,110.29,153.04,168.19,107.45,111.92,291.3,216.6,340.04,276.29,275.72
"2222","TRINITY_DN3894_c0_g1",1.19047727159532,3.0458881780907,5.90988584211462,6.25811948230226e-05,0.00162104778998907,1.8713494366592,151,106.12,146,135.16,168,269.18,329.46,257,343.34,451
"2223","TRINITY_DN38946_c0_g1",-1.75578244944053,-1.03770391824826,-4.02855465102655,0.00157101108501964,0.0135057105744929,-0.913617350234306,34,22,29,14,25,15,10,3,5,2
"2224","TRINITY_DN38977_c0_g1",1.08199438509969,0.753863470464765,3.9504937433141,0.00181284149242967,0.0148692969598711,-1.17176665608062,33.44,22.21,26.17,48.52,32.8,62.28,57.76,50.55,111.45,39.04
"2225","TRINITY_DN39000_c0_g1",2.07933235014014,-0.558846747554429,3.83165261760643,0.00225685657636268,0.0172102595371702,-1.22752120976428,9,9,11,5,14,89,43,20,23,27
"2226","TRINITY_DN3907_c1_g1",2.84510678374151,0.177026002837759,3.51563714171607,0.00406367025197199,0.0254608278131238,-1.81165877838077,11.97,39.16,0,50.83,19.21,94.21,51.96,79.78,86.86,59.96
"2227","TRINITY_DN39108_c0_g1",-1.44437466442199,-0.903952586464981,-3.50120207798346,0.00417498710735633,0.0259539216022448,-1.77106771333544,28.04,22,38,11,28,3,8,8,13,6
"2228","TRINITY_DN39176_c0_g1",-1.42632673058974,-1.04041633475153,-3.47947328564604,0.00434842100222769,0.0266538741760268,-1.80115920762801,35,27,19,19,14,14,3,8,7,3
"2229","TRINITY_DN3933_c0_g2",-1.60255936693963,-1.72816344767766,-3.95608082549175,0.00179432375345723,0.0147879686032573,-1.10497996333287,11.34,11,18,13,20,3,3,3,3.96,4
"2230","TRINITY_DN39332_c0_g1",1.02760245558942,1.57785610129925,3.62341060823695,0.00332249759843867,0.0223139529536526,-1.88937663851942,85,40,40,59,61,161,126,124,85,71
"2231","TRINITY_DN39435_c0_g1",1.50588478031704,0.0811392540684953,4.13763030982574,0.00128748408304527,0.0117813773847386,-0.76300874857194,14.75,28.38,21.53,10.5,14.19,51.61,52.54,42.78,27.93,54.59
"2232","TRINITY_DN39446_c0_g1",1.20550882944517,-0.939996807380785,3.02008091067836,0.010321744075665,0.0480322885656797,-2.58105367639699,13,8,6,19,7,24,26,15,19,12
"2233","TRINITY_DN39541_c0_g1",-1.10574127163385,0.66912333278165,-4.95950056693681,0.000300602479789922,0.0043589108275064,0.577132417193271,59,57,77,53.89,63,17,20,33,45,22
"2234","TRINITY_DN39543_c0_g1",-1.46105114608904,1.72066858843181,-6.91299196101277,1.3678077228059e-05,0.00065190552968492,3.52850554664986,136,164,125,179,116,50,46,43,74,37
"2235","TRINITY_DN3961_c0_g3",-1.35298508709452,2.81188395883874,-4.87767764538688,0.000346103205136452,0.0047756111501986,0.175113809960502,244.58,249.72,433.97,229.8,337.44,131.52,40.39,107.05,198.66,144.78
"2236","TRINITY_DN39752_c0_g1",-1.46307515940377,-0.242489812755284,-4.11928454208896,0.00133119662973535,0.0120618221705192,-0.768673327772902,47.9,41.43,42.61,15.15,52.04,10.73,9.48,18.31,12.97,8.49
"2237","TRINITY_DN39808_c0_g1",-1.42342442481549,0.0392342498199159,-6.1255640609049,4.46074246207088e-05,0.00131441189223198,2.36800219762707,56,44,46,31,48,13,12,22,15,12
"2238","TRINITY_DN3986_c0_g1",1.70864879254422,4.918841832367,3.73937363069184,0.00267763447782296,0.0192540186965106,-2.22289459366904,447.53,599,447,449.94,282.88,4358.66,492,1138.5,1760.24,1189.79
"2239","TRINITY_DN39886_c0_g1",-1.44198404806153,-0.536799581118068,-3.49799320143206,0.00420015059660291,0.0260514804795044,-1.80260097127764,48,23,22,20,53,16,3,6,14,13
"2240","TRINITY_DN39899_c0_g1",-1.24194618115053,1.4981764648169,-5.75445295005573,8.01967335084011e-05,0.00188676156469765,1.80460783135022,132.82,105.82,89.62,104.43,140.92,54.92,38.02,51.11,70.68,23.55
"2241","TRINITY_DN39913_c0_g1",-1.24041649279467,-1.04967511116122,-3.75805056994411,0.00258642207008053,0.018801374883447,-1.34497205631262,17.97,14.16,21.2,23.42,27.51,7.16,3.06,7.06,11.39,5.07
"2242","TRINITY_DN39921_c0_g1",1.17400944061544,-1.29400634136233,3.04966499721503,0.00976189552431076,0.0462503565711233,-2.49881843740237,10,10,10,7,4,16,15,18,14,9
"2243","TRINITY_DN39937_c0_g1",1.57508287034482,-0.260585634408893,4.35929477238832,0.000862619236965419,0.0089666715638943,-0.365965332164974,23,8,16,18,9,56,23,30,55,23
"2244","TRINITY_DN39947_c0_g1",-2.16032361579719,0.250909937018591,-7.86342295000638,3.6539277316424e-06,0.000301923092924248,4.58921514498959,87,52,68,52,79,16,4,15,18,16
"2245","TRINITY_DN4000_c0_g2",-1.02057503252991,1.17976660239992,-3.85211161986667,0.00217312701794315,0.0167629870633603,-1.4067296459667,125.12,68.16,95.1,58.13,89.36,34.63,31.41,33.52,91.89,25
"2246","TRINITY_DN40036_c0_g1",1.83279706475107,0.538919365954612,5.88823576556418,6.47677867739713e-05,0.00165301250012911,2.0475140929014,23,32,28,9,21,60,42,66,106,87
"2247","TRINITY_DN4004_c0_g1",3.02113257896082,3.4543994236499,4.68365082171491,0.000485184636350403,0.00604697741899417,-0.20326082342311,215.26,35.13,86.69,372.84,43,392.05,653.58,549.25,1388.06,1683.31
"2248","TRINITY_DN4007_c0_g1",-1.10747578632748,1.00015394905964,-4.17480575064234,0.00120339134246794,0.0112135829151503,-0.802690928648324,107,83,44.98,86,78.91,37,22,33,45.8,30
"2249","TRINITY_DN401_c1_g1",-2.07701035361554,-0.801545312539624,-5.65756005127598,9.37661533035877e-05,0.00208034002698877,1.49857414832676,39.09,41.44,30.08,17.35,36.15,6.33,2.9,10.7,8.27,3.09
"2250","TRINITY_DN4010_c0_g1",-1.04321397553995,4.31077414526759,-9.12609326486861,7.43650933543348e-07,0.000130081508736619,6.26311410836373,666,692,872,734,736,376,268,308,469,386
"2251","TRINITY_DN40180_c0_g1",1.24283668186695,0.0143257841492325,3.27792009168338,0.00634965133529094,0.0344000399932905,-2.26538611457659,29.94,9.17,31.61,9.54,20.39,50.76,34.95,47.27,25.19,42.06
"2252","TRINITY_DN4024_c0_g2",-1.0481313747499,0.693359565723216,-5.01465628363908,0.000273496342895925,0.00408964998762861,0.665977866282318,56.32,53,63.06,73.75,61.8,23,26,35.19,28.5,23.85
"2253","TRINITY_DN4025_c0_g1",-1.09006500211481,0.161782723637264,-4.67437018105795,0.000493148451892028,0.00612140210835756,0.134392472523492,56,31,47,45,40,14,18,17,22,20
"2254","TRINITY_DN40273_c0_g1",-3.00775416022837,-1.25785753275525,-5.44614603208661,0.000132483721904299,0.00255303865021068,0.879560872883251,43,25,36,21,43,6,2,5,6,0
"2255","TRINITY_DN40287_c0_g1",-5.82274810460779,0.737545735924698,-7.26693090746085,8.25727616939788e-06,0.00047585600770695,3.41070389267174,319,288,538,146,455,3,3,7,6,4
"2256","TRINITY_DN40304_c0_g1",1.10546693185001,1.15537973333439,4.95005646054167,0.000305518723620445,0.0044071252687066,0.518821303211615,44,30,46,33,53,84,92,78,127,49
"2257","TRINITY_DN40305_c0_g1",-1.45131127992989,0.327880578364495,-4.79937691770344,0.000396413337614008,0.00523032860922409,0.336056815905493,47,45,92,36,70,19,8,22,24,20
"2258","TRINITY_DN40324_c0_g1",-1.40171321901999,-0.403157498841252,-4.63945434150826,0.000524351081092131,0.00637261688095709,0.092173625485807,27,23,50,31,39,12,10,12,11,8
"2259","TRINITY_DN40340_c0_g1",-2.30311220870736,-1.58297739245189,-4.73562300369156,0.00044299695849437,0.00565694860958499,-0.0297833771218237,29,18,17,12,29,3,5,1,5,2
"2260","TRINITY_DN40361_c0_g1",1.25661214303133,0.128341494523635,4.59661054967546,0.00056546948771992,0.00675217972965298,0.00728412132308076,16,27,18,13,25,28,39,47,50,48
"2261","TRINITY_DN4041_c0_g1",1.32597519702653,1.18980001009144,5.31938612201048,0.000163483413355817,0.00290167357558562,1.13035110281297,39.02,45.63,48.02,43.61,22.78,134.27,75.06,75.86,98.48,82.79
"2262","TRINITY_DN40425_c0_g1",-1.82713302198499,-1.34538960623791,-4.26575934643407,0.00102073835584136,0.0100487498526381,-0.587000650386259,39,16,17,13,22,4,2,7,4,5
"2263","TRINITY_DN40437_c0_g1",-1.53881431045905,0.823725969728559,-4.65171583399312,0.000513165664088825,0.0062888023234563,0.0525941754279753,78,107,75,36,125,29,26,19,27,25
"2264","TRINITY_DN40438_c0_g1",-1.47407381821713,0.529773534665071,-3.78903552137273,0.00244205480755195,0.0181274208339618,-1.42153510079608,69,65,96,24,91,11,21,21,37,20
"2265","TRINITY_DN40446_c0_g1",-2.3680271733064,-1.81791238538471,-3.6590634219747,0.00310890230450483,0.0213071359068572,-1.59642157600961,18,27,22,10,16,8,2,0,5,2
"2266","TRINITY_DN4051_c0_g1",1.98324189737692,1.34601377606383,4.34069473699637,0.000891906434461,0.00917923440899757,-0.536831665449657,49.27,47.37,11.73,51.66,31.57,96.55,127.03,121.09,99.45,249.31
"2267","TRINITY_DN40555_c0_g1",-1.99785340949234,-0.127859567351437,-6.61651861473676,2.11382420508732e-05,0.000842369928826686,2.97266180508027,63,62,52,37,34,8,10,11,13,10
"2268","TRINITY_DN40571_c0_g1",-1.08133528552282,-0.232946314610293,-3.33021549920409,0.00575469505629976,0.0321732435394989,-2.13985362846496,28,34,26.99,47,36,10,6,13,25,18
"2269","TRINITY_DN40614_c0_g1",1.15855014842451,0.977005654440497,4.15302683446333,0.00125194330935799,0.0115323595346312,-0.839244339836736,28,23,44,49,39,55,99,85,84,57
"2270","TRINITY_DN40620_c0_g1",-1.67003795605456,-1.37699190965635,-3.4999091123674,0.00418510786017102,0.0259922987608204,-1.76709756711177,24.01,10.37,21.04,17.6,20.85,2.03,5.2,8.2,2.11,7.2
"2271","TRINITY_DN40639_c0_g1",-3.51399319851633,-1.26287160969268,-5.85559245445626,6.82184010540424e-05,0.00170640882682744,1.28312916532296,43,32,38,25,43,2,4,4,0,6
"2272","TRINITY_DN40644_c0_g1",-3.51002321514613,1.40291493532506,-14.4485866489492,3.99169390196922e-09,6.03023988166278e-06,10.4334326457307,301.63,245.23,206.48,170.39,240.54,20.31,18.3,22.12,21.22,11.15
"2273","TRINITY_DN40668_c0_g1",-1.25057994306215,-1.03777651455168,-3.12354630608644,0.00849275271459659,0.0419731339829461,-2.39373640487554,22,23,22.26,14,23,14,8,3,14.24,2
"2274","TRINITY_DN40676_c0_g1",-1.81517419170409,-1.61803765574117,-3.86669788876671,0.00211538316200333,0.0164701228760506,-1.23285723308712,18,12,21,20,16,2,2,2,14,2
"2275","TRINITY_DN40699_c0_g1",-1.675857626261,-0.939785520367606,-4.6727490718539,0.000494553458218998,0.00613307799815714,0.0939660076098248,31,19,29,17,36,8,5,4,14,3
"2276","TRINITY_DN40703_c0_g1",-1.83316467021572,-1.84352157642394,-3.72144520173244,0.00276828760514297,0.0197004267315932,-1.48465952704929,13.64,9.45,15.47,15.67,20.64,1.04,1.03,8.33,4.2,1.04
"2277","TRINITY_DN40704_c0_g1",1.91339329025786,-1.03600606587414,4.62395879953781,0.000538850983772846,0.0064965751134287,0.00206085735478911,5,7,6,13,8,25,10,32,28,22
"2278","TRINITY_DN40719_c0_g1",1.05886842396166,1.96598028136528,5.55212111417016,0.000111320088495661,0.00228464191646462,1.42793672788838,101.15,52.03,61.05,87,63.95,172.91,139.51,125.48,182.74,111.2
"2279","TRINITY_DN4074_c0_g1",-1.65287025237197,6.31812707779777,-15.4519193004762,1.80903495768593e-09,3.46868537482756e-06,12.2954658842404,3228.96,3079.28,4391.61,3667.93,4177.58,1357.21,879.99,1186.68,1394,1014.05
"2280","TRINITY_DN40750_c0_g1",-3.0684598564516,-1.96531457598624,-4.33780924753715,0.000896541381911711,0.00921172248813779,-0.676769327650987,12,15,38,17,29,0,2,3,3,1
"2281","TRINITY_DN40757_c0_g1",-1.4863473111778,-0.0198987839610877,-3.77219797971146,0.00251945146428517,0.0185008416333788,-1.38276813777786,48,46,63,19,62,28,4,13,21,11
"2282","TRINITY_DN40760_c0_g1",1.51319791249067,-0.398971004251039,5.10232924360749,0.000235551312833496,0.00370882267000946,0.817506482338138,9.46,12.6,12.15,11.04,17.63,34.7,21.82,33.22,28.11,40.11
"2283","TRINITY_DN4080_c2_g1",1.65103861448622,2.26576609343881,5.26395324727421,0.000179353858389186,0.00309678712094227,0.924999353491264,110.44,57.87,61,58,76.08,257.65,220.1,398.43,168.01,135.76
"2284","TRINITY_DN4082_c2_g1",-1.00848606251754,0.905137364062227,-3.94871004849674,0.00181879463519531,0.0148960684981751,-1.19413301354458,103.67,57.49,61.49,47.57,92.23,42.47,16.62,28.37,52.21,29.41
"2285","TRINITY_DN40822_c0_g1",-2.20745965358304,-1.05695908948894,-5.17921067866012,0.000206814614548327,0.00340387222815376,0.748516117351381,35,32,26,31,21,4,1,4,15,4
"2286","TRINITY_DN40830_c0_g1",1.59920643448287,1.23384984806813,5.30879953774375,0.000166396356748017,0.00293286947766335,1.11368716765101,47.13,29.88,52.71,14.94,49.59,135.52,78.64,97.46,90.34,138.71
"2287","TRINITY_DN40847_c0_g1",-1.03287592895914,1.00720379309291,-3.21535002634595,0.00714359442995845,0.0372662220381878,-2.5346922349984,113,57,40,89,103,27,32,33,52,30
"2288","TRINITY_DN40892_c0_g1",-1.98907814134686,-1.4025036363781,-4.72516255385023,0.000451169678929747,0.00572902750985346,0.0462561281611906,24,23,14,15,31,6,2,2,7,3
"2289","TRINITY_DN40895_c0_g1",-1.03810913583564,-0.587302128186569,-3.80708738532172,0.00236177718826675,0.0177241725375075,-1.28126288858172,27,21,34,19,30.09,8,6,11,15,14
"2290","TRINITY_DN40921_c0_g1",1.38207266686846,-1.51775526300619,3.22765208817812,0.00697996933108818,0.036675897111143,-2.20087590720464,5,3.28,11,7,7.44,12,9,17,11.84,17
"2291","TRINITY_DN40933_c0_g1",1.93632478867947,1.47821213181284,6.08154177967636,4.77739243977946e-05,0.00137510014607578,2.32008084509271,34,70,17,59,36,163,96,139,190,117
"2292","TRINITY_DN40951_c0_g1",-1.58998453102169,-1.0115544622873,-5.16669302140801,0.000211230673176204,0.0034537496719755,0.811722417957752,32,25,23,15,23,6,5,6,6,7
"2293","TRINITY_DN40962_c0_g1",1.23683985407471,1.0358150651127,3.33289169229038,0.00572580860351175,0.0320837064528348,-2.32361877329472,38,26,32,41,43,146,134,55,62,48
"2294","TRINITY_DN40978_c0_g1",-1.99991750689797,0.0070498058162932,-3.95064563269018,0.00181233548299286,0.0148692969598711,-1.06140091025695,69,60,30,114,33,9,8,16,19,7
"2295","TRINITY_DN41010_c0_g1",1.19933127319203,0.922554397613103,3.20887261836838,0.0072312929998751,0.0375718238585486,-2.5304852473659,31,48,49,35,16,78,98,88,46,66
"2296","TRINITY_DN41026_c0_g1",-1.980593793069,-1.03010020401674,-4.35564793218867,0.000868281877364149,0.00900675331507177,-0.413148725613183,45,29,28,18,19,2,2,10,10,6
"2297","TRINITY_DN41038_c0_g1",-1.5349882667491,0.0787541561918117,-3.4106708418675,0.00494734796381429,0.0290510535317759,-2.0289461144002,89,41,24,49,56,5,13,19,29,15
"2298","TRINITY_DN41082_c0_g1",-1.64674740010815,-1.14929119782276,-3.76619923197999,0.00254762871277819,0.0186145294178706,-1.33572130961037,24.68,27.04,15.6,16.87,26.35,1.11,6.39,9.49,10.08,3.22
"2299","TRINITY_DN4113_c0_g1",1.07192722435807,3.2710161933577,10.6701740818876,1.31411874650843e-07,5.28328724755521e-05,8.06261002337002,193,163,169,168,164,361,353,375,428,300
"2300","TRINITY_DN41160_c0_g1",3.11275171566554,-1.39108200352094,6.18942484704858,4.04025146113433e-05,0.00123797575963079,1.65708762850928,2,10,2,4,5,32,23,19,39,23
"2301","TRINITY_DN41170_c0_g1",-1.86511916696992,-1.00223590845102,-4.41751895475816,0.000777220364274305,0.0083322535797826,-0.30644167322727,24,25,38,21,21,7,3,6,3,13
"2302","TRINITY_DN41182_c0_g1",-1.1159464572913,0.230747615371327,-5.17283366993204,0.00020905211104662,0.00343252715020112,0.943431386878937,58,45,47,33,49,15,13,23,30,16
"2303","TRINITY_DN41217_c0_g1",-1.11716491955609,1.54709301326982,-5.37968573927486,0.000147882019499557,0.00274119034294273,1.19469536968153,158.22,119,88,87,115.04,49.07,34.08,63,52,52
"2304","TRINITY_DN41302_c0_g1",2.42026652292125,-1.40191215556131,3.37858535216608,0.00525460047854557,0.0302491452259737,-1.96895030181047,8,5,4,1,11,40,17,29,34,5
"2305","TRINITY_DN41312_c0_g1",1.0474132285102,-0.255369590295611,3.14125129751599,0.00821400947645239,0.0410313641713007,-2.4720952717299,29,19,11,9,18,35,17,40,25,35
"2306","TRINITY_DN41320_c0_g1",-2.03959707903808,-1.02828519158289,-4.34924220149222,0.000878321866811014,0.00908011099129085,-0.425355174722034,30,23,34,20,30,1,5,11,13,3
"2307","TRINITY_DN41324_c0_g1",1.56303586318103,-0.693964296422135,5.0750419415097,0.000246731951971796,0.00383307198555623,0.74354546507432,8,12,8,10,14,24,15,34,33,24
"2308","TRINITY_DN41343_c0_g1",1.47174111896766,0.323861507060436,5.69041007445457,8.89129781829385e-05,0.00200932851375976,1.74743180927699,22,17,19,20,24,49,36,63,47,72
"2309","TRINITY_DN41353_c0_g1",-1.15882234128548,0.634863327565388,-3.49067736047868,0.00425809781247959,0.0262890411438815,-1.97494620565154,88,48,56,40,91,30,13,22,66,14
"2310","TRINITY_DN4136_c2_g1",-1.0017143277785,0.618940366504848,-3.85468306368161,0.00216283103431469,0.0167194317806932,-1.32442176640693,70.46,77.75,65.76,30.5,52.82,33.98,22.04,24.86,25.42,25.32
"2311","TRINITY_DN4136_c4_g1",-1.3455682595031,1.78287888474878,-6.61255053671897,2.12634351405273e-05,0.000844316580992856,3.09209748987682,188,147,143,89,159,56,49,43,86,43
"2312","TRINITY_DN414_c0_g1",-1.06797833433344,4.82129511105477,-7.80024135703961,3.9754298873954e-06,0.000313338111240019,4.49054956151954,956.1,990.63,980.39,1008.44,1403.4,494.41,443.05,536.31,477.9,586.1
"2313","TRINITY_DN4142_c0_g3",1.07197131591993,2.841140984574,6.26242662609627,3.61038899520348e-05,0.00115590846389074,2.45473332979663,111.87,95,171.02,143.73,132.02,283.4,172.45,294.41,373.66,245.49
"2314","TRINITY_DN4142_c0_g7",1.37499434282181,0.525447558532991,4.87313889937176,0.000348828989803863,0.00479898815281457,0.444833238163147,15,24,41,29,20,48,48,56,87,55
"2315","TRINITY_DN4144_c0_g2",1.0018576749797,2.24478435151836,3.13382400774363,0.00832980862471017,0.0414065160402509,-2.91688111060901,78.62,81.02,77,114.89,87.07,206.82,297.51,203.87,123.35,100
"2316","TRINITY_DN4150_c2_g1",-1.04689779530598,0.618180067619068,-3.23411866540152,0.00689547731235237,0.0363613529143963,-2.4364701540228,59.39,92.46,47.22,77.24,34.31,25.91,21.52,21.78,34.76,24.07
"2317","TRINITY_DN41508_c0_g1",1.63453043739187,-0.721334594787653,3.96577462257138,0.001762654977077,0.014600955392598,-1.00552779373365,11,5,17,4,20,28,13,35,32,27
"2318","TRINITY_DN41551_c0_g1",-1.34933365101588,-1.29690118509103,-3.0036397717377,0.0106466076077651,0.0489997534222593,-2.56956058582657,34,14,11,12,26,9,6,5,6,2
"2319","TRINITY_DN41568_c0_g1",-1.67203399816196,-0.793268082787718,-4.09989779833768,0.00137905686948577,0.0123429303616651,-0.788796593370803,27.56,21.85,34.13,26.7,35.17,11.35,1.05,11.22,17.36,2.07
"2320","TRINITY_DN4158_c0_g1",-1.09430982898889,4.88489437141294,-7.80846017554767,3.9319536362731e-06,0.000312133255778858,4.49645920158756,1453.75,915.23,1060.47,1003.62,1240.26,410,590,557.36,666.99,426.93
"2321","TRINITY_DN41638_c0_g1",-1.54469154389728,-1.15568410732819,-3.33214645036858,0.00573383789373766,0.032110651597001,-2.03859641524075,26,17,23,28,13,2,6,11,5,7
"2322","TRINITY_DN41686_c0_g1",2.97374608308581,0.171768341343166,5.35074717911215,0.000155164388641669,0.00281531572916403,1.20247976201673,11,8,4,10,44,153,83,46,73,75
"2323","TRINITY_DN4170_c4_g1",1.59921012763185,-0.534212099687537,3.71043858095919,0.00282549020023852,0.0199263209722013,-1.43956239210024,11.29,10.38,8.2,8.61,17.14,37.02,25.46,14.34,27.62,56.42
"2324","TRINITY_DN41706_c0_g1",-1.28894638853801,1.97248256216991,-6.81635732604743,1.57431029229787e-05,0.000699501702334452,3.37661620419545,178.94,157.9,160.55,107.63,201.9,54.36,45.16,90.41,80.27,53.2
"2325","TRINITY_DN41726_c0_g1",-2.06147817940066,-1.08265260709686,-3.63290187674705,0.00326421400825085,0.0220502521616978,-1.55048530030127,21,21,48,12,40,3,7,13,3,3
"2326","TRINITY_DN41743_c0_g1",-1.27656106787192,-0.983132568180224,-3.87300319395905,0.00209091150498849,0.0163701007011326,-1.15727967972154,21,17,22,26,22,4,9,8,11,5
"2327","TRINITY_DN41749_c0_g1",-1.42526602688887,-0.551795728461906,-4.48154906477407,0.000693361142948046,0.00773810903500983,-0.164428073609725,40.78,30.69,23,28,27.55,13,9.55,6.62,7,12.75
"2328","TRINITY_DN41767_c0_g1",1.46404683970869,0.328035524935635,4.47015572145393,0.000707565370423007,0.00784916749878599,-0.216383083403936,13,22,20,22,28,60,73,60,39,37
"2329","TRINITY_DN41801_c0_g1",-2.02556864740865,-0.183714903601946,-6.89678794026614,1.40032126482434e-05,0.00065723366345718,3.31093136746653,64.54,42.49,40.5,32.24,57.45,12.09,8.06,8.08,8.06,13.71
"2330","TRINITY_DN41901_c0_g1",1.19447726099865,0.349696989299013,3.09265652565295,0.00900195773858366,0.0437103924361168,-2.64722017959924,45,9,29,19,28,79,21,51,57,49
"2331","TRINITY_DN41917_c0_g1",-1.42738847375246,1.84591363244743,-7.33093494111289,7.54983245786173e-06,0.000452393663074499,4.10504305422296,182.48,149.3,138.66,122.74,176.76,40.83,35.22,64.74,92.55,53.99
"2332","TRINITY_DN41931_c0_g1",-2.26942874020678,-1.24908550045084,-4.53292220233189,0.000632899031542964,0.00730199384853306,-0.214475881306621,45,18,30,26,17,6,1,3,10,2
"2333","TRINITY_DN4194_c0_g3",-1.42303649800665,2.07522596773045,-5.72666176942218,8.3863015464162e-05,0.00193377562901705,1.70639489696475,153.51,142.5,263.01,118.58,252.08,50.57,71.65,82.56,78.05,47.7
"2334","TRINITY_DN41946_c0_g1",-1.40350410864283,-0.102824037687723,-4.00364768641343,0.00164433763204142,0.0139389838412108,-0.976825985888133,46.68,41.53,68.27,17.18,45.22,14.42,6.49,16.05,20.61,10.87
"2335","TRINITY_DN41974_c0_g1",2.9494314125861,-1.47182067942507,4.68037306985696,0.00048798189132726,0.00607424749771233,-0.145211868100662,5,2,6,5,3,33,27,39.31,22,10
"2336","TRINITY_DN4199_c0_g1",1.67673359910768,1.48148212412793,6.59697782879088,2.17624046587143e-05,0.000858343791787381,3.08416876469538,55.39,58.24,27.36,30.56,44.05,149.28,130.59,165.49,115.89,90.41
"2337","TRINITY_DN41994_c0_g1",-2.67106241557561,-1.36538382114122,-5.77471468305999,7.76304844104881e-05,0.0018448261031284,1.3022572509586,41,22,31,14,30,4,3,4,3,1
"2338","TRINITY_DN42_c4_g1",-1.33789951714343,1.33735400246616,-4.8728758219498,0.000348987669405569,0.00479947097458643,0.37343653517145,148,97.7,74.89,67.79,156.34,35.79,39.86,33.66,41.66,46.79
"2339","TRINITY_DN4201_c1_g1",2.18822881525801,0.0774865851424344,3.46973649356826,0.00442849420267543,0.0270158738969626,-1.90004320382965,10,7,24,16,17,22,99,49,46,125
"2340","TRINITY_DN42031_c0_g1",-2.36833881885345,-0.838138555260738,-4.58079807798695,0.000581481053143494,0.00687584794648069,-0.0621603124885821,63,21,31,39,27,13,2,9,3,4
"2341","TRINITY_DN42056_c0_g1",1.25564213201991,-0.84728820261555,3.18594135813957,0.00755055351758018,0.038692049482836,-2.31067238679676,5,14,22,9,9,25,14,20,28,16
"2342","TRINITY_DN42098_c0_g1",-1.76860223341086,-0.720222619142054,-4.441488037242,0.000744658647250246,0.00812151991716616,-0.241114097149566,47,33,17,23,39,11,6,4,10,6
"2343","TRINITY_DN4212_c3_g1",-1.39684288684677,1.77744987819712,-5.09837785133384,0.000237136918954074,0.00372392643643817,0.705471291819851,233,125,94,112,194,50,38,47.01,75,58
"2344","TRINITY_DN42149_c0_g1",-2.6055986538369,-0.469625960389796,-8.03901707510068,2.89758561139677e-06,0.000262642428154478,4.31620308168551,47,51,38,53,48,10,6,4,7,5
"2345","TRINITY_DN42271_c0_g1",-1.26587342034134,-0.494409467253312,-3.40094131177523,0.00503854658100186,0.0294157442316048,-1.97904719813633,53,21,29,15,44,17,5,11,12,9
"2346","TRINITY_DN42275_c0_g1",-1.67878835155266,1.27457353617602,-9.56869414347847,4.42537464259389e-07,0.000101667374219923,6.73226596822647,143.84,90.79,102.28,107.91,119.1,32.66,32.97,31.17,38.46,29.74
"2347","TRINITY_DN42308_c0_g1",-2.63686387107379,-1.17748971360375,-3.80519584337954,0.00237006063505702,0.0177569330988124,-1.30067826435384,24,38,13,38,46,1,12,2,5,4
"2348","TRINITY_DN4235_c0_g1",-1.01922645762787,3.92461616060061,-7.66577486181772,4.76445333501591e-06,0.00034787386669143,4.39520809412867,668,478,681,459,526,332,212,221,351,287
"2349","TRINITY_DN4235_c0_g2",-1.35963570394049,2.49074058795614,-8.40452862523564,1.80825220046225e-06,0.000199088828944496,5.4904351514033,265.91,223.82,274.71,169.19,239.26,126.03,56.81,100.64,101.99,73.93
"2350","TRINITY_DN42369_c0_g1",1.29004593923008,2.09743895741004,7.13878251435954,9.89450783110657e-06,0.000534928932333861,3.82723180662825,67,61,77,89,69,208,112,206,184,165
"2351","TRINITY_DN42414_c0_g1",1.37481147767192,-1.76377106483272,3.02283260723209,0.0102683468772603,0.0478552768881049,-2.52209849593527,11,6,6,3,3,15,11,6,14,10
"2352","TRINITY_DN42431_c0_g1",1.09170163299054,-1.10170476637713,3.24858670139741,0.00671014798800986,0.035697471736875,-2.18620487424359,11,17,6,6,8,22,13,16,17,12
"2353","TRINITY_DN42496_c0_g1",-1.15517007892681,1.61471162669896,-7.3709157442483,7.140868183586e-06,0.000441105539373934,4.16171009118485,132.91,114.07,128.5,88.1,127.09,54.12,48.61,43.2,53.32,57
"2354","TRINITY_DN42565_c0_g1",1.57578723226311,-0.69001087734229,3.21669194230764,0.00712556021548296,0.0372056799151816,-2.26622292930727,8,8,15,11,11,47,6,31,31,32
"2355","TRINITY_DN4259_c0_g1",-2.08504635194007,-1.35124436651479,-5.04439651713554,0.000259954076091465,0.00397408480692665,0.494740720151143,24.49,25.32,22.46,12.32,26.53,6.03,5.24,1.19,4.69,2.35
"2356","TRINITY_DN42611_c0_g1",2.29668068810378,-1.28986956050036,4.47755146443148,0.000698310965511206,0.00778212043012311,-0.294053869603742,2,4,15,5,8.98,26,20,18,22,22.01
"2357","TRINITY_DN42623_c0_g1",1.28823839296423,0.00179092046244759,3.200712235153,0.00734332039481136,0.0379954905700603,-2.40068173097795,10,15,38,22,14,27,42,63,50,22
"2358","TRINITY_DN42641_c0_g1",-3.34327150693759,-0.485295457393562,-7.56823653123654,5.44048045040144e-06,0.000376177908313263,3.62172586945878,103.88,42.43,65.6,41.83,63.94,6.18,2.02,3,9.36,3.09
"2359","TRINITY_DN42689_c0_g1",-1.56337060206131,-1.19014745756442,-4.10360819901007,0.00136976148583391,0.0122884144958211,-0.805361867656144,20,22,20,19,23,3,2,4,16,7
"2360","TRINITY_DN42787_c0_g1",1.63512852221814,0.05782322138405,5.24767515187432,0.000184315461331466,0.00315436961680659,1.06220852131661,12.37,11.39,29.92,17.67,15.48,49.81,27.54,46.97,80.12,33.88
"2361","TRINITY_DN42917_c0_g1",-1.0347137299749,1.61374972991357,-6.08944516587396,4.71883946456514e-05,0.0013622420117068,2.31532694687971,143.4,115.7,128.18,86.89,99.37,52.28,36.07,58.95,74.81,49.22
"2362","TRINITY_DN42918_c0_g1",-1.03528195228809,0.263073797010057,-3.91532894222254,0.00193398976819683,0.0155108095099608,-1.17404962878862,62,54,36,33,49,13,17,24,35,15
"2363","TRINITY_DN42933_c0_g1",-3.66858996713005,-1.23090796543761,-4.25253338438689,0.00104540708705667,0.0102089479943264,-0.726237062440815,51,47,17,42,49,2,6,1,0,13
"2364","TRINITY_DN42948_c0_g1",-1.82396142113349,-1.26518163742016,-3.27765069653775,0.00635287166020317,0.0344137466995663,-2.12167063697305,27,14,26,39,13,11,2,4,9,1
"2365","TRINITY_DN43022_c0_g1",4.32113303969417,-0.726212394717924,4.72743909334026,0.000449377737166747,0.00571573145187366,-0.0238745007438546,6,1,10,2,8,88,61,32,183,45
"2366","TRINITY_DN43111_c0_g1",4.31078933023268,-1.44671129993003,7.19607702046012,9.12347052646473e-06,0.000507084874325818,2.46894415218825,11,1,4,0,4,45,28,42,48,40
"2367","TRINITY_DN4322_c0_g1",1.87957964519647,2.71022295422416,3.13002843129516,0.00838961606478142,0.0416290962155417,-2.98350469543332,93.48,56.16,94.78,102.45,105.34,652.52,120.53,723.32,137.04,450.4
"2368","TRINITY_DN43228_c0_g1",-3.07415613702699,-1.88741257598549,-5.71761812103015,8.50938447588137e-05,0.0019486373186776,0.985560583432903,24,14,22,26,23,2,1,4,3,0
"2369","TRINITY_DN4323_c2_g1",3.24050478364408,-0.135686627012498,3.1880657601133,0.00752039049288823,0.0386151021981622,-2.31321312874979,43.33,0,28.91,51.66,1.23,70.61,29.09,66.94,162.83,69.28
"2370","TRINITY_DN43241_c0_g1",1.32202608391994,-1.12582112752267,3.78558445674366,0.00245771738218948,0.018219269093575,-1.30090980825274,11,4,10.41,5.49,13,18,10.81,21,19.46,17.44
"2371","TRINITY_DN4325_c0_g1",1.02716479371431,3.36187344170968,4.88997534995256,0.00033882897053161,0.00471833538209843,0.0968438310367112,275.6,108.75,176.86,155.3,259.14,465.23,284.73,484.58,398.55,307.94
"2372","TRINITY_DN4329_c4_g1",-1.19841161861473,3.39427561070248,-5.20852107219143,0.000196848813905231,0.00329422756616901,0.653227897445756,451.85,321.55,491.56,565.32,298.56,199.08,118.11,144.04,319.44,156.4
"2373","TRINITY_DN43354_c0_g1",-1.15435666010595,-0.820583778096073,-3.14134014603288,0.00821263405095209,0.0410286046038796,-2.38816645729166,29,28,23,14,24,8,12,11,14,2
"2374","TRINITY_DN4356_c0_g1",-1.19234722842891,5.78888133620478,-3.13705022177081,0.00827930887026355,0.041241845034897,-3.46339127955521,2523.76,1890.64,1879.88,2093.11,2635.43,773.31,715.09,346.29,2827.56,1294.5
"2375","TRINITY_DN4360_c0_g2",1.1123379987919,1.9158616342256,5.68130956649691,9.02303684920291e-05,0.00203170393896874,1.64430121284675,59.01,48.75,115.26,70.42,59.65,135.46,123.37,148.71,168.79,138.77
"2376","TRINITY_DN43658_c0_g1",1.46680141236873,-0.704267239659131,4.98045444776434,0.000289987827748718,0.00426201744597784,0.603112276982295,9,11.06,11.76,12.31,8.05,21.5,20.71,23.96,26.49,29.15
"2377","TRINITY_DN43669_c0_g1",-1.92931788735142,-1.93905829129574,-3.13249652752401,0.00835067716542548,0.0414812981992783,-2.3665958428643,19,17,8,11,15,1,6,1,2,10
"2378","TRINITY_DN4371_c0_g1",1.13817110415692,1.1907099700439,3.47728420152948,0.00436629452528251,0.0267378554193476,-2.08884683712659,44,48,31,41,42,146,124,78,76,42
"2379","TRINITY_DN4372_c0_g1",-2.16417349215653,-0.463049844375653,-5.9628948066279,5.75499323736789e-05,0.00154017919266128,1.99814577343638,42.18,41.66,42.63,26.78,60.06,10.2,1.32,12.37,12.57,5.29
"2380","TRINITY_DN43728_c0_g1",-1.77288462067467,-1.02536414115079,-4.41601198842794,0.000779316304295155,0.00834613441848043,-0.312167470462701,22,37,26,21,21,8,1,9,7,6
"2381","TRINITY_DN43734_c0_g1",1.51584775258656,0.129691310049488,4.56059941400083,0.000602622897582471,0.00706053097842043,-0.049738173244692,17.55,17.06,13.88,14.94,25.36,55.84,53.08,47.92,28.25,52.86
"2382","TRINITY_DN43787_c0_g1",-1.3445991265212,-1.14959950244864,-3.0977868856437,0.00891531674929955,0.0434107032886468,-2.42566960117284,20,21,32,10,22,3,3,5,17,7
"2383","TRINITY_DN43802_c0_g1",-1.26444436742267,-0.838361978467177,-3.44108043982505,0.00467294589840778,0.0279609791342737,-1.87721635439461,28.1,29.21,20.8,16.1,27.24,8,3,4.28,23.28,8
"2384","TRINITY_DN43824_c0_g1",-2.06342399037677,0.266000351716137,-5.50341076695751,0.000120568067560109,0.00241102281270521,1.45845243998065,92.31,68.72,41.77,40.09,90.79,11.26,20.5,14.39,9.26,16.45
"2385","TRINITY_DN43876_c0_g1",-1.40602573326946,-1.4170083500733,-3.11027760528622,0.00870784897722719,0.0427528456826578,-2.38961613616817,18,23,20,8,20,4,1,11,9,3
"2386","TRINITY_DN43910_c0_g1",1.65189689141241,-0.42717683435488,4.43164168681313,0.000757859990175578,0.0082026908576255,-0.244066404744972,10.83,20.75,5.64,7.31,21.82,35.29,25.05,22.91,55.52,26.89
"2387","TRINITY_DN43923_c0_g1",2.05199172537134,0.682063011802045,6.43886982374749,2.75920395400266e-05,0.000989575892510785,2.85123466310164,27.14,25.5,43.45,7.04,19,72.47,71.66,76.12,126.25,76.67
"2388","TRINITY_DN43947_c0_g1",-1.27448618628948,-0.897940273492254,-3.5178924263891,0.00404655294040139,0.0253943609941881,-1.74598395990519,43.86,20.44,26.23,13.21,17.49,7.24,7.2,6.11,10.03,6.21
"2389","TRINITY_DN43975_c0_g1",-2.436820318789,-0.436164470333874,-6.75769392826585,1.7156181428435e-05,0.000731906426907826,2.98054115410333,33,61,42,46,53,10,3,6,9,7
"2390","TRINITY_DN43981_c0_g1",-2.88150821332896,-1.77556387924582,-5.69193891166704,8.86936594415268e-05,0.00200651677964164,0.976611193498323,26,19,17,19,29,4,0,2,4,2
"2391","TRINITY_DN43995_c0_g1",-1.83180460552884,0.746882651328396,-9.06622500023625,7.98913467072331e-07,0.00013458871823937,6.08107454381998,107,78,87,57,90,22,15,27,25,18
"2392","TRINITY_DN440_c0_g1",-1.19857633064498,6.85180118056174,-16.4150977270899,8.83184597981717e-10,2.31733693490434e-06,13.0085676541416,4681.59,4441.75,4346.25,4184.31,4798.66,2093.91,1875.44,1984.36,2016.19,1770.15
"2393","TRINITY_DN44156_c0_g1",-1.09166309544619,-0.674707275148006,-3.31336726164133,0.005939963603037,0.0328845092173463,-2.11333186915427,21.24,25.17,24.41,26.32,27.05,5.08,4.52,18.89,13.24,10.55
"2394","TRINITY_DN44241_c0_g1",1.21098058584712,-0.67752964990354,3.26858452805003,0.00646221327097488,0.034800247335515,-2.18987766971406,20,10,7,14,10,33,9,26,27,25
"2395","TRINITY_DN44257_c0_g1",1.53227744660138,-0.625619386360175,4.44243936176365,0.000743395883482772,0.00811307245605662,-0.229515623421853,11,10,12,19,6,22,26,22,38,25
"2396","TRINITY_DN44283_c0_g1",-1.14663439850828,-0.921743580530073,-3.90613910968131,0.0019670006947617,0.0156897417017528,-1.10293816922572,18,24,23,20,23,11,5,9,11,4
"2397","TRINITY_DN4429_c0_g2",1.25366553517916,4.6692261976524,7.10616681258933,1.03641269808689e-05,0.000551820571832294,3.51535579755874,493,386,455,569,279,970,719,1158,1261,998
"2398","TRINITY_DN443_c4_g1",-1.42713580972761,-0.989505068163349,-3.525894141186,0.00398641009521943,0.0251657749214188,-1.72672036283446,24.56,20.7,20.67,19.46,26.28,1.64,11.35,8.9,11.74,5.76
"2399","TRINITY_DN4432_c0_g1",1.11535663520906,0.731463436035607,6.5069098361884,2.49026904439887e-05,0.000932037407435561,2.95575851185805,29,29,30,33.01,31,67,54,65,70,50
"2400","TRINITY_DN4432_c0_g4",1.7718058380934,-0.894229605219473,4.42821205530349,0.000762515064777798,0.00824331207230985,-0.275026873540781,16.16,4.89,7.78,3.44,15.31,35.43,22.3,19.87,31.45,15.83
"2401","TRINITY_DN4434_c2_g1",-1.04636571205764,0.843188789218546,-3.69626419752366,0.002900940189267,0.0203332609830637,-1.63775601372339,108.11,53.07,72.01,40.47,82.4,27.02,18,33.27,62.03,22.1
"2402","TRINITY_DN44408_c0_g1",-2.42271797585048,-2.1850289441902,-3.23185849867685,0.00692489090189276,0.0364760554159296,-2.23868078127691,11,20,11,22,11,5,0,0,8,3
"2403","TRINITY_DN44492_c0_g1",1.43098328592131,-0.869543183846092,3.81062688679268,0.00234635659423959,0.0176365545930722,-1.26014571741431,12,10,10,13,5,19,15,15,38,24
"2404","TRINITY_DN44530_c0_g1",2.09191575982316,-1.30262736996978,4.72231513948428,0.000453421468689364,0.00575102392096639,0.070017056419089,6,5,8,3,8,12,20,16,37,21
"2405","TRINITY_DN44569_c0_g1",1.29106230721474,-1.31535338751514,3.19602332673065,0.00740847824132406,0.0382334229570112,-2.25695369376016,8.37,8,6.2,3.01,12.01,13.42,17.85,8.79,17.27,19.42
"2406","TRINITY_DN44612_c0_g1",-1.41337976678754,-0.804390779274845,-3.34970793902176,0.00554761872380537,0.0313922175071361,-2.03270927579964,37,31,18,13,33,3,10,9,9,11
"2407","TRINITY_DN4466_c0_g1",-1.32597748306825,2.50838336058786,-5.36835192644492,0.000150690436232742,0.00277516450591463,1.06100581423272,307,249,153,234,254,120,62,63,158,78
"2408","TRINITY_DN4466_c0_g2",-1.2551113796605,3.66193811105948,-5.02972995674297,0.000266542564046236,0.00403020943777548,0.303167206770123,634,489,301,687,519,310,144,195,260,175
"2409","TRINITY_DN4477_c0_g2",1.24851496059162,0.301880647872704,5.02673099008302,0.000267911150238164,0.00404120259389507,0.706802031231159,18.33,23.75,21.09,19.99,25.93,32.66,43.24,66.66,58.58,40.87
"2410","TRINITY_DN44777_c0_g1",-1.35926401504117,0.0241132999548725,-5.57139799959048,0.000107869194332166,0.00224440857472516,1.55833267560598,61.22,32.87,51.53,34.45,40.81,17.93,15.25,14.79,17.52,9.33
"2411","TRINITY_DN44814_c0_g1",-1.01510233225845,0.654977453193707,-3.48257267567215,0.004323241928321,0.0265426822478555,-1.99622589036372,53.41,64.11,71.48,49.72,55.87,12.4,41.4,29.14,29.98,30.2
"2412","TRINITY_DN44918_c0_g1",-1.38082646642621,-1.52582992653976,-4.10726094904136,0.00136067365830745,0.0122443436620219,-0.835724262217281,21,15,16,12,14,5,4,4,7,2
"2413","TRINITY_DN4492_c0_g1",-1.01103314637357,4.45010706175644,-6.66526839520332,1.96624019282273e-05,0.0007988832300961,2.8743623921838,816,751,689,888,871,577,335,368,365,378
"2414","TRINITY_DN4493_c2_g1",1.09831048080648,2.10796303381786,3.8139470925231,0.00233198519632409,0.0175560945322176,-1.63226329061097,72.3,70.96,72.16,44.24,159.02,176.96,86.75,152.9,216.82,216.24
"2415","TRINITY_DN44955_c0_g1",1.2571821868813,-1.3843818423813,3.45806822740438,0.00452642555243104,0.0274087080123096,-1.8322533911095,7,7,7,4,12,12,10,21,19,9
"2416","TRINITY_DN44996_c0_g1",1.18864880885111,-1.19751089409104,3.41182022634883,0.00493668534360526,0.0290153942978959,-1.91019979491622,10,9,9,5,9,16,15,21,21,7
"2417","TRINITY_DN4503_c0_g1",1.20150761712157,6.18169319888647,10.5110736027586,1.55600951866608e-07,5.70380459809267e-05,7.75191809985192,1055.65,1362.82,1170.77,1359.74,1287.77,3282.82,2685.82,2735.69,3217.71,2247.62
"2418","TRINITY_DN4507_c0_g1",1.59045322107077,4.75962107321976,10.6889795372501,1.28831080379009e-07,5.26443922142193e-05,8.02838912336404,446.66,427.31,493.93,359.24,309.39,1295.07,1082.84,1521.7,1393.18,835.04
"2419","TRINITY_DN45080_c0_g1",-1.45536439095678,0.874970132496025,-6.25645080860565,3.6436880015917e-05,0.00115590846389074,2.59591945827428,78,75.65,93.81,54.47,96,27.24,25.72,34.8,19.67,29
"2420","TRINITY_DN45085_c0_g1",2.093358482852,-1.45153294797843,4.81479133801856,0.000385937271895735,0.00513070155088482,0.154289723472757,10,6,2,3,7,12,14,19,24,22
"2421","TRINITY_DN45188_c0_g1",-1.16342823739703,-0.926401740852933,-3.15316833131222,0.00803157414290026,0.0404279145543222,-2.35696377391766,25,19,32,12,25,16,4,10,10,3
"2422","TRINITY_DN45218_c0_g1",1.62998065100034,-0.961656477030491,3.65176002592611,0.00315148557469603,0.0214837973957775,-1.5190816687871,9,10,5,14,6,16,37,25,18,17
"2423","TRINITY_DN45303_c0_g1",-1.3918271042501,-0.710997860763325,-4.49742634284948,0.000674058994852324,0.00759924538000292,-0.145041799001252,31,21,20,31,32.01,10,6,11,7,8
"2424","TRINITY_DN45364_c0_g1",1.75181101634211,-1.23179294905476,3.53997856526994,0.00388274678382486,0.0247022173831063,-1.70053033076889,3,11,11,3,13,26,13,20,16,19
"2425","TRINITY_DN45429_c0_g1",-1.92085178897361,-0.23851509593445,-3.22865164946816,0.0069668413466531,0.0366382234577217,-2.28509694314972,54.01,46,25,48.35,52.18,1,7.2,17.58,22,23
"2426","TRINITY_DN45447_c0_g1",1.88001517022991,-0.974903427353185,4.8022004105297,0.000394472436446907,0.00520943956932124,0.274224965823059,16.09,7.27,9.31,2.51,7.17,32.58,16.05,19.94,25.04,26.58
"2427","TRINITY_DN45524_c0_g1",-1.65039393809386,-1.07124680102133,-3.77180971416675,0.00252126552674007,0.0185021139606991,-1.32485380275903,33.66,23.26,13.14,21.09,30,9.03,3.01,3.02,15.14,2.04
"2428","TRINITY_DN45601_c0_g1",-1.95049890181372,-0.241567479936897,-5.08075811278742,0.000244344630943701,0.00380936579249952,0.784421820881813,72.32,51.35,27,48.48,34.45,16,6,8.1,11,8
"2429","TRINITY_DN45622_c0_g1",1.554746016551,-0.313110555690438,3.76875604856902,0.00253557962415633,0.0185723668539332,-1.36112204678974,6,16,17,21.03,13,36,14.01,41,49,35
"2430","TRINITY_DN45625_c0_g1",-1.41333805612328,0.225602954213813,-3.94257733836558,0.00183941656942516,0.0149959827040969,-1.11668075899024,106,41,39,38,45,18,25,13,13,19
"2431","TRINITY_DN4567_c2_g1",2.74049636297707,-0.438380334572576,3.6723457037257,0.00303295760220917,0.020930091555396,-1.48942323587374,34.18,10.02,0,14.35,11.2,74.41,35.51,35.98,42.91,53.41
"2432","TRINITY_DN45684_c0_g1",-2.46749074158365,-1.04607690883446,-4.16603149538483,0.00122271361561071,0.0113301007210112,-0.723287285714155,15,39,38,27,39,5,11,6,2,2
"2433","TRINITY_DN457_c0_g1",-1.10944485375307,4.43776142525832,-4.99671191165305,0.000282022734081623,0.00417305791955239,0.128377342001825,1041.49,726.39,1056.37,576.79,828.93,426.92,167.74,406.2,614.36,423.23
"2434","TRINITY_DN45715_c0_g1",-1.09638346405626,-0.822443742506819,-3.09717168674779,0.00892566196506314,0.0434542017523723,-2.46422137877405,26.01,26,15,25.11,22.15,12,8,3.8,15,7.15
"2435","TRINITY_DN45728_c0_g1",-1.88341395412663,0.0928543797289343,-5.80505653984539,7.39482363686439e-05,0.0017895832173233,1.90184233549791,77.84,53.32,57.52,30.73,55.3,11.85,15.56,20.41,8.72,11.14
"2436","TRINITY_DN4590_c1_g2",-1.06673135992325,3.63397380901541,-9.51324911184514,4.71781912366802e-07,0.000104532194120987,6.77507034282349,472.36,432.57,465.9,416.89,512.25,246.98,211.24,197.63,215.78,238.88
"2437","TRINITY_DN45902_c0_g1",-1.70852261862841,-1.43971894721822,-4.037161371254,0.00154646282126989,0.0133591770973432,-0.939237545104597,24.79,14.34,21.11,13.45,17.55,9.78,3,1.26,3.35,6.01
"2438","TRINITY_DN4593_c0_g1",1.51671670346413,3.34577598043921,5.64960312382148,9.4983169431192e-05,0.00208947131571086,1.4106173629944,184,135,121,132,222,437,321,273,714,616
"2439","TRINITY_DN45932_c0_g1",-1.39852470262376,0.103883516513195,-4.42619584970304,0.000765265524250993,0.00825595805680259,-0.274124762865724,80.26,35.51,35.05,39.15,51.53,24.06,18.09,11.98,19.07,8.02
"2440","TRINITY_DN4600_c1_g1",-2.27263991186196,-0.193313219278478,-7.77947079745467,4.08760290728551e-06,0.000316919545469525,4.2872737558422,71,50.99,51.29,34,54,13,6.68,9,13.51,4
"2441","TRINITY_DN46011_c0_g1",-2.7873592872864,-1.88683677439608,-4.57747165721273,0.000584909006495699,0.00691146449415266,-0.360795518663336,22.92,15.13,16.6,16.37,26.1,1,2,5,0,4.74
"2442","TRINITY_DN4612_c2_g1",-1.05875700159256,2.86886599916702,-6.64931991470588,2.01328136476143e-05,0.000814015538341049,3.04518510432827,251.07,267.14,327.51,305.64,215.91,151.19,102.24,143.2,128.8,125.91
"2443","TRINITY_DN4612_c2_g2",2.85315957057067,-0.842472227047237,5.60553695228319,0.000102031180803649,0.00218026594796583,1.32727847282837,6,3,4,8,12,24,24,41,45,61
"2444","TRINITY_DN4612_c2_g3",2.36688496784506,0.265844799915357,6.84549306311527,1.5087697928291e-05,0.00068619114595336,3.34535930636281,11,13.23,20,18.64,12.59,76.96,57.82,38.01,116.27,70.81
"2445","TRINITY_DN4627_c1_g1",1.35680908991165,2.92489331757253,7.78501583928648,4.05733015401924e-06,0.000316712535661126,4.66027119184768,135,111,112,118,137.8,405,354,303,331,209
"2446","TRINITY_DN46277_c0_g1",2.0325100894545,-1.22328691104739,3.59693493521843,0.00349075004271995,0.0230349149588842,-1.61144841187965,2,14,11,7,5,14,29,17,25,20
"2447","TRINITY_DN4635_c5_g1",1.14062511348609,1.28460654631865,6.77308312370917,1.67729204069851e-05,0.000723965715194311,3.33840294612398,43.78,44.44,60.04,35.67,37.56,97.17,68.33,99.99,110.6,86.82
"2448","TRINITY_DN46360_c0_g1",3.70512884835888,-2.04058359791169,5.18783764767358,0.000203827565388845,0.00337813019193155,0.396917439966469,1,3,8,0,3,11,16,21,32,31
"2449","TRINITY_DN4640_c0_g2",-3.17721797880307,-2.03528692997193,-3.44612133925967,0.00462897289896548,0.0278003406844772,-1.91781354414569,16.86,12.76,31.01,24.95,19.65,0,3.77,0,40.58,0
"2450","TRINITY_DN46419_c0_g1",-1.02144650067306,2.07528715586649,-4.39729659872757,0.00080584049273691,0.00856031665979399,-0.566961237513185,184.93,114.54,234.89,92.51,185.6,78.06,64.63,56.2,110.52,72.81
"2451","TRINITY_DN46461_c0_g1",2.18702861621386,-1.71203126355171,3.95316466064312,0.00180396465207498,0.0148233146200584,-1.13639508499401,2,2,4,7,14,19,10,16,17,14
"2452","TRINITY_DN4649_c3_g1",1.06679340612294,2.49706078796919,6.80780254243568,1.59412321170091e-05,0.000705097108602377,3.31842980538335,122.09,80.73,98.43,116.25,94.28,189.62,159.93,232.28,306.37,185.65
"2453","TRINITY_DN46549_c0_g1",2.09578429747977,-1.43200411530917,4.8409724646619,0.000368801039667037,0.00497536664252875,0.19488199485315,9,2,9,5,5,15,15,20,26,16
"2454","TRINITY_DN46597_c0_g1",-1.64893716252738,-0.58719819964776,-5.70430047344797,8.69411395376907e-05,0.00198079491825406,1.66003458201741,27.52,32.34,44.96,24.41,32,10.43,4.03,9.35,9.44,8.5
"2455","TRINITY_DN4665_c0_g1",2.79466402635549,-1.8739221878707,4.37953966526119,0.000831872678475611,0.00874994187434507,-0.625819667713621,1.03,3,8.04,5.02,2.11,27.25,19,10.05,19.83,12.09
"2456","TRINITY_DN46718_c0_g1",-2.49430144198927,-1.06832834110375,-5.1204951892253,0.000228403353861379,0.00363440548996212,0.653131745415477,47,28,30,19,28,2,5,8,2,8
"2457","TRINITY_DN4673_c0_g1",1.12204185247681,2.28902662189213,5.34614874677432,0.000156355839453434,0.00282830466773296,1.04693558689935,82,94,65,108,89,231,181,226,163,140
"2458","TRINITY_DN46905_c0_g1",1.4578331496134,-0.106888337764631,3.48302807688006,0.00431955479621516,0.0265331154824685,-1.88260109575219,16.17,7.54,22.34,14.38,22.01,41.06,12.19,38.48,66.58,52.52
"2459","TRINITY_DN4698_c0_g1",1.62801657512479,6.38746575551196,26.5133449653194,2.71586097889986e-12,4.51312724603649e-08,18.5086148128031,1292.56,1241.02,1285.72,1105.27,1249.64,3916.1,3354.69,3954.26,4314.08,3320.24
"2460","TRINITY_DN4707_c1_g2",1.0367451942291,2.11512135617082,3.25606081542866,0.00661638102939788,0.0353457397619559,-2.66597600551609,119.37,61.6,69.9,82.29,73.69,88.42,93.74,228.91,286,181.1
"2461","TRINITY_DN47082_c0_g1",1.43979340079616,4.13185565325917,8.5163622526297,1.56995528669431e-06,0.000187197895644227,5.51827950551713,191.73,280.82,308.89,334.66,278.22,980.55,626.84,768.02,741.4,627.71
"2462","TRINITY_DN47120_c0_g1",-1.46856032247694,-1.0314663832131,-3.54363115154115,0.00385631373232714,0.0246031236879581,-1.69568527262913,16.69,16.38,20.11,37.57,25.64,10.73,3.57,7.2,5.73,5
"2463","TRINITY_DN47210_c0_g1",1.49359290572133,-1.45743924100156,3.25342244565789,0.00664932919202627,0.0354457878753299,-2.16012925885356,6,8,4,14,4,25,10,15,14,9
"2464","TRINITY_DN47226_c0_g1",-1.2872600350239,-1.10125932488127,-3.61357724922699,0.00338400169411708,0.0225809980533822,-1.58074375506099,26,18,12,20,26,8,6,8,6,4
"2465","TRINITY_DN4732_c0_g1",1.64327497821297,-0.782455839763698,5.10500195013344,0.000234485115496229,0.00369611803072739,0.767975295525233,9,9,10,4,19,27,23,24,27,23
"2466","TRINITY_DN47322_c0_g1",1.70829543745251,-1.33919822571989,3.67751516919832,0.00300391437958023,0.0208078565465073,-1.48445111799301,7,5,8,10,4,12,19,25,25,8
"2467","TRINITY_DN47500_c0_g1",1.07437200567993,-0.254553586929906,3.86805386610595,0.00211009575527928,0.0164443651223914,-1.20474073357115,17,18,18,13,13,24,36,30,26,34
"2468","TRINITY_DN47542_c0_g1",-1.70727823483712,-1.14750478596683,-3.61296475307461,0.00338787081953294,0.0225886751325633,-1.58203796581514,30,18,21,11,41,5.94,1,11,6,6
"2469","TRINITY_DN4760_c1_g1",-1.62490346585952,2.94726995125987,-9.31845984556088,5.92085093710397e-07,0.000120972205642395,6.58246232314247,487.48,282.46,278.48,326.96,403.62,111.8,99.01,117.03,138.87,97.56
"2470","TRINITY_DN4761_c0_g2",-2.21636535578494,-0.0523965699435817,-6.00300332317534,5.40277724471389e-05,0.00148644952527992,2.14688877508809,41.37,74.08,65.75,51.25,51.06,5.28,5.35,21.19,17.53,6.62
"2471","TRINITY_DN47654_c0_g1",1.96282626236974,-1.58026089674334,4.56886444282895,0.000593876877588093,0.00698432271252635,-0.209160399344309,4.02,4.98,3,4.01,11,12,13.04,18.99,25,10.02
"2472","TRINITY_DN4776_c4_g1",1.13847476537955,-0.835190714840569,3.62177468341363,0.0033326501285366,0.0223520256771069,-1.57840036049497,9,9,7,13.76,16.74,17,20.87,21.02,22,17
"2473","TRINITY_DN4780_c1_g1",-1.43335211806685,7.38508999232586,-16.1007491339068,1.11122292425e-09,2.51808165648342e-06,12.7723032132676,7121.94,7318.87,6183.81,7275.39,7497.7,2528.51,2435.11,2862.91,2575.1,2577.32
"2474","TRINITY_DN47908_c0_g1",3.17039195079026,-1.45410967136887,4.15561748112027,0.00124606346017407,0.0114949551314726,-0.873034806742261,4,5,10,5,0,41,21,11,46,26
"2475","TRINITY_DN47974_c0_g1",2.70301239199532,-0.399099042716955,7.53251461015582,5.7130287493633e-06,0.000385401383277413,3.84481757170323,13,9,9,8,5,76,42,36,51,42
"2476","TRINITY_DN4800_c1_g3",1.98356926517489,-0.879650259979805,4.86486979887178,0.000353852882058475,0.00484100651187189,0.382975615730426,12.42,14.66,2.64,7.55,6.61,28.73,14.26,23.13,40.44,25.62
"2477","TRINITY_DN4805_c0_g3",3.75809056648373,-1.69200062505153,3.61285430265895,0.00338856901226084,0.0225903090356031,-1.66759052124717,2.01,0,53.11,0,3.7,38.06,8.55,32.17,25.49,52.19
"2478","TRINITY_DN48130_c0_g1",-1.72897987622875,-0.639080290610803,-4.75521525680287,0.000428102291058208,0.00552048202693348,0.254473305496071,30.91,26.02,45,29.85,29.91,11,10,4,16.02,3
"2479","TRINITY_DN482_c2_g1",-1.59946083880794,2.13603476211574,-4.74135409187953,0.000438584882684494,0.00561665539380335,0.0489856047929766,124.46,328.07,174.33,154,286.75,92.48,31.99,65.08,96.59,50.23
"2480","TRINITY_DN4834_c5_g2",1.13608572405011,-0.201742569058062,3.19098623143913,0.00747912209776285,0.0384837179617392,-2.39106100877008,17.74,9.25,19,31.26,11.52,27.51,34,44.79,28.07,25
"2481","TRINITY_DN4842_c4_g2",1.0864120220721,0.734246687429642,4.65892713047621,0.000506703564982756,0.0062341295224791,0.0659905562606644,22.45,30.85,28.49,47.48,30.25,68.38,52.78,62.55,72.51,47.01
"2482","TRINITY_DN48458_c0_g1",-1.22980079729416,-0.751474135849593,-4.07325881034668,0.00144773295748746,0.0127650921700782,-0.829443004084748,27,28,22,21,25.01,17.01,7,5,9.36,7.26
"2483","TRINITY_DN485_c1_g1",-1.13423845783507,3.17596511909844,-3.56949815552969,0.00367428419225032,0.0238414798693551,-2.27670447880444,458.15,340.44,306.14,271.56,389.58,172.17,47.15,136.73,339.25,223.92
"2484","TRINITY_DN4850_c1_g1",-1.96494380722279,0.0961899995617161,-7.19446481695498,9.14427019475078e-06,0.000507084874325818,3.76850428160983,75.47,47.98,69.31,36.06,54.61,10.34,10.19,18.97,11.84,12.52
"2485","TRINITY_DN48520_c0_g1",-1.13261322362062,-1.17431426219881,-3.26495237671287,0.00650654886522388,0.0349839280174726,-2.15293959674705,31,12,18,15,17,6,5,9,6,6
"2486","TRINITY_DN48554_c0_g1",-1.36804710984987,-0.942312862784591,-4.35096965386801,0.000875602559715661,0.00905678500722321,-0.390382229696945,24.6,18.07,23.27,20.53,26.51,8.7,11.92,4.16,8.05,4.19
"2487","TRINITY_DN48628_c0_g1",-1.53726814805898,-1.6454182355686,-3.08241959439311,0.00917736403192185,0.0442603394682596,-2.42940816027006,22.92,18.2,18.63,8.25,11.42,2.16,5.25,1.02,11.31,2.06
"2488","TRINITY_DN488_c0_g2",1.28470483601467,0.116354322303821,4.49425527914745,0.000677868972749836,0.00761831783027866,-0.163134856290855,14,27.57,22.25,14.32,18.67,48.74,33.69,41.19,34.76,54.1
"2489","TRINITY_DN488_c2_g2",-1.20389765915139,5.63136125306291,-5.1586734664247,0.000214111730389423,0.00348485540160101,0.279190794423076,2016.99,1776.98,2046.99,1957.99,2037.99,776,539.99,519,1811.98,1009.98
"2490","TRINITY_DN48848_c0_g1",-1.80857650229663,-1.21335257197346,-3.95115648534053,0.00181063467646222,0.0148585301276825,-1.05198484723265,36,14,28,19,20,3,4,7,13,1
"2491","TRINITY_DN4886_c0_g2",-1.14061268558225,0.357818183763249,-5.64721334398028,9.53519281592391e-05,0.00209355070494878,1.68251873385207,62,35.37,55.07,44.96,57.7,24.01,16.42,18.71,26.12,17.56
"2492","TRINITY_DN4888_c1_g1",1.27703408836568,-0.305841949260017,3.37728586984121,0.00526744361560381,0.0302985885045225,-2.0466301834344,14.64,26.98,6.02,11.53,19.82,42.6,17.46,43.27,27.35,27.5
"2493","TRINITY_DN4889_c1_g1",1.34041764676281,-0.488522575044566,3.21504410916495,0.00714771211950645,0.0372764175805823,-2.30168522095538,15,19,11,17,6,44,34,22,32,13
"2494","TRINITY_DN48892_c0_g1",2.34083266452323,-1.89592363526242,5.33116779616528,0.000160304495792435,0.00287263121090591,0.572132194840737,3,3,3,6.44,3.28,15,9,16.67,18,11.33
"2495","TRINITY_DN489_c1_g3",2.02136741802612,0.503676691618408,4.85658206694345,0.000358963985952017,0.00489197014568133,0.426263322219649,18.66,32.86,25.08,5.04,29.29,80.18,54.95,40.09,119.17,89.7
"2496","TRINITY_DN4896_c1_g1",-3.25465420612364,-0.618428796281132,-4.10502062140518,0.00136624005911319,0.0122700712785029,-0.804397956190883,26,57.98,135,35.58,56.64,8.63,2,15.42,2,2
"2497","TRINITY_DN4897_c0_g3",2.9916875223413,-1.91572501650487,3.67459701449995,0.00302027414703715,0.0208718778835935,-1.59131363991285,2.16,0,14.32,2.1,4.43,13.05,5.36,22.43,46.34,15.79
"2498","TRINITY_DN4898_c3_g1",-1.11248640466765,3.00071334954321,-4.90226532378537,0.000331718775085098,0.00464788535534496,0.181223910809473,313.35,350.97,342.54,213.1,319.46,209.52,107.44,183.81,187.21,63.63
"2499","TRINITY_DN4903_c0_g1",-1.05066900053251,6.71682864903047,-15.3301874405174,1.98634394834201e-09,3.66760017987756e-06,12.1955157904938,3912.62,3561.11,4536.08,3664.91,4048.08,1926.85,1645,2077.62,2009.42,1717.31
"2500","TRINITY_DN4913_c0_g6",1.68144059672435,-1.51452208198535,3.94736001169558,0.00182331379114256,0.0149085882286092,-1.08443831867058,11,6,5,5,3,11,16,14,15,18
"2501","TRINITY_DN492_c2_g5",1.07334517694203,1.76799708317919,3.71755144556173,0.00278838730374473,0.0197805557683476,-1.75004345505706,49.18,72.83,97.86,85.42,32.5,116.84,101.1,108.99,201.65,116.33
"2502","TRINITY_DN49257_c0_g1",1.5148567751855,-0.377633230114514,4.09672715138602,0.00138705160388236,0.0123940149041741,-0.799448106919234,19.16,6.45,11.94,14.18,15.06,43.61,12.83,30.69,44.96,37.75
"2503","TRINITY_DN4926_c0_g2",1.59803691639412,0.532283182816266,3.06963444305114,0.00940124212552167,0.0450307574638386,-2.70824652445698,17.11,59.8,6.88,34.6,23.54,54.38,123.47,36.92,75.87,49.71
"2504","TRINITY_DN4955_c2_g1",-1.08565685695487,4.6325660660496,-5.26449777354326,0.000179190328494609,0.00309534838754045,0.569625571558586,809,1034,1419,820,741,398,431.76,514.33,680.76,264
"2505","TRINITY_DN4971_c0_g2",-1.46365311217183,0.690534979248425,-3.30491449133114,0.00603516986280475,0.0332498489221928,-2.31187144121655,87.79,29.2,118.54,95.94,58.6,50.39,28.46,12.79,25.09,14.69
"2506","TRINITY_DN499_c5_g1",1.59977235834821,-1.64533154567069,3.4728780735945,0.00440249631382117,0.0268934749090708,-1.82200230881077,2.66,10.48,8.66,4.2,5.03,14.06,10.19,12.78,13.61,12.46
"2507","TRINITY_DN5001_c0_g1",1.16244143707762,5.68813304949274,3.30432265559745,0.00604189331019939,0.033267782990211,-3.14146467416315,1316,1035,376,1487.89,738.97,1941.96,3115.95,2012,1667,1476
"2508","TRINITY_DN5002_c0_g1",1.00262886451772,4.48760355640424,7.93813299602424,3.30914045751051e-06,0.000285416227038532,4.71009049968212,587,342,364,341,450,871,751,765,1056,678
"2509","TRINITY_DN5005_c0_g2",-2.32949515425226,-0.496986952242217,-4.47427257540532,0.000702398276670664,0.00780829051439383,-0.186734991570235,54,21,36,40,79,5,2,5,11,20
"2510","TRINITY_DN5022_c5_g1",1.04818521515269,-0.274318251784099,3.61421071382895,0.00338000484948829,0.022560367085492,-1.64307952289429,20.46,11.83,18.19,14.7,14.21,25.8,17.2,32.2,29.8,44.94
"2511","TRINITY_DN50227_c0_g1",1.29619834524563,0.539251578276334,4.32916248562602,0.000910580682444979,0.00928706603149131,-0.479234862432092,19,18,25,45,28,68,40.53,65,88,34
"2512","TRINITY_DN50419_c0_g1",-2.60577302012407,-2.37496563574812,-4.43164463106041,0.000757856006615311,0.0082026908576255,-0.595102911240006,10,13,17,10,18,0,3,1,3,1
"2513","TRINITY_DN5046_c0_g5",1.31720440650397,1.0052891403265,6.03586731453148,5.13116387395934e-05,0.00143468262820244,2.26578365147547,25,30.01,40,32,48,87.8,54.83,103.97,97.08,65
"2514","TRINITY_DN5046_c1_g1",1.31544446249517,2.83181233796878,5.85910426423225,6.78380381678392e-05,0.00170117188972902,1.82115475636616,133.56,90.07,149.05,81.89,145.75,367.05,157,401.07,317.02,275.2
"2515","TRINITY_DN5050_c1_g1",-2.46422533206067,6.23455251044592,-6.51542592462926,2.45861745938144e-05,0.000922962772609509,2.49710289031008,5473.79,5284.98,1724.23,5336.57,7402.78,1228,544.64,800.91,1186.02,567.93
"2516","TRINITY_DN5052_c1_g1",1.20245596043845,4.83558872458101,5.97574579558563,5.63957292763207e-05,0.00152964977780871,1.74095917907374,413.92,449.73,503.02,378.1,744.06,722.51,1051.6,1268.99,1335.83,1319.65
"2517","TRINITY_DN50541_c0_g1",1.29078751152231,-0.204048431738298,4.60267314752958,0.000559452853472337,0.00670120209133984,0.0314350744386784,23,14,13,16,12,24,29,28,51,38
"2518","TRINITY_DN50574_c0_g1",-2.57755404624764,-1.85425268763577,-3.00038008545727,0.0107122171287519,0.0492108515038397,-2.56751409361177,28.79,33.32,10.18,12.62,16.63,0,11.68,9.83,3.48,0
"2519","TRINITY_DN5094_c0_g3",-1.36985274138936,0.490429548455787,-4.42888116938747,0.000761604544551321,0.00823914408596534,-0.30023697529034,88.6,46.58,92.7,43.61,43.69,15,19.89,31.13,29.13,13.88
"2520","TRINITY_DN5095_c0_g3",2.06625047715292,-1.48550365908763,3.71819883595115,0.00278503514069522,0.0197781135141138,-1.44241586265633,4.59,14,9,3,2.21,25,10,27,15,13
"2521","TRINITY_DN51_c1_g1",-1.97892150906931,4.21613532589365,-7.46834859757352,6.23978215529021e-06,0.000407695753325928,4.11027382022815,994.62,961.34,1408.11,525.1,1122.18,241.2,108.94,314.87,358.85,265.03
"2522","TRINITY_DN512_c0_g1",-2.15608282916182,1.13026145113823,-5.39245822901838,0.000144782905701946,0.00270737516802668,1.26521796768752,173.71,128.85,60.95,123.92,132.47,19,29.44,22.02,17,47.87
"2523","TRINITY_DN5125_c1_g1",-2.23717237696617,1.44644058016334,-9.57949872794194,4.37067959164244e-07,0.000100875689667662,6.75203131434359,193,116,161,110,207,38,17,34,44,25
"2524","TRINITY_DN5131_c0_g1",1.40749127603972,1.13627394258187,6.77938300322827,1.66186554930014e-05,0.000719800028056125,3.34724263893468,31,34,43.02,37,37,126,64,110,95,71
"2525","TRINITY_DN51470_c0_g1",1.17617211170384,1.0795308075655,5.71691927708308,8.51897457574441e-05,0.00194993773886403,1.77184993087453,47.95,32.83,31.41,34.71,41.3,81.14,72.2,82.82,70.85,97.19
"2526","TRINITY_DN51580_c0_g1",-1.20567542515552,-0.594851578638569,-3.40151306378558,0.00503314054615693,0.0294020571417344,-1.9684807652307,43,29,17,23,29,12,6,5,14,15
"2527","TRINITY_DN51591_c0_g1",3.62146951456723,-1.91611447661307,5.90233983318802,6.33343372669532e-05,0.00162920883166637,1.19403890217508,6.59,0,2,2.44,2.84,30.07,13.22,17.55,44.57,14.67
"2528","TRINITY_DN51622_c0_g1",1.0860694306391,-0.0651955697448424,4.48697934437554,0.000686695693578504,0.00768871838419878,-0.166819027423925,23,18,21,12,17,47,23,34,33,37
"2529","TRINITY_DN51696_c0_g1",-1.60669529213166,-1.54123473491975,-3.30523810906674,0.00603149665320478,0.0332412759656164,-2.07890984495674,14.04,13,18,10,31,2,3.01,8,3,6
"2530","TRINITY_DN51700_c0_g1",3.50346894487522,4.14400358233817,11.155345919145,7.94855588888477e-08,3.79092620790133e-05,8.55774669188304,134,93,166,163,136,978,2266,2012,1728,1076
"2531","TRINITY_DN51715_c0_g1",-1.1289248772482,0.678165846635367,-3.55504891896444,0.00377486012822619,0.024282335738382,-1.8673708400141,90,53,51,33,104,25,21,34,22,31
"2532","TRINITY_DN51723_c0_g1",-1.98187549254543,-0.276770774018587,-4.25022814157743,0.00104976950908729,0.0102435230644996,-0.541922997920471,72.43,41.15,70.7,16.35,38.91,5.74,13,13,9.73,8
"2533","TRINITY_DN51772_c0_g1",-2.30320816070998,-1.33927318171935,-3.33047281752957,0.00575191121337181,0.0321721114911057,-2.0388505517145,20.05,22.77,32.01,22.04,17.24,9.91,6.97,3.01,0,8.92
"2534","TRINITY_DN51784_c0_g1",-1.9966997745405,0.1683745014559,-5.65038409834443,9.48629858641615e-05,0.00208947131571086,1.67577442824739,48,41,74,56,86,6,20,15,21,9
"2535","TRINITY_DN51806_c0_g1",-1.17527998046843,2.81372132224856,-6.78825974921407,1.64038416910571e-05,0.000713595741556956,3.26016078147573,348.53,235.84,280.28,199.65,303.56,107.55,125.06,142.32,105.38,124.85
"2536","TRINITY_DN5182_c3_g2",1.42370810279805,0.127548381604262,5.97994248773448,5.60241222475199e-05,0.00152596998165541,2.16892968114877,26.25,16.31,12.61,12.46,27.55,43.71,33.88,47.49,53.52,44.45
"2537","TRINITY_DN51824_c0_g1",1.89130544529756,-1.71040470270628,3.52116100819291,0.0040218748236426,0.0252969918345856,-1.76216764805831,6,12,2,2,5,13,18,20,10,10
"2538","TRINITY_DN51860_c0_g1",-2.39321197257981,-1.35993701345595,-4.41942616117227,0.000774576140224114,0.00832398023681672,-0.400338334030207,36,18,31,17,20,1,6,8,2,5
"2539","TRINITY_DN51874_c0_g1",-1.61133823084852,-0.405391938572653,-5.1599149821575,0.000213663029294521,0.00348059567961328,0.901212639836615,41.38,35.82,31.83,24.95,42.21,16.87,11.79,10.78,6.31,6.43
"2540","TRINITY_DN51879_c0_g1",-1.51604400729534,-0.598773079858666,-4.07362346874544,0.00144676942868321,0.012761110461455,-0.829637814900662,27,29,30,43,24,19,7,9,6,6
"2541","TRINITY_DN519_c1_g1",1.08357243795317,-0.856868816863394,3.49881869372646,0.00419366253747669,0.0260259751625576,-1.78441643094215,8,10.83,18.5,8.77,10.25,16.63,20.01,16.57,24.64,17.55
"2542","TRINITY_DN51903_c0_g1",1.21254341979661,-0.921193241438757,3.12985097761061,0.00839242273636682,0.0416348028883881,-2.39885121988151,7,12,14,14,6,13,20,17,31,16
"2543","TRINITY_DN51918_c0_g1",-1.75257917635308,-1.42975512980099,-3.52024913693945,0.00402874411572755,0.0253272358639805,-1.73910667239938,32,13,13,17,23,8,4,1,7,4
"2544","TRINITY_DN52003_c0_g1",-1.26649037026809,-1.31341096388175,-3.74237282768813,0.00266276844861924,0.0191720097442251,-1.37627884522841,16,20,15,13,23,6,5,4,10,3
"2545","TRINITY_DN52007_c0_g1",1.31009862266454,-0.154496437622532,3.89945908748504,0.00199135893399554,0.0158182308694199,-1.15545911166928,11,22,29,8,16,31,46,29,44,27
"2546","TRINITY_DN5208_c0_g1",1.08225534907721,5.26846784866893,5.9517558804237,5.85705525474919e-05,0.00155563013114018,1.65390646557543,877.01,439.21,1015.96,575.04,645.99,1576.78,1498.3,1735.78,1441.83,1046.23
"2547","TRINITY_DN52102_c0_g1",-1.36771589119072,-1.46323608609145,-3.61725238279592,0.00336088036312598,0.0224658043366746,-1.58371432143951,21,19,15,13,14,9,1,5,8,3
"2548","TRINITY_DN52130_c0_g1",-1.16698723393464,-1.15369868043945,-3.1794433022826,0.00764357175961778,0.0390105428882295,-2.29425491514451,27.77,20,21.06,8.3,20.56,8,4.09,6.16,11.35,3.03
"2549","TRINITY_DN52173_c0_g1",1.28984549564024,1.30870445117431,5.37955799244551,0.00014791336571824,0.00274119034294273,1.21789798170103,35,30,47,67,42,117,62,90,124,108
"2550","TRINITY_DN52193_c0_g1",1.04735255240943,1.81513093345468,4.71068301306511,0.000462742790882447,0.00583880444289108,0.025269311878283,48.04,68.09,61.34,80.08,71.04,203.04,92.42,112,159,102.02
"2551","TRINITY_DN52208_c0_g1",-2.23504756489456,-1.08126094683393,-5.70038602766517,8.74921148512524e-05,0.00198984689857641,1.43861231059954,30,34,33,15,29,3,7,4,5,4
"2552","TRINITY_DN52210_c0_g1",-1.44906805617599,-1.43278676125497,-3.08982837897846,0.00905007895792147,0.0438884811565427,-2.42147670765258,22,26,12,15,13,14,1,4,5,4
"2553","TRINITY_DN52224_c0_g1",1.03594032238215,0.0476663343996164,4.57494597277358,0.000587525821556417,0.0069308861292125,-0.0264302500967508,16,21,22,18,22,34,29,29,53,39
"2554","TRINITY_DN52287_c0_g1",-4.27715374055182,-3.11500236994884,-8.77600278356307,1.13670533061466e-06,0.000160533061889894,3.36774269413314,13,10,23,11,16,0,0,0,1,0
"2555","TRINITY_DN5229_c1_g1",6.45861378123,-2.16320345217449,10.3609166610232,1.82851492310595e-07,6.28668651459318e-05,4.52447025327963,0,0,0,0,1.95,36.72,61.65,49.54,47.68,74.13
"2556","TRINITY_DN52298_c0_g1",-1.80576904715054,-0.924925974494392,-4.32668125393476,0.000914651250459715,0.009315241836398,-0.439602881563,29,20,35,33,21,3,2,6,14,10
"2557","TRINITY_DN52371_c0_g1",-1.14019709591709,-0.110623472109507,-3.5763225085749,0.00362773493873164,0.0236224490465763,-1.72398196419483,33,35,42,24,57,22,5,21.99,15,14
"2558","TRINITY_DN52374_c0_g1",-1.57136023730271,-0.928241624603169,-4.36699806555713,0.000850783422750282,0.00887881640660871,-0.369110522295097,24,28,18,25,28,11,7,9,5,3
"2559","TRINITY_DN52406_c0_g1",-1.3818501537159,-0.761046957436896,-3.10662256115649,0.00876805296464922,0.0429613337605703,-2.44903682599489,47,30,25,11,25,7,19,8,8,4
"2560","TRINITY_DN5241_c0_g1",-1.16421088643994,-0.562634675975727,-4.61208640624619,0.00055024267160203,0.00660834688204673,0.0458893234227036,26.79,31.13,30.7,18.51,31.31,8.3,8.54,10.34,14.09,9.72
"2561","TRINITY_DN52438_c0_g1",-2.65005403476211,-2.01416475927706,-4.85245351099768,0.000361538815449743,0.00490977787159249,-0.0327847939385837,19,14,19,16,17,9,1,2,2,0
"2562","TRINITY_DN52447_c0_g1",-2.851663716183,-1.43172558024565,-3.35498642157717,0.00549285020973188,0.0311672048151336,-2.02436962112117,46.04,25.4,29.02,32.96,14.1,13.84,0,0,10.89,6.18
"2563","TRINITY_DN52468_c0_g1",1.4440404740434,-0.992157233230912,3.53033398792338,0.00395343193698453,0.0250368956243,-1.71957339538832,6,8,17.58,6,10,14.64,22,13,26.12,26.45
"2564","TRINITY_DN52537_c0_g1",-1.151974386319,-0.203644150324679,-4.34744002868211,0.00088116812793788,0.00909688852393604,-0.39136834491423,44,36,31,25,39,10,15,20,17,8
"2565","TRINITY_DN5264_c1_g1",-1.49465661523904,-0.374791737680744,-4.86697567106958,0.00035256632749468,0.00482902776435953,0.453039403276001,39,36,32,43,26,7,11,15,13,7
"2566","TRINITY_DN52650_c0_g1",-3.6059401491805,-1.74436441022878,-6.16726962982397,4.18117392400346e-05,0.00126385355822447,1.48103604251075,43,26,32,24,20,1,0,1,8,2
"2567","TRINITY_DN52675_c0_g1",-1.29937994934271,0.406794593458104,-4.80772528345416,0.000390703215620769,0.00517826032620335,0.343789458769045,71,56,57,27,75,23,20,17,23,18
"2568","TRINITY_DN5269_c0_g2",-1.95237587257444,-0.750673336779805,-3.74867531852679,0.00263180360251878,0.0190370436732978,-1.36116536656019,71.62,20.79,40.9,21.12,21.59,4.42,14.81,7.48,8.85,2.06
"2569","TRINITY_DN52695_c0_g1",1.02780600766777,-0.61533608919783,3.34176229403273,0.0056311038962935,0.0317228392187849,-2.07570274013064,17.58,10.7,12.93,9.5,13.95,13.94,24.86,22.31,38.4,17.94
"2570","TRINITY_DN527_c0_g2",1.05068797177903,0.806730305594587,3.29069327594515,0.00619883613490275,0.0338181853614912,-2.36733818695819,30.81,31.43,36.91,40.53,27.04,64.43,43.75,34.92,140.16,65.22
"2571","TRINITY_DN5272_c3_g1",1.40603425129422,-0.0582975936313989,3.87806172676419,0.00207148888774083,0.016270668901929,-1.1990859671482,21.8,9.56,43.72,8.13,13.67,39.34,39.96,32.18,40.64,43.68
"2572","TRINITY_DN52728_c0_g1",-1.7038035836208,-0.247415806943453,-5.5675784179262,0.000108543910099903,0.00224842935836381,1.52059908468748,50,30,51,30,48,15,7,16,15,4
"2573","TRINITY_DN52751_c0_g1",-1.53157555605263,1.32287308377343,-5.72432649156845,8.41790359104128e-05,0.00193837296870291,1.7734470960343,154,86,123,98,107,40,20,35,89,21
"2574","TRINITY_DN52784_c0_g1",-1.90361243554681,-0.415743920522403,-4.390068735128,0.000816333264427402,0.00863594474868088,-0.312419254304197,54.22,30.33,54,26.71,36.14,10,15.49,12,14,1
"2575","TRINITY_DN5280_c0_g2",1.63333520016415,-0.40166636440272,3.14742007889837,0.00811905986767423,0.0407167752873095,-2.41863466292019,31.2,38.11,4.1,5.81,7.24,54.24,24.69,28,31.01,29
"2576","TRINITY_DN52800_c0_g1",-1.45928707155683,0.718667696349869,-5.32238451227153,0.000162668161302446,0.00289521451103565,1.16780556284441,118,75,55,51,72,16,19,27,36,24
"2577","TRINITY_DN5284_c2_g1",-1.28909751594038,-0.00014899177315354,-3.39587143721472,0.00508674126394006,0.0296151551701262,-2.05086881983375,65.11,28,45,24.57,62.52,12.75,5.49,14,42,13
"2578","TRINITY_DN5284_c3_g1",1.05407088616144,0.0918773927630079,3.81740159992113,0.0023171282170457,0.0174870565411055,-1.32919427088514,19.89,22.97,18.02,30.36,13.96,31.15,26.66,42.77,46.45,42.87
"2579","TRINITY_DN52853_c0_g1",1.14071666749999,0.722210726355562,3.84879764679545,0.00218647026504003,0.0168317019955282,-1.34686070207274,51.61,23.79,33.73,14.24,35.26,56.71,66.15,69.11,48.53,73.98
"2580","TRINITY_DN5290_c0_g1",-1.52604172634305,-0.89441561606563,-3.24681994429333,0.00673250783187923,0.0357858740742803,-2.19203153439502,34,24,25,25,21,3,2,7,36,5
"2581","TRINITY_DN52977_c0_g1",-2.18566456761898,0.321489235897451,-5.90250535777051,6.33177145652435e-05,0.00162920883166637,2.05534968830131,114.48,94.94,61.97,41.13,53.51,9.64,20.31,11.74,14.97,14
"2582","TRINITY_DN52985_c0_g1",1.36223716108177,2.04968880497524,6.17302957417464,4.14404365897593e-05,0.00125971346665199,2.40976915061244,64.23,40,79,105.01,68,199.97,177.01,142.01,198.07,142.68
"2583","TRINITY_DN53_c3_g1",2.72818132574386,-1.68899920522956,3.25597033660416,0.00661750820800072,0.0353479735019243,-2.1814232290721,11.47,24.1,0,5.07,0,18.74,8.73,23.63,28.57,16.3
"2584","TRINITY_DN53039_c0_g1",1.53273106521218,-1.06247937711134,3.90996300477725,0.00195319507012941,0.0156177507532263,-1.09985964609001,7,12,7,5.21,10,31,8,19,21,23
"2585","TRINITY_DN53040_c0_g1",-1.5972219872243,-0.269487293922695,-4.58668464652936,0.000575465940024432,0.0068352501007892,0.00770350433378919,45.29,22.51,63.42,27.74,47.15,16.35,8.41,10.31,16.22,5.11
"2586","TRINITY_DN53064_c0_g1",2.83779859334006,-1.10090717418339,4.11869083399353,0.00133263658297227,0.0120682891136997,-0.820032655883272,0,9,18,11,3,41,23,35,28,24
"2587","TRINITY_DN5313_c3_g1",1.31367125904389,-0.247979340172571,3.13545029663627,0.00830431393111023,0.0413209863666672,-2.47488624991203,21.83,20.93,11.65,4.02,27.09,58.31,23.4,29.84,47.06,17.71
"2588","TRINITY_DN53162_c0_g1",1.83727951873808,-0.390600000167139,5.50253229270919,0.000120742089064811,0.00241256728102125,1.4050098007936,9,13,21,11,7,26,33,40,45,34
"2589","TRINITY_DN53174_c0_g1",-1.7233759182471,0.191018639476801,-5.59281955185767,0.000104166086453236,0.00220207672610703,1.59392503762649,81,48,56,36.03,62,16,13,8,35,10
"2590","TRINITY_DN53225_c0_g1",-1.1876714791857,-0.234527310052246,-4.6292066600786,0.000533894121984747,0.00645241785777105,0.0755969897663791,36,35,44,27,33,11,6,15,24,12
"2591","TRINITY_DN53258_c0_g1",-2.42840165881587,-0.906985233781924,-5.09705312452472,0.000237671002034404,0.00373067143086308,0.660358169811023,30,27,42,24,52,2,1,13,11,4
"2592","TRINITY_DN53269_c0_g1",-1.29536617577386,0.371346602164319,-3.29868871087866,0.00610627643695931,0.0334928154045255,-2.27942521539595,69,85,56,19,62,20,21,15,17,28
"2593","TRINITY_DN5327_c0_g3",1.03167326918103,-0.488277811160921,3.24560251668959,0.00674795908447164,0.0358272586417159,-2.25795734613262,13,11,20,16,11,15,21,25,41,25
"2594","TRINITY_DN5328_c0_g1",-1.08751324216122,1.46993398753916,-4.10651664799318,0.00136252037603894,0.0122476971342714,-0.990987354312141,183.33,89.79,70.49,85.21,125.65,45.24,35.92,52.38,69.88,37.13
"2595","TRINITY_DN53315_c0_g1",1.53569210412793,-1.14657658659615,3.84482587027473,0.0022025728466474,0.016926909838741,-1.20726580952136,5.15,9.38,15.89,6.69,5.47,19.42,16.08,17.1,30.33,10.33
"2596","TRINITY_DN53412_c0_g1",-3.60236637031211,-0.0903290306422975,-7.76072573333139,4.19173558730337e-06,0.000323427785464545,4.03381307515093,109.26,85.37,111.14,43.78,94.69,2,4,6,12,8
"2597","TRINITY_DN53443_c0_g1",-2.08103867754692,-0.924093960443643,-6.66650786815218,1.96263343142549e-05,0.000798068225586091,2.6933419947991,31,24,27,26,41,5,3,6,9,4
"2598","TRINITY_DN535_c3_g1",1.51762136813827,3.99523258497124,12.4134306789981,2.33937495025085e-08,1.71507146168905e-05,9.76444921686713,213.55,216.27,266.64,256.14,263.22,865.68,568.25,691.26,709.49,660.51
"2599","TRINITY_DN53507_c0_g1",-2.1624722800913,-1.60722261372221,-3.25296357439696,0.00665507646024909,0.0354688397234122,-2.1714007062046,37.3,15.02,22.31,13.1,15.25,1.01,0,3,13.14,10
"2600","TRINITY_DN53509_c0_g1",3.14792059374835,-0.107501629512109,5.56865647769089,0.000108353025792317,0.00224791659548225,1.46961626017162,3,11,14,11,13,78,34,90,60,106
"2601","TRINITY_DN5352_c0_g1",-1.67339344800746,3.82635158050219,-5.67122492702002,9.17142785732875e-05,0.00205493569874791,1.38441242474201,624.06,706.42,554.42,699.61,663.66,191.3,261.83,441.91,115.83,145.41
"2602","TRINITY_DN5354_c0_g1",1.78342980779016,3.9354773123501,9.41567048180396,5.28394903960911e-07,0.00011403494003101,6.6491328827802,176,203,206,240,250,1035,583,699,979,476
"2603","TRINITY_DN53562_c0_g1",-1.44663622239521,0.830634901607602,-5.14869679622794,0.000217753499924546,0.00352126271462024,0.880220103210045,78.67,59.57,91.32,59.39,96.77,38.54,35.52,13.43,22.15,29.72
"2604","TRINITY_DN53584_c0_g1",-1.83168742105844,-0.439811319711699,-6.35941387816696,3.11271499749606e-05,0.00107093292456985,2.56688670951934,56,30,41,27,35,8,8,7,10,11
"2605","TRINITY_DN53597_c0_g1",3.37923942338684,-1.31791909087217,5.35044468188717,0.000155242471656107,0.00281531572916403,0.679040782666508,12,5,1,1,5,52,23,34,23,34
"2606","TRINITY_DN536_c1_g3",1.42263642315168,1.79634236859494,4.77951040004368,0.000410354705751448,0.00535674604499265,0.155262704969224,54,60.68,81.57,82.01,27,146.78,128.94,173.12,211.02,89
"2607","TRINITY_DN53606_c0_g1",-1.64297883397391,-0.666425619915523,-4.65405025158927,0.000511064429497828,0.00627075929208841,0.0971492223987829,35,33,35,23,28,7,5,14,17,2
"2608","TRINITY_DN53616_c0_g1",2.38389962740605,1.15959903309518,3.9505001235044,0.00181282023432397,0.0148692969598711,-1.19565157246258,49.45,26.33,29.67,32.97,11.54,267.09,56.04,105.51,354.44,54.4
"2609","TRINITY_DN5368_c0_g1",-1.06737254801803,0.190977151078154,-3.36059242481813,0.00543528179075356,0.0309144441659369,-2.1476776789467,61,34.48,68.79,23.6,43.56,28.65,14.02,20.18,13.99,19.87
"2610","TRINITY_DN5368_c4_g1",-1.49028239807818,0.0721530060743817,-4.75987964491141,0.000424633866198728,0.00549382768924273,0.282398334957595,62,47,37,34,54,9,17,22,11,19
"2611","TRINITY_DN53776_c0_g1",1.72476624636932,0.467552166173477,3.76344252261488,0.00256068548141604,0.0186743495179979,-1.45579132011208,55,13,31,26,7,70,40,100,83,40
"2612","TRINITY_DN53781_c0_g1",-1.41467778095684,-1.220388424886,-3.71450114685658,0.00280423722490687,0.0198494446078777,-1.41850171906162,17,18,24,12,28,4,2,10,7,7
"2613","TRINITY_DN53783_c0_g1",-1.24079016488436,-0.111989993677462,-3.26849421766816,0.00646331193869042,0.034800247335515,-2.26106797132458,68,36,36,16,54,13,6,17,26,12
"2614","TRINITY_DN53788_c0_g1",1.49632306526421,-1.21174529774957,3.44146118329593,0.00466960984121221,0.0279464657159606,-1.85960909634344,5,5,15,13,5,19,14,20,15,17
"2615","TRINITY_DN5379_c0_g1",-1.06367906714035,6.2240698663654,-3.40136292155595,0.00503455960341345,0.0294034559406011,-3.0055194724801,2796.91,2616.16,3115.75,2263.36,3441.17,1270.07,924.35,583.85,3159.48,1833.48
"2616","TRINITY_DN53817_c0_g1",1.88027081870669,0.536319202176539,7.27018023999487,8.21971206310733e-06,0.00047585600770695,3.95975750486278,22.67,11.71,21.42,17.59,36.31,75.89,49.8,61.47,106.21,66.35
"2617","TRINITY_DN5386_c0_g1",-1.14379261244915,2.50362632137147,-6.36347262944135,3.09354111911528e-05,0.00106837607977126,2.65412863311707,257.98,211.47,266.77,197.87,168.21,122.18,79.72,75.14,153.17,71.85
"2618","TRINITY_DN5386_c0_g2",-1.01086704781336,4.10306675556142,-6.82583164787202,1.55267239797024e-05,0.000695466101132169,3.15967716966234,704.45,596.52,778.21,511.89,597.24,414.21,235.49,294.1,465.84,212.39
"2619","TRINITY_DN53862_c0_g1",-2.31420136100686,1.28187847242306,-9.06073688548924,8.0419483217157e-07,0.00013458871823937,6.16622151628617,183.99,127,147.01,93.02,169.04,29,18,18,56.1,21
"2620","TRINITY_DN53885_c0_g1",-1.16776322870541,-0.732224847657434,-3.1848488434454,0.00756611272872266,0.0387500942947412,-2.32475206222115,35,16,20,20,37,4,8,11,15,10
"2621","TRINITY_DN54122_c0_g1",1.85583134626275,-0.795228299915786,4.21193800289557,0.00112504886930346,0.0107508263909115,-0.609939445710155,9,6,12,10,7,30,40,22,17,30
"2622","TRINITY_DN54128_c0_g1",-1.27096668857267,-0.91637979044452,-3.23981520630449,0.00682189975502172,0.036091708424822,-2.2107190037567,23.29,19.14,26.15,18.17,24.21,20.18,3.04,12.13,4.04,5.05
"2623","TRINITY_DN54135_c0_g1",-1.37002217860597,0.128290290383893,-4.93168660521196,0.00031532374836538,0.00450234433897147,0.559625155171429,49,36,54,59,38,17,24,13,16,12
"2624","TRINITY_DN54143_c0_g1",-1.30377308909785,0.606735670184146,-6.2820787005029,3.50313400898242e-05,0.00113773120358176,2.62919568218351,76,66,63,49,62,38,15,22,24,20.97
"2625","TRINITY_DN54152_c0_g1",2.72234800804405,-1.46252067661771,7.33883492335571,7.46709000410921e-06,0.000452068739011108,2.81551925856595,5,5,2,4,5,24,15,23,27,22
"2626","TRINITY_DN54157_c0_g1",-3.05834148444217,-1.90464393606998,-5.00370130477826,0.000278669067790802,0.00414083130747388,0.16935090793883,26,24,27,10,23,0,1,3,3,3
"2627","TRINITY_DN5416_c1_g1",-2.03541206130582,0.278105248222903,-5.4844434578806,0.000124384755952101,0.00245387939789478,1.4299378869887,97.82,55.5,75.75,39.13,61.45,7.76,22.31,29.58,11.27,9.51
"2628","TRINITY_DN54165_c0_g1",-2.3379628538492,-1.68883689730952,-4.91074702420172,0.000326902879985854,0.00460447978920258,0.153609263442639,17.91,12.58,25.16,15.73,25.19,1.07,1.07,4.14,2.14,4.31
"2629","TRINITY_DN5418_c0_g1",1.22271249045336,0.40118740269721,3.99670565424897,0.00166539657293731,0.0140529816097908,-1.04507371463518,45.64,29.17,29.92,11.38,14.43,59.1,33.38,50.17,59.67,52.4
"2630","TRINITY_DN54186_c0_g1",1.91168699731486,-1.43003337707903,3.22165441213156,0.00705926572412125,0.0369630893965567,-2.21034345196048,8,3,1,15,10,29,7,24,18,12
"2631","TRINITY_DN54191_c0_g1",-3.92550671206552,-1.04401097677683,-7.32698896561395,7.59152647713028e-06,0.00045360441821861,2.73543240368165,64,38,48,33,68,5,3,2,1,2
"2632","TRINITY_DN5420_c0_g2",-1.25265404968783,1.13804303173783,-3.76495503870435,0.00255351320192582,0.0186339483126304,-1.55360644319155,118.64,53.63,95.64,76.56,114.66,89.93,16.65,41.01,31.43,24.54
"2633","TRINITY_DN54262_c0_g1",-1.83369861638814,-0.895660272023329,-3.79691061908791,0.00240669554630064,0.017961226507444,-1.28164889616526,45,27,17,28,24,10,16,2,6,4
"2634","TRINITY_DN54281_c0_g1",-1.6988417753435,0.745989216685722,-7.33139254307654,7.54501312753017e-06,0.000452393663074499,4.06496572313592,103.66,88.97,87.85,50.64,73.7,23.04,12.94,29.21,27,21.01
"2635","TRINITY_DN54336_c0_g1",-2.03475893964274,-0.884154957790784,-5.73499159967113,8.27459325848182e-05,0.00191976182000066,1.5786252926955,47,24,32,18,34,7,3,7,9,3
"2636","TRINITY_DN54337_c0_g1",-2.8070076236592,-2.27692425884525,-4.36034095350753,0.000861001853414495,0.00896267546898389,-0.670801787384122,13.3,14.2,14.39,16.52,16.15,3.23,5.48,1.07,0,0
"2637","TRINITY_DN54338_c0_g1",-2.58870772233052,-1.20456663724376,-5.03939909532685,0.000262179647685156,0.00399219363959929,0.471325932127917,39.01,31.1,15,24,41,3,4,6,4,1
"2638","TRINITY_DN54377_c0_g1",-2.94022030383719,0.969228858605533,-9.72888710191425,3.68430417721855e-07,9.04796138654564e-05,6.72455481813079,196,114,166,86,159,20,8,16,18,25
"2639","TRINITY_DN5439_c2_g1",-1.86226835238175,1.01742848824097,-4.54922768328253,0.0006148759564915,0.00715699534414447,-0.134854338749961,148.28,88.41,91.02,148.08,60.12,12.29,24.4,18.1,68.72,24.98
"2640","TRINITY_DN5443_c1_g1",1.5787234940927,-0.613477850554873,4.99169021634395,0.000284458309678314,0.00420043848701851,0.626688017588098,12.1,15.7,10.45,7.53,8.06,20.37,33.25,22.12,35.2,27.35
"2641","TRINITY_DN5447_c0_g2",2.22286803995144,-0.840325554133651,3.59683942605265,0.00349137246756056,0.0230349149588842,-1.6079059919059,7.38,1,18.27,11.03,14.61,27.55,26.3,18.32,43.78,37.27
"2642","TRINITY_DN54476_c0_g1",-1.91317208978397,-1.8856037169774,-4.98735289884841,0.000286579668036691,0.00422563034328103,0.213731543759364,16,16,14,12,14,4,2,3,3,1
"2643","TRINITY_DN5448_c5_g1",1.31687690589821,-1.14178823167133,3.24377237663415,0.00677125392688957,0.0359008147838306,-2.18794962262578,6.16,13.03,5.41,8.27,8.98,12.87,15.82,12.7,17.63,28.07
"2644","TRINITY_DN54490_c0_g1",-2.98102156270103,-1.60496031862117,-4.85642493465851,0.000359061632153279,0.00489197014568133,0.03072780226156,52,23,22,13,27,1,3,1,5,2
"2645","TRINITY_DN5453_c0_g2",1.02706710298845,1.6794756910087,5.41564445547612,0.000139330146330587,0.00263606291651565,1.23701566214027,48.96,82.52,71.86,42.41,58.8,103.48,95.26,120.49,149.57,120.28
"2646","TRINITY_DN54536_c0_g1",-2.10147321013245,-0.725813215343848,-6.51160915750495,2.47275011864638e-05,0.000926175895303364,2.60801015317072,37,37,43,23,32,6,2,9,10,6
"2647","TRINITY_DN5459_c1_g2",-1.61244374591593,-1.09201132994473,-4.71575041880023,0.000458657740057426,0.00580194476404031,0.137511565060396,28.22,21.44,15.37,21.22,26.65,7.15,6.65,4.51,7.43,2.74
"2648","TRINITY_DN546_c4_g1",-1.07862901854359,1.25258287574934,-5.16242820728912,0.000212757729673165,0.00346847975716034,0.865058593069842,118.53,62.37,91.58,74.77,115.22,46.75,36.23,36.33,60.04,27.31
"2649","TRINITY_DN54601_c0_g1",1.55980232731322,-0.494261805978674,4.25518467328336,0.00104041299418721,0.0101841172195592,-0.532107164271684,17,13,20,4,10,23,25,26,38,41
"2650","TRINITY_DN5462_c1_g1",1.13382390696112,2.98171654481542,6.9819497339575,1.23814810754885e-05,0.000608311471096764,3.52491616203663,208.01,123.34,103.72,136.17,132.18,291.74,285.32,302.09,329.22,304.71
"2651","TRINITY_DN54630_c0_g1",-1.06796872453241,0.722855141279725,-3.70495659507526,0.00285443000229423,0.02009346214408,-1.60518415879227,90,56,75,31,78,20,26,21,43,33
"2652","TRINITY_DN5466_c3_g1",1.75750479971795,2.95790503533674,5.48261804931054,0.000124758718440509,0.00245931055374247,1.19684092836346,69.07,112.04,167.14,85,144.43,546.11,268.06,200.48,497.09,449.04
"2653","TRINITY_DN54753_c0_g1",-1.48185271589323,-0.132253053125013,-4.52513051004767,0.00064170461002313,0.00736261780733732,-0.0957708734234686,49,37.09,56,22.01,48.18,8,10,19,24.04,7
"2654","TRINITY_DN54800_c0_g1",1.22790484755768,-0.934499594343619,3.89047821667208,0.00202459615971168,0.0160032015776291,-1.12859434090286,16.19,7.89,6.18,11.04,8.84,24.61,13.88,15.69,21.51,19.79
"2655","TRINITY_DN54878_c0_g1",-1.43343882294712,-0.842248620290968,-3.08626752079894,0.00911103357344386,0.0440897259499997,-2.46892807542682,20,25,42,14,35,8,1,10,19,7
"2656","TRINITY_DN54893_c0_g1",-2.70333193276739,2.51921357055885,-9.79274005850954,3.42701144071621e-07,8.870283072608e-05,7.0972969304416,518.18,358.75,456.85,222.81,406.96,56.52,29.3,69.49,110.97,39.37
"2657","TRINITY_DN54898_c0_g1",-2.15034973489475,-1.79415223592061,-4.39000635281641,0.000816424439863859,0.00863594474868088,-0.546888774126689,24,10,18,19,14,3,3,2,2,3
"2658","TRINITY_DN5495_c0_g1",1.16819254640267,2.4082253196788,6.63210734466522,2.06539328062496e-05,0.000828367266444055,3.06849108258475,86,76,135,91.79,83,262,186,210.75,244,140
"2659","TRINITY_DN550_c0_g1",1.66954608476179,1.20670612695171,4.01104060094262,0.00162221214310138,0.013814851720197,-1.11341277563801,22,40.16,33.26,56.59,31.43,261.55,96.52,70.77,94.54,69.29
"2660","TRINITY_DN55022_c0_g1",-1.99764119211762,-0.428079520987899,-5.79493153510034,7.51560775077555e-05,0.00181176199951201,1.80095774667426,47,33,34,25,65,8,8,8,7,11
"2661","TRINITY_DN55053_c0_g1",2.05824403047515,0.896112477379731,10.9659981823448,9.65052532162541e-08,4.33430305278371e-05,7.92274667520508,21,21,32,23,28,92,77,108,112,96
"2662","TRINITY_DN5507_c0_g1",1.09267982004334,7.73032844472327,19.5017618905735,1.12411389205973e-10,8.87039036701444e-07,15.0579263277955,3713,3546,4066,3642,4026,8580,7300,7969,8772,7370
"2663","TRINITY_DN5508_c2_g1",-1.5207968596409,0.929785843787689,-5.97033414129279,5.68787652182074e-05,0.00153557253109093,2.16972958166998,72.8,71.01,96.83,85.76,98.8,28.48,24.89,13.05,47.57,30.52
"2664","TRINITY_DN5508_c5_g1",-1.17007020710932,1.44957748981868,-6.28236247234043,3.50161019629832e-05,0.00113773120358176,2.61931116949382,143,103,94,81,117,39,37,40,66,47
"2665","TRINITY_DN551_c0_g1",1.05231786334406,2.07173644652796,5.90799935269321,6.27685885380719e-05,0.00162273532489714,1.98872789344541,82.91,51.21,96.4,58.52,103.03,143.65,135.23,167.85,169.79,167.9
"2666","TRINITY_DN5513_c4_g1",2.11503978737812,-1.53000941915952,4.39625682575438,0.000807341286014697,0.00856895574445192,-0.450664924898257,3,5.79,7,7.28,4,13.43,9,19.6,21.04,23.1
"2667","TRINITY_DN55167_c0_g1",-2.04900340191238,1.42938755380944,-5.24942950813741,0.000183773871140257,0.00314787120419345,1.00873875735683,143,154,108,107,221,60,15,12,46,64
"2668","TRINITY_DN5520_c0_g1",-1.03394752504665,0.801574282578571,-3.68525176066182,0.00296097807749707,0.0206135511936129,-1.6514099373785,65.87,61.54,69.88,71.22,63.73,27.24,10.54,26.86,61.86,38.97
"2669","TRINITY_DN55216_c0_g1",1.91589800298304,-1.66713740194301,3.51995178062988,0.00403098673266236,0.0253381391480792,-1.75949968761112,6,3,12,6,2,17,6,17,14,20
"2670","TRINITY_DN55220_c0_g1",-1.12153694528869,-0.0901743358922082,-3.88883542590171,0.00203073731481379,0.0160415698550803,-1.18204075832243,44.8,33.33,47.39,22.12,42.41,10.04,16.5,16.51,27.53,8.47
"2671","TRINITY_DN5523_c0_g1",-1.64869090979749,2.82672126433865,-9.54987556770953,4.52239579414335e-07,0.000102019608561841,6.84916575224147,460.11,260.14,299.76,293.21,326.77,108.71,71.8,117.73,105.36,113.52
"2672","TRINITY_DN55234_c0_g1",-1.87793304640245,-1.35542039673619,-3.61776979200398,0.00335763814911402,0.0224590326855767,-1.5835556649522,23,26,21,24,11,6,3,8,2,4
"2673","TRINITY_DN5529_c0_g1",1.26402320123592,1.49605676654117,4.52501578546928,0.000641835210357901,0.00736261780733732,-0.250110906519184,32.82,44.73,61.01,56,53.75,169.28,90,64.91,146.9,113.73
"2674","TRINITY_DN55369_c0_g1",1.88841075914989,-0.236926940845326,6.74426543272904,1.74982076010342e-05,0.000742415441305837,3.11873581729843,17,10,12,6,20,43,29,47,44,42
"2675","TRINITY_DN5546_c0_g1",2.09532060182037,1.58948256267207,5.62950357812404,9.81321009042164e-05,0.0021270346201643,1.61026715855507,51,35,20,40,59,231.09,247.03,137.01,152.01,86
"2676","TRINITY_DN55465_c0_g1",-1.73166314445405,-1.00891947376667,-3.30068709312974,0.0060833606395462,0.0334222810186574,-2.09381838731535,32.09,26.51,9.2,35.15,29.09,4.13,9.38,4.1,6.13,5.13
"2677","TRINITY_DN55499_c0_g1",2.03451937658352,-0.752871042799948,3.84910313431501,0.00218523675363986,0.0168300027621208,-1.1962517322539,19.29,22.96,1.95,6.21,6.82,38.22,19.28,20.69,47.1,24.33
"2678","TRINITY_DN5553_c0_g1",1.15199840845128,2.98977836242554,7.62749298563145,5.01845461286518e-06,0.00035859716193356,4.43761910492207,124,154,146,146,123,383,299,281,364,222
"2679","TRINITY_DN55531_c0_g1",1.03748003871804,-0.590248835232789,3.88684503834762,0.00203820350442201,0.0160827096084125,-1.14780335638613,12,16,10,14,13,31,17,24,27,16
"2680","TRINITY_DN55632_c0_g1",-1.90974585710827,-1.3600839231011,-5.03380955741112,0.000264692566375918,0.00401519737247729,0.499732442657155,21,16,28,17,21,4,4,7,3,3
"2681","TRINITY_DN5568_c1_g1",-3.6723102589141,4.43560697008058,-6.63854268536589,2.04574445463152e-05,0.000822958046705618,2.93626171345616,2308.05,1717.01,1593.01,2195.01,2643,156,69.15,28.07,875.01,277
"2682","TRINITY_DN55715_c0_g1",-1.63495208788241,-0.336352109901368,-4.93494614085869,0.000313560228436946,0.00448548581585856,0.559542667760565,36,28,49,51,28,11,7,13,9,11
"2683","TRINITY_DN55743_c0_g1",-1.61139681787962,-0.575886971803648,-3.74872654137715,0.00263155345384114,0.0190370436732978,-1.37118095924223,30.42,36.25,50.49,13.63,38.61,4,10.67,7.21,17.35,7.19
"2684","TRINITY_DN55750_c0_g1",-2.17518966493371,-1.96339938714991,-4.62017055736612,0.000542458926603689,0.00653217508888254,-0.302119051412754,14,12,19,13,17,2,1,1,3,6
"2685","TRINITY_DN55795_c0_g1",2.70055098235491,-1.7071135858596,3.48829799351233,0.00427711873395175,0.0263666625749594,-1.84382643725708,0,2,5,5,15,39,18,12,14,18
"2686","TRINITY_DN5604_c1_g1",1.68541189630249,1.15808083806149,5.36401582396309,0.000151779654841684,0.00278801441887342,1.20945894893073,41.79,30.07,34.73,58.65,17.12,133.63,83.68,78.7,163.8,69.99
"2687","TRINITY_DN5604_c1_g3",1.11344867887754,-1.35478666899333,3.42069354161433,0.00485514901011179,0.0286544031728547,-1.89257536141356,8.34,5.05,10.35,5.49,9.38,14.5,14.26,10.79,17.3,10.42
"2688","TRINITY_DN5604_c3_g1",-1.41649230601529,0.00495767630417983,-3.12292692989821,0.00850267382678549,0.041998354653715,-2.52915625618622,36.99,46.86,51.99,31.79,55.86,3.2,22.93,20.65,38.41,7.84
"2689","TRINITY_DN56129_c0_g1",-1.29877733521329,-0.305085974648622,-5.04040158287414,0.000261731601753078,0.00398956292342098,0.730162787609415,37.34,24,39.36,32,37.2,13,10,12.38,10,14.35
"2690","TRINITY_DN56169_c0_g1",-1.47378972849624,-1.59767621743538,-3.52738827200395,0.0039752809255164,0.0251354856222349,-1.73365764419214,20,11.01,18,12,16,2,1,8,6,6
"2691","TRINITY_DN56181_c0_g1",-1.26668802071702,1.66878634617355,-3.93933601748619,0.00185041282586228,0.015065920399757,-1.31987886361385,91.24,94.58,175.9,124.72,187.35,66.49,16.83,57.28,75.75,62.8
"2692","TRINITY_DN5619_c0_g1",2.99783480220192,0.790423253616017,5.39634443172225,0.00014385355955279,0.00269302722658102,1.29431797246048,31,11.95,30,9,13.98,159.19,70.39,70.92,366.51,96.78
"2693","TRINITY_DN56194_c0_g1",1.29060671268047,-0.619471696389204,3.67779691251838,0.00300233966713572,0.0207998387195271,-1.49523869083178,9,6,17,17,14,20,29,26,31,18
"2694","TRINITY_DN5630_c0_g1",-1.30592567450047,-1.0743205220697,-4.16975811750501,0.00121446815475848,0.0112893680624976,-0.685139464719033,21,19,28,19,17,6,5,6,12,4
"2695","TRINITY_DN56370_c0_g1",-1.88584070517541,-1.30020060934735,-3.23720152375823,0.00685555992274607,0.0362006385794577,-2.18608088156497,19,16,47,15,20,1,6,3,15,4
"2696","TRINITY_DN56404_c0_g1",2.32124458820121,-1.64428818206888,5.0643406696615,0.000251267178509311,0.00388536682699277,0.378020525928575,6,3,8,3,3,14,10,23,28,13
"2697","TRINITY_DN5643_c0_g1",-1.39041601163761,4.74258768943094,-13.8064444433085,6.80074880130008e-09,8.7822868054564e-06,10.9866941969818,1047.37,1091.44,1114.63,1135.86,1220,375.47,451.97,432,478,403
"2698","TRINITY_DN5645_c2_g5",2.29089356195792,-0.442797831285554,5.04344050965397,0.000260378293192889,0.00397569343048854,0.701249566849089,17,12,3,23,5,35,33,41,60,31
"2699","TRINITY_DN56452_c0_g1",-4.14993359231765,-1.05109850021263,-5.66183458359567,9.31191544501124e-05,0.00207151682588195,1.02682712572667,38,42,61,92,52,3,6,2,3,0
"2700","TRINITY_DN56490_c0_g1",-2.5950196224913,0.702750867612664,-6.09663293352979,4.66624665070647e-05,0.00135169316837693,2.3526217294638,171,95,57,84,155,21,16,10,29,8
"2701","TRINITY_DN565_c0_g1",-1.03617599345054,5.21742279641008,-7.8613464180179,3.66404170700199e-06,0.000301923092924248,4.53913485067413,1593.33,1205.57,1477.39,1074.24,1661.48,639.78,644.59,818.3,867.75,447.46
"2702","TRINITY_DN56504_c0_g1",-2.36554808709851,0.0784743609082321,-7.49264654865606,6.03447309893218e-06,0.000398780707383888,4.07232754754515,67.29,43.69,69.86,65.83,77.43,7.47,4.43,8.29,23.75,14.31
"2703","TRINITY_DN56592_c0_g1",-1.42797028133936,-1.62409241865696,-3.55883660777969,0.0037482274575873,0.0241577742007886,-1.68505148040407,17,10,16,13,17,3,6,6,3,3
"2704","TRINITY_DN56612_c0_g1",-1.40747410753369,-0.601841060107162,-3.83490193000939,0.0022433407700368,0.0171324706404771,-1.22805342460232,33.2,38.01,25.42,18.24,32.17,3.1,9.26,8.27,16.54,12.27
"2705","TRINITY_DN56671_c0_g1",-1.66635445444846,-0.35724452388385,-5.89532666145068,6.40428798410977e-05,0.00164066273829303,1.97389842839755,40,33.07,44.22,25.3,45.62,15,7.02,5.02,14,10.02
"2706","TRINITY_DN56676_c0_g1",-1.48847401471994,-1.48985159046469,-3.34648803694098,0.00558129854228864,0.0315346069831642,-2.01225027151815,19,20,17,10,16,2,10,2,6,6
"2707","TRINITY_DN567_c0_g2",1.43570767910402,3.21823279981467,10.7635302549169,1.19122535224043e-07,5.07573995600359e-05,8.15910214156703,153.89,151.33,134.44,170.29,127.09,456.94,314.83,407.41,506.52,313.43
"2708","TRINITY_DN5672_c0_g1",1.41638925104753,2.30235069959889,3.67830895047781,0.00299947995574997,0.0207886937625474,-1.90937000483662,183.48,80.59,71.97,44.54,64.31,296.27,127.19,130.17,466.87,155.29
"2709","TRINITY_DN5676_c1_g1",-1.09841518817826,2.31782926713083,-6.84967404782827,1.49960500038002e-05,0.000683362048299315,3.39754927630873,210.79,175.84,225.83,129.91,214.48,95.01,55.65,90.22,126.05,75.58
"2710","TRINITY_DN5677_c3_g2",-1.69971381376637,2.25566415366161,-10.5132580158026,1.55238229618395e-07,5.70380459809267e-05,7.84768825962957,190.7,193.69,260.2,187.24,290.62,64.5,55.93,66.04,76.97,69.83
"2711","TRINITY_DN568_c6_g1",-1.17366984281041,0.546052633026531,-4.66151569935228,0.000504404652840309,0.00621504823481164,0.0888006661358851,67.02,63.04,50.99,50.19,60.02,24.01,20.77,13.99,50.98,17.12
"2712","TRINITY_DN56818_c0_g1",-3.08910940858553,-1.328730274041,-6.24673200131937,3.69853997449786e-05,0.00116477140460292,1.74382938400106,41.35,28.09,32.42,16.1,41.39,3.49,1.02,1.01,2.03,5.08
"2713","TRINITY_DN5693_c2_g1",1.52010574258141,0.361909066716677,7.2886233096959,8.00991569049532e-06,0.000470339607677577,3.96818999140689,24.08,20.32,14.45,20.32,25.09,50.88,44.75,63.34,69.53,45.18
"2714","TRINITY_DN5695_c0_g1",1.02682445127543,4.4179407991557,9.2191542136092,6.65711430141493e-07,0.000126189018733247,6.36631539386862,398,408,355.36,378,383.97,715,775,835,794,806
"2715","TRINITY_DN5705_c1_g1",1.35723367150134,4.69876313850573,8.40654159467716,1.80363685807363e-06,0.000199088828944496,5.32225717264925,313.92,576,367.9,409.88,462.94,1160.97,1062.92,1153.98,1027.97,923.88
"2716","TRINITY_DN57058_c0_g1",-3.49721967585543,-2.14471325984021,-5.62318027645183,9.91453410290088e-05,0.0021389140092977,0.879507660533605,33,13,16,17,31,2,2,0,1,1
"2717","TRINITY_DN5709_c0_g1",1.12968027959197,3.51558273059348,6.49555011075928,2.5331633173613e-05,0.000941728492620529,2.7302899694139,222,202,192,240,153,574,389,469,505,289
"2718","TRINITY_DN57120_c0_g1",-2.26231471373971,-0.932821916878048,-5.17162041635665,0.00020948067072015,0.00343376403235323,0.780181470411686,44.33,29.41,20.65,27.62,35.04,1.1,7.7,5.79,8.96,4.46
"2719","TRINITY_DN57163_c0_g1",-2.19377115390033,-1.43035975976032,-4.20862790044497,0.0011318134741067,0.010792711768294,-0.710780235190483,33,14,18,14,36,1,4,4,6,4
"2720","TRINITY_DN572_c0_g1",1.02123963945377,3.96839528950571,6.30811068471477,3.36622382973189e-05,0.0011170232918209,2.37709893503966,246.4,284.88,325.4,377.76,209.46,574.17,567.28,653.78,601.42,481.66
"2721","TRINITY_DN5723_c1_g1",-1.35667271907459,0.751155085566973,-3.89966870796388,0.00199058987852237,0.0158168769206675,-1.25406457978409,88,77.01,58.59,69.04,68.52,17,7,34.03,65.23,29
"2722","TRINITY_DN5727_c7_g1",-1.17930893592045,3.092612344253,-5.49569459555274,0.000122105669734936,0.00243101661625313,1.18562828146514,475.73,291.18,392.73,211.44,344.09,183.46,91.8,167.9,228.11,95.39
"2723","TRINITY_DN57274_c0_g1",-1.25782686756249,-1.14380480749768,-3.53809250288293,0.00389646792402924,0.024767386894891,-1.70380106787908,23.65,14.06,17.86,19.49,20.44,5.42,2.14,10.56,5.28,10.58
"2724","TRINITY_DN5739_c0_g1",-1.28786746204252,5.12914267358471,-6.16522244961338,4.19445524686206e-05,0.00126444328231929,2.019996085984,1972.68,1202.16,1541.83,780.77,2004.46,650.6,455.59,541.68,819.24,477.98
"2725","TRINITY_DN574_c5_g2",-1.19007003748246,-0.157132146038439,-3.96987095275963,0.00174944596130495,0.0145237517916629,-1.03525149404112,45.96,23.58,39.52,42.29,32.06,19.02,14.34,11.01,10.59,15.38
"2726","TRINITY_DN57431_c0_g1",1.49322604452856,-1.2730537066994,3.14796056383093,0.00811079338291448,0.0406947581601631,-2.3356274741937,4,3,11,10,15,18,9,17,29,12
"2727","TRINITY_DN5750_c0_g2",1.28750051600323,0.582490146070933,5.67565210879207,9.10596966900421e-05,0.00204486444103093,1.72517282548848,36.1,24.1,16.64,32.07,24.29,67.79,52.44,55.59,63.53,52.39
"2728","TRINITY_DN57513_c0_g1",-1.80717833478208,-1.76328559464165,-4.24096471340158,0.00106749032901325,0.0103883804474259,-0.716298058762979,22,18,13,12,12,4,1,3,3,5
"2729","TRINITY_DN5756_c1_g1",1.23446111962429,8.28755001037462,9.07830677444089,7.8741712694173e-07,0.000133520768807572,5.95800263725091,4985.2,5204.68,4494.13,6039.86,5463.84,14146.91,14526.2,13170.1,10814.22,11020.26
"2730","TRINITY_DN576_c12_g1",2.15970333142073,-0.0546739371773091,3.83581344111853,0.00223956418535927,0.0171220725878932,-1.25348985300244,28.84,9.53,13.93,28.09,3.3,117.83,28.11,43.49,55.13,36.47
"2731","TRINITY_DN576_c29_g1",-2.24386701441223,-0.828976505887463,-3.17021349466141,0.00777767628920023,0.0394847755647148,-2.30941971018823,31.46,23.12,48.89,30.66,34.24,0,12.21,13.79,17.52,4.35
"2732","TRINITY_DN576_c5_g2",3.46519589380938,0.846629399332262,16.996869783784,5.83427909479111e-10,2.02008719409251e-06,11.15055829383,17.22,14.3,17.2,14.7,11.39,169.98,146.8,144.13,176.34,131.1
"2733","TRINITY_DN576_c9_g1",2.8897334330745,-1.50561625037,3.63116306578515,0.00327481307571643,0.0221008875407731,-1.61614406942997,1.47,4.66,2.09,3.78,13.66,57.42,28.78,12.79,16.43,18.02
"2734","TRINITY_DN5770_c2_g1",1.21233281006339,5.74060855922133,7.843962861247,3.74989025588403e-06,0.000306464391682929,4.47462770485554,667,837.7,1189.95,977.94,946.98,2031.98,2279.01,2462.96,1943.96,1745.66
"2735","TRINITY_DN57800_c0_g1",-1.73574091606133,-1.43030573977762,-4.5877135516375,0.000574421232000685,0.00683125517150052,-0.130912118980683,17,18,25.06,14.46,19.13,5.01,4,6.01,5,1
"2736","TRINITY_DN5781_c1_g2",1.03015029860293,7.04580824304323,5.37370886142963,0.000149356116214532,0.00275823845993739,0.542455673985346,2285.04,3091.8,2175.96,3134.87,1690.72,5542.77,4032.5,3833.52,6824.63,4729.67
"2737","TRINITY_DN5785_c3_g1",1.1263390924119,-1.23696066370362,3.4270121617955,0.00479792057467425,0.0284209522824662,-1.88442725495527,6.83,8,10.36,6.8,10.01,18.01,11,19.27,13.66,11.74
"2738","TRINITY_DN5788_c0_g1",-1.07543689082821,6.95435866124572,-11.3806298522122,6.33243491939471e-08,3.32306187406931e-05,8.64699085495299,5622.93,4651.1,4580.88,3823.3,4585.37,2328.17,1888.21,2218.64,2796.09,1783.6
"2739","TRINITY_DN57882_c0_g1",-1.27041727751346,-1.30105266548945,-3.46498164845296,0.00446813923784131,0.0271858555662945,-1.82104893530124,27,13,16,12,20,6,4,4,5,10
"2740","TRINITY_DN5790_c2_g1",1.19760918545766,-0.85479894079277,3.64361270376133,0.00319969237658394,0.0217440381747327,-1.54004257035597,11.66,18.7,11.43,6.47,6.73,26.56,14.64,16.27,24.11,18.39
"2741","TRINITY_DN57902_c0_g1",2.73395362622804,-0.890358283703664,4.90231504560283,0.000331690328052016,0.00464788535534496,0.372403382029096,5,3,7,13,6,34,59,39,24,24
"2742","TRINITY_DN5798_c0_g2",1.3210825960157,1.1325145503439,5.45572479359589,0.000130407376746452,0.00252964939803147,1.35517813671684,43.92,35.02,23.12,45.49,43.86,104.61,53.65,116.17,107.43,69.43
"2743","TRINITY_DN57994_c0_g1",1.64958220174603,3.05356578609949,3.08490915930542,0.00913439402679082,0.0441587278016734,-3.14451127398694,401.14,167.12,114.27,101.65,35.93,828.54,176.6,465.53,449.8,237.04
"2744","TRINITY_DN58010_c0_g1",-2.97374841243163,-2.13067993394447,-5.40044708162815,0.00014287925196419,0.0026829346575012,0.612242904180338,20,18,20,10,22,2,4,1,2,0
"2745","TRINITY_DN5805_c3_g1",1.25293809444788,-1.41602669895104,3.59249746569519,0.00351978838346628,0.0231523961315404,-1.61780374440432,6,12,8,4,7,12,11,13,20,11
"2746","TRINITY_DN58204_c0_g1",-1.48650890404192,-0.879948996560318,-3.2931924733325,0.00616975294061061,0.0337148628026155,-2.1201954850598,43.52,15,26.31,11,41,6.04,6.19,6,7.07,10
"2747","TRINITY_DN5823_c0_g4",1.23635239455274,-0.184374579347463,3.3173863866438,0.00589522814924777,0.0327207744778,-2.16953167935523,6.71,18.91,19.01,24.51,18.87,27.17,28.9,37.19,35.62,34.31
"2748","TRINITY_DN5826_c0_g1",2.27031962374222,-0.445353534626462,4.11328108504708,0.00134583142938924,0.0121480597952818,-0.763878904625123,11,3,14,10,14,26,89,45,34,30
"2749","TRINITY_DN5834_c0_g2",-1.21686517014884,0.717417288022057,-4.27105700386055,0.00101102699665971,0.00997283911050187,-0.597813936740613,64.68,49.17,72.23,77.7,70.99,15.26,27.98,43.33,41.24,14.33
"2750","TRINITY_DN58360_c0_g1",1.71283151655198,-1.88027950068253,3.32598581120078,0.00580065020499591,0.0323395006340484,-2.0696783472571,7.38,3.13,2.36,1.01,13.05,9.34,10.52,11.68,11.75,14.31
"2751","TRINITY_DN58378_c0_g1",-1.07445985247706,-0.276805420188328,-3.22334232969915,0.00703685824536069,0.036884501535692,-2.32206784466813,34,32.53,19.22,33,47,7,12,14,18,17
"2752","TRINITY_DN58430_c0_g1",2.68626779476426,-1.32716661711453,4.24925267317573,0.00105162114452846,0.0102575756052,-0.6620964289226,6,4,11,9,1,27,16,45,24,16
"2753","TRINITY_DN58437_c0_g1",-3.63539479123761,-0.927697667054878,-6.65398259775454,1.99940620141477e-05,0.000809718906248015,2.25720702782134,52,42,71,39,51,4,2,10,5,0
"2754","TRINITY_DN58460_c0_g1",-1.40074529204784,0.0536133166799893,-3.80672730141287,0.00236335177967807,0.0177279831887287,-1.33302661120812,58,49,44,57,27,8,12,23,30,9
"2755","TRINITY_DN5849_c0_g1",-1.17338740587741,5.08439362895845,-7.5061344428603,5.92362026311513e-06,0.000393746987969438,4.05445966059276,1269.2,1178.19,1933,947.06,1455.52,590.01,391,601.05,790.01,602.38
"2756","TRINITY_DN5859_c0_g1",1.24590869420432,2.72416251068457,7.40220223460395,6.83729721284707e-06,0.000428720403862438,4.15043751781533,104,133,122,100,104,303,181,287,392,191
"2757","TRINITY_DN5865_c1_g1",2.47091535084405,1.3073726076846,12.9916656730135,1.38132123635693e-08,1.32428860761735e-05,9.6446873472104,37.27,20.87,33.42,29.7,23.12,181.74,122.61,153.6,158.29,135.82
"2758","TRINITY_DN58687_c0_g1",-4.64813735508356,-2.65931434439741,-6.39031158387724,2.96985828881041e-05,0.00104109630908941,1.66759788525709,38,18,38,13,13,0,2,0,0,0
"2759","TRINITY_DN5869_c1_g1",1.66385012155932,-0.574904958879956,3.2904361094614,0.00620183662074283,0.0338271510999882,-2.14887606161887,12,4.28,21,8,14,56,11,48,24,27
"2760","TRINITY_DN5881_c0_g1",1.03288956611859,1.22612327227615,3.29601825347252,0.00613703505824402,0.0335997593373702,-2.42724728193695,23,53.01,63,24,81.04,103.08,85,77,96.05,67
"2761","TRINITY_DN58899_c0_g1",-1.65730539823939,-1.11943259874179,-4.43966750814322,0.000747081382952972,0.00813193191798134,-0.281727446909291,31,23,22,22,15,8,4,3,6,7
"2762","TRINITY_DN59035_c0_g1",-1.81641571616508,-0.62489750822723,-3.30367408058763,0.00604927001535297,0.033296433072369,-2.11265082459423,62.11,22.29,21.97,26.96,48.37,15.53,4.49,1.74,26.01,4.18
"2763","TRINITY_DN591_c0_g3",1.03795824493712,3.90398925469044,4.5282766615455,0.000638133835656953,0.00733861271257348,-0.63571379438639,244,258,426,223,231,881,358,416,650,598.01
"2764","TRINITY_DN59109_c0_g1",1.43507577140637,-1.2920467697046,3.42424728443028,0.0048228777775331,0.0285119662817036,-1.88671740192989,11,3,9,7,7.67,19,15,11.02,14,22
"2765","TRINITY_DN59115_c0_g1",-1.49582441386552,-1.39670785212661,-3.66665997589667,0.00306523257490514,0.021094842567193,-1.50241008318722,26,15,21,10,18,8,4,7,3,3
"2766","TRINITY_DN59172_c0_g1",-2.41894048485009,-2.24177025663534,-4.76480745590623,0.000421001389110786,0.00546140573805361,-0.173452656024946,13.93,10,15.95,12,16.95,3,0,1.87,5,0.81
"2767","TRINITY_DN5926_c0_g1",1.35817944655839,-0.652658219974296,3.1433694357427,0.00818128229670365,0.0409335072598923,-2.40272405189106,5,20,8,13,18,15,22,25,36,26
"2768","TRINITY_DN59287_c0_g1",-1.50375037121473,-1.0672712221861,-4.49420823406627,0.000677925664747423,0.00761831783027866,-0.186473965983176,17.23,23.51,22.48,17,31.77,8,5,6,8.62,3
"2769","TRINITY_DN59323_c0_g1",1.74321085924582,-0.554220080751175,4.6757587774667,0.000491948270159111,0.00611345494793418,0.140623034278629,16,10,5,8,17,44,31,18,43,23
"2770","TRINITY_DN59432_c0_g1",1.63491722173342,0.107242816675731,6.3158428682354,3.32665768119397e-05,0.00111161763721835,2.64003674237779,11.23,17.11,17.86,16.07,23.11,40.57,51.5,48.21,62.59,34.77
"2771","TRINITY_DN5945_c1_g1",1.06814063024994,-0.112496145838551,3.71964012004317,0.00277758701414634,0.0197420937291471,-1.4771974074588,21.07,17.01,15,15,19,55,25.02,27,26,37.75
"2772","TRINITY_DN5951_c1_g1",1.93042422447295,-0.461105103061232,3.16787319995647,0.00781205344663076,0.039639114552151,-2.36512847139024,7.53,34.62,18.48,17.36,1.97,30.19,38.05,35.83,39.75,26.81
"2773","TRINITY_DN59577_c0_g1",1.02975424710681,0.948355116388196,4.00303886245758,0.00164617350901602,0.0139521740810907,-1.10393922508591,38,26,38,31,50,51,101,79,72,56
"2774","TRINITY_DN5958_c1_g1",-1.73871888328216,0.752003853830764,-6.72305509298332,1.80532606267699e-05,0.000756652286380563,3.2542299769521,92.4,81.37,88.2,47.36,103.16,26.64,16.07,13.03,37.17,22.09
"2775","TRINITY_DN5963_c0_g1",5.83905930519991,0.701390055912802,6.8673753542491,1.46145326166446e-05,0.000673441697548256,2.97799502115738,4,6,9,13,4,417,484.87,328.02,318.68,141.63
"2776","TRINITY_DN59667_c0_g1",-2.15543386861216,-2.20583651205308,-3.72701102686294,0.00273981352661223,0.0195516638623246,-1.53931900222555,12,10,15,14,13,3,1,0,5,3
"2777","TRINITY_DN59701_c0_g1",3.85994133568172,-1.21045283812036,5.03278536163891,0.000265155746443565,0.00401665433833212,0.270174412478493,1.88,0,5.99,9.83,9.49,74.86,26.66,29.54,41.24,43.69
"2778","TRINITY_DN6_c13_g1",-1.01278765519474,2.01960123142237,-4.42042892791972,0.000773189612368482,0.00831775272111706,-0.516660076999209,121.52,115.13,190.98,139.52,190.37,91.96,47.43,115.78,63.12,58.95
"2779","TRINITY_DN60074_c0_g1",-1.72186513517493,-0.543419440155718,-5.20389090538144,0.000198388994484818,0.00331332882480791,0.945911982323759,42,27.61,25.64,35.67,37.94,4.83,5.11,8.74,10.68,15.71
"2780","TRINITY_DN60119_c0_g1",-1.94698669169882,-1.77736850502089,-4.63544153256547,0.000528066629976275,0.0064003853813518,-0.191875128610408,22.56,12.65,20.14,10.54,14.47,4.22,2.21,1.13,3.33,2.16
"2781","TRINITY_DN6013_c1_g1",-1.19016082282456,1.29229784253421,-3.32580821457161,0.0058025878630304,0.0323466859818467,-2.38000113621822,114.21,102.2,82.13,60.73,126.52,82.17,40.89,53.73,17.58,33.62
"2782","TRINITY_DN60132_c0_g1",-1.68962334575842,-1.10299903881903,-3.63202744483701,0.0032695398006864,0.0220772541898441,-1.55067861615082,26,11,25,20,42,5,6,5,11,2
"2783","TRINITY_DN6021_c1_g1",1.65198084330518,3.63573180283949,6.51625925677258,2.45554321248942e-05,0.000922962772609509,2.75870480226369,201.96,187.02,217.8,164,146.23,814.3,361.86,557.79,997.16,339.15
"2784","TRINITY_DN6029_c0_g3",-1.4892665426237,0.674829133158301,-4.70608609971175,0.000466481370729709,0.00587259994317883,0.157328089084796,126.86,49.96,56.05,59.56,77.81,36.19,9.95,27.03,24.71,23.09
"2785","TRINITY_DN60436_c0_g1",-2.92123038859944,-1.10158329112023,-6.15317075186877,4.27355186146197e-05,0.00127846692005359,1.82508241066019,34.49,31.71,25.35,33.46,51,3,3.14,1,7.35,4
"2786","TRINITY_DN6044_c0_g2",-1.25284630426915,2.02615268079963,-6.05019105452759,5.01733106942553e-05,0.00141481632023812,2.22118618152162,209.52,171.6,181.92,97.42,168.84,83.1,47.1,51.83,80.3,76.24
"2787","TRINITY_DN60440_c0_g1",1.43694279228844,-0.62397852037089,3.18630955200994,0.0075453170748071,0.0386859551903273,-2.33133700147067,6,23,13,19,6,31,12,29,33.23,25
"2788","TRINITY_DN6046_c1_g1",-2.13722285094352,-1.76040499877054,-3.43545882056498,0.00472248446050027,0.0281403430899542,-1.9061746716387,24.23,15.45,17.73,11.7,16.93,0,5,2,9.14,4.03
"2789","TRINITY_DN60480_c0_g1",-1.204898834063,-1.19922870188027,-3.41333966198973,0.00492262554681808,0.0289521730699117,-1.90713987317725,21,15,24,17,14,4,4,8,6,10
"2790","TRINITY_DN6051_c0_g3",1.08233790818397,2.11639822000382,5.87822632933399,6.58058329334738e-05,0.00166952579604706,1.93653211153833,60.24,60.01,97.72,106.05,78.41,189.41,129.48,169.88,183.3,141.61
"2791","TRINITY_DN6051_c2_g1",1.06335137370391,-0.200688815101068,3.78265115852972,0.0024711109567965,0.0182763597705559,-1.35902754278863,14,16,15,16,23,29,17,26,56,32
"2792","TRINITY_DN6065_c0_g1",1.05687732656663,3.72831286265041,7.43079485422171,6.57186113255018e-06,0.000419392639693598,4.08603057974975,253.74,185.77,206.05,281.83,269.64,517.57,502.89,556.92,538.6,370.5
"2793","TRINITY_DN60677_c0_g1",1.51065983006745,-1.20532411109434,3.80474496612263,0.00237203950816618,0.0177664191106683,-1.27351664876361,5,6,14,10,6,19,17,20,21,10
"2794","TRINITY_DN607_c0_g2",1.20574476449484,4.13537733294245,6.26723376132625,3.58383597833783e-05,0.00115491104732226,2.29494341015765,285.32,241.5,421.01,326.87,243.59,944.28,664.54,783.91,618.48,498.31
"2795","TRINITY_DN60705_c0_g1",-1.33980629313122,-0.635567465551297,-4.63147008646772,0.000531770881542642,0.00643299533063464,0.0713565098520261,36,23,22,29,30,11,5,14,9,7
"2796","TRINITY_DN6074_c4_g1",2.50889787865085,-0.861677276211953,7.08108980552198,1.07412944660087e-05,0.000561910520498819,3.11963294935103,8.17,6.87,10.11,6.79,3.61,30.27,26.11,26.14,45.54,32.53
"2797","TRINITY_DN60747_c0_g1",-1.63374217788278,-1.48074390778586,-3.77463589038602,0.00250809150307772,0.0184554812845658,-1.34340058186256,13.11,25.06,18.04,12.18,18.18,6.02,3.01,5.09,2.02,4.08
"2798","TRINITY_DN608_c0_g2",-1.25532079791101,0.141190580480699,-4.06623998266931,0.00146640812181143,0.0128773725729549,-0.894714029556043,46.51,47.64,47.79,30.14,58.07,38.99,6.49,13.36,17.81,18.1
"2799","TRINITY_DN608_c4_g1",1.30417695803962,-0.295232481311877,4.20930410961351,0.00113042814716907,0.0107877554404325,-0.617415340462971,17.02,14.01,16.87,12.52,11.01,53.86,23.99,19.7,32.56,34.05
"2800","TRINITY_DN60806_c0_g1",-3.2304424679815,-2.05364352191363,-5.27218708449923,0.000176897740335059,0.00306957293732115,0.482669943887324,28.85,14.14,21.9,18.93,19.14,0,0,4.83,3.37,2.55
"2801","TRINITY_DN60820_c0_g1",-1.45831455748308,-1.14913316438513,-4.24046749982553,0.00106845019896571,0.0103892037778502,-0.583357845722428,20,17,26,20,19,3,8,7,7,5
"2802","TRINITY_DN6089_c0_g1",1.09330881042808,1.2172646367916,5.230497234213,0.000189707827921079,0.0032070208020853,0.979752533013911,41.2,29.45,47.98,65.23,36.99,89.48,77.56,80.46,107.89,74.64
"2803","TRINITY_DN61056_c0_g1",-1.87545087208082,-1.39195536630604,-4.88475615212028,0.000341896477246993,0.00473591694364945,0.283438839347169,24,20,14,18,25,6,2,2,6,5
"2804","TRINITY_DN61237_c0_g1",-1.32357529798658,-1.1587538018495,-3.02471027156171,0.0102320687137552,0.0477442270298427,-2.54543049532392,25,24,12,17,22,5,8,12,9,1
"2805","TRINITY_DN61253_c0_g1",1.93745557904395,0.64620919193853,3.47892735938377,0.00435287143937147,0.0266720378400917,-1.98203266941657,12,5.99,15.02,67.2,75.37,72.02,65.01,59.7,110.87,84.64
"2806","TRINITY_DN6130_c0_g2",-1.01585295995957,3.26910567614855,-8.26050287383944,2.17357290961173e-06,0.000221627624101902,5.25856180889538,423.38,364.6,366.96,293.24,329.52,187,125.8,195.93,238.26,141.16
"2807","TRINITY_DN6160_c0_g1",2.78941940729813,-1.82204639978076,4.91372646861061,0.000325228549817702,0.00458919300709366,0.0550105924652824,2.01,3.3,7.72,3.01,2,24.05,13.03,11.35,17.88,24.08
"2808","TRINITY_DN6160_c3_g1",3.68267179901802,-1.66714399329807,5.94037242284413,5.96333474447992e-05,0.00157047082417621,1.25350503376345,6,1,2.2,8,1,36,30,28.72,27.4,17.6
"2809","TRINITY_DN6161_c2_g1",1.53311916029308,3.61030448531465,9.22271974993886,6.62904768535656e-07,0.000126136608495451,6.43760750764847,169,213,165,213.56,176,488.93,472.29,574.89,821.47,387.15
"2810","TRINITY_DN61642_c0_g1",3.40025847091629,-1.66955109792411,4.64222352947816,0.000521802912875499,0.00634777711336318,-0.264429253477571,1.34,4.33,3.99,1.05,7.07,20.44,9.04,22.09,59.8,28.35
"2811","TRINITY_DN6167_c0_g3",2.44715902427014,0.384677079950274,3.44636029632634,0.00462689886578664,0.0277942871618341,-1.98094931542537,43.2,16.24,33.14,10.09,4,191.97,19.68,85.12,130.26,54.69
"2812","TRINITY_DN61719_c0_g1",2.15591974996577,-0.675087653489874,4.03669312763198,0.00154778813633896,0.0133636788986675,-0.890139108099019,9,11,13,19,2,21,28,39,38,36
"2813","TRINITY_DN6174_c0_g1",-1.62453466450842,0.579434413604621,-4.95656573459207,0.000302121319486196,0.00437611840514873,0.582955508864622,58.47,101.05,78.91,64.03,52.15,29.8,9.05,30.41,15.22,23.85
"2814","TRINITY_DN6175_c1_g1",-1.20027736539421,0.977906747065037,-6.41669854991814,2.85335303803589e-05,0.00101028557532105,2.8295104443884,85,75,68,76,86,28,25,30,35,42
"2815","TRINITY_DN6176_c0_g1",1.53436532140731,3.53636991765731,6.61391410775506,2.12203259550621e-05,0.000844291228920758,2.91767075672819,112.66,213.79,210.89,180.16,191.63,585.51,414.66,490.74,859.83,315.84
"2816","TRINITY_DN61828_c0_g1",3.32633172912618,-1.47696141282054,3.66487420748446,0.00307544166229351,0.0211513201621796,-1.58453743241733,7.25,2.44,3.54,0,11.33,16.96,10.85,63.66,60.77,19.27
"2817","TRINITY_DN61846_c0_g1",2.91299595808929,-0.645247985440067,3.33513466890541,0.00570171108442469,0.0319981755887039,-2.0367715262433,0,9.45,2.3,35.88,20.29,36.74,57.15,23.81,35.93,74.81
"2818","TRINITY_DN61961_c0_g1",1.89790612115895,-1.01425361437677,4.58754198541882,0.000574595296099893,0.00683169551549439,-0.0491080989546235,10,8.36,9,6.45,4.3,18,10.76,26.82,43.41,23.86
"2819","TRINITY_DN6206_c0_g1",-1.11683008085951,0.678810938942606,-4.65814335373939,0.00050740178900908,0.0062396402041119,0.0712958941076005,64.21,91.12,46.59,46.45,71.01,25.94,20.77,29.95,32.03,22.77
"2820","TRINITY_DN6216_c0_g1",1.52932042282321,1.76950300763482,6.07874006356097,4.79833316210836e-05,0.00137794529453104,2.29145518865805,38,42,99,66,42,173,142,136,199,105
"2821","TRINITY_DN622_c1_g3",1.17557108429507,0.669790534207555,5.14775961039863,0.000218098919881837,0.0035244361273482,0.88572602440493,21,31,38.42,30,25,57,53,68,59,62
"2822","TRINITY_DN6220_c0_g2",-1.43267485126816,0.908044302520521,-3.34232421480108,0.00562515827338848,0.0317122034833468,-2.27913041840962,183.23,97.68,48.54,47.53,77.44,38.57,11.21,20.71,35.62,45.35
"2823","TRINITY_DN62218_c0_g1",-2.56261792215067,1.53711245511805,-7.8621223022434,3.66025919008505e-06,0.000301923092924248,4.7893832540231,211.62,186.52,222.24,170.16,125.84,12.03,55.58,28.22,38.89,26.65
"2824","TRINITY_DN6228_c1_g1",-1.2143844133264,1.02515077956228,-5.5670102154549,0.000108644660055565,0.00224927833793609,1.53970957323738,114.76,61.19,69.51,68.01,101.35,39.69,25.56,37.03,41.24,22.26
"2825","TRINITY_DN6239_c0_g1",-1.47164721062834,1.27335464214829,-3.73231241919511,0.00271297072058511,0.0194283115703056,-1.6271809336977,176.64,119.56,77.24,58.22,132.54,58.1,9.71,32.28,69.79,36.99
"2826","TRINITY_DN624_c6_g1",2.64654036870853,-2.50468697595172,3.09569346871606,0.00895056890294506,0.0435251355379943,-2.44168877546843,15.19,0,0,0,13.6,12.76,7.78,6.12,11.9,12.48
"2827","TRINITY_DN6258_c0_g1",3.30931836186233,0.104721421038382,5.34045231126383,0.000157845122346952,0.00284698005946549,1.16852903284254,12.64,24,1.14,8.23,18.39,105.76,65.73,88.76,167.5,37.89
"2828","TRINITY_DN62685_c0_g1",-1.69212704499953,-0.949625013701665,-4.90550587220893,0.000329870101896513,0.00463370164737321,0.439872937744005,28.23,20.3,23.51,29.27,24.48,9.71,7.88,7.16,5.17,2.42
"2829","TRINITY_DN62927_c0_g1",-1.28165498702593,0.225774973105668,-4.29864812390488,0.000961972423521326,0.00964933827561543,-0.501906711762114,77.78,54.4,48.84,29.28,41,27,11.99,24.55,15.3,13.34
"2830","TRINITY_DN62980_c0_g1",2.16682898677377,-1.74308238979563,3.86265872267851,0.00213121392895899,0.0165481584307714,-1.27329477054337,3,3,10,9,2,17,17,16,12,12
"2831","TRINITY_DN62984_c0_g1",-1.61362939319201,-0.32347732623591,-4.85410101818256,0.000360509019934859,0.00490514633482874,0.43313439305676,48.44,41.18,30.15,33.38,37.27,5,6,11,26.49,10
"2832","TRINITY_DN63011_c0_g1",-1.20992448987774,-0.111778191634568,-3.73842707550724,0.00268234384345774,0.0192727779958221,-1.44023221596025,34,38,48,30,37,27,16,13,8,13
"2833","TRINITY_DN63015_c0_g1",-1.19822111031102,-1.07112565217233,-3.60391123943794,0.00344559047057472,0.0228106387007428,-1.597459241058,23,19,31,13,16,7,7,7,9,4
"2834","TRINITY_DN6302_c7_g1",2.88788341389557,-1.25703647240461,4.20553802848175,0.00113816595908273,0.0108243013273849,-0.731868069793897,13,17,1,0,9,24,20,26,45,27.52
"2835","TRINITY_DN63052_c0_g1",1.73133730377483,-0.643764892028103,3.66094120731725,0.00309804887824982,0.0212554064847013,-1.51466985895311,10.84,8.08,10,6.34,16.44,60.19,20.41,22.72,51.96,10.7
"2836","TRINITY_DN63061_c0_g1",1.04036961502971,5.36993558910132,11.798374874056,4.19548550407877e-08,2.58219183746715e-05,9.13606878082702,741.95,766.69,657.56,791.52,771.27,1591.17,1339,1452.61,1802.98,1411.99
"2837","TRINITY_DN6309_c0_g2",-1.58575934478281,1.19226866085898,-5.04494102243196,0.000259712781761367,0.0039716138985121,0.682944508237641,118.63,134.52,87.14,55.85,146.68,30.99,20.9,21.18,66.41,33.49
"2838","TRINITY_DN63096_c0_g1",-2.25387691852982,-1.89245677320255,-3.60464090578386,0.00344090165580215,0.0227959163118545,-1.6795685618092,31,12,13,15,14,5,5,4,2,0
"2839","TRINITY_DN63124_c0_g1",1.80673602168999,-1.16716096878914,4.41095903526092,0.000786387029765022,0.00840020411289386,-0.338195609129541,7,3,10,4,15,21,18,22,18,21
"2840","TRINITY_DN63128_c0_g1",-1.41941785933251,2.19980018425341,-6.26347885527296,3.60455908525041e-05,0.00115491104732226,2.53738355021931,252,130,170,200,250,85,39,87,101,57
"2841","TRINITY_DN63154_c0_g1",3.47101885925545,-1.72292696169031,4.34020923559771,0.000892684551914599,0.00918345088043717,-0.660045520616994,10.79,7.16,5.16,0,0,35.32,10.06,20.13,48.27,19.07
"2842","TRINITY_DN6318_c4_g1",1.11271834212265,1.23073804912193,4.24293232399533,0.00106370060143808,0.0103632335515913,-0.713825733075124,37,38,58.95,43.01,36.96,68.28,104,92,73,111
"2843","TRINITY_DN63216_c0_g1",-1.90345852794288,-0.215512579052348,-3.15799095378379,0.00795890606904124,0.0401553834895165,-2.40997017765178,97,45,15,34,75,6,4,12,21,12
"2844","TRINITY_DN63221_c0_g1",-2.20198136908411,-0.0702210371494914,-6.14275547652164,4.34317917398227e-05,0.00129111813572176,2.33843289551729,72,73,34,46,56,6,7,15,16,8
"2845","TRINITY_DN63250_c0_g1",1.34699217237012,-1.19648893242061,3.0864019501554,0.00910872497414802,0.0440871132171069,-2.44368939704858,6,8,10,19,4,19,17,14,20,11
"2846","TRINITY_DN63275_c0_g1",2.75435645028882,-0.285101715930603,6.31415021389688,3.33527683291081e-05,0.00111161763721835,2.46157570950903,9,15,18,2,10,67,41,39,89,44
"2847","TRINITY_DN63285_c0_g1",1.26310871211486,-0.175365249135262,3.6038719745346,0.00344584297024515,0.0228106387007428,-1.66808458165121,23,10,17,11,22,51,14,48,48,23
"2848","TRINITY_DN6329_c0_g3",1.05745584553368,-0.164243243019333,3.68192018788828,0.00297939017220936,0.0206954909091756,-1.53773853354369,23.98,13.82,13.13,15.22,20,47,38.92,23.2,35.79,19.47
"2849","TRINITY_DN63296_c0_g1",1.36817907333578,2.15486307710287,4.25472434319795,0.00104127831943231,0.0101873569043384,-0.829722830269814,52.05,124.26,59.18,51.75,98.58,206,199.74,297.56,153.25,111.41
"2850","TRINITY_DN63315_c0_g1",-1.70140966852544,0.397884654305678,-6.27258600818399,3.55451490900577e-05,0.0011490569420142,2.60215879852493,81,42,59,56,83,13,9,23,27,18
"2851","TRINITY_DN6333_c0_g1",-1.14634097192315,3.096791884538,-4.42032290564127,0.000773336087766002,0.00831775272111706,-0.692795716141783,341.29,294.49,510.75,187.55,395.31,156.35,87.79,162.08,289.63,101.38
"2852","TRINITY_DN6333_c0_g3",-1.10096943562663,3.94597620895213,-3.44079465138595,0.00467545155152199,0.0279612867320088,-2.65467350531417,637.15,554.07,923.97,278.63,763.56,274.11,117.58,275.32,571.84,274.06
"2853","TRINITY_DN6341_c0_g1",1.39003299064528,1.74421441658679,6.31520845655947,3.32988539809317e-05,0.00111161763721835,2.65241374866236,59.17,60.27,35.46,58.64,63.24,133.21,156.84,138.28,125.85,145.46
"2854","TRINITY_DN63440_c0_g1",-2.74783991770646,1.67218203440174,-10.6926850321012,1.28328992919861e-07,5.26443922142193e-05,7.86484428656351,283.83,213.06,220.14,148.14,218.13,36.81,11.45,28.62,43.08,40.93
"2855","TRINITY_DN63441_c0_g1",-1.1755402628761,-1.04692606179597,-3.37591604943061,0.00528101631141384,0.0303346590820272,-1.97506397781782,23,26,25,13,16,5,3,10,13,6
"2856","TRINITY_DN63478_c0_g1",2.78388544236688,0.0770425743603273,3.54135877680041,0.00387273686814588,0.0246637137311799,-1.75542658973797,0,24.02,18.45,31.47,21.95,54.39,65.25,78.93,113.89,42
"2857","TRINITY_DN63497_c0_g1",1.59037654449758,-1.10495886849323,3.11758186296534,0.00858877458374935,0.0423182624356252,-2.39407803632317,3,11,18,7,8,12,17,27,29,14
"2858","TRINITY_DN63543_c0_g1",-3.60949389880705,-0.664504991214255,-8.15875534472725,2.47876328882205e-06,0.000240415926532385,3.90517893583779,68,60.14,60,32.28,80,5.15,3,3,5.45,1.15
"2859","TRINITY_DN6356_c1_g2",1.36315042352345,-0.908339694335115,3.64663909671935,0.00318169831789017,0.0216394551489466,-1.53123377615946,7.02,11,11,8,11,17,13,24,45,12
"2860","TRINITY_DN63616_c0_g1",1.53466684061737,-1.30239575704079,3.27570587215493,0.00637616881584785,0.034487591609242,-2.12635153338064,8,6,3,6,14,22,18,23,11,11
"2861","TRINITY_DN63617_c0_g1",-1.06789940391781,-1.30829464440232,-3.18927066619552,0.00750333663572879,0.038558651733024,-2.2704084824011,21,14,16,15,14,9,8,4,6,4
"2862","TRINITY_DN63646_c0_g1",-2.14785701675683,-0.182611671081877,-6.66769997983279,1.95917110746899e-05,0.000797310671188994,3.00281210978189,67,39,70,41,40,10,5,11,19,5
"2863","TRINITY_DN63714_c0_g1",-2.793343803111,-0.387579374072052,-5.56545434183367,0.000108921041553382,0.00225126064865702,1.42125512221882,78,49,76,20,69,8,3,5,10,6
"2864","TRINITY_DN63749_c0_g1",-1.48706703088008,-1.42953921681821,-3.31147313982481,0.00596116506004812,0.0329652758445456,-2.06746725531714,29,21,11,10,20,7,3,8,4,2
"2865","TRINITY_DN63772_c0_g1",1.18086506213075,4.71830979055363,3.34172495993791,0.00563149914922364,0.0317228392187849,-2.95965046095676,362,633,577,591,245,2064,528,1129,1317,627
"2866","TRINITY_DN63897_c0_g1",-1.37910928028278,1.36878492557021,-6.70810734791723,1.84556326017089e-05,0.000768528956680328,3.24568402723228,101,97,98,103,153.57,43,24,47,59,30
"2867","TRINITY_DN6390_c1_g2",-2.58728974154463,-2.51880086061318,-3.0836528351793,0.00915605302410926,0.0441986429466094,-2.45883183703614,15.05,10.98,4.93,17,16.48,0,0,12.5,5.49,0
"2868","TRINITY_DN63949_c0_g1",-1.77248735304527,0.411329243569069,-7.71356567297333,4.466428015307e-06,0.000333330592585479,4.4872313932829,78.52,56.42,60.66,56.25,71.9,17.72,9.41,24.91,15.63,20
"2869","TRINITY_DN63967_c0_g1",-3.66315775391359,-1.89552517501749,-3.83137793321384,0.00225800297146342,0.0172148986292041,-1.35936399197619,42,34,10,18,42,0,0,11,9,0
"2870","TRINITY_DN63970_c0_g1",-2.37891251375224,-0.752862397936503,-3.88994122267492,0.00202660147444109,0.0160165128892377,-1.13274635664484,52,39,56,12,47,3,1,6,21,6
"2871","TRINITY_DN63976_c0_g1",1.05980860055808,6.73157723278323,3.38138491104212,0.00522703923119297,0.030135324214853,-3.08335833002398,2273,2274,961,2403,2123,3827,5276,4262,2340.77,4901
"2872","TRINITY_DN6402_c2_g1",1.82329523345258,1.38167046709715,3.48371716436978,0.00431398170509116,0.0265119489575826,-2.09155844750505,17,22.83,42.86,105.58,44.64,78.36,92.67,71.68,282.99,190.39
"2873","TRINITY_DN64057_c0_g1",-2.1955069764034,-1.34406803183664,-4.52163427603231,0.000645697093987728,0.0073847068654669,-0.239717608020273,49,20,21,12,23,4,3,5,4,2
"2874","TRINITY_DN64072_c0_g1",1.93938184214962,-1.46238765320015,4.18771213583259,0.00117554097058253,0.0110552216708737,-0.727600146230167,3,5,6,5,11,19,17,23,15,11
"2875","TRINITY_DN64131_c0_g1",-2.6687567808054,-2.1283033781395,-5.18612233592925,0.000204417860476829,0.0033845378938397,0.354338318061192,16,13,14,20,17,2,2,2,3,0
"2876","TRINITY_DN64133_c0_g1",-1.57817702696716,-0.109905055964388,-3.77658998978536,0.00249902383476848,0.018421386253839,-1.36200691087799,79,53,31,27,41,13,13,16,25,3
"2877","TRINITY_DN64141_c0_g1",-2.23771766793395,-1.37052065347321,-5.60305032454424,0.000102444965333875,0.00218442637159525,1.17149194897455,27,22,24,21,21,2,5,3,9,1
"2878","TRINITY_DN64156_c0_g1",-1.17379766554524,0.392293331740593,-3.95410049505985,0.00180086497431806,0.0148100497467302,-1.1177938213382,66.89,39.84,50.91,39.87,72.64,19.37,12.59,30.49,44.11,10
"2879","TRINITY_DN64164_c0_g1",1.02218693231679,3.10181186809859,8.91131621397291,9.63336703429604e-07,0.000145530983866897,6.08759821894207,166,155,156,163,139,319,289,355,330,291
"2880","TRINITY_DN64256_c0_g1",1.05219053003264,-1.45103281482059,3.14488367116173,0.0081579661585891,0.0408496471378206,-2.33624406907034,9,5,7,5,11,15,10,11,12,13
"2881","TRINITY_DN64265_c0_g1",3.03074835230862,-1.77702440105192,4.59451160199476,0.000567568182858407,0.00676932391238934,-0.336692155229493,21.42,1.03,2.07,2.05,1.04,15.52,25.42,17.09,29.16,14.58
"2882","TRINITY_DN6433_c1_g1",1.7165686989086,-1.40142584155868,3.66915962027679,0.00305100039650089,0.0210246898152752,-1.50229325793485,4.29,3.36,11.81,5.08,9.04,15.3,7.74,21.16,16.29,23.29
"2883","TRINITY_DN64340_c0_g1",2.82473864445678,0.251171939417049,6.88795466158168,1.4183901191193e-05,0.000662708553031438,3.35716304687043,18,20,7,9,12,120,99,78,89,38
"2884","TRINITY_DN64393_c0_g1",-1.50326186721406,-1.43648232799422,-3.38525213495516,0.0051892074102677,0.0299927045669386,-1.95034443112492,31,12,18,13,17,6,4,3,12,1
"2885","TRINITY_DN64423_c0_g1",3.29392067410229,-2.42339569585724,3.10879704540519,0.0087321859486115,0.0428427975687559,-2.41393847388656,3,0,35.17,0,0,11.29,29.04,21.93,5.63,12.56
"2886","TRINITY_DN64437_c0_g1",-1.77288660018229,1.29554273876165,-7.36688634655837,7.18099591034246e-06,0.000441105539373934,4.14885856360849,166.29,108.56,117.8,70.77,146.21,33,20.35,40.15,46.14,26.14
"2887","TRINITY_DN64444_c0_g1",-1.41042997997021,-0.31104439679866,-3.48072484161145,0.00433823563816544,0.0266085213176011,-1.85683854100363,65.65,18.53,28.15,33.19,48.9,16.91,5.19,13.76,19.59,5.04
"2888","TRINITY_DN64460_c0_g1",-1.80927880764515,-0.83440695183105,-4.7219301463161,0.000453726826747395,0.00575102392096639,0.17937443865814,42,22,28,22,30,3,3,6,10,16
"2889","TRINITY_DN64462_c0_g1",1.42578509850743,-1.04963739878584,3.95521421764886,0.00179718323028517,0.0147944147257937,-1.02605530006712,12,4,13,6,10,23,18,13,28,15
"2890","TRINITY_DN64475_c0_g1",-3.32906974300252,-1.17315438181566,-7.33835771545061,7.4720606772943e-06,0.000452068739011108,2.83156423033358,45,42,36,22,45,4,1,4,2,3
"2891","TRINITY_DN64488_c0_g1",-2.62731640445851,-1.48530055756871,-5.55468717352527,0.000110854092064016,0.00227783625297147,0.974935915050383,24,21,33,16,31,6,2,1,6,1
"2892","TRINITY_DN64494_c0_g1",-1.03757728482233,-0.0133864582498955,-4.19884241527513,0.00115205829606966,0.0109023466655203,-0.656364890793326,31.14,48,33.45,31,50.82,18,11,16.41,21.45,14
"2893","TRINITY_DN6452_c2_g1",-1.11842254726954,-0.523466502175168,-3.52115719264604,0.00402190354203209,0.0252969918345856,-1.77205321066955,23,35,25,23,36,16,10,11,16,4
"2894","TRINITY_DN64547_c0_g1",-1.52609766549574,-0.756021366108518,-3.97550439410895,0.00173144648983004,0.0144295890768133,-0.989403808248516,46.35,28,19.98,24,25,5,3,8,20,7
"2895","TRINITY_DN64562_c0_g1",-2.73496574392928,0.483956855169622,-9.12020690145509,7.48898671697606e-07,0.000130287643981029,5.93361360998709,112,79.93,86.54,87.61,117.67,16.9,3.45,15.62,26.48,7.92
"2896","TRINITY_DN64605_c0_g1",1.01768991748723,0.959998855663528,3.91545622542906,0.0019335365699973,0.0155096699314683,-1.26303137330128,28,46,28,52,36,80,67,88,71,46
"2897","TRINITY_DN6465_c0_g1",1.68447644789698,-1.04105551330307,3.89144129565861,0.00202100480366401,0.0159874884920758,-1.13060634897809,10.68,15,4,4,8.96,14,16.95,35.25,20.05,21.87
"2898","TRINITY_DN64653_c0_g1",-1.08784678002457,-0.155052593892334,-3.17445189671972,0.00771580352090725,0.0392746531476199,-2.42448676813932,42,38,33,22,46,7,7,15,34,19
"2899","TRINITY_DN6469_c2_g1",-1.27572864993307,-1.08813447510756,-3.59507695630449,0.00350287864570383,0.0230895418525776,-1.61124062735159,15.04,15.91,26.79,17.74,27.13,5.46,5.1,11.03,7.6,3.8
"2900","TRINITY_DN64700_c0_g1",-3.26333767824676,1.48300078608468,-9.58877828487983,4.32428222653211e-07,0.000100269042715956,6.70597105972734,307,191,184,150,323,11,19,33,29,22
"2901","TRINITY_DN6471_c0_g1",1.39627224796616,-0.190229408801303,3.29568879674532,0.00614084059322785,0.0336047558830064,-2.20045916678965,30.74,6,19.52,12,17,65.01,21.01,48.24,40.27,18
"2902","TRINITY_DN6475_c0_g2",1.01180183430206,5.08115680225865,5.6059055575411,0.000101969993385624,0.00218022561682534,1.09669690950405,799.04,545.45,734.35,446.6,604.97,1212.17,1024.77,853.35,1897.16,1393.31
"2903","TRINITY_DN64761_c0_g1",-1.86582339436361,-1.47270250882087,-4.28974074730458,0.000977533723315951,0.00975409167166897,-0.581584258779189,27,13,20,21,16,2,1,5,7,6
"2904","TRINITY_DN64782_c0_g1",-1.42781923924832,-0.405446369677,-4.47421608067387,0.000702468917759339,0.00780829051439383,-0.17480852177675,43,25,37,27,40,11,4,18,20,5
"2905","TRINITY_DN64839_c0_g1",1.16082031934691,-0.769286025766425,3.96096539989997,0.00177829378994894,0.0146971618551599,-1.01486181519225,14,14,6,10,12,18,18,25,23,20
"2906","TRINITY_DN64854_c0_g1",-1.45022103762496,1.13005026579635,-5.6439204077959,9.58625223580782e-05,0.00209790795747027,1.65749906164553,107,123,81,64,109,26,21,50,52,22
"2907","TRINITY_DN64921_c0_g1",-1.21317067349329,-0.403691788254161,-4.2031576755027,0.00114308486787921,0.0108597401729666,-0.622484523867303,32,30,31,19,49,9,8,15,17,9
"2908","TRINITY_DN64939_c0_g1",1.2477156454997,-1.11209835870124,3.5530224021039,0.00378918833030241,0.0243246923249264,-1.6802509378864,15,4,9,6,12,20,10,16,24,16
"2909","TRINITY_DN64954_c0_g1",-1.73735649645683,0.217126385214729,-4.19986530202236,0.00114992467651484,0.0108904245627458,-0.661353880518977,58.58,59.73,31.03,87.86,59.76,5.73,14.78,18.57,27.26,14.88
"2910","TRINITY_DN6496_c0_g1",1.74704129683579,3.15979088759321,9.33677561965405,5.79483957804884e-07,0.000119871426342103,6.5977741451813,132.7,115.97,130.38,109,147.34,443.89,289.41,368.12,746.95,364.29
"2911","TRINITY_DN65030_c0_g1",-1.63747680815842,1.77581407758091,-5.05612776381619,0.000254806999977587,0.00391460504464797,0.639341944554857,209.49,190.31,85.06,147.57,171.49,38.28,45.74,70.47,36.63,58.74
"2912","TRINITY_DN6504_c0_g1",1.05322390823897,6.04536724060511,4.89329850767375,0.000336890831125412,0.00469922176947263,-0.228551722824485,1215.26,1107.4,907.42,2060.19,963.83,3030.55,1761.09,2241.7,3373.23,2062.25
"2913","TRINITY_DN65080_c0_g1",-3.13301640103637,-0.988522529046568,-4.14897618465555,0.00126119433487956,0.0115961492395335,-0.781620410927288,47.8,27.15,22,54.54,57.27,0,12.01,5,6,4
"2914","TRINITY_DN65096_c0_g1",-1.18123010792743,-0.763308845164046,-3.29121357161822,0.0061927700706585,0.0337998868329908,-2.14101610758968,27.94,15.67,32.88,24.4,21.26,16.49,9.83,8.17,5.84,6.29
"2915","TRINITY_DN65119_c0_g1",-1.42680786918514,1.17518898569297,-5.80060909379483,7.44762441488115e-05,0.00180061309386552,1.89976751106336,108.02,79.78,83,96.58,114.16,37.66,22.32,55.93,24.08,37.2
"2916","TRINITY_DN6513_c2_g1",1.14513808476192,1.28402775189721,4.6318831375464,0.000531384362515087,0.00642987976321957,-0.0382099336980843,48.59,42.74,62.86,28.32,40.44,92.29,65.03,67.43,117.88,136.8
"2917","TRINITY_DN6516_c0_g1",1.28051572299792,4.25209599688578,11.14234391797,8.05445567038962e-08,3.79092620790133e-05,8.52599098203477,360.49,274.84,338,351,260,844.14,732.88,776.01,862.9,618
"2918","TRINITY_DN652_c0_g1",1.37439774384601,3.66879944138997,7.43365617174536,6.54590873831472e-06,0.000418375882475903,4.1025375526971,225.26,223.25,188.42,222.03,159.78,603.76,553.67,573.65,422.3,506.06
"2919","TRINITY_DN65249_c0_g1",-1.24224140400391,0.657505107989818,-7.11935237451269,1.01714816123936e-05,0.000542910998739461,3.78779046888234,64,61.27,69.77,58.71,64.32,23.84,19.61,28,25.5,26.12
"2920","TRINITY_DN6525_c0_g5",1.31038387045891,2.83173114696369,5.88242650388418,6.53681243145197e-05,0.00166265158237334,1.85897927670459,126,66,147,155,113,249,348,320,278,270
"2921","TRINITY_DN65252_c0_g1",2.18217593339324,-1.75189152952289,3.9976982710265,0.00166236849996898,0.014034556617943,-1.08505933373018,4,2,5,2,13,19,8,21,13,16
"2922","TRINITY_DN6527_c2_g1",-3.01587799760743,0.453942580506278,-9.17412763967808,7.02269918955477e-07,0.000128480952245513,5.93777451493197,136,85,103,72,111,21,16,10,7,7
"2923","TRINITY_DN6528_c0_g1",-2.26129697973875,1.28627223168857,-3.42116140760091,0.00485088788314837,0.0286326442858863,-2.16543149859952,229.81,260.44,110.16,82.81,102.68,110.84,1.1,36.63,54.07,20.46
"2924","TRINITY_DN6528_c0_g3",-2.48115969435776,-0.82709242252939,-3.39957731791871,0.00505146718531565,0.0294711285651891,-1.92747641175347,49,55,35,33,22,47,0,8,6,2
"2925","TRINITY_DN65329_c0_g1",2.1957448279871,-1.70618600122979,3.67102522519666,0.00304042221765105,0.0209617160581604,-1.5497944233786,4.46,1,11,10.45,3,15,11.44,13,17,21.45
"2926","TRINITY_DN6536_c0_g2",-1.86437229658208,-0.225687733902251,-6.48437936792152,2.5761082326528e-05,0.000953995084070282,2.78616192568012,58.73,31.52,48.52,31.2,51.06,15.73,6.34,13.1,9.34,7.23
"2927","TRINITY_DN6538_c0_g1",-1.54248553407408,2.39696371072756,-9.9969126498898,2.72558737241904e-07,7.76729504583547e-05,7.32863672588207,221,223,286,238,194.03,95.69,61,79.01,79,76
"2928","TRINITY_DN6539_c1_g2",2.12426527392081,2.96484309108339,11.8784401335047,3.88265326104217e-08,2.50219542005927e-05,9.22131916382516,95,110,122,74,91,402,289,399,554,504
"2929","TRINITY_DN6540_c1_g1",-1.12710970495444,-0.102376813108388,-3.62132644460753,0.00333543741015591,0.0223616946219073,-1.64591808081229,34.44,41.65,26.41,47.35,39.64,25.8,7.76,9.98,20.84,14.47
"2930","TRINITY_DN65410_c0_g1",-1.08956750379647,-0.516485266396536,-3.84860396330607,0.00218725269898457,0.0168351256449711,-1.21452569418684,40,25,30,25,21,18,7,11,13,7
"2931","TRINITY_DN65426_c0_g1",-2.45289552737141,-1.46268095487113,-5.02568285572076,0.000268391202063113,0.00404721917618039,0.381781784993085,36,18,23,13,29,7,2,2,2,4
"2932","TRINITY_DN6544_c0_g1",1.60159277283695,1.64957855853076,5.90241421974805,6.33268664737932e-05,0.00162920883166637,2.0287036182923,38,51,65,52,37,139,159,113,119,187
"2933","TRINITY_DN65453_c0_g1",-2.27341397502897,-0.45758277734588,-6.12513460573228,4.46372200980631e-05,0.00131441189223198,2.20694624553649,59.65,53.32,27.76,40.53,38.94,6.22,5.17,12.36,8.21,4.12
"2934","TRINITY_DN65486_c0_g1",-1.6262816569811,0.348121684627781,-4.373208284576,0.000841364302088333,0.00881633433781446,-0.379273872584971,80.3,70.41,27.36,51.12,83.57,17,16,18.68,15.03,18.05
"2935","TRINITY_DN65501_c0_g1",-1.84256440046632,-1.22868133949652,-3.4963872502906,0.00421280199788283,0.0261025128014483,-1.77181121372795,29,28,30,10,24,5,1,7,18,1
"2936","TRINITY_DN6551_c0_g1",-1.57743126937453,0.0930863200878103,-4.27251557360181,0.00100837005601568,0.00995450938664346,-0.52953574210381,66,48,50,25,72,17,5,23,30,7
"2937","TRINITY_DN6553_c2_g1",1.82319212782418,1.17198146422609,5.35910418074581,0.000153023446414608,0.00279200915968781,1.20267307939627,48.49,15.11,57.63,29.29,27.52,107.72,86.81,97.92,221.63,68.45
"2938","TRINITY_DN65535_c0_g1",3.58987753041368,-1.70079224671643,5.58437051183133,0.000105610415997065,0.00221726034615632,0.864787961669832,5,3,6,0,3,24,18,18,57,22
"2939","TRINITY_DN65628_c0_g1",-1.00707379981914,1.29059783867408,-4.92262409862436,0.000320281582613853,0.00454770656167713,0.458015309422392,104.06,88.14,82.05,70.03,107.12,38.01,38.02,63.1,36.02,43.01
"2940","TRINITY_DN6565_c6_g1",-1.80792854273218,0.359840617433293,-4.66130199744642,0.000504594029716573,0.00621584535790964,0.109938327563399,118,54,82,39,50,23,13,13,37,6
"2941","TRINITY_DN65669_c0_g1",-3.96918403353363,-0.913195207630368,-6.06205126239805,4.92509617212016e-05,0.00140008977462741,1.54597468750808,102,60,54,41,42,3,0,2,9,4
"2942","TRINITY_DN6567_c1_g1",1.2419403977155,7.18855259050916,6.83599185467081,1.52981845377637e-05,0.000687756545811002,2.91150200201223,1817.01,2561,2788,3434.94,2059.92,6397,4234,6605,5725,6327
"2943","TRINITY_DN6567_c3_g1",1.22686552326953,3.18989124698191,12.5112794341147,2.13668783873623e-08,1.6387738280695e-05,9.82576947324171,161.54,153.37,144.37,153.93,156.97,350.65,313.4,372.73,450.23,325.08
"2944","TRINITY_DN6577_c1_g1",-2.09821570607837,1.76867074564453,-3.35698387910432,0.00547226782348511,0.0310822567852573,-2.37262654463855,334.27,347.65,49.16,214.73,165.82,51.38,39.02,36.7,61.63,21.59
"2945","TRINITY_DN658_c2_g1",1.37684266571134,0.380673544064617,5.56556163865987,0.000108901957874913,0.00225126064865702,1.55730534268198,27.6,20.8,17.71,22.75,21.07,48.41,54.57,58.9,43.22,58.53
"2946","TRINITY_DN6582_c1_g1",-1.22957573412467,1.48912204395876,-5.64179736817328,9.61932417560583e-05,0.0021023768878846,1.62602681029287,147.47,112.48,83.47,100.8,120.41,59.55,47.37,30.99,62.34,33.84
"2947","TRINITY_DN65820_c0_g1",-3.41643179032933,-0.58676516133444,-8.02423913890404,2.95429252892307e-06,0.000266329738597471,3.97060548806291,78,52,69,41,47,3,6,2,4,8
"2948","TRINITY_DN65835_c0_g1",1.40452312213369,-0.608075890706914,3.10898323247,0.00872912172452439,0.0428361950322585,-2.46464040075856,5,13,16,9,21,41,14,39,21,22
"2949","TRINITY_DN65884_c0_g1",1.19604446910429,0.980812314870071,4.30656062126825,0.000948364357605056,0.00954741686584912,-0.568589666968173,23.28,46.38,25.38,56.87,34.42,89.88,75.83,66.19,76.09,66.9
"2950","TRINITY_DN6589_c1_g2",1.01274556581791,-1.00181900799882,3.26729611692964,0.00647790521754857,0.0348562340863949,-2.16414510726033,8,7,14,12,11,20,13,16,23,12
"2951","TRINITY_DN65902_c0_g1",-1.15527229159443,0.375575318663629,-4.0191565275636,0.00159827548750469,0.0136606755826459,-1.00232928875296,72,63,42,37,49,24,26,13,36,12
"2952","TRINITY_DN65954_c0_g1",1.52805916086814,-0.287479763161467,5.47574076984605,0.000126178287623784,0.00248042830162006,1.39136363433608,14.79,17.07,12.24,16.41,8.52,41.35,22.87,31.31,46.47,29.03
"2953","TRINITY_DN65962_c0_g1",-1.05314853897046,-0.729694610556826,-3.1819362061127,0.00760775106600756,0.0388991945434621,-2.33422049897581,29,14,25,18,36,9,7,13,8,11
"2954","TRINITY_DN65975_c0_g1",-2.67968438035904,-1.33914633502604,-5.84360857034924,6.95334032370287e-05,0.00172413647544886,1.39665544442793,29.02,22,39.83,17.02,30,7,1.02,4.07,2,2.01
"2955","TRINITY_DN65999_c0_g1",1.71200123784544,1.1754688976089,7.81164106253617,3.91526352784548e-06,0.000311801330117701,4.7153298900508,37,34,23.72,29,46,96.96,106,112,96.92,112.98
"2956","TRINITY_DN6606_c0_g1",1.23826805399144,0.31396208168759,4.64159392210699,0.000522381133868658,0.00635177235774493,0.0713492065171453,19,22.02,19,20,30.02,34.28,58.03,59.06,46,43.98
"2957","TRINITY_DN66069_c0_g1",-2.08687891782427,-1.26705546533411,-5.5773950166333,0.000106818735423112,0.00222999766208057,1.21452578715178,20,24,33,21,21,3,2,4,8,4
"2958","TRINITY_DN6607_c0_g5",-1.82560783432119,-0.0269954564531961,-4.18749608131164,0.00117600166588139,0.0110552216708737,-0.660873380850152,52.6,45.12,46.27,27.71,86.63,25.26,6.84,3.37,17.01,19.29
"2959","TRINITY_DN66079_c0_g1",-1.04911618239355,-0.752633666881916,-3.24226838847346,0.00679045796294726,0.0359635292496345,-2.22675383917669,31,31,18,21,19,13,5,6,16,8
"2960","TRINITY_DN66088_c0_g1",-1.54913410939589,-0.956983343725002,-3.68665944232486,0.00295323342383975,0.0205768757342674,-1.46213393293959,35.11,15.07,18,23,29.24,7,7.03,8,3.02,10
"2961","TRINITY_DN66091_c0_g1",-2.31848132062416,-0.725896927244823,-5.47389805293999,0.000126561529590643,0.00248542195057036,1.25454774627263,56.05,29.44,29.81,28.63,38.62,2.03,12.15,10.21,5.77,3.97
"2962","TRINITY_DN66108_c0_g1",1.18631943426479,0.240970483371595,5.12242961923569,0.000227655696933763,0.00362713948841127,0.862551689699886,26,24.96,27.23,16.88,14.44,52.86,32.88,41.64,48.8,46.82
"2963","TRINITY_DN6611_c0_g1",-4.15269165926793,-1.56809123267946,-3.73266417155722,0.00271119921807767,0.0194197434797164,-1.48983133963479,13.38,21,73,54.95,72,1,2.58,0,2,3
"2964","TRINITY_DN6616_c0_g1",1.12626750848886,4.57125524699306,11.3550907649354,6.49649646415647e-08,3.37364414820409e-05,8.72804705784764,406,417,470,389,389,1043,820,762,1077,839
"2965","TRINITY_DN66194_c0_g1",1.67894523907072,-0.752683052360618,3.10592826816364,0.00877953601794004,0.0430031645807,-2.44431909855798,4,12,5,22,15,16,39,34,32,14
"2966","TRINITY_DN6637_c1_g1",-1.2645696941942,4.11157988706505,-5.65214135253154,9.45931487269958e-05,0.00208752591298867,1.30199573131388,795,835,531,622,745,293,128,350,446,316
"2967","TRINITY_DN6645_c0_g2",1.56022664523329,1.32720530301814,3.89632149696545,0.00200290665902784,0.0158821227409758,-1.33989404563041,50.77,40.92,29.47,48.64,30.89,294.69,94.22,84,93.71,68.29
"2968","TRINITY_DN66451_c0_g1",-1.07433047475535,-0.257262916800599,-3.0847009034469,0.00913798080550238,0.0441587278016734,-2.56817203722642,35.88,57.02,28.98,23.64,24.13,12.88,21.21,10.49,11.84,13.14
"2969","TRINITY_DN66453_c0_g1",1.2872393295694,1.01652189317178,6.27709746980946,3.52999707294935e-05,0.00114444831940431,2.62530032471695,41,37,44,28,26,88,80,95,81,59
"2970","TRINITY_DN66523_c0_g1",-1.11521413952837,-0.409457141395385,-3.3302547843172,0.00575426995547774,0.0321732435394989,-2.1166092766581,24,34,39,17,41,22,11,9,11,9
"2971","TRINITY_DN66566_c0_g1",1.15399375440138,2.14276845440701,5.89224140333761,6.43572297533851e-05,0.00164541080550913,1.95681458990759,79.31,80.4,99.98,64.5,69.75,178.79,95.23,175.1,262.41,168.5
"2972","TRINITY_DN6661_c2_g1",1.5554747947757,-0.463617920200334,4.45965640772221,0.000720922650852102,0.00795840498514833,-0.19862583539871,14,17,13,13,6,43,16,30,42,25
"2973","TRINITY_DN6677_c4_g1",1.15725116608113,1.97933816192248,6.22702196911176,3.81248192168766e-05,0.00118817462049308,2.4961812153038,64.22,65.07,83,87.07,54.47,163.11,135.05,155.39,211.63,103.19
"2974","TRINITY_DN66807_c0_g1",-1.08817220379921,-0.258929524609936,-3.72038074730169,0.0027737675973035,0.0197188268555004,-1.45784599040395,32,36,29,22,48,9,19,13,18,10
"2975","TRINITY_DN66819_c0_g1",-1.87460926022223,-0.678456878046677,-6.16705804117425,4.18254456721393e-05,0.00126385355822447,2.23499630073955,31,24,35,29,43,5,5,10,8,8
"2976","TRINITY_DN66843_c0_g1",1.92659753235124,-1.4466348396586,3.24398852804047,0.00676849844337896,0.0358956646538712,-2.17528754493263,3,11,14,1,10,24,7,16,24,18
"2977","TRINITY_DN6687_c2_g1",-3.0897699895441,0.594940162236308,-8.46047678569476,1.68454319262797e-06,0.000192101379282232,5.24818309558722,115.61,140.8,143.24,92.4,101.7,19.28,2.08,22.67,21.45,5.96
"2978","TRINITY_DN66873_c0_g1",1.05562013283541,0.06228404164219,4.12874949030394,0.00130845637614615,0.0119251326727631,-0.78422462293374,17,16,26,22,19,37,36,44,31,38
"2979","TRINITY_DN66931_c0_g1",1.06882197746237,6.59292535738024,6.56329321295998,2.28846684536053e-05,0.000883709819068618,2.52779296127124,1477.81,1908.95,1608.91,2067.5,1677.5,4959.92,3698.34,2786.73,3762.2,3118.29
"2980","TRINITY_DN66968_c0_g1",2.28492424645847,-0.715167755579868,7.83126753720204,3.81393974935454e-06,0.000307862036619555,4.04454727584185,9,9,8,8,6,35,32,27,45,26
"2981","TRINITY_DN6698_c1_g1",1.25896851418263,2.04801154983745,7.64972377273797,4.86924448466625e-06,0.000352317046870924,4.52766730079676,67.44,68.04,85.21,72.73,61,168.5,138.03,144.55,255.17,133.82
"2982","TRINITY_DN66980_c0_g1",-2.92255429503369,-1.39277404970458,-4.09452623992125,0.00139262926491852,0.0124264805340939,-0.932710564868391,33.2,19.08,48.56,11,51.05,1,1,3.74,8,2
"2983","TRINITY_DN6704_c2_g1",-2.25703929406418,3.11120996914799,-13.6086673801365,8.04924073152161e-09,9.33206507415225e-06,10.7046744319393,546.41,554.1,513.94,383.38,459.39,96.11,115.01,101.36,143.23,62.08
"2984","TRINITY_DN6704_c3_g1",1.516050381902,0.966943591629143,5.00316153476322,0.000278926568299318,0.00414095479732754,0.630105427323241,20,22,63,35,31,93,68,116,102,53
"2985","TRINITY_DN67048_c0_g1",-2.07320965677554,-2.0148122790892,-4.9772731021856,0.000291573823923533,0.00427524407178233,0.13195537147063,13.96,14,13,14,14,3,1,2,2,3
"2986","TRINITY_DN67125_c0_g1",-2.9439405086627,-1.98362552392589,-3.25528564591956,0.00662604430770074,0.0353670435622918,-2.19596357486832,21.36,41.04,16.52,19.22,9.49,4.22,1.7,0,0,10.5
"2987","TRINITY_DN67183_c0_g1",2.00949419121302,-0.315892658090242,5.93374272014029,6.02616831607388e-05,0.00158117141611174,2.01825466463457,19,7,7,13,13,39,47,46,34,35
"2988","TRINITY_DN67190_c0_g1",-1.24575095969763,-0.640925648206539,-3.26452374477882,0.00651180111120266,0.0349971304823097,-2.19495072791816,36,24,41,17,24,16,2,10,19,7
"2989","TRINITY_DN67396_c0_g1",-1.39819414310243,-0.0384066217687229,-5.498713348304,0.000121501680392436,0.00242580026936489,1.4450220545842,39,30,45,39,62,16,10,12,17,15
"2990","TRINITY_DN6741_c0_g1",1.23363065242771,1.20844022620206,5.08894031358479,0.000240969409413533,0.00376853097812237,0.747672565122945,37.06,33.95,51.01,55.23,30.16,69.89,73.72,121.22,121.92,73.13
"2991","TRINITY_DN67413_c0_g1",1.64940754165425,-0.48861572993082,5.45399342617581,0.00013078012868088,0.00253086437331749,1.32690070212391,9,15,13,8,12,30,40,30,29,26
"2992","TRINITY_DN6751_c0_g1",-1.46633200461534,2.14257111324224,-5.77702821585085,7.73430207803829e-05,0.0018431400369782,1.78116433423964,197,200,142,140,309,94,38,58,90,67
"2993","TRINITY_DN67554_c0_g1",-2.71720556389108,-1.08739755303098,-4.03892956353987,0.00154146867018802,0.013327581965814,-0.944516406677017,43.33,31.79,18.45,23.91,65.34,9.21,0,5.43,7.6,3.05
"2994","TRINITY_DN67580_c0_g1",2.03413401550455,-2.08865685086918,3.63971177613619,0.00322303943079347,0.0218520583086287,-1.6530498657637,12.75,3.53,2.51,1.07,2.53,6.4,12.01,12.2,14.29,10.16
"2995","TRINITY_DN6762_c0_g4",-1.16177650088219,0.577653338533816,-4.31455286481905,0.000934821430981402,0.0094473247108688,-0.508816610273542,47.81,56.74,72.54,45.66,73.84,18.98,35.27,24.64,19.01,26.11
"2996","TRINITY_DN67628_c0_g1",-2.28739979346288,-2.1061359626761,-4.20634758262905,0.00113649803699257,0.0108131511485426,-0.873743662488597,16,12,15,13,15,1,0,2,9,3
"2997","TRINITY_DN67638_c0_g1",-3.50398364026381,-1.81669631013086,-7.19547180355314,9.13127276201475e-06,0.000507084874325818,2.40936892701988,34.51,21.15,33.36,17.43,25.44,2.01,0,1.02,3.11,1.02
"2998","TRINITY_DN6765_c0_g1",1.11812428567372,7.2011610177801,13.7645713702185,7.04654629045907e-09,8.7822868054564e-06,10.8983250013714,2405.52,2491.8,2588.77,2707.79,2794.4,6421.75,5277.92,5536.99,6106,4999.75
"2999","TRINITY_DN67656_c0_g1",-1.13050246362918,0.208206286540181,-3.87031856186483,0.00210129517558117,0.0164190529912311,-1.24519086694166,64.87,36.55,55.6,31.3,47.12,21.32,6.5,22.22,36.84,14.56
"3000","TRINITY_DN67666_c0_g1",1.11836799900039,-0.515155384572498,4.12363626920414,0.00132069104258598,0.0119940871594297,-0.752534959918954,12,11,20,12,12,22,17.01,25.68,30,30
"3001","TRINITY_DN6770_c0_g1",-1.36142309798574,2.08285140318927,-4.43556263262262,0.000752574169654628,0.00817393179089662,-0.490641649887108,227.06,203.5,116.84,228.81,133.35,80,95.87,66.46,75.47,31.55
"3002","TRINITY_DN67736_c0_g1",-2.30151640386458,-1.826284059429,-3.8852284470343,0.0020442882761596,0.0161179666979891,-1.27000082435244,16,21,17,12,20,0,3,6,4,3
"3003","TRINITY_DN67737_c0_g1",-1.31528825125617,-1.66755724082409,-3.03487789146163,0.0100378311130575,0.0471396818865846,-2.50389411307707,14.45,21.61,12.29,10.2,11.3,3.09,4.11,8.19,4.09,1.03
"3004","TRINITY_DN6781_c0_g1",1.3230669775137,0.148599450254449,3.1372666504229,0.00827593213125547,0.0412373857610674,-2.53407736190504,27,35,15,12,14,106.95,43,36,32,28
"3005","TRINITY_DN67826_c0_g1",-1.45816911016701,-0.566775839154045,-3.41860629204478,0.00487420505301494,0.0287430499772834,-1.93512393315092,32,34,21,19,55,18,4,4,12,14
"3006","TRINITY_DN6785_c0_g2",-1.09169296335626,3.28377712939306,-4.27354388240832,0.00100650122620911,0.00994393690650075,-0.993741424419273,288.78,276.23,328.05,334.64,750.51,204.62,143.12,191.58,212.48,120.33
"3007","TRINITY_DN67852_c0_g1",-1.66004044476127,-0.911248056778022,-3.20836643838131,0.00723819168348195,0.0376036706561923,-2.25421632069691,21.67,18,70.51,16.5,23.77,8.01,2,5,9,11
"3008","TRINITY_DN679_c0_g3",-1.04160010653102,3.97998834377228,-8.45349554079797,1.69947357194594e-06,0.000192992838228294,5.4460157543101,690.21,519.04,585.27,490.89,639.2,334.32,202.76,289.86,290.92,322.77
"3009","TRINITY_DN6793_c0_g1",1.65086987803883,3.13356027434919,5.14644781704544,0.000218583374402341,0.00352883321375644,0.596667678163859,122.75,205.17,75.97,166.66,107.59,348,329.09,378,345.54,694.63
"3010","TRINITY_DN67973_c0_g1",-1.33319925494961,-0.170707691764146,-3.29822945300941,0.00611155512353464,0.0335127759049157,-2.19572646007668,60,56,36,19,34.32,11,8,19,31,5
"3011","TRINITY_DN67986_c0_g1",-1.78704019334972,-1.80621574604276,-3.16912588826768,0.00779363347331344,0.039553701470538,-2.30061946248808,19.06,18.07,10,10.02,14.02,3.01,10.02,3,1,3
"3012","TRINITY_DN68018_c0_g1",1.60926003891819,-1.6508848008622,3.029886199048,0.0101327259345804,0.047448739181995,-2.51136731321976,7,2,9,10,4,7,14,17,19,10
"3013","TRINITY_DN6807_c0_g1",1.96967385489718,1.82233235214656,7.00132980122738,1.20410676986955e-05,0.000600884232215283,3.65235166811448,52.65,55.75,60.32,26.89,49.1,206.64,166.11,101.81,287.23,184.92
"3014","TRINITY_DN6807_c0_g2",-2.1672179239963,2.74924823290909,-10.8150989184642,1.12867728208872e-07,4.88909872817287e-05,8.18489032937893,398.04,289.46,504.21,256.47,441.89,89.59,47.76,92.16,106.82,76.05
"3015","TRINITY_DN6807_c0_g3",1.10858699691106,3.26379668355102,6.34945693120696,3.16028742298579e-05,0.00107790113088368,2.53680533340182,230.22,186.26,179.09,103.11,166.3,387.77,280.63,297.63,509.94,381.09
"3016","TRINITY_DN6808_c1_g1",1.82617655044688,5.03462259209624,9.06392283169528,8.01124376542399e-07,0.00013458871823937,6.13986270524256,540.04,552.52,398.86,344.72,438.93,1857.69,1443.18,1009.76,1873.73,1953.04
"3017","TRINITY_DN68115_c0_g1",-1.03959995815904,0.0595519630185603,-4.03746304431494,0.00154560958621216,0.0133564352056569,-0.940618563415951,52,27,39,37,48,18,9,18,19,24
"3018","TRINITY_DN6818_c4_g2",1.94572141676034,-0.64154881211801,5.82812520365836,7.12721303110228e-05,0.00175169308401685,1.80251985549152,10.5,10,5.25,8,13.68,32.29,15.55,33.29,50.65,27
"3019","TRINITY_DN68250_c0_g1",2.18137334092547,-1.52685095236655,3.10256487436205,0.00883537739166834,0.0431833401085139,-2.39835908261578,2.13,4.3,15.86,5.28,3.14,8.5,33.68,10.43,32.93,15.77
"3020","TRINITY_DN68261_c0_g1",1.16457087150608,-0.873782868022364,3.53351883753897,0.00392994658972609,0.024942027668697,-1.72339818168007,20.81,9.66,9.59,4.95,11,14.64,17,22.57,25.59,18.83
"3021","TRINITY_DN68345_c0_g1",1.77716186612488,-0.543443672686392,6.09475189652071,4.67995004489865e-05,0.00135408908640936,2.20160475132401,9,10,7,16,12,38,22,29,36,29
"3022","TRINITY_DN68563_c0_g1",-2.14778437578196,-0.928435612628998,-5.9575253501499,5.80395516517965e-05,0.00154723943978762,1.82756345584086,44,24,32,22,33,9,2,6,10,2
"3023","TRINITY_DN68565_c0_g1",-1.07978110402371,-0.576547190168679,-3.08343130323543,0.00915987755427922,0.0442016625412334,-2.51968650699849,41.38,21.36,34.5,18.57,22.92,18,3,8,17.37,11.28
"3024","TRINITY_DN6857_c0_g1",1.62262280640404,-0.281656080868789,3.72917157316064,0.00272884128549538,0.0195124676715148,-1.42778684329327,13.98,6.37,17,16.98,13.97,57.01,52,28,21.93,31.67
"3025","TRINITY_DN68642_c0_g1",1.56726705319385,-1.04193076463879,3.14613680817628,0.00813872080989179,0.0407819528128993,-2.35094295668044,4,7,20,3,20,19,20,14,32,18
"3026","TRINITY_DN6865_c0_g2",1.0753561781175,1.51959166136984,6.37985454326678,3.01741343389797e-05,0.00105266564629723,2.76001124347941,53.12,59.59,65.25,40.43,45.77,109.89,78.09,122.44,115.96,108.14
"3027","TRINITY_DN6873_c0_g2",-1.88382271325898,-0.834498744939772,-4.03156041135876,0.00156239270048398,0.0134617980119648,-0.901227213904323,24.91,48,32,12.99,39.92,4,6,4,11,8
"3028","TRINITY_DN68746_c0_g1",-2.91470471582073,-2.25954843764904,-4.70071151503483,0.000470892374601354,0.00591170928003055,-0.231310960980671,22.07,19.04,14.19,10.1,14.6,0,0,2.67,7.36,1.22
"3029","TRINITY_DN68758_c0_g1",-1.33978317888268,-1.21962525714657,-3.32772649525714,0.0057816931269348,0.0322658868031597,-2.04503835519144,20,16,20,28,13,11,5,4,7,3
"3030","TRINITY_DN6879_c0_g1",1.15405197571654,3.70130038558385,9.00116984918031,8.63981804649336e-07,0.000136736777483122,6.15878548794725,208,210,299,227,191,506,470,551.01,626.02,379
"3031","TRINITY_DN6881_c1_g1",-1.07899353572257,2.85713775279257,-4.81941503339539,0.00038285154505414,0.00510328825550375,0.0571999940410821,395.92,286.07,179.38,243.51,285.32,140.15,118.88,151.2,108.22,126.04
"3032","TRINITY_DN68826_c0_g1",-1.74581739923932,-1.29288189597194,-3.59489979920798,0.00350403733995902,0.0230914439535991,-1.6160357987997,29,15,18,14,34,7,1,2,16,4
"3033","TRINITY_DN68828_c0_g1",-2.42008895180897,-0.433841347789379,-3.29938146339352,0.00609832267640675,0.0334676002187258,-2.12199644148201,38.61,57.95,57.84,33.91,41.07,0,15.92,8.89,20.98,17.48
"3034","TRINITY_DN6884_c0_g1",-1.50869240963115,-0.165440667725668,-4.2133638529047,0.00112214786200106,0.0107375119701226,-0.61385332637428,36,42,52,43,30,17,5,23,8,14
"3035","TRINITY_DN6885_c1_g1",2.52270501470744,-0.491710619017887,4.68815589594161,0.000481367214476293,0.00600841255465364,0.141341961621946,22.24,8.69,10.36,3.14,5.26,29.1,59.88,22.32,59.79,57.59
"3036","TRINITY_DN6889_c1_g4",1.53705511832397,0.744563382570309,3.26128243910549,0.00655165703583026,0.0351015323167379,-2.39840654874343,15.08,31.51,21.35,39.02,30.97,85.62,139.5,72.42,34.67,67.71
"3037","TRINITY_DN68906_c0_g1",1.05385911234889,0.971510629396976,6.45432941890138,2.69550649645941e-05,0.000980966528379418,2.8839493792218,43,33,39,26,42,71,69,70,78,68
"3038","TRINITY_DN68935_c0_g1",-1.1119635031441,2.17946597328369,-3.30361650625024,0.00604992528832617,0.033296433072369,-2.58530571187775,234.02,161.8,277.77,67.88,206.9,91.49,46.18,83.38,135.09,56.84
"3039","TRINITY_DN68942_c0_g1",-1.7501295637067,-0.994114784917619,-3.46728075452012,0.00444892493424518,0.0270940941542786,-1.82023382342532,41.03,27.95,29.82,11.02,22.11,2,5,3.02,11.15,15.13
"3040","TRINITY_DN68950_c0_g1",-4.58564194928705,-2.62630312035483,-10.1449515350006,2.31394830101618e-07,7.07713280064783e-05,4.24463396085811,19.02,20.04,28.03,16.03,25.03,0,0,1,1,0
"3041","TRINITY_DN68996_c0_g1",1.15170235411828,0.00616338010658259,4.36451370842645,0.000854582037068521,0.00890168790095633,-0.376603712013524,14.01,18.01,22.71,13.07,27.02,36,24.99,39.01,63.47,27.06
"3042","TRINITY_DN69147_c0_g1",1.31580567553337,-0.621366140016337,3.44529732664476,0.00463613216880679,0.0278224407026261,-1.88939944856237,22.81,10.31,8.99,5.77,14.46,30.83,39.08,22.66,24.26,14
"3043","TRINITY_DN6916_c0_g2",-1.19136111002136,2.14344921813545,-4.86641164879173,0.000352910429525009,0.00483076431716372,0.253698855450083,180,193.54,205.87,95.45,220.7,103.05,37.43,89.01,96.68,62.15
"3044","TRINITY_DN69276_c0_g1",-1.17604863267537,-1.32714888205497,-3.11593706090567,0.00861544514832192,0.0423929570453669,-2.38818911568259,19,13,14,15,20,5,4,5,4,13
"3045","TRINITY_DN69312_c0_g1",-1.69758829475045,-1.88351768420875,-4.23507184157278,0.00107892410497572,0.0104624787794893,-0.750367390350989,14,11,11,12,20,3,2,3,3,3
"3046","TRINITY_DN6932_c0_g3",1.31887304896929,-0.458626014618417,3.12731463674296,0.0084326414264121,0.0417695447095684,-2.45707552421239,5.8,16,30,10,14,22,32.44,32.88,37.82,18
"3047","TRINITY_DN69341_c0_g1",-2.26022183170907,0.11105469855582,-7.90303219661157,3.46659873882802e-06,0.000293979468359577,4.57413024471429,54.1,49.91,83.88,48.16,81,9.62,9.98,17.2,11.46,9.3
"3048","TRINITY_DN69364_c0_g1",-1.43656384415517,1.07844105043023,-4.75146983040208,0.000430908766208602,0.00554806165335678,0.196779952757486,112.94,78.96,112.6,54.6,110.68,22.8,21.63,46.85,70.45,16.15
"3049","TRINITY_DN69625_c0_g1",-3.09757059991891,-1.85480465338788,-4.31071727078936,0.000941295701433837,0.0094997594171196,-0.707934649423294,25,26,13,12,47,4,0,1,6,1
"3050","TRINITY_DN69630_c0_g1",-4.71151716713676,-1.77995351265177,-7.24669742275443,8.49533384573002e-06,0.000485129299210972,2.50503369529239,66.72,42.93,40.41,20.93,38.73,0,0,3.09,1.06,1.05
"3051","TRINITY_DN6967_c0_g1",1.37460700273474,1.17121908786683,4.5972233356978,0.000564858299770825,0.00675217972965298,-0.0810404039361661,35.5,30,36,48.7,38,132.45,137.38,70,74.66,70
"3052","TRINITY_DN6967_c2_g1",2.03527596154728,-1.44965254458866,5.75948072658374,7.9551706872744e-05,0.00187778941416994,1.38059927248965,6.2,4.1,3.33,6.09,6,19.99,11.34,21.68,21.99,13.26
"3053","TRINITY_DN6970_c0_g5",-1.42882869008484,-1.4357553564671,-3.72819641268488,0.0027337880215018,0.0195282324453259,-1.40802629744144,17.14,18.2,20.95,10.07,18.32,2.16,4.71,7.86,8,2.09
"3054","TRINITY_DN6974_c0_g2",1.14963730872078,4.28511801834009,3.53608367965471,0.00391113639518045,0.0248416209337407,-2.53123378310675,393.33,384.13,719.91,147.91,262.9,791.43,530.9,509.26,1375.02,785.5
"3055","TRINITY_DN69744_c0_g1",-1.1188291734814,0.554485884518561,-5.31135701759184,0.000165687698172706,0.00292597549309384,1.15501405968148,56,56,80,47,52,26,14,24,35,23
"3056","TRINITY_DN69753_c0_g1",1.05163105590126,1.14107722823731,3.88371755133188,0.00204999207537078,0.0161501667088273,-1.34555951479865,60.81,30.72,34.08,53.13,33.4,91.39,40.94,94.08,91.49,98.38
"3057","TRINITY_DN69770_c0_g1",1.80142904535018,0.105100221913538,5.46453964683892,0.000128526844462142,0.00250900805223433,1.39663750695103,11.21,14.84,9.84,20,31,40.68,51.94,39.87,76.73,44.93
"3058","TRINITY_DN6978_c2_g1",-1.2120135405604,4.72299953514324,-5.78872703884072,7.5906496908937e-05,0.0018219386569096,1.44939482288004,1396.52,1131.38,732.33,993.88,1106.1,464.02,274.09,447.67,811.74,366.85
"3059","TRINITY_DN6979_c0_g1",1.01081618682946,2.81436592947407,6.31202139429997,3.34615055303804e-05,0.00111358907557146,2.53410912996743,121.5,113.68,108.87,153.53,152,236,182,304.44,346.17,237.42
"3060","TRINITY_DN6980_c0_g1",-1.0847596183449,2.66091605775542,-3.20248564610754,0.00731882718415006,0.0379148263536922,-2.86657883581635,328.37,195.37,165.57,189.48,354.29,109.37,49,184.55,87,193.33
"3061","TRINITY_DN69832_c0_g1",-1.07137139364004,-0.0238118394786068,-4.18341618805244,0.0011847363792792,0.0111071971683994,-0.681492566958737,61.75,36.99,35.62,26.79,36.07,14,12.7,16.92,26.95,11.08
"3062","TRINITY_DN699_c6_g1",-3.77224452438656,-2.1849139648908,-7.05702207581582,1.11170261358347e-05,0.00057253833052662,2.27056962672797,31,20,23,18,20,1,0,1,7,0
"3063","TRINITY_DN69912_c0_g1",-1.25656125287348,-1.39729640979061,-3.81875389951293,0.00231133876557363,0.0174613079982031,-1.25990858589577,20.49,16.19,14.13,12.36,16.98,4.29,2.1,6.51,5.27,7.48
"3064","TRINITY_DN6992_c0_g1",1.04133957021452,5.92016253900338,8.71487272955998,1.22570881884386e-06,0.000164254873333556,5.62447277429486,1127,1164.14,926,1049,1227.99,2470,1688,2241,2292,2489
"3065","TRINITY_DN69982_c0_g1",-1.52886128680039,-1.59075615423375,-4.08578354230764,0.0014150149137704,0.0125677424721532,-0.886844831980842,17,17,14,14,16,2,3,5,9,2
"3066","TRINITY_DN70024_c0_g1",-1.35496692433653,-1.34885253706587,-3.66476898126494,0.0030760443135658,0.021151729264027,-1.5021446489382,12.02,17.36,20.31,14.57,23.97,8.59,3.71,4.74,6.88,2.5
"3067","TRINITY_DN7008_c4_g1",-2.04558002132821,0.668156189851499,-8.89702399461666,9.802356303268e-07,0.000146048886799922,5.86827891392029,95.85,105.71,94.5,60.96,72.22,22,15.44,22,20.34,13
"3068","TRINITY_DN7017_c0_g1",1.24597502595204,5.06304021352383,3.18016161878022,0.00763323288551734,0.0389777280591719,-3.30595465106723,1265.49,580.69,433.54,432.99,394.78,3274.68,740.34,1397.23,1508.3,755.62
"3069","TRINITY_DN70211_c0_g1",1.10810092919288,-0.0951817127554059,3.49483861528184,0.00422503853369686,0.0261490808218981,-1.87266699184517,11,18,23,14,25,24,43,43,41,23
"3070","TRINITY_DN7023_c0_g4",1.45178143674105,0.734432550936373,5.49598860383391,0.000122046706236197,0.0024309082121977,1.4423597064635,31,18.99,36,17,38,71,65.94,85.93,55,75
"3071","TRINITY_DN70241_c0_g1",-1.43926038729062,-1.20326166734452,-3.72842966117171,0.00273260397870876,0.0195246603146409,-1.39619558644199,26,24,23,17,12,8,2,7,8,4
"3072","TRINITY_DN7034_c0_g1",1.07087034067679,3.32978488986128,9.99146820015252,2.74214977647693e-07,7.76729504583547e-05,7.33252401608581,199.37,179.56,167.3,159.07,188.5,408.6,345.08,320.71,458.36,358.59
"3073","TRINITY_DN70341_c0_g1",-1.35713604452545,-1.17806922911117,-3.09897039437442,0.00889544854883316,0.043362158649162,-2.42095663340382,22,25,26,9.09,21.16,9,2,3,16,5
"3074","TRINITY_DN70396_c0_g1",-1.66447841593683,0.483358138131769,-5.06700485846595,0.000250129986975305,0.00387468858488815,0.768429529965979,53,98,80,60,48,21,27,22,17,10
"3075","TRINITY_DN7044_c0_g1",-1.67892541451903,0.00334471087038359,-4.75860422872649,0.000425579340033131,0.0055035023779553,0.284140834842181,48,50,48,29,76,11,10,15,33,5
"3076","TRINITY_DN705_c0_g1",-1.56923480395745,6.12893902092622,-18.8043939149648,1.74130163491431e-10,9.64545671170921e-07,14.6039167473731,3112.17,2721.39,3652.75,2985.98,3271.1,1120.92,1059.28,1068,1115.57,860.67
"3077","TRINITY_DN705_c0_g2",-1.2715872897985,8.69443832303502,-13.637927416312,7.84994393582739e-09,9.31769654840007e-06,10.7431663646341,16974.2,12228.84,19006.37,16510.82,18331.09,7086.13,6996.38,6763.66,7619.26,6026.19
"3078","TRINITY_DN7053_c1_g1",-1.56808205907141,-0.47410067291135,-4.65895742952974,0.000506676593307467,0.0062341295224791,0.119946233629383,22,37,36,29,45,6,11,12,10,9
"3079","TRINITY_DN7054_c0_g1",2.31900877077499,-0.614636465327191,4.89086754873404,0.000338307478876854,0.00471238970227656,0.441808325414891,4.89,6.51,15.95,4.24,19.32,52.61,43.76,31.38,28.07,30.07
"3080","TRINITY_DN7057_c5_g1",-1.41592224464541,1.07050060185462,-7.07044470759041,1.09057875296141e-05,0.000566930370921638,3.74634045003384,100.93,91.81,90.76,91.18,75.07,28.58,31.58,42.73,38.3,19.33
"3081","TRINITY_DN7068_c0_g1",1.15153846631193,7.07296849385615,16.9300225474516,6.11484830622964e-10,2.02008719409251e-06,13.3749066827627,2662,2300,2169,2193,2457,5372,4629,5313,5918,5029
"3082","TRINITY_DN7069_c1_g7",1.21677713797703,1.82872383496235,4.43521436475207,0.000753042116559096,0.00817393179089662,-0.45748397570204,62.31,34.43,64.84,72.07,83.24,168.76,195.13,140.01,129.1,87.09
"3083","TRINITY_DN7069_c3_g1",-1.15621745702931,3.02538151275133,-8.74070367285732,1.1872229954283e-06,0.000162327150134772,5.88463843858155,355.9,325.18,311.87,229.72,352.45,159.68,100.83,139.43,190.35,120.66
"3084","TRINITY_DN707_c3_g1",1.36516750597584,2.40780191959887,7.17642940536249,9.38042009951454e-06,0.000515886411396309,3.86073621895497,65.45,96.82,98.33,77.17,98.02,165.51,202.05,281.3,265.5,202.21
"3085","TRINITY_DN7080_c0_g5",1.06208812673307,1.67363970036149,5.82542427048455,7.15801049539133e-05,0.00175536179219402,1.89813994264727,57,52,46,74,66,128,126,106,126,104
"3086","TRINITY_DN7083_c0_g1",2.61588307326819,-0.731408823508086,3.22273385264744,0.00704492765250108,0.0369112746463622,-2.22302975686642,23,17,0,3,20.68,34.05,20,22,78.87,47.58
"3087","TRINITY_DN7092_c0_g1",1.38244395692017,2.93341530578189,7.47272378151661,6.20227137362657e-06,0.000406805072811896,4.23258686785052,150.08,74,119.06,149,138,253.03,289,354.01,417.67,301.42
"3088","TRINITY_DN7100_c0_g2",-2.90303420471499,-0.824164234395384,-4.28776665040863,0.000981017642792889,0.00977425350554417,-0.537997021355394,36.58,46.4,37.42,35.32,56.43,0,2.92,9.01,23.91,4.28
"3089","TRINITY_DN7111_c0_g2",1.17588810712264,0.319400746169301,4.65869692693913,0.000506908536908374,0.00623511258092602,0.0991783593658564,28.81,16.53,17.05,21.15,31.86,44.05,49.58,55.54,40.23,45.33
"3090","TRINITY_DN71127_c0_g1",-3.51745194810218,-2.08515972851713,-5.07528174350753,0.000246631310901061,0.00383270284985991,0.258957805927114,26,33,16,25,14,3,1,0,5,0
"3091","TRINITY_DN71135_c0_g1",-1.45499344115802,-1.42514288006366,-3.60959167061004,0.00340925945195423,0.0226736674837613,-1.59397887029061,34,16,14,12,14,6,3,6,5,3
"3092","TRINITY_DN7118_c3_g1",-1.66122824685111,3.56237935122095,-10.2308378124064,2.10610682376709e-07,6.7304963772603e-05,7.59201015872174,597.71,541.8,607.21,360.62,641.8,129.55,170.67,183.7,217.19,165.91
"3093","TRINITY_DN7118_c3_g3",-3.34073085582947,0.437035431097365,-7.5626144748462,5.48244033586218e-06,0.000376859350691441,4.1529603304758,151.33,104.46,99.33,63.51,178,5,7.82,11.95,24.32,5.42
"3094","TRINITY_DN7118_c3_g4",-1.37020679967887,1.36645337010757,-6.80119316226108,1.60961175838219e-05,0.000708394462734735,3.37779057586634,98,109,118,76,144,33,42,35,46,43
"3095","TRINITY_DN7118_c4_g1",-1.83938609250333,0.132597086428251,-4.98953027189848,0.000285512665379296,0.00421114287193906,0.654661220376247,59,68,47,26,94,10,10,20,18,11
"3096","TRINITY_DN7118_c4_g2",-2.76217167182769,-1.26952080895072,-4.24067103720841,0.00106805716250649,0.0103892037778502,-0.675456759999734,31.99,27.45,41.2,15.96,33.46,9.77,7.5,0,5.21,2.07
"3097","TRINITY_DN7141_c0_g1",1.09293364927393,0.898741675533792,6.64016851699167,2.04081178836046e-05,0.000821814136390421,3.14851887407529,38.68,31.63,31.52,32.71,37.14,79.16,56.17,62.39,94.08,54.7
"3098","TRINITY_DN7146_c3_g1",1.89785860522558,1.37684437523385,4.6568252715382,0.00050857825755381,0.0062494828380158,0.0088696375065167,42.72,31,30,46,32.24,305.46,107.23,88.36,87.91,133.76
"3099","TRINITY_DN7157_c0_g1",-1.0140897349724,2.03466413287419,-5.49293986162924,0.000122659590860556,0.00243720549349194,1.32393584214147,168.47,145.66,161.27,129.01,153.75,86.85,48.13,49.72,133.32,67.5
"3100","TRINITY_DN718_c4_g1",-3.49579778048509,-2.5195361475221,-6.67593827599374,1.93542050307376e-05,0.000792822665075894,1.87909099951601,19,15,20,14,13,2,1,1,0,0
"3101","TRINITY_DN71854_c0_g1",-1.47077016942487,-0.496775772830843,-4.97070330031645,0.000294877854341848,0.00430092032548395,0.607518727621994,44,27,31,31,26,13,9,11,7,9
"3102","TRINITY_DN719_c0_g2",-1.29198515462327,1.68130347970669,-4.48872650438599,0.000684565307995756,0.00767775799764059,-0.337180968991971,116.91,101.33,86.29,163.74,218.25,61.44,53.01,40.24,54.67,46.32
"3103","TRINITY_DN7191_c0_g1",-2.65091794765438,1.10647275694776,-5.45331249333146,0.000130927035827466,0.00253181354623019,1.37064466576321,234.91,100.19,123.78,59.79,270.61,31.95,21.13,16.5,15.75,21.01
"3104","TRINITY_DN7200_c0_g1",-2.06947818916345,2.11034735153143,-6.45065756940363,2.71049305742918e-05,0.000982021877848958,2.8414479055076,227,189,185,348,229,114,39,25,75,43
"3105","TRINITY_DN7201_c0_g1",-1.43604333382467,3.20696082126158,-5.22652613667449,0.000190977803524522,0.00322302519942721,0.720628162318714,414,400,408,313,464,126,88,150,419,78
"3106","TRINITY_DN7203_c0_g3",1.80659148570384,0.567475859180121,4.64374033856332,0.000520412636078689,0.00633436858405093,0.0629676655278271,23,21,23,25,18,53,64,68,183.02,34
"3107","TRINITY_DN7207_c0_g1",-1.91491792980662,3.48493544114677,-4.20240780315002,0.00114463899827804,0.0108651348022001,-1.12674397600593,1057.88,748.79,407.69,320.53,587.6,105.66,51.69,182.28,532.34,112.68
"3108","TRINITY_DN7207_c0_g3",-1.47293725391894,2.93238703708708,-3.08922039868959,0.00906045737671061,0.0439302646956967,-3.11259503218611,291.03,318.79,413.05,218.68,495.63,120.14,17.89,169.84,397.98,118.67
"3109","TRINITY_DN7207_c0_g4",-1.4684687674903,2.08075237821409,-4.12050802787962,0.00132823430335676,0.012043736763413,-1.0530983441361,214.17,139.41,203.76,114.3,295.33,70.71,28.12,38.59,192.09,62.05
"3110","TRINITY_DN7208_c0_g1",-1.43639574109624,2.19358974000526,-4.54254140697773,0.000622201126966527,0.00721345654314316,-0.316679604365333,336.01,146.19,179.29,158.56,184,43,103.39,39,110,89
"3111","TRINITY_DN72093_c0_g1",-1.25232978552237,0.941873907863685,-6.12044473874219,4.49639746993485e-05,0.00132091280535452,2.39419693940622,82.83,55.87,92.01,61.12,104.24,26.52,24.96,31.61,39.79,29.56
"3112","TRINITY_DN721_c11_g1",1.66264575989239,-1.28319267218104,3.92605269471965,0.0018961874073967,0.0153072029989562,-1.0893495878653,4.26,5.69,15.52,7.48,5.52,15.73,17.07,20.12,23.64,10.28
"3113","TRINITY_DN7211_c0_g1",1.34749461422609,1.60664656108096,3.56214897331524,0.00372509373023053,0.0240771551579389,-1.99947240664,71,44,39,51.51,52,85.7,93.87,66.61,260.89,203
"3114","TRINITY_DN72150_c0_g1",1.50711947117064,-1.82946234313719,3.19167417388095,0.00746943412745806,0.0384564390742711,-2.26452071294102,8,11,4,2,3,12,13,12,12,6
"3115","TRINITY_DN7252_c0_g2",-1.9723231892524,-0.825214359909687,-3.02159340626405,0.0102923596170692,0.047935818758385,-2.56451368050545,11.36,50.79,25.38,33.32,47.9,16.14,4.58,3.06,3.88,8.32
"3116","TRINITY_DN7256_c1_g1",-2.68345044499032,0.552595476558678,-3.03678679470073,0.0100017767428959,0.0470217442440203,-2.70611307771853,23,169,148,184,106,26,5,5,52,7
"3117","TRINITY_DN72563_c0_g1",2.52693332629526,-1.13259621032818,4.06320472036231,0.00147456086804789,0.0129193818901215,-0.893198949177789,4.82,2.25,21.86,11.61,2.69,15.93,17.16,32.47,40.94,31.73
"3118","TRINITY_DN72596_c0_g1",1.33791682030941,-1.40691402932518,3.46352767680762,0.00448033395029031,0.0272288295043061,-1.82381843083761,4,13,6,7,7,15,9,13,18,14
"3119","TRINITY_DN72634_c0_g1",2.86191784082489,-1.48433022158064,4.03727731030885,0.00154613484839624,0.0133586586823393,-1.02269266179818,8,2,4,1,11,19,10,49,43,15
"3120","TRINITY_DN7265_c0_g1",2.29974090345644,1.07670920900245,6.99433594189694,1.21627546303985e-05,0.000602829742556648,3.63683091085519,16,24.66,25.99,24,46.96,104.98,128.72,124.98,205.41,66.09
"3121","TRINITY_DN7270_c10_g1",2.78032429710222,-2.07724263063021,3.68356955564948,0.00297026029249293,0.020660860382538,-1.58613349941368,4.32,9.42,11.7,0,0,10.6,12.39,13.09,27.58,11.71
"3122","TRINITY_DN7270_c4_g1",-1.13097744092249,-0.552340525708444,-3.72568435987846,0.00274657329351643,0.0195886864666201,-1.41937218473151,21.93,23.25,36.49,30.1,28.76,10.96,5.42,9.58,21.63,7.4
"3123","TRINITY_DN7270_c8_g1",2.55517273933011,-0.987048263637459,6.42582735897589,2.81418237166504e-05,0.000999967453846168,2.31701570133717,6,8.3,4,7.48,5.3,28.69,22.69,19.03,47.89,33.66
"3124","TRINITY_DN72746_c0_g1",-1.66198067132975,-1.25158149820676,-4.06692834728425,0.00146456563991372,0.0128671752912286,-0.869221120579582,25,14,29,11,29,3,3,6,7,6
"3125","TRINITY_DN72772_c0_g1",1.88249523217147,-1.5389677053352,3.89069532429347,0.0020237859859117,0.0160018719675901,-1.18409641328812,10,3,8,2,6,23,15,16,11,16
"3126","TRINITY_DN728_c8_g1",-1.6348982429451,0.317776009919349,-5.97736514323506,5.62520324067955e-05,0.00152872862188998,2.17255688398046,74.81,52.77,56.55,39.08,72.9,19.79,8.71,10.09,29.25,21.88
"3127","TRINITY_DN72816_c0_g1",1.97777865593497,-1.73481398063223,3.13597409248979,0.00829611925576785,0.0412966982783619,-2.3500647081788,8,7,4.4,10.42,0,20.53,9.31,14.77,14.21,10.01
"3128","TRINITY_DN72817_c0_g1",-1.54256716223888,-1.24324221401106,-4.14663315125806,0.00126657763903311,0.0116263478252104,-0.741677180795728,14.69,16.78,23.91,24.14,20.12,4.32,5.12,3.31,6.67,5.9
"3129","TRINITY_DN729_c1_g1",1.5658619015002,-0.782994196208003,3.04141838709181,0.00991483411528171,0.0467340041024485,-2.55168326362496,6.87,7.61,13.82,14.17,8.46,10.09,32.45,47.63,25,19.77
"3130","TRINITY_DN7301_c0_g1",1.25388491875384,2.34852456766705,6.85511131633735,1.48777473375716e-05,0.000678591343110667,3.40371053422235,121.71,80.02,65,80.97,87.15,190.01,224.9,183.01,208.91,213.01
"3131","TRINITY_DN73012_c0_g1",1.90426454582832,-0.96624526711163,3.67260583002297,0.00303148932561143,0.020930091555396,-1.48428462595855,4.1,5.45,11.79,13.87,7.84,29.27,16.43,18.8,17.29,45.54
"3132","TRINITY_DN7302_c0_g2",1.0653245700339,0.401972463739602,3.69983542831947,0.00288173868523713,0.0202542392041628,-1.57265955293353,37.9,16.6,18.55,30,26,64.2,54.63,50.63,47.23,27.21
"3133","TRINITY_DN73295_c0_g1",1.46224662006348,-1.46526033850397,3.45899914720793,0.00451853234022282,0.0273742122684564,-1.83328122776086,5.09,9.37,9.83,4.1,4.66,10.18,17.83,11.82,14.61,17.62
"3134","TRINITY_DN7335_c1_g1",1.59546014475344,0.169551746827705,3.61745294371399,0.00335962322018708,0.0224657006455324,-1.67985905870238,15.7,12.47,21.91,20.4,21.33,102.12,14.44,40.43,85.31,43.83
"3135","TRINITY_DN734_c0_g1",1.04117323758148,5.6773514940983,11.934446124463,3.67876638659385e-08,2.44546709436231e-05,9.25761045322837,976,834,887,912,1008,2055,1783,2077,1967,1528
"3136","TRINITY_DN7345_c1_g1",-1.49279004895338,1.19270626656515,-5.32910695411248,0.000160855830147082,0.00287940599652512,1.14939411367074,99,90,112.01,90,108.01,14,32,30,65,44
"3137","TRINITY_DN7345_c1_g2",-1.71093040614734,1.73823374561498,-5.6323134039761,9.76853622304285e-05,0.00212288943473128,1.59615656166239,140,134,209.01,116,199,20,37,43,98,61
"3138","TRINITY_DN73503_c0_g1",-1.18038221041967,0.0403229796180664,-4.11044796693026,0.00135279536542404,0.0121943725862505,-0.810103003643167,61.21,36.57,29.24,45.54,40.33,19.08,11.03,10.23,28.94,14.2
"3139","TRINITY_DN73597_c0_g1",1.9885096091908,-1.84510132351906,3.05304637260091,0.00969986900977341,0.0460803859104473,-2.48181147716043,14,0.99,3.09,2.02,9.07,18.89,13.25,16.29,15,5.05
"3140","TRINITY_DN7360_c0_g1",-1.01757324601655,5.42760998908815,-4.94014039644368,0.000310771239062124,0.00445709970683661,-0.0896894430814603,1558.58,1419.58,2370.66,945.32,2045.72,704.64,533.07,1058.61,847.84,840.9
"3141","TRINITY_DN7364_c0_g2",1.16681230387139,-0.965035469356093,3.49274300108441,0.00424165452537864,0.0262031230549816,-1.7865022062067,10.17,10.95,7.27,7.63,11.88,20.36,17.18,25.92,13.23,15.9
"3142","TRINITY_DN73673_c0_g1",-1.28279195666669,-0.696816585672347,-3.59120734383006,0.00352827689476101,0.0231807048015973,-1.63598080462505,19,24,31,26,29,9,9,11,5,13
"3143","TRINITY_DN7369_c0_g3",-1.98260299137807,0.510035006237124,-7.90112468835265,3.47538139157645e-06,0.000293979468359577,4.72109630378094,74,82.02,106.48,45.24,73.18,15.99,16.48,16.42,19.77,15.12
"3144","TRINITY_DN737_c0_g1",-1.45514938264007,7.58349125175563,-3.66157622060414,0.00309438731721968,0.0212485524690569,-2.61089595936016,9861.3,6985.02,8315.02,6375.08,9905.38,4011.28,671.87,3169.19,6111.32,4311.91
"3145","TRINITY_DN7377_c0_g1",-1.51513143995913,2.09532936629907,-10.0729628470981,2.50511237349876e-07,7.43377185452582e-05,7.3842399826157,227.96,187.3,154.9,167.06,200.35,67.76,52.9,64.1,78.55,54.87
"3146","TRINITY_DN738_c0_g1",1.47519480177275,0.734902201070079,3.06838740567128,0.00942336891292895,0.0451064052247957,-2.74611759964191,48.66,13.69,40.91,23.76,21.41,187.49,59.1,90.51,51.99,30.66
"3147","TRINITY_DN74103_c0_g1",1.23409680070061,-1.16945822333908,3.14739721353447,0.00811940976984962,0.0407167752873095,-2.3459655917316,11,3,17,7,9,14,14,18,21,13.93
"3148","TRINITY_DN7412_c0_g3",2.2114864042927,-1.8646209350334,3.14267878379019,0.00819193911021905,0.0409656410815916,-2.35415580811934,12.51,1.59,5.06,3.32,1.63,12.55,17.26,24.69,7.9,12.59
"3149","TRINITY_DN7441_c0_g1",-1.55429099156656,1.20331261572746,-5.81733367223985,7.25110674743115e-05,0.00176670886936007,1.92580903749432,82.8,89.85,101.76,112.96,139.63,36.79,14.01,26.58,56.74,41.63
"3150","TRINITY_DN74638_c0_g1",1.88319822263429,-0.858972648635405,4.41103505464826,0.000786280162150454,0.00840020411289386,-0.299756240328257,4.64,10.57,12.81,13.26,5.49,17.95,22.24,34.29,30.12,23.04
"3151","TRINITY_DN74639_c0_g1",1.37732733942637,0.394226639144083,4.43535028898541,0.000752859447292792,0.00817393179089662,-0.282155491352963,19,16,27,24,27,69,71,30,72,37
"3152","TRINITY_DN74644_c0_g1",-1.2508938387365,-0.519736205250897,-3.51160887494786,0.00409442759809696,0.0255885043309424,-1.78651591844875,56,17,30,23,30,12,8,6,16,11
"3153","TRINITY_DN74658_c0_g1",-1.0746039015726,3.30552072304558,-7.40135291837556,6.84535417075203e-06,0.000428720403862438,4.09245733160414,491,313,353,283,443,167,143,198,232,149
"3154","TRINITY_DN74716_c0_g1",1.53612533615571,0.0486103437221999,6.29139574203494,3.45346764901924e-05,0.00113043810050267,2.6015732059954,18,11,24,15,18,43,37,40.37,70,33
"3155","TRINITY_DN7478_c0_g1",-1.53480282470576,1.39798435079778,-5.62676574126836,9.85694641246334e-05,0.00213129236416521,1.61338028149854,106.28,97,108.14,119.62,157.45,36.03,20.02,25.2,55.02,71.28
"3156","TRINITY_DN74830_c0_g1",1.67721201445678,-1.08403095469201,4.12774974450802,0.00131083928525853,0.0119424837149111,-0.756415830817804,7,5,5,13,11,25,13,15,39,14
"3157","TRINITY_DN74839_c0_g1",1.16515775015822,1.34653746242342,4.1218724794203,0.00132493869088926,0.0120183294164679,-0.945412380788199,35,35.62,36,78.28,53.21,94.89,121.68,75.62,92.72,104.62
"3158","TRINITY_DN7488_c2_g2",-1.93627046318806,1.6541371204772,-7.26699377751116,8.25654762638941e-06,0.00047585600770695,4.02153313620349,197.68,119.09,110.17,168.59,222.12,45,33.24,32.62,39.53,50.41
"3159","TRINITY_DN7489_c0_g1",1.14835526276694,0.714551773803434,3.79815438473577,0.00240115917233572,0.0179252752648177,-1.43695924780277,18,27.01,38.01,46,27,55,85.01,51,64.01,55
"3160","TRINITY_DN74919_c0_g1",1.49612137840461,0.480807948787512,6.56819450635567,2.27176289896124e-05,0.000879302762437228,3.02683654492764,19,21,24,21,28,78,57,48,55,58
"3161","TRINITY_DN750_c0_g1",-1.55419137965102,7.46914681942439,-19.1226007901944,1.42344739406085e-10,8.87039036701444e-07,14.8228231051286,8786.33,7509.98,7819.45,6672.89,8448.79,2930.68,2439.95,2625.81,3220.88,2134.03
"3162","TRINITY_DN7505_c1_g1",1.52187942315341,-0.633741807071233,3.85448272574756,0.00216363138082404,0.0167226959169072,-1.19325091169923,11.08,17.13,10.4,11.62,5.98,29.25,27.59,28.3,17.61,30.47
"3163","TRINITY_DN75062_c0_g1",1.01146082399764,-0.676436138326988,3.1712621005146,0.00776232237384652,0.0394389581434336,-2.36043988720098,14,15,16,5,14,19,28,19,23,19
"3164","TRINITY_DN7507_c1_g2",1.09046630590797,0.581654020715579,4.31509007866448,0.000933918333335156,0.00944011165283,-0.510190993230458,34.18,39.55,16.77,28.77,25.13,69.19,45.1,52.46,71.61,37.39
"3165","TRINITY_DN75087_c0_g1",-3.0588661999781,-1.25664111487541,-5.8592682143687,6.78203355525657e-05,0.00170117188972902,1.35140400384263,33,32,41,27,33,3,0,2,7,9
"3166","TRINITY_DN7509_c0_g2",-1.77955042976344,4.40678320586699,-7.97771033197339,3.14070133739415e-06,0.000274209078411752,4.79008695194163,1289,731,710,1119,1422,339,315,289,265,281
"3167","TRINITY_DN75136_c0_g1",-1.09970064201369,1.67588632842219,-6.17263450858197,4.14657919350455e-05,0.00125971610319185,2.43881583354554,151,107,146,104,105,52,35,51,79,62
"3168","TRINITY_DN75154_c0_g1",-2.04137656160325,0.657371034410802,-6.93233691570066,1.33003853911409e-05,0.00064112250877826,3.52534182845853,126,95,76,53,83,20,8,29,27,14
"3169","TRINITY_DN75160_c0_g1",1.19783999451003,1.50185291356586,5.08009810266607,0.000244619039967462,0.00381093531234309,0.701727651127481,64,53,36,72,35,118,115,93,141,84
"3170","TRINITY_DN75165_c0_g1",2.0746235952257,-0.283320853332811,5.73719683669438,8.24528299716839e-05,0.00191722058422498,1.74976333056508,11,11,11,16,9,55,34,29,79,25
"3171","TRINITY_DN75233_c0_g1",-2.00239883537647,-0.557444604524351,-6.15295575545287,4.27497714426282e-05,0.00127846692005359,2.23824776633728,36,38,48,24,41,10,2,8,12,8
"3172","TRINITY_DN75273_c0_g1",-2.80692322011584,-1.08338765897213,-6.00916668522186,5.35070417183537e-05,0.00147456415189889,1.69467581508882,59.85,28,29,20.23,41.72,6,1.03,3,6,2
"3173","TRINITY_DN75280_c0_g1",1.77299462371841,0.202765638587183,6.27569673652856,3.53759023569704e-05,0.00114444831940431,2.59112291551986,25,16,17,14,15,57,30,41,85,66
"3174","TRINITY_DN753_c0_g2",-1.45486063712913,-1.26337234759412,-3.06229152024484,0.00953228264659202,0.0455097574009339,-2.47456495579228,30.72,28.26,22.56,10.04,11.16,8.83,2.11,3.07,6.11,7.19
"3175","TRINITY_DN7530_c0_g2",-1.45706136598004,2.28259475108885,-6.72889772814408,1.78985246447163e-05,0.000752256024660922,3.22891825901738,257.02,212.9,264.45,126.14,205.89,91.49,39.64,74.39,95.74,83.82
"3176","TRINITY_DN75304_c0_g1",1.29500714380785,-0.952689278063792,4.19472364016151,0.00116069106457435,0.0109632307014447,-0.636523139803033,16.38,8.22,5.12,8.28,10.31,22.51,16.28,15.61,26.84,15.39
"3177","TRINITY_DN75322_c0_g1",-5.47954948532225,-0.971904320759386,-9.38687547224542,5.46459367486289e-07,0.000116421533535444,4.07361827186704,103,85,86,63,113,1,1,8,1,0
"3178","TRINITY_DN75347_c0_g1",-1.24862153115194,-0.103573591099258,-4.51895339735624,0.00064877597861201,0.00740972024324044,-0.109057564745829,57,41,40,28,32,16,7,20.03,21,9
"3179","TRINITY_DN75445_c0_g1",-3.09237133465716,-0.218630520260493,-8.3058673219565,2.05066844212265e-06,0.000214773054296513,4.61410933000591,102.83,54.01,58,49.43,78.68,5,2,8,12,7
"3180","TRINITY_DN75460_c0_g1",1.27240891095955,-0.693397318165032,3.58810252433501,0.00354879101351422,0.0232878607867216,-1.64295193619773,9,14,14,18,6,20,18,21,35,21
"3181","TRINITY_DN75469_c0_g1",-2.1743327860287,-1.07079810018041,-4.37267626220423,0.000842166975948142,0.00881891652701448,-0.402136170629348,35.36,26.51,40.42,29.11,13.22,4.68,3.15,8.98,4.56,2.4
"3182","TRINITY_DN75478_c0_g1",-1.83543565495037,-0.754155655019333,-4.28662105281398,0.000983045305272351,0.00978589409020418,-0.488882374641227,27,23,45,16,51,5,7,4,11,9
"3183","TRINITY_DN75519_c0_g1",-1.49227738667846,-0.56144296742494,-4.6779702005733,0.000490043187732912,0.00609381966526537,0.14585901892099,49,28,27,21,35,12,3,9,16,8
"3184","TRINITY_DN75537_c0_g1",-1.36684027893297,0.123984752238244,-3.95179204511609,0.00180852096730721,0.0148515744591249,-1.0893163264834,75,60,30,29,54,22,6,20,19,16
"3185","TRINITY_DN7555_c0_g2",1.02524441142924,1.643187946568,3.40337497089495,0.00501557649845182,0.0293409752785848,-2.30505455927463,51,86.52,66,50,43.04,96.03,79,108.01,109,213.01
"3186","TRINITY_DN75561_c0_g1",1.08292320904405,-0.0260522778233591,4.6498606664166,0.000514841936765634,0.00630469542460751,0.101786249905804,21,17,19,19,16,46.96,29,35,31,34.99
"3187","TRINITY_DN75569_c0_g1",2.14919319132321,-0.537328385736257,3.92604871554769,0.00189620129268217,0.0153072029989562,-1.07144897468122,4,17,30,4,9,31,24,72,40,25
"3188","TRINITY_DN7557_c0_g1",2.04481551468957,-0.440600849635296,4.79769475740815,0.000397574409608188,0.00524019252209685,0.332621799155437,5.81,9.04,18.06,10.26,12.55,62.62,34.64,40.5,41.09,17.23
"3189","TRINITY_DN75581_c0_g1",2.12183287300978,-0.717658451845998,5.7782104360112,7.71965598134379e-05,0.00184187641416393,1.69479432732325,11,11,6,6,8,31,36,37,42,15
"3190","TRINITY_DN756_c1_g1",-1.96141868003093,4.57645973547106,-3.17162552780015,0.00775700809667956,0.0394270753452809,-3.22751495696817,1160,1508,2204,2555,279,299,205,836,268,207
"3191","TRINITY_DN75614_c0_g1",-1.40494165408958,0.407747846956433,-3.45536421283331,0.00454943214474912,0.0275022186385339,-2.0014488802969,108,41,32,40,97,15,21,13,32,20
"3192","TRINITY_DN7566_c1_g1",-1.57723448404364,0.647665851084869,-5.5921508218214,0.000104279641704218,0.00220281905842389,1.59604839304324,129.1,71.52,58.88,54.36,57.68,22.54,20.03,16.44,27.81,21.95
"3193","TRINITY_DN757_c5_g1",1.01580902548239,0.19667989595406,4.12734484187285,0.00131180565078962,0.011944739197957,-0.799396843423468,30.84,19.95,15.16,26.58,20.55,39.68,38.96,44.08,55.53,25.74
"3194","TRINITY_DN75808_c0_g1",-1.10132695470227,0.183672260067591,-4.02858114465647,0.00157093490659197,0.0135057105744929,-0.966577634853047,58,45,42,33,47,26,14,25,27,7
"3195","TRINITY_DN75813_c0_g1",-1.16447432342878,2.9387902011954,-3.20695447038486,0.00725747027012246,0.0376685752604284,-2.90922466564488,176,224,645,273,317,171,85,240,94,119
"3196","TRINITY_DN7582_c0_g3",1.64915894725969,-1.03086961738943,4.03858772666377,0.00154243287029431,0.0133336060140076,-0.895135927430722,9,3,17,6,10,18.25,17,19,23,28
"3197","TRINITY_DN75837_c0_g1",2.28109938428976,0.391854770856442,3.97264535241903,0.00174055751300556,0.0144813106969069,-1.06158039246234,10,5,54,58,9,69,56,118,71,60
"3198","TRINITY_DN75869_c0_g1",-1.0588544792808,0.318546203138912,-5.09655051379839,0.000237873966561275,0.00373150750628674,0.818667861928793,40.61,45.2,53.27,45.24,55.01,28.02,15.22,17.21,23.03,19.49
"3199","TRINITY_DN75878_c0_g1",2.66715967829563,-1.12810168134442,5.1794618389628,0.000206727005770647,0.00340387222815376,0.696103294499473,4,4,5,10,6,39,16,23,59,16
"3200","TRINITY_DN75915_c0_g1",-1.91736831078894,-0.388267967213673,-3.13705223873763,0.0082792773949926,0.041241845034897,-2.42207783484256,50,52,19,86,23,8,15,17,7,3
"3201","TRINITY_DN7592_c1_g2",-1.17314887424005,3.95889826667478,-8.66956712875018,1.29646749470978e-06,0.000169195795847557,5.72639592669286,572,561,674,622,579,240,247,360,248,260
"3202","TRINITY_DN75927_c0_g1",1.00683198607806,-1.15583137822963,3.15171199429287,0.00805364906311782,0.0405063122219141,-2.34413103909778,7,9,11,9,10,19,12,19,15,10
"3203","TRINITY_DN7595_c2_g1",-1.38048408243942,-1.41181902819879,-3.12723922184074,0.00843384023121006,0.0417695447095684,-2.36373977286184,18.24,16.77,23.09,8.1,18.34,10.61,3.65,2.9,3.08,7.57
"3204","TRINITY_DN76021_c0_g1",-1.45746394341135,-0.134253517963301,-3.778513250677,0.00249013204124076,0.0183721403954381,-1.36134423937826,61.37,21.5,31.63,31.7,74.03,9.21,8.22,15.31,15.35,16.41
"3205","TRINITY_DN7606_c2_g1",-2.34030613994817,0.734862466702126,-7.56084840939342,5.49569229439909e-06,0.000376859350691441,4.3348152657312,98.17,77.29,149.25,78.72,93.74,8.25,27.5,14.42,28.51,16.57
"3206","TRINITY_DN76157_c0_g1",1.11173990866299,0.190035878052388,4.24094311573301,0.00106753200473718,0.0103883804474259,-0.601354646409686,33,13,23,15,27,39,45,48,54,26
"3207","TRINITY_DN7616_c0_g1",2.89966448334465,-0.355378233936052,6.55888418091408,2.3036043972165e-05,0.000886807644899106,2.71945345807731,6,9,20,6,6,40,64,37,81,54
"3208","TRINITY_DN76165_c0_g1",-1.86906235860314,-1.8976579573527,-3.45528083771694,0.00455014340823276,0.0275022186385339,-1.88416110669653,16,10,17,10,20,1,6,1,8,2
"3209","TRINITY_DN76182_c0_g1",1.95475533623684,-1.36430241492542,4.58602144948255,0.000576140370826138,0.0068352501007892,-0.125362561596204,8,3,6,5,8,17,9,24,34,13
"3210","TRINITY_DN76267_c0_g1",-2.9774514805552,-0.0326035037263094,-7.23274567867944,8.66372950840596e-06,0.000490704580254747,3.63479929189065,107,73,62,39,96,5,6,5,16,9
"3211","TRINITY_DN76279_c0_g1",-2.97428899362529,2.17211490696024,-15.455592506089,1.80395693757389e-09,3.46868537482756e-06,11.6153021758139,358,355,266,301,350,50,39,44,42,26
"3212","TRINITY_DN76312_c0_g1",-1.92654560767005,0.0523238067923131,-3.23417422266883,0.0068947558811352,0.0363613529143963,-2.31783331352499,96.29,68.36,19.35,91.73,39.34,11.05,19.71,9.81,22.58,4.47
"3213","TRINITY_DN76324_c0_g1",-1.26166780412315,3.04810871896962,-7.56416882998292,5.47080513606095e-06,0.000376859350691441,4.34842598894159,246,381.92,362.95,300.85,378.64,161.99,140,124.55,165.3,101
"3214","TRINITY_DN7634_c2_g1",-1.44360356493109,1.1432276825136,-5.23544999647389,0.000188136316552651,0.00319453671290849,0.999354296979786,92.37,87.91,86.34,104.31,99.33,41.94,23.24,36.98,19.16,54.54
"3215","TRINITY_DN76372_c0_g1",-1.86129398024068,-1.19266518929687,-3.82962208716296,0.0022653451137422,0.0172537352637971,-1.24166158841996,34,21,38,12,19,6,2,11,8,1
"3216","TRINITY_DN76378_c0_g1",2.659081807205,-0.0078024091088946,9.76508988658434,3.53598226463261e-07,8.93543510046475e-05,6.24001055204081,19,10,9,6,14,64,62,72,71,48
"3217","TRINITY_DN7639_c0_g1",2.00623208730542,2.04655451572886,9.6138667452701,4.20146151842724e-07,9.87997457915818e-05,6.8838276071396,45,62,63,49,55,274,235,219,210,148
"3218","TRINITY_DN76432_c0_g1",-1.4185777051882,-1.38352220486355,-3.86704689380173,0.00211402097723326,0.0164620880627944,-1.18576790130768,18,22,16,14,15,3,6,4,5,7
"3219","TRINITY_DN76458_c0_g1",-3.00320917241689,-0.0262038975773267,-9.89984676912819,3.03766328644152e-07,8.38638630033138e-05,6.19880967007537,65,65,67,69,104,6,5,10,10,7
"3220","TRINITY_DN7648_c0_g1",-1.1513464797203,3.18056843377878,-5.13938227052195,0.000221212201093266,0.00355318706615768,0.565959251981383,341.01,496.52,292.3,233.07,444.72,178.01,119.22,130.84,262.43,119.83
"3221","TRINITY_DN76501_c0_g1",-2.25010206312524,2.28058841119816,-12.6771594060673,1.8349373128892e-08,1.57719189412871e-05,9.78116574935681,306.55,242.59,284.14,209.83,333.77,42.18,51.32,52.08,93.32,48.24
"3222","TRINITY_DN76545_c0_g1",2.53225266019126,0.066322793938424,8.46146594017197,1.68243910269843e-06,0.000192101379282232,5.11046752777445,17,15,18,4,12,60,59,64,74,62
"3223","TRINITY_DN7656_c0_g1",-1.04833753908797,3.80324463980147,-4.7981223055045,0.000397278968459426,0.00523817731145405,-0.132716616515458,727.15,577.37,336.43,434.02,606.85,212.86,193.08,254.74,411.82,220.52
"3224","TRINITY_DN7659_c0_g4",1.89747771050796,-0.77601158699997,4.17791920057253,0.00119661110604033,0.0111796576966695,-0.663881865668243,9.13,11.04,15.55,6.39,4.01,27.37,35.3,26.11,18.05,33.15
"3225","TRINITY_DN7659_c3_g1",-3.25051368138944,-1.40529585714961,-5.41956434081194,0.000138429836059512,0.00262101884431252,0.743194867217604,51.17,20.99,34.77,21.24,38.67,3.72,1,5.02,5.29,0
"3226","TRINITY_DN76629_c0_g1",1.11093945395828,-0.8206188250894,3.56595791399758,0.00369867145564661,0.0239405177977604,-1.67308204932835,15,12,12,4,14,18,15,24,25,18
"3227","TRINITY_DN7665_c0_g1",2.04010495326943,-0.95387827166375,5.75771234063657,7.97779518888865e-05,0.0018822386348872,1.59208580619263,5.66,7.74,9.56,3.25,13.35,27.33,26.58,22.22,26.82,23.23
"3228","TRINITY_DN767_c6_g1",-1.47359696701166,2.83222553322684,-4.17121236628705,0.00121126610900396,0.0112677225453475,-1.09019443613353,169.73,376.36,296.38,395.46,368.61,247.2,108.28,63.02,126.73,66.15
"3229","TRINITY_DN76732_c0_g1",1.27666013770224,-1.46848815801424,3.61322413577286,0.00338623175426525,0.0225837875110884,-1.58769071192646,11,5,9,4,6,11,11,17,17,10
"3230","TRINITY_DN7674_c0_g1",1.45340014484952,-0.978890324048229,3.10121391726479,0.00885790688352218,0.0432341131646986,-2.43397514905087,15,5,3,10,18,30.01,24,12,21,17
"3231","TRINITY_DN76772_c0_g1",1.59805385723131,-0.964256254120224,4.21157908457178,0.00112578033855498,0.0107557545454162,-0.61428201813915,10,12,4,9,9,22,12,15,38,24
"3232","TRINITY_DN768_c0_g1",1.32324233094524,6.46940417134299,4.78938746209207,0.000403360597421163,0.00529177259558874,-0.445352094357813,1791.55,1409.86,1100.43,891.53,2654.37,3881.35,3120.1,4992.61,5270.97,1842.27
"3233","TRINITY_DN7681_c0_g1",1.40287785799873,1.72925937718045,3.81801650874123,0.00231449383507426,0.0174745511373553,-1.54980878759644,54,42,59,51,63,315,141,137,84,99
"3234","TRINITY_DN76857_c0_g1",-3.12707776763109,1.81494656308103,-8.28114625538442,2.11669667150318e-06,0.000219383948366836,5.3108807298419,414.93,224.78,239.11,172.96,372.17,23,10,37.54,72.46,26
"3235","TRINITY_DN769_c1_g1",1.06913854057765,-0.27570024840052,3.22720309548341,0.00698587438669868,0.0366905600295079,-2.31844015232028,23,18,15,12,12,58,23,31,23,21
"3236","TRINITY_DN7692_c0_g1",1.09211525100366,2.82385560558729,9.24770681237415,6.43587634609671e-07,0.000125500872670407,6.50028262169736,129.14,110.94,131.87,107.94,149.42,279.34,205.96,247.98,333.28,281.34
"3237","TRINITY_DN7693_c0_g1",1.20635008339265,-0.73069121110683,3.34241351142548,0.00562421401979437,0.0317104661308311,-2.05710138059221,21.26,8.01,10.13,10.82,8.3,20.8,15.01,22.03,19.54,35.62
"3238","TRINITY_DN7693_c0_g3",1.06148317612853,-1.09050116184775,3.45470103539565,0.00455509275564565,0.0275182452157282,-1.84474012877938,14.19,7.01,10,5.59,10.73,20.68,12.24,12.23,24.09,12.1
"3239","TRINITY_DN76976_c0_g1",2.60464014116411,-1.64119625502323,3.74297766359568,0.00265978072153562,0.0191615676749589,-1.46116434155542,11,0,7,4,3.47,17.01,22,10,23.53,28
"3240","TRINITY_DN76979_c0_g1",1.35882835350416,1.76272233246547,4.85701546338894,0.000358694805551699,0.00489197014568133,0.292999282030278,53,40,62,106,40,118,183,132,144,127
"3241","TRINITY_DN76988_c0_g1",-1.33564402455146,-1.04362354819714,-4.06322668526904,0.00147450170254784,0.0129193818901215,-0.851809988949797,26.05,16.22,19.26,16.12,26.72,8.14,6.1,7.12,4.37,7.17
"3242","TRINITY_DN770_c0_g1",3.1768644156735,-0.943722613163848,3.71185589270154,0.00281805701464869,0.0198992346106631,-1.44104416089811,17.92,0,20.95,21.64,0,34.77,42.08,42.87,45.31,29.42
"3243","TRINITY_DN77008_c0_g1",-2.3450091181394,-1.25307481419541,-4.37058439334527,0.00084533073153234,0.008843202590785,-0.458170606102287,31,24,29,24,24,6,5,4,12,0
"3244","TRINITY_DN77037_c0_g1",-1.07910878616609,-0.537167666411476,-3.27539062803144,0.00637995324593907,0.0345004674226923,-2.19549823221878,57,22,25,20,22,13,7,11,14,9
"3245","TRINITY_DN7704_c2_g1",1.10526328667339,-0.606332787350653,3.62151067246312,0.00333429153922231,0.02235701897846,-1.5959568658387,20.19,12.56,11.31,13.21,7.76,19.14,17.26,29.37,31.06,19.05
"3246","TRINITY_DN77086_c0_g1",-1.76096226074387,0.450117444046635,-5.4285294051272,0.000136393670213037,0.00259394313883234,1.34507450373626,57.81,55.29,82.4,68.2,75.88,28.08,8.51,8.53,43.52,14.74
"3247","TRINITY_DN7711_c7_g1",-1.17018853430376,1.25923191182607,-5.21555357059861,0.000194533467970919,0.00326754615187138,0.953536571454126,76,101.14,113.99,64.99,126.98,46.55,24,46,52.17,32
"3248","TRINITY_DN7717_c1_g1",-1.5460936629463,3.02284650981661,-6.3456228861267,3.17881052571739e-05,0.00108172860845453,2.57454911965555,300.3,344.85,501.53,284.49,404.74,111.48,69.58,90.95,273.77,126.3
"3249","TRINITY_DN77179_c0_g1",-1.68802827281389,0.143953781950105,-6.11455106879208,4.5378190926259e-05,0.001329946473984,2.35637076092466,66,46,45,44,64,8,11,25,20,12
"3250","TRINITY_DN77203_c0_g1",-1.2878814911504,-0.0557507526660691,-5.38726738879086,0.000146034096235753,0.00271853539941786,1.27588875447603,49,32.67,42.76,27.62,53.16,20.48,9.19,13.28,18.32,11.18
"3251","TRINITY_DN77226_c0_g1",-1.17429776607807,2.48373975454408,-4.35741333662382,0.000865535844661222,0.00898949134664498,-0.702559714814903,292.57,214.73,122.64,185.62,317.25,89.57,96.2,90.22,92.74,106.65
"3252","TRINITY_DN77246_c0_g1",-2.20707974910497,0.544792386962579,-5.9207597017404,6.15124947629987e-05,0.00160458372976716,2.09328670531473,47,100,81,106,89,13,25,13,14.01,17
"3253","TRINITY_DN7725_c0_g1",1.11585794279508,0.835898516194936,4.57246932766672,0.000590103657320321,0.00695237518814658,-0.091024136148647,29.03,40.25,25.22,33.26,35.71,68.45,85.09,53.89,60.48,65.97
"3254","TRINITY_DN7725_c1_g1",-1.63178229313868,1.53221301378184,-4.69167875960853,0.000478403893724924,0.00598541976443197,0.0463025497061382,194.48,123.93,145.63,123.36,91.91,104.29,43.12,25,52,17
"3255","TRINITY_DN7725_c3_g1",-1.98141092284298,-0.384323929417077,-4.81183166699728,0.000387926094637388,0.00514890298081941,0.358650758440985,38.01,39.02,28.31,46.27,51.12,14.75,16.98,10.43,5,3.11
"3256","TRINITY_DN77255_c0_g1",-1.08620802052331,-0.765417973454074,-3.3188283153101,0.00587926159276364,0.0326733274826117,-2.09505256863921,32,19,23,23,21,7,9,18,11,4
"3257","TRINITY_DN77257_c0_g1",1.63736130214584,-1.28333352376252,4.44087666666665,0.000745471340076174,0.00812638552752198,-0.301716740851449,7,6,9,5,7,28,9,16,18,18
"3258","TRINITY_DN77261_c0_g1",-3.3918927456498,-0.500610872035208,-6.80565165901989,1.59914619468099e-05,0.000705097108602377,2.79560413592206,101,52,58,37,74,6,1,2,14,5
"3259","TRINITY_DN77278_c0_g1",2.75868024036991,-1.33046148890309,3.95523587486371,0.00179711171263813,0.0147944147257937,-1.09757343350234,0,8.74,4.34,4.34,13.01,26,22.85,43,28,11.84
"3260","TRINITY_DN77324_c0_g1",-2.31721838812247,-0.558065209097497,-5.96117904418658,5.77059099540378e-05,0.00154278867783852,1.95632645984225,52.17,45.43,40.84,24.02,43.9,2.08,4.99,6.21,13.31,10.39
"3261","TRINITY_DN77331_c0_g1",-2.6744224439355,-1.71718448412554,-3.61898570507948,0.00335003148277531,0.0224203409196936,-1.65358365578579,26,10,29,12,45,3,0,2,7,3
"3262","TRINITY_DN7739_c0_g1",-2.11313251769155,0.141807884754198,-4.42155799115861,0.000771631536407463,0.0083066609770074,-0.271113724050666,117.54,55.32,66.5,56.33,36.11,30.41,5,5.1,29.22,7.09
"3263","TRINITY_DN7744_c0_g1",-1.13322310962696,3.8318966046678,-9.73248834592476,3.66925575656289e-07,9.04796138654564e-05,7.01757756687006,635,481,613,446.96,563,266,216,281,330,171
"3264","TRINITY_DN7746_c1_g1",1.08844558623696,-0.992099126655942,3.16544547328162,0.00784787611683502,0.0397642207594853,-2.33414609707595,12.88,10.77,6.58,7.43,11.22,20.76,20.41,9.4,25.11,14.48
"3265","TRINITY_DN77462_c0_g1",1.43850806129785,-1.68484062364404,3.45458231308302,0.00455610687442321,0.0275182452157282,-1.85110279814216,11,4,8,4,3,11,12,10,14,12
"3266","TRINITY_DN77473_c0_g1",-1.38274790635145,1.08790759156706,-4.51872704928051,0.000649036628219073,0.00741099931896598,-0.205565120771739,127.15,73.27,56.6,75.36,142.28,28.68,20.1,27.01,58.99,32.34
"3267","TRINITY_DN77495_c0_g1",-1.18502937052587,-0.737642318060919,-3.38611247445,0.00518082873351466,0.0299628601916365,-1.98076590469925,37,18,37,18,20,7,8,7,19,6
"3268","TRINITY_DN77502_c0_g1",1.21013423596528,-0.544037092987655,4.20507141539751,0.00113912847009056,0.0108313888268977,-0.615692518522763,9,14,11,15,15,34,21,27,25,19
"3269","TRINITY_DN77512_c0_g1",-3.10812821199203,-1.26020541463913,-5.7838659076932,7.64999589309035e-05,0.00183265374943889,1.25450190218841,34,28,48,32,28,3,0,6,4,5
"3270","TRINITY_DN77525_c0_g1",-1.1939708381899,0.893177598901897,-4.06101456695303,0.00148047265209759,0.0129529665014077,-0.989517681167115,60,67,59,109,83,27,27,18,37,46
"3271","TRINITY_DN77534_c0_g1",-1.40970881634502,-0.134223785372021,-4.38031169687121,0.000830722914837656,0.00874082513157486,-0.336220395008546,54.56,35.48,43.22,24.72,49.09,11.61,4.16,16.87,30.14,9.64
"3272","TRINITY_DN77540_c0_g1",-4.99689187829338,-0.411065463109167,-4.9343932444182,0.000313858636449389,0.00448846661012949,0.243875826790053,150.12,146.01,107.04,35.5,183.48,1,3,3,5.92,1
"3273","TRINITY_DN7755_c0_g1",1.32429701422896,-0.592923429156141,3.1967716083935,0.00739804116051621,0.0381874659324099,-2.31954270762042,11.61,22.5,6.66,11.12,10.63,37.04,39.22,16.55,28.54,13.93
"3274","TRINITY_DN77550_c0_g1",-1.46905961900742,-1.73099623954076,-3.50241726422843,0.00416549784229735,0.0259221774974472,-1.78406496647958,13,19,15,13,11,7,2,4,5,1
"3275","TRINITY_DN7759_c1_g1",-1.47185751200828,4.37106783379042,-6.264558732861,3.59858634529196e-05,0.00115491104732226,2.27102400838022,1179.96,919.35,1020.92,542.23,967.05,350.19,184.29,333.65,658.12,223.85
"3276","TRINITY_DN7763_c0_g1",-1.06071926239699,3.2178010662308,-5.33895895244943,0.00015823800780357,0.00285052052499607,0.899023285184048,356,461,296,276,356,242,138,134,149,187
"3277","TRINITY_DN77644_c0_g1",-2.11106319241976,-0.735227648178727,-3.97890978667406,0.00172065838311156,0.0143733214432407,-0.985257644904005,23.94,23.31,80.05,33.88,26.97,3.66,7.62,11.97,5.91,4.32
"3278","TRINITY_DN7765_c0_g1",1.08171847575578,-1.0821455653804,3.45406557026751,0.00456052352866887,0.0275322555155975,-1.84598705088389,9,10,10,8,9,25,14,16,14,13
"3279","TRINITY_DN77658_c0_g1",-1.75455415694341,-0.973840183308083,-3.98379324968052,0.00170530839130986,0.0142809909679104,-0.98146682183679,17,21,30,19,47,6,8,9,5,3
"3280","TRINITY_DN77667_c0_g1",2.94005490920153,-1.14437365450243,4.74007695168764,0.000439564104331657,0.00562608197515945,0.0426419270211662,14,7,5,0,8,37,16,34,37,37
"3281","TRINITY_DN77692_c0_g1",-1.68430967774924,0.0660094296203744,-3.72314198315162,0.00275957516173833,0.0196649069351506,-1.4721515679978,43.01,73.01,34,34.96,84.01,6,8,10,41.01,18
"3282","TRINITY_DN7770_c0_g2",-1.63369510689544,-2.16429386500475,-3.57531843321996,0.00363454593247914,0.0236482665585856,-1.74324648945909,10.67,11.64,10.69,10.3,11.16,2.32,4.17,1,3.47,1.1
"3283","TRINITY_DN7788_c0_g1",-1.82932946848793,1.57164198654902,-7.63129047684715,4.99262530090539e-06,0.000357611133801776,4.50414842123989,155.63,153.29,138,101.38,195.79,32.51,28.83,42.64,80.32,24.73
"3284","TRINITY_DN77889_c0_g1",-1.73323350186991,-0.969444824376749,-3.68296906623631,0.00297358091803383,0.0206781879629991,-1.46740593780004,40.48,25.25,21.3,11.79,37.45,2.1,5.21,5.16,15.82,5.26
"3285","TRINITY_DN779_c11_g1",-1.00365831589014,-0.577280664792374,-3.39781086780749,0.0050682499790583,0.0295310269057963,-1.98118680252366,32.9,26.35,26.74,22.44,22.24,9.67,3.33,16.98,16.5,11
"3286","TRINITY_DN779_c2_g1",1.40173043186035,3.14436304948013,7.73914892670721,4.31511031954775e-06,0.000328429304977731,4.58005853389896,132.72,126.25,163.73,160.51,124.6,264.39,316.51,418.04,461.74,431.08
"3287","TRINITY_DN77904_c0_g2",1.64577180064211,-0.23021365066266,4.84905645147067,0.000363671902154653,0.00493030625098265,0.429358717999399,18.57,9.24,12.58,12.31,15.7,53.62,18.73,28.88,71.67,29.17
"3288","TRINITY_DN7793_c0_g1",-1.07364749712783,4.76875784649031,-10.8075444931684,1.13761549448991e-07,4.88909872817287e-05,8.14978654197875,955.06,919,1074,1122.38,1062.78,509,369,568,568,437
"3289","TRINITY_DN77932_c0_g1",-1.48831878878631,-1.4502122341112,-3.81460888489277,0.00232913145010605,0.0175452085497336,-1.27489552136285,16.52,23.09,14.57,14.53,14.43,5.21,5.21,3.12,3.13,5.21
"3290","TRINITY_DN7794_c1_g1",-1.56277154576064,2.41302720641465,-6.45786194728377,2.68117140631292e-05,0.000979226652885846,2.81521111413522,318.67,241.8,162.64,298.98,197.66,66.11,60.54,82.74,109.42,75.9
"3291","TRINITY_DN77943_c0_g1",-2.86393152547394,-1.76463966088523,-5.08755721604918,0.000241536499856101,0.00377470819038439,0.290162093093541,23,23,18,17,25,4,2,4,0,2
"3292","TRINITY_DN77963_c0_g1",1.88026139580351,-0.0199554268692062,5.3220737347173,0.00016275246197843,0.00289568111599238,1.17216433411675,27.26,9.51,17.23,20.54,6.67,52.93,44.95,54.27,48.31,35.62
"3293","TRINITY_DN7798_c0_g3",-1.16951509451103,2.02133695187226,-4.85628581158393,0.00035914811010759,0.00489197014568133,0.252619029154973,174.74,132.68,116.77,167.99,198.25,72.32,88.89,58.79,50.54,79.18
"3294","TRINITY_DN77992_c0_g1",1.3666127315953,-0.745639076937623,3.30211189698663,0.00606707517323948,0.033364567840648,-2.12101132400936,12,5,12,12,14,33,25,17,41,10
"3295","TRINITY_DN77993_c0_g1",1.64370297448048,-1.23021012360576,4.27187562767653,0.00100953489494309,0.00996403546180908,-0.54834196698525,7.32,5.19,9.38,8.46,5.27,14.94,22.22,14.91,28.88,11.58
"3296","TRINITY_DN7800_c0_g3",-1.37341585951388,5.75428971728282,-19.2348382427484,1.32676180530989e-10,8.87039036701444e-07,14.8534563919457,2487.42,2027.29,2376.03,1998.21,2434.31,913.13,761.63,895.34,1072.47,705.17
"3297","TRINITY_DN78027_c0_g1",1.07541606499881,-0.481010265580233,3.0079176443044,0.0105611118697072,0.0487607839077269,-2.66904188350186,12.29,17.28,9.43,24.32,9.89,19.71,33.27,26.91,23.47,22.45
"3298","TRINITY_DN78052_c0_g1",-2.11178797626855,-0.0769309350323771,-6.53054487228811,2.40347090268437e-05,0.000912310068820521,2.86283650384732,71,48,37,43,70,13,11,12,14,4
"3299","TRINITY_DN78061_c0_g1",-1.80143255887028,-1.71096257898071,-4.85392471352099,0.000360619074887324,0.00490514715467999,0.133087091142547,14,16,16,15,18,4,2,2,6,2
"3300","TRINITY_DN7807_c1_g2",1.41547459769891,-0.750245464982438,4.4378424290441,0.000749518388355493,0.0081531180917928,-0.241118488213149,13,13,6,6,15,18,25,21,29,24
"3301","TRINITY_DN78098_c0_g1",-1.93047031543671,-0.240224568233576,-5.36557913721487,0.000151386003832324,0.00278488798858038,1.21611370073908,74,43,37,28,47,5,13,9,19,7
"3302","TRINITY_DN7817_c0_g1",1.56433428210316,1.25932459653943,9.77163234919345,3.50986704372391e-07,8.93543510046475e-05,6.94506529442382,34,43,40,29,41,118,92,104,114,98
"3303","TRINITY_DN78170_c0_g1",1.05319807852663,-1.13995212769405,3.4433439429463,0.00465314864776347,0.0278854319686919,-1.86141822387601,9,8,14,7,8,20,14,15,17,11
"3304","TRINITY_DN7818_c1_g4",-2.48987046270509,-2.18003305252308,-5.84604896602523,6.92634639469537e-05,0.00172219025842767,1.05757994402603,14.04,12.72,14.02,12,19.22,1.11,1.99,1.05,1.92,1
"3305","TRINITY_DN78189_c0_g1",-2.83188722528504,-1.77373698886726,-5.62595315026791,9.86996684140177e-05,0.0021328455004092,0.907214832528038,21,14,28,16,31,3,2,1,2,2
"3306","TRINITY_DN78225_c0_g1",-1.08807080957095,-0.902181207688422,-3.60716819869538,0.00342471155107985,0.0227339740287595,-1.59901842125138,22,17,30,14,26,7,7,6,12,9
"3307","TRINITY_DN78281_c0_g1",1.3399456501496,-1.01833310809368,3.20128867533433,0.00733534994859739,0.0379677850457076,-2.26653501753815,10,4,6,13,15,11,20,17,27,21
"3308","TRINITY_DN78322_c0_g1",1.36723067244771,0.48553724784679,4.60098861032657,0.000561117904729015,0.0067146929679442,-0.00828088611271038,29.32,34.9,25.98,14.08,19.75,80.08,29.56,43.7,92.07,53.92
"3309","TRINITY_DN78341_c0_g1",1.14846046655297,0.0345143917128266,3.37467467753284,0.00529334685147809,0.0303809832588921,-2.10177596030114,19,23,8.52,35,18,35,27.78,38,40,46
"3310","TRINITY_DN78371_c0_g1",-2.90743228706128,-1.81995023887453,-4.78034848415357,0.000409756360709341,0.00535314042202379,-0.0965122656283945,24.17,16.06,18.07,19,29.05,7,1.01,6,1,0
"3311","TRINITY_DN78386_c0_g1",-1.12826387987733,-0.528101725083745,-3.59180746663799,0.0035243257237878,0.0231700132280091,-1.65092326412257,18.41,30.84,35.39,25.8,31.02,16.34,8.88,12.1,10.55,6.39
"3312","TRINITY_DN78387_c0_g1",-2.21456154948544,0.810325871069668,-6.59572089519258,2.18032163594967e-05,0.00085893539819711,3.07503169144928,158,115,70,81,85,25,22,9,26,20
"3313","TRINITY_DN78406_c0_g1",-1.00150305359919,0.0502591603627158,-3.76412246449193,0.00255745868147689,0.018653546107925,-1.41661702845174,44.28,29.55,55.15,35.03,35.67,23.18,7,18.74,21.03,19.48
"3314","TRINITY_DN7844_c0_g1",-2.62488692823328,1.55285310427038,-9.0450071016084,8.19540014496674e-07,0.00013458871823937,6.18026149380509,287,178,144,141,221,54,17,25,32,24
"3315","TRINITY_DN7853_c0_g1",1.43224052259616,0.56784085763052,5.18763756658558,0.000203896327669651,0.0033781467674693,0.957241320013871,16,30,20,28,32,85,50,66,52,56
"3316","TRINITY_DN78580_c0_g1",-1.80331547052008,-1.24851494958843,-3.56126330803438,0.00373126499113327,0.0240982968782183,-1.66768887165014,15,19,22,18,38,15,1,6,3,5
"3317","TRINITY_DN78582_c0_g1",2.16779357112127,1.00544653779575,5.45285227231235,0.000131026423998076,0.00253181354623019,1.36770285346819,44.82,18.83,11.25,67.85,18,95.91,106.78,91,178.04,82.97
"3318","TRINITY_DN78605_c0_g1",-1.31339800469109,-1.59663341137135,-3.63869236867389,0.00322916917738713,0.0218787402827236,-1.55823845731794,14,17,16,11,14,3,5,3,8,3
"3319","TRINITY_DN7862_c0_g1",1.3495656360079,2.10630236502737,9.36275880164936,5.62097709874193e-07,0.000118301344789348,6.62198584518679,93,65,62,68,69,203.96,135,193.96,193.93,164
"3320","TRINITY_DN78660_c0_g1",2.43366745142275,-0.668316252383036,5.81445221922151,7.28457053637351e-05,0.00176891229883014,1.72125362304107,12,13,13,4,3,37,37,27,44,36
"3321","TRINITY_DN78675_c0_g1",-1.74922970961956,-0.741368800001356,-3.31666361861738,0.0059032478649318,0.0327503467405347,-2.08532631125028,36,30,45.01,9.25,43.01,9,2,9,6,15
"3322","TRINITY_DN78739_c0_g1",-1.54823583441414,-0.526347297858704,-5.35923344296893,0.000152990576084265,0.00279200915968781,1.18387334477696,38.28,34.92,24.29,26.36,37.49,6.21,10.14,7.1,15.1,7.38
"3323","TRINITY_DN78759_c0_g1",-2.4969053517089,-2.49785249398595,-4.25126800715788,0.00104779934905177,0.0102303057086326,-0.844457361117721,13.89,9.19,12.74,11.58,11.49,1.01,0,6.49,3.11,0
"3324","TRINITY_DN78842_c0_g1",-1.40261901267271,-0.728822260101924,-3.66021648933984,0.00310223309122567,0.0212702002883886,-1.51525741763227,33,27,38,12,29,12,4,7,7,14
"3325","TRINITY_DN7890_c5_g1",2.37842630776604,-1.71341381459304,5.22889221618201,0.00019022005003911,0.0032135005606912,0.534891401701204,6,5,4,1,6,18,9,16,27,15
"3326","TRINITY_DN78939_c0_g1",-2.2472584902768,-2.01662099021458,-3.01798824244805,0.0103625380496331,0.0481119981357263,-2.54498590534714,15,10,28,17,11,8,0,4,9,0
"3327","TRINITY_DN7897_c0_g1",-1.87186792216629,0.339683410008619,-5.42898421068975,0.00013629121658385,0.00259394313883234,1.34593956230483,81,57,88,38,70,14,12,11,48,8
"3328","TRINITY_DN79_c3_g1",-1.22574892156938,-0.561728037721087,-3.255712326189,0.00662072354537695,0.0353575716023221,-2.22107350207188,32.99,26,38.99,26.99,20,6,2.99,16,16.03,16
"3329","TRINITY_DN7902_c0_g1",-1.67186479867266,2.94700881550144,-7.46895690508703,6.23455238689783e-06,0.000407695753325928,4.23244507992745,286.98,274.29,497.79,366.69,366.55,110.27,100.99,142.8,79.92,132.02
"3330","TRINITY_DN79029_c0_g1",-1.93300946887185,0.324529321007564,-5.30691274099702,0.000166921213785771,0.00293735378427886,1.15589210324299,77,42,86,50,84,15,8,24,37,5
"3331","TRINITY_DN79050_c0_g1",2.57338313026141,-1.3073897933425,4.18246507682355,0.00118678224841667,0.0111169965107697,-0.752334442160653,11,2,12,1,8,23,17,16,54,22
"3332","TRINITY_DN79061_c0_g1",-1.42720469296656,0.187009230596251,-3.91750837830772,0.00192624481941775,0.0154835670723046,-1.1543676292958,82.68,42.01,71,25.05,47,13.15,12,19,38.81,8
"3333","TRINITY_DN79094_c0_g1",-2.04688763520821,-1.94878231098134,-4.33192720658004,0.000906067140369632,0.0092618751586728,-0.669513040135498,21,12,15,14,12,1,3,2,6,1
"3334","TRINITY_DN7910_c2_g1",1.10095896947032,-0.957689128466133,3.45671649974528,0.0045379116784698,0.027462396747285,-1.84828956856732,10.63,10.49,13.44,8.34,7.32,27,15.44,19,17.47,11.9
"3335","TRINITY_DN79168_c0_g1",1.6520097719852,-1.18929689562392,4.85249667751095,0.00036151179450593,0.00490977787159249,0.319643714991977,7,6.02,6.02,4,14.01,15.04,15.04,19.01,26.02,17
"3336","TRINITY_DN7917_c0_g1",-1.02407381273658,3.51499887681414,-6.05116011139221,5.00972683307061e-05,0.00141481632023812,2.03191402531792,398.87,387.12,570.76,351.3,421.46,240.22,109.8,220.02,275.26,227.02
"3337","TRINITY_DN79205_c0_g1",2.30049393987548,-0.0127468322229305,7.59060024146835,5.27692596056038e-06,0.000370909213624578,4.17742851889667,12,17,12,14,9,77,48,37,71,47
"3338","TRINITY_DN79342_c0_g1",1.89447409697044,-0.631843628672765,5.23201013572739,0.000189226328513969,0.00320213854562352,0.967637386588705,12,9,6,12,9,23,41,30,27,33
"3339","TRINITY_DN79367_c0_g1",1.1834118062748,-0.44125550780418,3.43983202662893,0.00468390140060672,0.0279950289562938,-1.92304482048127,11.23,13.5,18.03,19.1,8.66,21.28,22.01,30.47,24.41,37.29
"3340","TRINITY_DN79371_c0_g1",-1.8346590359192,0.25872660713291,-6.6710674398448,1.94942573848872e-05,0.000795301557657556,3.13343695225017,64,46,57,54,83.02,18.99,15,14,24.98,6
"3341","TRINITY_DN79379_c0_g1",1.36577045326687,-1.38145112431988,4.05925151955324,0.00148524931348752,0.0129843367182968,-0.885069328072407,9,4,7,8,7,18,10,13,16,15
"3342","TRINITY_DN794_c5_g1",1.01688910017098,1.13154411481294,5.63602952708489,9.70978171393702e-05,0.00211565449206688,1.64029622547973,34.42,37.5,44,39,52.56,86.04,61.49,66.64,112.72,72.01
"3343","TRINITY_DN79427_c0_g1",1.22608422410525,0.434661893685786,4.35678017278299,0.000866519674783961,0.00899681986482122,-0.422324131300574,21.8,14,32,25,33,54.95,29,44.92,85.97,55
"3344","TRINITY_DN79467_c0_g1",-2.74303285429724,-1.14746155609424,-6.98515685893137,1.23244488496691e-05,0.000606525911651087,2.71571004054042,35,32,29,24,39,2,4,2,9,2
"3345","TRINITY_DN79479_c0_g1",-1.97879534124188,-1.02530226008903,-3.60555147254541,0.00343505949933425,0.0227784013328426,-1.59350186022999,40.61,18.38,39.78,16,24.55,19,6,1,6,4.23
"3346","TRINITY_DN79480_c0_g1",-1.72215004940699,-1.40122559314592,-3.83880422018282,0.00222721847683218,0.0170588172505001,-1.24275217188507,23.32,22.99,23,11.95,18,10.85,1,4,10.19,1
"3347","TRINITY_DN79564_c0_g1",-2.01706947018824,-1.56084874777049,-3.14353414011022,0.00817874294927799,0.0409290174915033,-2.33510076561038,19.43,22.75,16.89,19.47,15.56,0,4.84,4.15,13.77,3.12
"3348","TRINITY_DN79622_c0_g1",2.27392471792508,-1.3422440744429,3.89276789124817,0.00201606858918227,0.0159611032835483,-1.16896918351333,4,2,5,11,10,35,24,11,19,21
"3349","TRINITY_DN7969_c1_g5",1.50349294293114,-1.3879186871348,3.22977662343811,0.00695209594000014,0.0365786637358129,-2.19901238685463,3.23,3.63,10.32,12.07,9.39,15.13,9.54,13.88,27,11.9
"3350","TRINITY_DN79729_c0_g1",2.25328137119525,-0.0938954751172474,4.25634421925328,0.00103823658410305,0.0101668058195422,-0.534473630593262,25,8,9,6,19,89,41,63,25,66
"3351","TRINITY_DN7979_c0_g1",-1.03526637280028,6.52094136157114,-5.30395988737351,0.000167746111590103,0.00294770775505865,0.458575214776595,2424,3721,3918,3406,3949,2269,895,1771,1972,1609
"3352","TRINITY_DN79821_c0_g1",1.23884881550079,0.200615848352697,4.0305917072746,0.00156516492405949,0.0134775390547731,-0.96467790631018,13,12.01,28,28,28,38,51,38,50,42.01
"3353","TRINITY_DN7984_c3_g1",1.91768025408892,-1.50488921111585,2.9936866563635,0.010848205335279,0.0496622733305959,-2.56869036808319,9.67,14.67,4.57,1,4.08,27.36,21.29,6.51,16.02,17.54
"3354","TRINITY_DN79887_c0_g1",-2.03425174584327,-0.465871191536089,-3.09389603438689,0.00898094814806522,0.0436253734800249,-2.47637891195923,42.69,38.49,43.79,27.95,52.35,4.41,0,16.84,26.17,25.57
"3355","TRINITY_DN79901_c0_g1",-3.71878844369979,-1.87285987462351,-5.81543800824262,7.27310376841939e-05,0.00176698850958583,1.11319668176995,36,27,25,30,19,6,0,0,4,1
"3356","TRINITY_DN79905_c0_g1",-1.49368553128968,-1.01735077294361,-4.02505744986747,0.00158110023348603,0.0135637449406976,-0.913965688424907,36,26,23,13,19,8,4,4,7,10
"3357","TRINITY_DN79924_c0_g1",-1.03207565178965,1.42029686923296,-4.38612669390329,0.000822115596851966,0.00867589518413655,-0.486724392038307,173.72,93.79,87.57,63.88,102.04,44.09,39.33,47.85,61.03,41.4
"3358","TRINITY_DN79937_c0_g1",-1.04664576260288,1.20486707295878,-3.15234684406475,0.00804401863922474,0.0404782942587333,-2.68401183798155,136.97,66,76.35,61.7,101.82,29.1,49.8,19.27,46.8,74.02
"3359","TRINITY_DN7997_c0_g2",1.22782743714036,-0.72753784891923,3.26244186045691,0.00653737233547295,0.0350665745246463,-2.19313358718949,23.77,4.24,14.22,11.2,9.31,31.82,15.33,19.95,25.57,20.15
"3360","TRINITY_DN7997_c2_g2",-1.32139075517593,-1.59249219372108,-3.51385278146615,0.00407726544476092,0.0255132313565541,-1.75251681730909,12.35,15.17,12.12,13.67,19.56,7.45,1.09,5.2,5.53,2.26
"3361","TRINITY_DN7998_c0_g7",1.33503820305831,-0.421057096097518,3.85743294868896,0.00215187593887401,0.0166709356924143,-1.204368142514,9.45,10.97,15.32,18.78,13.74,38.83,19,16.96,38.78,36.84
"3362","TRINITY_DN8_c3_g1",-1.2483583706855,4.9371945194328,-7.05142410613875,1.12064052681367e-05,0.000573586162045603,3.40864938694669,1035.16,995.94,1258.57,1834.83,1143.79,478.99,555.06,520.82,589.23,434.94
"3363","TRINITY_DN80059_c0_g1",-2.48130314398433,-2.53657592514123,-3.49538621160402,0.00422070758225464,0.0261346014089125,-1.87482237985294,10,13,11,10,13,0,6,1,0,4
"3364","TRINITY_DN8011_c0_g1",-1.06461335873846,3.67932746552113,-5.54407840299419,0.000112794049839074,0.00230644863274298,1.17671458734969,554.33,507.33,429.03,333.05,609.01,333.36,135,207.43,258,252.75
"3365","TRINITY_DN80181_c0_g1",-1.3551065978865,-0.618005863755278,-4.21450601548325,0.00111982961933155,0.0107194443188433,-0.598320696653387,34.37,24.42,24.24,16.44,47.87,7.62,8.57,10.79,11.7,7.44
"3366","TRINITY_DN80228_c0_g1",-1.86137196586016,-0.171788613747979,-5.89921785716657,6.36487240203848e-05,0.00163560816422074,2.00357661234925,61,40,39,35,51,15,7,5,12,19
"3367","TRINITY_DN8023_c1_g1",-1.73401354803867,1.60181061955346,-5.55607577410537,0.000110602778724664,0.00227708178664603,1.48639724913523,120,127,171,156,146,118,37,37,30,23
"3368","TRINITY_DN8025_c0_g1",2.24699302627834,0.145192457502928,6.57410274215548,2.25179887323906e-05,0.000875654674162145,2.96960657112992,28,13,19,11,7,63,55.06,80,74,37
"3369","TRINITY_DN8042_c0_g1",-1.70968973641862,-0.694255679687271,-3.31775386979432,0.00589115483551176,0.0327087361638009,-2.08730251586977,40.4,30.63,26.2,52.47,14.21,5.5,12.99,11.68,8.41,2.97
"3370","TRINITY_DN80434_c0_g1",-4.7838715740065,-3.05953044741183,-8.71385648078351,1.22724994415309e-06,0.000164254873333556,3.41264321685053,15,14,12,29,21,0,0,0,0,0
"3371","TRINITY_DN80486_c0_g1",-1.22481669659009,0.26719702726395,-3.67786352516403,0.00300196748070015,0.0207998387195271,-1.5903009774138,87.47,46.93,48.6,25.53,51.78,26,16.36,10.08,34.39,13.89
"3372","TRINITY_DN8051_c5_g1",-1.7106172388507,-1.40222682322809,-4.0649775927995,0.00146979325557292,0.0128973482703392,-0.894343871141777,20.75,22.09,30.45,12.83,12.97,3.29,2.07,4.02,7.53,3.57
"3373","TRINITY_DN80641_c0_g1",2.06340274926089,-1.38072205567617,5.84346567364547,6.9549243819382e-05,0.00172413647544886,1.51175780445936,6,8,5,4,5,15,13,20,28,18
"3374","TRINITY_DN80693_c0_g1",-2.96202108670979,-0.957596119188231,-5.53286549009487,0.000114883371968706,0.00233575886735559,1.16151610230524,52,39,56,18,36,5,4,1,5,6
"3375","TRINITY_DN80702_c0_g1",1.06429654046836,-1.30203633168475,2.99605197154457,0.010799954586002,0.0495089780207778,-2.58781646723029,8,10,10,6,7,23,6,15,16,11
"3376","TRINITY_DN8073_c0_g3",1.91587794620284,3.31290914905419,4.05268286408631,0.00150318619555549,0.0130896666213149,-1.38169032018212,237.52,122.89,40.79,386.72,96.72,616.88,283.62,436.18,937.23,378.94
"3377","TRINITY_DN80773_c0_g1",-1.40193090623671,-0.907344009163848,-4.13184536857102,0.00130110562519893,0.0118761284754914,-0.73706005466955,31.67,19.88,21.73,15.28,30.27,5.33,10.72,4.35,7.57,9.84
"3378","TRINITY_DN8079_c0_g2",-4.88086343559249,2.00292795977853,-14.4516277320816,3.98183618609799e-09,6.03023988166278e-06,10.4658591109844,779.31,472.53,408.29,605.28,619.4,20.26,10.15,19.22,22.24,15.23
"3379","TRINITY_DN8079_c0_g3",-4.82203752872481,-2.26422468368278,-6.85953803946581,1.47821636837308e-05,0.000676324020224835,2.14035269270821,51,16,26,34,32,0,3,0,1,0
"3380","TRINITY_DN8081_c2_g3",-1.97402444368676,-0.188935588528354,-7.32470904665968,7.6157282018931e-06,0.00045360441821861,3.81837882627017,48.06,51.93,40,43,52,11,5.74,9,21,6
"3381","TRINITY_DN80814_c0_g1",-1.11524825281525,-0.445293440096462,-3.48716866754784,0.00428617686343476,0.02640617587405,-1.83984054405869,40,29,44,19,21,19,6,12,13,9
"3382","TRINITY_DN8082_c6_g1",1.52304021439353,-0.470717499599475,4.52727111567664,0.000639272844393294,0.00734493411190111,-0.0894226323817913,9.23,16.57,10.76,14.77,10.01,24.35,33.63,43.53,29.6,20.48
"3383","TRINITY_DN80861_c0_g1",1.6764496067632,-0.539510530846973,4.23086471663489,0.00108716451865522,0.0105198782508771,-0.571570941141627,6,9,32,11,9,37,24,31,33,25
"3384","TRINITY_DN80862_c0_g1",1.86375459461226,-0.354608416170753,6.47274903745838,2.62164077153665e-05,0.00096171297183653,2.73979766786156,11,17,13,6,12,36,37,44,35,32
"3385","TRINITY_DN8089_c2_g1",-1.03288214704501,1.67659657826433,-5.29576894253131,0.000170056783612482,0.00298095669248702,1.04128118607879,142.43,129.18,111.81,110.1,102.49,55.33,36.25,42.46,89,66.87
"3386","TRINITY_DN80971_c0_g1",2.95109244599918,-2.1094643449221,3.66425907783504,0.00307896633881779,0.0211601473516795,-1.61231311392456,1,0,5,3,11,15,11.04,13.07,43,6
"3387","TRINITY_DN81027_c0_g1",-2.93944826348049,-0.058485531252403,-6.82060019574812,1.56458091449974e-05,0.000697143055980395,3.15100329763805,85.99,75.94,56.07,41.95,92.59,2.1,12.22,9.93,8.51,11.58
"3388","TRINITY_DN81049_c0_g1",2.35451721268953,-1.71289807455276,4.51675450413723,0.000651312712144354,0.00743188204132123,-0.372422697216337,5,3.01,3.01,3,5.05,14,11,23.01,12,25.01
"3389","TRINITY_DN81051_c0_g1",1.33183828525777,-0.993328177795113,3.24558364515242,0.00674819887761444,0.0358272586417159,-2.19567061232066,8.98,11.66,2.29,14.04,13.21,19.01,15.42,23.18,20.56,14.68
"3390","TRINITY_DN8107_c0_g1",1.77403491439145,0.466338546755092,4.08720806638897,0.0014113422697505,0.0125418264124548,-0.884515424999903,36.38,10.63,19.13,39.92,12.83,54.45,58.74,37.07,145.99,56.08
"3391","TRINITY_DN8107_c0_g2",2.19958921824978,-1.21806126951211,3.00278882436063,0.010663696369028,0.0490549175674535,-2.56225530838271,4,5,8,10,5,24,10,7,53,46
"3392","TRINITY_DN81076_c0_g1",-3.13745335102831,-2.2116753119049,-5.3283305274388,0.000161064062724084,0.00288106448474481,0.530654439514064,33,15,22,11,13,3,0,2,1,1
"3393","TRINITY_DN8110_c0_g1",2.39312395690313,1.95205950983862,6.24823894433337,3.6899780216083e-05,0.00116477140460292,2.55159356493291,86.81,28.84,30.31,34.18,68.2,223.51,213.95,332.17,370.16,101.65
"3394","TRINITY_DN8110_c4_g1",2.61380395753451,-0.512617456680819,6.21848165509479,3.86300057722984e-05,0.0011969059526205,2.27835873941682,17.6,6.44,3.15,7,10.55,45.3,47.93,51.23,57.2,21.46
"3395","TRINITY_DN8116_c5_g1",-2.14348124267399,-1.70033616267379,-4.96159808552484,0.000299521863144831,0.00435171755069173,0.23303812911923,20.5,17.64,16.65,13.19,21.12,1,1,3.38,6.85,4
"3396","TRINITY_DN81172_c0_g1",1.59214203856307,-1.21280458882228,4.14868323679157,0.00126186611137325,0.0116000496662297,-0.733399762994963,4,11,9,9,6,16,16,16,26,14
"3397","TRINITY_DN81222_c0_g1",1.76806062611982,-1.53440752867162,3.57784551615392,0.00361742864489285,0.0235892309004373,-1.65476803153091,7,4,3,3,15,24,6,11,22,17
"3398","TRINITY_DN8125_c0_g1",1.02311304850906,1.07126319013292,4.80883333592171,0.000389951808361634,0.00517028391017355,0.287575061719523,40.93,41.84,30.26,38.49,46.16,56.57,86.85,69.91,103.68,68.43
"3399","TRINITY_DN8134_c1_g1",-1.55905480992807,6.82755887109529,-6.44337284230101,2.74048739856117e-05,0.00098714969855831,2.32772360263627,3553.26,5185.29,6724.68,4042.3,6236.67,1714.63,1136.21,1107.68,2946.78,2140.13
"3400","TRINITY_DN8137_c0_g1",-1.75717617741746,-0.214742241606884,-3.67241304147581,0.00303257744626548,0.020930091555396,-1.52711443578934,59,27,79,43,24,5,5,21,13,16
"3401","TRINITY_DN814_c0_g1",3.3659208267135,-1.14217940994443,3.0456403634011,0.00983623829662762,0.04648018841723,-2.4874326064359,1,4,4,2.11,25,82.42,54.53,10,24.92,54
"3402","TRINITY_DN8143_c1_g1",1.70886329295702,-1.09270027177237,4.29891603485168,0.000961508373251218,0.00964662445797805,-0.493451132964234,7,4,8,11,9,16,22,25,17,22
"3403","TRINITY_DN8151_c1_g1",-1.36135235339586,0.84448375018598,-6.03643164769823,5.12662778023348e-05,0.00143460734893052,2.27014385440612,89.15,83,70.06,56.09,85,29,13.05,29.03,50,22
"3404","TRINITY_DN81539_c0_g1",-1.40950345515372,-0.56997913142459,-3.6048895471229,0.0034393053795948,0.0227937770541846,-1.61820008690687,42.27,25.53,30.53,16.37,40.68,11.05,2.93,5,18.45,16.83
"3405","TRINITY_DN8156_c0_g1",1.27775962678483,1.03233577615477,3.77361148879387,0.00251285851752014,0.018474197857828,-1.52397004472776,72.49,32,30.57,31.34,23.58,128.97,85.63,82.26,98.09,36.22
"3406","TRINITY_DN81630_c0_g1",-1.60909058759512,-1.44269968826367,-3.35105537420108,0.00553358574086823,0.0313377087287861,-2.00508190454903,20,21,20,10,20,1,3,5,13,5
"3407","TRINITY_DN81671_c0_g1",-2.18197813032074,-1.9562042884299,-3.39007040764692,0.00514245923873691,0.029820521161888,-1.996496743899,19,22,12,14,11,0,2,8,4,2
"3408","TRINITY_DN81673_c0_g1",-1.05276259733472,1.21213845810056,-5.66821268485825,9.21624870943412e-05,0.00206127252988524,1.68690602201865,89,95,109,59,89,34,41,37,50,37
"3409","TRINITY_DN8169_c2_g1",1.03586763982086,-0.391988782648654,3.03240753927075,0.0100846824846637,0.0472910992294177,-2.64138096793137,21.02,18.53,14.5,6.21,17.02,29.61,31,18.98,47.18,14.96
"3410","TRINITY_DN81712_c0_g1",-1.07800845259377,0.299012267765056,-3.83160643878259,0.0022570492619104,0.0172102595371702,-1.32463587664427,76,53,42,45,32,26,13,20,30,14
"3411","TRINITY_DN8173_c1_g2",1.18048596071191,0.623471640130334,5.36349143292566,0.000151911940185491,0.00278838952653435,1.2351108582377,22.1,32,30.27,23,32.5,61.56,40.83,45.94,86.06,62.78
"3412","TRINITY_DN8177_c1_g1",-1.35220540978569,0.33126463107516,-3.64076141921578,0.00321674027841102,0.0218212209960028,-1.66128342447791,58.2,63.38,47.2,27.84,85.27,10.93,16,13.8,51.48,16.14
"3413","TRINITY_DN8177_c5_g1",-1.28588021913956,-1.34086893918466,-3.1142221502619,0.00864334087503631,0.042507297291426,-2.38762688390079,14.11,13.17,20.54,16.57,22.02,14.98,1.54,6.14,7,2
"3414","TRINITY_DN818_c5_g1",-1.03451559095447,2.01534655163873,-3.38357677676157,0.00520556276873603,0.030036217674745,-2.40790050922651,198.1,149.34,170.88,82.53,180.54,61.87,26.3,95.04,144.07,73.21
"3415","TRINITY_DN81839_c0_g1",-3.80290496365635,-2.27042512258228,-5.35263124143755,0.000154678987119743,0.00281328403680429,0.580159972787242,29,17,14,27,22,5,3,0,0,0
"3416","TRINITY_DN8188_c0_g1",-2.58181796259066,2.00012208374708,-6.76956829254884,1.68596478152095e-05,0.000726451186284908,3.32361681759128,294,492,185,229,167,49,31,32,56,36
"3417","TRINITY_DN81896_c0_g1",-2.02700571922447,-1.93544436801096,-3.18175933193402,0.00761028701583982,0.0388991945434621,-2.2950550801959,21.01,13.34,10.82,11.22,14.86,6.69,1.13,4.21,0,4.64
"3418","TRINITY_DN819_c4_g1",1.01585963006241,1.53803761131848,3.07559697787106,0.00929616182206903,0.0446647605354286,-2.88661710734352,64.24,56.97,91.71,30.66,43.74,92.18,58.57,225.33,117.84,87.27
"3419","TRINITY_DN81927_c0_g1",-1.64229418083989,-1.28340487792645,-4.88914262426497,0.000339316458005302,0.00472146724107741,0.344705601508695,23.4,17.9,18.02,14.67,25.48,6.16,3.79,2.37,6.54,5.51
"3420","TRINITY_DN82001_c0_g1",-1.03295018721743,0.341029327932038,-3.78864345953697,0.00244382901159698,0.0181351901927872,-1.40681056454672,66.83,34.17,65.69,46.12,35.02,15.35,20.58,22.94,23.15,24
"3421","TRINITY_DN8208_c2_g1",1.21828831958754,0.29065210825296,5.62730290793018,9.848349136576e-05,0.00213094509334081,1.65162714095394,23,18.33,28.83,15,26,38,46.46,46,65,39
"3422","TRINITY_DN82112_c0_g1",-1.81422312806713,-1.76031715711426,-4.37944339798955,0.000832016162128487,0.00874994187434507,-0.518925596580067,20,13,14,13,15,5,4,3,2,2
"3423","TRINITY_DN82141_c0_g1",1.63439177727487,-1.29267882594115,5.12160818888284,0.000227972865863116,0.00362871369153062,0.672729765945244,9,9,6,5,5,16,14,19,19,16
"3424","TRINITY_DN82303_c0_g1",-1.86532876935532,-1.10232551700195,-3.67170440228876,0.00303658051517609,0.0209410220532679,-1.48752299970952,12.58,33.87,31.37,25.52,22.79,9.13,4.39,2.02,4.28,7.09
"3425","TRINITY_DN82357_c0_g1",2.7033297652745,-1.77742130563657,4.28903502304273,0.000978777723815512,0.00975975964040947,-0.725087259174627,0,4.44,3,9,5,26.58,14.26,11.87,25,12.91
"3426","TRINITY_DN82405_c0_g1",-1.22413573132438,-1.31912409273768,-3.69946297542918,0.00288373517941087,0.0202654144205202,-1.44416361214655,20.84,13.16,13.29,17.07,19.26,5.18,5.99,3.25,7.12,5.63
"3427","TRINITY_DN82431_c0_g1",-2.17915930263959,-1.91131974890566,-3.68679447800424,0.00295249158540403,0.0205768757342674,-1.56183086379517,16,13,17,13,19,0,1,6,5,5
"3428","TRINITY_DN826_c0_g2",-1.15011001915039,0.726886775548716,-5.55639018380451,0.000110545959164537,0.00227708178664603,1.53625670460135,76,73,72,49.01,56,28,31,19,33,25
"3429","TRINITY_DN82613_c0_g1",-2.87849675538846,-1.94023107039398,-5.20527840402305,0.000197926134431012,0.00331003407574278,0.400943445517456,18.18,15.85,15.72,17.57,32.15,2.8,1.36,1.46,4.34,0
"3430","TRINITY_DN8269_c0_g1",1.23358920050436,-1.22557377538227,3.76676583671,0.00254495352243839,0.0186058905930666,-1.33297262928384,9.11,6,10,8,7,22,14,13,14.56,14
"3431","TRINITY_DN8278_c0_g2",1.13834577534232,1.60560825975694,3.29676235992683,0.00612844868201034,0.0335737969389298,-2.49083956673245,53.01,19.02,101,55,80,133.05,120.15,75.01,140.15,124
"3432","TRINITY_DN8288_c0_g1",-1.53200981218799,3.24454070123787,-5.575085835119,0.00010722193922212,0.00223467196322756,1.305694422088,441.46,403.93,507.23,494.14,281.37,103.89,139.99,85.75,311.69,144.8
"3433","TRINITY_DN8288_c1_g1",-3.16157506613334,-1.51357238164614,-3.4707524795895,0.00442006948996571,0.0269743817215401,-1.86223956205893,26.25,52.6,17.15,25.74,24.05,0,6.18,19.96,0,3.22
"3434","TRINITY_DN829_c0_g2",1.20064011495025,6.84087460375543,13.0797941581352,1.27703876867775e-08,1.24831791637043e-05,10.3003547122303,1792.12,1973.52,2136.5,1769.64,2148.83,4943.27,4017.4,4863.46,4195.37,4481.88
"3435","TRINITY_DN8295_c0_g1",-3.80169953009226,-1.16085489150163,-7.34413335242388,7.41213653262242e-06,0.000450630783610763,2.67349589753383,60,38,47,36,46,7,0,2,6,1
"3436","TRINITY_DN82954_c0_g1",1.02765929543644,-0.382499116020498,3.01785337851121,0.0103651725641169,0.0481119981357263,-2.66954326451412,10,19,21,14,13.18,38,11,34.92,31.22,24
"3437","TRINITY_DN8296_c0_g1",-6.42812105371701,3.7634246156845,-11.1018596434983,8.39400842387213e-08,3.91090188743269e-05,8.37166404561605,3804.22,2723.04,5133.69,1381.2,4740.99,44.02,20.07,41.07,35.88,44
"3438","TRINITY_DN8296_c2_g1",-1.34577746267956,2.50724706185798,-5.97009155486507,5.69005201716899e-05,0.00153557253109093,2.04362287809008,381.17,215.83,198.94,156.37,267.42,89,76.38,92.72,141.41,65.18
"3439","TRINITY_DN82967_c0_g1",-1.11678064179328,-0.62038001653982,-3.07656671572662,0.00927918310084189,0.0446003774707164,-2.52561407610597,31,28,46,12,23,15,6,8,12,10
"3440","TRINITY_DN82968_c0_g1",2.16567244929897,-0.949438616065294,5.37717195995609,0.000148500129613118,0.0027480241134383,1.0749294008895,7.5,5.29,17.15,4.46,5.76,20.4,23.83,32.98,42.44,18.69
"3441","TRINITY_DN83029_c0_g1",-1.89052476338271,-1.5400082902857,-4.20274057582066,0.00114394904866763,0.0108606535751718,-0.724034988408685,14,21,18,18,20,4,3,1,7,5
"3442","TRINITY_DN8313_c0_g1",1.03268758769442,-1.04952826770368,3.0214139317967,0.0102958420425111,0.0479395822045666,-2.57068001098279,8.18,10.77,12.44,6.97,10.64,28.25,14.35,12.79,20.3,9.61
"3443","TRINITY_DN83179_c0_g1",-1.63187826629363,-1.19172032190199,-4.17802438982321,0.00119638272330636,0.0111796191012169,-0.691063904154947,25,17,16,19,31,3,6,9,8,2
"3444","TRINITY_DN83538_c0_g1",-1.09876345827385,0.776754478361535,-4.05173454695905,0.00150579412544247,0.0130996954446362,-0.992343289535228,74.16,48.71,71.09,69.08,72.38,43.84,9.47,28.73,41.4,31.19
"3445","TRINITY_DN83555_c0_g1",1.17714785674996,0.0853681713360578,4.43374255420338,0.00075502303905351,0.00818655248662092,-0.264262275101457,14.41,19.22,25.07,19,19.2,49.78,32.16,46.79,31.52,39.06
"3446","TRINITY_DN83560_c0_g1",1.56382533285116,0.48641608167435,5.02697277497245,0.000267800538943249,0.00404075673969062,0.701459596170115,31,30,34,11,15,74,32,73,84,52
"3447","TRINITY_DN8362_c0_g1",-1.50345817600784,1.60172985655998,-5.45383327230319,0.000130814665314574,0.00253086437331749,1.31656032047797,176,150,122.94,124.75,96,30,77,47,56,28
"3448","TRINITY_DN83658_c0_g1",1.54708511370829,-0.927207845548105,3.7477181802744,0.00263648229971404,0.0190586785184798,-1.36223063746182,22.3,8.42,6.06,3.3,10.4,30.06,10.13,28.64,28.14,16.53
"3449","TRINITY_DN8381_c0_g1",-1.23570271355356,-1.53289088460506,-3.33090840447422,0.00574720184050981,0.0321638138027543,-2.03684926086346,12,19,16,13,13,5,4,4,4,6
"3450","TRINITY_DN840_c7_g1",-1.14342606645369,1.19137664535139,-3.58512496441634,0.00356857843182942,0.0233869252743515,-1.89009875733384,130.05,75.03,103,47,114,52,25,27,88,22
"3451","TRINITY_DN8417_c0_g1",-3.25391252967762,-1.72163427967021,-5.9818758237014,5.58538009222767e-05,0.00152398812764177,1.28363444905966,31,28,24,18,27,1,0,5,2,5
"3452","TRINITY_DN8418_c0_g1",-1.30194647150619,2.16059198762926,-6.62228417688363,2.09577293210229e-05,0.000835844543872765,3.07966690838205,204,190,171,137,214,81,48,113,93,44
"3453","TRINITY_DN84181_c0_g1",-1.28953464957286,0.461118780884654,-5.01065196969543,0.00027537534990774,0.00410426804315748,0.674655935677564,65.54,36.73,58.38,52.69,74.66,21.83,14.53,25.44,17.57,27.87
"3454","TRINITY_DN8419_c1_g1",-1.90559008795246,-1.9495857166768,-3.51968433802158,0.00403300482881552,0.02534762855912,-1.79646827636262,12,12,17,11,16,2,1,8,1,5
"3455","TRINITY_DN84225_c0_g1",1.31736881566865,-1.50262548513419,3.15734628777458,0.00796858167186192,0.0401865959343359,-2.31320161099052,12.65,7.57,2.31,5.33,6.03,15.11,13.82,11.77,10.93,13.72
"3456","TRINITY_DN84235_c0_g1",-1.5817920598056,-1.38550571614089,-4.19365941512391,0.00116293248358642,0.0109677777344369,-0.692764302274692,28,20,17,11,19,6,2,5,9,2
"3457","TRINITY_DN8429_c0_g1",1.10615604048113,6.52624980784897,6.44976734361747,2.71413977055274e-05,0.000982628975899533,2.35436657127815,1575.28,1734.22,2376.1,1137.28,1575.9,3392.49,2408.3,2990.34,5099.18,3879.99
"3458","TRINITY_DN84596_c0_g1",1.22879763015414,-1.17499183092478,3.20263055752836,0.00731682939410949,0.0379148263536922,-2.25505154188555,7,7,7,9,12,22,14,8,20,19
"3459","TRINITY_DN8465_c0_g1",-1.25199298688249,2.1498959688423,-6.76152713181162,1.7059855983403e-05,0.000730937280571658,3.28433323213602,229.39,166.16,162.03,136.92,198.75,59.94,57.61,58.09,114.03,84.1
"3460","TRINITY_DN8483_c0_g1",1.3183405724941,0.893964719683487,4.05475583448541,0.00149750159677097,0.0130584129969955,-0.999829581590763,50,39,23,33,20,76,87,76,51,89
"3461","TRINITY_DN84934_c0_g1",-1.34439824773254,0.28795470269624,-3.56009691037153,0.00373940825699411,0.0241258858335612,-1.79950849024638,82.08,47.99,33,37.52,70.84,27.44,11.2,7.22,26.77,28.39
"3462","TRINITY_DN8500_c0_g1",1.02548246062019,2.05268370815221,3.38492124890007,0.00519243349458734,0.0299927045669386,-2.41646917794657,53.75,120.41,87.91,88.98,54.13,232.37,75.89,130.39,191.23,167.7
"3463","TRINITY_DN85004_c0_g1",-1.90162432762782,0.252462035222378,-6.36325455210713,3.09456814873668e-05,0.00106837607977126,2.71138470612409,72.89,64.46,46,55.65,66.84,9.05,23.28,11.83,26,8.44
"3464","TRINITY_DN85015_c0_g1",-2.21795800947319,0.388886908290074,-6.85929760722478,1.4787338415844e-05,0.000676324020224835,3.38758387224549,60,66,108,100,53,14,11,13,17,15
"3465","TRINITY_DN8502_c0_g1",-1.12623108186909,5.19221529283979,-3.77065725733227,0.00252665793906421,0.0185264712805072,-2.20931255562251,1482.99,1290.01,2502.36,655.01,1750.99,617.03,337.98,769.97,1129.39,554.08
"3466","TRINITY_DN8503_c1_g1",-1.84715083951881,2.45156124676519,-4.92947792093296,0.00031652461375084,0.00450848616266304,0.337414227784425,261.95,234.68,212.63,317.97,340.98,61.24,51.87,24.85,219.51,103.03
"3467","TRINITY_DN8518_c0_g1",1.61423915964719,2.6249233413124,6.64489557945826,2.0265417119192e-05,0.000817022899354438,3.07363399834023,102.05,98.11,144.93,105.06,44,298.8,256.96,310.82,308.05,224.08
"3468","TRINITY_DN8521_c0_g1",-1.10118300359253,1.06613048154177,-3.78748034974128,0.00244910022386533,0.0181688978363629,-1.50510118463895,92,97,56,97,69,48,49,32,39,17
"3469","TRINITY_DN8524_c3_g1",-1.00887402696578,0.03978199165528,-4.01523589627696,0.00160979303194336,0.0137396014417861,-0.977932026594424,38.75,32.04,47.6,33.32,42.54,15.43,23.67,10.49,21.99,17.2
"3470","TRINITY_DN8528_c0_g1",-1.33359435192989,1.39566655076389,-8.39761031356853,1.8242109312463e-06,0.000199873379242685,5.4539879720599,99,105,134,91,115,47,38,36,46,38
"3471","TRINITY_DN85315_c0_g1",1.50062085990743,-1.2733097225969,3.50146656189071,0.00417291991152598,0.0259523118785476,-1.7621733466357,10,7,5,6,7,13,19,20,11,22
"3472","TRINITY_DN8532_c0_g1",2.27934503591401,0.370092835502625,7.05957215739545,1.10765620994794e-05,0.000571044312663232,3.64862606458183,23,15,16,24,9,97,40,83,92,58
"3473","TRINITY_DN85329_c0_g1",1.24469007711463,-1.43222835227497,3.39573602306634,0.0050880349032582,0.0296151551701262,-1.93251959314687,5,11,10,5,6,14,9,12,16,15
"3474","TRINITY_DN8535_c0_g1",1.29041463297777,1.3937068334013,4.88085238353181,0.000344209821720119,0.00475962343919147,0.379215138888712,41.33,34.26,53.89,35.33,60.88,131.67,97.25,97.98,75.67,138.7
"3475","TRINITY_DN8536_c0_g1",1.01615299313512,5.2225765043239,4.08103663034882,0.00142732448876687,0.0126313781808062,-1.63596312104437,519,731,1309,439,647,1269,831,1339,2248,1439
"3476","TRINITY_DN8538_c5_g1",-2.07059805165852,-1.39550051406895,-4.23366099675596,0.00108168027535279,0.0104830884073023,-0.657420882865131,22.43,27.65,17.11,16.21,21.75,11.52,1.35,4.97,1.58,4.28
"3477","TRINITY_DN8540_c0_g2",-1.34347479623055,-0.70219620866601,-3.78933669461905,0.00244069279917603,0.018120094002275,-1.30046823159258,42,34,18,24,20,10,6,12,8,7
"3478","TRINITY_DN8551_c0_g1",-1.32016790724027,3.54371907039713,-6.25831848204315,3.63324600212289e-05,0.00115590846389074,2.36460659536766,576.57,403.17,500.29,471.68,461.38,278,116.71,172.56,361.8,110.31
"3479","TRINITY_DN85545_c0_g1",-1.46442188964788,0.32297688159305,-4.86677830034969,0.000352686700700721,0.00482902776435953,0.447513113822955,73.74,44.76,45.49,45.3,72.72,10.06,17.53,18.79,40.09,11.75
"3480","TRINITY_DN8562_c0_g1",-2.35807509194788,-1.62940969358176,-3.9800892122549,0.00171693816847013,0.0143470530527558,-1.09447044776769,12.1,14.62,25.14,24.28,25.4,6.67,2.13,3.19,1,2.64
"3481","TRINITY_DN8563_c0_g1",1.09824636380144,2.68236410841661,7.61063557821325,5.1348438847454e-06,0.000364654376333636,4.4394441338069,116,119,118,134,87,244,225,263,286,197
"3482","TRINITY_DN8567_c1_g1",-1.12664790733922,1.12933081114167,-5.80811518812316,7.35874012490937e-05,0.00178340516612872,1.9115875796734,89.83,72.55,95.02,74.95,91.03,24.55,41.67,41.22,51.96,27.75
"3483","TRINITY_DN8567_c2_g1",-1.13914517760183,0.451792969416945,-3.89259603541895,0.00201670735989799,0.0159636252799293,-1.23386470417183,65.54,52.28,70.72,48.97,38.32,33.06,20,27.11,29.2,8.61
"3484","TRINITY_DN85750_c0_g1",2.24369492371713,-1.10907753906465,5.27629507402552,0.000175685569834693,0.00305278937363853,0.876428728978845,5,9.27,4,4,10.14,29.83,28.19,20.67,18.58,25.55
"3485","TRINITY_DN8597_c0_g2",-1.21185465139201,-1.35658169518815,-3.18591710098214,0.00755089863034343,0.038692049482836,-2.27211527595431,17,19,20,13,13,3,6,3,10,7
"3486","TRINITY_DN86_c7_g1",1.55194291877837,-0.885252121595914,3.30491729552815,0.00603513802418917,0.0332498489221928,-2.09921809451945,8.4,18.62,4.74,6.55,10.31,29.6,14.16,26.18,13.26,33.76
"3487","TRINITY_DN860_c0_g1",1.61623163205487,9.25703001281803,3.3313661700408,0.00574225687952958,0.0321469659983367,-3.33976408385008,23283.26,9148.07,9472.82,9651.07,2862.9,67131.47,13851.45,35376.79,38667.91,16595.2
"3488","TRINITY_DN86147_c0_g1",-2.18340205561195,1.37311885634628,-9.99559404846276,2.72958879098332e-07,7.76729504583547e-05,7.1634078443699,144.96,143.3,139.65,149.66,128.02,31.38,40.06,30.41,21.24,27.81
"3489","TRINITY_DN86152_c0_g1",1.44623553156413,1.26377737773514,5.72372839283115,8.42601751026006e-05,0.00193934557220219,1.77368665054561,29.1,44.48,57.1,41.58,29.96,102.65,57.17,104.82,142.66,111.86
"3490","TRINITY_DN86221_c0_g1",1.04798800386221,2.1832427876479,5.0919830664533,0.00023972673946806,0.00375820664864818,0.631012484092186,85,96,67,58.01,114,214.01,177,173,148.01,139
"3491","TRINITY_DN86226_c0_g1",-1.40806634369241,0.373181602839664,-3.29240084833555,0.00617895016689636,0.033750323509399,-2.28724575356573,80.96,49.54,21.56,61.4,95.52,20.04,18.85,19.59,17.75,17.24
"3492","TRINITY_DN86242_c0_g1",-1.17190301336584,0.837304790911085,-4.38955390995539,0.000817086028047655,0.00863744481684897,-0.405088296979159,92,74,67,52,74,30,29,22,65,14
"3493","TRINITY_DN86322_c0_g1",1.23278494378874,1.38179163422203,7.03776986158875,1.1427632344743e-05,0.000580735734232899,3.70799899590394,38,38,49,55,48,93,96,98,124,98
"3494","TRINITY_DN86344_c0_g1",-1.02310865382839,1.08814237622107,-3.49042255833758,0.00426013061510012,0.0262944523405456,-2.04827898254347,132,77,52,71,83,25,29,36,75,30
"3495","TRINITY_DN8637_c1_g2",1.77003112812099,-1.50986126479575,3.84065330891355,0.0022196205137741,0.0170107212103275,-1.24734788738189,10,9.15,1,5.19,6.14,12,12,14.06,22.14,15
"3496","TRINITY_DN86381_c0_g1",-2.21350084542328,-1.51217682370328,-5.0554608086911,0.000255096745760365,0.00391594402933664,0.430840845642144,20,23,20,16,23,1,5,6,4,2
"3497","TRINITY_DN86388_c0_g1",1.22950790563619,-0.587478987668075,3.52050910903576,0.0040267844840886,0.0253181090787324,-1.76755475531477,11,11,19,13,9,40,24,24,29,12
"3498","TRINITY_DN86392_c0_g1",1.17389684825676,1.47719264107847,3.73875062159203,0.00268073316270649,0.01926518529053,-1.65852103431822,71.09,48,69.2,18.05,62.13,106,57.13,151.15,164.19,88
"3499","TRINITY_DN8646_c0_g1",1.13000539311333,0.228729849378242,3.52569217150814,0.0039879169133093,0.0251657749214188,-1.85964457698499,31.46,26.57,8.01,24.76,26.24,39.78,43.31,38.4,54.57,37.47
"3500","TRINITY_DN865_c1_g1",1.15027790469188,4.31836037010539,10.3764404821257,1.79810360083068e-07,6.22505963973692e-05,7.70981928179292,311.97,371.7,408.03,315.41,321.33,724.2,794.25,691.38,956.66,682.62
"3501","TRINITY_DN86533_c0_g1",-2.3179904361558,-1.58910733161887,-4.56528874534605,0.000597644348066664,0.0070120884170787,-0.274046280872456,19.12,19.14,23.16,21.17,20,6,0,6,4,3
"3502","TRINITY_DN86563_c0_g1",-4.15475157434242,-2.67691932017653,-7.78023865745567,4.08339650950887e-06,0.000316919545469525,2.79875860357527,24,10,22,17,21,1,0,0,2,0
"3503","TRINITY_DN86574_c0_g1",-3.26012229385714,2.14863017839096,-9.7646597541536,3.53770647905967e-07,8.93543510046475e-05,7.00983519046618,450,353,436,177,445,35,18,51,50,30
"3504","TRINITY_DN8658_c0_g4",1.55288362483398,-1.2956741533155,3.02906165026328,0.0101484869977347,0.0474949655778013,-2.52694175546732,6.91,10.21,9.45,12.92,2.04,11.76,10,24.74,21.64,15.61
"3505","TRINITY_DN8660_c1_g1",-2.43971742654044,0.338625327500442,-7.72897114827023,4.37464418864241e-06,0.000329938179631453,4.43371326284773,72.49,85.7,72.63,47.42,126.32,14.22,8.15,12.16,19.18,9.1
"3506","TRINITY_DN86640_c0_g1",1.43214157322524,-0.240557043287626,3.59260533064093,0.00351907961624089,0.0231507886128869,-1.67556257446974,15,19,5,24,16,30,24,42,30,46
"3507","TRINITY_DN86688_c0_g1",-1.5859194012805,0.278594530987378,-5.71361654871789,8.56445165853705e-05,0.00195765065810659,1.78023713090841,75,61,50,36,63,11,10,20,33,14
"3508","TRINITY_DN86730_c0_g1",1.07501573987113,0.352124856595357,3.60700336914621,0.00342576509606718,0.0227349131169112,-1.73116369371307,27.56,18.8,32,21.72,20.69,45.16,76.49,28.7,53.16,38.48
"3509","TRINITY_DN86737_c0_g1",-1.13558429282702,0.21653392810125,-4.44452015780356,0.000740641631165281,0.00810430360809542,-0.254460358889856,58,36,46,31,63,12,19,22,26,16
"3510","TRINITY_DN86812_c0_g1",-1.16330831578709,1.10232535853847,-5.09885980547654,0.000236942924120961,0.00372275940630389,0.77459302922394,79.52,69.49,112.44,67.45,100.12,30.71,18.07,43.41,61.03,31.8
"3511","TRINITY_DN8684_c2_g2",-1.68720673323155,-0.729198699565127,-4.55671455208696,0.000606780027791446,0.00709423187745942,-0.0589073693625384,42.98,23.63,33.52,14.63,39.1,10.37,8.49,4.37,10.84,4.22
"3512","TRINITY_DN8684_c4_g1",1.2832625298148,-0.0898148163039967,5.64940147480371,9.50142270892568e-05,0.00208947131571086,1.67067718199725,17,11,18,19,19,37,34,31,45,33
"3513","TRINITY_DN86872_c0_g1",-1.47973235556497,-1.22717682954844,-3.87374409247603,0.00208805512668971,0.0163569786660689,-1.16545313736726,16,20,23,13,27,3,4,4,8,10
"3514","TRINITY_DN86881_c0_g1",-2.16990242004196,0.189017848324922,-4.48685400107084,0.000686848794495325,0.00768871838419878,-0.16577783335048,110.66,43.1,29.69,62.65,103.96,12.32,14.41,8.27,11.39,17.57
"3515","TRINITY_DN86884_c0_g1",-1.57821662885569,-1.4487271855205,-3.75115482645388,0.00261972270399241,0.0189689231608037,-1.37693319147778,25,11,15,15,25,7,4,4,7,1
"3516","TRINITY_DN869_c0_g1",2.52249456792491,-1.0745187775981,3.91351404106604,0.00194046369935809,0.0155454656890345,-1.11585674581523,6,4,11,14,2,43,21,12,32,42
"3517","TRINITY_DN86914_c0_g1",-1.54510403646146,0.0173542043164057,-3.51272036547712,0.00408591738699759,0.0255545401447737,-1.8374669434693,46,70,24,62,49,11,7,13,42,8
"3518","TRINITY_DN86958_c0_g1",3.86230562578906,-2.30392471418729,4.62198566205441,0.000540727082745276,0.00651604236308925,-0.30658963062141,4,0,1,3,1,62,16,16,12,10
"3519","TRINITY_DN8697_c0_g2",-1.31284301971624,1.49255877403289,-6.30631270924036,3.37549539253082e-05,0.00111772869970153,2.65420100967382,106.24,138.88,130.38,97.05,108.55,44.99,33.53,28.79,75.01,48.29
"3520","TRINITY_DN8704_c1_g1",2.20803471722596,0.296650069269553,6.15692511946016,4.24874374482363e-05,0.00127367782267404,2.42176264807607,19.22,8.24,11,37.7,15.15,64,64.58,79.08,89.6,40
"3521","TRINITY_DN87048_c0_g1",1.07179116509979,0.899048902028391,3.28048267073491,0.00631910066809519,0.0342829606710795,-2.39976734714225,58,18,33,54,26,52,59,55,89,95
"3522","TRINITY_DN8707_c0_g1",1.06289636967316,1.80512424303695,4.79981842150627,0.000396109186618354,0.0052282846916825,0.182601710539837,91,59,51,63,58,159,167,114,119,101
"3523","TRINITY_DN87074_c0_g1",-1.21121859447376,-0.841291488516798,-3.53884214881196,0.00389100833963414,0.0247418054582229,-1.71526066248515,20,26,18,25,26,7,5,8,7,16
"3524","TRINITY_DN8711_c0_g1",1.02659242144317,4.52223971522383,7.391264473583,6.94183394132485e-06,0.000432048998098462,3.94163406185361,433,398,399,460,379,987,807,957,728,766
"3525","TRINITY_DN87135_c0_g1",-1.00527817413649,-0.174339158051188,-3.56164334134466,0.0037286156689759,0.0240936716714783,-1.74452246066571,27,30,38,37,40,23,11,13,23,7
"3526","TRINITY_DN8719_c0_g2",-1.75724170770524,-1.24353452155319,-3.15807092276567,0.00795770666027596,0.0401553834895165,-2.31586642952434,28.73,9.4,21.13,19.86,36.09,2.61,3.87,1.31,11.51,10.31
"3527","TRINITY_DN87218_c0_g1",-2.79837118929405,-1.37571481190861,-3.40384341977353,0.00501116723061001,0.0293224559256174,-1.94004328870993,27.86,28.06,24.4,28.11,27.33,0,12.44,0,18.13,8.61
"3528","TRINITY_DN8741_c0_g1",-1.01222352580395,4.44369628161155,-4.2265172965557,0.00109574813583273,0.0105701106454468,-1.26603241655926,930,619,1220,513,916,487,213,335,717,369
"3529","TRINITY_DN8741_c0_g2",-2.01818066570392,1.51853004231875,-6.35099751577964,3.15287674144149e-05,0.00107657783692522,2.72555617716804,174,111,221,80,210,42,18,29,61,35
"3530","TRINITY_DN87427_c0_g1",-2.71797631129863,0.208817461764588,-6.74311903553065,1.75277399138546e-05,0.000742706779524318,3.16237230099592,105,56.91,64.24,60.19,114.44,3.68,15,17.01,16,6.08
"3531","TRINITY_DN87461_c0_g1",1.27055275439293,0.916410218001285,4.02834024170683,0.00157162772662137,0.0135060928646609,-1.05129060628595,36,27,20,44,43,129,59,43,88,72
"3532","TRINITY_DN87568_c0_g1",1.27192197796412,-1.37780436238025,3.39817738425541,0.00506476312232529,0.029520966324344,-1.92860904259204,11,8,10,4,5,14,10,12,27,10
"3533","TRINITY_DN87630_c0_g1",-1.54367362361189,-0.466299819481503,-5.26468278723955,0.000179134801565173,0.00309534838754045,1.05390837209039,42.09,25.12,29.04,26,45.09,10,6.02,12,8.01,12.03
"3534","TRINITY_DN8765_c3_g1",-1.42978505872616,0.205125537239883,-4.86033190193253,0.000356641949075565,0.00486980856950538,0.441835242271589,79,46,36,38,63,20,13,15,30,9
"3535","TRINITY_DN87659_c0_g1",1.15120417418986,-0.815734809778187,3.38334789241208,0.00520780125448352,0.0300456562828107,-1.98205220291591,9.01,7.18,11.6,16.36,11.42,16.6,11.67,18.65,31.07,25.31
"3536","TRINITY_DN8767_c0_g1",1.83615952641908,0.768871977636661,5.76708544825793,7.85864508344401e-05,0.00185920517184594,1.86414160774267,17,28,39.71,26.83,17,58.35,101.56,75.39,83.53,96.16
"3537","TRINITY_DN87679_c0_g1",-1.14334102916107,2.33325478777109,-6.76726757594556,1.69166749464542e-05,0.000727650557468148,3.2759662371054,214.57,157.96,195,177.89,215.79,79.69,101.18,99.9,71.95,83.15
"3538","TRINITY_DN87705_c0_g1",1.46012788091504,0.0615777492122409,4.42676521575012,0.000764487766929206,0.00825471272356979,-0.270822125186252,26,7,24,22,16,38,51,41,48,38
"3539","TRINITY_DN87771_c0_g1",1.31147276101563,-1.14274550703415,3.28345340350426,0.00628386949917897,0.0341550093919068,-2.12289045050347,11,6,9,13,5,15,13,11,32,17
"3540","TRINITY_DN87777_c0_g1",-1.36953597738546,-0.204566508340761,-4.44208114331179,0.000743871112320815,0.00811648206665125,-0.231915339649555,42,41,40,21,45,9,23,11,15,9
"3541","TRINITY_DN8786_c0_g1",-1.43260863369765,-0.0167163919743472,-3.5695552057166,0.00367389254008937,0.0238414798693551,-1.74167247796988,45.91,30.19,51.35,47.26,39.56,23.89,20,21.23,5.13,10.61
"3542","TRINITY_DN87863_c0_g1",1.1712855702126,-0.256851056983428,3.82498091228869,0.00228487046383813,0.0173481034471097,-1.27716187841575,30,19,13,9,12,37,24,21,39,35
"3543","TRINITY_DN8789_c0_g1",-1.62729330530227,-1.08634394500336,-3.04046962564725,0.00993258226370644,0.0467890979488384,-2.52215212234829,32.54,13.08,26.52,16.6,23.63,8.11,8.19,10.48,1.12,7.78
"3544","TRINITY_DN87912_c0_g1",1.47038216921747,-0.15599287198558,4.32183744807282,0.000922652142560986,0.00937374714960115,-0.433959482314144,11.32,9.39,20.9,12.73,25.32,25.55,23.72,41.72,50.61,50.48
"3545","TRINITY_DN87931_c0_g1",-1.16885214217327,-0.877732486727576,-3.02845890790064,0.0101600237576425,0.0475237065481094,-2.57252938896664,21,28,30,25,12,9,9,6,9,7
"3546","TRINITY_DN87939_c1_g1",-1.59344744281358,0.277519108241158,-5.3723752864389,0.000149687121979644,0.00276141392411077,1.2580992781389,93,58,54,36,48,23,12,24,15,11
"3547","TRINITY_DN87954_c0_g1",-1.4707459743887,-0.554202072121766,-5.17371554497409,0.000208741181804298,0.00343104983069228,0.909176132371217,32,27,34,29,30,15,5,12,7,9
"3548","TRINITY_DN88008_c0_g1",-1.31868942335677,1.09174326393241,-6.15211593677323,4.28054940025375e-05,0.00127936588279886,2.43867569732128,105,68,93,71,110,27,25,27,62,31
"3549","TRINITY_DN88014_c0_g1",-2.96406013092664,-0.124496683298019,-9.15654300770143,7.17125623848386e-07,0.000128480952245513,5.51212673496035,92,59,85,42,68,6,4,10,9,7
"3550","TRINITY_DN88015_c0_g1",1.02096966996703,1.96783896680652,3.93805843265649,0.00185476560873175,0.0150915015329041,-1.38210388200112,58,58,98.91,62.87,94,183,156,98,233.96,87
"3551","TRINITY_DN8802_c1_g2",-1.4378994039085,-0.898121384930882,-3.40185040629549,0.00502995365760492,0.0293937732613501,-1.93740398594072,31.65,19.91,33.64,21.28,16.56,17.47,2.54,7.13,4.43,10.02
"3552","TRINITY_DN88022_c0_g1",-1.45585007973558,1.67390340534939,-5.87939559435666,6.56836716525802e-05,0.00166727499129128,1.98990240803037,215.16,108.14,122.51,113.09,146.94,44.29,42.31,51.09,90.83,26.21
"3553","TRINITY_DN88027_c0_g1",1.08239035995891,0.897440425124122,5.71832446159784,8.49970306326336e-05,0.00194821010028905,1.78187966121755,39,38,27,33,36,81,62,70,86,46
"3554","TRINITY_DN88063_c0_g1",-3.23646527218829,-1.3678788212222,-6.90984241049329,1.37406398812361e-05,0.000652504088894076,2.31419659626781,37,38,29,20,38,4,1,1,3,4
"3555","TRINITY_DN88078_c0_g1",-1.96019800271277,-0.124779150851235,-6.12353193965471,4.47485985254134e-05,0.0013161368037094,2.31616493618156,50,46,54,32,65,10,12,7,25,5
"3556","TRINITY_DN88093_c0_g1",-2.15595248676583,0.423837754920759,-7.16613464366193,9.51811645447419e-06,0.000520292389917655,3.79451366939483,108.9,62.38,73.35,48.46,86.42,16.25,21.09,18.32,16.02,6.08
"3557","TRINITY_DN88100_c0_g1",1.91123375022979,0.132227987687067,5.26814642098627,0.000178098611198209,0.00308302018536868,1.09403648862307,11,13,17,25,15,31,75,60,59,49
"3558","TRINITY_DN88152_c0_g1",-1.52492141238762,1.0814470404982,-7.1381138180619,9.90390557326848e-06,0.000534928932333861,3.83738058887102,126,96,79,80,89,39,25,38,26,26
"3559","TRINITY_DN88163_c0_g1",-2.13870643147447,-1.73599414984591,-3.73754401681077,0.00268674493586857,0.0192917031957159,-1.46025669780484,26,13,13,28,13,7,1,1,5,2
"3560","TRINITY_DN88242_c0_g1",1.51936426110363,-1.18694684251057,3.91600331765697,0.00193158986288734,0.0155030199422294,-1.09615111640046,6.65,5,10.81,10,6.81,17.47,17.39,18.62,13.72,21.03
"3561","TRINITY_DN88254_c0_g1",-1.06497158596483,-0.570437142416948,-3.24246033467371,0.00678800400201311,0.0359581408491933,-2.24714180933658,25.06,24.48,28.1,24.98,31,15.07,9.12,14.62,16.86,2.64
"3562","TRINITY_DN88257_c0_g1",-3.51130759752573,-0.757249183118383,-7.79966320839481,3.97850743262493e-06,0.000313338111240019,3.53438015617955,61.84,43.84,66.15,35.16,67.17,3.13,3.15,1.04,11.43,1.03
"3563","TRINITY_DN8826_c0_g3",1.07352744024441,0.271702194288938,3.03911538835891,0.00995797047298008,0.0468754450562271,-2.73212965614072,31.26,9.76,27.37,23.35,29.09,30.58,38.38,54.38,38.25,64.61
"3564","TRINITY_DN8827_c0_g1",1.95160956367016,-0.19091335883487,6.18789009230576,4.04984973038085e-05,0.00124015453690833,2.39622814658472,14,9,20,9,12,37,50.55,54.72,37.01,38.69
"3565","TRINITY_DN88295_c0_g1",-1.4446203992365,-0.575927838265983,-4.84175882372395,0.000368298808969246,0.00497313123606279,0.401782875932437,35,26,28,27,34,12,13,6,14,4
"3566","TRINITY_DN88311_c0_g1",-1.02271224139139,-1.07531091694696,-3.11661711083173,0.0086044080524326,0.042378537308627,-2.40843490418241,23,18,27,10,18,8,6,8,7,7
"3567","TRINITY_DN88320_c0_g1",2.12041167160316,-1.51862794931439,5.05730520849209,0.000254296322762794,0.00391066040593989,0.448447081290315,8,3,4,4,6,16,23,20,18,11
"3568","TRINITY_DN88338_c0_g1",1.16185677075855,0.810293388519314,4.50578307874945,0.000664124737233602,0.007524684210297,-0.202523749002355,56.72,37,31.92,14.64,29.01,69.81,60.9,79.75,70.63,52
"3569","TRINITY_DN88402_c0_g1",-2.37107248366111,-1.16548671720011,-5.41338332051761,0.000139852275919214,0.00264393458907871,1.01839519162427,27,25,26,22,35,2,2,5,3,14
"3570","TRINITY_DN88419_c0_g1",-1.63372291953881,5.18040153196966,-5.94881692066089,5.88430135520241e-05,0.00156007980016042,1.67111554138599,1738,1732.05,1656.03,1226,2029,538,501,1228,355,364
"3571","TRINITY_DN88440_c0_g1",1.0707334246105,0.0592426590595998,4.7762629500192,0.000412681827338183,0.0053800803185906,0.306444715927054,20,25,17,13,25,39,30,43,38,36
"3572","TRINITY_DN88449_c0_g1",1.2236490517056,-1.4519811553066,3.32274187725684,0.00583614623043874,0.032483745302593,-2.04952461069005,12,6,5,4,9,16,6,15,14,15
"3573","TRINITY_DN88480_c0_g1",1.54269461079001,1.12090579884597,4.36806950253543,0.000849150588891808,0.00886734484876902,-0.471291890247969,28,31,27,63,32,143.01,128,94.01,68,62
"3574","TRINITY_DN88481_c0_g1",-2.23532612027752,-1.28598473634937,-5.1510404515421,0.000216892203245701,0.00351498554337384,0.629394450632646,30,21,22,17,37,3,1,3,13,3
"3575","TRINITY_DN88494_c0_g1",1.13620177566396,-0.83706465021772,3.4038683579785,0.00501093261022006,0.0293224559256174,-1.94534539224351,7,7,17,13,13,21,19,21,22,15
"3576","TRINITY_DN88520_c0_g1",-1.18529095768639,-0.136611290187874,-4.80537663807236,0.000392300911627354,0.00519242787663774,0.35996726972652,37,32,31,36,50,12,14,16,20,9
"3577","TRINITY_DN88531_c0_g1",-1.47252091488342,-0.491288696315345,-3.75576262342894,0.00259742263480744,0.0188594976133201,-1.36625630310769,36.32,37.09,40.96,13.34,44.87,14.5,4.18,8.21,19.92,5.09
"3578","TRINITY_DN88545_c0_g1",-3.62639772538428,-1.18148588006115,-6.35981632500148,3.11080819730691e-05,0.00107093292456985,1.79133309427805,36.01,43,49.33,45.06,38.04,6.01,0,1,8,3
"3579","TRINITY_DN88563_c0_g1",1.25640245867782,-0.315070377604945,4.18409270176721,0.00118328339597585,0.0111071971683994,-0.659485337026919,11,12,11,18,23,27,22,42,31,30
"3580","TRINITY_DN88762_c0_g1",-1.58286875866818,-0.360274338808611,-5.33049063120927,0.000160485437582266,0.00287484028738366,1.16256618916719,40,30,39,26,47,9,12,5,16,12
"3581","TRINITY_DN88770_c0_g1",-1.92335689647704,-1.93997258174387,-3.86726051354919,0.00211318765240804,0.0164607412555466,-1.30013685877896,11,11,16,20,14,1,2,4,4,2
"3582","TRINITY_DN88778_c0_g1",-3.1849199587435,1.21463886037312,-7.55828197604158,5.51501078620862e-06,0.000377664605391289,4.36020374029143,244,167,238,85,232,12,6,26,39,21
"3583","TRINITY_DN88786_c0_g1",1.13336794115537,-1.0392974779893,3.34037606174952,0.00564579864188626,0.031789021876435,-2.03694986138108,15,13,6,9,6,19,17,16,17,15
"3584","TRINITY_DN888_c2_g1",-1.13022634668449,5.94115318607921,-5.74713123777135,8.11459348117138e-05,0.00190078332017646,1.25785160247261,3829.56,2133.75,2470.79,1685.89,2159.85,1176.03,735.61,1082.05,1765.28,804.58
"3585","TRINITY_DN8884_c2_g1",1.28006343593483,3.47485049992113,5.41353688241289,0.000139816751187728,0.00264393458907871,0.989942409453951,170,212,300,100,189,492,377,302,623.48,514
"3586","TRINITY_DN88854_c0_g1",-1.18600729401329,-0.11796135054074,-4.07856191183072,0.00143378560511883,0.0126712486743466,-0.851835188874111,59,38,41,28,26,16,17,15,15.01,9
"3587","TRINITY_DN88860_c0_g1",-1.47486341489556,-1.03828377785785,-3.54898603983013,0.00381789196381488,0.0244518715406042,-1.68653759451665,13,22,23,31,27,6,5,4,12,5
"3588","TRINITY_DN88929_c0_g1",-2.42840691825907,-1.25063194583676,-4.17502369016854,0.00120291544076301,0.0112133402147267,-0.749989269783017,22,32,31,30,22,3,0,4,10,11
"3589","TRINITY_DN88968_c0_g1",1.29332196063196,-1.101910385994,3.2949583061132,0.00614928694033297,0.0336360325542112,-2.10618694368706,7,9,4,12,13,18,13,19,14,22
"3590","TRINITY_DN8898_c0_g1",-1.64781649176434,0.628878348473454,-6.58123029922703,2.22796198567034e-05,0.000870135409384743,3.05150778910319,76.38,77.16,81.52,57.12,69.79,26.39,16.85,32.81,27.29,8.69
"3591","TRINITY_DN89084_c0_g1",1.58966031497267,0.226191412002806,4.77181326784612,0.000415892851183585,0.00541344812272983,0.296045042343683,36.68,12.95,22.15,8.76,21.99,38.34,31.83,53.12,85.13,58.83
"3592","TRINITY_DN89088_c0_g1",-1.70020633338968,-0.959530509994386,-4.40361847364347,0.000796777669963463,0.00848030682764486,-0.320112360874083,35,37,17,16,28,5,4,7,11,4
"3593","TRINITY_DN89111_c0_g1",1.8476465878676,-0.275542229708945,6.26689618563251,3.58569387065433e-05,0.00115491104732226,2.49488766551749,13,15,9,17,9,53,33,33,39,35
"3594","TRINITY_DN89154_c0_g1",1.0153291320217,0.118004696273846,3.64210969635819,0.00320866737665358,0.0217901777316866,-1.64130250786733,16,13,28,24,28,44,21,41,48,40
"3595","TRINITY_DN89169_c0_g1",-1.38761420743318,-1.13299593695338,-3.42357647153322,0.00482895268554394,0.0285301941493745,-1.89041419437717,21,21,17,27,17,10,1,7,7,9
"3596","TRINITY_DN89191_c0_g1",-1.44626784155759,-1.24729242287441,-3.09777644895701,0.0089154921530339,0.0434107032886468,-2.41892027629949,28,19,18,8,27,6,4,12,3,5
"3597","TRINITY_DN89231_c0_g1",1.10162912641207,-0.922556409403029,3.07749892489084,0.00926289068852901,0.0445564347255149,-2.48785584054691,20,7,10,7,10,21,18,26,14,15
"3598","TRINITY_DN8924_c0_g1",1.3412390247529,2.69409879886735,4.90285971885029,0.000331378874441476,0.0046470410766613,0.234063526554939,132.84,83.78,114.14,152.22,68.36,392.72,245.74,333.19,211.27,192.33
"3599","TRINITY_DN8924_c0_g3",1.53122346988762,-0.636972000472949,3.20362114120342,0.00730318760037465,0.0378703777243059,-2.2945778663433,18.55,9.26,9.06,4.66,16.13,24.72,15.49,71.07,30.95,14.17
"3600","TRINITY_DN89288_c0_g1",-1.82911522611251,-0.961609423868864,-4.58872220391733,0.000573399003417778,0.00682072548732677,-0.0400738245970436,38,29,16,24,26,5,5,10,4,6
"3601","TRINITY_DN8934_c0_g1",1.1079513161648,0.930856874841181,4.61247338411808,0.000549867436860305,0.00660543164573417,-0.0325030242074735,24,33,41,37,43,98,42,69,80,72
"3602","TRINITY_DN8939_c1_g1",-1.00067988074494,0.422020418298502,-3.5544540286253,0.00377906049071295,0.0242968148882529,-1.83349444488796,56,42,48,51,57,28,18,13,55,14
"3603","TRINITY_DN8939_c1_g2",-1.10517192869267,2.3456920469686,-4.98559307639081,0.000287445102096758,0.00423338276952132,0.428206721219122,238,165.03,174.78,164,239.79,73,61,78.01,198,69
"3604","TRINITY_DN89481_c0_g1",-1.11859393672656,-1.7469214770245,-3.06400534413549,0.00950153564277153,0.0453877351100866,-2.45812492608853,11.66,10.98,17.47,11.83,10.45,4.06,3,3.39,5.09,3.87
"3605","TRINITY_DN8949_c1_g1",1.86180902847144,-0.90318661129476,5.05890024249195,0.000253606238855224,0.00390699376565188,0.668302255041922,9,7,14,8,5,25,16,21,46,20
"3606","TRINITY_DN8952_c0_g1",1.32221037334211,0.0079765808435816,4.16955875537157,0.00121490780244879,0.0112908964986873,-0.70625855233033,13.04,23.63,27.13,10.18,18.24,35.07,23.04,48.79,71.95,28.5
"3607","TRINITY_DN89596_c0_g1",1.24650144599471,-0.653867084577722,3.76586066087002,0.00254922862978169,0.018620761154653,-1.34513162613323,16,14,7,10,12,16,24,25,42,16
"3608","TRINITY_DN8960_c4_g1",1.21391488283543,-0.0951037396349713,4.12357680333866,0.00132083402213044,0.0119940871594297,-0.777796712139152,24.44,19.88,15.46,6.36,25.41,34.52,28.98,35.16,53.05,26.78
"3609","TRINITY_DN89629_c0_g1",-2.17561217526214,0.343341133743605,-8.61633819498466,1.38522136904689e-06,0.000175718679163091,5.44880922197579,75.4,88.54,61.62,66.56,66.15,16.84,13.28,16.17,17.63,6.68
"3610","TRINITY_DN8963_c5_g1",-1.41700377378402,-0.393217857570043,-5.07529546040377,0.000246625555438856,0.00383270284985991,0.776941669411205,37.68,26.6,38.58,37.66,27.76,14.78,6.47,12.35,9.17,10.86
"3611","TRINITY_DN89646_c0_g1",1.74805617533148,-1.25385873990448,3.33700065583056,0.00568174186140009,0.031937295863838,-2.02740445166284,8,4,2,12,13,14,7,20,32,24
"3612","TRINITY_DN89748_c0_g1",1.34241127903557,0.912934159576344,6.47768433267986,2.6022158824962e-05,0.00095811128796221,2.91707347635971,46,26,24,31,36,78,51,94,96,66
"3613","TRINITY_DN89837_c0_g1",-2.14226877424366,-0.289792055976247,-6.78080408798809,1.65840660351671e-05,0.000718926473087987,3.11614958217907,56,41,37,45,48,13,15,6,8,5
"3614","TRINITY_DN89885_c0_g1",-1.9036917425573,-1.40069908097046,-4.27574847124166,0.00100250671866761,0.00991505035687436,-0.58878242933611,15,21,30,13,25,7,3,6,4,1
"3615","TRINITY_DN8994_c1_g1",-1.20695067025374,2.76009591397758,-7.128596339725,1.00386962210946e-05,0.000539869603786654,3.76234892736049,218.94,254.68,308.18,291.1,266.83,134.46,108.93,98.11,172.98,72.72
"3616","TRINITY_DN89954_c0_g1",-1.28529787081928,0.959169383900608,-4.34586038519247,0.000883670799463467,0.00911598228912801,-0.493378771875448,99.03,71.22,75.67,48.13,122.77,29.89,21.38,27.48,71.77,17.82
"3617","TRINITY_DN90086_c0_g1",-3.60054841427336,-1.7471096032098,-7.14692788017131,9.78079231423548e-06,0.000531735920656032,2.38027092485924,25,33,30,20,34,3,0,1,3,2
"3618","TRINITY_DN90119_c0_g1",1.71735558353882,0.184766840662719,7.14982535942937,9.74067703889579e-06,0.000530712538164013,3.75450337462157,25.98,19.34,12.45,16.88,13.73,50.32,50.32,41.63,64.09,50.65
"3619","TRINITY_DN90146_c0_g1",1.44936865700224,-1.24226775069781,3.86625714036822,0.00211710471300558,0.0164706649902415,-1.17641557413659,9.12,11.11,6.09,7.04,4.05,19.1,8.04,20.35,18.2,16.82
"3620","TRINITY_DN90156_c0_g1",1.19041772547977,0.360086554928257,3.34913541786501,0.00555359218035485,0.0314224527258234,-2.19142171381743,13.35,21.82,15.72,48.9,30.26,45.33,57.16,34.03,64.04,41.86
"3621","TRINITY_DN9016_c0_g1",1.34660461244372,-0.801948419460018,3.16407088393492,0.00786823213271618,0.0398390185366951,-2.35100242277701,8,10,12,27,5,19,15,25,34,17
"3622","TRINITY_DN90190_c0_g1",-1.08399042897956,0.817785590669031,-3.51792893085938,0.00404627647984869,0.0253943609941881,-1.95615769399068,88,53,90,33,89,21,36,34,26,35
"3623","TRINITY_DN90252_c0_g1",-1.61513281642283,-0.347701124498641,-3.48751303523011,0.00428341268691528,0.026398933450462,-1.83504877341289,48,34,40,19,53,12.21,1,18,12,21
"3624","TRINITY_DN9028_c0_g1",1.10272856613643,4.10873797104065,9.81915902592877,3.32624784908637e-07,8.82039542662249e-05,7.09791198428269,299.9,263.37,278.92,360.99,320.05,722.33,578.34,705.26,733.2,524.81
"3625","TRINITY_DN90349_c0_g1",-2.28167203524725,0.674430671005651,-5.1793120084353,0.00020677926439898,0.00340387222815376,0.948345164591982,100,111,147,38,107,22,4,18,39,16
"3626","TRINITY_DN90396_c0_g1",-1.17559245906479,-1.00627671168533,-3.52442459328961,0.00399738705746544,0.0251973428133816,-1.73138449948337,19,24,22,12,26,5,9,8,7,8
"3627","TRINITY_DN9044_c0_g1",1.27516359853549,4.11259160256132,5.9241936808391,6.11790143940194e-05,0.00160102750896853,1.74771028312629,232,267,307,384,266,992,681,753,760,394
"3628","TRINITY_DN90497_c0_g1",-1.16015867732778,0.630905819552442,-3.94707227743955,0.00182427845349575,0.014911584479771,-1.15937087884377,76.83,67.75,71.52,26.94,78.27,27.07,19.41,35.03,25.47,19.7
"3629","TRINITY_DN9053_c0_g1",-1.54055738601593,1.77576245861898,-4.1841992210305,0.0011830547869188,0.0111071971683994,-0.886926638299075,133,106.89,234,232.71,103,82,51,72.02,48,20
"3630","TRINITY_DN90534_c0_g1",-1.113183490588,-0.434238317079967,-3.00486948014549,0.0106219607657212,0.0489224510396801,-2.67629007349414,34.06,29.46,22.48,28.71,32.38,3.27,12.49,17.5,19.56,11.99
"3631","TRINITY_DN9054_c0_g1",-2.85768725205862,0.427637517495043,-5.86080685312335,6.76544374429134e-05,0.0016982762688024,1.98313106468472,144.56,69.28,145.07,39.11,125.31,16.6,5.17,19.67,14.83,5.58
"3632","TRINITY_DN90550_c0_g1",-1.0880483656443,-0.42988828194811,-3.69263983182768,0.00292056106283628,0.0204261179467869,-1.48834847796831,24.82,28.15,27.63,20.78,50.66,9.66,11.02,12.06,15.5,9.97
"3633","TRINITY_DN90552_c0_g1",-2.02415065958029,-1.62700981905397,-4.28008753130907,0.000994692612098498,0.00986245242461146,-0.641731789829945,24,14,13,22,18,5,4,1,4,3
"3634","TRINITY_DN90701_c0_g1",-4.38437888325214,-2.89861570689005,-8.01862397639396,2.97614877343814e-06,0.000266373329986017,2.95054417879182,15,13,15,17,26,0,1,0,0,0
"3635","TRINITY_DN9072_c4_g2",1.60958557332493,-0.630747769747558,4.78345442603574,0.000407546819570454,0.00533268174550641,0.304934961614251,10,7,14,11,11,22.99,22.15,23,29.42,43
"3636","TRINITY_DN9077_c0_g1",-1.345001720821,0.874065630246299,-4.0128654379846,0.00161679809576092,0.0137828720020467,-1.0695260553931,101,65,88,37,120,31,14,21,61,26
"3637","TRINITY_DN90851_c0_g1",2.04810256022252,-0.258702400688423,3.32974233152953,0.00575981765557989,0.0321851523929896,-2.1041816274091,37,7,7,7,13,90,17,55,24,65
"3638","TRINITY_DN9088_c0_g1",-1.31512449393338,0.771104121249314,-5.47004578278203,0.000127366671851932,0.00249450604398287,1.39960965730434,96,79,71,44,74,27,15,31,45,19
"3639","TRINITY_DN91029_c0_g1",-1.17180423645346,-0.184959118796598,-3.14476922174533,0.00815972611568864,0.0408543563367908,-2.47120160598813,37,23.98,33.22,60.48,29.35,15.02,23.79,13,9.51,11
"3640","TRINITY_DN91042_c0_g1",1.386808679595,-1.04912229062225,4.10449210949487,0.00136755664089448,0.0122723852923087,-0.786441952718425,14,9,5,7,9,18,10,21,22,23
"3641","TRINITY_DN91118_c0_g1",1.34393051811082,-0.676435958317885,3.18272780267165,0.00759641187369212,0.0388664156063881,-2.33132922406233,21,6,9,6,21,18,11,31,38,31
"3642","TRINITY_DN9116_c0_g2",-1.06737379689664,3.57697681198157,-7.63854730231906,4.943659776578e-06,0.000355746363495303,4.39530085350634,476.55,422.23,545,317.68,494.6,251.82,157.2,175.81,282.78,214.85
"3643","TRINITY_DN91164_c0_g1",-1.94637316815527,0.535373900566992,-5.16212176146852,0.000212867900230114,0.00346914136324678,0.922556759229716,65.29,60.74,74.39,115.8,71.78,11.8,4.45,27.12,26.57,29.74
"3644","TRINITY_DN91165_c0_g1",-1.28203171944196,-1.82074579605892,-3.38056296346431,0.0052351159812858,0.0301648447775128,-1.97375842813882,10.38,11.03,13.75,12.92,13.81,4.2,1.08,5.54,4.3,2.1
"3645","TRINITY_DN9124_c3_g1",1.02538932957641,-0.446896529385107,3.20266316540891,0.00731637992816229,0.0379148263536922,-2.3372556026733,23,8,17,10.3,17,23,26,16,40,26.03
"3646","TRINITY_DN913_c3_g3",1.08735895094931,-0.772874414463559,3.07113388188003,0.00937470562176871,0.044946835868632,-2.51834558146508,15,11,6,19,9,21,18,16,20,26
"3647","TRINITY_DN9155_c1_g2",1.0124790316553,-0.0837842053013603,3.61591379489289,0.00336928310361177,0.0225068833665225,-1.66344776267526,18,15,13,20,27.01,48,22,36,29,32
"3648","TRINITY_DN91599_c0_g1",1.92903602277118,-1.39696771971192,3.98968229965688,0.0016869848301497,0.0141823363806835,-1.01461840669424,10,5,12,1,7,20,10,19,29,14
"3649","TRINITY_DN91624_c0_g1",-1.4912079145579,-0.9927254927569,-3.42869687195403,0.00478277772977121,0.0283548362661772,-1.88520500375565,27,22,30,16,25,15,2,4,21,2
"3650","TRINITY_DN9163_c0_g1",1.18835153366058,4.82097115120656,13.9934895436272,5.81006471026255e-09,8.04580988890886e-06,11.1425382000463,499.61,451.47,459.77,489.25,503.25,1118.34,1053.46,1072.77,1168.56,1055.92
"3651","TRINITY_DN9165_c0_g1",2.3854187234388,2.67271835183554,11.6129880060922,5.02868878964174e-08,2.91506072360476e-05,8.93681288826519,60,68,92,82,69,473,382,408,424,237
"3652","TRINITY_DN91769_c0_g1",-2.17558000276775,-1.38260088705187,-3.23733178501557,0.00685387840840432,0.0361955932515022,-2.18641096833206,23.03,19.05,17.12,18.29,36.57,0,6.95,9.94,11.04,2
"3653","TRINITY_DN9193_c0_g1",1.92146748799055,-1.21295257278567,4.60679034842751,0.000555404887193657,0.00666231949982323,-0.0586679495203049,10,6,10,4.68,4,19.99,9,24,34.69,18.46
"3654","TRINITY_DN9194_c0_g1",1.14519074628031,-0.231646089119218,3.6306234172367,0.00327810968059507,0.0221138908863384,-1.6165574557387,23,20,17,6,18,25,35,38,30,29
"3655","TRINITY_DN9196_c0_g2",-1.45887847709589,-0.971573949363607,-3.2992728433927,0.00609956909344681,0.0334707559730989,-2.10277790378262,39,16,20,28,18,8,6,2,12,9
"3656","TRINITY_DN92_c0_g1",-1.31766290836846,4.79464995021765,-17.2314967967617,4.95418928370251e-10,1.89985537200324e-06,13.540698780838,1190.82,1107.86,1122.49,982.06,1289.05,481.34,406.91,460.52,536.82,394.39
"3657","TRINITY_DN92078_c0_g1",-1.50423097542993,-0.693170497061498,-3.17671436297086,0.00768297830701801,0.0391435378170433,-2.3331267787015,42,33,11,29,36,5,11,11,8,7
"3658","TRINITY_DN92382_c0_g1",-1.54198511179252,-0.688989336590809,-4.41834843947983,0.000776069185629441,0.00832925233825286,-0.272577560994401,48.61,28.62,26.65,19.13,27.49,10.62,2.1,10.8,14.76,5.33
"3659","TRINITY_DN92401_c0_g1",1.7418019541224,-0.383174512299762,3.9458949229755,0.00182823114006263,0.0149340991357598,-1.05000379794528,5,21,15,10,16,36,14,39,56,36
"3660","TRINITY_DN92420_c0_g1",3.66294704845834,-2.22606810559615,4.70917303252065,0.000463967371580472,0.00585129404892518,-0.197661132359422,0,10.27,0,6.48,0,22.85,8.03,24.42,19.94,17.99
"3661","TRINITY_DN9248_c0_g2",1.10579213149333,-0.500534424679754,4.64028762540887,0.000523582944624322,0.00636483309884329,0.0934167071201886,18.56,12,12,12,12.25,25.39,17.85,24.7,29.03,27.91
"3662","TRINITY_DN92766_c0_g1",-1.64179900708692,2.04111044518653,-3.94544522654475,0.00182974321143015,0.0149392656543859,-1.35941608502492,107.5,210.79,342.96,127.13,242.48,84.16,62.13,25.49,133.68,33.44
"3663","TRINITY_DN9279_c0_g1",1.17059638977142,1.86447512796021,5.65395973435618,9.43147761383399e-05,0.00208535047993014,1.60682519604683,108.2,72.57,56.17,42.7,52.9,155.88,122.6,164.64,140.12,122.61
"3664","TRINITY_DN928_c0_g1",-2.14221008316856,3.42962408902966,-8.47532130729298,1.65325972435815e-06,0.000191478430288456,5.54102491963092,621,691,690,364,640,247,72,169,144,84
"3665","TRINITY_DN92887_c0_g1",2.42387499463231,-1.4595603477664,4.65559851080446,0.000509675769188558,0.00625680032537729,-0.110116190878395,11.7,2.21,4.44,1.08,9.12,33.84,18.69,17.17,20.38,15.4
"3666","TRINITY_DN92901_c0_g1",-1.25381255425331,-0.390585393921658,-3.47993789827248,0.00434463707944931,0.0266379525669396,-1.85454218561488,38,30,41,21,32,4,11,13,27,10
"3667","TRINITY_DN92932_c0_g1",-1.64233254044124,-1.45011918748373,-4.06187546109779,0.00147814596990598,0.0129416949486693,-0.902830908293412,24,15,24,10,20,5,4,5,7,1
"3668","TRINITY_DN93_c3_g3",-1.30748450444521,1.03026035842297,-4.44262465686026,0.000743150186305801,0.00811216690122686,-0.332156678258055,82,99,87,72,86,22,15,25,85,38
"3669","TRINITY_DN930_c0_g1",-2.23826944854578,0.138865441829079,-5.24669866614506,0.000184617639175324,0.00315737329873326,1.05738901161392,56.33,65.25,78.09,38.22,84.73,10,6.22,3.89,22.08,32.36
"3670","TRINITY_DN93078_c0_g1",-1.63669887356326,-0.717645630757259,-3.21679009303386,0.00712424295140452,0.0372056799151816,-2.25721938352147,37,22,36,23,30,17,7,1,19,8
"3671","TRINITY_DN9309_c0_g4",1.0194865794362,1.52966294422914,3.85133551710272,0.00217624437762185,0.0167788912708912,-1.46564668539307,35.83,57.51,60.84,54.31,66.73,90.33,92.02,67.19,169.72,126.48
"3672","TRINITY_DN931_c0_g3",-1.99710135982508,0.740834946816353,-6.8209616138336,1.56375509749727e-05,0.000697143055980395,3.38401073335083,91.95,78.39,90.93,81.6,92.25,23.12,19.44,46.15,16.19,8.19
"3673","TRINITY_DN93137_c0_g1",-1.51322219539688,-1.53189118611729,-3.32505083648514,0.00581085853497635,0.0323710728063667,-2.04699886098423,16.8,16.48,12.97,13.88,18.86,2.1,2.15,7.92,2.09,11.08
"3674","TRINITY_DN933_c0_g1",-1.0269713977446,3.25373264277145,-5.96385291470795,5.7463025882431e-05,0.00154017919266128,1.92759368090926,311.97,295.46,381.8,390.94,374.26,247,167,193.91,149,124
"3675","TRINITY_DN93329_c0_g1",-1.05497335501631,0.485409492082137,-3.92767549431513,0.00189053336414573,0.0152852351285691,-1.17725303677431,77,58,48,29,67,23,14,28,38,18
"3676","TRINITY_DN93361_c0_g1",-1.54006177903059,-0.641627252393196,-4.86269043263492,0.000355189502125239,0.00485529537961325,0.425164026094381,46,23,24,24,36,6,5,9,16,7
"3677","TRINITY_DN93469_c0_g1",-1.82419029335063,-0.738545932274155,-5.61510441356128,0.00010045545752987,0.00215701239122877,1.48679792051957,36,29,23,23,44,8,6,10,7,4
"3678","TRINITY_DN9363_c3_g1",-1.72806984198441,4.44642517491785,-16.590032939946,7.78569818127145e-10,2.1563356190607e-06,13.0763852123088,1056.44,925.33,1150.63,813.49,1245.53,284.94,254.5,338.91,387.96,294.39
"3679","TRINITY_DN93631_c0_g1",-1.95490575336156,-1.05432956426311,-4.18670119485965,0.00117769821708837,0.0110651694716371,-0.672699821041728,32,23,27,16,32,1,4,7,9,11
"3680","TRINITY_DN9365_c0_g1",1.07137630595445,0.970242432029763,3.81268329829402,0.00233744482313701,0.0175841220980563,-1.44862750290424,29.69,40.4,49.92,31.43,34.82,68.83,47.38,82.61,146.32,42.6
"3681","TRINITY_DN93736_c0_g1",-3.5870073020963,-0.876966526308117,-9.17634969385448,7.00416261279471e-07,0.000128480952245513,4.45529582590659,58.69,52.06,49.91,42.73,43.93,1.03,3.13,4.2,3.1,3.1
"3682","TRINITY_DN93761_c0_g1",-2.18464401357116,-1.28501013931598,-4.95182992315236,0.000304589153617619,0.00439753347098151,0.373595828447661,27.28,25.13,29.45,21.92,17.59,1.09,4.71,5.53,9.16,1.1
"3683","TRINITY_DN9377_c1_g1",-2.9457507591828,-1.22857448093598,-4.46665182451456,0.000711994234570735,0.00788854414323193,-0.355546101017064,71,29,31,16,26,7,6,1,2,3
"3684","TRINITY_DN93776_c0_g1",-1.21367413414578,-0.915099449324882,-3.45858662459367,0.00452202836989967,0.0273907073187831,-1.84471488332251,20,26,21,13,35,8,3,7,11,11
"3685","TRINITY_DN93916_c0_g1",-1.01215350776229,-0.174893292806745,-3.04978231897707,0.00975973680344158,0.0462458092255464,-2.64150692071247,33,44,35,37,25,15,15,16,28,5
"3686","TRINITY_DN9399_c0_g1",4.01277607311869,2.30833793494018,4.41992348400909,0.000773888168575687,0.0083200554513536,-0.441203685050576,93,29,35,25,16,2470,250,422,333,397
"3687","TRINITY_DN94074_c0_g1",3.14384964846764,-1.93234017926515,4.18210961132537,0.00118754780232702,0.0111220778864191,-0.884263849852148,5.04,2,7,0,4,48.01,12,11,17,18.07
"3688","TRINITY_DN94109_c0_g1",1.31021434128705,-1.44964401387415,3.7042759020245,0.00285804451249722,0.020105463202118,-1.44317890481713,8,9,4,6,7,17,9,17,12.02,12
"3689","TRINITY_DN94117_c0_g1",1.14829812770686,0.0304573068418676,4.36968145183289,0.000846700151408276,0.00885013028034568,-0.369418332675432,15,16,17,27,21,32,28,42,41,45
"3690","TRINITY_DN94127_c0_g1",-2.77332870813689,-1.36630752579738,-5.73748815692838,8.24141919159789e-05,0.00191721638338185,1.24636621601051,28,22,29,21,35,6,2,5,1,3
"3691","TRINITY_DN94131_c0_g1",-1.26898431573957,-0.934035969533251,-3.17395228753133,0.00772307111222788,0.0392915873209405,-2.32054655665051,28.01,20,33,10,25.01,8,14,7,7,4
"3692","TRINITY_DN94166_c0_g1",-2.17999144640191,-1.29765922045152,-5.40390925458189,0.000142062442548481,0.00267355188688918,0.971146662932799,22.09,19.9,28.22,18.07,30.35,6.15,5.92,1.53,5.94,1.5
"3693","TRINITY_DN94260_c0_g1",-1.4319850338241,-1.28570535950079,-3.27818030689969,0.00634654230902651,0.0343906710578151,-2.12267376276927,29.47,15.83,28.33,12.37,13.72,4.03,2.05,6.52,14.66,2.02
"3694","TRINITY_DN9428_c0_g3",1.08289340269169,0.6987792048959,4.94090005169032,0.000310365531208223,0.00445458778189827,0.543056655093237,26.82,37.73,35.17,30.44,22.8,50.39,54.7,67.42,64.24,58.09
"3695","TRINITY_DN943_c3_g2",1.02119173798761,1.39654183522196,4.1924246860679,0.00116553861688372,0.0109807660620675,-0.829475044343314,58.65,68.84,40.01,39.25,43.94,136.42,99.55,92.14,114.45,52.89
"3696","TRINITY_DN9433_c0_g1",-1.15369644752827,4.33083428333276,-8.24931406564651,2.20507991842072e-06,0.0002225227635444,5.14796625684515,720.8,747.34,1009.04,599.31,875.79,380.82,232.06,391.21,501.47,284.62
"3697","TRINITY_DN94350_c0_g1",-2.11990525546415,-1.7566616427709,-5.24910928054798,0.000183872604389131,0.00314787120419345,0.568216376719326,24,15,15,13,19,2,1,2,5,4
"3698","TRINITY_DN94468_c0_g1",-1.74499996254406,0.353130750613921,-5.59935430817405,0.000103063264944386,0.00218793053555982,1.60820678968163,77,53,81,41,66,21,14,24,27,5
"3699","TRINITY_DN945_c2_g1",-1.14799226719505,2.54367208754764,-6.36166807999767,3.10205047409238e-05,0.00106887644145214,2.64656798175124,220,181,290.04,264,177,103,96,104,97,100
"3700","TRINITY_DN945_c2_g2",-1.13321665207598,5.3712215048555,-8.22951641110203,2.26202957903351e-06,0.000226899317109774,5.02856820392396,1695.02,1396,1803,1704,1396,624.49,856.07,742.01,939,512
"3701","TRINITY_DN9451_c2_g1",1.45626961600551,-1.32337690405902,3.79141941081312,0.00243129531408825,0.018082554869945,-1.29973706093085,5,7,5,14,7,18.3,14,13,16,15
"3702","TRINITY_DN9453_c1_g1",1.21894635401905,-0.550400830048001,3.81057906957297,0.00234656423115656,0.0176365545930722,-1.27671279140616,9,11,22,15,10,33,16,25,35,19
"3703","TRINITY_DN94634_c0_g1",-3.49732805015426,-2.20531275419059,-4.79589388490132,0.000398821354760532,0.00525030394570449,-0.0896882749667993,24.14,9.15,21.23,20.47,31.23,0,1.02,6.88,1.02,0
"3704","TRINITY_DN9464_c0_g1",-1.38238072873394,-1.3222864080067,-3.76289816584398,0.00256327183859919,0.0186800749284812,-1.34500405164668,20,15,17,20,16,6,5,2.01,6,8
"3705","TRINITY_DN94649_c0_g1",-1.59931394510696,-1.63500966116834,-4.00884849814886,0.00162874050713759,0.0138562458195103,-1.01045851363656,16,14,14,13,20,10,2,4,3,2
"3706","TRINITY_DN9473_c0_g1",-1.55725063306186,-1.1506865348333,-4.07185497993495,0.00145144844768897,0.0127910658410179,-0.850981383941054,15,23,23,21,26,8,4,3,12,3
"3707","TRINITY_DN94762_c0_g1",1.71936044011884,-1.0662889857016,3.77957198737887,0.00248525102588291,0.0183469893963188,-1.31128262364133,6,4,8,16,9,23,9,35,24,18
"3708","TRINITY_DN9478_c1_g3",-2.9665874707429,0.541070606650575,-8.52154694553164,1.5597547755701e-06,0.000187197895644227,5.32233678485718,101.11,77.67,98.42,94.75,178.72,16.3,4.02,15.72,12.04,14.32
"3709","TRINITY_DN94832_c0_g1",2.0108929524796,-1.99506558150995,3.06914676485673,0.00940988904447214,0.0450591872571385,-2.46745431728956,8.08,10.26,3.94,0,3.02,13.22,18.02,10.09,11.35,7.46
"3710","TRINITY_DN9484_c0_g2",1.01725007984509,-0.20166125575733,4.3897005983003,0.000816871470947253,0.00863744481684897,-0.323188574590377,22.03,12.99,24.51,12.33,14.74,32.04,22.93,31.68,39.1,25.88
"3711","TRINITY_DN9485_c0_g1",-2.21746527828228,-0.562401986240961,-4.3483320416979,0.000879758134456177,0.00909174591149332,-0.387174593120402,65.03,32.06,18.8,35.91,57.25,3.25,4,11.09,6.38,12.53
"3712","TRINITY_DN9497_c0_g1",1.11466468825855,0.456609268089724,4.53147883189876,0.000634520688350633,0.00731619862424685,-0.126339282730986,25,26,35,24,19,76,48,42,57,35
"3713","TRINITY_DN9501_c0_g1",1.03815378026093,3.19390041369475,4.19366834751006,0.00116291365202436,0.0109677777344369,-1.12872565714873,161.27,138.14,182.89,210.59,143.88,438.54,318.36,179.88,510.7,331.95
"3714","TRINITY_DN9503_c0_g1",1.98181563837668,-0.498958580154244,3.81885368433223,0.00231091215563003,0.0174613079982031,-1.25328563827044,6.18,4.74,12.54,15.54,19.39,70.76,12.74,43.62,41.63,25.22
"3715","TRINITY_DN9504_c0_g1",2.43964203257661,1.12508140208951,9.83562944500336,3.26503817946439e-07,8.79848369518046e-05,6.9325931065838,20.95,33.99,20.99,17.97,39.98,172.13,92.45,135.72,170.73,95.99
"3716","TRINITY_DN9511_c0_g2",1.60406357589891,1.57425656256917,6.04211558235001,5.08117601262524e-05,0.00142710911412623,2.25037030233014,72,38.01,42.01,65.73,26,148,101.84,174,157,96
"3717","TRINITY_DN95223_c0_g1",1.40017289279051,-1.19511644948584,3.26357061931358,0.00652349556189608,0.035042747517126,-2.15117612023246,18,5,6,3,13,14,12,23,28,11
"3718","TRINITY_DN95297_c0_g1",-5.60334781624832,-2.66826921195749,-10.5569200733682,1.48175137485048e-07,5.59619327957735e-05,4.50725158887651,34,29,36,14,42,0,0,0,0,0
"3719","TRINITY_DN9530_c0_g2",1.21494627929137,2.86279377995183,6.33785513407327,3.21669148074752e-05,0.00108941386134311,2.57231496460069,221.02,88.13,140.46,90.45,110.66,288.88,228.12,329.6,312.31,286.02
"3720","TRINITY_DN95350_c0_g1",1.31613128900394,-1.41986322615564,3.09402111313196,0.00897883079935098,0.0436207723793278,-2.41744684850648,20,4,4,4,9,12,9,19,18,12
"3721","TRINITY_DN9541_c1_g1",-1.0092701261993,4.11486126700569,-6.72995007818694,1.78708041493141e-05,0.000751825484604014,3.01318161668348,744,714,703,451,607.01,349,258,270,495,250
"3722","TRINITY_DN9542_c0_g2",1.71068308277593,1.50293618518679,8.70174163370781,1.24578226586483e-06,0.000164534224217336,5.81689779810747,35,40,35,48.03,55,160,99,146,165,97
"3723","TRINITY_DN95525_c0_g1",2.60607671546306,-2.2102453812845,3.12834988360481,0.00841620226436434,0.0417216376026934,-2.38782745392875,10,1,0,3,6,17,14,17,5,15
"3724","TRINITY_DN9567_c0_g2",-1.64910933911765,0.00549932311755583,-5.87333204514027,6.63197813082421e-05,0.00167967929546916,1.9966483775696,78.07,40.01,40.5,39.78,46.14,14,7.99,17.65,20.02,8
"3725","TRINITY_DN9576_c0_g1",1.11947706335299,1.55697247216726,5.84150304145953,6.97671939071289e-05,0.00172610616270576,1.93420696139727,58.48,32.97,71.06,57.87,52.39,132.49,83.73,102.51,151.83,94.22
"3726","TRINITY_DN95830_c0_g1",-2.27699496567223,-0.701274791829992,-5.67064937043371,9.17997410727406e-05,0.00205592654613627,1.53074955062274,40.23,33.48,45.93,17.23,52.51,3.04,5.05,6.07,9.28,6.06
"3727","TRINITY_DN9584_c0_g4",1.30712711138917,-0.535910254292247,3.10804430134648,0.00874458542287205,0.042882531682711,-2.47957490428144,13.03,6.99,16.13,19.36,10.02,24.13,31.98,47,26.9,12
"3728","TRINITY_DN9586_c0_g2",1.34133495975529,1.68926810661707,8.12848926683574,2.57813842542668e-06,0.00024622209755325,5.14431603487859,45,50,59,54,62,167,106,117,170,107
"3729","TRINITY_DN95904_c0_g1",-3.3331087488707,-2.4772336608245,-5.45823742819148,0.000129868409072225,0.00252706081088121,0.659358655738062,20,11,19,12,18,0,1,1,0,4
"3730","TRINITY_DN9606_c5_g1",-2.0478811871241,1.53483455804548,-6.14685324085124,4.31564308038007e-05,0.00128753892571028,2.41971257524987,199.7,155.36,160.39,116.22,147.6,40.7,9.39,24.71,90.55,48.65
"3731","TRINITY_DN9609_c1_g1",1.76937965873178,-0.88537863633944,4.11134368672585,0.00135058963415664,0.0121821865445289,-0.772948811635992,7,13,14,3,10,21,23,32,40,12
"3732","TRINITY_DN961_c0_g1",-1.13412735578474,10.0258017432282,-8.92495306247295,9.47502833439288e-07,0.00014401176449832,5.68115635987405,31308.4,32296.73,47654.85,32727.68,39931.55,18912.03,12881.73,21255.34,24609.47,16621.27
"3733","TRINITY_DN962_c13_g1",-1.46710860248094,-1.35137649577848,-3.98051593125723,0.00171559422557027,0.0143382261403779,-1.00789660442696,28,21,16,10,18,4,4,6,6,4
"3734","TRINITY_DN9629_c0_g1",1.41583221460373,0.52786587682746,5.36956900278988,0.000150386187894315,0.00277058485775878,1.24920994033999,32.08,18.22,21.19,15.93,37.44,58.68,33.52,77.73,68.34,66.41
"3735","TRINITY_DN9644_c0_g1",-2.8718954296184,-1.46525573915601,-3.30361739270005,0.00604991519879873,0.033296433072369,-2.10264062326117,40,22,12,60,21,5,3,0,6,3
"3736","TRINITY_DN9649_c0_g3",1.17461602597913,-0.619971259083667,3.62206454148468,0.003330848969739,0.0223429512497845,-1.59267293381044,9.56,13.42,9.58,11.52,18.41,16.29,14.64,25.85,39.17,25.34
"3737","TRINITY_DN96510_c0_g1",-1.47794727844805,-1.2095447344305,-3.62306816337486,0.00332462019430551,0.0223238680798351,-1.56540215446141,18,20,14,18,28,6,7,3,4,10
"3738","TRINITY_DN96557_c0_g1",-1.40959855582922,-1.4371917709155,-3.47146589666386,0.00441416344848976,0.0269482354148371,-1.81296511598063,17,20,13,14,20,3,5,8,9,1
"3739","TRINITY_DN9656_c0_g1",-3.73709818250924,-0.724403442252224,-8.44661245615037,1.71433246677538e-06,0.00019379731624978,4.02826654138031,79,53,76,42,47,3,2,7,3,2
"3740","TRINITY_DN9662_c0_g1",-1.43709577349888,4.51574548568617,-7.60315135508603,5.18743612412006e-06,0.000365783950630491,4.25326925417022,1074.51,854.65,1094.66,614.99,1383.43,338.58,308.28,333.73,365.24,478.67
"3741","TRINITY_DN9668_c0_g1",-1.78587438995038,0.0834895107628939,-6.26454483818957,3.59866312936332e-05,0.00115491104732226,2.55642718130428,37.88,45.65,71.82,50.69,61.29,12.43,6.95,15.03,16.09,16.11
"3742","TRINITY_DN9673_c0_g1",1.99170199026198,-0.201493598829598,4.0338135660312,0.00155596420133136,0.013420121082544,-0.908435503135548,15,16,14,12,7,25,25,44,132,33
"3743","TRINITY_DN9696_c3_g1",1.2902254507945,-1.22819051421485,3.26350092772628,0.00652435147833096,0.035042747517126,-2.15130050427187,13.91,8.94,11.44,3.84,5.21,22.08,9.65,12.07,26.99,11.76
"3744","TRINITY_DN9697_c1_g1",-1.07958446515084,3.64978247667343,-5.62157599647811,9.94041577269148e-05,0.0021425675911987,1.31107914765625,470,669,388,513,365,227,216,241,239,190
"3745","TRINITY_DN9706_c0_g1",1.04632472738763,2.0240495998015,8.77022054677988,1.1448205578567e-06,0.000161222427318729,5.93688540067441,73,67,80,72,79,154,130,141,188,140
"3746","TRINITY_DN9707_c0_g1",-1.06726780218649,2.59811367374182,-6.92857226228382,1.33730092026757e-05,0.00064112250877826,3.48668822765151,270,229.94,261,162,217,96,100,88,153,105
"3747","TRINITY_DN9709_c0_g1",-1.21681096861994,0.265246690277229,-4.47542116922494,0.000700963672316172,0.00779747815249312,-0.204436425897933,48.33,42.79,59.38,47.89,46.41,18.63,21.12,28.09,24.4,7.12
"3748","TRINITY_DN9716_c0_g2",-1.04297829879589,-0.5482111814179,-3.46208071218502,0.00449250342265923,0.0272795095164228,-1.87515162261901,32.9,27,27.85,19.84,24,7,16,12,9,13
"3749","TRINITY_DN9720_c0_g1",1.00536624640664,0.73118983772384,4.99534591466533,0.000282683088863046,0.00418053990776904,0.630367463838629,27.08,40.12,40.24,25.02,27.01,60.44,51.17,63.72,62.01,56.01
"3750","TRINITY_DN9721_c1_g1",2.52525485684143,-0.777636780643871,6.30329946843107,3.3910943374936e-05,0.00111772869970153,2.28259344887083,5,4.99,9.43,10.77,7.86,40.98,37.48,21.75,38.05,35.45
"3751","TRINITY_DN9747_c0_g1",1.43041930208263,-0.334603396889574,4.2909885728593,0.000975338150002789,0.00974287684973823,-0.477956576949174,19,21,5,12,16,34,27,28,36,32
"3752","TRINITY_DN9757_c0_g4",1.0395912540521,1.96713708577424,3.51050669929234,0.0041028842769356,0.0256349279180437,-2.168128818197,38.39,101.96,79.66,96.91,67.03,235.21,103.64,138.97,162.67,102.35
"3753","TRINITY_DN9757_c4_g1",2.00462201999453,0.0137350505163492,6.18216354128835,4.08587667948623e-05,0.00124751534846018,2.42702197142068,17.71,16.93,10.7,19,9,59.26,56.63,33.69,51,53
"3754","TRINITY_DN97632_c0_g1",1.17793159680446,-0.308592197890176,3.04579381339992,0.00983339343689166,0.0464711501573002,-2.62561372671996,15,23,12,8,19,42,28,44,17,26
"3755","TRINITY_DN97636_c0_g1",-1.89015214552056,-1.59779410443536,-3.33571077186997,0.00569553825110109,0.0319823911277475,-2.03584758097196,19,14,11,15,29,4,3,6,1,7
"3756","TRINITY_DN97654_c0_g1",1.42151430988606,-0.874103575983314,3.68041876817951,0.00298772602270467,0.0207418333672046,-1.47562762333349,8,23,8,9,6,24,14,25,20,23
"3757","TRINITY_DN97688_c0_g1",3.27259531617398,-1.30690308827755,3.24348179293928,0.00677496004815601,0.0359149754832818,-2.19257079967281,12,1,9,1,5.56,29,10,98,22,44.64
"3758","TRINITY_DN97705_c0_g1",3.16703468769906,-2.32813503309508,5.82196987207302,7.19760410312161e-05,0.00175807034469829,1.05281182699556,4,2,0,1.71,4.73,17.37,11.79,18.74,12,10.77
"3759","TRINITY_DN97724_c0_g1",-1.50804327526765,-1.46892231747654,-3.06478653987743,0.00948755344232141,0.045339628236201,-2.46059539311396,20,20,11,12,21,11,7,5,2,2
"3760","TRINITY_DN9773_c0_g1",1.19658052147312,-1.18062991182716,3.17541233165237,0.00770185178824278,0.0392156487794165,-2.29975860593479,15.4,5.92,9.46,5.24,8,27.17,13.97,10.09,19.04,12
"3761","TRINITY_DN97734_c0_g1",1.77312609848724,0.492794018917719,5.6543783985739,9.42508059382362e-05,0.00208535047993014,1.69362254373508,11,18,21,23,40,86,58,70,59,56
"3762","TRINITY_DN97740_c0_g1",2.15059939077814,-1.44096866414158,3.02478647871065,0.0102305990265003,0.0477418378047476,-2.51986729075065,30,2,4,7,2,42,15,10,19,17
"3763","TRINITY_DN97759_c0_g1",-1.72682850411416,-0.414103669049554,-4.41715133375038,0.000777731124035829,0.00833452917595834,-0.267821241391332,47,46,24,26,46,13,3,6,11,20
"3764","TRINITY_DN97775_c0_g1",-1.64093127354538,-1.09575728604677,-4.14056264503278,0.00128063575489864,0.0117273207731377,-0.74063909046825,31,28,24,11,25,10,3,6,9.13,2
"3765","TRINITY_DN97797_c0_g1",-1.10047118362633,-1.03349072637154,-3.63889159651088,0.00322797027645856,0.021873590076429,-1.5413306276529,29,21,17,15,17,8,6,9,7,6
"3766","TRINITY_DN9782_c0_g1",1.86338276852484,-1.83952672188405,3.8157141464332,0.00232437337736011,0.0175279059115918,-1.34528091904671,11.24,5.07,4.03,1.02,3.01,8.92,10.12,14.03,15.06,14.03
"3767","TRINITY_DN97822_c0_g1",-1.18096391496409,1.21694010707066,-4.79457219774817,0.000399739103122771,0.00525937668086702,0.251113780723303,152.85,81,67.46,72.87,100,31,35,38.99,56,31.4
"3768","TRINITY_DN97833_c0_g1",1.81044607650075,3.25792937761388,6.45158409402704,2.70670316227651e-05,0.000981361983628879,2.71296778206309,135,134,111,143,135,676,540,494,293,405
"3769","TRINITY_DN97848_c0_g1",1.62598300416223,1.2059689941404,4.69253673589782,0.000477685074451734,0.0059807655449952,0.0841510054029628,30,27.63,41,51,30.21,64.91,173,108,92.46,107
"3770","TRINITY_DN97871_c0_g1",-1.15388343333734,0.216268165501515,-3.85812839329533,0.00214911443059798,0.0166573074795711,-1.26737357707207,58,37,54,26,67,22,7,22,30,17
"3771","TRINITY_DN97873_c0_g1",-1.14768368233678,0.962038401118078,-4.55920190435101,0.000604114928780992,0.00707634904711437,-0.125210793492839,79,66.32,93,55,95,33,14,32,66,29
"3772","TRINITY_DN9789_c0_g1",1.36987665863279,-0.795869238785252,3.6497677329591,0.00316320487091557,0.0215486499731053,-1.53065140600442,17,9,4,14,11,34,14,18,25,22
"3773","TRINITY_DN97897_c0_g1",-2.22880900236761,0.0916757995612738,-7.41729279244334,6.69581242699975e-06,0.000424150364578423,4.00432564073191,86,63,55,42,68,15,9,9,23,5
"3774","TRINITY_DN97927_c0_g1",-1.66578392899394,-1.13622837137847,-5.16501976239376,0.000211828424831352,0.00345799343891038,0.768402679736133,29,24,24.85,16,18.36,8.23,3,5.48,6,4
"3775","TRINITY_DN97935_c0_g1",-2.81654979143427,-1.6476332092023,-4.13954551578067,0.00128300694127348,0.0117447199859175,-0.909142038660404,30,20,38,11,23,3,3,0,3,7
"3776","TRINITY_DN97939_c0_g1",-3.52841625770878,-0.18060152186977,-7.14438869824624,9.81609142654148e-06,0.000533073644757486,3.3338145752309,125,65,95,41,94,4,3,4,17,4
"3777","TRINITY_DN98062_c0_g1",1.03627338953513,0.706917392538513,3.76523432332837,0.00255219109813478,0.0186314808632762,-1.49643153483071,40,17,50,31,25,76,63,58,62,39
"3778","TRINITY_DN98067_c0_g1",-1.89945115326126,0.00339836688892139,-7.39599474079414,6.89641755371609e-06,0.000430296751320912,3.9872735062455,59,48,61,32,62,15,7,9,18,12
"3779","TRINITY_DN981_c3_g1",2.66343471739936,-1.8376133657508,4.71413709188667,0.00045995421626605,0.00581453607418498,-0.187353357203191,6.27,0,5.14,5.1,3.02,21.75,11.29,16.31,19.38,14.79
"3780","TRINITY_DN98171_c0_g1",1.61005635595672,0.407060524474449,3.53583472140804,0.00391295820090222,0.0248500261387998,-1.85551146774463,24,22,8,50,18,106,67,52,41,41
"3781","TRINITY_DN98182_c0_g1",1.94703633517542,-1.622298526344,4.42361101940405,0.000768806758151721,0.00827982789244713,-0.425000687616726,8,3,2,7,6,13,10,21,15,16
"3782","TRINITY_DN98206_c0_g1",-1.3688646461232,1.90146904245604,-6.8555176890938,1.48689454724277e-05,0.000678591343110667,3.4378196167476,229,128.88,140,115.09,182.94,61.7,41,72.88,70.46,49.82
"3783","TRINITY_DN98227_c0_g1",1.39230879772394,-1.0789235778062,3.33631337077376,0.00568908874335166,0.0319558062842594,-2.03756022718676,13.84,7.56,5.14,7.06,8.5,9.5,11,23.18,26.72,26.22
"3784","TRINITY_DN98270_c0_g1",-1.21103805803527,1.1577169615385,-5.25025144874596,0.000183520703250699,0.0031461683697239,1.01994876061719,109.45,94.97,101.77,69.05,74.88,49.55,19.6,24.94,52.02,43.58
"3785","TRINITY_DN98322_c0_g1",-2.11484646962458,-0.541162376468563,-5.32334214016286,0.000162408685991739,0.00289429649566303,1.09627822003159,64,44,34,24,36,14,5,7,12,2
"3786","TRINITY_DN9833_c2_g1",-1.42558530998326,-0.838379945495925,-3.44042419058733,0.00467870159803252,0.0279673034492464,-1.87721910723808,23.28,23.36,40.15,13.2,28.57,4.07,16.48,4.08,11.35,6.19
"3787","TRINITY_DN98332_c0_g1",-1.21643896248095,-0.522861267215097,-3.46010277333134,0.00450919285006166,0.0273442149561031,-1.87608122970181,35,26.16,33,16,36.23,5.01,16.05,16.07,13.11,6
"3788","TRINITY_DN9834_c1_g1",-1.07752299464248,7.2673622202698,-16.8206517245239,6.60573479322718e-10,2.02008719409251e-06,13.2963239971229,6018.6,5259.66,6324.41,4941.49,6059.61,2756.23,2362.84,2909.26,3271.33,2340.22
"3789","TRINITY_DN98360_c0_g1",1.33110710991567,-1.15908625371285,3.37890818243959,0.00525141477551821,0.0302412822922386,-1.96423448471913,7,4,15,8,10,21,9,18,17,21
"3790","TRINITY_DN98391_c0_g1",1.1973143548527,0.191930586951054,4.25816959478153,0.00103481998578973,0.0101413172305043,-0.57137853991363,15,26,14,29.97,23,60,32.99,36,51,36
"3791","TRINITY_DN98393_c0_g1",-1.40201663723134,-0.688209424720473,-4.02524334686326,0.00158056225964491,0.0135620947211838,-0.908361861833073,39,21,22,23,38,8,3,8,21,7
"3792","TRINITY_DN9840_c2_g1",1.40278933089897,-1.06727219499322,3.41035318659036,0.00495029890350183,0.0290538822282155,-1.91603008573655,5,10.83,7.06,6,17.58,23,11.29,22,30,10
"3793","TRINITY_DN98407_c0_g1",1.53960944311162,1.81429046725534,10.2924873017025,1.9692966374064e-07,6.63346927463655e-05,7.573472607519,64.81,55.92,47.74,48.52,56.42,168.08,109.45,165.99,176.88,156.76
"3794","TRINITY_DN98410_c0_g1",-1.29954929809635,1.61356148379311,-5.48768900248922,0.00012372276603506,0.00244804032545233,1.36703872463179,129,121,174,77,137,54,35,82,48,35
"3795","TRINITY_DN98439_c0_g1",1.16709012903531,0.747498096945832,4.3944546522707,0.000809949388968655,0.00858567018674344,-0.388545685887983,19,28,34,35,39,80,51,71,52,65
"3796","TRINITY_DN98477_c0_g1",1.8893355585085,-0.40950813272801,4.37052574794476,0.000845419604591124,0.008843202590785,-0.343695442843863,9,7,11,15,15,52,45,46,22,24
"3797","TRINITY_DN98496_c0_g1",-1.90960429457265,-1.85952971234269,-4.15113750563064,0.00125624947815269,0.0115570779173918,-0.873631873198171,11,15,19,12,16,2,4,3,2,3
"3798","TRINITY_DN9850_c0_g1",2.83203347481984,0.0356450168952005,4.236006808035,0.00107710159454977,0.0104509042026255,-0.566080324269718,15,9,7,6,21,137,156,47,56,28
"3799","TRINITY_DN986_c1_g1",-1.22264951395718,5.99271849844146,-3.16444141366312,0.0078627398209704,0.0398273895849256,-3.430348207882,2317.82,2187.68,2453.11,2957.76,2870.76,991.57,699.78,387.01,3106.17,1613.09
"3800","TRINITY_DN9860_c1_g1",1.80559272490882,-0.371781909231874,4.4089737207631,0.000789183316373174,0.00842465864478626,-0.280954183369426,16.89,6.89,5.49,16.2,19.21,22.06,32.59,31.22,66.87,33.25
"3801","TRINITY_DN98613_c0_g1",-1.37665025031346,-0.180312707251467,-3.73679970298217,0.00269046027151453,0.0193100368436242,-1.42917525805121,39.33,44.86,49,16.86,55.23,15.33,7,11.07,28.02,7
"3802","TRINITY_DN98643_c0_g1",-1.8380596817982,1.17701590158973,-9.22774152901275,6.58973259093409e-07,0.000125868942090359,6.34853450503188,145.11,106.41,110.43,79.46,116.42,25.74,21.67,35.66,30.68,32.75
"3803","TRINITY_DN9872_c0_g1",-2.61809699181273,2.5074254164652,-15.4553839457864,1.80424485020382e-09,3.46868537482756e-06,11.8249809026381,405.27,370.28,309.97,317.16,409.49,58.07,44.08,72.08,53.1,62.13
"3804","TRINITY_DN98725_c0_g1",-2.0771120907604,-0.28602605890495,-6.79897226977138,1.6148520311318e-05,0.000708394462734735,3.13954460925232,63.01,37,39.99,45.98,43.96,7,5,7,20.99,8
"3805","TRINITY_DN9874_c0_g1",-1.13685366326717,6.38690411665296,-5.95653567582846,5.81302751998794e-05,0.00154723943978762,1.57096577839192,3553.84,3213.51,2373.95,3650.78,3591.91,1246.64,1076.14,1129.67,2075.28,1990.91
"3806","TRINITY_DN9876_c0_g2",1.43351154692668,0.309415271034732,3.07832494845389,0.00924847801156633,0.0445204455991451,-2.66072111087796,60.22,20.9,6.34,19.86,19.98,49.7,32.07,78.83,39.43,66.48
"3807","TRINITY_DN9877_c0_g3",-1.2979450714649,-0.897611057646453,-3.0918128074373,0.00901628683382481,0.0437714429376442,-2.46240680325163,34,18.1,24.37,11.24,30,8.57,14.34,9,4,6
"3808","TRINITY_DN98786_c0_g1",-4.07113710731056,-2.72199784368956,-6.49833988439666,2.52255711264815e-05,0.000940386089861178,1.73070780777324,21.71,12.58,23.39,17.66,12.61,0,0,4.43,0,0
"3809","TRINITY_DN98827_c0_g1",1.44080166030006,-0.430956604026281,4.88267551111767,0.000343127420907918,0.00474900924889574,0.476833705265927,15,10,12,17,10,22,33,32,32,30
"3810","TRINITY_DN98833_c0_g1",2.02786286935941,-1.0730111321872,4.48383701229256,0.000690544623029697,0.00771664448010124,-0.225546199181802,9,5,16,2,8,25,31,15,31,19
"3811","TRINITY_DN98845_c0_g1",-1.7616691361474,2.38555284089826,-3.43645397905183,0.00471367634800515,0.0281187816894855,-2.35596508671779,236,71,583,239,389,72,69,69,101,54
"3812","TRINITY_DN98885_c0_g1",-2.95961157707337,-1.38035086165308,-5.58627103911881,0.000105283700591229,0.00221466199804281,1.00845092714567,22,23,30,38,33,1,5,5,3,1
"3813","TRINITY_DN99007_c0_g1",-2.21056108380431,-1.46717374748384,-4.57632788943657,0.000586092537662492,0.00692380836021048,-0.2019475390364,17,21,21,19,30,9,1,1,5,5
"3814","TRINITY_DN99035_c0_g1",-1.16389934972973,-0.512227588486158,-3.276727890571,0.0063639152840689,0.0344511096380375,-2.19325327438028,44.61,20.3,33.74,17.26,33.58,10.17,12.27,12.79,19.69,3.14
"3815","TRINITY_DN99048_c0_g1",2.21955852123053,-0.527001051087202,3.89855358904657,0.00199468453373201,0.0158295141770363,-1.11707408579668,2,12,15,22,11,35,41,32,52,24
"3816","TRINITY_DN99076_c0_g1",-2.22905344067581,-0.950919907680656,-3.96070460322589,0.001779145926759,0.0146993307734034,-1.02541256554063,61,18,36,12,46,6,4,7,5,3
"3817","TRINITY_DN99077_c0_g1",-1.24427059425959,0.170379683106522,-4.81255356171977,0.000387440015455895,0.00514382079641084,0.363379258249721,46,59,59,36,35,16,13,14,22,22
"3818","TRINITY_DN9908_c0_g1",1.46242389708607,-0.0237950406926097,4.77774445246171,0.000411618479747179,0.00536902565955942,0.313893453503794,18.2,15.6,20.33,14.46,12.72,31.6,58.65,50.58,36.5,30.98
"3819","TRINITY_DN99101_c0_g1",2.03054017544065,-1.46961637693238,3.46848792606835,0.00443886984066746,0.0270460740854064,-1.82539172385299,12,10,4,2,3,11,7,34,25,19
"3820","TRINITY_DN99111_c0_g1",1.517360873453,-1.03283943889043,3.15853124350028,0.00795080610051844,0.0401266993854167,-2.33348857254456,6,10,8,18,5,15,29,29,19,11
"3821","TRINITY_DN99147_c0_g1",-1.35731013905777,-0.0454236107227273,-4.38915175000111,0.000817674556466187,0.00864085203944949,-0.327220889504722,56.67,28.27,57.18,45.65,29.5,16.35,8.13,11.12,24.21,12.23
"3822","TRINITY_DN9915_c1_g1",-2.33358894627721,-0.385613867539989,-5.06029550011192,0.000253004195220533,0.00390252947498967,0.72280748911458,72,43,34,31,63,7,1,6,19,14
"3823","TRINITY_DN9915_c1_g2",-2.49806013489218,-1.1268647892424,-3.84085288931948,0.00221880202262649,0.0170070629203565,-1.23983848556615,34,45,34,25,19,3,0,3,13,15
"3824","TRINITY_DN99177_c0_g1",-2.20266391750491,-0.136369431665833,-3.85309677344724,0.00216917656392856,0.0167451160175799,-1.21292508761758,35,46,54,59,66,1,21,18,13,14
"3825","TRINITY_DN99211_c0_g1",1.7007685105035,-1.4889079280283,5.09235831369689,0.00023957395295847,0.00375699285210399,0.558481864110554,9,5,4,4,7,14,13,13,20,15
"3826","TRINITY_DN9923_c0_g1",-1.86656218613429,1.84696628329161,-7.24859306743205,8.47272369551247e-06,0.000484949132482644,3.99449203666417,194.93,177.26,234.47,197.99,109.47,59.38,39.8,55.87,55.84,28.27
"3827","TRINITY_DN99279_c0_g1",-1.28368019231616,-0.0102823650892369,-4.68322082402988,0.000485550644972654,0.0060500265693131,0.158298287692904,46,39,49,29,44,12,8,27,14,18
"3828","TRINITY_DN99318_c0_g1",1.18469669656821,-0.21856362160936,3.78872373935716,0.00244346561251314,0.0181351901927872,-1.34392017670583,10,21,26,15,12,43,26,24,41,26
"3829","TRINITY_DN99320_c0_g1",-2.16860705004828,-1.68457677929873,-3.07515032883841,0.0093039924535209,0.0446937691063189,-2.44415982895378,31,15,12.22,24,12.15,0,7,6.11,4,3.05
"3830","TRINITY_DN9944_c0_g2",1.07895271229232,1.65831298979515,4.88893962182525,0.000339435409115133,0.00472146724107741,0.356268447114962,51,66,55.89,66,50,129,134,146,104,84
"3831","TRINITY_DN99453_c0_g1",-3.81808198256706,-0.0671286476927225,-8.66255076967024,1.30781054901802e-06,0.000170230494256384,4.8406478321142,126.5,54.95,114.2,97.93,85.24,7,5,3,5.96,6.19
"3832","TRINITY_DN995_c0_g1",2.10331446098929,0.812043330941025,4.64951616706303,0.000515153843194887,0.00630696575265096,0.0583034042584654,27,16,47.76,14,22.46,99.82,101.41,85,213,33.72
"3833","TRINITY_DN99543_c0_g1",-1.70394520657786,0.365264109681103,-5.49731585867455,0.000121780897222918,0.00243040154894081,1.45199316290915,85,70,60,31,70,16,25,19,15,12
"3834","TRINITY_DN9960_c1_g1",-1.0469605292532,3.74588234452085,-5.39918773164736,0.000143177585710039,0.00268541466531324,0.922180227078366,546.47,532,521.32,388.11,528.17,277.68,113,234,409.58,250.41
"3835","TRINITY_DN9965_c0_g1",1.57702097050204,1.01199079435823,3.553082623388,0.00378876174738782,0.0243246923249264,-1.91170292362569,46.84,22.85,33.02,17.08,45.04,65.25,62.55,254.43,65.64,80.3
"3836","TRINITY_DN99697_c0_g1",-2.31326333774277,-2.01808289415694,-3.64158692929774,0.00321179502405488,0.0218027839542386,-1.64284309761305,15,10,11,14,31,1,4,2,1,4
"3837","TRINITY_DN99740_c0_g1",-1.10390532892382,-0.578600310917025,-3.7523636036913,0.00261385377135573,0.0189319267853257,-1.37293344919369,30,25,36,21,24,13,7,6,21,8
"3838","TRINITY_DN99775_c0_g1",-2.67764401400697,-0.871756415332859,-5.54320812569224,0.000112954769759428,0.00230784185935113,1.24313175845778,54,31,48,20,43,6,5,2,13,1
"3839","TRINITY_DN9979_c1_g1",1.14454506320285,2.30827005266353,4.55315909821522,0.000610610806118759,0.00712977010753732,-0.325097067162233,122,79.26,64.26,57,127.64,139,184.99,209,190.93,250.24
"3840","TRINITY_DN9980_c1_g1",1.11796028540913,-0.886948435364521,3.4763948176236,0.00437357749211865,0.0267594451048836,-1.81950369907607,9.99,5.27,12.75,14.28,12.25,20.51,17.95,18.04,19.96,17.28
"3841","TRINITY_DN99802_c0_g1",1.75486317640663,-0.341522536354683,3.06736947469543,0.00944146914184341,0.045167024386174,-2.56149379719412,30,7,2,37,13,41,47,32,38,22
"3842","TRINITY_DN99808_c0_g1",3.07731544974954,1.2350912871027,9.01575897173024,8.48911892324188e-07,0.000134779632382286,6.06975160968433,16,17.31,18,18.55,52,137.07,222.83,153.25,187.4,197.07
"3843","TRINITY_DN9983_c0_g1",-1.51196802200732,3.86612151261044,-3.87452276364464,0.00208505744012627,0.0163463388209805,-1.81581685121626,326,348,1223,982,779,248,221,215,341,129
"3844","TRINITY_DN99847_c0_g1",-1.67596921805544,-0.712909274681992,-5.12193568095078,0.000227846359857041,0.00362785837686141,0.799129819851936,27,33,29,20,42,5,4,12,12,6
"3845","TRINITY_DN99878_c0_g1",-1.44610884928026,1.98398370710481,-7.70844357176005,4.49739763419737e-06,0.000333821819986208,4.60794650451378,200.69,131,217.17,132.97,166.06,62.41,74.72,63.99,57.41,46.01
"3846","TRINITY_DN9988_c0_g1",1.33935783246848,1.07879579151686,5.11846955287672,0.000229189020519725,0.00364341844386793,0.809937043391958,33,29,31,46,41,134,84,82,67,71
"3847","TRINITY_DN99894_c0_g1",1.64782803023958,-0.668612128300872,4.48751568641605,0.000686040977489196,0.00768739061604156,-0.161953320799449,16.67,9.77,21.74,3.58,7.03,31.77,23.8,24.13,31.71,24.98
"3848","TRINITY_DN99916_c0_g1",1.09720676624502,-0.038405363830749,3.17252471163055,0.00774387532332521,0.0393853720152756,-2.4499782293668,18,29.92,7,22.94,22.64,32,34.75,39.48,43.73,24.67
"3849","TRINITY_DN99932_c0_g1",1.39067688031866,1.05996560383571,4.30610301751807,0.000949145895325349,0.0095514271941168,-0.575746066240892,42,21,42,43,31,138,95,92,97,38
"3850","TRINITY_DN99983_c0_g1",2.05160825549365,-0.482186282197169,5.01044872731381,0.00027547108005782,0.00410426804315748,0.654592277652724,23,15,3,10,8,40,37,38,40,24
