"","GeneID","logFC","AveExpr","t","P.Value","adj.P.Val","B","10L1brain","10L2brain","10L3brain","10L4brain","10L5brain","22L1brain","22L2brain","22L3brain","22L4brain","22L5brain"
"1","TRINITY_DN1_c0_g2",2.69881297956469,-1.22259425897243,4.86493156893045,0.00042103348234343,0.00587734227336838,0.0343977369898747,10,4,4,9,3,38,33,33,23,16
"2","TRINITY_DN1000_c0_g1",1.04773470095159,2.07690736210155,4.93623401902458,0.000374133585830947,0.00545562999113432,0.228693370485495,68,82,111,54,99,123,193,182,184,154
"3","TRINITY_DN100037_c0_g1",1.0257108691739,-0.358859138134121,3.24694735097961,0.0072373880802545,0.0388981003036682,-2.32966715386355,27,12,18,11,15,16,25,30,45,32
"4","TRINITY_DN10004_c0_g1",1.18479757198028,4.15172172235743,9.44063449881653,8.29927710694739e-07,0.000161794258467375,6.21726411042441,364,285,303,335,317,805,552,653,1078,612
"5","TRINITY_DN100074_c0_g1",2.16153182349879,-1.48461589224744,3.50998237492777,0.00448081619655263,0.0281557386491098,-1.83808709544369,5,4,8,4,7,13,14,49,23,10
"6","TRINITY_DN10014_c2_g1",-1.53518908793511,-0.23927654258785,-3.80249049952065,0.00264420791094947,0.01967995518397,-1.38569302194028,54.87,33.21,63.7,17.63,51.71,7.16,9.28,8.13,26.3,13.34
"7","TRINITY_DN10032_c2_g1",1.82690057751169,1.50816535037056,9.54390924396357,7.40932432695553e-07,0.000152651727070999,6.32343830421317,39.83,45.74,46.07,37.72,44.4,128.3,129.6,130.29,238.07,115.04
"8","TRINITY_DN10040_c0_g1",1.18758487290682,2.8382119954068,7.97964857387244,4.61913581446708e-06,0.000390730040567152,4.5792136360135,131.34,146.93,103.67,150.38,121.96,296.74,294.14,304.93,349.04,224.5
"9","TRINITY_DN100445_c0_g1",-1.36666258973052,-1.02850235569375,-3.95025391281275,0.00203176686534531,0.0165681906406292,-1.11536267952853,19.34,22.09,30.24,14.12,29.24,6.14,4.02,5.15,8.07,11.06
"10","TRINITY_DN100459_c0_g1",2.66708311792486,-1.47000431554749,3.51702461162393,0.00442392412486363,0.0279337888408936,-1.85333855943836,6,11,11,3,1,51,11,25,20,19
"11","TRINITY_DN10049_c1_g2",1.30505967900864,-1.02635940373127,3.25572146690523,0.00712214907944111,0.0385146958222192,-2.22169403135594,7.62,6.44,6.92,11.69,18.74,28.24,18.25,22.22,16.78,12.29
"12","TRINITY_DN10055_c2_g1",-1.39608591104536,-1.21242421885243,-3.74185470034616,0.00294792567578483,0.0211837844082181,-1.44711669246508,23,15,22,27,18,10,3,4,10,4
"13","TRINITY_DN100604_c0_g1",1.60878686643042,-1.05099247240163,3.22774747362583,0.00749618606981474,0.0398551001463326,-2.258750623531,5,9,7,17,9,14,36,24,27,11
"14","TRINITY_DN100669_c0_g1",-3.15727554198867,-1.80198170532005,-4.09590240399197,0.00157059808980837,0.0139928584279717,-1.22490909703482,29.37,34.41,26.84,26.96,12.45,2.11,0,3.11,2.1,3.08
"15","TRINITY_DN1007_c0_g4",4.32112711969401,-2.52215064598913,7.42529636806977,9.41077730108515e-06,0.00057772188282542,1.76675647910752,2.39,0,1.19,1.19,0,19.48,23.28,21.73,18.12,14.73
"16","TRINITY_DN1007_c2_g1",1.18631144695472,3.40754161889676,6.5142665335359,3.28833471618226e-05,0.00121176025438936,2.51978899584368,183.86,201.29,245.94,154.68,179.55,480.92,241.8,523.17,594.25,412.98
"17","TRINITY_DN10079_c0_g1",1.98841446273387,-1.09515712927268,5.58200492842937,0.000132609469040957,0.00284078835392151,1.11197010523044,5.66,6.3,6.25,7.1,11.31,34.04,14.18,21.31,30.69,19.45
"18","TRINITY_DN10097_c2_g2",-3.13781716564783,-0.114922449317948,-7.64684793865699,7.05077867538283e-06,0.000497404543362837,3.65940706088775,84.53,87.82,94.98,64.61,60.26,16.05,1,12,10,4
"19","TRINITY_DN10097_c5_g1",1.91766131006848,-1.01350918597804,3.75877052476879,0.00285975094295122,0.0207642121930396,-1.41792300511883,7.54,12.43,3.6,6.22,10.89,34.16,16.05,48.68,17.89,15.92
"20","TRINITY_DN10099_c2_g1",-1.29641264113099,0.267307478304606,-3.80394925570512,0.00263731145581622,0.0196393766967826,-1.44880836541742,67,57,84,35,37,30,7,25,29,13
"21","TRINITY_DN101063_c0_g1",-1.87275375425248,-1.28650359405115,-3.18382023476185,0.00812405011285483,0.0420242893169769,-2.31392386080174,14,14,45,18,33,2,5,3,6,9
"22","TRINITY_DN10116_c1_g1",1.45003968045621,-0.454822551755857,3.26979474476637,0.006941177624578,0.0378104749302375,-2.26132982458455,9,10.04,21.11,15.91,13,57.02,10,32.57,34,37
"23","TRINITY_DN10122_c6_g1",-1.55243491977249,-0.328282708229186,-3.73958740319371,0.00295995477042476,0.0212310299245909,-1.47935135030046,39.2,38.6,56.47,35.7,29.83,10.43,1.65,25.12,13.6,16.34
"24","TRINITY_DN10124_c0_g1",2.18392968384099,2.91559689288398,12.3528515170495,4.70699468957087e-08,3.76497276706543e-05,9.05938300779115,89,111,128,74,92,410,312,413,580,508
"25","TRINITY_DN101344_c0_g1",-2.83945352198241,-1.93787996712977,-3.83769130730452,0.00248285802579413,0.0188321197714362,-1.54940915169633,28,17,32,10,21,1,2,0,3,7
"26","TRINITY_DN10142_c0_g1",-1.70359954148856,0.961617371461037,-5.87415876430262,8.45602911808849e-05,0.00215550686885218,1.81972832581599,140.54,54.36,101.22,93.35,114.77,26.8,14.28,39.18,34.91,26.61
"27","TRINITY_DN10152_c0_g2",1.31742891973307,0.488616955836214,5.21333701080038,0.000238020867997534,0.00410981554822005,0.839551598575712,19,23,42.53,19.43,29.01,84.23,46.04,48.17,65.1,52.26
"28","TRINITY_DN10157_c0_g1",1.04151023193302,2.18475531732459,4.95464536157622,0.00036293800483243,0.00535264669762491,0.242978229861832,63.01,113.01,68.16,103.01,101.01,207.08,184.3,169.03,179.21,145.93
"29","TRINITY_DN101595_c0_g1",-3.08453254290792,-1.92855101999617,-5.21998988992452,0.000235481561465543,0.00408581877312226,0.00524598503574136,26,16,35,13,26,3,1,1,2,1
"30","TRINITY_DN1016_c4_g1",-2.0312706622377,3.52182332669266,-12.3592358746269,4.68056320827026e-08,3.76497276706543e-05,9.11337516685256,635.2,546.6,811.3,469.89,774,149.77,95.28,166.12,215.45,161.09
"31","TRINITY_DN10165_c0_g1",2.3154561453798,-0.643637103950133,4.12073347368656,0.00150350722164578,0.0135978153130255,-0.848512453766092,12,5,18,4,11,45,45,34,72,13
"32","TRINITY_DN10166_c0_g1",1.08470629247577,1.61170016368051,4.96375203039898,0.000357531091460426,0.00529588060883007,0.338389388417219,52,65,58,67,52,136,134,147,105,86
"33","TRINITY_DN101660_c0_g1",-2.01702211529575,-1.00358917764817,-4.28151769736467,0.00113526623992699,0.0112947258196212,-0.633998485694875,37.03,26.03,27.72,14.63,45.81,6.12,9.38,6.24,7.29,1.03
"34","TRINITY_DN101666_c0_g1",1.2160814401911,-0.299215170869903,3.45799785984963,0.00492456774431098,0.0300047232195383,-1.97433204156458,19.52,17.85,7.36,23.54,15.72,43.09,32.33,34.94,35.12,16.83
"35","TRINITY_DN10172_c1_g1",1.0303415657465,5.14269219032835,4.00418270174775,0.00184653495947086,0.0155485275478381,-1.87215049330679,518,724.26,1309.83,439,643.54,1264.89,817.73,1329.78,2253.8,1448
"36","TRINITY_DN10176_c1_g3",1.52324457437402,-1.40526823704053,3.13741049213309,0.00884521795566022,0.0444718517237971,-2.38606024181435,11.57,5.38,1.66,9.9,10.7,18.28,15.39,21.64,15.5,8.8
"37","TRINITY_DN10188_c1_g1",1.45924122618346,-0.105435741322498,4.79980554649833,0.00046927663900134,0.00626897980794706,0.217897584126006,23.67,17,20.45,13.34,10.48,26.44,42.02,34.93,53.35,46.66
"38","TRINITY_DN101918_c0_g1",-1.2141217527707,-1.42602405159568,-3.24906070426628,0.00720945992263114,0.0388170396606445,-2.21345494947372,14,20,17,14,17,8,2,7,4,7
"39","TRINITY_DN10201_c1_g1",-1.26337227749564,-0.80353458667928,-3.55289283603527,0.00414540211902761,0.0267973100375601,-1.75479590220499,31,34,24,14,27,5,16,8,11,6
"40","TRINITY_DN102088_c0_g1",2.9114713472163,-1.56624624571884,5.0009076357039,0.000336332891015599,0.00510420822411536,-0.0381895181842085,6.18,5.13,12.28,1.03,2.04,29.9,13.27,22.39,32.46,22.25
"41","TRINITY_DN10213_c0_g2",2.19769285000377,-0.757585648013473,4.69985787713169,0.000554905826460511,0.00699626397937266,0.0123817612262229,5.43,12,11.28,11.21,5.09,25.77,25.19,19.08,59.09,40.68
"42","TRINITY_DN10213_c3_g1",-1.0472485831544,1.91667099720754,-6.55793084849952,3.08939447806812e-05,0.00117016194329111,2.74752775812409,197.37,136.54,146.87,103.19,163.18,77.06,52.64,70.37,82.44,66.75
"43","TRINITY_DN102144_c0_g1",-1.97891711206044,-1.47307153699513,-4.15416415599703,0.00141784385555048,0.0131063808883831,-0.907493815564825,27.37,12,19,22,25.84,2,1.08,6,4,7
"44","TRINITY_DN10219_c1_g1",-1.90751622413614,0.22410786402737,-5.01762586170125,0.000327229774989459,0.00500975036283489,0.551708282255762,65.7,59.48,102.02,38.04,66.78,16.94,2.76,21.34,22.4,20.95
"45","TRINITY_DN10221_c0_g1",-1.34974723668436,0.947615647604253,-4.65942199785506,0.000594065651660049,0.00733002187222558,-0.0797062039186054,110.74,85.17,73.56,43.45,137.73,33.46,25.14,28.27,47.9,22.77
"46","TRINITY_DN10221_c1_g1",-2.77147859158738,-0.880830680032143,-3.7398780200082,0.00295841009394771,0.0212289853801712,-1.46407440297375,72.03,28.16,30.46,25.02,66,5.85,0,9.69,6,16
"47","TRINITY_DN102324_c0_g1",-1.7619368569588,-0.844301534162273,-4.90925944889393,0.000391196050652063,0.0056215440927388,0.313801962866414,42,23,25,36,25,8,3,11,8,5
"48","TRINITY_DN102398_c0_g1",-3.69682709747362,-1.48544804173631,-3.55953920010237,0.0040957942854714,0.0265569440928914,-1.88418554390632,31.36,29.5,35.97,37.69,44.03,42.6,23.53,0,0,0
"49","TRINITY_DN10241_c3_g1",-1.1265896854646,0.503853665257552,-5.63406745717982,0.000122284320312914,0.00269199796428523,1.47513689300767,62.15,53.22,54.2,59.29,63.73,26.87,13.09,31.73,26.52,24.72
"50","TRINITY_DN10256_c0_g1",-1.15005364076085,1.78771506789356,-6.18061337170543,5.3425503720569e-05,0.00164825103395659,2.21478028764159,159,170,112.01,109,159.01,63,62,47.01,78,57
"51","TRINITY_DN10264_c1_g3",1.73925197384169,1.0530364242172,3.46835308496119,0.00483272971495701,0.0296176903578847,-2.13619663810161,19.2,32.69,38.41,28.46,50.32,120.79,215.65,105.17,123.54,30.49
"52","TRINITY_DN10274_c1_g1",1.44267476175617,-1.20338189140313,3.04480759668164,0.0104827508868319,0.049683452726183,-2.54210152317627,11,9,4,5,13,25,19,26,11,13
"53","TRINITY_DN10278_c0_g1",-1.68819900664601,0.728095990044473,-4.75115168957666,0.000509083873187124,0.00662579408860901,0.096427111934049,109,84,99,33,115,16,18,21,40,26
"54","TRINITY_DN102806_c0_g1",-1.94173083091127,-0.648237219792555,-5.77086178528677,9.9006205256727e-05,0.00237435913144561,1.51565070390593,36,25,41,38,38,9,5,14,6,5
"55","TRINITY_DN102819_c0_g1",-1.70684606271757,-1.27724858053376,-4.07216378680313,0.001637641732578,0.0143435305688093,-0.968336620994814,15.09,19.99,28.12,17.94,31.18,5.03,2.39,3,11,4.04
"56","TRINITY_DN102878_c0_g1",-1.74150498494867,-2.03146401066421,-3.62148329829293,0.00366166957888088,0.0245690069683973,-1.76472018373941,15.43,15.34,12.74,10.38,11.82,1,5.07,3.08,4,1
"57","TRINITY_DN10293_c3_g1",-1.12315436683284,0.624066370021733,-3.91772420698452,0.00215268739630478,0.0172059985558286,-1.30061801153749,72.24,51.46,84.81,45.69,67.49,32.9,9.69,25.63,31.93,44.43
"58","TRINITY_DN10302_c0_g1",-1.43259695146373,2.51748682336905,-6.94086378311341,1.80650231233215e-05,0.000857395002356528,3.23907804759529,313.71,223.24,265.84,178.8,325.26,134.25,70.33,87.04,145.15,54.52
"59","TRINITY_DN103042_c0_g1",4.2905158070607,-1.77359688468212,7.44630145276794,9.15436869712651e-06,0.000569046020349038,1.83821932270543,3,3,2.07,3,0,30,24,46,37,31
"60","TRINITY_DN10311_c0_g1",2.17793773008547,-1.67805024838988,3.28740894286705,0.00672122044208757,0.0370163933845266,-2.18497597127343,1,3.68,7.71,4,17.76,14.55,21,10.76,22.01,15.18
"61","TRINITY_DN10322_c0_g1",1.12713511560858,0.919708258813394,4.55944844200107,0.000703818896906548,0.00822195309743214,-0.247721620425869,26,36,39,42,42,99,40,72,91,79
"62","TRINITY_DN10336_c0_g1",-2.58911432228197,2.46779141245629,-15.1481014762797,4.96328521370461e-09,9.30889813995197e-06,10.9309756795499,408.23,379.69,311.72,325.68,414.07,61.23,45.22,73.22,54.19,65.31
"63","TRINITY_DN10343_c0_g1",-5.21068769835565,-1.73797738550837,-4.35538261253375,0.000998852334196416,0.0103542171353683,-0.904247560363405,81.95,46.33,32.17,27.92,93.97,0,0,53.15,0,0
"64","TRINITY_DN10349_c1_g1",-1.40392710602142,-1.06747079258265,-3.09259705736427,0.00960278905704984,0.0469150543071946,-2.47446662368556,24,41,18,24,14.63,11,3,7,11,3
"65","TRINITY_DN10353_c0_g2",-2.4563639493228,-1.41561305275847,-3.67967053865815,0.00329680841861042,0.0228458028661791,-1.6120632113439,27.34,20.39,25,24.93,32.94,7.07,1,0,16.13,5
"66","TRINITY_DN10356_c1_g1",-1.60193256033534,-0.192736591869542,-5.90022232270978,8.12804523597933e-05,0.00210921998296828,1.8187340766991,48.27,30.76,43.43,41.62,51.43,7.97,9.14,11.14,15.55,18.42
"67","TRINITY_DN10358_c1_g1",-1.4497285092712,1.50677795150106,-4.16316470363556,0.0013956573846605,0.0129556858125297,-0.989549245110801,193.69,146.35,96.8,108.64,125.01,67.46,19.73,39.04,122.3,22.64
"68","TRINITY_DN1036_c0_g1",1.03677713649315,0.80604332743688,3.35978653363523,0.00588912729528414,0.0338528347831114,-2.30576027926622,27,24,36,49,45,116,60,60,77,36
"69","TRINITY_DN103615_c0_g1",-1.84254199654574,-1.42679223987725,-3.88781527903262,0.00227042505566139,0.0177938356731914,-1.270381268975,37,23,19,15,15,8,1,3,8,3
"70","TRINITY_DN103650_c0_g1",-1.60956890941465,-0.345144709754219,-4.29996761230766,0.0010994703905417,0.0110713559747662,-0.563239322883767,67.08,32.12,33.92,23.1,46.74,12.46,16.23,4.36,15.52,9.42
"71","TRINITY_DN10370_c2_g1",-1.11839109721354,2.30963721618013,-6.83629623760797,2.08762828601898e-05,0.000933784458099163,3.10723569522191,220.35,166.48,198.13,182.6,214.47,82.67,105.92,100.55,76.41,87.51
"72","TRINITY_DN103720_c0_g1",-1.25170446424932,-0.922338197811256,-3.04861944131523,0.010409682603762,0.0494172783706665,-2.57138422696402,21.56,33.79,27.61,12.18,23.94,6.11,7.16,11.03,4.78,13.03
"73","TRINITY_DN10374_c3_g1",-3.1431445315971,-0.740723354846506,-6.15085373761313,5.58299481346198e-05,0.00168468911882555,1.69371099419104,51.99,52.11,71.7,50.13,30.13,4.75,2,2.82,4.92,8.96
"74","TRINITY_DN10378_c1_g1",1.17255807251824,1.33494767590635,6.70390615879654,2.51223685791332e-05,0.00103753283932242,2.98117863112625,37,41.37,55,44,62,105,99.98,98.54,112.8,90
"75","TRINITY_DN1038_c4_g1",1.07789117892386,2.86467956813617,7.09967157194272,1.45411010862582e-05,0.000746841387330188,3.41666755957965,124.41,161.24,172.86,112.84,119.75,307.35,221.16,343.26,294.61,280.4
"76","TRINITY_DN10380_c0_g4",-2.77055183486482,-0.393427594750099,-3.681074099549,0.00328848338686482,0.0228087434283982,-1.54007825806094,50.48,35.11,54.98,59.25,88.37,16.38,12.71,0,15.82,11.66
"77","TRINITY_DN10382_c0_g1",-1.06487912252413,1.97587870401333,-6.1195629200017,5.84825692054676e-05,0.00172688676528479,2.1065961262795,123.23,168,170.23,166.01,154,92.79,56.17,57.72,94.03,64.27
"78","TRINITY_DN10400_c0_g1",1.28505221888049,1.71967360193402,5.35970757658295,0.000188259579313123,0.00354803422675679,0.968194295172543,48,48,56,74,73,193,131,141,110,132
"79","TRINITY_DN10401_c0_g1",1.11976555230159,4.25120127509523,4.01433983121239,0.0018136497469275,0.0153654553559398,-1.73249027940126,249.02,256.53,367.67,583.2,391.03,953.32,375.11,1038.22,967.99,650.79
"80","TRINITY_DN10408_c1_g1",-1.43850957791032,2.0843797653923,-6.16436865383608,5.47240520297736e-05,0.00167050495953099,2.16794385573889,229.91,208.12,236.06,119.79,174.56,77.43,33.79,83.15,74.85,85.12
"81","TRINITY_DN10410_c0_g1",-1.44126489011476,-1.30533638779965,-4.16642428755201,0.00138771162218047,0.0129148301777942,-0.818977643153341,24.6,16.15,22.05,13.26,22.07,10,1.67,5.56,6.26,4.81
"82","TRINITY_DN10417_c0_g1",-1.30258168297579,1.89343089308335,-6.36475621906953,4.07958344148848e-05,0.00138943408244208,2.47617613646851,188,173,146,120,174,71,40,102,74,41
"83","TRINITY_DN10423_c0_g1",-2.31075127591705,2.31219272536549,-5.43251631022994,0.000167717816464465,0.00330280222857304,1.04202162993177,306.35,339.21,445.31,123.62,436.8,77.53,21.06,51.78,132.53,53.12
"84","TRINITY_DN10435_c0_g1",2.0053943793916,1.86791935646909,4.43979313035008,0.000863634321910838,0.00943251625046724,-0.554717035963463,97,39,99,19,47,209,113,145,516,165
"85","TRINITY_DN10444_c0_g1",-1.39536213611806,0.852100997983679,-6.29416820316909,4.52147478942022e-05,0.00147704225388201,2.42168345737498,91.08,91,74.18,65.09,88,32.04,13.05,31.04,52,22
"86","TRINITY_DN104484_c0_g1",2.34909959347755,-2.0409912482023,3.14837355954802,0.00866923880670713,0.0438305045487644,-2.439638409089,1.79,0,7.84,9.62,6.3,23.52,6.34,10.93,15.36,13.97
"87","TRINITY_DN104496_c0_g1",-2.06596208889803,-1.84214100221594,-3.17729955817121,0.0082216781904888,0.0423070061431448,-2.36136002274143,25.02,10.36,18,13,21,6,4,5,4,0
"88","TRINITY_DN10474_c0_g1",1.04672267673992,4.36402080329544,8.04736964368655,4.24476606307036e-06,0.000375409871441398,4.5161330322644,426,382,342,478,329,768,777,886,935,641
"89","TRINITY_DN10498_c0_g2",1.96636039600851,1.01150186524692,6.5582192022056,3.08812413080548e-05,0.00117016194329111,2.78591153070203,30.12,31.01,61.86,10.96,31.02,96.56,91.22,100.9,156.95,98.19
"90","TRINITY_DN105117_c0_g1",-1.6085640983469,-1.2412404029132,-3.18970919709384,0.00803688631282453,0.0417152670522797,-2.30814268152361,35.78,12.18,21.58,10.34,36.75,6.09,3.91,4.02,4.96,8.25
"91","TRINITY_DN10512_c0_g1",1.06858783450007,2.67709546451508,4.93372820766355,0.00037568515092044,0.00546799332183935,0.13289831807473,166.33,87.24,103.98,145.83,112.61,329.48,281.5,237.09,217.24,209.08
"92","TRINITY_DN105181_c0_g1",1.18137084491313,0.567851794023276,4.41806036012338,0.000896513625435643,0.00967889491883089,-0.445554243177582,32,22,27,22,39,44,84,70,63,43
"93","TRINITY_DN10519_c2_g1",1.75267511626155,1.62106773176192,6.13227648420905,5.73889974188671e-05,0.00171319701350692,2.16325120672099,28.24,67.53,77.62,55.04,29.68,173.76,128.34,172.59,173.73,117.06
"94","TRINITY_DN105279_c0_g1",1.47868826090517,-1.68643775827983,3.16223367729096,0.00845179919220256,0.0430814156357356,-2.34986622329064,4.27,7.58,2.11,10.74,6.44,20.09,10.48,11.08,14.76,6.58
"95","TRINITY_DN105311_c0_g1",1.1492868748312,-1.50466920235969,3.07105327458913,0.00998989911595265,0.0481105545259236,-2.48878344828449,12,9,5,7,5,10,11,14,14,14
"96","TRINITY_DN105366_c0_g1",2.60541132083726,-0.503393669097285,4.06090689390346,0.00167046390566296,0.0145486709082684,-0.940009361045322,9,4.03,10.26,3.56,33.8,27.05,20.75,81.3,78.59,51.15
"97","TRINITY_DN10543_c0_g1",1.11283341429583,-0.315965339985553,3.90357208516836,0.00220759158340308,0.0174592307373487,-1.22368700317792,17,16,24,15,11,30,19,24,46,35
"98","TRINITY_DN105446_c0_g1",-1.53976204690065,-0.371739769212921,-6.29215973513674,4.53476989198752e-05,0.0014773260220674,2.30017844346103,44.97,36.84,35.25,31.45,38.82,13.64,5.27,7.3,15.45,13.48
"99","TRINITY_DN105512_c0_g1",-2.11802084965803,-1.92264373674359,-3.93871519133188,0.0020738350358272,0.0167904080728904,-1.34587620472545,26.27,16.71,13.62,13.79,11.92,4.14,1.07,3.25,1.1,2.32
"100","TRINITY_DN105571_c0_g1",2.68598403895043,-1.414868631881,4.93394188981001,0.000375552578467776,0.00546752684567474,0.0267931073857293,6,4,2,6,6,32,31,23,17,20
"101","TRINITY_DN1057_c3_g1",-1.52644537482701,3.78077018620001,-10.6815213366233,2.25760734205861e-07,7.77174183176644e-05,7.56337197310923,813.68,583.66,566.47,525.83,735.24,221.54,168.25,212.69,343.1,181.37
"102","TRINITY_DN10570_c0_g1",-1.50299885241653,3.60519313075393,-3.25811446601212,0.00709104314392112,0.0384274881404341,-2.98562241527064,539.53,283.39,300.59,1065.16,1130.44,125.04,151.51,213.55,357.19,189.15
"103","TRINITY_DN105869_c0_g1",1.09352164016653,-1.15673893034869,3.1985049050889,0.00790845469144715,0.0413167571916725,-2.30798644875593,17.98,9.73,7.86,4.49,10.37,12.73,11,16.16,24.74,17.58
"104","TRINITY_DN10587_c0_g1",1.35753450275185,2.45746222111876,10.1719143184592,3.79355591394928e-07,0.000104300500679693,7.05245427259308,77,108,113,87,91,260,208,235,271,220
"105","TRINITY_DN1060_c5_g1",1.31225642583807,0.000196007011092236,4.44146613003969,0.000861155966453175,0.00941534021692833,-0.359202917476094,13,26,22,14,19,40,38,54,32,43
"106","TRINITY_DN10620_c0_g1",1.23128346777908,0.998506466421429,3.27232488826831,0.00690913930961566,0.0377190601414539,-2.48727327365428,38,28,33,42,44,149,137,55,66,48
"107","TRINITY_DN106242_c0_g1",-1.11331291815143,-0.431828867739584,-3.14770054992366,0.00867993955139923,0.0438560698690344,-2.47791065781189,33.31,45.6,40.31,16.73,29.82,15.59,8.94,9.13,26.89,5.63
"108","TRINITY_DN10628_c0_g8",-1.47020319254915,0.66171097140057,-4.29612826941044,0.00110682134214051,0.0111045213710178,-0.653966479376692,105.76,57,84,80,49.32,57,19,16,19,22.41
"109","TRINITY_DN106419_c0_g1",2.30506501353874,-0.745591118617035,3.50963015604544,0.00448368121087785,0.0281672331648022,-1.81038553486786,3.5,3,23.03,21.35,10.4,45.52,16.64,26.05,75.52,24.85
"110","TRINITY_DN10643_c0_g1",-1.45842552149893,0.883015703473732,-4.04728116933167,0.00171110662448852,0.0147845592394845,-1.10394526204837,72.87,105.87,114.81,96.39,50.45,57.53,20,36,20,20.08
"111","TRINITY_DN106451_c0_g1",1.98413008818568,-1.35318420305392,4.02855103985322,0.00176865288360221,0.0151089679585374,-1.05076984961679,6,4,5,13,6,23,8,31,22,17
"112","TRINITY_DN106573_c0_g1",1.23897166248345,-0.441965908497561,3.92320996201131,0.00213178596486442,0.0170765788534523,-1.17723145985088,8,17,13,19,17,34,27,27,27,27
"113","TRINITY_DN10668_c0_g1",-1.0529382688751,0.380583039552134,-5.23291228313781,0.000230630534112259,0.00402833184999996,0.873183072179898,68.04,54.54,40.7,43.82,58.51,24.19,18.42,20.1,32.33,18.54
"114","TRINITY_DN10668_c2_g1",-1.92831794357033,0.792654380243584,-5.29483102743646,0.000208805615293279,0.00379607067862219,0.957331420597983,82.52,72.52,93.27,145.41,89.09,16.64,6.65,34.33,30.11,37.08
"115","TRINITY_DN10668_c5_g1",-1.43768159599258,1.23327703518627,-4.54527594921845,0.000721015745907425,0.0083422181313871,-0.299953257500865,155.75,109.34,90.05,67.66,131.56,40.96,12.33,44.6,77.41,31.74
"116","TRINITY_DN106731_c0_g1",-2.89633045811207,-1.82968492868624,-4.33310596412346,0.00103809609799136,0.0106574339120136,-0.933522524598765,36.01,19.17,22.01,19.08,17.97,0,0.5,7.4,4.23,2.1
"117","TRINITY_DN10677_c3_g1",2.28467762903538,-0.217622678760194,4.59951171903944,0.000657486623294682,0.00785273494238494,-0.0920331714887892,22.99,10.99,22.14,13.54,3.11,61.78,44,50.43,40.27,53.9
"118","TRINITY_DN10681_c0_g2",1.43200894556867,0.413378525526925,5.93064192696091,7.76222769005813e-05,0.00205072108874351,1.90589167545536,23.55,19.09,37.28,16.81,23.53,75.56,46.67,49.05,55.93,64.76
"119","TRINITY_DN10686_c0_g1",-1.54850788657165,3.35984559265462,-9.00556963046182,1.35304961559398e-06,0.000201165587909436,5.7852451590207,675.18,394.75,376.58,436.65,555.56,153.58,139.57,160.72,189.81,171.23
"120","TRINITY_DN10686_c0_g2",-1.29513198904847,0.926472446547856,-6.09655022535627,6.05187252842513e-05,0.0017640267882828,2.14102989219949,106.81,70.33,73.36,71.16,90.39,34.96,21.06,44.28,26.7,31.46
"121","TRINITY_DN10695_c0_g2",-1.3250877364105,2.19841071620024,-6.15717651286686,5.53096418630783e-05,0.00167942556160039,2.14316579248505,165,155,226.1,196,245.53,84,93,73,58,84
"122","TRINITY_DN10695_c1_g1",2.23593720164196,-0.821194955593789,3.21802510655052,0.00763078591348196,0.0403427368409989,-2.27626783618161,8.03,17.01,13.68,22.48,1,34.11,28.01,31.44,43.92,18.11
"123","TRINITY_DN10704_c1_g2",-1.24782826503587,-0.949295327360904,-3.3734436857717,0.00574425592050112,0.0333229334227791,-2.03569474053386,28.52,18.14,23.19,27.07,19.34,16.55,4.54,11.15,6.85,3.2
"124","TRINITY_DN10709_c2_g1",1.06932451454277,0.693492623889766,3.96752088176446,0.00197045475342815,0.0162361770176807,-1.22613349184918,23.77,24,27,34,62,54.79,49,66,91,52
"125","TRINITY_DN1072_c0_g1",-1.0831060836963,5.28559314929915,-4.47736984045995,0.000809719772818109,0.0090208844880545,-1.03755730643771,968.75,1603.05,2371.19,1377.72,1795.07,746.71,453.27,1085.01,994.31,526.38
"126","TRINITY_DN1073_c1_g1",-1.60636519972115,3.56883867368271,-6.91596102005288,1.86957387371519e-05,0.000875102528503276,3.09305839502419,456.06,561.72,517.38,531.06,835.53,253.59,89.68,181.14,305.21,153.98
"127","TRINITY_DN1073_c5_g1",-1.96450237653116,0.74069068753383,-4.57223804048801,0.000688667982686286,0.00810940468635847,-0.191436705001149,100.01,71.12,101.74,72.74,121.06,25.28,2.07,37.42,29.44,39.34
"128","TRINITY_DN10737_c0_g1",1.21051812634792,4.6504825479939,3.34015142124387,0.00610394538093964,0.0346829448198207,-3.01973281900845,358.66,634,574.32,583.94,247,2071,530,1171.93,1325,628
"129","TRINITY_DN107390_c0_g1",-1.05941597842899,-0.401382725785125,-3.88267834478673,0.00229130622593378,0.0178983824407245,-1.24881014342021,29.53,29.76,30.75,21.31,48.19,14.37,12.37,8.22,18.5,10.21
"130","TRINITY_DN10741_c0_g1",1.70270782719878,0.465837055099908,3.65683263443765,0.00343534928156829,0.0235093209327857,-1.72234562142934,51.05,17.42,31.62,27.97,7.11,68.85,45.63,101.37,99.33,35.15
"131","TRINITY_DN107425_c0_g1",-1.23728627507442,-1.02387075411539,-3.10639795780506,0.00936277136793821,0.0461486631149549,-2.4618723324219,22,22,26,14,29,16,1,9,10,7
"132","TRINITY_DN10743_c0_g1",-1.54541582983392,-0.221091922648898,-4.26230296612662,0.0011738372141353,0.0115705291616587,-0.629198173992677,59,33,39,28,59,25,3,13,20,8
"133","TRINITY_DN107489_c0_g1",-3.17787590437885,-1.70045633816324,-4.39902482995345,0.000926384720248679,0.00988367817164494,-0.851468480270189,30,26,24,26,28,9,0,9,5,0
"134","TRINITY_DN10749_c1_g1",-1.79877240404571,-1.2568641306484,-3.60935812065524,0.00374277348225277,0.0249415820231819,-1.65930111705527,31.21,18.49,21.65,19.81,22.16,1.12,1.13,3.34,9.18,21.72
"135","TRINITY_DN107502_c0_g1",-2.4950319498514,0.0236234903908893,-5.98089261784384,7.19566472569586e-05,0.00196903019463842,1.912197099536,51,67,118,42,79,6,4,11,17,17
"136","TRINITY_DN10753_c2_g1",1.25453167620771,0.725290746559691,5.27190972856237,0.000216619400167092,0.00387258831791432,0.917876562020486,38.3,27,25.53,20.48,44.27,75.8,49.62,72.47,61,84.12
"137","TRINITY_DN107557_c0_g1",1.62459046156945,0.965047291995772,4.55257663981496,0.000712102937856389,0.00828137500383726,-0.256189061001813,42,27,24.96,23.71,47,63.17,57,71.35,214.53,104
"138","TRINITY_DN10757_c0_g1",1.99830174454379,2.06249181368997,9.1100245696045,1.20125294602964e-06,0.000192168673492642,5.92098584912543,47,68,66,51,61,294,257,228,219,155
"139","TRINITY_DN107647_c0_g1",-1.41232152718693,-0.815007856556779,-4.38881583191809,0.000942830712910615,0.0099924990853315,-0.429917437180189,21,31,28,18,38,10,5,7,9,9
"140","TRINITY_DN1077_c2_g1",1.64814458752669,1.64474785493059,7.34396789225107,1.04783949255378e-05,0.000620839192151335,3.82633788021952,54.76,36.32,38.13,80.5,48.76,155.58,130.68,146.94,149.23,165.48
"141","TRINITY_DN10772_c0_g1",-1.04275964649632,0.221360749969658,-3.11428262308172,0.00922836509959124,0.0457223543570657,-2.64357034610402,68.21,42.16,53.44,29.92,45.06,45.75,19.78,17.74,12.39,17.63
"142","TRINITY_DN107737_c0_g1",1.01062529550692,-0.711087013760572,3.28170663925524,0.00679164371004143,0.0372683911453656,-2.22142201269524,17.26,10,11,9,19,23,12,34,27,17
"143","TRINITY_DN10774_c2_g1",-2.00397443370056,2.14836737702167,-5.2947926863181,0.000208818434491691,0.00379607067862219,0.832844111729153,224.11,228.7,203.97,268.75,302.14,49.41,28.84,22.58,177.64,96.82
"144","TRINITY_DN10775_c2_g1",2.20164900951698,-1.12251471748502,4.96281923142174,0.000358081010691275,0.00529988232805626,0.272614817264218,16.99,5.29,3.01,3,10.95,18.26,18.02,27.91,35.12,28.13
"145","TRINITY_DN107770_c0_g1",-1.45742149360227,0.00611247089584215,-6.32319790957951,4.33387328969253e-05,0.00144318592874938,2.41798073590372,56.2,46.08,48.12,33.13,50.19,13.03,11.03,23.12,14.06,13.04
"146","TRINITY_DN1078_c3_g1",2.14638551882479,3.77754740671286,8.61341846009467,2.13558498829169e-06,0.00024872934282264,5.30162192400582,254.84,143.83,215.37,136.04,153.02,764.42,510.47,1019.45,688.73,1056.23
"147","TRINITY_DN107820_c0_g1",1.27389386148294,-0.655701925758563,3.11965920677732,0.00913782853506129,0.0453776845702395,-2.49133012987897,8,11,13,17,14,18,36,19,48,14
"148","TRINITY_DN107841_c0_g1",-2.59718143652218,-1.74496002639708,-4.73938879461914,0.000519229395884821,0.0066906908485125,-0.393078372424744,21.88,21.73,22.72,20.3,21.03,3.18,0,5.36,3.21,3.33
"149","TRINITY_DN10785_c0_g1",-1.56194470372263,1.67562863546757,-5.39819342379799,0.00017708962956605,0.0034229147269819,1.04072669431495,181.74,136.58,134.01,97.19,214.73,91.78,27.2,51.57,36.91,55.69
"150","TRINITY_DN107864_c0_g1",1.45255589348028,0.200692806200859,3.75550317040486,0.00287656835031667,0.0208501371457988,-1.52273681268866,25,7,42,15,29,56,59,51,55,33
"151","TRINITY_DN107867_c0_g1",-1.55183409474277,0.638982612227156,-7.74187516915812,6.24059147587211e-06,0.00046120209096443,4.25722027453694,99.09,73.04,65.19,53.5,81.64,22.56,18.8,18.63,30.4,24.04
"152","TRINITY_DN107888_c0_g1",-1.28122016165268,-0.562513124965838,-3.40180858246575,0.00545483919437825,0.0321363379420266,-2.0290283571743,34,24,31,23,37,21,10,4,8,17
"153","TRINITY_DN107902_c0_g1",-1.72791066907522,0.260369081055915,-4.65376315712912,0.000599772504604159,0.00738560704050822,-0.025956283474355,69,49,75,77,41,31,23,17,12,7
"154","TRINITY_DN107924_c0_g1",-2.20014788374962,-1.44415699567043,-4.04359935885725,0.00172226350321236,0.0148484910345507,-1.07870972478733,33,33,24,15,15,5,6,2,6,1
"155","TRINITY_DN107965_c0_g1",-1.37592213427487,-0.671189079987082,-3.07435997682196,0.0099294787582563,0.0479426790182262,-2.55553467851577,36,24,33,11,57,7,5,15,11,9
"156","TRINITY_DN107977_c0_g1",2.44264514164906,-1.94398157487923,4.57393202329883,0.00068668696498123,0.00809308574480912,-0.629997879998366,7,4,2,1,7,15,13,13,26,10
"157","TRINITY_DN107995_c0_g1",-1.18497848034506,1.28643321221302,-4.41613691585753,0.000899485799809318,0.00969750884785503,-0.531009561281587,88.19,82.36,146.85,111.69,87.72,26.96,30.13,38.42,59.15,65.14
"158","TRINITY_DN108008_c0_g1",-1.11724210537567,1.40224358036584,-4.95405672177553,0.0003632904427456,0.00535639210392409,0.350728578373051,153.77,113.8,78,94,107.53,57.8,42,36,72.48,32.29
"159","TRINITY_DN10801_c0_g1",-1.90765587380903,1.06965985295915,-5.15547138199251,0.000261363348772725,0.00435000425431374,0.72079030515189,133.32,72.56,179.98,61.34,154.4,53.22,14.73,17.74,39.4,26.19
"160","TRINITY_DN108018_c0_g1",-1.57108507329675,2.06156654267028,-5.15881623367833,0.000259950449575357,0.00433444662871038,0.610558154858046,285.98,233.06,150,130,210,88,27,59,68,103.04
"161","TRINITY_DN10805_c0_g1",1.14486708483789,0.594213834316863,3.61693871796062,0.00369185465895042,0.0246986485807334,-1.82081156904577,20.02,28.02,34.02,29.06,38,82.12,25.02,54.86,106.99,51.07
"162","TRINITY_DN10809_c0_g1",-2.45841809474237,0.162024943264376,-5.51566164017857,0.000147121204268042,0.0030312679594569,1.28617269887968,69.97,132.71,57.66,62.92,68.94,10,2,15,27,13
"163","TRINITY_DN108101_c0_g1",-1.90784116705124,0.41501435779338,-5.77948379968051,9.77058041820978e-05,0.00235250836443934,1.68758449830986,80.74,56.15,110.18,41.59,89.22,22.66,14.23,11.17,35.31,9.25
"164","TRINITY_DN108102_c0_g1",2.70328892480684,-2.07848323472168,4.69188469668809,0.000562407732664517,0.00706627835235753,-0.579965832810379,3,4,7,2,2,12,20,14,18,11
"165","TRINITY_DN10812_c0_g1",2.52289809162996,-1.8250405286338,3.49098312968382,0.00463806178161157,0.0287813825856971,-1.94843246892401,3,3.03,12.03,9,1,12.88,23,21,16,12
"166","TRINITY_DN108167_c0_g1",-1.79630425571838,-0.94449877415111,-4.12651834275652,0.00148830840065367,0.0135101232784145,-0.850039604118606,45,19,19,24,42,11,3,7,9,3
"167","TRINITY_DN10819_c1_g2",-1.23273498750985,-0.345440102652539,-4.06836891489517,0.00164863128185255,0.014418830045223,-0.943521381461255,31.4,53.32,32.88,27,31.02,17.54,12,14.48,12.58,6.57
"168","TRINITY_DN108193_c0_g1",-1.19359333963844,-0.222571335951325,-4.26295132194486,0.00117251375284688,0.0115595786715778,-0.634580984782023,44.54,34.44,45.21,21.62,43.21,11.67,13.53,13.58,26.2,7.34
"169","TRINITY_DN108197_c0_g1",-3.7079141597228,-1.81133327681641,-3.8067747033102,0.00262400642675394,0.0195844951186535,-1.58891480607266,30,27,76,22,16,6,0,1,1,3
"170","TRINITY_DN108283_c0_g1",-2.32815893232945,0.00350573064877051,-7.13107633438696,1.39355488307071e-05,0.000728815804279796,3.3510837220007,60,68,65,46,78,7,9,5,26,13
"171","TRINITY_DN108322_c0_g1",1.04763238791634,1.53386615405529,5.04717307357925,0.000311769288153278,0.00486723402753873,0.483835548869767,66,35,50,60,80,133,109,112,132,79
"172","TRINITY_DN108362_c0_g1",-1.292948296885,-0.757317719252484,-3.70052186249263,0.00317532764734404,0.0222592145981041,-1.51561844183881,36,27,24,27,21,11,12,4,16,5
"173","TRINITY_DN108376_c0_g1",-2.39513202336753,-0.250921463155207,-5.8418436660034,8.88228800308122e-05,0.00222326979648224,1.67505006950457,80,40,37,54,67,16,11,9,8,3
"174","TRINITY_DN10839_c0_g1",1.43078018201539,0.216325763488809,3.07750685603689,0.00987231982529997,0.0477769683795614,-2.70040796858267,31.21,48.22,19.51,7.86,15.76,44.34,36.27,29.04,132.01,43.95
"175","TRINITY_DN108418_c0_g1",-1.35850595360494,-0.175975030769322,-3.69045607175291,0.00323338690821106,0.0225477142625129,-1.58739878541493,29,38,37,37,64,16,6,11,12,30
"176","TRINITY_DN108423_c0_g1",1.99701997699565,-0.854854127287959,6.30927544620667,4.42279094920074e-05,0.00146148251833522,2.09082781447404,7,7,8,9,12,28,27,34,33,19
"177","TRINITY_DN108464_c0_g1",-1.49519336556349,-1.11382426689976,-4.52819321310944,0.000742329192618099,0.00851276135688194,-0.264040150873513,32,19,26,14,25,5,3,7,11,5
"178","TRINITY_DN108465_c0_g1",1.01857438591984,0.821970495086625,3.55300119593333,0.00414458842280697,0.0267952346255668,-1.96799499685289,55,36,21,41,32,67,72,64,105,37
"179","TRINITY_DN10847_c1_g1",-1.05560118501892,6.73540756789917,-5.07843795008984,0.000296244003832215,0.00471002853330547,-0.126578687385242,2882.39,4664.6,4550.05,4151.86,4979.7,2787.21,1089.76,2218.22,2409.19,1850.98
"180","TRINITY_DN108478_c0_g1",-3.05560449781237,0.125650914453301,-12.815519144412,3.14994265984401e-08,2.8086644460914e-05,7.71251708467583,79.15,91.58,101.23,71.42,92.13,9,6,8,12.02,8.02
"181","TRINITY_DN108491_c0_g1",-2.47522757257933,-1.97659585243727,-3.74092991395311,0.00295282602862298,0.02120786485182,-1.64902094989154,18,11,18,19,19,4,3,4,0,2
"182","TRINITY_DN108511_c0_g1",1.87929705556216,1.47583877523686,6.13931290761865,5.67931091144659e-05,0.00170382459892163,2.18404762483052,35,73,20,61,39,165,98,139,199,125
"183","TRINITY_DN10855_c1_g2",1.33378017892939,0.431799081498232,3.04752242887314,0.0104306583997908,0.0494839896225924,-2.7875284238712,41.16,29.72,43.27,6.7,21.67,83.18,56.98,81.84,42.04,35.93
"184","TRINITY_DN108550_c0_g1",-1.23042483660995,0.996735447463122,-6.00397934516862,6.95023654023943e-05,0.00192676001865526,2.00532952599075,103.59,95,80.77,59.99,88,33,18.01,45,43.56,32
"185","TRINITY_DN108601_c0_g1",-1.18562561101647,-1.75850178420092,-3.06126465882719,0.0101709319153366,0.0486704895314099,-2.5020655417019,10.69,15,13.16,12.22,14.39,2.38,2.42,5.79,5.14,4.11
"186","TRINITY_DN108611_c0_g1",-1.64927334183997,-0.0389076567173683,-6.73117575930824,2.41778328510076e-05,0.00101080438631757,2.92275670463095,58.55,40.39,51.81,39.71,55.81,18.99,5.41,17.08,18.13,9.7
"187","TRINITY_DN108628_c0_g1",-1.956407773111,0.458412839799365,-5.40361553809418,0.000175573086116696,0.00340691963145673,1.13496900475677,83,132,65,62,55,14,11,11,39,19
"188","TRINITY_DN108632_c0_g1",-1.00667115002371,-0.485423407077105,-3.3387436806615,0.00611964926278466,0.0347410336136228,-2.15071681303462,29.98,41.81,30.52,20.5,27.68,18.57,6.14,11.27,21.68,6.04
"189","TRINITY_DN108633_c0_g1",1.06242356567076,-0.730978504710821,3.44453963653853,0.00504659104245149,0.0305068820410548,-1.94627678772726,16.65,10.37,12.37,9.27,13.13,13.25,23.35,22.44,37.66,17.25
"190","TRINITY_DN108685_c0_g1",-3.29524735523506,-2.06252582610813,-5.3989414933248,0.000176879577442914,0.00342250341397991,0.166482523327868,26,16,23,25,20,1,0,6,2,1
"191","TRINITY_DN10873_c0_g1",1.26076254745206,2.62328191043751,7.31781047455917,1.08487324037129e-05,0.000634487531365968,3.73809843182415,100,132,117,100,103,311,180,276,381,187
"192","TRINITY_DN108764_c0_g1",-2.05790268111394,-0.463620751773743,-5.28777727255339,0.000211178042546337,0.00381854551600326,0.896648733478788,56.15,34.63,45.1,29,52.62,13.42,2.13,3.75,21.81,8.15
"193","TRINITY_DN108767_c0_g1",1.20856185914459,-0.154096382009162,3.2548401509153,0.0071336398438941,0.0385500054395672,-2.34128132131319,26,6,20,24,21,32,27,31,43,45
"194","TRINITY_DN108768_c0_g1",-1.30222259468517,0.784426556346717,-6.19422051973676,5.23629960999494e-05,0.00162006582529713,2.28160337672424,94,82,67,50,88,28,18,24,42,30
"195","TRINITY_DN108774_c0_g1",-1.40701854028181,-0.723822142487663,-3.27329690530872,0.00689687087183434,0.0376747718780699,-2.2151722089097,39,28,25,43,16,5,4,11,15,10
"196","TRINITY_DN10889_c0_g1",-1.14183303727298,0.536279703998961,-4.01416015032183,0.00181422619384828,0.0153665720216238,-1.12359457982999,78,55,52,39,88,18,20,22,55,18
"197","TRINITY_DN109_c0_g2",-1.32116159214541,7.03583207272594,-11.1388005164455,1.44162926586553e-07,6.58514055828455e-05,7.84715119058869,6464.86,5165.62,6248.95,4166.96,6111.74,2223.4,1878.75,2099.77,3329.72,1844.1
"198","TRINITY_DN1090_c2_g2",-1.00102806949394,0.520358636324298,-4.32856734273281,0.00104628662182613,0.0106991117969064,-0.591293735825285,70.22,53.05,71.59,43.81,49.81,37.31,14.81,20.01,42.88,20.26
"199","TRINITY_DN1090_c3_g1",1.03984978355818,2.7390562774566,6.69078275013272,2.55908741887396e-05,0.00104891728560643,2.85620710512634,112.57,124.86,121,139.35,141.91,214.98,202.93,326.43,323.38,253.62
"200","TRINITY_DN109017_c0_g1",1.22765091910854,-1.14716889275476,3.20956587555178,0.00774988532508182,0.0407446676517571,-2.287808726485,18,8,8,3,14,21,12,20,21,13
"201","TRINITY_DN109034_c0_g1",2.47357923007771,-1.78732814198693,3.63930526727766,0.00354571627139663,0.0240557632178538,-1.74480561871715,9.39,1.06,8.03,1.38,6.61,10.78,12.56,17.13,22.9,26.8
"202","TRINITY_DN10904_c0_g1",2.46596347905047,0.688875807996462,7.61730978475265,7.32501408387648e-06,0.000508831214605524,4.09287478358965,27.4,21.49,31.63,9.04,17.62,101.3,56.17,122.54,174.85,82.3
"203","TRINITY_DN10904_c0_g2",2.35142084189831,1.99106835270738,3.71980469831583,0.00306707636279568,0.0217408188216151,-1.82004371635428,130.77,41.68,40,26.92,43.36,322.31,131.56,480.01,103.43,433.47
"204","TRINITY_DN109041_c0_g1",4.00834227892198,-0.482257868489224,4.85089473817589,0.000430972504567905,0.00595403238403681,0.0813306484797351,8.05,2.01,4,15.02,5.02,59.06,110.99,103.02,44.01,88.1
"205","TRINITY_DN109059_c0_g1",1.06987360304446,2.0196717606816,5.88072441488438,8.3721056705226e-05,0.00214694577805466,1.74153041206007,88,71,60,76,93,148,167,182,146,158
"206","TRINITY_DN10906_c0_g1",2.50149779434316,1.96434657196193,5.18863736321905,0.000247703749734797,0.00420895178126377,0.696119068586124,73.25,73.75,38.53,14.5,63.25,268.08,244.14,390.46,410.26,92.81
"207","TRINITY_DN10906_c1_g1",3.07608290806653,-0.923701249475914,3.86780466224767,0.00235289100141069,0.0182417378637644,-1.28383531108022,3.44,24.01,4.88,2.75,5.24,72.57,28.02,24.3,95.49,16.1
"208","TRINITY_DN10906_c2_g1",2.34623579264295,0.649305724245565,5.38728699539458,0.000180182169709688,0.0034544548440887,1.10741106954362,42.68,33.6,8.98,7.37,31.71,82.35,90.43,149.36,116.3,57.41
"209","TRINITY_DN1091_c4_g1",3.11936485545325,-1.00993749793202,5.46300373380623,0.000159832335263695,0.0031972933237689,0.765618520676119,12.95,1.38,6.23,7.84,5.63,48.82,42.93,29.86,39.69,32.54
"210","TRINITY_DN109102_c0_g1",-1.87858783374914,-1.07196688050564,-4.00548795821994,0.00184227467754925,0.0155209358715275,-1.04424582205716,50,20,26,14,28,6,4,3,5,12
"211","TRINITY_DN109148_c0_g1",-2.08261430205397,-2.24882094440339,-3.88440598765396,0.00228426148921106,0.0178573980155932,-1.51923125809624,14.65,9.36,17.09,14.21,10.12,1.01,1,3.05,2.03,1.01
"212","TRINITY_DN109213_c0_g1",-2.45624809946175,-1.51826899867642,-3.97518629484791,0.0019438522267135,0.0160974522629681,-1.22482088448557,33,19,33,11,33,1,2,4,12,1
"213","TRINITY_DN109218_c0_g1",-1.18272947619273,0.72902358686891,-4.36674733361905,0.00097943003340061,0.0102328426712817,-0.547102924526876,94,72,68,35,92,26,25,39,34,19
"214","TRINITY_DN109262_c0_g1",1.37480836341489,-1.7119369127762,3.10124145752771,0.0094517358238525,0.0464189041259739,-2.44168594304168,11,3,9,6,5,11,7,14,18,10
"215","TRINITY_DN109270_c0_g1",-2.06043965266608,-0.547231092465392,-5.89576015170742,8.18322569404558e-05,0.0021184856198231,1.69327638401637,45.94,44.49,30.12,24.8,58.92,10.42,6.19,9.45,8.33,4.17
"216","TRINITY_DN10932_c1_g1",1.17987254596349,0.721483871652202,4.8732072017006,0.000415286791088168,0.00583364252429663,0.287000827401405,38,26,35.5,20,38,63,83.89,70.22,55.69,61
"217","TRINITY_DN109336_c0_g1",-1.69339776220231,1.86396729333325,-5.48932082288227,0.000153340477325753,0.00311661873575876,1.16697050735888,314.83,154.15,142.61,109.5,232.3,62.97,30.18,43.18,95.76,48.81
"218","TRINITY_DN109340_c0_g1",-3.21797454052192,-0.978995574626224,-4.13187252278976,0.00147438314946898,0.0134370567497037,-0.938861165023725,53.71,32.12,24,58.58,57.19,0,9.01,6,6,5
"219","TRINITY_DN109404_c0_g1",1.40912766249272,-0.973681849562919,4.13406661589164,0.00146871581821015,0.0134180985982174,-0.828307303558729,10,9,11,5,15,25,17.01,19,35.62,12
"220","TRINITY_DN109445_c0_g1",1.0593318817578,-0.702889515084403,3.14362704883054,0.00874499239081058,0.0440987280853494,-2.45037996408765,14,9,17,8,17,14,26,31,28,17
"221","TRINITY_DN10945_c1_g1",-2.25072374163454,-0.743666990203597,-5.17604616213902,0.00025279875462948,0.00426223715531682,0.664626981734141,53,29,33,23,55,12,4,2,10,6
"222","TRINITY_DN109504_c0_g1",2.05281430728439,-1.94776438180452,3.18799789121934,0.00806211792538908,0.0417983658449945,-2.35196649979402,6,5,0,11,6,11,12,15,14,10
"223","TRINITY_DN10954_c1_g1",-1.89152773747692,1.36744721829532,-6.65678463351887,2.68484644369842e-05,0.00108341669075552,2.91897520034503,177.5,129.11,141.51,71.14,183.21,22.54,28.78,39.48,44.86,40.81
"224","TRINITY_DN109572_c0_g1",1.17799457064717,1.26611946482762,4.23566977707877,0.00122956712559276,0.0119168541568275,-0.838711494291169,50.51,39.12,29.48,55.1,53.72,81.09,102.32,108.66,75.62,124.86
"225","TRINITY_DN109608_c0_g1",-3.42882789584574,0.386937714637319,-8.79227009208702,1.73096676761338e-06,0.000222574499898958,5.02842933364044,146,109.2,151.51,65.49,146.32,8.18,6.15,7.17,23.46,5.1
"226","TRINITY_DN109628_c0_g1",-3.05063962427987,-1.48037539156867,-3.3304887058873,0.00621256595221469,0.0350854194483345,-2.15669568592054,37,28.56,64.83,10.08,33.01,7,1.02,5,5,0
"227","TRINITY_DN10963_c0_g1",-1.94575929508493,1.18545842622886,-6.83739064165802,2.08445533927532e-05,0.000933784458099163,3.1629121807408,148.47,113.24,115.27,128.36,108.62,12.06,27.66,45.71,50.71,25.91
"228","TRINITY_DN10963_c1_g2",-1.71833070827368,3.1191001513092,-7.51321427213279,8.38618187743522e-06,0.000545989119666783,3.96392816681487,522.23,454.41,455.47,388.86,359.34,204.81,61.05,127.62,229.23,85.83
"229","TRINITY_DN10963_c2_g1",-3.0726760055778,0.264821527267134,-5.55816741980615,0.00013764119467956,0.00290509981366548,1.3359641719322,143.95,92.74,139.01,32.89,123.58,7,6.63,8,19,10
"230","TRINITY_DN10969_c3_g1",1.87009754093294,-1.47009251016449,3.06688036342637,0.0100666745560925,0.0483475934463954,-2.49217938875821,12,10,5,2,5,10,7,34,23,22
"231","TRINITY_DN10970_c0_g2",-1.4391754284714,3.10098122895247,-3.07288734228888,0.00995634137387022,0.0480254845393912,-3.23048048095857,420.69,611.76,269.19,672.72,188.31,171.89,176.37,201.77,192.04,42.86
"232","TRINITY_DN10972_c0_g1",-1.68326832978741,0.709751689201916,-3.82286940771299,0.00254952386487398,0.0191835778540329,-1.46485591366878,96.72,60.96,55,123.14,81.77,41,20,34.64,8.15,27.72
"233","TRINITY_DN109736_c0_g1",-2.03425054582768,-0.613148089817642,-5.54239618324165,0.000141080975032308,0.00295932715502594,1.21623399850113,54.79,25.09,39.6,25,50.68,11.13,4.06,4.02,10.17,8.32
"234","TRINITY_DN109743_c0_g1",1.24923926141612,1.2210989126236,5.4420671807746,0.000165204210786096,0.00327225864124784,1.14695728688324,36,59,52.18,35.16,35,102,121.47,87.58,99.24,74.54
"235","TRINITY_DN1098_c0_g1",-1.36410143032946,5.08555637595355,-16.5439527119714,1.85183605339435e-09,5.64980276652694e-06,12.3144031625345,1710.15,1389.88,1511,1361.73,1508.38,639.76,451.37,632.71,697.39,468.61
"236","TRINITY_DN109811_c0_g1",-1.62522830601478,-0.662801896201518,-6.17797922691249,5.3633824054303e-05,0.00165219874993408,2.05933534668378,44.09,26.57,33.15,23.45,32.61,10.18,5.45,9,10.14,6.21
"237","TRINITY_DN109835_c0_g1",-4.44355430916156,-2.54901181325176,-7.36872361156807,1.01403317488119e-05,0.000609439540496825,1.73811351737897,23,28,20,16,30,1,0,0,3,0
"238","TRINITY_DN109865_c0_g1",-1.15712881992848,-1.26054285747984,-3.19671792387447,0.00793437862382831,0.0414021238761547,-2.30206676649773,17,21,25,11,18,10,4,8,5,5
"239","TRINITY_DN10989_c0_g1",-1.39619798705225,-0.281552805682238,-4.72368752778597,0.000533103090897274,0.00680977224447949,0.101943468537938,38,47.87,41.95,30.53,31.01,13.76,16.12,6,14.71,13
"240","TRINITY_DN10993_c0_g1",1.072596397665,2.75510504195363,6.51447309579832,3.28736210119065e-05,0.00121176025438936,2.60040994494251,126,124,102,135,158,285,170,291,371,241
"241","TRINITY_DN110031_c0_g1",-2.93420877980924,-1.11761657530788,-6.08210762208134,6.18349581026863e-05,0.00178781735176836,1.4118318054097,39,22,38,39,46,7,1,3,3,4
"242","TRINITY_DN110038_c0_g1",2.30302486151621,-2.00717662146572,3.93440430126191,0.0020897818052676,0.0168540637492065,-1.40186776203539,7,1,6,4,4,14,9,12,25,10
"243","TRINITY_DN11005_c0_g1",-1.21601719697545,0.737895855176181,-3.25366033156946,0.00714905194124505,0.0385949463162541,-2.47643544327596,109,40,81,108,45,29,23,20,29,41
"244","TRINITY_DN110057_c0_g1",-1.27573104064983,-0.0243795450915616,-4.40106705827119,0.000923130883878049,0.00985616869223776,-0.422002612761399,74.58,42.62,45.01,26.39,37.46,19.1,7.96,14.05,21.28,16.88
"245","TRINITY_DN110157_c0_g1",-3.14865395217098,-1.31386104372848,-5.4126751860725,0.000173069666065677,0.00336554601608089,0.489777317008564,66,25,29,27,34,4,2,1,5,2
"246","TRINITY_DN11017_c0_g2",1.90533430806933,-1.31456517103479,3.45733750658399,0.00493048428101237,0.0300142116244746,-1.89442723745268,15.38,3,6,8.26,5.36,40.16,15.48,12,26.3,12.44
"247","TRINITY_DN1102_c2_g2",-1.33223471688202,0.546207175629668,-4.6395974675714,0.000614311444347318,0.00749789319289925,-0.0750021407566743,89.7,71.94,48.85,68.54,51.67,13.91,17.77,36.06,31.7,21.08
"248","TRINITY_DN110226_c0_g1",3.20517698124403,-0.472113366900525,4.28435860335529,0.00112967638008692,0.0112700344807974,-0.620723373637658,9,12,8,1,17,120,49,88,38,35
"249","TRINITY_DN110229_c0_g1",1.27700311741592,-0.983045139637867,3.98153834846994,0.00192208913061047,0.0159560973600479,-1.06391865259669,15.26,8,13.21,8.17,6.16,24.62,18.24,17.57,22.26,15.19
"250","TRINITY_DN110260_c0_g1",-2.26317202243801,-0.91802623673933,-5.06645689713386,0.00030209506071696,0.0047668269357285,0.459915648334986,45,33,28,21,44,6,9,2,13,2
"251","TRINITY_DN11028_c0_g1",-3.63403523142717,-0.978105337340669,-4.61329272787782,0.000642296124208158,0.00773243215843424,-0.394217351526933,75,62,40,51,39,0,2,3,28,2
"252","TRINITY_DN110284_c0_g1",-2.57263922140405,-1.29714166193424,-4.14841034968176,0.00143221859426943,0.0131966460377619,-0.924603728973553,51,25,32,11,33,4,9,2,3,2
"253","TRINITY_DN110377_c0_g1",-1.39437952112795,0.152698667559469,-5.14428713974869,0.000266146728596285,0.00439732281746067,0.744916595063536,59,38,48,36,79,20,20,12,21,13
"254","TRINITY_DN110407_c0_g1",-1.17618995081483,-0.50660870927071,-4.58728867250767,0.000671274294320985,0.00797015501908157,-0.110455675024547,41,25,28,28,32,13,5,14,17,8
"255","TRINITY_DN110426_c0_g1",1.57331725478922,0.00276355414949265,4.8104563017139,0.000461006358508542,0.00621119565163193,0.232452617270837,33,12,20,8,20,34,29,48,71,53
"256","TRINITY_DN110450_c0_g1",1.33275105316244,0.677714898274054,5.3764873460452,0.00018330067844703,0.00349208658543342,1.08208940449281,31.83,25.01,35.3,19.01,34.05,63,84.61,83,74.4,40.89
"257","TRINITY_DN110458_c0_g1",1.74633428464238,-0.214773505597172,5.68900325472727,0.000112306254898329,0.00257101789230596,1.52366686814775,19,16,10,20,9,55,35,35,41,38
"258","TRINITY_DN110464_c0_g1",-1.8921926093199,-0.170671542499559,-3.7398228735566,0.00295870314274456,0.0212289853801712,-1.48380288690729,66,32,49.33,81.49,33.6,26,10.55,14,14.52,2
"259","TRINITY_DN110491_c0_g1",-1.64551282005101,-0.96567624507399,-3.2596653898147,0.00707095661935786,0.0383446063293613,-2.20973385093979,47,18,31,10,41,7,6,5,11,4
"260","TRINITY_DN11052_c1_g2",2.58856626787716,-1.36235079633086,4.32420485616362,0.00105422272621707,0.0107519648043639,-0.708490597997693,5.25,10,5,2,5,36,37.69,22,22.01,12
"261","TRINITY_DN11053_c1_g2",2.64210672936636,-1.29458722285246,3.59711412897465,0.00382654064700901,0.0253229556310338,-1.70843226008729,2.1,21.83,6.53,7.11,2.06,31.18,32.06,34.67,16.39,17.44
"262","TRINITY_DN110581_c0_g1",1.07389309676965,-1.0158981718662,3.33052073854515,0.00621220264286809,0.0350854194483345,-2.10577240837013,20,9,11,7,8,16,19,20,19,15
"263","TRINITY_DN110642_c0_g1",-1.49867823075233,0.746186044874019,-3.38974473060771,0.00557607314912475,0.0326329066914524,-2.23133917793263,97,60,100,97,50,45,38,6,31,30
"264","TRINITY_DN110694_c0_g1",3.17518906640539,-1.09782476705762,4.36606928451478,0.000980577706994192,0.0102347538260335,-0.635343609232435,10,9,0,6,9,65,32,31,45,18
"265","TRINITY_DN110723_c0_g1",-1.1442483993359,2.11578001232622,-3.40678481412009,0.00540561591960046,0.0319383710701267,-2.44796558472638,239.24,156.9,279.57,72.26,211.48,92.7,44.76,88.88,129.24,55.16
"266","TRINITY_DN110730_c0_g1",1.69836505532486,-1.4408176291481,4.26327089150085,0.0011718620001081,0.0115552476518999,-0.71573664124983,7,5,9.03,7,5,14,17,14,28,11
"267","TRINITY_DN11074_c0_g1",-2.10730248030107,1.43165932323941,-6.02927440350404,6.69149949780226e-05,0.00188053856353105,2.03101892841783,233.29,188.97,89.52,162,134.09,39.16,16.86,29.15,64.67,27.57
"268","TRINITY_DN110751_c0_g1",-1.58431650720557,-0.694034488838277,-3.81280095567536,0.00259585926711379,0.0194291153705224,-1.33326017716981,58.06,34,17,24.73,29,6,11,9,10,5.92
"269","TRINITY_DN110860_c0_g1",1.50758624314154,-0.917705828904105,3.17572331639463,0.00824545503102781,0.0423932833531178,-2.3562433917568,4,10,14,13,11,35,22,11,25,24
"270","TRINITY_DN1109_c1_g6",1.0098517440457,3.70363300113166,3.40883879629773,0.00538543064276187,0.0318701945479775,-2.74751648449077,270.98,340.87,119.95,350.11,244.48,385.7,556.6,497.63,476.39,615.91
"271","TRINITY_DN110911_c0_g1",-1.13341872311644,-1.21269532968456,-3.16220996443442,0.00845216646593985,0.0430814156357356,-2.35897329630205,17.02,19.28,22.46,13.87,22.16,6.03,5.76,4,17,3.02
"272","TRINITY_DN11093_c0_g1",2.32033577153715,1.42034811658595,4.42300799632759,0.0008889153259269,0.0096178622423891,-0.510518286706486,94.23,24.12,17.07,15.82,67.8,144.99,140.38,255.23,309.65,65.08
"273","TRINITY_DN110968_c0_g1",-1.23752762351327,-1.07876000637197,-3.0424031709683,0.0105291052938839,0.0498064319346781,-2.56148975603211,34,19,17,12,29,4,3,6,12,14
"274","TRINITY_DN111_c6_g1",-1.7751207473924,0.468075029274521,-4.13386951990399,0.00146922399097469,0.0134194058930486,-0.900797531992763,50.2,61.6,87.88,83.56,76.54,33.98,50.26,8.64,18.54,7.44
"275","TRINITY_DN111032_c0_g1",1.88937276179394,-1.97757612757285,3.56932777635265,0.00402383658035368,0.0262076991308846,-1.8255997142354,8,3,1,7,7,11,9,11,14,13
"276","TRINITY_DN11105_c0_g1",-2.75899898645649,0.054493507430736,-4.30174917600566,0.0010960766176765,0.0110544406730368,-0.561561519317697,144,73,62,24,115,4,18,6,10,18
"277","TRINITY_DN111052_c0_g1",2.0947624752264,-0.378313584093746,6.27311329990798,4.66293465421198e-05,0.00150249809702159,2.22833009226247,19.29,5.07,17.22,8.11,11.02,49.68,34.5,44.48,54.52,28
"278","TRINITY_DN11106_c0_g1",-1.74635058591436,1.90866148544628,-9.579048381825,7.13039185450339e-07,0.000149740981991619,6.40690341168266,160.48,178.87,225.05,142.8,235.92,54.03,40.28,64.28,55.85,55.49
"279","TRINITY_DN111065_c0_g1",2.07656082813604,0.81979023628411,10.9273459068594,1.77044860381294e-07,6.97800507318764e-05,7.38026562988362,21,21,32,23,28,92,77,109,112,96
"280","TRINITY_DN11112_c0_g1",1.43652101091422,1.81350199111845,5.68897264417276,0.000112311568313121,0.00257101789230596,1.47549504204198,43.35,82.58,48,50.65,83.6,166.93,208.15,126.46,174.89,120
"281","TRINITY_DN11112_c0_g2",1.97896641843676,1.18215218967915,3.5340248523342,0.0042896058319446,0.0273780744901782,-2.03330154022122,13,71,110,18,20,111,75.5,274,131,82
"282","TRINITY_DN111176_c0_g1",-1.47457734641576,-1.53449321478486,-3.86210645276336,0.00237693464352744,0.0183381350632767,-1.30320134277402,22,17,14,11,23,7,2,3,8,3
"283","TRINITY_DN11118_c1_g1",-1.40453522268007,0.62131578278583,-6.58799915362415,2.95987733182213e-05,0.0011412938630503,2.81819185582457,93.26,53.36,63.7,55.9,87.49,26.05,20.88,28.8,26.99,17.14
"284","TRINITY_DN111195_c0_g1",1.53608962483016,1.40814487926908,5.02558793224368,0.000322985853635418,0.00497395009006292,0.471654699729407,23,56,36,57,63,90,123,106,159,135
"285","TRINITY_DN111205_c0_g1",-1.62554351117354,-0.935074582831979,-4.02300709293095,0.00178606759387531,0.0152123398838822,-1.00150900055241,19,33,27,18,35,6,9,8,4,8
"286","TRINITY_DN11128_c0_g1",-1.75860263455627,0.319399338355735,-5.66195362250665,0.000117106998123689,0.00262879353485166,1.51666628822748,68,46,66,43,117,16,10,18,28,14
"287","TRINITY_DN11132_c0_g1",-1.74746468519849,0.114525839442399,-6.58288134211491,2.98150688720599e-05,0.0011468680417399,2.75951036490494,67.61,50.25,47.23,55.14,59.87,11.16,5.16,17.18,22.65,19.41
"288","TRINITY_DN111423_c0_g1",-1.5561408111591,0.156437780984815,-4.94730412246083,0.000367359272146411,0.00539299275878959,0.441858614890084,62.08,62.23,31.55,57.14,60.22,14.97,10.04,12,19.02,26.25
"289","TRINITY_DN11143_c1_g4",1.12296418773582,-0.309745054499718,3.2937020835402,0.00664435918943451,0.0367219541926907,-2.25433188296763,20.27,25.55,22.77,8.24,10.38,21,24.19,28.86,42.42,39.17
"290","TRINITY_DN11147_c0_g1",1.16714801286128,3.64122667444561,10.0066717157479,4.50934661449185e-07,0.000114611155004124,6.87074013698247,194.21,198.4,262.58,203.72,275.79,477.5,486.76,495.91,572.75,510.96
"291","TRINITY_DN111476_c0_g1",-1.58845240737525,-1.07837437695335,-3.13192207821752,0.00893466599822844,0.0447481968977572,-2.40889844642697,35,24,21,9,40,5,5,14,5,4
"292","TRINITY_DN111537_c0_g1",-2.03602054008175,-1.20299656771336,-3.39257806320962,0.00554735584032246,0.032511545361719,-1.99269254269673,36,30,46,10,21,5,4,7,9,1
"293","TRINITY_DN111636_c0_g1",-1.54258406923426,0.0385781235152572,-4.8846949903652,0.000407445689857967,0.00576543420925532,0.347842637596168,64.85,77.06,47.98,33.29,34.83,12,10.34,19.52,18.28,13.3
"294","TRINITY_DN11165_c0_g1",-3.01024734167617,-2.2279821632471,-4.0254351507617,0.00177841880758125,0.0151746683809923,-1.34088305419699,27.06,29.06,12.9,12.45,12.97,0,3.44,0.99,2.56,1.78
"295","TRINITY_DN11165_c0_g2",-1.25953827532248,-0.545573925403458,-3.42504737095089,0.00522881115020599,0.0312356141977874,-1.991341883336,38.96,43.26,28.94,25.4,19.58,8.14,4.46,14.97,10.11,18.09
"296","TRINITY_DN11165_c1_g1",-2.52829517675916,0.431026720696513,-5.65100477559625,0.000119111533363959,0.00265099889669805,1.49769440241099,141,87.97,53.69,65,129,25,18,7,23,5
"297","TRINITY_DN11175_c0_g2",2.174449872961,-1.44587163312744,3.30708044105136,0.00648391053490706,0.0360784018316245,-2.1331399286528,7.82,6.57,7,14.27,1.2,23.84,12.25,21.12,14.38,25.8
"298","TRINITY_DN111769_c0_g1",-1.23225464714202,0.571680941981301,-4.80806389008693,0.000462850650104391,0.00622335798842386,0.195157756251539,88.64,67.03,61.87,40.69,67,17.58,14,27,47.39,24
"299","TRINITY_DN111801_c0_g1",3.03525888530572,-1.31302447049724,5.01030973545799,0.000331181119660928,0.00505990794367347,0.103118889090158,1.13,4.08,4.04,5,16.35,26.97,19,25.99,47.95,30
"300","TRINITY_DN11183_c0_g1",-1.30129120912505,2.9766961141226,-6.06908160970395,6.30481802517501e-05,0.0018091261422932,1.9162219478671,256.69,341.07,412.57,313.21,380.25,172.28,66.19,201.87,164.11,111.2
"301","TRINITY_DN111888_c0_g1",-6.08714714523106,-2.66158014792374,-9.40151969169692,8.6658017457228e-07,0.00016538302552688,2.87711779287972,50.15,33.88,41.71,17.38,51,0,0,0,0,0
"302","TRINITY_DN111937_c0_g1",-1.81081716120966,-0.926524145114333,-3.4210407265585,0.00526708952777386,0.0313884372198037,-1.95012718395281,41,32,12,21,49,11,4,5,6,6
"303","TRINITY_DN111944_c0_g1",-3.1567321988847,-0.70064105607864,-5.24533759591492,0.000226065389212467,0.00397767738514134,0.631026658225605,100,50,40,29,63,3,4,7,11,1
"304","TRINITY_DN111961_c0_g1",-1.76264865822418,-1.42069277035997,-4.16559118198917,0.00138973797367003,0.012921282545515,-0.861877434672114,25,20,20,24,13,6,3,5,4,3
"305","TRINITY_DN111967_c0_g1",1.92279699591794,-1.18016757318282,4.12206832553196,0.00149998588150416,0.0135736794055556,-0.884667206400604,11,6,12,8,3,26,26,16,28,14
"306","TRINITY_DN111969_c0_g1",-2.28918225705592,-0.911350296201298,-4.20734772387675,0.00129185742860017,0.012311921887467,-0.74783327987155,44.03,32.43,18.11,24.68,64.62,9.12,1.05,7.34,7.11,3.09
"307","TRINITY_DN11197_c0_g1",-1.20163766396002,1.69288234108409,-5.96325145922744,7.38939633597047e-05,0.0020005806675449,1.90168284053483,165.49,88.27,140.89,125.03,163.41,69.06,32.8,57.27,74.16,53.34
"308","TRINITY_DN11202_c0_g1",1.75129927585394,5.70141415847241,3.08059321606544,0.00981658143029931,0.0475904957906164,-3.61313024707317,2429.25,909.71,752.56,727.37,229.99,7099.85,1105.63,3016.93,3071.6,1481.23
"309","TRINITY_DN112093_c0_g1",-1.2455435479457,-0.469707979346046,-3.79125839992487,0.00269793493092089,0.0199650855547916,-1.38966114280148,24.5,45.77,26.51,21.09,48.26,9.54,10.31,11.51,14.65,9.44
"310","TRINITY_DN112162_c0_g1",-2.7722654421065,-0.819693264807948,-5.68635526662174,0.000112766881603489,0.00257385793424061,1.19699503052109,67.32,40.73,27.55,44.84,37.71,4.16,6.28,5.29,7.29,1.04
"311","TRINITY_DN112211_c0_g1",-1.22111258095744,-0.740796323987515,-3.77476999752749,0.00277884836730973,0.0203424416616883,-1.39802085294774,23,23,40,24,23,13,10,6,9,9
"312","TRINITY_DN112220_c0_g1",1.75867534277218,1.1166646039438,7.12233267052285,1.41013918712766e-05,0.000734663606581041,3.53523014785495,34,30,35,33,36,79,78,95,192,115
"313","TRINITY_DN112221_c0_g1",-1.14116693779429,-1.23343112931032,-3.17241920808925,0.00829552137526572,0.0425494326683088,-2.34182164806583,18,13,27,13,25,9,4,5,11,4
"314","TRINITY_DN112343_c0_g1",-1.95978908904482,-0.633885811145947,-3.57512249219075,0.0039818493090223,0.0260402507835796,-1.71518587856223,48.88,38.62,45.16,28.82,21.58,33.07,4.58,9.21,2.49,5.32
"315","TRINITY_DN112404_c0_g1",-2.49434128937434,-2.21444727902802,-3.88819911136139,0.0022688727175843,0.0177870072041118,-1.51357812759301,17,16,11,16,15,3,4,1,0,2
"316","TRINITY_DN112418_c0_g1",1.07355356673852,-1.22160143607142,3.10810848721061,0.00933344635836665,0.0460709911015112,-2.44916471997901,10,12,12,7,6,17,10,11,25,15
"317","TRINITY_DN112426_c0_g1",1.39617175210285,-0.751144980727777,3.81143235091627,0.00260222427602836,0.0194687181014386,-1.33694511034154,13,21.27,4.5,9.45,11.15,26.56,19.57,16,35.53,24.63
"318","TRINITY_DN112469_c0_g1",-1.0467344024646,0.167911416560688,-4.92020780697067,0.000384174260133568,0.00555586870059157,0.395639104813484,59.32,44.56,33.75,39.83,52.58,18.43,16.49,18.81,27.05,16.02
"319","TRINITY_DN112513_c0_g1",3.26157356547085,-1.41851871257773,5.24123055638264,0.000227563709329881,0.00398885520920449,0.25431510655855,5,7,2,12,1,41,21,28,34,22
"320","TRINITY_DN112546_c0_g1",-2.37698711941455,-0.764320093476648,-3.59601996531792,0.00383411920844925,0.0253484353794534,-1.67157767873548,54,19,67,15,70,5,3,9,8,4
"321","TRINITY_DN112588_c0_g1",1.94530574368627,-0.945187078336154,4.11347847037684,0.0015227964313492,0.0136936814190005,-0.869824811789407,3.05,10.09,9.03,8.36,13.24,24.75,14.57,19.28,34.63,40.88
"322","TRINITY_DN11260_c1_g1",-1.19623904733366,0.857032681976462,-4.00751773553317,0.00183566979504023,0.0154868800716664,-1.17424320859327,104.4,76.72,66.66,71.73,64.4,18.58,40.86,18.94,66.08,25.13
"323","TRINITY_DN11264_c0_g1",-1.09092277392431,0.444166419496868,-3.09253512513783,0.00960387998435228,0.0469161699505034,-2.71466850329755,70.47,47.77,72.07,57.36,37.29,50.42,17.63,35.4,19.75,10.32
"324","TRINITY_DN112656_c0_g1",-2.69231490485353,-0.546073805522338,-6.93018566944201,1.83326428224482e-05,0.000864814202737014,2.77053032283631,69.83,49.1,39.02,43.46,47.09,2.03,5.1,5.01,14.65,5.59
"325","TRINITY_DN112777_c0_g1",3.69461637084725,-2.38377383313956,5.38144393835405,0.000181862394590416,0.00347606086698316,0.138891604475857,1,5.49,3,0,2,14,15.73,12.81,18.55,26.69
"326","TRINITY_DN11279_c0_g1",-1.72197785922173,1.99797221524117,-7.4588273979388,9.00502967445215e-06,0.000562513687748096,3.96769127534897,298.1,214.41,150.33,180.74,165.26,48.98,44.03,69.56,68.51,59.61
"327","TRINITY_DN112807_c0_g1",1.1070575385676,0.972891063162336,3.90353552543754,0.00220773527654917,0.0174592307373487,-1.37359837123669,33.08,38.48,60.32,17.55,52.56,75.19,60.3,80.48,71.91,100.01
"328","TRINITY_DN112883_c0_g1",1.91057858544752,-0.95363531733342,3.85710957746523,0.0023982274930617,0.0184164498803165,-1.26275822801178,5.65,7,9,14,8,12,22,22,50,30
"329","TRINITY_DN11296_c0_g3",-1.52112621054086,-1.07214990587444,-4.0164050772248,0.00180703767940151,0.015326147890274,-1.0183590211523,24,29.42,28.01,16.58,18.61,13.43,4,5,4.83,6.58
"330","TRINITY_DN112965_c0_g1",2.3173575763976,-1.1905421073392,6.72427062969207,2.44133698407826e-05,0.00101657720932213,2.22196518946969,8,7,8,3,6,23,20,24,37,21
"331","TRINITY_DN113019_c0_g1",-1.32948619461302,-1.02732492652999,-4.33058242017173,0.00104264188154025,0.0106819240118395,-0.533379848126197,28,20,28,19,18,10,6,7,7,5
"332","TRINITY_DN113033_c0_g1",2.03352515337117,-1.70325694824506,4.86161290664621,0.000423361395654013,0.00589077760834418,-0.0775354170518563,6.85,4.37,3.12,5.01,4.25,15.31,15.28,15.04,13.69,15.56
"333","TRINITY_DN11311_c1_g1",-1.02677437828528,-0.346873053818069,-3.37657958173349,0.00571150584980399,0.0332073238564072,-2.10713364387443,43,35.56,21.71,22.92,41.43,15.26,7.13,9.24,17.08,20
"334","TRINITY_DN113157_c0_g1",-1.51963710626958,-0.914944301641699,-3.49345156735816,0.00461731760545827,0.0286952150226783,-1.83833997820497,30,25,29,39,14,11,5,5,10,5
"335","TRINITY_DN11317_c0_g1",1.68056991913957,-0.878726460312583,3.82990064310621,0.00251767184387739,0.0190252857831912,-1.30249469274982,4,14,7,10,17,20,14,37,34,21
"336","TRINITY_DN113260_c0_g1",3.51518921265665,-2.0147287136219,6.0032519487907,6.95783218867865e-05,0.0019278830900378,0.721605247614034,3,6,2,1,2,15,21,29,24,17
"337","TRINITY_DN1133_c10_g1",2.06654507895018,-1.91733412628071,3.16723869803094,0.00837463876782351,0.0428065949836189,-2.38181057090116,11.94,6.99,7.05,1.53,1.36,16.44,8.96,11.15,12.73,18.6
"338","TRINITY_DN1133_c6_g1",1.19660876025946,0.575759917993219,6.17414944698893,5.39382420692356e-05,0.00165748865784621,2.25248119265801,37,28,22,22,34,53,44,67,75,60
"339","TRINITY_DN11332_c0_g1",1.29884586276642,-0.0904172272266948,5.20908316763499,0.000239659613221032,0.00412510317174213,0.844003290391915,16,26,14,11,24,44,28,33,54,33
"340","TRINITY_DN11339_c0_g1",1.0627632610095,3.18890732276457,10.5574927698528,2.55668837118563e-07,8.37715886729866e-05,7.45097707201018,184,169,171,168,162,364,354,371,423,286
"341","TRINITY_DN1134_c0_g2",-1.11694254646472,9.6634466067362,-9.42493723314544,8.44432494688785e-07,0.000162962284017988,5.84680899567022,27986.48,27571.3,38788.95,28824.47,34643.11,16799.9,10659.01,18060.66,19143.74,13709.58
"342","TRINITY_DN11343_c0_g1",2.5199780045693,-0.872595647488627,6.31429323304945,4.39052256151388e-05,0.0014579054495928,1.97438662597476,10,11,5,4,7,40,17,44,38,34
"343","TRINITY_DN113789_c0_g1",-3.48034657360391,-0.444099450282815,-9.07896537773266,1.24438022843388e-06,0.00019449162357686,4.40825106998588,75.32,74.14,62.06,52.26,78.28,8.05,4.03,7.04,5.01,1.01
"344","TRINITY_DN11386_c2_g1",1.19212867958811,0.160720572248081,3.92583258538206,0.00212186759289386,0.0170121610031088,-1.23345067941346,22,14,15,31,32,45,37.01,35,79,31.51
"345","TRINITY_DN11396_c0_g1",-1.65248408804105,-0.255335045075746,-4.69709500432358,0.000557493455148859,0.00702067464750218,0.0606278420942035,53.42,44.88,59.2,29.96,32.13,17.05,9.67,10.54,21.22,3.35
"346","TRINITY_DN11402_c0_g1",1.17571321716773,4.35699602642273,6.91086457803802,1.8827690638806e-05,0.000877768400209166,2.9755378413,353.26,321.95,485.32,403.52,306.31,1085.81,795.92,953.85,784.12,607.16
"347","TRINITY_DN114065_c0_g1",-1.74534979112865,-1.06540452506021,-3.53142954550744,0.0043098385553314,0.0274653109388436,-1.77314208288615,37,25,27,21,19,3,15,8,12,1
"348","TRINITY_DN114139_c0_g1",-2.11981767796424,-0.543136940146459,-3.44442194685392,0.0050476716003355,0.0305068820410548,-1.92734377482776,45,32,87,16,56,7,1,5,22,14
"349","TRINITY_DN11415_c2_g1",-1.43638509188942,-1.10410232810663,-3.62449537231261,0.00364180286325129,0.02447865787631,-1.62682627090468,29.07,16.59,19.56,13.68,39.57,7.92,3.13,8.44,9.49,3.18
"350","TRINITY_DN11416_c0_g1",1.60533513821235,-0.070879625668881,4.8415436873583,0.00043773012308184,0.00602139077504916,0.282828723944547,35.66,9.78,12.27,19.57,12.52,56.88,28.04,51.56,50.54,33.08
"351","TRINITY_DN114167_c0_g1",-1.7411164551949,-1.98692124659001,-3.90202819681039,0.00221366804342558,0.0174852771638049,-1.37631504597617,16.66,14.27,14.47,9.95,12.02,1.1,4.59,3.32,3.27,1.11
"352","TRINITY_DN114211_c0_g1",-1.51892834424398,-1.64801821201456,-3.10008458140403,0.00947181181832518,0.0464797290337897,-2.44313272873231,21,10.56,12.94,21.5,15,1,4,5,5,6
"353","TRINITY_DN114263_c0_g1",-1.89421621436203,-0.580039376472291,-5.24290181704805,0.000226952744421736,0.00397942834359852,0.826823198115259,57.56,36.25,47.49,25.58,25.02,6.09,7.04,7.69,13.26,5.62
"354","TRINITY_DN11433_c0_g1",-1.39127590587435,2.82719888923282,-4.84495877422037,0.000435249380106113,0.00599788422431001,-0.0287734372525534,318,298,344,271,355,88,74,122,362,68
"355","TRINITY_DN114446_c0_g1",3.03688170528747,-1.01476310870233,5.8143282266506,9.26319722991326e-05,0.00228082643971124,1.1884623603045,7,1.61,8.59,7.38,7.49,47.96,29.73,24.52,53.17,33.57
"356","TRINITY_DN11468_c1_g1",1.46358285110261,-0.592996101792139,3.04362919665672,0.0105054433564811,0.049749031579999,-2.61880243639888,11,21,7,15,10,52,22,38,15,24
"357","TRINITY_DN11492_c0_g1",-4.11555147293253,-1.21533821214991,-5.94587553628577,7.58563394883102e-05,0.00202747034943915,0.793517003623187,76,44,66,35,40,2,0,7,3,2
"358","TRINITY_DN11501_c0_g1",1.53998319532844,0.799527163011005,5.0799857421951,0.000295496870654538,0.00470778274509987,0.614401301226859,30.36,44.56,18.49,30.94,28.89,79.93,53.75,68.6,162.13,55.69
"359","TRINITY_DN115080_c0_g1",-3.38949311113179,-1.90024719175091,-4.75072067411838,0.000509451933686097,0.00662579408860901,-0.487646285273196,37.81,20.92,36,11.04,27.62,2.19,0,1.02,3.36,2.26
"360","TRINITY_DN11510_c0_g1",1.43575254477171,-0.861127053330106,3.88919468076136,0.00226485142576962,0.0177688154180518,-1.20881670733998,20,12,10,5,8,18,24,33,23,18
"361","TRINITY_DN11514_c0_g1",-1.69079411290374,-0.388218352020338,-3.98489223215257,0.00191070001150929,0.0158882257034095,-1.06902170408655,79.43,36.92,29.23,28.53,30.68,19.57,11.95,8.56,6.03,8.4
"362","TRINITY_DN11514_c1_g1",2.38862595210018,-0.640603712251253,4.04976503600049,0.00170362214031258,0.0147417857849396,-0.959575216106301,13.36,6.09,21.69,5.7,4.11,48.1,61.94,16.59,53.15,29.46
"363","TRINITY_DN11516_c1_g1",1.71716352294285,1.19369119649223,7.8458578773466,5.4668704385311e-06,0.000430471675837893,4.43469608597209,32,40,30,50,31,124,115,120,113,85
"364","TRINITY_DN115184_c0_g1",2.43794470503752,-1.62168354060063,4.83146112434228,0.000445141119436189,0.00607570153757936,-0.156242879900991,10,2,7,4,4,15,19,21,24,16
"365","TRINITY_DN11524_c1_g2",1.08717002643325,-0.133235031536383,3.78999872010707,0.00270403010660678,0.0199911514922454,-1.43335928249535,29,20,12,15,18,24,43,39,41,27
"366","TRINITY_DN115294_c0_g1",-2.16384942571268,-0.427414271933322,-6.51184009354961,3.29978277440895e-05,0.00121433345658239,2.4771748153224,45.91,42.51,62.53,27.99,51.36,11.17,6.78,6.57,14.65,3.22
"367","TRINITY_DN11531_c1_g1",-1.15394834020604,2.31464969387745,-6.92067997320203,1.85744401128195e-05,0.000871684531644837,3.2244835724097,226.6,196.77,181.83,172.74,227.14,64.2,100.22,109.54,101.73,77.46
"368","TRINITY_DN11547_c0_g3",1.09830297104406,2.27397201643015,4.07003960648237,0.00164378375041388,0.0143856865597364,-1.29218158576187,60.39,132.08,126.74,99.14,62.17,150.8,172.68,227.2,194.29,224.12
"369","TRINITY_DN11550_c0_g1",1.31477593508926,3.40242318661956,5.30334171439773,0.000205980545564088,0.00375955968247528,0.638467095804841,167,211,307,95,186,492,380,311,627,520
"370","TRINITY_DN115553_c0_g1",-1.47924007861792,-0.413452036848282,-5.05764330843306,0.000306476829900931,0.00480876160265115,0.601685398643672,41.46,38.63,29.49,39.35,30.12,19.66,5.86,8.16,11.83,10.48
"371","TRINITY_DN115562_c0_g1",-2.08959869596997,-0.577241430618285,-7.25405835698431,1.18112327867812e-05,0.000665035986030864,3.24654754459396,52,36,43,29,37,7,5,12.39,8,5
"372","TRINITY_DN11557_c0_g1",-1.00119530409687,5.09746904443576,-3.28746686391752,0.00672050892926931,0.0370162229034822,-3.17718859389173,1533.33,1281.15,1819.45,939.88,1175.51,604.07,720.17,1485.81,438.22,429.71
"373","TRINITY_DN1156_c1_g2",-1.31441912501939,3.53791498640769,-10.9290885990368,1.76742930781656e-07,6.97800507318764e-05,7.81266486568746,544.51,368.15,551.18,464.66,578.33,211.31,167.99,200.49,219.15,204.12
"374","TRINITY_DN1156_c1_g3",-1.49600563775639,6.1092040267454,-16.7055177019032,1.66039432890642e-09,5.64980276652694e-06,12.434238215032,3224,2589,3637,3056,3431,1162,1169,1084,1219,927
"375","TRINITY_DN1156_c5_g1",1.22912477273516,3.90456182413968,4.03358802374157,0.00175298304515192,0.0150222941246034,-1.63954447779439,256.31,315.76,576.19,150.21,184.32,677.09,434.02,432.41,989.77,716.04
"376","TRINITY_DN115658_c0_g1",-3.35752194156723,-1.59735116096161,-4.09383871061485,0.00157631189387403,0.0140299754900511,-1.19673611789716,60,30,27,11,37,2,1,2,1,4
"377","TRINITY_DN11571_c0_g2",1.14970797524302,1.51149740265066,6.14307970564365,5.6476817768506e-05,0.00169660452608117,2.17975941301188,48.23,48.09,66.58,52.55,54.8,109.63,71.44,128.76,172.69,102.51
"378","TRINITY_DN1160_c2_g1",2.39804937155606,2.5426799410712,9.24284902514944,1.03413513375331e-06,0.000179484917113153,6.07861862029626,65,72,39,79,120,502,305,355,435,257
"379","TRINITY_DN11604_c2_g2",-1.36609728433605,0.498178889722676,-5.71276680964884,0.000108260580551279,0.00250997495173257,1.59151707287657,76.73,75.86,78.17,48.63,43.73,22.86,16.99,21.49,28.1,20.72
"380","TRINITY_DN11606_c1_g1",-2.17323744982794,4.48949004747003,-15.4345013485039,4.02764711592658e-09,8.9486444555816e-06,11.5285190129099,1426.2,1189.02,1457.37,912.47,1654.9,248.83,280.91,293.73,355.92,270.44
"381","TRINITY_DN11607_c1_g2",-1.10134325637041,0.211530876695009,-3.21395350814869,0.0076878781315227,0.0405263984737014,-2.46730198147588,68.6,51.79,32.26,26.01,73.32,22.34,23.19,10.51,25.12,20.58
"382","TRINITY_DN11607_c2_g1",-1.11611659667579,0.787284500447541,-4.07762737116731,0.00162195290338045,0.0142581948567842,-1.04615332710821,109.54,59.6,69.16,42.13,86.03,27.04,19.29,21.31,53.04,36.1
"383","TRINITY_DN11607_c2_g2",-1.33029641692472,0.125711396864695,-3.77310770186273,0.00278714314106485,0.0203839589331261,-1.48401730112661,81.33,48.27,54.37,21,58,22,7.07,18.23,29.1,13.09
"384","TRINITY_DN11607_c2_g3",-1.01923912368258,2.43849874775907,-3.38153929828492,0.00566009568387965,0.0329930623022075,-2.55756411229146,374.4,184.79,231.73,115.41,214.66,116.78,87.45,88.17,204.75,55.13
"385","TRINITY_DN116111_c0_g1",-1.56784368179876,-1.8307477916723,-3.12203732784196,0.00909806905615261,0.0452689551634715,-2.41927292510797,14.54,11.24,15.56,13.32,13.37,3.1,5.19,7.24,1.03,2.05
"386","TRINITY_DN116133_c0_g1",-2.2497530519969,-0.925180608687554,-4.28773991493346,0.0011230605070167,0.0112246203669874,-0.628187045081673,71,31,19,23,37,4,4,4,11,4
"387","TRINITY_DN11618_c0_g1",-1.07428006860024,2.84862189605363,-5.35025203422815,0.000191116177273956,0.00358324715550078,0.797418434200736,328.21,257.06,269.82,256.38,322.63,126.82,97.05,102.54,292.24,104.41
"388","TRINITY_DN11628_c0_g1",1.23996636859215,3.01880391529901,5.2589248058748,0.000221182231489108,0.0039276274087248,0.623370494747344,235.03,120.66,157.29,88.98,144.56,446.38,254.37,255.65,359.89,428.53
"389","TRINITY_DN11633_c0_g2",-1.16677088811789,0.508300852925217,-4.33627678967183,0.00103241357611622,0.0106165687355753,-0.574897541024786,84.55,53.05,69.81,46.81,51.03,25.49,9.75,28.79,46.38,19.21
"390","TRINITY_DN11649_c1_g1",1.20188902202189,-1.55555916695582,3.66620584179312,0.00337778001806993,0.0232449190337182,-1.58092245753828,8.56,6,5,7.27,8,14.63,10.48,10.6,14.02,11.75
"391","TRINITY_DN116562_c0_g1",-1.45584095548654,-0.0501999797348145,-6.09850940281831,6.03424799024686e-05,0.00176266800449794,2.10991956359752,45.77,34.02,49.25,45.96,53.41,18.53,6.4,14.93,19.22,13.09
"392","TRINITY_DN116678_c0_g1",2.53756865374835,-0.95755944852063,5.32483040038026,0.00019902548284976,0.00368956886083207,0.751376844056328,16.29,5,8,4.15,4.16,20,24,40.58,41,39.45
"393","TRINITY_DN11668_c0_g1",-1.84565358523523,0.0429758704152527,-5.35565705711507,0.000189477716890902,0.00356079735140861,1.06072247276869,93.32,53.94,39.8,40.18,60.16,18.54,8.28,21.89,16.33,5.25
"394","TRINITY_DN11670_c0_g1",1.2002500231258,1.54803543656453,4.96638739110856,0.000355982241059158,0.00528033734000512,0.352357190896863,51,40,79,67,44,92,102,127,197.5,95
"395","TRINITY_DN11674_c0_g2",-1.44478129489484,2.67049833660613,-8.01328226060141,4.42896630860385e-06,0.000383810084934198,4.63702430077872,421.26,264.99,297.43,206,271.24,111,72,104,155.15,86
"396","TRINITY_DN11697_c1_g1",1.33477155358361,1.04998133651662,3.12692954002935,0.00901682388421578,0.0450248224144912,-2.75179173146013,48.42,30.26,23.85,65.59,30.03,161.86,129.36,83.26,74.41,37.19
"397","TRINITY_DN1170_c1_g1",1.21007200886665,5.68509641357759,7.58968537779025,7.59183125871624e-06,0.00051810199999101,3.79073975094978,685.76,883.47,1134.53,998.97,983.32,1990.24,2474.73,2388.41,2026.27,1717.78
"398","TRINITY_DN11711_c1_g1",-1.94890254567927,-1.49819716141106,-4.65064085385723,0.000602945838724166,0.00740791215587217,-0.244973234643705,27.16,16.25,23.45,18.13,16.11,2.05,5.05,2,6.24,3.09
"399","TRINITY_DN11712_c1_g1",-3.45790587765172,2.50583477152794,-7.94162772032007,4.84470276654502e-06,0.000399860740781715,4.57411800956921,714.79,411.34,735,249.67,687.78,47.8,13.69,54.69,93.87,44.8
"400","TRINITY_DN11712_c1_g2",-2.25159807996224,-0.519218871751624,-5.86920636376412,8.51992174265062e-05,0.00216242213487872,1.64463640318649,74.09,34.43,46.46,25.32,45.49,10.12,3,5.09,10.39,9.19
"401","TRINITY_DN11714_c1_g1",-4.06702004380916,-0.278169262532403,-3.06997371835375,0.0100097047631543,0.0481590315588434,-2.49194354153493,156.11,128.83,19.75,153.23,119.68,9.24,1.32,1.26,6.62,5.32
"402","TRINITY_DN11716_c0_g1",1.15585215615255,3.47737986839963,6.82002184244474,2.13542467560115e-05,0.000946014095186023,2.95363551688559,227,208,189,242,159,588,403,469,524,305
"403","TRINITY_DN11729_c2_g1",-1.68354411253334,0.965840197660244,-6.4460727281631,3.62681192433217e-05,0.00129224993356557,2.63238881665031,123.01,69.06,101.77,69.9,133.3,19.87,16.29,29.14,45.89,33.69
"404","TRINITY_DN11735_c0_g2",2.27278281277727,-1.50824705452563,4.43810792601063,0.000866138281048877,0.00944848119625541,-0.556168235067839,5,6,7.13,6,3,15,16,13.09,41,17
"405","TRINITY_DN11740_c0_g1",1.18436498541772,-0.244465152266079,3.17895514737277,0.00819677895225919,0.0422378657572807,-2.45931812319518,15,19,14.31,17,16.47,69,39.39,19.34,35.54,18.17
"406","TRINITY_DN117414_c0_g1",-1.11325188334659,-0.0623372241654017,-4.40791284752607,0.000912310290132307,0.00978971655853837,-0.410397095954846,37,42,57,30,38,13,9,22,23,15
"407","TRINITY_DN117469_c0_g1",1.11184559173228,-0.389550760344279,3.4749395875195,0.004775226339072,0.029390269119807,-1.93453622320082,19,10,17,16,15,26,28,24,24,45
"408","TRINITY_DN11748_c0_g2",-1.04599246484651,2.07263906471254,-4.3215401515856,0.00105910108821363,0.0107815023936043,-0.815382011138754,258.8,125.74,171.47,103.09,201,72.12,52.22,73.27,135.52,71.59
"409","TRINITY_DN117513_c0_g1",-1.93094097193947,-2.28617591676119,-3.21572211514132,0.00766302574678743,0.0404513664563715,-2.37132454434825,11,11,17,11,11,3,0,4,4,2
"410","TRINITY_DN11777_c0_g4",1.31292429596442,-1.51899004668687,3.19518542651202,0.00795667910273089,0.0414651464095656,-2.29619144986882,9,8,8,2,11,10,12,14,19,13
"411","TRINITY_DN11778_c0_g1",1.93161230692993,2.49062779114993,6.76873990893252,2.29382414788028e-05,0.000980877578118492,3.00860373635105,112.5,114.57,64.94,59.22,62,389.4,245.82,175.73,388.56,350.44
"412","TRINITY_DN11785_c1_g1",1.02779771990298,-0.281499326636085,4.27400339016378,0.00115019079369614,0.0114038244052376,-0.616921984355421,20,14,16,11,25,24,31,28,40,28
"413","TRINITY_DN11804_c0_g1",-1.13094614954652,0.526807910829205,-3.34735318324184,0.00602424496432375,0.034377379285098,-2.28048928736353,64,48.5,108,28,76.83,22,15,26.66,46,19.92
"414","TRINITY_DN118045_c0_g1",-1.38984544896034,-1.56240737665136,-3.05481411120382,0.0102920276688536,0.0490384523491092,-2.51058269262899,18,20,14,10,21,3,5,8,9,1
"415","TRINITY_DN1182_c1_g1",-1.07255283654693,3.60510176504758,-10.425205726569,2.92337905335796e-07,9.15904264161376e-05,7.30767789835754,501,506,484,396,505,227,233,243,237,202
"416","TRINITY_DN11832_c0_g1",-2.69321122433092,1.61490143121738,-9.34539613017861,9.22244212677399e-07,0.00016871372060135,6.10282646060328,316.68,199.35,171.13,141.48,261.77,51.71,22,23.23,32.89,30
"417","TRINITY_DN118572_c0_g1",-2.49854866160898,-1.08682287681941,-5.58995473923795,0.00013097496158286,0.00281848764531469,0.997341551956424,51.04,29,25,32,28,9,1,3,6,4
"418","TRINITY_DN11861_c0_g1",-1.34626701482879,-0.661772073166022,-3.15065636323599,0.00863304157175536,0.0437043711959555,-2.42679944528063,34,34,29,16,40,17,1,11,18,9
"419","TRINITY_DN11868_c1_g1",-1.35086533607771,-1.28783156468561,-3.48588821299472,0.00468117961289711,0.0289828162009205,-1.8448573143729,21,17,13,19,26,12,5,4,5,4
"420","TRINITY_DN1187_c0_g1",-1.52218162645491,3.50528073610357,-6.24310962895848,4.87270631520854e-05,0.00154951807876533,2.11421037874033,572.03,532,649,572.96,350.82,129.67,181.8,133,348.86,172.64
"421","TRINITY_DN11874_c2_g1",-1.59065955094151,2.86399563289174,-6.74642446253784,2.36662328516012e-05,0.000996652065384687,2.93452444829535,477.91,337.3,383.97,214.3,359.53,101.06,91.64,118.69,222.63,68.29
"422","TRINITY_DN11877_c0_g1",1.18991371975615,-0.332381276431953,4.03927491610172,0.0017354639915987,0.0149026873961233,-0.995225055502327,19.39,11.15,9.38,17.57,22.12,30.91,32.54,35.83,27.56,26.61
"423","TRINITY_DN11879_c0_g1",1.79202671209557,0.291907388407096,8.60213570864559,2.16431061741485e-06,0.000249934222487921,5.11624851297952,24.67,22.12,15.69,18.99,15.42,71.49,45.95,53.93,70.99,58.21
"424","TRINITY_DN11910_c0_g3",-2.37131141324493,0.64234437020372,-8.98395519395635,1.3869636240877e-06,0.000202166944528728,5.55059181878226,109.27,117.03,73.83,71.17,124.06,23.46,12.27,16.23,16.16,16.2
"425","TRINITY_DN11926_c0_g1",-1.03896140969629,2.33343109534671,-3.19253941468495,0.00799533227887022,0.0415988251367926,-2.87975383677693,421.44,146.23,166.38,118.89,225.46,57.98,96.71,99.71,136.13,95.68
"426","TRINITY_DN11931_c0_g1",-1.50213951356389,1.42645594278749,-4.97619296578129,0.000350280985498683,0.00523554083051906,0.391197332363382,170.81,113.17,91.08,118.64,137.59,43.23,54.22,55.23,58.6,14.54
"427","TRINITY_DN11935_c0_g1",2.83524240907542,0.00397401143392562,3.57871447737312,0.00395604791058261,0.0259213831953378,-1.74059175906855,11,3,15,12,37,69,19,153,161,49
"428","TRINITY_DN11942_c0_g1",-1.24686032152442,3.38602839533492,-8.74912505437901,1.82040000927131e-06,0.000229197631722861,5.47997972389685,366,479.99,475,388.84,494,214.55,173,177.49,250,123
"429","TRINITY_DN11947_c0_g1",1.34364394895743,-0.550887162598727,3.41201264090605,0.00535439082505238,0.0317556069529412,-2.01178391332271,15.71,8.61,19.5,13.68,9.49,29.6,25,14.46,31.99,45.5
"430","TRINITY_DN11957_c2_g2",-1.94336122206981,-1.29236354921421,-4.07280579563053,0.00163579006231784,0.0143341803253632,-0.985096330034686,30,32,20,11,31,4,2,8,8,2
"431","TRINITY_DN11959_c0_g1",-1.19140873736284,1.32036795558973,-4.49726335095826,0.000782610682822068,0.008809391069821,-0.397714571034768,138,112,76,67,146,41,23,48,58,51
"432","TRINITY_DN11960_c0_g1",1.19157121272745,0.377238556204534,4.90307717584679,0.000395220523918162,0.00566441093977147,0.358440624240058,26,25,31,24,19,79,48,41,61,35
"433","TRINITY_DN11985_c0_g1",-2.00700627645871,-0.497272551314047,-6.83969740901459,2.07778429018644e-05,0.00093167984606373,2.85400957458975,38.94,44.7,35.54,44.95,37.16,8.27,8.16,4.99,12.14,7.44
"434","TRINITY_DN11986_c0_g1",-1.6873133575923,-1.16692458915281,-3.70706196131654,0.00313817930684642,0.0220784776456712,-1.50278331722347,20,18,37,31,16,7,5,5,7,3
"435","TRINITY_DN11987_c2_g1",1.11426652632319,-0.450221642761731,3.11635472161612,0.00919336643873483,0.0455738601867687,-2.53550192963851,19,9.56,19,17,12,18,26,32,55,16
"436","TRINITY_DN12_c10_g1",1.4287879357945,0.838671367544408,5.56227105940328,0.000136760792258192,0.00289155727954335,1.35761450939148,21.7,42.42,27.87,43.2,27.15,88.15,80.88,79.36,82.46,57.65
"437","TRINITY_DN1200_c3_g2",-1.30105578504037,4.28943202138308,-3.40523516888469,0.00542089584213508,0.0320069415707305,-2.83918561799144,822.87,660.94,811.29,929.73,1059.25,281.72,234.15,124.82,1015.96,482.05
"438","TRINITY_DN12001_c0_g1",-1.22886274775343,2.26151675335048,-7.74896820805352,6.18425170352037e-06,0.000458266531888524,4.3245413310794,255.74,184.86,166.56,171.48,226.7,84.91,59.13,103.06,100.03,73.81
"439","TRINITY_DN12004_c0_g1",1.09735586596675,1.18307832940866,6.41395564937793,3.79890039388637e-05,0.0013304957586856,2.58354731564493,39,42,45,43,50,112,81,92,94,67
"440","TRINITY_DN12007_c1_g2",-1.34849570348835,-0.134199446943778,-3.33408237168272,0.00617194140896735,0.0349269171110603,-2.19800830579997,85,47,34,21,41,20,4,15,26,11
"441","TRINITY_DN1201_c0_g2",2.69529232018437,-1.09157970987545,4.71214312699016,0.000543551236589888,0.00689948548643188,-0.104718788336851,12.55,8.94,0.52,9.68,5.81,42.19,20.87,21.38,36.64,32.44
"442","TRINITY_DN12014_c0_g2",-1.04994000383514,1.77123591054665,-5.27707113294712,0.000214833381907653,0.00385516412911222,0.828021024151732,195.77,109.87,119.1,124.11,133.94,65.24,43.44,88.9,78.86,45.51
"443","TRINITY_DN1202_c4_g1",-1.34922759907135,4.50258206769954,-5.88349374370047,8.33697282611266e-05,0.00213995417170879,1.41948636814186,1153.62,729.22,1391.27,997.69,820.4,421.34,235.85,266,600.38,518.88
"444","TRINITY_DN12033_c0_g4",-1.70157078611433,2.1005873783279,-7.55240841586583,7.96848983085881e-06,0.000529268302437404,4.08409505324314,194,246,232,149,229,74,79,77,46,48
"445","TRINITY_DN12036_c1_g1",1.10044455233258,1.45413475188037,6.00153880139949,6.97575612167793e-05,0.00192983762563862,1.97543869086324,43.19,59.49,62.59,52.13,46.37,111.92,85.18,126.84,107.28,107.62
"446","TRINITY_DN12062_c0_g1",1.7281567429837,1.02809899732705,4.07629154749083,0.00162577431595493,0.0142855397122948,-1.06963520196454,13,36,44,26,62,178,89,88,136,47
"447","TRINITY_DN12100_c0_g1",-1.34907571262763,2.4685347242779,-8.05658505959068,4.19639043988956e-06,0.00037340141568495,4.70044169189045,295.66,235.5,285.82,172.96,223.98,109.24,57.72,94.4,106.42,102.74
"448","TRINITY_DN12100_c0_g2",-1.49455571222189,-0.514402266395589,-3.50699598721905,0.00450516743890162,0.0282500071673159,-1.84768960618503,44.34,53.23,26.95,26.97,25.8,3.66,7.42,14.27,24.85,6.44
"449","TRINITY_DN12103_c0_g1",1.63161053932663,1.66536312016609,7.97400701389146,4.65188210860314e-06,0.000391338168322494,4.61101668312348,58,68,41,32,61,153,140,157,216,102
"450","TRINITY_DN12114_c2_g1",1.16075460971187,0.092795303625837,4.75266675326758,0.000507792313003625,0.00662016579496169,0.134320740645361,23.18,18.22,29.47,17.78,16.3,54.22,40.29,45.23,41.51,28.24
"451","TRINITY_DN12122_c0_g2",1.02552904158709,0.288553251982502,5.56882788032797,0.000135366419619726,0.00288056139653229,1.38078079196743,26.98,27.6,22.38,19.35,27.3,56.47,36.31,48.21,52.6,34.6
"452","TRINITY_DN12123_c0_g2",-1.34510844811812,0.986975559370245,-5.47344083560543,0.000157223634037368,0.00316723787869356,1.21451659730888,108.78,77.76,66,101.54,85.99,46.04,29,40,27.97,20.97
"453","TRINITY_DN12123_c1_g1",-1.63028971755702,-1.50172239500977,-3.23861721769533,0.0073485421960024,0.0393167970276182,-2.23109628746943,36.01,14,17.29,14,13.98,12,3.04,2.86,3,3.04
"454","TRINITY_DN12126_c0_g2",-1.49462947989374,-0.697509019058235,-3.89817797626164,0.00222889713247606,0.0175638856329177,-1.19663650564775,53,21,33,19,31,13,10,5,14,4
"455","TRINITY_DN1213_c9_g2",-1.14077281375909,3.28910589258946,-11.8177153719173,7.61602919110385e-08,5.01070151848456e-05,8.63954939418999,372.69,352.8,438.16,384.4,421.43,180.09,148.06,168.52,221.67,177.61
"456","TRINITY_DN12132_c0_g1",-2.83946540942313,1.13558363859431,-6.35025711616404,4.1664500485982e-05,0.00140843620008269,2.49931302595323,155.59,137.01,143.41,181.81,200,98,5,10,33,15.01
"457","TRINITY_DN12135_c2_g1",1.0115733442239,0.0305000853839552,3.41880527768139,0.00528857030829704,0.0314775642444048,-2.08974276116205,24.98,14.31,43.43,11.26,20.58,48.12,30.35,40.42,44.58,26.75
"458","TRINITY_DN1214_c6_g1",1.41277536681221,1.1302446258556,4.26889428270722,0.00116045470675617,0.0114677129279024,-0.759040558710405,21.89,26.98,69.44,43.18,46,103.98,82.66,142.21,113.92,54.52
"459","TRINITY_DN12154_c0_g1",-1.90246534732718,-0.675456173893496,-4.11768735724219,0.00151157502352388,0.013632246245148,-0.849676049438947,48,58,29,16,36,11,2,12,9,6
"460","TRINITY_DN1216_c0_g1",-1.30164929112335,3.64642613275577,-6.84157313629352,2.0723765760176e-05,0.000930021735529481,2.96885340966113,661,377,584,617,483,192,225,303,243,148
"461","TRINITY_DN12200_c1_g1",5.93174851190456,-1.93409352983582,7.79766503684837,5.81185943679699e-06,0.00044415635858362,2.09734118382574,12.13,0,0,0,0,41.77,45.81,57.67,89.52,41.79
"462","TRINITY_DN12201_c0_g1",-1.22937116500066,0.356530257865161,-6.31157018077602,4.40800277699329e-05,0.00145925550239466,2.43475241058286,63.75,54.37,51.14,45.37,58.04,18.61,25.21,22.01,22.8,16
"463","TRINITY_DN12234_c1_g1",-1.65072791989476,2.66087120691791,-6.29371089001948,4.52449833565839e-05,0.00147714279096516,2.30238202578439,260.34,293.55,442.34,227.89,346.57,87.48,54.51,69.65,221.9,95
"464","TRINITY_DN12244_c0_g1",-1.81064613748132,0.863280031309782,-5.43094781976805,0.000168134460830866,0.00330621889336646,1.16143022117019,69.96,86.02,105.53,91.94,127.99,40.08,7.22,18.41,34,38.53
"465","TRINITY_DN12273_c0_g1",-1.47423917380018,-1.00810117184133,-4.14338420248686,0.0014448991731221,0.0132618141959642,-0.820017515797197,23,25.95,33,23.61,17,5,3,8,10,8
"466","TRINITY_DN12273_c0_g2",-1.83574088894766,-0.774103233064946,-5.9636507439556,7.38495077295577e-05,0.00200037279627409,1.72749090872124,44.43,34.48,27.28,25.61,26.7,8.43,7.44,5.71,7.33,5.2
"467","TRINITY_DN12278_c0_g1",1.16081921474441,0.0929355748604783,3.37232317138482,0.005756004386116,0.0333590660165408,-2.1761594390557,14.53,15,19,32.99,27.15,69.27,29.65,41.69,31.69,42.59
"468","TRINITY_DN12281_c0_g2",2.02418623103869,0.0586776665780722,4.38492331568302,0.000949181176742731,0.0100207518214701,-0.442360550736534,18.09,10.04,18.17,6.02,33.35,72,53.46,80,80.16,20
"469","TRINITY_DN12283_c0_g3",-1.66681655812142,-0.282312107219921,-5.38761741786225,0.000180087644725073,0.00345414422365481,1.08756089952278,47.78,50.67,31.42,27.73,56.91,11.08,4.05,15.2,15.21,10.21
"470","TRINITY_DN12304_c0_g2",-1.94655515679015,0.951343632833,-8.74699671200838,1.82493830792324e-06,0.000229238382231532,5.40572656396889,128.76,97.33,108.46,69.67,125.41,38.1,19.67,17,33.42,20.43
"471","TRINITY_DN12310_c0_g1",-1.2385021664208,3.33015000317847,-5.28936824794263,0.000210640468767837,0.00381262753302876,0.627427904941437,744.18,381.03,322.82,311.76,454.51,162.15,141.31,187.34,280.58,139.74
"472","TRINITY_DN12327_c0_g1",1.22383942585079,-1.0153115268183,3.16788377959238,0.00836474564386172,0.0427761263929375,-2.36762704510589,21,9,9,9,6,26,15,24,22,10
"473","TRINITY_DN12328_c1_g1",1.25971310582562,-0.78498802003393,3.23050732962335,0.00745841702184099,0.0397171294531969,-2.28759029556655,24.69,8.03,18.29,4.01,10.46,20.48,14.97,23.98,40.64,19
"474","TRINITY_DN12338_c0_g1",-2.13767948424133,-0.370156421602535,-3.92585045190399,0.00212180018805164,0.0170121610031088,-1.15595868884951,66.35,34.09,30.37,57.59,49.43,16.04,7.98,1,17.9,13.24
"475","TRINITY_DN1235_c4_g1",-2.79471890409734,-0.0037666089935446,-6.09798950455703,6.03891961560485e-05,0.00176308575852047,2.023565853103,55.59,86.22,102.62,74.33,64.29,11.32,6.85,15.74,18.29,1.08
"476","TRINITY_DN12362_c0_g1",-1.10937524505858,1.34673545312338,-3.61759382973892,0.00368748772996698,0.0246941657068071,-1.93310370327386,60.27,118.81,160.67,118.48,85.74,48.88,36.51,32.89,64.03,45.07
"477","TRINITY_DN12363_c2_g1",-1.37490088266805,-0.192847971030342,-4.43654588159737,0.000868466007240416,0.00946489334027697,-0.352895337985075,47.26,51.35,40.88,28.61,36.26,13,3.19,17.07,21.34,16
"478","TRINITY_DN12372_c0_g1",-1.07348524424158,0.478457431964542,-4.61650295595252,0.000638810570382698,0.0077006971927494,-0.110288653571861,57.3,52.59,51.1,40.85,87.15,19.01,17.06,28.46,31.43,25.97
"479","TRINITY_DN12397_c2_g1",1.79633216481335,-0.276248563095216,7.7695009375303,6.02420945744152e-06,0.000451326138567082,4.02873535785699,13.78,11.98,11.29,10.92,18.33,43.64,26.83,40.71,55.58,34.42
"480","TRINITY_DN12397_c3_g1",-1.73554696623736,1.24839630472226,-6.33914643202113,4.23434716848183e-05,0.00142079196077048,2.48003783622598,193.84,94.65,108.77,94.09,125.98,30.01,17.64,31.12,70.11,30.78
"481","TRINITY_DN12406_c1_g4",1.10719861980355,-0.140807636324556,3.3012224590421,0.0065536769064348,0.0363624442127813,-2.26738575250689,8.51,17.92,25.01,22.51,23.98,41.29,25.47,33.43,36.41,33.59
"482","TRINITY_DN1241_c0_g2",-3.44016665701932,1.2298303808889,-4.13280843223149,0.00147196293050006,0.0134353978440726,-0.9309440629755,83.17,334.11,285.15,329.4,180.15,46.14,14.83,1.09,69.38,15.6
"483","TRINITY_DN12417_c0_g1",-1.46424087159806,-0.654978993979026,-3.76377879742498,0.00283416892137329,0.0206307925324431,-1.4157346969395,60,30,28,15,31,10,4,7,15,10
"484","TRINITY_DN12425_c0_g1",2.07782240382828,0.442169617831261,3.52669016141308,0.00434703831206596,0.0275763658539281,-1.93317029453143,22,14,25,8,41,43,22,116,181,98
"485","TRINITY_DN1243_c6_g1",-3.37614128010851,-1.47205751745057,-3.09160088108808,0.00962035169221723,0.0469664122705265,-2.50461389045719,16.14,47.71,28.4,37.77,58.66,0,0,2.31,29.94,4.93
"486","TRINITY_DN12431_c1_g1",-3.09727302682899,-2.88789684702655,-4.56633159826586,0.000695622098483831,0.00816125572878215,-0.771107167998682,11,14,12,10,12,5,0,2,0,0
"487","TRINITY_DN12432_c1_g2",-1.13248642319562,0.431520375614932,-3.39416356788362,0.00553135163082681,0.032448765545319,-2.18420032968624,72.78,69.66,45.11,33.45,67.91,12.27,24.62,23.52,53.52,14.25
"488","TRINITY_DN12452_c0_g1",2.2547877590142,-1.33406692217433,5.59067708612381,0.000130827504657861,0.00281703832377107,0.947350702646015,4,8,4,5,8,26,22,19,30,13
"489","TRINITY_DN12468_c0_g3",-1.08702279807743,1.74874210369588,-3.19497851753175,0.00795969483267007,0.041474211115663,-2.76142033814906,178.99,132.17,103.96,77.96,217.95,97.15,23.28,47.07,86.47,80.04
"490","TRINITY_DN12475_c0_g1",-1.65377416159051,0.115896575642717,-6.53438744221419,3.19501718041404e-05,0.00119354518859822,2.70060209497108,63.77,49.25,61.79,47.01,50.9,20.52,7,10,29.35,13.98
"491","TRINITY_DN1248_c0_g1",-1.26589097894481,3.71865923272276,-8.1837966567269,3.58572474715762e-06,0.000339775530875697,4.76086192378934,475.09,485.67,642.63,452.29,772.53,278.75,194.37,228.06,227.56,230.58
"492","TRINITY_DN1248_c4_g4",-2.30724466229588,-0.855715780690876,-3.12879046390215,0.00898611166358687,0.0449272542967325,-2.41105539143975,40.26,48.46,33.91,22.28,30.7,23.92,6.43,0,6.68,15.55
"493","TRINITY_DN12549_c0_g1",-1.94325628716027,-0.182451257193879,-4.70612371327407,0.000549083929891534,0.00695024994897147,0.0745126924898587,43.97,28.15,102.84,40.37,52.81,10.99,4.65,13.1,15.16,10.8
"494","TRINITY_DN1255_c0_g1",-1.0597830335835,6.93737949648286,-11.3114610093425,1.22192563377494e-07,5.96223245757236e-05,8.02314854392659,5808.59,4923.5,4624.31,3977.55,4751.67,2450.12,2003.81,2276.74,2892.15,1883.24
"495","TRINITY_DN12555_c0_g1",1.05027751871617,-0.617243637184664,3.20701640723982,0.00778614704518064,0.0408543627179645,-2.35917498236959,7.63,14.81,18.46,19.17,11.8,22.73,22.52,21.09,30.71,19.31
"496","TRINITY_DN12572_c0_g1",1.39244479760194,0.44928285416973,4.88311981730213,0.000408511578729673,0.00576969441435614,0.323972968130246,15,24,41,29,20,48,48,56,87,55
"497","TRINITY_DN12581_c1_g1",-1.07915040271383,1.26418282380535,-4.77996890840111,0.00048509725962561,0.00641637760533967,0.0798074323726565,93.54,78.81,117.1,86.72,105.24,45.29,28.34,71.51,34.78,44.56
"498","TRINITY_DN12591_c0_g1",-1.26640114964129,8.61516900292782,-17.1503860517846,1.23560893098184e-09,5.16969272038719e-06,12.7008526534353,16566.75,16170.78,14990.83,15786.02,17065.58,7079.87,6706.72,7536.88,7087.89,6332.93
"499","TRINITY_DN12597_c2_g1",-1.4898915404462,-1.8104907916745,-3.41457918379248,0.00532942358523682,0.0316420525269837,-1.99362921963906,16,15,17,10,13,8,1,6,3,2
"500","TRINITY_DN12601_c1_g2",-2.22101597007156,2.23902312525395,-9.34333846300841,9.24356763788172e-07,0.00016871372060135,6.17618602507528,393.9,231.66,264.85,211.75,323.06,66.74,30.66,58.64,113.29,41.07
"501","TRINITY_DN12608_c1_g1",-1.25675389972197,1.6818486540762,-4.8373062048164,0.000440828905511077,0.00603653700897608,0.126099840970218,193.41,105.93,107.44,176.78,121.74,68.51,28.06,57.02,86.53,44.59
"502","TRINITY_DN12611_c1_g2",1.71876128474723,2.53234172043988,3.97358358110131,0.00194938351580903,0.0161285243091525,-1.49160902780468,85.09,107.1,27.36,202.48,107.96,461.11,198.21,288.21,232.23,286.46
"503","TRINITY_DN12617_c1_g1",-2.41857923592387,1.01342960768218,-10.4175037330485,2.94640706391532e-07,9.15904264161376e-05,6.98608972710521,115.41,109.43,163.45,96.56,163.22,24.42,18.82,29.67,23.59,14.77
"504","TRINITY_DN1263_c2_g1",-2.39111104911932,-0.942049127133414,-4.10444408483531,0.00154717590363958,0.0138294896589746,-0.909679919089129,46,40,41,42,15,5,4,6,8,2
"505","TRINITY_DN12642_c0_g1",-1.17152388997153,2.80854124839116,-5.64580249030038,0.00012007667659725,0.00266526420977046,1.27918035812521,382,273.94,240,216,346,98,81,139,219,120
"506","TRINITY_DN12646_c6_g1",-1.6272490762576,1.95904498653787,-4.9803465902039,0.000347894960610023,0.00521420633853397,0.334632401537436,241.19,106.95,266.94,198.95,169.31,75.71,22.97,73.05,114.23,39.75
"507","TRINITY_DN12651_c0_g1",-1.96017216015698,1.44230799189321,-5.91240555300548,7.97938427621234e-05,0.00208757426727978,1.85563022588921,155.89,69.19,175.29,189.94,182.01,38,29.01,49.01,38.01,25.92
"508","TRINITY_DN12651_c2_g2",-1.43447733154777,0.32668722918317,-5.41580338162707,0.000172214043066529,0.00335610677765374,1.15333037067019,74,58,64,36,57,29,17,16,14,22
"509","TRINITY_DN12653_c0_g1",-1.52832701280728,-0.12513905456707,-4.79454858804413,0.000473415875837498,0.00631077118509041,0.210956284668654,63.35,45.01,27.27,36.41,53.58,9.09,16.23,9.31,21.01,11.42
"510","TRINITY_DN12662_c2_g1",-3.32736417043854,-1.38561887865926,-5.54173616049252,0.000141226896412997,0.00296124599953712,0.528375601248955,44.52,25,36.56,41.76,26.45,6.01,4,1,2,1
"511","TRINITY_DN1268_c2_g1",-2.75999170951169,1.94062416555869,-8.03439624819453,4.31388465674662e-06,0.00037820267556223,4.68238339822424,347.63,290.76,209.72,248.92,277.49,21.6,50.58,74.7,64.42,13.57
"512","TRINITY_DN1269_c0_g1",1.29301667151801,3.64297130771028,3.78669585421927,0.00272007898747136,0.0200541392469538,-2.04039176983383,275.91,297.27,157.8,98.84,366.78,607.46,401.94,385.1,1115.9,377.89
"513","TRINITY_DN12694_c0_g1",-1.71126565297114,2.59700712578888,-7.84443164149371,5.47675901674582e-06,0.000430471675837893,4.43281896749175,301.51,302.67,265.75,229.29,425.11,87.64,59.95,105.25,163.33,56.62
"514","TRINITY_DN127_c0_g1",2.22094760262287,0.633530288941821,6.61795304175725,2.83658940574538e-05,0.00111719720758796,2.85067765576045,15,30,38.03,8.01,25.99,82.1,57,109.12,107.83,100.45
"515","TRINITY_DN12712_c1_g2",2.03491766471502,1.55471073223435,6.58388453480134,2.97725383313878e-05,0.00114604255653398,2.81399518759998,27,42,55,38,48,141,112,220,137,226
"516","TRINITY_DN12714_c0_g1",1.09014616626398,1.37626129903249,6.0709541121109,6.28722336370716e-05,0.00180721501323638,2.08281339877736,67.68,50.36,39.64,45.67,48.55,136.86,89.87,94.49,111.41,79.79
"517","TRINITY_DN12731_c0_g1",-1.11787319388906,0.81499147751893,-5.01005909241723,0.000331317374503115,0.00506056818775595,0.498961818484775,75.74,65.99,67,62,88,46,37.09,28.2,29,18.01
"518","TRINITY_DN12762_c0_g1",1.4377950387888,0.097198369251111,6.37327691416332,4.02943518223749e-05,0.00138024044433048,2.49756764600891,16,22,24,15,18,43,39,41,51.99,55
"519","TRINITY_DN12767_c0_g2",3.35811759040594,-2.48759971975257,6.2831237666206,4.59510007735781e-05,0.00148987870990899,0.899970696398355,1,2,2,1,5,15,11,10.65,21,12.03
"520","TRINITY_DN12774_c0_g1",1.01214523880093,1.96737061216458,3.53936767762321,0.0042482588629766,0.0272131725139748,-2.18723209223446,107,76,48,76,82,110,135,249,128,162
"521","TRINITY_DN12787_c6_g1",-2.21224596078856,-2.11446918411848,-4.17015250424127,0.00137868103721867,0.012853589354707,-1.14306272896158,15,11,22,14,13,1,1,1,4,3
"522","TRINITY_DN12789_c0_g1",1.47799083504068,3.32372380464018,3.42535849876503,0.00522585060233326,0.031235081330935,-2.63529497098776,141,134,191.66,206.65,158,1405.78,289.96,414.8,442.34,236.87
"523","TRINITY_DN12810_c0_g1",1.59809209278857,0.0770476157979657,5.28417477617911,0.000212400644059961,0.00383130437064017,0.957407778043957,11,26,15,15,26,55,39,65,44,39
"524","TRINITY_DN12836_c0_g1",-1.30412248822068,1.65985057583124,-7.59689356148348,7.52122089892752e-06,0.000514574498004486,4.14765669319332,158,147,107,118,155,51,41,47,74,52
"525","TRINITY_DN12844_c0_g1",-3.27795083429125,0.0815548096331699,-5.05269603192505,0.000308965682029425,0.00483456628632407,0.581418161526028,169,62,129,45,86,17,13,1,10,11
"526","TRINITY_DN12848_c0_g3",1.71110673784258,3.02628707770283,5.7270277197881,0.000105907052916483,0.00247489996472077,1.38719950086982,184.28,129.2,54.27,173.56,126.1,579.43,312.04,370.72,385.73,380.1
"527","TRINITY_DN1285_c2_g1",1.43307464576301,-0.708386205242032,3.80150299664892,0.00264888699453833,0.0197093861176381,-1.3546762212589,15,17,10,12,6,33,16,16,42,25
"528","TRINITY_DN12856_c0_g1",-2.31096461300464,-1.29207312258681,-5.29087730195488,0.000210131909300408,0.00381230309498282,0.577656134184121,31.72,29.9,32.3,19.07,20.26,2.11,4.63,5.81,6.91,1.03
"529","TRINITY_DN12857_c0_g2",-1.76653292205339,-0.591422980760935,-3.26319681391192,0.00702543468338205,0.0381510001860856,-2.23510261736859,30,22.22,93.06,21,37.56,12,2.09,5.12,12,15.83
"530","TRINITY_DN12875_c0_g1",1.81419062545404,-1.00318892767362,3.20448431125917,0.00782233140551972,0.0409999145081324,-2.29292735808239,6,7,9,10,9,28,50,24,13,17
"531","TRINITY_DN1288_c2_g1",1.88456479249772,-0.714127684420833,4.19839153789398,0.00131223068113466,0.0124235925113308,-0.723928503808171,3.42,9.75,19.02,8.33,15.84,28.02,34.29,25.6,43.4,20.43
"532","TRINITY_DN1290_c0_g1",1.0377390944691,5.0815138911984,5.28081596293402,0.000213547272750713,0.00383968585526744,0.362795579863112,854.09,589.72,770.31,429.02,655.26,1350.89,1066.99,881.13,2050.91,1433.96
"533","TRINITY_DN12927_c0_g1",3.15720791577892,0.725107262260117,11.6607247581348,8.80201188791364e-08,5.09308753825012e-05,7.71227968114335,16.03,9,15,22,23.43,143.32,134.57,144.21,152.09,95.67
"534","TRINITY_DN12950_c0_g1",-2.8277320259345,2.30982583067823,-15.1852099635655,4.82977930646768e-09,9.30889813995197e-06,10.8558791972053,394.23,322.91,459.01,318.59,323.83,49.83,27.18,44.21,84.22,47.69
"535","TRINITY_DN12962_c0_g1",1.09524068674989,-1.17410209404602,3.2571005028935,0.00710420654085253,0.0384569487235038,-2.21258597976949,10,8,11,6,12,27,12,11,19,14
"536","TRINITY_DN12977_c0_g1",-1.77657880036556,0.249718149422418,-6.91874475517247,1.86240821465825e-05,0.000873260734512734,3.203825347657,50.14,58.56,73.39,56.13,71.76,11.24,8.99,24.88,22.94,14.55
"537","TRINITY_DN12997_c0_g1",-3.42022936493294,-1.46331956725671,-4.21702372162391,0.0012702156945156,0.0121827370552633,-1.03205789727032,35,57,22,21,50,3,0,1,7,5
"538","TRINITY_DN13_c0_g1",1.18762594840945,5.65340265659859,3.29927671209895,0.00657701808784992,0.0364510485853113,-3.21608089903266,1348,1044,384,1519.22,754.05,2002.27,3206,2114,1711.56,1518
"539","TRINITY_DN130_c0_g4",1.19475248684777,3.71716216911776,6.6302353587153,2.78762866124893e-05,0.00110672927382475,2.6494547541673,166.44,225.45,265.67,327.32,225.17,503.6,411.13,624.58,593.4,573.24
"540","TRINITY_DN13009_c1_g1",1.20461726265457,-0.646548461102231,3.06203514408722,0.0101565636528419,0.0486461477317473,-2.59216868796277,16.74,10,17,20,6,21.54,21,31.38,38,14
"541","TRINITY_DN13014_c0_g1",-1.38617843107217,-0.817770317995268,-3.91715034548625,0.0021548860751509,0.0172103706720188,-1.16453623718805,30,25,30,23,28,8,3,7,27,4
"542","TRINITY_DN13020_c2_g1",-1.07209143822367,0.725997851533785,-4.39042392777988,0.000940220119698788,0.00996871589289216,-0.50878729740549,60.95,69.42,86.4,42.53,77.57,33.28,23.08,35.33,22.56,33.09
"543","TRINITY_DN13023_c1_g1",-1.49535308848793,0.237254127651846,-3.70442521318844,0.00315310226986154,0.0221490876352885,-1.61015569888912,73.06,77.98,38.73,36.84,66.85,19.66,4.33,30.63,40.07,9.16
"544","TRINITY_DN13028_c0_g2",2.72331830876683,-1.31911673593732,4.13215542413537,0.00147365114451031,0.0134370567497037,-0.965036349131818,9.13,15.1,5.01,2.01,2.01,45,20.94,22.06,40.33,12.13
"545","TRINITY_DN13028_c0_g3",-1.0882841337277,3.48921650694799,-10.1123837662856,4.03622690369268e-07,0.000107089959765243,6.98927734760714,478.02,410.02,425.02,415.38,487.13,235.02,200.11,190,209.01,214
"546","TRINITY_DN13028_c2_g1",-1.04680517205927,1.9495135082681,-6.93685497989841,1.81650014544192e-05,0.000859889115846226,3.27227294835266,136.34,140.13,186.62,124.94,170.48,76.81,55.07,73.93,73.66,77.16
"547","TRINITY_DN13029_c2_g1",-2.32199699028337,-0.306471190777763,-7.97596304225492,4.64050030405102e-06,0.00039132008067851,4.09311250624144,67.37,57.73,49.72,31.47,52.36,10.66,6.13,9.34,10.13,5.16
"548","TRINITY_DN13040_c0_g4",2.24680655230625,-0.900972250369449,4.02992128213388,0.00176437581468073,0.0150893673126697,-1.00192368439832,3.32,6.26,6.75,11.25,15.67,15.33,24.1,51.33,47.21,21.62
"549","TRINITY_DN1306_c0_g1",1.57515644067835,-1.07905479680353,3.40299248578408,0.00544308719898115,0.0320891996357884,-1.9775297001145,6,7,3,17,16,24,18,15,19,25
"550","TRINITY_DN13072_c0_g1",1.4530765306695,1.41045235575044,5.1878016878826,0.000248038528307197,0.00421332404533316,0.730810515434212,46.68,39.93,49.89,53.06,40.15,128.39,87.03,72.96,240.14,105.71
"551","TRINITY_DN13076_c0_g1",-2.21352019573501,-1.08132085799365,-5.50703103719609,0.000149129052924344,0.00305509411673614,0.96741488186546,25.17,31,33.78,27.17,28.06,7.28,1.04,2.85,5.19,10.46
"552","TRINITY_DN1308_c3_g1",1.4888052002019,0.80302187144352,5.83674749319404,8.95156370644228e-05,0.00223394289369353,1.76774155698372,29.44,33.07,23.64,46.26,22.84,106.89,54.89,74.35,101.37,57.82
"553","TRINITY_DN1309_c1_g1",3.12117834816658,-1.74508140152521,3.66174579918493,0.00340504867891945,0.0233725394617753,-1.76491900061438,9.84,0,8,9.49,0,25,24.29,21.69,15.6,26.01
"554","TRINITY_DN13090_c0_g1",1.11291378136793,0.123446028994741,3.50730701638397,0.00450262498956428,0.0282430588588139,-1.94759343599716,34.02,13.38,27.12,28.6,12.08,54.72,36.89,44.82,39.86,33.61
"555","TRINITY_DN13097_c0_g1",-1.05255699997197,2.87459223318947,-5.66518159802425,0.000116522854292988,0.00262108956486762,1.29716442331446,343,266.56,235.8,339.84,251.41,113.35,141.5,166.57,130.78,140.08
"556","TRINITY_DN13101_c1_g1",-1.37943964051219,-0.910384421609644,-3.34859203075124,0.00601064183582752,0.0343408424466906,-2.0769782142893,36.86,12.38,34.27,17.24,30.01,12.16,4.19,9.43,6.21,6.22
"557","TRINITY_DN13104_c0_g3",-1.19674104602629,-0.793131498192317,-3.70722600788782,0.00313725326801652,0.0220748179172945,-1.50480991738771,33,25,34,20,17,12,6,6,11,10
"558","TRINITY_DN13112_c0_g1",-2.25777513825622,-1.08406717551271,-3.0563305554905,0.0102634299833586,0.0489692368543491,-2.51407415656899,61,58,25,11,18,4,12,5,3,3
"559","TRINITY_DN13117_c0_g2",-1.44356525307913,3.65864326329416,-7.95332022491544,4.77410312492495e-06,0.000397654277286054,4.47723993896489,655.51,527.54,466.34,479.16,725.7,213.36,188.9,286.77,168,204.27
"560","TRINITY_DN13126_c0_g1",2.00616741728705,1.42413370662559,8.39100125317185,2.78592080907948e-06,0.000292527063178845,5.0806948659719,31.59,32.62,55.75,31.2,44.58,146.07,101.38,131.69,258.21,119.45
"561","TRINITY_DN13130_c0_g1",1.03910611250017,0.531697243799154,4.98016846559976,0.000347996931767902,0.00521429782804076,0.470311054970012,30,24,41,25,27,68,47,42,77,43
"562","TRINITY_DN13139_c0_g1",-1.68470295705812,0.541274903186677,-4.71965602113756,0.000536727648532844,0.00683840560584444,0.0593355307192063,85.87,64.64,93.05,35.85,91.38,19.89,31.43,26.04,11.8,19.99
"563","TRINITY_DN13155_c0_g1",-2.42371887161861,6.48986168173279,-6.84872864574743,2.05188475576795e-05,0.000925730423248351,2.70162890627429,6821.16,6543.56,2317,6807.09,8310.59,1571.14,761.39,895.6,1348.36,836.48
"564","TRINITY_DN13160_c0_g1",2.90555352087912,1.42287211703136,4.27168543687046,0.00115483567999571,0.0114308767007546,-0.74784879648997,9,64,41,15,49,124,207,83,369,379
"565","TRINITY_DN13160_c1_g1",3.01345567137168,-0.900187403903896,3.24808682407289,0.00722231626078417,0.0388644002337569,-2.21517630259405,17,8,1,3,11,15,26,51,43,106
"566","TRINITY_DN13178_c0_g1",3.95025651015714,-2.18625844821404,4.98414187127374,0.00034572972151778,0.00519339818542163,-0.242271427907803,2,2,2,4,1,17,14,18,63,14
"567","TRINITY_DN13179_c2_g1",-1.54012939069223,-0.92247938234952,-3.61810263940771,0.00368409969250964,0.0246806092345476,-1.6388090002945,27,32.01,30,16,25,12,11,12,5,2
"568","TRINITY_DN1318_c1_g1",-1.01067823667669,6.14714834890277,-4.98100924008124,0.000347515888539871,0.00520996049988206,-0.245215910427851,4469.74,2504.38,2926.49,1929.84,2519.67,1434.87,942.67,1311.41,2274.68,1036.21
"569","TRINITY_DN13183_c0_g1",-1.9727113099962,0.29257331286398,-6.17746025911283,5.36749681221804e-05,0.00165219874993408,2.23851071952326,108.72,49.09,58.03,59.56,71.03,14.06,13.02,7.01,22.88,22.56
"570","TRINITY_DN1319_c0_g3",-1.68378734595864,5.00383358855749,-3.932291925196,0.00209764206084881,0.0168826352961864,-1.96687221474263,2664.32,1907.55,554.9,2255.45,1515.48,523.84,675.69,463.03,576.51,279.83
"571","TRINITY_DN1320_c0_g3",-1.47425085266522,3.21549068257167,-6.06281853081445,6.36404895178671e-05,0.00182086789340679,1.87896119789059,506.26,433.7,515.53,270.37,445.6,157.24,74.88,153.29,322.85,119.73
"572","TRINITY_DN13203_c0_g1",-1.25218567238578,0.987727940567134,-4.23244954524561,0.00123648947082721,0.0119668859088546,-0.80332230601506,100.32,107.62,62.19,63.81,101.22,34.72,15.07,22.22,68.1,40.45
"573","TRINITY_DN13252_c0_g1",1.47525048507199,-0.976138757437747,3.19023769235925,0.0080291102708469,0.0416948001471867,-2.32972720697795,5.22,23,10.89,10.51,5.39,27.15,10.16,26.86,31.92,13.85
"574","TRINITY_DN13259_c2_g1",2.41740394782308,0.193683190067482,9.05261014292296,1.2822817757486e-06,0.000197322382550209,5.43510367408615,12,14.04,17.14,16.01,13.01,75.04,84.66,59.02,86.36,49.12
"575","TRINITY_DN13260_c4_g1",1.17804966985297,-0.915902893901616,3.4445718536578,0.00504629528480208,0.0305068820410548,-1.926540775326,9,12,9,11,12,17,28,22,24,11
"576","TRINITY_DN13273_c0_g1",2.14920952486857,1.97702270203822,3.78826275210355,0.00271245312063834,0.020016464138067,-1.70753101200242,89,46.89,41,41,55.01,796.97,111.07,261.03,203.97,110
"577","TRINITY_DN13275_c3_g1",-1.08862849503719,1.89421927813534,-4.50101001847471,0.000777612012681186,0.00876537209184169,-0.476031003917671,213.22,128.18,165.84,98.5,156.01,79.88,48.27,45.37,136.38,53.12
"578","TRINITY_DN13276_c1_g1",-1.36416417677579,0.126567773277005,-3.77844322202959,0.00276060912177913,0.0202388853946204,-1.47400330570112,84.73,48.7,27.78,37.71,65.27,14.49,8.79,27.48,25.74,12.03
"579","TRINITY_DN13287_c0_g1",1.31388821131278,1.32853730224427,6.9235539739104,1.85009769216742e-05,0.000869737800991166,3.27800772593097,46.51,46.44,58.68,37.13,38.76,126.58,69.41,97.63,161.79,89.82
"580","TRINITY_DN13298_c0_g1",-2.19641624140781,0.555398181380267,-5.98185374862733,7.18526582194924e-05,0.00196856220168903,1.97758016863315,100.4,74.96,101.59,58.19,107.2,8.35,26.69,8.03,47.56,13.65
"581","TRINITY_DN13300_c0_g1",1.53132781900689,-0.457289248615743,3.20925318124352,0.00775432365433501,0.0407446676517571,-2.35807416722497,14.25,17.5,23.16,13.56,4.33,47.32,33.26,33.99,21.6,26.26
"582","TRINITY_DN13303_c0_g2",2.56964635896235,-1.73554575913897,5.82809525602395,9.07049443895207e-05,0.00225584482409256,0.802868473392806,4,5,5,2,4.01,18,19,14,24,16
"583","TRINITY_DN13345_c0_g1",1.05267804672901,-0.825294243268664,3.09873671426783,0.00949525632500703,0.0465536982234757,-2.50983069051658,17.51,11.11,6.12,15.76,10.46,28.37,21.12,15.15,21.19,15.76
"584","TRINITY_DN1336_c0_g3",4.78154424504642,-2.182953356199,6.43142475234044,3.70424573321796e-05,0.0013074473048375,1.10276365884641,0,11.81,0.21,0.44,0,23.2,34.16,21.71,39.27,31.01
"585","TRINITY_DN13366_c0_g3",1.72674887744644,3.42947706795736,14.1292768024992,1.0755340897743e-08,1.49998396607472e-05,10.5184486633085,159.35,126.36,183.24,187.7,156.01,598.54,417.85,529.36,608.27,511.29
"586","TRINITY_DN1337_c0_g5",1.3231483783197,0.32381297312472,3.92657506499876,0.00211906831057221,0.0169972341071129,-1.24719743557947,22.29,14.79,24.82,21.98,32.39,67.7,38.43,58.17,34.04,74.71
"587","TRINITY_DN13370_c0_g1",1.86746713045048,-0.971106312602949,4.03992910572475,0.00173346035237598,0.0148972415904696,-0.981159390797486,7.23,6.66,5.1,10.98,12.93,37.69,8,28.64,34.22,24
"588","TRINITY_DN13385_c0_g1",2.18444689816967,-1.02715228581856,4.87009811179553,0.000417436059932165,0.00585476140685157,0.186868181738352,11,3,8,12,7,31.49,21.45,18,43.62,22.1
"589","TRINITY_DN13395_c0_g1",-4.80303216416861,-0.867133399254209,-3.481696859188,0.00471695726334102,0.0291379923350802,-1.96326983192603,50.7,117.56,131.14,80.06,43.36,0,43.13,30.02,0,0
"590","TRINITY_DN13399_c0_g1",1.42598944326155,0.795699847525857,3.35856823894573,0.00590222972832861,0.0339102331418107,-2.29761131369106,49.85,14.62,72.39,12,36.86,75.72,76.99,64.51,148.57,43.77
"591","TRINITY_DN1340_c7_g2",1.20536004688593,-0.0959133247075527,3.76462849747214,0.00282985210677249,0.0206214477410855,-1.47802165848133,26.18,14.41,13.64,15.51,21.47,53.6,51.46,26.02,42.37,20.76
"592","TRINITY_DN13405_c3_g1",-2.4895898885634,0.235718152067612,-7.23498500360401,1.21166331058731e-05,0.000671115877048414,3.53141261323442,104.53,70.64,105.4,46.06,75.51,22.49,3.66,15.46,13.54,10.09
"593","TRINITY_DN13424_c2_g2",1.00128524703367,-0.280085135851083,3.09074531060377,0.00963546122909795,0.0470071191776722,-2.60929220481198,19.45,19.19,11.61,13,22.93,28.49,43.47,39.01,24.7,19.19
"594","TRINITY_DN13429_c0_g1",1.40337393506941,0.463389864626931,5.10206499138251,0.000285052309977817,0.00458945475872838,0.668559890753863,21,25,20,31,26,79,72,55,49,46
"595","TRINITY_DN13436_c0_g2",-4.61650164309761,-1.95424978935848,-6.42257545618268,3.75187707677823e-05,0.00131827096952871,1.10640281194156,53.27,29.53,37.18,29.38,34.55,4.05,0,0,7.04,0
"596","TRINITY_DN13436_c3_g1",1.49084223090078,-1.12429838123799,3.50013723753589,0.00456160716646608,0.028491877025404,-1.82292547505585,3.12,14.07,11.59,8.11,9.94,20.12,12.32,15.16,25.26,21.57
"597","TRINITY_DN13449_c0_g1",1.09503727639511,4.79353536215913,3.53959492751486,0.00424650928503491,0.0272083739571603,-2.6750805509142,588,695.43,295.08,448.02,655.18,928.12,1403.14,1111.94,722,1512.51
"598","TRINITY_DN13457_c0_g1",1.89134028660663,1.75158677894593,9.52893300695517,7.53175257608769e-07,0.000153430544706362,6.33828432697501,41,56,68,51,36,203,172,154,217,139
"599","TRINITY_DN13481_c0_g1",2.15627696711284,-1.15214321108894,3.93913564738579,0.00207228643552546,0.0167828665149889,-1.16386276166685,13,6,4,4,8,16,36,14,49,19
"600","TRINITY_DN13482_c0_g2",-1.35216844266722,-0.681914776681593,-3.88050652657551,0.00230019397187271,0.0179446142174596,-1.22712317739396,25,22,46,26,29,7,9,15,13,4
"601","TRINITY_DN13491_c0_g1",2.54716753204427,4.96725738181373,7.80412900732325,5.76426284436218e-06,0.000442740805984497,4.17423942797653,332.54,387.59,362.31,345.65,328.12,4445.72,1856.45,1681.21,2317.71,1045.14
"602","TRINITY_DN13493_c0_g1",1.56161828387368,0.761662274234879,5.16008317618318,0.000259417383364059,0.00432954001183017,0.743757484291772,21.49,19.22,21.3,44.89,46.26,85.45,53.79,59.98,102.01,91.41
"603","TRINITY_DN13496_c0_g1",-4.80087384647639,-3.29730066850113,-10.1195162336619,4.0062898945e-07,0.00010682583367823,2.98771756235711,19.25,14.11,12.89,12.15,20.55,0,0,0,0,0
"604","TRINITY_DN13497_c0_g1",-3.20290785830662,-0.772778166421881,-6.07566994743866,6.2431424124689e-05,0.00179952707449176,1.57953641566973,93,46,47,35,39,8,5,4,3,2
"605","TRINITY_DN13508_c0_g1",2.45301766914119,-0.969335935871797,5.60921869032589,0.000127101997018137,0.00276086450471785,1.11886385492306,11,5,4,7,8,32,14,36,36,41
"606","TRINITY_DN13510_c1_g2",1.6467036679848,0.0935407741239965,5.17744834377957,0.000252225940024341,0.00425785881560022,0.796536778982022,9.32,15.01,18.28,19.03,34.8,48.03,38.19,46.61,74.62,41.04
"607","TRINITY_DN13514_c0_g1",1.14108976495488,0.993765983901647,5.2648774428587,0.000219078050642748,0.00390044983715539,0.887514734108632,46.74,41.55,46.8,22.05,37.45,65.56,66.33,66.42,126.43,79.12
"608","TRINITY_DN13518_c0_g1",-4.08290595899378,-0.854152212009403,-6.4471422567714,3.62122596348251e-05,0.00129224993356557,1.49972514386524,100,54,71,52,59,10,0,3,6,2
"609","TRINITY_DN13525_c0_g1",1.47006613832346,2.56370638474024,9.31383110610949,9.5523039851157e-07,0.000172039525183586,6.15797137359425,95.99,107.99,127.99,81.99,82.01,332.97,186.01,266.1,336.57,236.91
"610","TRINITY_DN13528_c0_g1",1.19991116689345,-0.182405625893595,3.78946426246671,0.00270662045246874,0.0199994284784985,-1.42655240391705,19,9,16,24.26,21.87,22.4,33,36.58,47.36,34.32
"611","TRINITY_DN13530_c0_g1",-1.2545514973409,0.602868303926795,-4.83592675321216,0.000441842629732995,0.00604306927206508,0.237889974135758,62,67,67.99,56,73.99,16,14,21,44.99,39
"612","TRINITY_DN13544_c2_g1",-2.14913309085609,3.49658357673549,-8.4149659213103,2.70657899658486e-06,0.000289790429533951,5.08611879732054,688,753,790,399,704,270,85,191,144,95
"613","TRINITY_DN13545_c0_g1",-1.35373308679463,2.74191470067611,-5.8220036138958,9.1552322392755e-05,0.00226763935107779,1.5689957307442,392.99,190.55,263.83,274.7,379.64,123.71,57.48,144.5,162.21,99.47
"614","TRINITY_DN13553_c1_g1",-3.00165578439804,-1.93522340916842,-4.08279619844319,0.00160725382779825,0.014186184240716,-1.25138224989288,17.98,33,22.84,17.98,18,2,3,0,1,7
"615","TRINITY_DN13586_c3_g1",-2.36906707162074,0.820198476096545,-4.44864718222458,0.000850602052033252,0.0093295213172294,-0.396450689073967,101.35,95.29,89.67,82.54,193.02,61.15,16.57,21.86,4.57,28.54
"616","TRINITY_DN13586_c4_g1",-1.13951294849075,3.18431915825164,-4.41744002033995,0.000897471075925921,0.00968538676402515,-0.834652318457747,363,293.82,668.38,214.48,423.51,154,109.88,160.92,255,175.06
"617","TRINITY_DN1359_c2_g2",1.05141340795449,2.91768121506888,3.08989176677672,0.00965055875942793,0.0470470145634171,-3.18146784191521,131.78,70.64,221.81,158.85,183.65,587.33,215.17,184.76,386.38,237.18
"618","TRINITY_DN13601_c1_g1",1.65918771480572,-0.0279734246278068,4.24837059029145,0.00120265532041763,0.0117291779689502,-0.666745513243597,21,20,24,12,9,76,62,31,47,27
"619","TRINITY_DN13617_c0_g1",2.23120833515343,0.190945931973962,6.87692003739269,1.97323002199779e-05,0.000907235453309227,3.12370502299144,20,16,17,16,10,76,90.66,56,55,56
"620","TRINITY_DN1362_c2_g4",-1.0591040227882,3.99748770216071,-10.4529524446392,2.84201383567533e-07,8.99608781913833e-05,7.31773398313685,652.08,619.89,699.25,563.67,623.61,309.3,207.17,351.64,400.86,263.42
"621","TRINITY_DN13629_c0_g1",-1.14613007701822,2.54089080911153,-4.78112409521241,0.000484160779373059,0.0064135384683098,-0.0989835504613295,222,192,374,150,295,90,64,119,163,107
"622","TRINITY_DN13631_c0_g1",-4.91217080186799,2.08686321268972,-14.922735594613,5.8648832093715e-09,1.0089054552759e-05,10.161714676582,881.23,543.5,462.2,675.43,682.48,21.02,13,20.01,23.01,18.03
"623","TRINITY_DN13635_c2_g1",2.62917873344452,0.706509605414936,13.1732266980644,2.3290589314517e-08,2.43615085270364e-05,8.81485393233834,18.49,16.64,22,22.86,16.58,125.86,84.99,119.31,120.33,95.44
"624","TRINITY_DN13643_c0_g1",-1.02067853469268,2.05776637391048,-3.14606843560856,0.00870594524643185,0.0439588811640062,-2.91003340356065,120,173,298,86,206,86,45,105,120,54
"625","TRINITY_DN13645_c0_g2",-1.61191031471235,-1.275504057649,-3.04876087526258,0.0104069813520423,0.0494171984926784,-2.52712221247146,13,25,16,35,20,7,7,7,3,3
"626","TRINITY_DN13651_c3_g1",3.38207540613264,-2.02521742151613,3.79197182808957,0.00269448916239628,0.0199450136134861,-1.61697445345299,1.02,2.02,1,2.04,15.11,11.08,9.29,20.22,28.61,42.79
"627","TRINITY_DN13658_c0_g1",2.44573643509393,-0.131808147490273,5.10364468279484,0.000284320091696596,0.00458412099641577,0.670257528219576,18,12,9,25,5,43,80,66,69,31
"628","TRINITY_DN13677_c0_g2",-3.80328915635617,-1.99611137716998,-5.73940981488696,0.000103907537402805,0.00244553650665339,0.5018337251651,34,24,40,17,24,5,1,0,0.93,1
"629","TRINITY_DN13688_c0_g1",1.21964347880379,1.41690946167972,5.3106453575542,0.000203588300075144,0.00373343601799971,0.922094486559123,75.35,45.26,47.7,52.94,33.4,123.11,66.5,100.53,149.36,118.96
"630","TRINITY_DN13691_c1_g3",-1.50525669166963,-0.0213006515474827,-3.23748080875813,0.00736383933910863,0.0393831450829358,-2.37662258386341,22.02,67.75,37.23,51.38,79.42,10.5,15.05,21.17,19.1,7.52
"631","TRINITY_DN13691_c3_g1",-1.22582331786852,0.00408642168175393,-4.02077348480407,0.00179313390100367,0.0152534166420848,-1.05444477604143,45,44,50,28,50,11,33,11,21,13
"632","TRINITY_DN13694_c0_g2",1.9060397921654,-1.83239686874133,4.22732891583905,0.0012475805314995,0.0120270016006801,-0.913598828232564,7.41,5.54,4.12,1.12,6.3,10.95,13.47,13.58,17.15,11.7
"633","TRINITY_DN13713_c0_g2",3.36787761103241,-2.42065963800624,3.77958090528336,0.00275498502536245,0.0202103377166269,-1.6453123293061,0,12.1,0,6,0,24.21,10,7.07,18,18.44
"634","TRINITY_DN13721_c0_g1",2.85231460189574,-2.15894861844562,4.89448178744742,0.000400888264499768,0.00571103027616733,-0.365594869155788,6,2,3,1,4.36,24.29,9,15.84,16.06,10.44
"635","TRINITY_DN13721_c0_g2",1.30649410189821,1.08467492260713,5.04112566688948,0.000314869843796422,0.00489568818063548,0.526045779332467,25,48,33,56,38.64,108.71,55,86.16,117.94,82.56
"636","TRINITY_DN13722_c1_g1",1.20179664169426,-0.000365508759378863,4.53386355071529,0.000735182477838538,0.00846107105233553,-0.210852470003059,22.08,19,18.01,16,20,70,27.81,33,36,38.05
"637","TRINITY_DN13723_c0_g1",-1.39680413631446,2.24149777169812,-7.3960198906732,9.78104715928751e-06,0.000592428659288204,3.8723647324915,197.86,252.03,250.64,151,202.02,116,52,65,91.26,73.32
"638","TRINITY_DN13734_c0_g1",1.32158206378601,2.07089291968103,7.42112604376071,9.46259235254836e-06,0.000579594437666056,3.9123464885067,70,63,79,91,69,223,118,211,195,167
"639","TRINITY_DN13738_c0_g1",-1.08106301299474,2.83577996813516,-5.97589063303324,7.25004190616518e-05,0.00197761800059293,1.78744273069801,303,189,398,278,275,131,110,108,188,134
"640","TRINITY_DN13748_c0_g1",3.9135553517398,-2.51643359794359,6.29269197568033,4.5312426687003e-05,0.0014773260220674,0.937828076322428,0,1,3,2,2,22,18,11,17,17
"641","TRINITY_DN13757_c0_g1",-1.19832605949462,1.60287388633722,-6.01724392643886,6.81325740972959e-05,0.00190333787248383,1.98961661609955,157.71,128.76,115.91,87.6,150.81,42.64,48.78,58.35,84.67,36.33
"642","TRINITY_DN13767_c0_g1",1.10760919115326,-0.334615162699854,3.91708618699317,0.00215513203450313,0.0172103706720188,-1.19936271554162,16,14,19,21.85,11,33.86,34,26,31.67,23
"643","TRINITY_DN13794_c1_g1",-1.08010403152826,0.0721635117972818,-3.64310745376242,0.00352146959395724,0.0239210705907526,-1.70456210650375,54.34,40,44,37,44,25.64,5,21,36,13
"644","TRINITY_DN1380_c2_g1",1.32714591450942,0.966861826435777,6.19616771495902,5.22127966905515e-05,0.00162002636896508,2.28213477236808,27,31,40,32,49,91,59,109,95.01,65
"645","TRINITY_DN1380_c3_g1",2.26904271480411,0.155885890492594,3.46649535646527,0.00484907595056091,0.0296677266622,-1.98358280226565,16,14,14,5,44,62,16,141,141,50
"646","TRINITY_DN13800_c0_g1",2.05178435757481,0.144726412926478,5.14982048498816,0.000263768754395578,0.00437140072403229,0.754911667567698,14,16,19,21,11,51,83,46,44,85
"647","TRINITY_DN13801_c1_g2",1.6801579416395,0.271260429391449,4.94393031783219,0.000369410098309976,0.00541871215134247,0.431990257435239,24,15,23.99,20,17,64,21,64.15,81,75
"648","TRINITY_DN13801_c4_g1",1.90909305478538,-1.67143963141859,3.54350273770654,0.0042165383580548,0.0270993427665082,-1.80426904048301,5,2,14,7,5,19,15,14,15,12
"649","TRINITY_DN13808_c0_g1",-2.03286538671614,2.10162555479857,-12.0122570902475,6.38010063798313e-08,4.50675394546156e-05,8.64504284890917,254,235,199,246,249,52,37,49,85,62
"650","TRINITY_DN13820_c0_g1",1.75868270449723,0.0165321570380244,4.50113440834074,0.000777446629136297,0.00876537209184169,-0.257587608222809,24,14.03,24.32,14.89,9,85.63,46.51,49.94,57.66,21.96
"651","TRINITY_DN13825_c0_g1",1.6195900802254,1.7795903444167,8.71193315638268,1.90148028791891e-06,0.000235847130175164,5.47174644931746,63,47,45,63,57,147,188,146,176,162
"652","TRINITY_DN13830_c0_g2",-2.20292719044036,-0.420446249744801,-4.62687673131492,0.000627681757459073,0.00760700500667479,-0.0585830081096503,38.62,49.85,43.08,24.02,79.38,13.02,3.5,7.57,4.96,18.34
"653","TRINITY_DN13853_c0_g1",-3.25218758653342,-1.96215714058354,-4.71387058375961,0.000541974267868336,0.00688589638019777,-0.532593827057387,31,22,16,22,25,1,6,4,1,0
"654","TRINITY_DN13883_c0_g1",-1.06079534724462,3.42367240145114,-5.35786005592854,0.000188814166868538,0.00355473002598912,0.720295818919914,415,558.01,367,351,426.96,296.91,169,155.85,184,229
"655","TRINITY_DN13899_c0_g1",1.27083539445087,0.331393094641755,3.4254015685227,0.00522544090507182,0.031235081330935,-2.11540375414528,21,26,17,24,31,101,54,55,51,21
"656","TRINITY_DN139_c0_g1",2.1648414324925,0.721561959547649,4.57604426203698,0.000684225163418647,0.00807281797472964,-0.182504079197535,27,16,48,14,20,100.78,102,86,215,33.58
"657","TRINITY_DN13902_c0_g1",1.0170230353725,0.896020223091045,5.16023236691273,0.000259354687178989,0.00432954001183017,0.729227591333083,38.3,41.83,27.86,35.05,44,57.34,72.34,72,94.74,57
"658","TRINITY_DN13917_c0_g1",1.43789187767819,0.295703032983981,4.89593872712574,0.000399921592382741,0.00570613436247304,0.353512785660246,24.6,18.21,22.51,20.57,21.06,68.92,80.92,35.61,58.31,35
"659","TRINITY_DN1392_c0_g2",1.19770477890328,0.971084835119829,4.57619382845201,0.000684051194861565,0.00807251649809403,-0.223978320777231,34.37,48.04,42.23,33.22,27.06,79.38,97.45,90.13,61.75,71.28
"660","TRINITY_DN13933_c0_g1",1.18735275969858,0.774752442627313,3.72117682241538,0.00305951943388708,0.0217017864583188,-1.66242346905024,37,25,35,33.99,30.06,82.76,126,51.01,64.09,43.12
"661","TRINITY_DN13940_c0_g2",1.13923992140402,0.92342455835178,4.19994778722757,0.00130866675691275,0.0124042251150383,-0.854984010682342,27.27,38.62,50.53,22.96,50.29,59.34,79.54,93.42,106.78,47.22
"662","TRINITY_DN13946_c4_g2",-1.49797048156676,0.577552896495382,-5.12397044565868,0.000275073381510457,0.0044835230128065,0.698752756802654,96,76,69,36,87,28,12,23,41,15
"663","TRINITY_DN13946_c7_g1",-2.44829337562561,0.927991864079102,-9.53503364025093,7.48162022141337e-07,0.000152982257692818,6.15944685161087,113.5,103.6,113.44,102.88,188.15,22.54,11.65,18.52,24.97,25.9
"664","TRINITY_DN13957_c0_g1",-1.6960787706463,4.21094410179467,-11.2135034569841,1.341746592781e-07,6.2912878386165e-05,8.07104362230147,779.01,734,1207,868,1039,299,192,298,314,313
"665","TRINITY_DN13966_c0_g1",-1.48531612597928,0.971462055313417,-4.97231287513587,0.000352525424923614,0.00524745768665033,0.429936503651255,104,95,61,94,100.99,33,20,47,19,39
"666","TRINITY_DN13966_c0_g2",-1.47338597053283,1.28702794416884,-4.96012390065394,0.000359675008750474,0.00532039254853061,0.37941363263527,141.77,120.35,63.63,101.71,147.1,28.03,35.43,54.24,36.19,38.01
"667","TRINITY_DN13966_c1_g1",-1.80296223809932,1.85658753143949,-8.0322766491396,4.32529147089582e-06,0.000378226572979895,4.68359212951764,219.88,176,170.58,126.93,246.28,67.57,24.05,56.75,70.27,46.63
"668","TRINITY_DN13969_c0_g1",-1.0148623842927,0.353151921251453,-3.0875508839008,0.00969208664276968,0.0471835214717954,-2.71067199972009,33,52,98,36,55,20,15,23,27,29
"669","TRINITY_DN1397_c3_g1",1.24496480879088,0.75373257497471,4.43891784022448,0.000864933926878477,0.00944102372403115,-0.429238005928741,48.69,21.9,41.67,36.46,18.12,59.66,48.13,85.53,86.18,68.45
"670","TRINITY_DN1397_c3_g3",-1.57474769622913,6.01017616273872,-19.1149318760691,3.63026111148707e-10,2.82076474449847e-06,13.9236069596099,3016.75,2651.67,3541.13,2913.79,3150.18,1074.4,1017.67,1034.17,1090.12,827.77
"671","TRINITY_DN13974_c0_g3",-2.50462970019156,-1.67107090760092,-4.28640283114268,0.00112567181270612,0.0112465862536552,-0.87103257004142,17.01,25,14.45,19,38.01,1,2.02,3,4.34,2
"672","TRINITY_DN13974_c2_g1",-1.88804089138004,-1.08015458518468,-3.8685726017679,0.00234966990837945,0.0182260262388287,-1.25707824399321,26.64,21.92,24.5,41.06,23.21,16.57,1.27,2.06,10,4
"673","TRINITY_DN13992_c0_g1",-1.76567635871319,0.583308866729596,-7.26077195748952,1.17057017963397e-05,0.000662576116293161,3.67053100724223,74.86,80.53,87.5,51.3,93.84,22.99,9.56,16.61,31.22,25.69
"674","TRINITY_DN14000_c0_g1",-1.01701866885019,3.11114991590068,-6.54536003355277,3.14532011631682e-05,0.00118730406745218,2.60283346074522,406.22,287.29,364.3,273.08,352.5,136.34,125.51,197.8,267.59,126.25
"675","TRINITY_DN14007_c0_g2",-1.42268394677175,-0.425434952211626,-3.19206036526323,0.00800235052699274,0.0416273763880702,-2.39375978953069,66.02,23,26,24,47,29,13,7,10,5
"676","TRINITY_DN14011_c0_g1",-1.06471997238628,2.53346483936922,-7.10714122775984,1.43945655936916e-05,0.000744671783593211,3.46042447207093,270,232,261,166,215,96,100,89,153,105
"677","TRINITY_DN14017_c0_g1",2.94107346142128,-1.90805889610494,4.5164449579931,0.000757368274229048,0.00862189710680995,-0.752407594094767,2,8,6.09,2,2,27.99,20.01,16.12,18.99,11
"678","TRINITY_DN14018_c0_g2",-1.26039105609063,0.741175314903873,-3.11691719366506,0.00918388912158006,0.0455591573617404,-2.71654711196637,96.51,90.4,118.68,25.19,68.38,29.85,11.19,35.34,39.59,29.41
"679","TRINITY_DN14026_c0_g1",-1.00445963184276,4.38334736893649,-7.14215788244169,1.37283503216916e-05,0.000722844823182117,3.29899279181448,956.18,889.94,692.79,676.76,844.83,335,299.67,479.65,484.16,432.69
"680","TRINITY_DN14028_c0_g3",1.76148010902445,-0.174088689012397,3.36150328081735,0.00587071430000793,0.033775547016261,-2.13635830435528,12,9,20,16,18,98,11,35.78,75,37
"681","TRINITY_DN14062_c0_g1",1.75873982328487,-1.07539728230243,4.20592576293833,0.0012950699865743,0.0123211739793183,-0.737273821935734,16,5,3,12,9,19,13,24,34,21
"682","TRINITY_DN14072_c0_g1",-1.21267988980238,3.2898451814624,-8.08904364735609,4.03065304223759e-06,0.00036173177306141,4.6813922356579,522.01,314,394.05,333,498.01,211.01,144,149.01,229,150
"683","TRINITY_DN14075_c0_g1",1.08936615409202,1.77564335175688,7.19432220355702,1.2796259549601e-05,0.000691850251652434,3.62612015718438,61.29,64,77.71,47.35,78.36,127.64,115.67,163.33,155.73,116.29
"684","TRINITY_DN14080_c0_g1",1.2889635301942,1.90932915267193,5.55603980890617,0.000138100014111138,0.00291252340733576,1.25530321669596,54,64,56,94,76,171.01,126,226,191,101
"685","TRINITY_DN14081_c2_g1",-3.07415141072899,-0.472930594436206,-3.857874314055,0.00239495606750908,0.0183988778909444,-1.26427824558968,27.02,53,101.71,95.02,57.61,5,7,1,23,3
"686","TRINITY_DN14081_c5_g1",3.06566341959926,-2.25114350612849,5.64716579822029,0.000119822953952507,0.00266205736895033,0.371646686681156,3,3,1,1,7,18,13,14,14,15
"687","TRINITY_DN14083_c0_g1",1.30281511837361,-0.460990959862025,4.22777795209442,0.00124660381524499,0.0120219908005302,-0.678617838354612,21.8,10.15,15.38,11.34,11.13,24.38,33.98,35.45,40.34,16.75
"688","TRINITY_DN14083_c1_g1",1.34519829366983,-0.336988495296731,4.29745879124089,0.00110426810029983,0.0110982347054513,-0.571987766425018,12.28,15.03,16.58,16.26,12.93,36.22,43.19,32.23,39.08,16.13
"689","TRINITY_DN14092_c1_g1",1.30065684841788,-0.329601287569534,4.00077662013433,0.00185770028560266,0.0156021488556299,-1.05708291631881,11,11,24,22,12,33,39,28,38,23
"690","TRINITY_DN1410_c1_g1",-1.62964278788213,3.7869856711636,-8.91156143381532,1.50737022334814e-06,0.000207222399429233,5.64667810146934,738.39,562.06,876.46,607.17,588.62,211.07,141.9,161.64,381.04,225.62
"691","TRINITY_DN1410_c14_g1",1.4955934102417,-0.729999096883543,3.91662169478286,0.00215691358651629,0.0172181092077236,-1.1668275884376,15,11.7,6,9,13,22.18,40.46,20.58,21.73,27
"692","TRINITY_DN14113_c0_g1",1.36238205029773,2.63062305132158,3.88725669917152,0.00227268608570428,0.017806636255768,-1.67477085119885,227.5,97.03,106.16,62.01,90.31,377.72,191.62,173.21,560.47,191.49
"693","TRINITY_DN14124_c0_g1",1.11927785053725,-0.494161584909824,4.09580450671037,0.00157086865498852,0.0139929769101671,-0.893208317550571,12,15,14,15,15,27,22.04,35,37,15
"694","TRINITY_DN14128_c0_g3",1.25572559904853,-0.365640047182409,3.40718698373398,0.00540165758852068,0.0319280110733784,-2.05004849879652,17,15,15,29,7,23,31,30,41,27
"695","TRINITY_DN14129_c1_g1",1.32186022751316,-0.417156088858544,4.340089845582,0.00102562297058313,0.0105612758411562,-0.500329945036619,12.26,16.41,19.37,14.88,9.02,23.59,35.78,25.46,38.01,28.94
"696","TRINITY_DN14139_c0_g1",1.10436263006576,0.267702014637327,4.00838047306806,0.00183286987737119,0.0154752600900491,-1.10533378993572,28.59,18.08,35.97,12.46,29.4,31.71,37.42,55.89,67.76,44.55
"697","TRINITY_DN14140_c0_g1",-1.65978378351597,-0.176352721750024,-6.65011611413395,2.71027716762632e-05,0.00108868175700394,2.78776873391312,47.42,45.43,52.28,39,40.61,12,7.01,8.98,25,10
"698","TRINITY_DN14146_c0_g1",2.68532832771112,0.54629117141065,9.22703958348938,1.05264638261367e-06,0.000179484917113153,5.72980322912777,11,22,14,13,30,126,73.98,102.6,136.14,68
"699","TRINITY_DN14154_c3_g1",3.18624525974951,-0.102413476520027,4.28570674924536,0.00112703375060331,0.0112546201323967,-0.584155228759223,17,5,16,6,9,87,42,39,265,54
"700","TRINITY_DN14179_c0_g1",-2.85574886699092,0.930940605927312,-8.88403006523599,1.55606818424299e-06,0.00021044941819638,5.48892171600443,198.03,166.72,143.42,76.38,145.59,22.28,9.06,16.93,29.92,13.36
"701","TRINITY_DN14185_c0_g1",-1.3574823656954,1.51170732875406,-5.15418758963464,0.000261907782041545,0.00435601602987241,0.666845630312983,141.39,99,180,76.28,156.04,53,26.11,54,83.17,31
"702","TRINITY_DN14199_c0_g4",-1.61183865475256,-0.486649938612947,-5.85748721558404,8.67316228491995e-05,0.00218905786468251,1.70554065634115,33.23,29.74,42.39,30.32,40.58,15.7,8.66,9.65,8.13,7.16
"703","TRINITY_DN14217_c0_g1",1.56401373474079,0.738048027831573,7.5043362136429,8.48401215782279e-06,0.000548859817700779,3.98910806861176,35.04,20.66,24.96,21.34,40.86,72.73,65.04,70.23,117.18,63.07
"704","TRINITY_DN14225_c0_g1",-1.06846198449673,1.84000537745584,-4.53190082501539,0.000737648065284983,0.00847695244430922,-0.415202051012828,159.4,169.08,133.47,98.19,160.91,62.53,28.76,74.38,112.1,71.08
"705","TRINITY_DN14238_c0_g1",2.47509469653268,1.03126374319137,3.38880688305757,0.00558561200637234,0.0326814783389197,-2.24983159000132,16.23,14.48,33.78,29.19,44.24,299.12,24.06,265.84,201.18,75.28
"706","TRINITY_DN14240_c0_g1",-1.31720673954075,0.653913518863443,-5.48091466118477,0.000155383259243456,0.00314386839592473,1.24247152823329,56.45,65.35,92.43,71.67,62.57,37.89,18.86,26.34,21.77,23.19
"707","TRINITY_DN14255_c0_g1",1.4639385980276,1.04294688607645,6.00086592310701,6.98280956107912e-05,0.0019298881851456,1.99994487201233,34.36,37.88,37.76,29.01,35.95,80.99,108.18,61.64,102.4,115.28
"708","TRINITY_DN14275_c0_g1",-1.52954814101758,1.10487772094253,-6.23412400142969,4.93746485346646e-05,0.00156499796529659,2.33411621811277,106.34,95.61,156.68,69.42,91.51,43.07,20,39.41,45.64,20.99
"709","TRINITY_DN14276_c0_g1",1.4461904767946,2.29390259804712,4.83832820690072,0.000440079436114119,0.00603234894397254,0.0402851725300151,78,68,55,136,98,254,178,340,265,117
"710","TRINITY_DN14278_c0_g1",3.76955018859781,1.42918267663771,11.8214929804047,7.58970708616814e-08,5.01070151848456e-05,8.11117695745118,20.32,7.59,34.08,27.79,29.73,270.46,273.79,241.48,315.35,259.34
"711","TRINITY_DN1428_c2_g1",-1.08881496226515,0.514354474195964,-3.3382960900017,0.00612465089923983,0.0347621712470577,-2.29570645508773,39.06,45.27,112.04,58.31,55.97,29.89,21.74,24.01,21.05,26.89
"712","TRINITY_DN1428_c4_g1",-1.47030077694242,0.747809870967873,-5.87408252845741,8.457008803167e-05,0.00215550686885218,1.82395728714987,108.4,75.33,71.15,58.02,78.63,31,27.51,30,35.07,11
"713","TRINITY_DN14283_c0_g1",-2.24551504031935,-1.21656687231246,-3.20941064018977,0.00775208838809428,0.0407446676517571,-2.27477719919563,19.74,26.67,26.42,24.68,40.33,0,3.48,9.5,13.05,7.46
"714","TRINITY_DN143_c0_g2",-1.5722269503177,0.0662613653366311,-5.94020608899672,7.65085314137624e-05,0.00203889051059576,1.90332817411366,57.82,44.84,55.49,41.08,50.22,17.42,24.42,12.9,11.16,12.78
"715","TRINITY_DN14302_c0_g1",1.25469365763337,0.314735977769171,4.06873005159745,0.0016475821861399,0.0144142902825053,-1.00599759969069,28.08,26.25,13.72,18.45,33,67.52,48.83,28.85,53.61,61.43
"716","TRINITY_DN14325_c0_g1",-1.04828722440992,2.58282207817536,-3.91308479301035,0.00217052928748195,0.0172952327095562,-1.62503070576718,315.88,174.99,248.82,150.75,333.11,111.95,50.08,114.03,186.46,136.14
"717","TRINITY_DN14341_c2_g1",1.44484353603511,2.47309075332187,7.02389205785,1.61210898984455e-05,0.000797129273333043,3.35582055109042,64,102.61,85,89.94,133.88,280.95,273,247.38,238.74,208
"718","TRINITY_DN14345_c0_g1",-1.10472560418707,-0.113709722294558,-3.38295656369539,0.00564549159475382,0.0329326397823097,-2.12646967994598,52.01,37.89,47.95,28.04,31.01,8,16,14,38.05,11
"719","TRINITY_DN14354_c4_g1",-3.62365865139848,-2.09994546408885,-4.27474377819911,0.0011487112479554,0.0113972188047322,-1.02824559706982,31.15,29.11,16.84,16.1,27.69,0,0,8.33,13.94,0
"720","TRINITY_DN14359_c0_g2",-1.14156240948637,4.09064347941287,-4.23883739271987,0.0012227971824875,0.0118745155423455,-1.30004824935005,788.25,611.1,677.49,558.37,895.62,510.79,109.17,329.3,488.59,296
"721","TRINITY_DN14408_c2_g1",-1.4415816401814,-0.479648487118143,-3.94073955610537,0.00206638997122926,0.016747581124293,-1.13828032069308,48.01,27.68,38.49,31.49,27.11,17,2.81,6,16,17.19
"722","TRINITY_DN14434_c0_g1",1.25562441184811,2.84243415561864,6.54394338091351,3.15168987030551e-05,0.00118796648465549,2.6365543157825,228.02,85.85,137.75,97,119.96,298.06,239.09,342.86,347.12,293.32
"723","TRINITY_DN14435_c4_g2",1.19512189484437,0.591576658540917,4.51329819984487,0.000761450279330459,0.00865177400105766,-0.289812700187816,20.01,22.01,56.18,29,26,61,54.96,56.58,80.02,49
"724","TRINITY_DN14447_c0_g1",-1.82470737369678,-0.311354287019623,-5.91463946515163,7.95244017101533e-05,0.0020825285187371,1.807047351211,60,34,38,35,46,14,12,13,7,7
"725","TRINITY_DN14448_c2_g1",-2.30180236382459,-0.39672327054679,-6.346817316877,4.18734593288668e-05,0.00141198966296119,2.27294655502966,51,59,31,44,57,5,8,12,12,4
"726","TRINITY_DN14452_c1_g1",-3.16820142765547,-0.290284793471024,-8.60887418001787,2.14710508903066e-06,0.000249536736960399,4.39088981934207,78.24,49,66,79,71.44,3,3,7,9.02,10
"727","TRINITY_DN14454_c0_g1",-1.24068578072744,0.184010837908391,-4.62373578057636,0.000631029744467591,0.00764009175798849,-0.0753143767386302,53.26,35.67,57.7,48.54,53.24,35.02,13.57,11.7,26.06,12.7
"728","TRINITY_DN14454_c0_g2",-3.16746339936858,0.25853379860773,-10.8584299146851,1.89442271184658e-07,7.17692047162258e-05,6.65635332158597,114.68,87.66,120.02,77.29,99.37,10.21,8.2,16.16,12.17,3.01
"729","TRINITY_DN14456_c2_g1",1.05297117623574,-0.225512213876085,4.16385748874621,0.00139396466571425,0.0129450456091624,-0.800530080274036,19.24,12.54,21.2,14.35,19.27,31.37,24.36,36.28,28.24,38.75
"730","TRINITY_DN14472_c0_g1",2.5755760273195,-1.70191214752286,4.06514246743289,0.00165803482314802,0.0144756975264007,-1.1626323923199,3,4,12,3,3,13,21,11,32,22
"731","TRINITY_DN14472_c0_g2",2.59633571825687,-1.25021689880027,3.69423806304351,0.00321144567554332,0.02242281665449,-1.56061677455758,7,6,14,5,2,25,36,11,48,24
"732","TRINITY_DN14472_c0_g3",3.20735466913512,-1.86419756295536,5.51422518423062,0.000147453392869469,0.00303486087295549,0.281651799705837,2,3,5.31,6,2,17,17.56,25,30.58,15.51
"733","TRINITY_DN14477_c0_g1",1.68890549565544,-0.159033952672767,3.59990186320012,0.0038073010760505,0.0252171106706603,-1.73439829027754,43,10,14,9,12,104,24,35,50,27
"734","TRINITY_DN14506_c1_g2",1.48118510415398,2.76970299878302,6.78482751776218,2.24282508669355e-05,0.000967114273975286,2.99398252398811,104.07,134.02,138.57,87.59,104.11,343.9,190.87,249.5,523.7,314.61
"735","TRINITY_DN14506_c2_g1",-1.52702098151571,-0.373535541304325,-4.40233709371402,0.000921113376258468,0.0098428836243761,-0.400167966855044,28.41,28.01,39.6,51.09,43,19.78,6,9.79,9.74,11.75
"736","TRINITY_DN14516_c1_g2",-1.89545499031853,-1.99539749595256,-3.42765738740198,0.00520402829699629,0.0311594345114404,-2.03211249143372,15.8,20.85,14.56,10.39,11.94,8.91,2.15,1.05,3.99,0.52
"737","TRINITY_DN1452_c5_g1",-1.70770171743196,3.74270830122552,-7.7076073513818,6.52062980485008e-06,0.000475185367436346,4.15650907810297,645.61,461.07,912.07,624.05,771.51,237.92,104.76,178.15,370.28,184.64
"738","TRINITY_DN14525_c0_g1",1.11104610362953,0.278094306878995,4.08046181950067,0.00161387514869727,0.0142146940546852,-0.984337691332784,34.15,13.86,27.68,14.76,37.12,48.84,38.79,46.5,71.69,32.46
"739","TRINITY_DN14526_c1_g1",-2.30908526753092,-1.26030276708978,-3.67351818669664,0.0033335562731128,0.0230329597625608,-1.58628115408757,28,21,37,26,27,10,5,7,8,0
"740","TRINITY_DN14541_c1_g1",1.5143021700464,1.10881243089193,3.73645590722227,0.00297665188809989,0.0213101487563116,-1.67794373869486,72.8,24.3,22.57,52.37,28.26,193.14,90.9,109.99,72.3,61.27
"741","TRINITY_DN14547_c0_g2",-1.58061047751468,-1.5482792160089,-3.06817053579779,0.0100428741696169,0.0482759141811429,-2.49023078681487,17,10.49,14.63,19,29.13,1,5,7,7,3
"742","TRINITY_DN14554_c0_g2",-1.70308199313649,-0.863808535938932,-3.20521438218879,0.00781188108703499,0.0409617298953938,-2.30534881199325,36.02,18.16,47.04,34.48,15.99,2,8.08,9,7.97,11.33
"743","TRINITY_DN14560_c1_g1",-1.68928758134292,1.68460057487592,-6.28976974497589,4.55064468459761e-05,0.00147857894289097,2.38860265996133,239.74,141.43,159.4,93.35,185.24,43.44,27.03,40.97,90.71,45.61
"744","TRINITY_DN14560_c1_g2",-1.20625542227553,2.00136305945381,-5.11422734071249,0.000279465609666242,0.00453472970625195,0.537365175593098,273.14,140.19,169.53,99.32,181.4,65.42,53.06,62.98,104.11,70.61
"745","TRINITY_DN14561_c0_g1",-1.92342979392966,0.271427547272579,-3.96670960167517,0.00197329221116432,0.0162570943134563,-1.15484353490014,103,75,60,48,55,16,17,41,25,2
"746","TRINITY_DN14567_c2_g1",1.26764308689942,-1.51882885665221,3.17364927505471,0.00827684671898674,0.0424904171677591,-2.32927601232329,8,8,11,2,10,12,11,13,17,13
"747","TRINITY_DN1458_c0_g2",-5.36786562970599,-0.168336792556416,-3.22830942674815,0.00748848000236132,0.0398265293642744,-2.26442156423184,239.89,156.59,251.98,44.25,208.23,150.38,0,30.77,0,0
"748","TRINITY_DN14597_c0_g1",1.21287002846077,3.86199675233148,7.55380602352211,7.95401278581535e-06,0.000529268302437404,3.92482931788492,178.69,236.75,340.18,305.6,263.8,635.77,588.41,627.46,662.81,481.4
"749","TRINITY_DN14610_c0_g1",1.58509578012369,5.68863129869767,4.86566236758859,0.000420522663057289,0.0058753270399047,-0.395200639019893,662.41,540.67,811.56,683.6,1771.94,3089.72,1427.1,3999.34,1806.66,2503.27
"750","TRINITY_DN14612_c0_g1",-2.47188452944775,-0.197087984216924,-5.67582769629784,0.000114618069828462,0.00259677879357979,1.46049571896495,61.52,78.03,29.5,55.09,71.82,8.09,13,6,9.14,7.13
"751","TRINITY_DN14620_c0_g1",1.30577824880813,-0.884118442786382,3.4967567921578,0.00458968949108487,0.0285958042403229,-1.84162107163625,8.01,8.99,10,11.01,16,16,15.01,25.99,44,13.01
"752","TRINITY_DN14639_c0_g1",1.6767311481644,2.09019549991171,4.34314678630145,0.00102021252037655,0.0105231958730131,-0.765564089976032,81.1,57.52,154.64,22.99,68.77,118.92,255.7,242.92,269.71,199.65
"753","TRINITY_DN14650_c0_g2",-1.5130501864312,1.37105676220596,-5.26718385904258,0.000218268446275489,0.00389368286696298,0.86385477438508,104.47,113.18,115.16,91.84,181.29,53.61,28.81,41.32,25.48,60.36
"754","TRINITY_DN14652_c0_g2",-2.52988259351053,-0.857366525805375,-5.55204673351753,0.000138965493552286,0.00292623776995834,1.0797660813443,66.77,33.05,35.02,22.91,35.73,4.24,5.14,2.1,5.19,9.53
"755","TRINITY_DN14661_c0_g1",-1.40293445947344,3.13059461716644,-5.25516207620559,0.000222523294313517,0.00393986474642139,0.607213091785828,558,432.4,424,209.02,411.3,181.08,82,119,273.75,123.01
"756","TRINITY_DN1467_c0_g1",1.94283459456303,-0.611931321842753,3.22424125354702,0.00754444836532655,0.0400296961153457,-2.29481994328191,3,8,15,20,16.02,73,34,30.05,27,17.02
"757","TRINITY_DN14670_c2_g1",-1.30632425782729,1.14083759833061,-5.78464737184228,9.69356925225041e-05,0.00233810609844413,1.67619479930381,132.91,106.04,84.92,62.34,103.79,32.66,24.41,42.67,58.93,27.37
"758","TRINITY_DN14670_c4_g1",-1.00452535714428,-0.0586973431605947,-3.17968387416137,0.0081858434045052,0.0422104862167655,-2.48770105318255,61,40,25,35,38,22,7,20,16,22
"759","TRINITY_DN14673_c0_g1",-2.62196799530309,-0.872800693054471,-8.63828058627716,2.07372110093087e-06,0.000243957778507003,4.01491747312479,39,40,41,29,43,6,3,4,6,4
"760","TRINITY_DN14690_c0_g1",1.79816746762454,1.22984928706551,4.40294296188795,0.000920152547968744,0.00983678075191334,-0.535872194939086,30.75,36.91,62.64,49.56,18.18,187.42,70.21,122.41,208.85,57.78
"761","TRINITY_DN147_c0_g1",1.0780539568401,9.80264105906777,7.91197303984542,5.02882390673705e-06,0.000411807954864532,3.95078466033671,19348.01,21045.28,13626.66,15513.55,13722.65,36617.16,31025.83,34973.39,49381.19,33025.73
"762","TRINITY_DN147_c4_g1",2.95198295920062,-1.27459781781137,4.1294876144088,0.00148056909453313,0.0134623630579389,-0.979562799385173,0,4.27,10.14,8.62,9.42,24.59,24.98,29.89,58.37,16.7
"763","TRINITY_DN14700_c0_g3",-1.58238755561478,2.78279743105367,-6.83305946396202,2.09704267995743e-05,0.000934609057120218,3.06602556466885,453.62,280.49,291.74,318.02,312.36,130.36,63.26,119.49,207.81,59.64
"764","TRINITY_DN14716_c0_g1",-1.156990723686,4.12074612061316,-6.6057373280534,2.88619452653695e-05,0.00112452010381713,2.56293698460872,825.18,572.74,784.87,488.37,936.8,302.81,273.94,313.22,303.48,408.5
"765","TRINITY_DN14716_c0_g3",-2.51721757471971,2.04460326966873,-6.0885812622748,6.12412590669199e-05,0.00177368121507393,2.08247139478623,270.78,305.85,344.02,102.65,442.94,44.65,31.92,37.53,58.67,56.1
"766","TRINITY_DN14722_c0_g1",2.33632374573542,0.42543263561181,5.78868847574001,9.63374770489759e-05,0.00232780618132867,1.69915138730858,26,13,19,39,7,63,84,89,81,83
"767","TRINITY_DN1474_c0_g2",1.4265522180992,5.80066282189121,12.9454333737114,2.82041242894294e-08,2.67516718381703e-05,9.58551443412806,957.24,947.75,848.01,983.36,913.93,2540.13,2166.52,2047.99,3414.2,2253.29
"768","TRINITY_DN1474_c6_g1",-1.1305043029712,0.808515534008192,-4.79550177061142,0.000472662523954019,0.00630576093705741,0.153664778791334,86.2,69.99,84,39.51,88.34,28.68,22,41.25,31.57,29.62
"769","TRINITY_DN14752_c0_g1",2.91963410383571,-0.883806939288322,3.05693292944618,0.010252092344065,0.048932092234598,-2.51031267078403,10.31,2.08,101.61,6.85,0,38.9,19.74,51.92,73.97,26.86
"770","TRINITY_DN14783_c1_g1",1.69503265848044,-0.757149013964238,3.83436137897913,0.00249767723009702,0.0189234102552176,-1.29637870962112,15,3,11,14,16,33,22,23,39,21
"771","TRINITY_DN1480_c0_g1",-1.44503585986115,8.72436022930492,-14.3852647441677,8.81513635156134e-09,1.36989737513649e-05,10.6781779667375,18783.93,19885.59,16666.71,18255.65,20332.67,6946.93,6988.47,7746.2,6501.69,6831.11
"772","TRINITY_DN14800_c0_g1",-2.94900814011586,0.0305214101305973,-3.60188349964921,0.00379368505904708,0.0251507389704386,-1.69296108397086,233.99,36,78.95,32,141,7,3,10,22,6
"773","TRINITY_DN14828_c0_g1",-1.7034212294488,0.351397618611357,-4.06817966877988,0.00164918131480474,0.0144190035192967,-1.00025881789006,40,49,54,81,128,21,9,14,19,28.01
"774","TRINITY_DN14844_c0_g1",1.12297097606199,1.68586327349721,6.08912389664795,6.11917696968019e-05,0.00177319208608351,2.08724341609534,54,47,77,55,74,145,140,134,129,97
"775","TRINITY_DN14861_c0_g1",1.98560394303272,-0.62706377246496,4.89752168864885,0.000398874079685614,0.00569933026205807,0.33012517014379,5,14,11,13,10,54,30,30,29,25
"776","TRINITY_DN14872_c0_g1",-2.65391290504935,-2.05342918222469,-3.98128555391807,0.00192295041065773,0.0159608111988532,-1.38033065913893,20,15,18,11,25,3,0,3,1,8
"777","TRINITY_DN14875_c0_g1",3.4588516904657,-0.367383852850559,7.22846711294839,1.22229226319689e-05,0.000673956534437971,3.00408595545517,12.23,12.57,5,2.37,7.9,47.75,73.07,69.91,115.22,50.33
"778","TRINITY_DN1488_c0_g1",-1.20152279320918,0.187976046594696,-3.0430956142806,0.0105157347736002,0.0497778193065556,-2.75746755771363,69.23,41.07,70.64,19.53,64.24,12.05,10.53,16.72,45.53,19.69
"779","TRINITY_DN14883_c1_g2",3.37396651933808,0.0262581361925864,6.14406333085437,5.63945330440442e-05,0.0016956080966272,2.04342922743784,9.11,5.1,14.27,20.18,6.02,93,117.41,110.38,104.48,37.21
"780","TRINITY_DN1489_c0_g1",1.03840286634803,4.52696353845962,5.07458214328463,0.000298113895813908,0.00472470262063821,0.0844016505116176,483.93,403.83,352.86,482,473.78,1360,649,617,1196.96,817.92
"781","TRINITY_DN14891_c0_g1",2.89505998446192,-1.51303429407825,3.3191667034361,0.00634233907287196,0.0355203239272529,-2.16226128906195,5.77,3.09,9.47,0,11.66,63.93,14.84,13.71,24.33,28.09
"782","TRINITY_DN14896_c1_g1",-2.10510303548375,2.27997333350172,-7.959685769123,4.73613195817723e-06,0.00039665336886832,4.59331003022243,388.85,275.3,293.12,167.71,287.42,74.47,50.25,82.58,94.47,28.17
"783","TRINITY_DN149_c4_g1",-1.35455376455213,1.38165593743829,-5.38833450417902,0.000179882685700094,0.00345414422365481,1.0517549031487,110.81,90.09,138.51,106.36,130.05,23.47,37.67,33.11,83.1,50.72
"784","TRINITY_DN14903_c0_g4",-1.42598692198937,-0.313801590935514,-4.43103222697602,0.000876734647817769,0.00953348145330993,-0.356646206776379,41.22,29,43.68,45.69,31.02,12,16.14,10,20,4.61
"785","TRINITY_DN14924_c2_g1",-1.61955858449745,3.04415418082139,-5.4973494847371,0.000151415921168976,0.00309013576856535,1.02057365368731,561.1,317.17,402.82,216.23,614.96,110.73,74.05,136.38,242.03,111.92
"786","TRINITY_DN14940_c1_g1",-1.51068647345271,-1.08976281290925,-3.44398709773496,0.00505166617650106,0.0305226810715473,-1.91117641035024,15.6,21.3,22.58,24.51,35.39,8.36,1,5.55,10.64,9
"787","TRINITY_DN14947_c0_g2",-1.0191143669935,2.32905676945218,-5.82882463775015,9.06040424584771e-05,0.00225436618177449,1.62652282764013,216.56,181.66,242.01,153.48,187.88,89,53.22,99.7,158.79,90.83
"788","TRINITY_DN14948_c0_g1",1.52833141739509,0.73544403431287,5.0276243178661,0.000321909749071396,0.00496286654244396,0.536245162436423,25,35,31,36,18,49,84,61,110,81
"789","TRINITY_DN14951_c0_g1",-1.06159763679563,1.842294317454,-5.8438401628489,8.85530343287011e-05,0.00221855738837973,1.70513381031897,144,107,182,140,137,72,73,48,71,67
"790","TRINITY_DN14965_c3_g2",-1.72642683720098,2.74029466845122,-5.07648390750525,0.000297190078451397,0.00471817441828661,0.38234343572519,407.37,290.79,480.42,151.1,447.1,86.03,48.9,88.4,191.34,119.05
"791","TRINITY_DN14968_c4_g1",-1.18063209777357,0.969076374694145,-4.88470861587214,0.000407436482493868,0.00576543420925532,0.284520522767156,86.58,70.86,78.45,92.4,78.98,26.95,37.42,18.38,48.96,43.36
"792","TRINITY_DN14982_c0_g1",-1.57981661846415,-0.918480838075203,-3.96767700101148,0.00196990920939489,0.0162341411830602,-1.08729341635383,31,19,22,20,47,7,2,7,10,11
"793","TRINITY_DN14990_c0_g1",1.35839331930147,-1.26818712790437,3.04893051653643,0.0104037422959132,0.049410653899345,-2.53492420572936,11,6,7,13,6,18,8,18,36,9
"794","TRINITY_DN14994_c0_g1",-1.2119173884817,0.282533633729633,-3.91408123874775,0.00216668440210528,0.0172721869141006,-1.26423028957645,82,39,48,41,58,38,7,20,23,21
"795","TRINITY_DN15002_c1_g1",-1.44063033121671,1.16240883265642,-5.25290915909832,0.000223330351350306,0.00394901207421797,0.859853348084442,125.92,104.62,128.27,52.1,117.01,26,23.39,37.64,65.92,31.01
"796","TRINITY_DN15010_c1_g1",4.75849701930803,0.324879295409264,3.71384322359213,0.00310013233106891,0.0219099918943827,-1.48599883200489,2,11,4,11,24,692,88,128,111,169
"797","TRINITY_DN15018_c0_g1",1.28824753314947,1.62985416930669,3.74555104328769,0.00292842246579892,0.0210894005988175,-1.75299648474285,52,48.94,101.77,81.62,26.61,104.57,122.69,159.91,206.59,81.6
"798","TRINITY_DN1502_c0_g1",-1.05996129594317,0.0432086749496381,-3.76995046927012,0.0028029677962532,0.0204721661616769,-1.4848195739102,50.57,39.96,41.53,38.38,41.68,21.62,5.24,14.55,32.82,22.4
"799","TRINITY_DN15020_c1_g1",-1.37525252126001,-0.957619705216733,-3.22172888889767,0.00757922362546226,0.0401520943033523,-2.27874996362873,36.61,13.66,23.4,27.74,22.78,5.89,14.15,8.99,9.83,2.35
"800","TRINITY_DN15022_c0_g4",1.94459349557579,0.972036365609273,3.12342279724402,0.00907498595290159,0.0452012418465449,-2.72586432565297,63.58,49.22,6.24,15.66,52,70.04,253.64,74.19,147.15,59.02
"801","TRINITY_DN15028_c0_g1",1.06591077925322,1.13119569520094,3.33637652814173,0.00614614831621636,0.0348381091100745,-2.39982317673242,23,53,63,23,77,101,86,77,96,66
"802","TRINITY_DN15031_c0_g1",1.65687393098286,0.153613079473262,6.4259806489878,3.73347191007837e-05,0.00131435126641471,2.5678931020159,31,17,23,9,17,58,38,61,55,50
"803","TRINITY_DN15042_c0_g1",-1.89904670795804,-0.409533096451458,-5.56804130138252,0.000135532896689775,0.00288297605938739,1.30833753084443,40.93,50.93,32.82,45.22,38.38,7.18,9.09,16.35,12.33,3.12
"804","TRINITY_DN15050_c0_g1",1.87218849793409,-0.579829247644257,5.62499380355912,0.00012402072938718,0.0027211018523994,1.35988853136478,18,8,9,10,10,36,18,28,59,31
"805","TRINITY_DN15097_c1_g1",-1.6809440771104,-0.442523777785523,-3.30814661931039,0.0064712940186156,0.036022940637245,-2.18371575164568,51,23,73,37,22,4,5,21,12,13
"806","TRINITY_DN15099_c0_g2",2.36913069047875,-0.457475238005984,6.14640758434742,5.61989386870013e-05,0.0016922464836848,2.00809933754652,9,9,30,6,6,39,40,43,56,38
"807","TRINITY_DN15114_c2_g1",2.85316154359537,-1.62389018241525,5.25689641299141,0.000221904102497808,0.00393146125047502,0.240130699442083,5,6,3,5.52,2,20,11.41,21,31,27
"808","TRINITY_DN1513_c1_g1",1.30773821001851,3.20345447863568,6.71949240494254,2.45777886223357e-05,0.00102118838725657,2.84699501098044,146.37,145.55,193.66,180.61,137.17,270.34,341.47,459.57,484.27,453.09
"809","TRINITY_DN15139_c5_g1",-1.22993309200222,-0.381371039195624,-3.53678617673921,0.00426818543038712,0.0272926021331044,-1.82311556256993,32.7,26.87,48.89,21.02,48.08,12.59,3.07,14.64,23.39,11.7
"810","TRINITY_DN15150_c0_g1",-1.62492609747886,0.104538329400984,-4.8395381199635,0.000439193893378437,0.00602780596889896,0.275648994425213,43,40,74,70,45,11,16,10,18,23
"811","TRINITY_DN15166_c0_g1",-1.05407380204368,-0.0562608072881386,-3.44368544978499,0.00505443904333433,0.0305326514888935,-2.032645824095,32.96,38.3,42.37,26.01,61.51,17.05,19.66,8.59,20.51,19.13
"812","TRINITY_DN15176_c0_g2",-1.97930577238368,0.627270923201015,-5.95796327307181,7.44854264263338e-05,0.002007689930594,1.9458763902109,98,99.77,50,65.76,133.42,15,14,19,31.69,19
"813","TRINITY_DN15186_c0_g1",-1.84194158758126,2.95254933880458,-7.9447073360043,4.82600009853042e-06,0.000399529636771945,4.5381535375357,544.49,356.74,419.31,301.84,416.72,99.24,59.28,86.63,237.24,116.93
"814","TRINITY_DN152_c4_g1",-1.31149464414164,1.38884885322076,-6.62339297442134,2.81479220744512e-05,0.00111264071915078,2.87021241592937,123.59,127.73,91.69,114.54,113.22,32.35,32.39,47.01,71.49,37.66
"815","TRINITY_DN15203_c0_g1",1.76801675065797,0.0592759685621958,3.23013411908777,0.00746351318833253,0.0397364864748037,-2.39778972431954,28,32.06,23.81,8.02,7,18,58.07,65.05,86.09,51.04
"816","TRINITY_DN15212_c1_g1",2.10686626949779,0.964344400208077,3.53430679725824,0.00428741367479877,0.0273672945881915,-1.99678320109708,9.9,49.02,11.62,54.53,54.68,68.22,69.95,227.72,179.83,66.06
"817","TRINITY_DN15220_c0_g1",1.89568091147252,0.587811879818606,4.54693799603175,0.000718976492223896,0.00833400886544463,-0.223694667869538,27,20,7,35.45,42.11,84.94,80,104,73.55,49
"818","TRINITY_DN15232_c0_g1",2.61206772233274,-0.141829523067257,5.35743622351604,0.000188941635659108,0.00355473002598912,1.02969257060988,8,13,11,16,10,61,22,49,125,70
"819","TRINITY_DN15245_c0_g1",1.99103083979662,0.0409178077704855,3.71338248509642,0.00310270228395368,0.0219196103294616,-1.55898209259909,16.31,64.52,14.48,12.87,4.9,38.56,52.93,73.92,55.6,48.15
"820","TRINITY_DN15247_c0_g1",1.11224700827808,1.98516069798033,4.44148655545333,0.000861125754456006,0.00941534021692833,-0.594130544436802,73,79.44,76,36,132,170.65,173.68,117,191.06,149.54
"821","TRINITY_DN15258_c0_g1",-1.01172181000589,0.175685698694902,-3.37281266429934,0.0057508691063258,0.0333435157831965,-2.18742599723905,56.46,33.85,55.98,37.49,45.41,38.26,7.96,17.71,19.46,25.71
"822","TRINITY_DN15279_c1_g2",-1.03815350521638,-0.518059447366776,-3.50098173463503,0.00455461911624648,0.0284616599668845,-1.8726201519854,32.83,25.01,29.99,19.81,41,11.37,4.95,14.56,23.74,7.96
"823","TRINITY_DN15280_c1_g1",1.40326632780393,-1.53679254206281,3.20122564708178,0.00786914881873798,0.0411707265679086,-2.28715219910552,11.77,6.45,5.13,6.33,4.1,24.77,12.89,10.81,13.41,9.49
"824","TRINITY_DN15282_c0_g1",-2.54907729756114,-0.660485347430643,-3.70381628324813,0.00315655892337151,0.0221705057336131,-1.50170609180206,72,25,90,39,20,6,7,4,4,10
"825","TRINITY_DN15284_c0_g1",-1.6153200271318,1.37870103634116,-5.13837409519796,0.000268712856655547,0.00442300886899653,0.660786192390906,198,119,111,74,153,39,32,44.15,78,17
"826","TRINITY_DN15284_c0_g2",-1.18159300718826,0.530616204463016,-4.75058947951005,0.000509564021118411,0.00662579408860901,0.104633573441807,102.78,46.29,64.1,38.82,64.33,27.01,21.34,23.76,29.13,19.66
"827","TRINITY_DN15292_c0_g1",1.08764204841142,5.96857651643803,8.6352489180449,2.08116065575646e-06,0.000243957778507003,5.1215844552841,931.34,1054.16,1290.5,1478.43,1177.33,2272.53,2187.03,2828.06,2709.3,2292.67
"828","TRINITY_DN15295_c0_g1",-1.25433900561556,0.278421390026019,-4.83957494927655,0.000439166967126272,0.00602780596889896,0.264434540639955,75.56,45.27,71.79,29.26,51.58,21.93,15.08,17.38,27.95,16.05
"829","TRINITY_DN1530_c0_g1",1.26764991599142,3.30487070162959,5.47017712330669,0.000158034512885084,0.00317769138274772,0.923372594467873,218.4,149.86,136.76,298.27,120.3,442.53,279.03,494.62,527.05,365.64
"830","TRINITY_DN15330_c0_g1",-1.36404780491702,0.0711212661827664,-4.20725783253845,0.00129206026978106,0.012311921887467,-0.746518311495082,43.57,43.71,56.76,28.79,74.53,15.36,8.08,33.39,17.43,12.24
"831","TRINITY_DN15333_c0_g1",-2.19320772647167,-0.421202812567073,-3.1960215765025,0.00794450384127143,0.0414255113057803,-2.34578275700047,62.33,29.13,68.25,92.65,18,7,6,15.04,14,2.01
"832","TRINITY_DN15359_c0_g1",2.74212989746635,-0.777879942689222,3.7465767743113,0.00292303389872183,0.0210658226083102,-1.44077962358987,4,9,13,5,7,56,11,51,32,79
"833","TRINITY_DN1536_c6_g1",-1.11933291590413,2.56782615860992,-7.90103458218184,5.09861982233313e-06,0.000416394941075858,4.49923461349646,316.79,233.94,216.67,215.37,212.9,114.76,82.98,99.94,146.02,99.16
"834","TRINITY_DN15360_c0_g1",-1.66442605314737,1.52156012504402,-3.9226202873896,0.00213402261234841,0.0170844309549959,-1.40833488758393,175,161,239,43,165,46,28,39,53,47
"835","TRINITY_DN15382_c0_g1",1.33186640872644,1.98526801163262,8.1930580205295,3.54515103465569e-06,0.000338288263027996,4.87788876752012,53,87,72,65,73,198,138,181,185,152
"836","TRINITY_DN15393_c1_g1",1.30518245636961,1.18749039022452,4.30980379254928,0.00108086858515445,0.0109661487064234,-0.699178369841445,56.84,51.38,36.08,32.37,33.81,157.96,78.75,79.2,154.53,47.36
"837","TRINITY_DN15412_c0_g1",1.49321706612088,-0.0269918078407709,4.3932701747501,0.00093561795860295,0.00994123781722466,-0.432940334063168,26,7,24,22,15,38,51,42,48,36
"838","TRINITY_DN15413_c0_g1",1.80099941104147,1.11040931645679,8.45264581789053,2.58669160115205e-06,0.000282515547948316,5.12031263120724,31.09,22,46.9,30.57,38.02,123.79,107.03,122.65,115.94,77.82
"839","TRINITY_DN15426_c0_g1",1.04174479393464,2.87823888327608,6.67794047674818,2.60583694341364e-05,0.00106247434174821,2.82199028540521,152.02,148.09,125.2,121,150.71,238.99,311.27,343.57,287.28,267.23
"840","TRINITY_DN15436_c0_g1",-1.2138688219109,2.25747833905551,-6.34466615040175,4.20047035209697e-05,0.00141308425408739,2.41208310393391,254,172,177,190,197,118,48,95,79,91
"841","TRINITY_DN1544_c0_g2",-1.41868940853152,4.19363809862046,-8.67249769447378,1.99170586476517e-06,0.00024018021564557,5.32199421618354,734.78,717.88,1172.15,597.01,978.92,277.59,223.43,349.93,412.28,284.91
"842","TRINITY_DN1544_c0_g3",-1.17797568334463,2.77488166301206,-4.65323310251704,0.000600309987940865,0.00738783569321953,-0.35460879584594,332.52,226.73,322.02,169.37,405.53,118.48,58.67,169.84,174.86,126.43
"843","TRINITY_DN1544_c7_g1",-2.93976290987403,-0.391258338663303,-5.02383075315608,0.000323917456056682,0.00498252102725651,0.478720182151717,77.13,47.97,99.04,22.03,79.36,4.98,7.02,3.38,12,5
"844","TRINITY_DN15449_c0_g1",1.87409106041193,-0.31905172757185,5.58659532988814,0.000131663051722062,0.00282668529303025,1.36034595324077,9,12,13,15,14,68,25,34,38,41
"845","TRINITY_DN15452_c1_g2",-1.10962535629283,0.774147590435152,-5.14098625218753,0.000267576040754152,0.00441289521912039,0.709502235184436,82.19,77.42,72.73,45,72.76,35.64,33,19.19,35,28.32
"846","TRINITY_DN15468_c0_g3",-1.85033513326333,0.590028956919569,-3.14638346193583,0.00870091958635895,0.0439396761427507,-2.62133109581172,164.18,42.72,38.74,97.37,122.97,41.06,3,20,33.82,22.76
"847","TRINITY_DN15473_c4_g1",-2.23698055914286,-0.965462464527917,-4.89916955584238,0.000397786676904255,0.00568919672455939,0.223179130400609,30,45,44,16,34,5,2,9,8,3
"848","TRINITY_DN155_c1_g2",-1.05094075814231,1.10416041848906,-3.89873582109042,0.00222668396177637,0.0175549452623538,-1.40065104085243,71.17,71.52,120.42,59.84,122.58,30.54,23.19,35.44,69.5,44.16
"849","TRINITY_DN15503_c0_g1",2.16455795902953,1.26767998739736,7.49979311134122,8.5345457535456e-06,0.000551309356390854,4.01358283709595,48.54,23,25,31,38.4,217.62,131.88,89.16,144.91,130.38
"850","TRINITY_DN15515_c0_g1",-1.3970781598887,1.4649960783223,-4.35629842821257,0.00099727244240314,0.0103490583102436,-0.652307559136417,88,181,105,98,177,34,27,47,96,35
"851","TRINITY_DN15523_c1_g1",-1.27609098949414,3.20564378887151,-4.19351640848673,0.00132346048505885,0.0124972811185479,-1.22998840564963,531.54,406.95,322.94,209.71,594.25,161.12,80.35,213.7,161.35,234.36
"852","TRINITY_DN15528_c1_g2",-1.36216819545238,2.55182321641096,-5.71055843059033,0.000108629962308429,0.00251622661143634,1.42130655323848,365,252,264,193.99,234.01,85,55,85,215,93
"853","TRINITY_DN15535_c0_g1",1.04906261016618,2.19202113651911,5.40032250028697,0.000176492492358744,0.0034194405196636,0.969832824244856,84,101,73,68,116,224,189,186,159,145
"854","TRINITY_DN15542_c0_g2",1.24678597958842,-0.252778057769545,3.53508322003104,0.00428138280692086,0.0273512675888222,-1.84825550042803,27,11,12,28,11,24,28,28,48,39.53
"855","TRINITY_DN15549_c1_g1",2.08381765502097,-1.4336446504217,4.26989289575648,0.00115844108347296,0.0114533577885208,-0.742077775953849,10.49,3.01,2.01,7.89,7.26,16.64,15.63,28.31,16.15,19.04
"856","TRINITY_DN15551_c0_g1",1.43228789035147,2.50861696240962,5.17925366199118,0.000251490450664944,0.00425543469489643,0.573997453045117,79.43,93,136.01,149.07,55.14,239.02,226.04,307.04,375,160.02
"857","TRINITY_DN15553_c0_g1",1.44640844490086,1.00372555756065,4.67784798112998,0.000575874010078206,0.00718732521389713,-0.0545069425583158,34.36,24.04,47.25,23.29,47.84,110.08,82.39,81.53,61.1,122.59
"858","TRINITY_DN15555_c0_g2",-1.30151457256991,3.96094067791244,-10.5868405348718,2.48225329486569e-07,8.28295944546255e-05,7.45846132121844,712,726,613,577,710,309,184,318,287,266
"859","TRINITY_DN15563_c0_g1",1.03922932174004,2.36860809471558,3.0517166034756,0.0103506905592524,0.0492377479629437,-3.14296507971908,95,76,112,111,106,365,235,242.1,187,80
"860","TRINITY_DN15567_c0_g1",-2.08858437101327,-0.692068643673548,-3.64705878461014,0.00349645191977215,0.0238106318227529,-1.59368951137287,42,29,70,13,49,14,2,10,5,8
"861","TRINITY_DN15569_c0_g1",-1.07241046953123,4.53319629270287,-3.36037828481327,0.00588277384009962,0.0338234621497736,-2.96524722809443,1014.36,851.79,1572.79,441.46,1100.13,439.78,209.85,543.39,860.5,332.97
"862","TRINITY_DN15588_c2_g1",-1.15258839648886,-1.09138410261511,-3.10441219229212,0.00939693131752696,0.0462625354174157,-2.46170632007308,20.8,18.99,22,14.55,28,13,7.39,3,13.2,3.37
"863","TRINITY_DN15589_c3_g1",-1.42004239165524,-1.16653338139187,-3.07593444649291,0.00990083911986705,0.0478553755059708,-2.49583529354929,31.97,13.46,24.75,21.01,16.39,15.42,5.2,7.6,3.19,3.31
"864","TRINITY_DN15598_c1_g4",1.5888888555164,-0.59829661923867,3.59095523366069,0.00386940005521241,0.0255228499753354,-1.7025970290219,14,5,16,10,17,40,11,35.26,55,21
"865","TRINITY_DN15601_c0_g1",1.0019250336128,1.82911327438855,3.06957999010282,0.0100169379573279,0.0481853075472735,-3.00609332780174,57,74,72,72,71,215,222,115,98,86
"866","TRINITY_DN15604_c0_g1",-1.1886296255532,1.35374794146032,-4.54282872747927,0.00072402938164016,0.00836640792368598,-0.325502591774782,168.04,111.58,105.62,66.45,94.98,32.51,58.44,38.06,64.19,33.99
"867","TRINITY_DN15606_c0_g1",-1.77382280915636,-1.385351162242,-3.07796721528871,0.00986398578074684,0.0477408836626269,-2.47700130869357,28,12,24,15,22,6,7,8,1,6
"868","TRINITY_DN15641_c0_g2",-5.16197472899024,0.264548600076617,-3.85853570046932,0.00239213046898708,0.0183970122694754,-1.27805635041758,207.52,223.86,169.58,131.76,280.34,256.5,0,115.45,0,0
"869","TRINITY_DN15645_c0_g1",-1.42368711364747,0.72615098456424,-6.15147670072285,5.57784537863894e-05,0.00168468911882555,2.2213896595334,72,79,60,70,100,23,19,33,41,16
"870","TRINITY_DN1565_c0_g1",4.36677215542562,-1.28762299131717,3.47735815108204,0.0047542867377756,0.0292987094895029,-2.00055837943977,12,1,2,8,1,152,31,58,28,34
"871","TRINITY_DN15653_c0_g1",1.07522058936784,2.00329472583858,6.79193399963979,2.22068325924761e-05,0.000965509057983509,3.06875345144191,84.62,67.08,81.79,70.49,76.99,122.14,169.79,150.83,200.47,152.9
"872","TRINITY_DN15661_c0_g1",4.50199144602451,-1.66102666195055,6.90782659166893,1.89068196020556e-05,0.000879692750192818,1.48476433615962,6,0,2,3,2,38.17,33.32,28,45,53.62
"873","TRINITY_DN1569_c1_g2",1.11171896182316,-0.884928926221032,3.2719385480693,0.00691402169050714,0.037719308697115,-2.21346359781028,17,16,12,8,6,20,19,20,19,20
"874","TRINITY_DN15694_c3_g1",-1.58174204809034,-0.589093020651051,-4.19869428905435,0.00131153656987308,0.0124213452153869,-0.719625278932195,23.16,29,58,30,34,10,6,12,14.16,4
"875","TRINITY_DN157_c0_g1",1.75169441778574,2.0051389645302,3.40337687484435,0.00543927711216631,0.0320702137027466,-2.41676003477564,127.05,58,18,73,81,227,397.27,95.11,212,171
"876","TRINITY_DN1570_c3_g1",-1.04117456860182,0.41247174820956,-3.90476113375968,0.00220292344575184,0.0174396076068593,-1.29798316739375,53.7,58.63,41.31,65.78,50.46,24.17,34.81,16.47,29.71,15.71
"877","TRINITY_DN15705_c0_g1",-1.18779442804241,0.343687160677004,-5.48786325171567,0.000153692637317828,0.00312090435704167,1.26047110651812,51.71,58.69,47.26,51.94,60.19,19.89,14.35,29.29,30.88,13.87
"878","TRINITY_DN15712_c0_g1",1.67520516561989,2.49723466967779,3.78074519846984,0.00274924159146911,0.0201897145489649,-1.83021205683055,102,157,50,47,122,479,375,133,226,288
"879","TRINITY_DN15719_c0_g1",-3.85879709890372,-2.2279307730303,-5.40932589648982,0.000173990742101141,0.00337862565284654,0.183214853394986,21,25,29,26,18,0,5,1,0,1
"880","TRINITY_DN1572_c0_g1",1.22831232132294,3.88550542098277,4.42209996084309,0.000890304786684425,0.00963098004227378,-0.94458982401187,270.79,264.47,123,397.67,357.01,492.78,469,680.9,904.79,568.81
"881","TRINITY_DN15728_c3_g1",-1.58090379926095,-0.756234688060108,-4.55091037018904,0.000714126956488036,0.00830136338754879,-0.184132298457702,26.2,22.99,24.06,33.23,41.14,6.65,10.24,4.75,10.45,8.27
"882","TRINITY_DN15731_c1_g1",-1.46031254790394,0.209040588692079,-4.55861115392505,0.000704822846014467,0.00822484861994698,-0.179493404476565,75,51,54,29,73,16,8,28,31,11
"883","TRINITY_DN15742_c0_g1",2.12869888585236,-0.808856383353103,5.87999960869638,8.3813267611148e-05,0.00214829756768989,1.57920154530997,13.92,9.37,7.06,7.67,5.3,20.98,28.67,28.27,46.8,30.14
"884","TRINITY_DN15747_c0_g1",1.69380257193454,-0.11893212723707,3.19854005824576,0.0079079455798841,0.0413167571916725,-2.42532924695225,42.89,8.97,18.86,23.1,5.15,67.78,33.73,63.76,45.05,20.96
"885","TRINITY_DN15756_c0_g2",-1.83748797563829,1.88429907013543,-9.93655591566959,4.85589623479213e-07,0.000118971645093053,6.76082663535436,174.02,189.84,186.11,163.73,244.39,56.74,28.29,45.95,79.46,53.94
"886","TRINITY_DN15756_c0_g4",-1.47287900356805,-0.196567434560926,-6.73162941905877,2.41624433719847e-05,0.00101080438631757,2.8985511110734,43.53,47.22,39.62,31.59,45.32,14.49,7,14.01,17.3,10.26
"887","TRINITY_DN15765_c2_g1",1.26382190776781,0.752380849472001,4.07207016349308,0.00163791194063125,0.0143435305688093,-1.05109550152233,36.68,21.58,25.37,47.43,31.09,54.07,65.8,61.26,143.13,45.19
"888","TRINITY_DN15779_c0_g1",-1.4578178243856,-1.55560350760693,-3.08919952159295,0.00966282070231459,0.0470856908098542,-2.45828683259065,13.07,19.24,30.04,11,14.07,7.39,2,5,6.63,2
"889","TRINITY_DN15782_c1_g2",1.41451351597671,-0.890467604339273,3.4954717210635,0.00460041119111437,0.0286417198920584,-1.83963106561784,12,5,13,12,10,20,21,27,16,29
"890","TRINITY_DN15786_c0_g1",-2.00817493408027,-1.61359861600643,-4.33032566704458,0.00104310554390403,0.0106846617021627,-0.71301110207119,22,27,14,11,24,3,2,4,3,4
"891","TRINITY_DN15793_c0_g1",2.59843312464823,0.383016978404444,5.74348072288758,0.000103258915823408,0.00243977223742441,1.62924814412448,35,14,7,18,14,104,116.39,107,85.39,39
"892","TRINITY_DN15802_c0_g1",1.19639722422011,1.51087031758008,5.34709998853155,0.000192078576067551,0.00359509491771857,0.969641556440913,68,53,39,77,38,127,116,100,141,95
"893","TRINITY_DN15825_c0_g1",1.36618036001633,1.02247877326299,4.62398011621392,0.00063076863441965,0.00764009175798849,-0.148190415230737,25,29,44,40,48,79,71,133,129,48
"894","TRINITY_DN15832_c0_g2",-1.14390050743224,3.3410690956521,-5.86956223907109,8.51531344470223e-05,0.00216242213487872,1.55342037962587,508.63,552.54,346.27,306.15,385.86,160.69,150.01,174.8,302.51,162.5
"895","TRINITY_DN15860_c0_g1",1.1995564691515,1.19284893226116,5.6415848243185,0.000120865225809659,0.00267670215676431,1.45508249552276,63.73,48.89,29.63,35.52,40.9,128.06,67.84,87.26,101.11,84.45
"896","TRINITY_DN15902_c0_g1",1.85258159250538,-1.02481916702137,3.54720184199557,0.00418836734607852,0.0269831789971436,-1.74836016198888,13,9,20,5,3,26,14,20,50,17
"897","TRINITY_DN15916_c0_g1",-1.18016085018259,1.74292434823246,-3.68000703938222,0.00329481054058437,0.02283486749655,-1.88831949660541,233.76,81,137.91,153.89,123.16,113,27.88,55.85,76.82,45.65
"898","TRINITY_DN1592_c4_g1",1.03039842562956,-1.14902552520539,3.2188592070871,0.0076191431055426,0.0403086093428234,-2.27711906054271,8.93,6.3,12.97,10.74,10.69,12.57,15.48,15.46,18.88,16.01
"899","TRINITY_DN15938_c0_g1",-2.2474870296159,0.0652646209838694,-3.44940599943267,0.00500211676223709,0.0303122157071165,-1.9984028161745,48.35,72.15,40.74,63.46,91.76,33.7,11.77,30.26,1.55,10.84
"900","TRINITY_DN15941_c2_g1",1.00032793378809,0.204170710805364,3.89833734061386,0.00222826464531408,0.0175638856329177,-1.28705177642367,22.39,16.01,30.63,24.54,25.41,43.23,55.55,37.27,52.13,27.3
"901","TRINITY_DN15944_c0_g1",1.3138981685659,4.10765594730855,6.10074599439017,6.01419448792537e-05,0.00176061445367139,1.80560221921008,254,276,314,381,272,1043,727,800,811,413
"902","TRINITY_DN15945_c2_g1",3.19321316873528,-1.69202826138193,4.63008940423664,0.000624276543014929,0.00757572897229531,-0.582443013847923,2.71,3.97,7.02,5.37,1.38,23.02,18.72,28.34,17.76,31.8
"903","TRINITY_DN1595_c2_g1",1.67582917906364,0.226230762475703,5.3825746177139,0.000181535970915884,0.00347550967760853,1.10470579024169,27.78,19.22,19.11,19.82,12.16,64.71,35.87,33.83,87.33,66.78
"904","TRINITY_DN15964_c0_g1",-1.0106840896284,1.26553892943102,-4.1887143582345,0.00133461956654886,0.0125699208388154,-0.920736706162859,130.02,99.33,83.31,67.2,100.84,53.68,36.35,35.1,86.42,24.99
"905","TRINITY_DN1597_c0_g1",-1.2280573442011,5.85278045321455,-18.8025497819633,4.3751220655268e-10,2.87186195474001e-06,13.739611362757,2607.91,2357.78,2477.92,2075.83,2631.49,1072.65,924.94,1058.71,1201.65,853.84
"906","TRINITY_DN15974_c0_g3",-1.71562538779065,-1.86037791123456,-3.91103533199755,0.00217845949869403,0.0173330296362591,-1.32924035705187,17,13,13,12,19.69,2,2,5,7,1
"907","TRINITY_DN15976_c1_g2",-1.12558036442744,-0.442480556998175,-4.27282467453906,0.00115255035778818,0.0114186459946188,-0.608110083308484,31,26.91,43,19.48,38,11,9,12,14,14
"908","TRINITY_DN15989_c0_g1",1.43422174791631,-1.38250653382661,3.09156002335344,0.00962107270537784,0.0469664122705265,-2.45837852757804,6,14,11,4,5,18,21,14,12,14
"909","TRINITY_DN16001_c1_g1",-3.06570526893944,-1.97058231850678,-4.85225419876612,0.000429999232262072,0.00595070464412836,-0.382592680522101,28,27.73,16,14,24,3,1,3,3,0
"910","TRINITY_DN16002_c0_g1",-1.0726371669692,0.515723163101953,-4.08899090368213,0.00158981906930357,0.0140994373061293,-0.994216130463613,56,68,54,59,56,37,11,35,37,15
"911","TRINITY_DN16005_c0_g1",2.37491672811029,-1.03340499975766,3.94140772575225,0.0020639386903062,0.0167344819165642,-1.15264037977572,3,10,15,13,3,23,30,17,54,23
"912","TRINITY_DN16016_c0_g1",1.01622494401968,0.48164031382646,4.90474562471326,0.000394130147824412,0.00565325233921877,0.353563199817381,25.97,28.59,30.65,24.94,30.23,74.68,42.15,49.32,48.51,48.89
"913","TRINITY_DN1603_c0_g1",1.16966032778701,0.327167560357947,4.05027192732065,0.0017020989255897,0.0147374231733012,-1.03992558596797,28,28,30,15,22,88,29,59,47,38
"914","TRINITY_DN16044_c0_g2",2.21013931029698,-1.61642808091703,3.04256013178548,0.0105260730126657,0.0498019865372215,-2.53487867641165,0,9.47,15,3.24,7,32.4,10.81,18.76,15,14
"915","TRINITY_DN16055_c0_g2",1.9374976731296,2.15169524613379,5.54261655015892,0.000141032290640203,0.00295932715502594,1.22058783497162,39.11,47.82,153.01,51.27,67,242.04,265.89,355.03,230.82,141
"916","TRINITY_DN16058_c1_g1",1.02900456777972,4.21634436892134,5.3727256851497,0.000184400236179735,0.00350321803913795,0.623826468979106,248.65,364.47,390.9,374.25,416.93,563.08,567.94,688.83,1217.37,671.15
"917","TRINITY_DN16075_c1_g1",-1.34976198567551,-0.0795222053901214,-5.37164918824598,0.000184716183242541,0.003505547077022,1.08483190084777,44.01,32.97,48.97,32.98,58.99,10.93,12.94,14,25,11.99
"918","TRINITY_DN16083_c0_g1",-1.12980899515688,1.17727467363437,-3.75304322100879,0.00288929705918163,0.0209200953602167,-1.66575508604115,88,99,108,55,127,36,51,37,76,17
"919","TRINITY_DN16086_c0_g1",-2.97766951095978,-1.08523341994752,-5.19427238770837,0.000245458706510608,0.00418700372073494,0.440519554039252,43.28,39.6,41.02,17.21,52.1,2.02,7.88,7.51,3.01,1
"920","TRINITY_DN16101_c0_g1",-1.61462164416113,3.48170389048061,-3.806547613131,0.00262507323492744,0.0195864032865591,-1.95878151292978,791.34,446.26,441.17,492.21,593.18,168.79,30.76,254.15,381.17,259.18
"921","TRINITY_DN16103_c4_g1",-1.60211220074277,-0.791334087927282,-3.99942514076188,0.00186214984490336,0.0156230436856607,-1.03458093954081,21,24,26,43,32,6,10,7,6,10
"922","TRINITY_DN16105_c0_g1",1.15044177971329,2.22913858711022,5.79833632031055,9.49250444071667e-05,0.00230633554907025,1.59179101822494,98.07,94,54,112,89,223.29,159,208,201,158
"923","TRINITY_DN16109_c0_g2",-2.11343344192474,3.71171116111997,-9.38115019106068,8.86353496331837e-07,0.000166526332915586,6.19892009784588,741.92,563.6,1189.66,538.8,843.84,175.46,94.84,194.37,223.72,194.36
"924","TRINITY_DN16113_c0_g1",1.24043786495608,2.16504685277328,4.83605822607849,0.00044174590825409,0.00604306927206508,0.0513569137146099,103,65,73,73,96,278,87,231,244,154
"925","TRINITY_DN16145_c2_g1",1.03800363059158,1.97598292597006,6.21524421184998,5.0765294075758e-05,0.00159790226277463,2.2462633502355,78.33,53.98,101.02,65.72,89.01,159.98,105.82,149.39,202.75,155.74
"926","TRINITY_DN16146_c0_g1",1.36934259952397,2.02893811519561,9.56380823748276,7.24995460353717e-07,0.000151269061745795,6.40796023117188,98,64.29,62,63,68,206,140.9,192,193.97,163
"927","TRINITY_DN16148_c2_g1",1.85296978331442,-0.650360619604526,4.66211944031907,0.00059136535666394,0.00731841150176304,-0.0149787651492037,10.3,7.82,9.01,8,16.34,21.06,51,34.47,36.26,20.69
"928","TRINITY_DN16164_c0_g1",1.24627548030704,-0.418532731222569,3.75035043506512,0.00290329698028708,0.0209738407461023,-1.46530841548976,19.98,10.85,19.3,13.61,10.94,19.7,37.63,24.37,49.47,22.99
"929","TRINITY_DN16168_c0_g1",-3.1555788648537,2.38039166205049,-9.39235171807526,8.7542047010285e-07,0.000165905905189422,6.2195563046556,606,403,347,254,603,25,44,65,58,45
"930","TRINITY_DN16207_c0_g1",-1.15006018067259,3.92236028561049,-4.99807815511456,0.000337899717029658,0.00511514152768164,0.0470175695101709,635,598,784,352,858,325,143,292,383,299
"931","TRINITY_DN16214_c2_g1",1.50221251859199,-0.983344810059146,3.46288518186629,0.00488100350444878,0.0298134461884973,-1.88725715088274,15.7,11.73,3.44,13.87,6.25,23.68,9.17,19.58,33.17,23.85
"932","TRINITY_DN16215_c0_g1",-1.74420240888524,3.60579928436173,-3.45490414675676,0.00495234897761964,0.0300930860509116,-2.61596189953666,567.23,337.74,331.63,692.01,1958.62,212.92,99.98,145.7,353.14,159.54
"933","TRINITY_DN16217_c0_g1",-1.17149849065886,1.86305276311014,-4.44819763994716,0.000851258762986568,0.00933107927803354,-0.561080754786523,197.27,158.34,108.58,96.19,203.28,61.78,67.11,58.22,54.59,83.24
"934","TRINITY_DN16221_c2_g1",1.00323443150485,1.01685713907309,4.01944448926407,0.00179735207407893,0.0152725787628851,-1.18067813111334,44.07,52.1,23.34,43.9,44,93.48,79,54.32,84.16,71.59
"935","TRINITY_DN16223_c0_g1",-1.23354061380395,0.367020146553177,-6.45145403356282,3.59879902332373e-05,0.00128862592282818,2.62398640443104,68,45,62,46,56,19,21,17,27,21
"936","TRINITY_DN16242_c0_g1",1.4199859987524,0.932011125861149,3.96444448830546,0.00198123684264509,0.0162979553047947,-1.25660825773391,45.86,23.42,43.06,57.6,15.11,102.01,81.05,107.86,69.99,61.35
"937","TRINITY_DN16246_c0_g1",-1.24212614217709,0.359430629927173,-5.65979058557137,0.000117500161697414,0.00263429386782071,1.51447842766353,48,59,50,63,56,18,21,22,21,21
"938","TRINITY_DN16250_c0_g1",1.23180538757114,2.66773459404688,6.63366434091388,2.77412115711711e-05,0.00110297678257863,2.78569954005487,94.07,86.63,167.01,109,124.71,292.03,221,213,302.04,308.57
"939","TRINITY_DN16274_c0_g1",-1.13047026807321,0.769681991983522,-3.1823400763361,0.00814610797490421,0.0420839969035215,-2.60862521225264,84,72,48,47,120,21,11,41.03,46,42
"940","TRINITY_DN16276_c0_g1",1.42507777463383,0.0460824290043487,4.71309595143415,0.000542680824202937,0.00689004498347851,0.0755280809291152,22.77,14.93,20.57,14.36,20.68,48.38,42.07,50.87,73.58,19.32
"941","TRINITY_DN1628_c0_g1",-1.45664268901642,4.31063098050534,-12.9102838173626,2.90572742019557e-08,2.67600088380012e-05,9.59635840873104,818.58,838,865.56,976,1001,280,313,333,385,322
"942","TRINITY_DN1628_c0_g2",-1.37714729220435,3.46518777567133,-8.77753086112782,1.76097653373369e-06,0.000225612571813321,5.5092382351154,425,423,468,565,541,146,185,182,216,207
"943","TRINITY_DN16285_c0_g2",-2.24471723272891,1.64691486562954,-10.0798490032611,4.17587345319848e-07,0.00010939990178169,6.8488123356302,231.62,144.02,193.23,134.59,246.93,44.44,20.57,40.03,53.68,32.17
"944","TRINITY_DN16292_c2_g1",-1.18993183884077,0.140636174825537,-3.2042731062866,0.00782535725137794,0.0410074900646532,-2.47125606552134,79.85,55.33,44.16,20.33,50.68,10.74,18.37,31.48,23.51,12.7
"945","TRINITY_DN163_c11_g1",-1.13876758139637,-0.312238412898438,-4.10724478940872,0.00153957515720466,0.0137844353072464,-0.883965620354769,35.27,43.75,30.47,23.77,38.72,23.19,7,12.65,12.97,13
"946","TRINITY_DN163_c8_g1",-1.1067467466514,1.22062074058048,-5.8219886671484,9.15544118506154e-05,0.00226763935107779,1.72547107138293,91.6,86.72,118.71,90.77,88.57,42.6,34.52,43.66,67.4,24.36
"947","TRINITY_DN1631_c0_g1",1.18095059408846,0.26450605399315,4.32979486130283,0.00104406479014508,0.0106884166561369,-0.56459946881149,16,33,21,22,26,51,30,57,45,56
"948","TRINITY_DN1631_c0_g3",1.28328369719622,0.803354279663695,4.9431833972178,0.000369865751594567,0.00541919720342769,0.393681074676017,28.05,30.1,42.55,30,29.44,108.44,56.03,47.01,76.04,85.01
"949","TRINITY_DN16318_c0_g1",1.10055924709591,0.017396336042078,3.75308019471458,0.00288910531507293,0.0209200953602167,-1.51289520981296,19.12,21.67,21.19,19.87,18.24,43.66,19.56,27.78,52.66,59.02
"950","TRINITY_DN16326_c0_g1",-1.86307775626216,4.84852027962064,-6.54275261402442,3.15705459316712e-05,0.00118916451784593,2.40174321914132,1520.39,1433.3,2421.53,836.2,1753.72,403.67,178.62,517.21,611.94,490.26
"951","TRINITY_DN16351_c0_g1",2.32192270818586,1.09075831362549,5.71549108476219,0.000107806739857912,0.00250717805882344,1.58444297220937,57,27,20,20.01,23,157,52,189,126,172
"952","TRINITY_DN16353_c2_g1",-1.49505924798517,1.61976694337945,-6.16313292097361,5.48241957632785e-05,0.00167069343194671,2.20663729544177,157.58,98.3,191.69,124.08,147.1,27.74,41.24,58.61,81.59,42.6
"953","TRINITY_DN16360_c0_g1",1.5364877284414,0.704389303826601,6.26444915086552,4.72250594885357e-05,0.00151507576363405,2.37943306172944,36.04,22.86,31.91,14.63,37.53,96.4,66.95,74.86,95.68,45.45
"954","TRINITY_DN1637_c1_g2",-1.38743859158301,0.136129557768118,-5.24518307351314,0.00022612157295981,0.00397767738514134,0.898557530162587,64.17,44.04,47.46,35.41,61.29,28.65,11.4,9.78,20.76,18.34
"955","TRINITY_DN16373_c4_g1",1.12076888622514,1.83497271529494,4.40098420327364,0.000923262662700656,0.00985616869223776,-0.640488479694437,65.85,91.08,59.4,75.33,50.04,151.1,154.79,195.36,112.59,112.53
"956","TRINITY_DN1638_c2_g1",1.36449020067461,0.907107536587606,3.43045514050548,0.00517759567979017,0.0310605754926422,-2.1901398513769,34.5,41.16,45.05,18,34,38,54.56,161.05,128,72.13
"957","TRINITY_DN16386_c0_g1",2.17829877132902,1.00469898443174,4.26017539563332,0.00117819105837679,0.0115929562137348,-0.73984901374223,20.98,7.32,78.08,47.36,28.51,186.39,65.42,152.37,131.57,76.57
"958","TRINITY_DN16387_c0_g1",-2.4190926718285,-0.260701090968009,-3.15864344765965,0.00850758975343869,0.0432625574307483,-2.41966268548444,86.74,46.31,39.74,46.13,63.93,25.84,29.89,16.54,10.04,0
"959","TRINITY_DN16389_c2_g1",1.41656046284405,-0.825915187917844,4.05341528753187,0.0016926845302923,0.0146766785090274,-0.949193260303966,7,9.48,13.54,8.97,15.45,33.2,13.04,16.99,36.47,21.4
"960","TRINITY_DN164_c6_g1",-2.17404357224138,1.7514195395761,-9.2231312069086,1.05727740714972e-06,0.000179484917113153,6.01137714500518,187.1,233.57,200.84,235.38,135.76,42.24,30.73,42.58,50.97,37.9
"961","TRINITY_DN16412_c5_g1",1.37582682293055,-0.973782055667784,4.63596252500868,0.000618101312324512,0.00752274524024223,-0.0723921319043903,7.31,10,12.24,7.33,11.94,24.59,13.98,17.43,30.99,17.22
"962","TRINITY_DN16421_c0_g2",-1.95076371442235,-0.695426236525139,-3.83249825614619,0.00250600843833848,0.0189653965451048,-1.29857272691842,22.54,48.72,44.97,16,59.1,13,4.02,6.01,8.02,5
"963","TRINITY_DN16436_c0_g2",1.45050206906907,1.19740374526142,3.13940317880406,0.00881296569444252,0.0443551417679673,-2.7539426918935,54,89,25,61,14,139,68,92,181,58
"964","TRINITY_DN1644_c1_g5",-1.40618128670408,4.16916529738042,-6.35706002960649,4.12545008572825e-05,0.00139892366342173,2.19403761489275,920.98,813.26,574.67,614.26,1245.5,317.91,220.02,281.04,502.09,233.32
"965","TRINITY_DN1644_c4_g2",1.34232522053327,0.676805842908691,3.67026558096747,0.00335315361785082,0.0231096526138525,-1.73462309153123,33.28,34.48,29.31,28.82,18.84,91.71,106.12,33.24,61.75,68.22
"966","TRINITY_DN16445_c2_g1",2.02780095209741,-1.00855697664071,5.06532732664213,0.000302652936154616,0.00476871258701788,0.467532264423628,9.82,6.09,6.98,3.21,15.19,17.84,29.43,22.49,34.17,26.09
"967","TRINITY_DN16447_c1_g1",1.18794943747354,0.182740919998596,4.49115715360113,0.000790829385311379,0.00888045287564468,-0.292088454479665,18,19,28,23,21,43,48,41,38,55
"968","TRINITY_DN1645_c3_g1",-2.38977397574371,0.690010102031529,-7.41746365157604,9.50834817379559e-06,0.000581088275866198,3.85457290645073,110.51,73.54,131.76,62.42,155.07,13.1,15.29,13.25,34.31,15.21
"969","TRINITY_DN1647_c0_g1",1.95555634070205,5.20985561387246,6.57046479698009,3.03468622597758e-05,0.00115587968149262,2.40115429972248,729.25,502.92,420.52,350.9,651.06,2159.86,1538.24,3009.62,3074.64,897.58
"970","TRINITY_DN16471_c0_g1",-1.22992303434392,2.9261679093418,-5.30942619968285,0.00020398557742941,0.00373684617093907,0.72248175308883,406.36,272.51,414.42,179.76,377.14,131.54,83.58,136.25,232.01,116.48
"971","TRINITY_DN16475_c0_g1",-2.04081195598365,-0.0981639595927984,-6.2073810094102,5.13567093371129e-05,0.00160769764053443,2.21863026513173,67,53,68,28,60,20,8,7,16,7
"972","TRINITY_DN16482_c0_g1",2.31475476623911,-1.63618136560492,3.70930426488628,0.00312554583285984,0.0220237807222542,-1.58764712275023,6,5,4,10,2,23,23,21,13,11
"973","TRINITY_DN16488_c1_g1",-2.15862988308636,-0.066477419880996,-6.25083653472922,4.81774130407211e-05,0.00153690186081986,2.27165637932943,75.87,51.74,74.3,31.52,61.73,7,4,14,21.05,11.87
"974","TRINITY_DN16490_c0_g1",-1.46110324855697,-0.29682099737284,-3.11731952334169,0.0091771161432487,0.0455472692898476,-2.53502825196987,60.82,46.44,19.08,30.59,51.02,18.68,2.01,7.62,23.49,17.23
"975","TRINITY_DN16511_c0_g1",-1.08245206410354,0.4302300684599,-4.74964403539337,0.000510372535556556,0.00662838409299346,0.109849377186104,74.68,45.4,52.78,45.76,60.25,22.54,11.34,25,41.07,22
"976","TRINITY_DN16513_c0_g1",-1.10514722949476,1.53698715460051,-4.72842914856948,0.000528872896255896,0.00678281671781524,-0.0388768354483471,125.78,98.94,130.67,118.89,116.62,61.03,21.14,46.92,101.35,52.19
"977","TRINITY_DN16513_c5_g1",2.37839104386137,-0.704925737790527,4.86323277869441,0.000422223434596773,0.00588007290494195,0.234867354311578,15.74,8.72,8.45,2.63,10.39,29.12,51.83,20.22,52.3,38.93
"978","TRINITY_DN16533_c1_g1",1.92891160935346,-1.9880875140868,3.32037837181729,0.00632832040827187,0.0354812571205356,-2.17764860813946,6.13,3,5,1,10.09,14.37,15.08,8,12,12
"979","TRINITY_DN16533_c6_g1",2.61731444130683,-0.966612428924381,3.47862199442849,0.00474338184362993,0.0292567398737822,-1.85915777663784,6.19,3.99,4.98,4.99,17.58,110.46,29,18.86,29.15,19.98
"980","TRINITY_DN16551_c0_g1",1.08981521434345,0.73977973747413,3.73208321314994,0.00300012921580393,0.0214175125576574,-1.64059867041394,27,26,57,19,48,57,44,67,118,52
"981","TRINITY_DN16554_c1_g1",1.78887807707484,-0.974272692647484,5.05439981858497,0.000308106156818582,0.00482667107589847,0.491485825125846,7,5,9,12,11,24,24,26,22,22
"982","TRINITY_DN16560_c0_g2",1.99570492835311,0.577972745797143,8.75367225743189,1.81074449434854e-06,0.000228520067139018,5.33525497605237,29.82,22.04,29.22,15.51,14.66,80.16,78,78.1,81.09,77.21
"983","TRINITY_DN16563_c0_g1",-1.43371177394084,0.44083440012997,-3.52211436074549,0.00438326543892687,0.0277446980668767,-1.95582154498303,48,85,45,51,98,9,10,27,35,37
"984","TRINITY_DN16582_c0_g2",1.35846421965696,2.81044583133667,3.48418398328127,0.0046956934922453,0.029039620777341,-2.43485306541627,98.68,99.37,103.05,174.93,135.12,430.77,566.32,285.47,179.42,216.06
"985","TRINITY_DN16602_c0_g1",2.13784323108483,2.28101068355698,4.0181566270073,0.00180144949057192,0.0152971289194339,-1.35308364726874,41,71.91,76,57,91.11,531.45,73,506,330.86,220.85
"986","TRINITY_DN16610_c0_g1",1.02700850488638,3.09188233054632,8.91371933418313,1.50362309967671e-06,0.000207222399429233,5.68891748179308,164,172,159,173,144,319,307,373,365,293
"987","TRINITY_DN16624_c0_g5",1.35291174687363,-1.17934124105658,3.06690042445443,0.0100663040479114,0.0483475934463954,-2.5104007927875,6.29,5.33,13.69,4.31,17.86,16.75,20.49,11.03,19.26,22.31
"988","TRINITY_DN16628_c0_g2",-1.14721739214802,-0.297462477113134,-3.19119840582135,0.00801499422055401,0.0416658546135691,-2.42626482656169,35.87,44.73,59.27,24.46,20.17,10.09,14.91,14.91,17.99,9.36
"989","TRINITY_DN16642_c0_g1",1.25197275395402,1.38593042890522,5.5658271920196,0.000136002670099807,0.00288498256912102,1.32460118726723,62,38,46,47,45,84,121,120,100,124
"990","TRINITY_DN16646_c0_g1",1.10183280692922,0.401709934453668,3.14635748482496,0.00870133389225365,0.0439396761427507,-2.61614415868842,39.03,18.46,21.75,27.02,27.19,73.65,59.62,47.12,76.89,19
"991","TRINITY_DN16650_c0_g2",-1.16472167262387,0.461512776729873,-5.19538265503871,0.000245018900662922,0.00418333353638391,0.812686270910091,74.76,65.66,43.55,58.48,49.06,24.83,22.23,22.31,25.97,19.11
"992","TRINITY_DN16678_c0_g1",-1.2095946466221,1.99041467218671,-4.39282341708692,0.000936338774617751,0.00994695357231135,-0.674757649664807,220.22,131.59,105.8,141.91,270.2,56.68,58.87,64.02,105.28,67.2
"993","TRINITY_DN16678_c0_g2",1.12651547750395,3.01373736741168,5.24404062623234,0.000226537419497195,0.00397942834359852,0.596240702374722,128,154,234,163,100,362,238,422,391,241
"994","TRINITY_DN16684_c1_g1",2.70671572788028,-2.04588854448975,4.44894281588495,0.000850170465648092,0.00932678005964019,-0.846438787310283,2,2,7,4,4,13,12,24,15,13
"995","TRINITY_DN16700_c0_g1",-1.45275408960148,-1.07597502703414,-3.21570737636248,0.00766323251946924,0.0404513664563715,-2.27637569657995,36.61,21.19,11.62,19.95,32.35,4.28,2.21,11.59,9.69,6
"996","TRINITY_DN16700_c1_g3",-1.8538809613371,-1.07533149919221,-4.10359953280673,0.00154947553470547,0.0138454943006679,-0.897742042738824,45.79,15.17,32.37,21.72,21.51,10.74,4.86,3.92,5.05,4.25
"997","TRINITY_DN16709_c1_g1",-1.72901560000605,-0.455292096724138,-3.56834722273,0.00403098615320379,0.0262354155628703,-1.74614619541537,56.34,46.18,48.72,35.03,16.52,16.48,4.24,14.69,7.15,7.05
"998","TRINITY_DN1671_c5_g1",1.23724574312193,6.13198264204047,11.6618975595155,8.79244635242709e-08,5.09308753825012e-05,8.40320024660164,1095.72,1237.53,1352.36,1199.73,1374.72,3191.21,2504.32,3047.56,2705.91,3019.17
"999","TRINITY_DN16723_c0_g1",-1.84975821054805,0.717905512607104,-6.46408097017197,3.53396864785466e-05,0.00127669144327648,2.65201619456542,135.48,70.4,76.14,87.61,72.01,22,10,27,23,31
"1000","TRINITY_DN16734_c1_g1",-1.31467826092216,0.00409590939977138,-4.05737900736199,0.00168088997740094,0.0146160668479362,-0.990464332796169,39.04,49.08,65.06,44.24,31.76,14.92,20.5,18.34,21.31,6.53
"1001","TRINITY_DN1677_c0_g4",-3.46201951135234,-0.808812400110859,-5.91811717769572,7.91068599437256e-05,0.00207559151915059,1.30273058343405,32.38,56.3,57.13,61.81,62.35,5.02,1.56,1.11,3.58,9.22
"1002","TRINITY_DN1677_c2_g1",1.74164249686492,2.89880348324674,5.07862369106605,0.000296154240100481,0.00470997815008925,0.358254932487722,110,179,63,149,93,312,298,356,321,646
"1003","TRINITY_DN16803_c0_g2",1.49972652946452,2.02401051591657,7.70495535581327,6.54285606483823e-06,0.000475765353238792,4.27863123158819,70,70,78,73,48,206,166,218,164,180
"1004","TRINITY_DN16803_c0_g3",1.32445673809485,2.9968303565399,6.0518394314465,6.46931044565723e-05,0.00184419425812234,1.88504648190986,158,159,111,152,113,397,383,367,262,327
"1005","TRINITY_DN16814_c1_g2",1.06348584581586,1.86387738917174,5.04905528786192,0.000310810829391843,0.00485645269217228,0.44477773989659,46.15,71.51,95,65,81.01,175.52,111.1,172.11,142.31,118.93
"1006","TRINITY_DN16825_c0_g1",-1.54645919873263,0.502541152477882,-3.88434064902349,0.00228452751076325,0.0178573980155932,-1.3354209591424,107.53,38.14,87.81,40.96,85.23,18.91,17.15,9,31.93,38.72
"1007","TRINITY_DN16829_c0_g2",1.7850314668574,-0.977642476992773,3.28525024355662,0.00674779282910642,0.0370988779710833,-2.16571319984416,3.16,4.34,21.03,7.27,17.72,29.32,27.64,16.91,20.46,27.41
"1008","TRINITY_DN1689_c2_g1",2.22632973155031,-0.174555547509084,5.04353294554988,0.000313631743038484,0.00488509282233854,0.584063989992646,8,12,10,10,29,36,38,53,116,33
"1009","TRINITY_DN16894_c2_g1",-1.07970047448074,-0.693473708585096,-3.18283621217132,0.0081387076479292,0.0420551441837846,-2.38232095774901,25.52,26.04,29,13,44,14,5.64,9.34,15,7
"1010","TRINITY_DN16920_c1_g1",1.18885768810894,-0.0549261058200461,3.25401106026825,0.00714446681935468,0.0385807593794577,-2.3598393798979,12.94,15.56,25.87,22.83,19.75,67.03,19.81,23.42,66.65,30.26
"1011","TRINITY_DN16923_c2_g1",1.39870504435199,-0.012816715974223,4.50683582923607,0.000769905551319432,0.00870707131113153,-0.251331453220393,18.45,21.04,31,10.33,13,43,29.04,60,38,44
"1012","TRINITY_DN16931_c2_g1",-1.76374328526853,-0.55833918113704,-4.70341978488526,0.000551588395408263,0.00696973671085235,0.0565842636705192,29,38,44,28,39,3,12,16,11,6
"1013","TRINITY_DN16938_c0_g1",-1.37864011788807,0.173896094169574,-4.42649290602136,0.000883603736961778,0.00958289613215019,-0.393988862586149,58.01,33,62,65,42.01,11,25,19,18,16
"1014","TRINITY_DN16940_c0_g1",-2.02941110906874,0.0857952870386713,-9.49985392337815,7.77572920208235e-07,0.000156699427703031,5.82601407791482,59.15,52.29,71.88,53.47,60.08,11.39,14.19,10.9,15.26,11.95
"1015","TRINITY_DN16942_c0_g1",-1.24510092058066,1.10938986471272,-3.97041818856365,0.00196035578611725,0.0161823814786315,-1.27233184801584,75.47,76.95,157.91,71.47,97.53,20.08,37.22,36.96,77.88,25.26
"1016","TRINITY_DN16944_c0_g1",-1.78906249340882,3.58107175117572,-9.47097563753242,8.02645451627533e-07,0.00015933098087399,6.3016612108116,698.98,580.8,609.22,417.25,820.83,195.89,103.38,183.92,282.74,143.74
"1017","TRINITY_DN16949_c0_g1",2.21910026311806,1.0398252935004,11.1361803664038,1.44527505474438e-07,6.58514055828455e-05,7.62097781589307,26,28,28,21,35,135.43,82,108,182.96,102
"1018","TRINITY_DN16963_c0_g1",-1.43221898879444,-0.631667346009212,-3.42643102255203,0.00521565804542544,0.0312015900515547,-1.97086148195396,44.32,16,34,31,36,10,2,18,15,7
"1019","TRINITY_DN16977_c2_g1",1.44952253715458,-0.905385789041685,3.29064900273896,0.006681536055883,0.0368426021508042,-2.17160719704172,12,7,13,5,15,34,9,19,48,16
"1020","TRINITY_DN16986_c0_g2",1.31468356546256,-0.732972061556264,4.33619817375232,0.00103255407348997,0.0106165687355753,-0.504487918778081,14,10,11,13,10,19,16,34,36,18
"1021","TRINITY_DN17014_c0_g4",1.08904218449463,-0.735996279245681,3.65462258178162,0.00344906923733447,0.0235792265129562,-1.5986515250028,17,10,9,15,12,17,14,28,29,23
"1022","TRINITY_DN17014_c1_g1",1.2835463430715,0.494115455064875,6.2387861114432,4.90375203277147e-05,0.00155703430714812,2.3404468511553,37,27,27.22,13.07,29.49,62.72,46,57,71.48,53.61
"1023","TRINITY_DN1702_c1_g1",-1.04139593590796,2.85044357538715,-6.61375514866074,2.85353282123392e-05,0.00111889004103725,2.73441683888944,263.27,276.02,334.79,310.85,224.08,158.8,108.75,154.32,131.47,128.67
"1024","TRINITY_DN17026_c0_g2",1.20739760818053,0.206430600814869,3.75888522634802,0.00285916240294218,0.0207627105818996,-1.52254332521502,31.58,18.72,35.14,9.33,23.99,34.37,62.72,41.1,62.57,35.32
"1025","TRINITY_DN17031_c1_g1",-5.32711309734521,0.0358841923207607,-3.81804906928617,0.0025715999935935,0.0192851222028776,-1.3624223448706,198.43,211.15,189.96,68.7,209.18,0,0,88.84,0,146.86
"1026","TRINITY_DN17036_c0_g2",1.99086142851756,-0.783976839096695,4.52867789711451,0.000741715484699969,0.00850931173345624,-0.235046529222196,17.46,8.33,4,4.57,15,20.91,35.76,40.53,27.66,27.59
"1027","TRINITY_DN17039_c0_g1",1.35048493396104,-1.36821630193345,3.65780904252776,0.00342930560510819,0.023481983403798,-1.58156643054841,7.99,6.12,12,6,6.99,14,15.99,15.15,24.01,8.29
"1028","TRINITY_DN17042_c0_g1",-2.4998156729794,-0.116945317431876,-5.93437961303786,7.71849898379528e-05,0.00204647505355191,1.81442070293168,103.06,72.25,39.8,55.12,54.73,12.64,2.1,7.18,16.38,10.39
"1029","TRINITY_DN17043_c0_g1",-1.26488316997822,3.21311008235314,-5.24357691024759,0.000226706440400735,0.00397942834359852,0.571559408019437,423.49,302.01,480.73,543,277.74,174.15,110,140.83,290.93,130
"1030","TRINITY_DN17054_c0_g1",-1.17822745665591,-0.23000992540549,-3.11838920735051,0.00915913310944333,0.0454746151488573,-2.56055847563602,51.26,19.87,43.42,23.77,57.11,7.29,13.43,20.08,22.6,9.47
"1031","TRINITY_DN17057_c0_g1",1.11137626041249,-0.795864048108621,3.10275325814628,0.00942556512798974,0.0463531566796103,-2.50483113073094,10.44,7,10.7,10.3,26.83,26.72,12.44,23.44,32.5,14.8
"1032","TRINITY_DN1706_c0_g1",1.24272486445854,2.77773670812018,3.30050441965287,0.00656228071059464,0.0363998656220337,-2.76582378437944,116.76,87.69,91.07,162.82,167.79,438.17,416.23,155.84,204.75,336.64
"1033","TRINITY_DN1706_c0_g2",1.24723854012034,8.19045212892398,9.14299292975596,1.15722640158093e-06,0.000187379467669505,5.59978742897266,4841.23,5193.97,4477.13,5916.66,5283.73,14146.06,14129.44,13107.77,10716.3,10710.57
"1034","TRINITY_DN17060_c0_g1",-1.08249749780291,-0.588847897722192,-3.68113133638453,0.00328814435259207,0.0228087434283982,-1.56473232397624,22.42,38.13,26.54,22.41,31.87,10.49,8.25,16.63,13.29,6.36
"1035","TRINITY_DN17071_c0_g1",-1.19042807969725,6.94709917385828,-8.24338497596751,3.33310779118475e-06,0.000326063068112104,4.56388598200486,5547.65,5114.61,4708.38,4230.09,5661.77,1933.6,2741.47,2558.96,2546.22,1480.61
"1036","TRINITY_DN17075_c1_g1",1.01637709937471,3.92616792666396,6.85773648889673,2.0263951042686e-05,0.000920543178066618,2.9485847282934,258.99,293.86,345.4,345.19,223.71,569.97,466.28,685.08,620.01,587.92
"1037","TRINITY_DN17082_c0_g1",1.99810633058345,0.604974578868045,5.7227972993845,0.000106599507740075,0.00248843511823623,1.60617033921214,48.15,11.44,25.31,15.63,21.48,145.77,51.31,73.26,84.39,72.78
"1038","TRINITY_DN171_c7_g2",-1.4999470467756,0.199034528323062,-3.62346239358046,0.00364860359821916,0.0245050621841131,-1.74471059599466,59.86,78.76,56.94,24.83,70.81,40.6,6.9,13.49,32.01,8.12
"1039","TRINITY_DN17111_c0_g1",-1.48007855832455,1.62372707964874,-5.8365925479653,8.95367893263939e-05,0.00223394289369353,1.72104249100436,156.66,81.36,200.67,108.59,184.15,55.85,43.3,40.4,54.59,47.86
"1040","TRINITY_DN17114_c0_g1",-1.29843782706641,1.2933587669025,-6.06389835675425,6.35379485893902e-05,0.0018188908219608,2.07999773838849,152.39,89,88.47,93,114.18,41,43.99,40,58.39,24
"1041","TRINITY_DN17120_c0_g1",1.04126366411948,0.966728037112752,3.7293915419002,0.00301467556617334,0.0214790697825169,-1.67864341562464,44,41,38,17,66,102,66,87,69,56
"1042","TRINITY_DN17122_c0_g1",1.048145437239,2.16285279202647,6.78092687732775,2.25507838327547e-05,0.000969451090276297,3.04088934015986,77,82,83,86,100,199,160,182,161,176
"1043","TRINITY_DN17124_c1_g2",2.10440226814716,-1.0897103910341,4.10906553045648,0.00153465467955022,0.0137637316630821,-0.899866827521961,2.6,13.7,10.91,3.09,12.59,20.2,17.65,18.8,44.08,26.67
"1044","TRINITY_DN17124_c1_g3",-1.0250278975952,0.605805801409276,-5.07899487502881,0.000295974942406649,0.00470997815008925,0.622502727643218,65.94,68.29,61.1,47.19,60.8,32.81,14.32,35.12,29.86,26.48
"1045","TRINITY_DN17124_c3_g1",-1.08923438935467,-0.630674941581387,-3.25335021421022,0.00715310862752141,0.0386053513950702,-2.2708729762857,41.15,21.44,32.43,18.49,28.44,11.89,4.97,10.94,25.96,5.09
"1046","TRINITY_DN17145_c0_g8",-2.15022041554744,-1.52043079970781,-3.18700651031219,0.00807677149442377,0.0418504028153952,-2.31875737454208,31.3,23.49,16.42,13.93,24.82,13.39,3.49,0,7.48,3.15
"1047","TRINITY_DN17157_c0_g1",-2.14423224090055,0.729342012872125,-7.1911159529772,1.28515539393361e-05,0.00069346118086749,3.59045988825005,146,89,84,77,97,29,16,20,36,7
"1048","TRINITY_DN17160_c0_g1",1.05456369314692,1.77871338903743,5.58655954442008,0.000131670402024365,0.00282668529303025,1.31463009225826,60.11,44.19,80.7,60.52,95.35,122.47,106.41,129.94,178.03,136.42
"1049","TRINITY_DN17180_c0_g1",2.19458379625954,-0.153978303337498,7.24952889462617,1.18830055106966e-05,0.000665934892439987,3.46331083844964,13.7,10.22,17.55,15.21,8.23,61.43,31.87,44.47,77.7,42.5
"1050","TRINITY_DN17191_c0_g1",-1.26216746609356,1.65130394834987,-4.8529758287729,0.000429483536648326,0.00595070464412836,0.155361655869386,220,118,89,108,156,45,60,58,60,44
"1051","TRINITY_DN1721_c3_g1",1.71733246509136,1.04180932084345,7.75717536776204,6.11974140713557e-06,0.000455767538549085,4.31691431843782,39,28,43,18,38,84.07,98,114,103,105
"1052","TRINITY_DN17212_c2_g1",1.41930902670217,-0.0104286195610497,4.59301732043103,0.00066477507611092,0.00791025621630913,-0.112801673258367,27,10,12,21,25,39,44,32,48,49
"1053","TRINITY_DN17212_c5_g1",1.00715645332547,-1.03392076882909,3.08597409987351,0.00972016046411089,0.0472846120922507,-2.50546227999056,13,7,13,9,11,18,13,21,28,9
"1054","TRINITY_DN17221_c0_g1",1.57247611328159,1.80736360710834,10.4519806507996,2.84482194644664e-07,8.99608781913833e-05,7.25563035885557,67.56,53.49,50.56,49.57,62.76,176.56,113.35,171.1,188.38,175.52
"1055","TRINITY_DN17227_c0_g1",1.09022978938771,2.68743744314108,6.83330201324919,2.09633564019451e-05,0.000934609057120218,3.06478832113231,126.31,117.89,98.13,147.81,118.88,234.72,271.07,287.57,292.47,198.04
"1056","TRINITY_DN17247_c0_g1",1.03130433800762,1.09191612365989,4.46074060548605,0.0008331324250305,0.00919912824397766,-0.434360330300054,67.17,42.82,32.14,40.29,33.14,82.02,91.18,76.09,74.88,81.01
"1057","TRINITY_DN17249_c0_g1",-1.1382669127588,2.37640480450093,-3.9034358037074,0.00220812726859583,0.0174592307373487,-1.60353629403987,328.17,153.75,186.68,138.39,288.73,85.37,49.4,123.26,94.8,144.15
"1058","TRINITY_DN17250_c1_g4",-2.13308933498325,-0.759517506528033,-5.11485557725102,0.000279180182824902,0.00453145011161719,0.594710260622459,41.42,35.31,27.24,32.66,35.37,13.82,3.68,11.81,2.58,5.73
"1059","TRINITY_DN17253_c2_g1",-1.67092113754977,-1.11619848942002,-3.51256987799816,0.00445982620531466,0.0280753056889182,-1.80274974086684,23,31,21,18,22,6,5.91,7,2,14
"1060","TRINITY_DN17256_c0_g1",-1.00362059115402,0.179737573602271,-4.39662519959748,0.000930223282204599,0.00991296523165955,-0.447671585100188,50.51,51.24,53.98,32.1,40.96,23.05,10,25.24,23.22,20
"1061","TRINITY_DN1727_c0_g1",1.2890118250701,5.70603265862879,11.2830909495446,1.255393733461e-07,6.04266553598914e-05,8.05730752952837,1004.18,883.64,971.72,852.87,846.53,2698.08,1998.39,1992.94,2077.68,2255.52
"1062","TRINITY_DN1728_c0_g2",1.64940810310983,-1.02874243017586,4.3297397612653,0.00104416441685636,0.0106884166561369,-0.541843887478291,4.43,15.82,9.96,9.03,7.54,24.17,13.99,18.95,32.01,19.69
"1063","TRINITY_DN17283_c1_g3",-1.82682975727574,-0.135600870167543,-6.44341647269498,3.64072479968725e-05,0.00129453197361378,2.53031135491687,68,42,59.78,30.06,47.89,8,10,16,16,9
"1064","TRINITY_DN1729_c1_g1",-3.29469777526706,0.865886396345769,-11.455992383556,1.06572203588912e-07,5.66844634893214e-05,7.59333500000398,202.34,171.75,138.69,103.97,177.4,14.16,6.2,20.54,19.22,12.19
"1065","TRINITY_DN17292_c0_g1",-2.50018850070812,-0.312447714546904,-7.49151744924058,8.62742659951021e-06,0.000552005608761583,3.54963143624848,64.71,46.54,57,43.68,61.97,13.92,6.9,8.11,13,2
"1066","TRINITY_DN17297_c5_g1",2.85379623117468,-2.04180406670238,5.45180104501926,0.000162683358832906,0.00323292311665348,0.198802896383545,3,4,7.01,1.68,2,19,12,18,19,12
"1067","TRINITY_DN1731_c0_g1",-1.66593690370831,6.1162337140586,-15.5878926050185,3.60657243133449e-09,8.9486444555816e-06,11.6603407283069,2954.54,2972.8,3966.79,3409.86,3791.59,1286.54,807.59,1097.46,1170.33,940.76
"1068","TRINITY_DN1731_c0_g2",-1.45609557082426,2.32039548544915,-6.66837144378069,2.64126246743374e-05,0.00107062861468832,2.87518228808403,262.64,194.68,302.52,155.21,219.78,108.94,70.24,93.54,58.22,80.63
"1069","TRINITY_DN17320_c2_g1",3.40959199863989,-2.29406729072128,5.19517868968838,0.000245099634343292,0.00418333353638391,-0.047187216505697,3.88,1.06,1.48,6.52,0,21.02,17.63,14.13,15.84,13.04
"1070","TRINITY_DN17353_c0_g1",-1.12725630610694,-0.474461424143022,-4.06082703626401,0.00167069916885228,0.0145486709082684,-0.948877793984922,33.02,30.09,26.05,37.02,26.01,8,10.01,16.01,15.01,9.01
"1071","TRINITY_DN17356_c0_g1",1.57127256979262,0.288948851888587,7.95817419274989,4.74511928319329e-06,0.00039665336886832,4.44468772038174,22.36,25,20,14.57,21.53,61.6,39.17,66.03,62,50
"1072","TRINITY_DN17368_c0_g5",-1.59317718951521,-0.891070431181159,-4.49453010394452,0.00078627844447338,0.00883787370807018,-0.285538386872941,34.63,19.47,29.47,26.37,27.83,15.86,2.09,8.76,9.03,3.72
"1073","TRINITY_DN17371_c0_g2",-1.28524367339675,2.13596073532115,-6.44626650947807,3.62579915840507e-05,0.00129224993356557,2.57248939774635,226.73,145.36,233.2,141.36,201.44,69.85,83.75,65.36,123.15,47.66
"1074","TRINITY_DN17393_c0_g1",2.15468368325394,-1.44340655814097,3.58895232433947,0.00388344385342632,0.0255936501431856,-1.71623406164611,20,5,1,6,6,14,19,13,33,21
"1075","TRINITY_DN17395_c0_g1",1.31527569314659,-0.924269021789706,3.33425373519784,0.00617001098416237,0.0349212349052628,-2.10222564991626,13.04,7.1,8.08,5.1,22.09,21.61,13.06,16.4,44.13,16.21
"1076","TRINITY_DN17414_c0_g1",-1.75631390607359,0.599947782636904,-3.43375393146033,0.0051466049995929,0.0309279629359029,-2.12276259942812,86.74,109.05,86.62,37.1,92.73,26.35,2,19.84,57.22,33.84
"1077","TRINITY_DN17422_c0_g1",1.00949274430358,1.01017160155392,3.08069174158565,0.00981480732037782,0.0475904957906164,-2.83443163532853,33,38,72,59,21,86,65,80,111,46
"1078","TRINITY_DN17438_c0_g1",1.89834218290157,-0.15905992833658,4.37102232222092,0.00097222629708932,0.0101810474634165,-0.454968837683555,9,15,9,33,13,55,53,60,34,28
"1079","TRINITY_DN17439_c0_g1",1.82816725407466,-0.421189004631282,4.86831400864823,0.00041867465512621,0.00586104079356588,0.313289373880328,10.1,8.15,16.31,11.23,13.13,41.7,51.02,28.68,27.26,38.83
"1080","TRINITY_DN17444_c0_g1",-3.59713371713328,-0.853552194266636,-6.3434319215998,4.20802022141184e-05,0.00141457619198276,1.69365246022008,67.15,34,46.12,54.1,63.26,6.1,4.03,4.04,1,3.01
"1081","TRINITY_DN17450_c0_g3",-2.28015525649558,-1.80808831208456,-3.76472836819259,0.00282934516817027,0.0206205162859372,-1.55699150275656,32,20.01,15.06,17,11,4,3,1.01,2,3
"1082","TRINITY_DN17456_c1_g4",2.63407792434641,0.533986820676663,3.66353688735009,0.00339407094475717,0.0233173471432049,-1.68412196270987,33,9.15,58,32,3,57,137,121,73,125
"1083","TRINITY_DN1747_c0_g4",1.63460276584078,0.266041161177333,7.24841932364525,1.19006584812132e-05,0.000665934892439987,3.62055594819388,19.29,17.69,14.58,27.95,22.49,60.79,41.12,56.39,73.77,46.64
"1084","TRINITY_DN17471_c0_g1",1.61436922330681,-1.77683842764661,3.66626685148388,0.00337740856276655,0.0232449190337182,-1.63108522473863,11,5,4,2,7,9,10,14,19,11
"1085","TRINITY_DN17480_c0_g1",-1.42126913568973,-0.478554527564932,-3.15375984779766,0.00858407552718753,0.0435334687178794,-2.44806610584151,82.75,29,30,30.07,18.73,10,10,8,17.91,7
"1086","TRINITY_DN17519_c0_g1",1.07768451962678,0.89461655348574,6.03921219158048,6.59266361786585e-05,0.00186557252851736,2.05833327424382,40,38,29,37,38,84,66,71,90,50
"1087","TRINITY_DN17537_c2_g1",-1.00273677473714,2.87311805575249,-3.16628877742794,0.00838922847365462,0.0428771401908051,-3.03183178141642,391.61,296.23,388.62,266.93,152.38,127.23,93.53,213.78,247.55,76.37
"1088","TRINITY_DN17569_c0_g1",1.63199691830872,-1.10178599154208,3.0830558703603,0.00977233392866514,0.0474365921208412,-2.48496788766503,8,7,15,4,10,41,8,36,22,12
"1089","TRINITY_DN17592_c0_g1",-1.35640497923291,-1.62844627550564,-3.11510534977779,0.00921445285171067,0.0456659047888287,-2.4193087989721,18.34,17.09,15.98,14.12,10.97,10.56,2.35,2.54,3.91,4.37
"1090","TRINITY_DN17596_c0_g2",2.47045912094861,-1.13732073295968,3.21352894231766,0.00769385622923461,0.040553981409468,-2.26866521944359,4.75,3.72,26.84,0,30.3,32.19,19.42,30.73,44.85,19.04
"1091","TRINITY_DN17600_c0_g1",-1.73260642492542,-0.324145194324891,-5.19155254473817,0.000246539626505547,0.00419703812997283,0.800148537505188,50,47,40.29,20,55,9,7,15,10.12,12
"1092","TRINITY_DN17603_c0_g1",1.99108304559787,1.14196357359668,6.5197534293121,3.26260295529447e-05,0.00120627137142486,2.7336429948285,26,32,48,41,19,94,141,116,112,135
"1093","TRINITY_DN17606_c0_g2",-1.33763181451269,1.68044285636901,-6.02873591605719,6.69689973779943e-05,0.00188053856353105,2.00190854553487,123.62,116.1,138.59,177.78,143.99,67,61.47,59.74,43.14,38.05
"1094","TRINITY_DN17606_c0_g3",-1.18493820841711,1.56572384553993,-5.62738158290968,0.00012356126898382,0.00271649999244096,1.40319796539146,123,86,150,142,120,72,48,54,57,32
"1095","TRINITY_DN17607_c0_g1",-1.29686955213276,0.0132958517238325,-4.36423129131241,0.000983695767953897,0.0102557401791797,-0.485079067011797,51,47,45,39,38,8,21,22,14,19
"1096","TRINITY_DN17624_c0_g1",-1.85058415470254,1.24378504733714,-6.07068485514882,6.28975017936143e-05,0.00180721501323638,2.09717592039203,148.19,173.22,99.96,71.78,153.01,31.33,19,26.51,64.73,28
"1097","TRINITY_DN17630_c0_g1",1.98413452773024,-0.771579546704234,5.01386956722961,0.000329252269723446,0.00503468096781781,0.463611135562289,17.83,6.03,8.32,3.8,13.94,29.85,40.79,30.58,32.01,20.67
"1098","TRINITY_DN17653_c0_g4",-1.72702652474407,-0.769157432570201,-3.91173106034627,0.00217576408985822,0.0173195534868661,-1.17308878964503,47.9,17.71,45.78,26.27,23.27,3.75,11.21,9.41,8.14,6.45
"1099","TRINITY_DN1766_c1_g1",1.43990680858635,2.26638711786649,6.10176678260058,6.00506553701509e-05,0.00176061445367139,2.0538901120083,61,64,125,87,81,262,202,284.56,216.71,138
"1100","TRINITY_DN17664_c0_g1",-1.44532396705093,-0.643592015568958,-3.75578023490399,0.00287513833201259,0.0208473635501004,-1.42975808498212,31,37,39,16,34,8,5,4,19,15
"1101","TRINITY_DN17666_c1_g2",1.7708591149895,-1.02114707777658,5.95235514636589,7.51181658692133e-05,0.00201628767281725,1.63097286146012,6.62,9.43,8.18,6.97,10.53,23.11,18.11,21.79,34.86,17.13
"1102","TRINITY_DN1768_c1_g1",1.7475793624748,-0.753078847376436,3.7975174879611,0.00266785833691685,0.019812600055058,-1.35501295467215,15,8,9,17,5,19,42,23,26,32
"1103","TRINITY_DN17692_c0_g1",1.14484660680738,1.07565662989947,4.36186008643499,0.000987733663161445,0.0102820711335912,-0.597824403919829,72.17,39.08,28.03,32.03,36.13,87.03,95.66,71.05,73.08,93.76
"1104","TRINITY_DN17695_c0_g1",-1.79987045369217,-1.06777990655606,-3.88084307026679,0.00229881440650603,0.0179389977595795,-1.23222299114972,32,37,13,27,24,5,7,7,5,4
"1105","TRINITY_DN17711_c0_g1",1.41949080773698,0.944775207317043,5.4481675574509,0.000163619563185852,0.00324796775957726,1.17794592680781,31,19,41.67,50.75,35,87.03,78.52,71,127,63
"1106","TRINITY_DN17713_c1_g1",1.38981456517052,0.604226029661995,4.27822263054186,0.00114178578472924,0.0113388480221304,-0.681214955293843,20,29.3,42.99,39,15,72.01,60,84.98,71,41
"1107","TRINITY_DN17719_c0_g1",1.92045156425254,-0.749688968487448,3.10937284450457,0.00931182988319486,0.0459892617067876,-2.46651768885322,19,4,5.03,7,22.09,47.03,7.94,52.02,33.83,30.15
"1108","TRINITY_DN17722_c0_g1",1.85464235588911,0.115623881829896,4.93788096757127,0.0003731174852968,0.0054525075611978,0.429667770504605,16.09,18,7.16,25.3,22.03,49.46,61.95,60.07,40,61.01
"1109","TRINITY_DN1773_c3_g2",1.24906262951795,0.340444144039655,4.28487727358171,0.00112865892281298,0.0112619496368961,-0.645197722685254,30.47,32.53,22.04,13.96,22.9,57.79,34.46,80.68,42.21,50.34
"1110","TRINITY_DN17749_c0_g1",1.89523330232745,0.658755484266602,4.57070443831592,0.000690466597660356,0.00812179254181324,-0.19118639840961,16.95,17.99,23.06,31.94,34.09,60.99,88.16,126.41,139.62,33.46
"1111","TRINITY_DN1775_c13_g1",-1.16650585078194,5.32741530060902,-3.05259094745688,0.0103340976569191,0.0491803224829368,-3.6312778845628,1846.92,1471.02,1426.4,1638.48,1943.5,602.03,527.15,272.81,2162.25,992.57
"1112","TRINITY_DN1775_c14_g1",-1.05640274938623,2.34863192232154,-3.918221264187,0.00215078485580473,0.0171933185026566,-1.57339048669003,243.44,159.04,262.7,113.69,271.95,94.15,53.49,100.98,189.7,70.54
"1113","TRINITY_DN17750_c0_g1",1.55964316071478,-0.540078644285122,3.686354436224,0.00325735660105003,0.022656123131421,-1.55016038845374,30.81,6.26,10.32,5.61,19.3,46.76,17.56,22.57,47,27.36
"1114","TRINITY_DN17764_c0_g1",1.31637763255947,2.19003329352986,4.22183282249418,0.00125959994869364,0.0121086781211375,-1.00493076796434,52.8,129.82,73.21,58.23,107.55,204.53,208.5,313.88,159.04,134.41
"1115","TRINITY_DN17765_c3_g1",-1.85463682385552,-0.463176296296558,-4.00400443798389,0.00184711759275776,0.0155488850239269,-1.03011732262316,36.53,39.33,38.06,46.92,36.24,18.66,20.75,3.26,15.26,2
"1116","TRINITY_DN1778_c1_g1",-3.66985222191848,4.40432848212082,-6.43018395689849,3.71088533793108e-05,0.00130809309407265,2.37001497038803,2370,1766,1632,2250,2741,160,70,29,909,284
"1117","TRINITY_DN17780_c0_g1",1.75025800481855,-0.382472344980789,4.10506257216007,0.00154549406908549,0.0138189985059393,-0.873994361803861,18.68,7.27,18.12,11.61,10.45,42.37,12.68,35.07,53.59,54.58
"1118","TRINITY_DN17781_c0_g1",-3.38928058957952,-1.31694930425693,-6.29300249235047,4.52918618450949e-05,0.0014773260220674,1.25517040333148,51.56,40.58,41.76,21.26,35.22,5.43,1.51,2.12,3.33,0.98
"1119","TRINITY_DN17786_c0_g1",3.95275616889551,-2.45201207986839,7.54181023176701,8.0791924418425e-06,0.00053459289063778,1.82672757005191,2,1,1,3,2,18,19,17,23,12
"1120","TRINITY_DN17796_c2_g1",-1.80930953915765,-0.629378332275229,-4.42029089460914,0.000893079745862156,0.00965140084585506,-0.378428963933525,51.43,29.22,32.21,43.6,21.18,9.07,5,14.07,6.02,6.04
"1121","TRINITY_DN17796_c4_g1",1.08730994571893,0.307647631921241,3.61686840777921,0.00369232365643645,0.0246986485807334,-1.78235358741788,33.69,12.66,36.01,19.71,27.95,58.99,24.11,42.09,62.65,57
"1122","TRINITY_DN17810_c0_g1",-3.33197918509471,-0.104904445836484,-8.5640146807918,2.26447510192784e-06,0.000258211876874124,4.47719080486367,110,82,86,58,73,12,11,7,6,2
"1123","TRINITY_DN17817_c0_g1",-2.18704160179774,0.236975511151757,-5.81439923909571,9.26219217885735e-05,0.00228082643971124,1.72705292694443,73,77,40,78,86,11,11,9,13,29
"1124","TRINITY_DN17817_c1_g1",-1.65099879879665,-0.215345332217021,-4.86625763281072,0.000420107060808712,0.00587404708083461,0.32132510467921,31.01,51,49.99,32.02,56,13,12,5,17.99,13.99
"1125","TRINITY_DN17818_c0_g2",-3.79452290958108,-1.49700816676545,-4.74325893436736,0.000515868201487082,0.00666791524407886,-0.455599182676168,57,39,60,18,29,2,0,2,4,3
"1126","TRINITY_DN17829_c0_g1",-1.64832785445206,-0.200994386612155,-5.32221124158063,0.000199859777981958,0.00370125065856883,1.00224927021536,57.09,56.48,36.66,28.3,41.89,11.86,8.96,6.95,15.01,19.36
"1127","TRINITY_DN17833_c0_g1",1.38763884629795,0.643218497350958,4.11694043565952,0.00151356013119002,0.0136404772116829,-0.958562758522552,29.3,20.05,18.64,42.38,33.83,120.37,51.17,67.57,49.22,62.49
"1128","TRINITY_DN1785_c0_g1",-1.21214067349251,4.38497616215937,-8.88227210339912,1.5592345854936e-06,0.00021044941819638,5.55249910717145,932.62,812.67,937.12,661.59,1021.2,295.54,311.08,414.6,418.51,450.79
"1129","TRINITY_DN17871_c0_g1",-1.50503524735519,-0.110243736777834,-3.75198876058626,0.0028947709598311,0.0209502392370556,-1.48462666676562,52.54,41.34,61,43.77,30.31,24.07,5.42,30.23,15.55,4.17
"1130","TRINITY_DN17872_c0_g1",1.42367774336767,-0.779935908235525,3.41149710940369,0.00535942024352368,0.031777240999105,-1.9871641556532,8,19,8,9,13,29,8,35,35,22
"1131","TRINITY_DN17878_c0_g1",1.27423870357444,1.69416326968099,7.8345146332088,5.54604902774839e-06,0.000433412575672791,4.44280517065566,71,60,58,48,54,190,112,133,151,104
"1132","TRINITY_DN17885_c0_g1",1.34445845268028,7.36064109308539,15.4054911527828,4.11310899578129e-09,8.9486444555816e-06,11.5035006802679,3343.24,2589.98,2775.68,2370.36,3133.56,7632.72,5995.39,7233.86,9490.86,6142.7
"1133","TRINITY_DN1789_c0_g1",1.10842850652412,4.47215964806601,6.13811675780158,5.68939409735262e-05,0.0017049687842926,1.81171748662799,415.53,376.68,357.86,448.28,450.59,1009.61,1166.98,820.54,876.81,611.27
"1134","TRINITY_DN179_c0_g2",1.23849210502578,1.74377757068528,5.81566812633158,9.24425287636284e-05,0.00227925729010993,1.67360254860011,64.87,50.89,52,63.74,73,151.73,175.44,100.24,140.96,138.65
"1135","TRINITY_DN17900_c1_g1",-1.76473877937727,-0.622486136517705,-4.53911760934144,0.000728624585243828,0.00840522159406088,-0.195333690762195,35,49,29,36,23,7,8,8,6,13
"1136","TRINITY_DN17907_c1_g1",-1.15038408159439,-0.744427301977515,-4.49556824549553,0.00078488324611408,0.00882766431749192,-0.258157015804326,31.44,23,29.5,16.1,28.7,8.27,8,10.22,11,9
"1137","TRINITY_DN17907_c1_g2",-1.00468724754482,0.938674051735145,-4.56266371634485,0.000699977496930987,0.00819434230784198,-0.244432726340125,94,92,55,61.08,81,31,33.8,27,51,33
"1138","TRINITY_DN1792_c1_g1",1.81447678004209,3.0295766200093,6.93944871190066,1.81002473368909e-05,0.000858317831648504,3.19120375298807,151.21,149.78,67.97,76.99,192,450.96,346.37,326.99,471.14,512.02
"1139","TRINITY_DN17921_c0_g2",1.03762867573724,-0.733836604563139,3.32612251595376,0.00626228899517107,0.0352398490387738,-2.14309991427864,13,10,9,9,26,25,22,22,23,16
"1140","TRINITY_DN17925_c0_g1",1.34973845137048,0.183583981132208,4.35578120147791,0.000998164400278321,0.0103490583102436,-0.512907359736519,19.44,37,20.08,18,14,80.01,34.59,47,45.01,37
"1141","TRINITY_DN17933_c2_g1",-1.71732383138266,-0.275246631579426,-4.25373602510314,0.00119147116662414,0.0116612453504345,-0.639553330921826,53,35,34,54,34,15,25,9,6,8
"1142","TRINITY_DN17978_c0_g1",1.69402912129531,0.254661219994496,4.72251848979049,0.00053415147590017,0.00681967220114822,0.0823820783491493,22.6,15.33,32.09,19.17,12.5,69.36,41.65,30.71,110.8,53.21
"1143","TRINITY_DN17984_c0_g1",-1.43730469636296,0.329917652056341,-5.1720556138214,0.000254436474340691,0.00428056117409976,0.783239943542027,88,62,38,55,54,16.17,15,27,20,17
"1144","TRINITY_DN17990_c0_g1",-1.79071456807443,-1.98780041414947,-4.4828021784575,0.000802221142830629,0.0089578341571958,-0.651851335983086,14.51,13.78,14.8,11.61,13.49,3.99,2,2,3,2
"1145","TRINITY_DN180_c10_g1",-1.26448431756417,-1.05617377755526,-3.21013020801892,0.00774188178449562,0.0407242448878628,-2.29163939468958,17.95,30.9,21.55,12.9,29.38,3.03,7.27,6.51,13.17,6.07
"1146","TRINITY_DN18018_c0_g1",-3.16362641963001,-1.8058343440386,-3.29239388267598,0.00666026318946194,0.0367800313503011,-2.2500810750175,29,45,12,12,45,3,1,0,3,4
"1147","TRINITY_DN18031_c0_g2",-1.03735035258264,1.43408925745982,-4.59454790036099,0.000663049779106471,0.00789490817324432,-0.251882612944785,106.1,86.08,124.13,92.07,123.06,50.9,51.48,82.52,43.03,30.66
"1148","TRINITY_DN1804_c0_g3",1.22745403026144,0.794156749815389,3.73854144356151,0.00296552108484785,0.0212625438077985,-1.63447987778784,19,31,40,54,28,61.13,104,58.98,74,60
"1149","TRINITY_DN18042_c0_g1",-5.34381122220286,-1.27272371925331,-7.60792895573125,7.41447800630845e-06,0.000509783758493428,2.00066663344199,94,69,93,50,66,3,0,1,8,0
"1150","TRINITY_DN18068_c0_g1",-1.34419836653316,1.21194483323491,-5.930566497479,7.7631128711053e-05,0.00205072108874351,1.8891040329651,93.08,65.42,126.68,107.86,128.91,39.17,26.45,33,49.43,40.56
"1151","TRINITY_DN18090_c0_g1",3.3685792255328,1.71158146492949,15.4920075529149,3.86386217030479e-09,8.9486444555816e-06,10.6406308130359,19,26,46,26,35,287.98,263,309,298,273
"1152","TRINITY_DN18092_c0_g1",1.14770320337245,-0.126052527912354,3.58270170179546,0.00392760780241511,0.0257909593119836,-1.78459488033994,28.71,12.98,19.99,13,17.57,36.02,35.7,56.58,25.12,29.47
"1153","TRINITY_DN18094_c2_g1",1.16037146581661,1.3100261537093,3.49948381137677,0.00456702165315177,0.0285096837755742,-2.1378011109834,76.83,34.21,30.93,63.28,39.8,90.44,140.06,74.67,82.63,125.06
"1154","TRINITY_DN18104_c3_g1",-1.27238315440096,-0.054190168301002,-3.52653268547969,0.00434827996894728,0.0275810257482229,-1.88484693609792,40.92,62.63,36.42,42.12,32.35,33.17,13.61,13,9.14,14.24
"1155","TRINITY_DN18107_c0_g3",-1.20976780431501,3.73416568948418,-3.17253454561959,0.00829376853626141,0.0425494326683088,-3.17555139479073,711,462.98,441.83,481.76,740.51,176.43,188.61,90.83,691.97,333.65
"1156","TRINITY_DN18129_c0_g2",1.37906751460967,-0.56856850736691,3.18115681013165,0.00816378492509042,0.042132690564626,-2.3971657863141,15,19,11,17,6,44,35,22,32,13
"1157","TRINITY_DN18146_c0_g1",1.26620451873141,1.9156345449908,3.75042061576258,0.00290293122356201,0.0209738407461023,-1.79396871492486,47.02,36.01,132.3,63.04,99.82,128.16,186.29,135,273.41,109.06
"1158","TRINITY_DN18155_c0_g2",1.08897201640239,-1.46423070919283,3.09245133796111,0.0096053560818977,0.0469191668298606,-2.45756242949168,9.73,9,5.06,5,10.13,15,14,14.01,14.13,7
"1159","TRINITY_DN18188_c0_g2",1.18247022444137,2.36682463398143,6.74617818373924,2.36744032740162e-05,0.000996652065384687,2.97552461551579,128.46,110.06,63.1,76.79,105.58,236.16,174.97,219.58,265.27,167.98
"1160","TRINITY_DN18219_c0_g1",2.70863965956377,-1.58760212212245,3.90683049955575,0.00219482351665487,0.0173945280335677,-1.34892677069463,4,1,3,12,8,11,22,23,30,24
"1161","TRINITY_DN18222_c0_g1",1.67432664131694,-1.25626129392259,4.58344437098512,0.000675672929013409,0.00801188713363164,-0.222272033751394,6,5,8,6,13,18,13,24,19,19
"1162","TRINITY_DN18243_c0_g1",-2.45719077118479,2.97969889157837,-8.1151546796385,3.9024205616507e-06,0.000355538621053171,4.76034276188169,671.58,457.37,486.69,329.9,684.27,108.65,29,94.16,167.78,101.7
"1163","TRINITY_DN18247_c0_g2",-1.07530644612297,-0.34676056818229,-3.07373671415272,0.00994083891256334,0.0479804924388351,-2.62096591869995,25.2,22.2,41.89,27.56,54.2,10.04,5.6,16.09,17.21,19.17
"1164","TRINITY_DN1825_c1_g1",1.0911149643089,4.34048218474538,8.39810528782044,2.76214381733248e-06,0.000290591420442032,4.96329079370596,516.51,327.78,359.47,361.5,341.13,803.72,674.18,994,960.57,613.12
"1165","TRINITY_DN1825_c1_g2",1.11830742411448,3.70524446099018,8.4490778881849,2.59779573173409e-06,0.000283159734759016,5.08771649848831,254.1,258.56,214.52,261.2,214.36,464.04,398.72,636.24,657.11,476.59
"1166","TRINITY_DN18260_c0_g2",2.56323901003308,-1.42007577069582,3.45974665173382,0.00490893412276393,0.029929585906429,-1.92029700673511,28.08,9.2,1.38,6.09,0,20.1,13.06,30.41,29.3,21.05
"1167","TRINITY_DN1827_c0_g1",1.0177616841511,4.04461069139037,8.11724170669723,3.89236153663377e-06,0.000355217175065515,4.63789243376577,275.27,306.56,284.07,358.94,356.27,754.95,557,620.64,772.89,490.6
"1168","TRINITY_DN1827_c1_g2",1.0323760580295,3.23201440595883,5.85959458317895,8.64539211686028e-05,0.00218720877180721,1.54843457391643,165.15,198,184.48,196.68,152.2,360.77,234.06,477,391.46,398
"1169","TRINITY_DN18280_c0_g1",-1.87354176425903,-0.498322939666293,-3.63879271004246,0.00354899793495071,0.0240630200299058,-1.62124039935379,38.85,50.79,57.38,41.15,18.04,9.97,10.04,17.7,8.78,2.12
"1170","TRINITY_DN18287_c1_g1",-1.69414561615432,2.58333526762951,-4.67142755551405,0.000582145654076522,0.00724310629093306,-0.274715193697496,350.89,308.58,219.51,274.11,350.7,146.86,27.04,49.24,222.81,102.52
"1171","TRINITY_DN18298_c0_g1",1.71180434753575,1.37954472340999,5.45330951346956,0.000162296351128271,0.00322877133658294,1.15745216837885,24.89,47,43.55,40.36,53.12,209.12,122.11,81.87,117.23,130.04
"1172","TRINITY_DN18301_c0_g1",-1.65109818316139,0.391630702523214,-6.87175505584986,1.98739618352722e-05,0.000911437317185743,3.16794449372207,86.79,43.35,79.74,47.18,74.99,17.81,16.86,18.9,21.4,16.71
"1173","TRINITY_DN18309_c1_g1",-2.45050297966508,-1.10781044972643,-4.79995773891151,0.000469157372278731,0.00626897980794706,0.0237160296354642,42.85,28.1,26.92,15.28,50.28,5.53,1.02,3.05,4.41,8.51
"1174","TRINITY_DN18321_c0_g1",2.51458952797037,-1.26573376976613,3.10709148769593,0.00935087045430647,0.046118376393538,-2.43172406149617,5.28,2,11.18,6,9,56,25,12,53.05,10
"1175","TRINITY_DN18344_c0_g2",1.2529057465799,-0.643449555702167,3.9033817277942,0.00220833986342103,0.0174592307373487,-1.19544822677949,20.27,13.22,7.97,14.67,9.29,25.92,13.17,24.92,35.11,27.13
"1176","TRINITY_DN18368_c1_g1",-1.16927299045158,0.723972351765632,-3.60501055692661,0.00377230010742887,0.0250615824041974,-1.85703211767455,72.6,89.28,40.89,90.97,63.36,44.08,33.25,20.77,27.53,19.06
"1177","TRINITY_DN18378_c0_g1",1.37760572744908,-0.96423887858447,3.04361412157904,0.0105057339767217,0.049749031579999,-2.57178855367987,11.3,15.98,5.2,15.6,5.27,38.63,19.79,16.32,18.76,13.81
"1178","TRINITY_DN18383_c0_g1",1.10164385068458,1.20505969333699,3.43089056350663,0.00517349420644139,0.0310518123353072,-2.2434335964272,70.14,17.5,37.21,53.14,66.09,75.5,83.27,108.55,95.09,92.36
"1179","TRINITY_DN18384_c0_g1",1.33192752401479,1.51780281324138,7.5670700051302,7.81801124316617e-06,0.000527919798687323,4.1096152117355,56,46,54,50,46,133,109,129,110,134
"1180","TRINITY_DN18392_c0_g2",-1.13391661056116,1.19825838817809,-3.5945482512765,0.00384433706334319,0.0254024402721329,-1.94868762804195,140.02,82.08,85,53,136.03,36,22,41.07,95,29
"1181","TRINITY_DN18395_c0_g1",-6.43898242286246,-2.0966439403446,-11.7111879317303,8.40039605418907e-08,5.09308753825012e-05,3.74522108757548,55,64,56,69,61,0,0,1,0,0
"1182","TRINITY_DN18396_c0_g1",2.62501636368736,0.816672276654117,4.97698837186603,0.000349822740908787,0.00523156686850971,0.466704361611924,28,25,51,12.19,8.79,87,52,110.85,262,153.31
"1183","TRINITY_DN18427_c1_g1",1.70085559285781,4.33135472499566,3.82540695513988,0.00253798097342138,0.0191223941530466,-2.06926449294119,321.32,418.8,317.93,293.93,205.83,3038.92,417.08,811.79,1048.12,786.91
"1184","TRINITY_DN18464_c0_g1",1.07446571778296,2.66420882301613,5.29986368631477,0.000207130151740103,0.00377674022235869,0.740437913498104,146,99,99,99,167,269,158,361,272,229
"1185","TRINITY_DN18477_c0_g1",1.39618092761857,-1.13599890233855,3.57706502448335,0.00396787469537462,0.0259800978158325,-1.70147924263803,10,13,6,8,7,18,11.01,26,15,23
"1186","TRINITY_DN18490_c0_g1",1.81336422970161,0.164082474714994,3.70809010693279,0.0031323800815477,0.0220462325330565,-1.58943058032609,17.52,19,15.21,19,15.53,96.64,118.62,41.55,36.29,29.15
"1187","TRINITY_DN18514_c0_g1",-3.78110872335464,-1.70707434378028,-5.4250857120134,0.000169701341634574,0.00332740651508511,0.221358787331459,36,26,37,35,29,5,0,0,5,4
"1188","TRINITY_DN18516_c0_g1",-2.21453519860246,-1.18453295135846,-4.48554192580395,0.000798466818166457,0.00893425400265208,-0.396025882759019,34,15,23,36,33,3,8,3,6,3
"1189","TRINITY_DN18528_c0_g1",1.17671542657746,4.26050334048823,5.2043996952721,0.000241477631889697,0.0041445913146458,0.342432510474331,315,179,520,424,386,704,873,926,827,605
"1190","TRINITY_DN18539_c0_g1",-1.40331242672735,1.64116366228857,-5.25312479427256,0.00022325297146838,0.00394892760036965,0.81138122378694,216,121,96,103,188,45,35,46,73,56
"1191","TRINITY_DN1854_c0_g1",1.51731928993723,3.33158606474364,5.66755242419101,0.000116095787893433,0.00261503733248662,1.24324857512779,194,143.82,128,133,228,454.88,328.48,291,737.91,634.83
"1192","TRINITY_DN18541_c0_g1",-1.21153849695288,2.45773839009209,-4.36350263670026,0.000984934751034812,0.0102607902784015,-0.802912800966408,310.59,225.36,128.38,190.94,330.78,93.95,98.64,90.47,91.92,108.78
"1193","TRINITY_DN18545_c0_g1",-1.38042213231373,-0.126573879925428,-3.58543608084563,0.00390822504881322,0.025704022808948,-1.76889149335658,63,31,38,33,53,20,3,32,18,9
"1194","TRINITY_DN18556_c0_g1",-1.1600506371135,-0.0819154762080456,-3.33218827395045,0.00619331947986392,0.0350240008140236,-2.2189552439345,54.03,26.26,51.01,21.12,55.66,16.81,22.54,10.13,13.36,18.08
"1195","TRINITY_DN18566_c0_g1",-1.28120514380536,3.39826377807074,-8.31768682093903,3.04453962392461e-06,0.000307524960039299,4.95818458957666,530.11,385.44,447.26,388.56,509.99,174.58,127.18,179.4,329.92,148.78
"1196","TRINITY_DN18578_c0_g2",-1.9702341386682,-0.0340029328696208,-6.76405471495263,2.30890807454806e-05,0.000982690462205303,2.93938072297046,53.68,49.8,58.65,57.9,54.72,12.53,10.92,16.19,20.68,3.92
"1197","TRINITY_DN18579_c0_g1",-1.82801770134703,-0.545900875809682,-4.99996323623055,0.000336855001424099,0.00510589322397355,0.48982297955878,36,50,29,26,49,10.98,2,13,11,9
"1198","TRINITY_DN18590_c1_g1",-1.67677254391093,2.03626185769912,-6.09370449053999,6.07756988931908e-05,0.0017658392299677,2.07265626714235,318,167,259,129,176,64,45,60,119,36
"1199","TRINITY_DN18596_c0_g1",-2.52111563095424,-0.0892332311503272,-8.28717220729873,3.15966930609112e-06,0.000314757460123814,4.47464188312117,63.03,63.04,61.03,55.01,77.02,5,4,13.01,21.02,7
"1200","TRINITY_DN18598_c0_g1",-1.00834030258261,0.649727532788233,-3.71624155944808,0.00308678993345247,0.0218355561543001,-1.654990473567,52,90,44,68,65,25,19,35,31,31
"1201","TRINITY_DN18605_c0_g1",-2.36584140663127,-0.417170913403035,-4.0422731734347,0.0017263006335244,0.0148692844550367,-0.966653111665284,80.35,74.43,22.58,55.3,34.27,10.25,4,3.09,14.8,8
"1202","TRINITY_DN18625_c0_g1",1.88767515997421,0.272710453219564,5.14519886066252,0.000265753364759668,0.00439215778263235,0.745273327755379,15.79,22.16,23.52,17.27,14.87,97.4,42.1,55.05,114.87,28.34
"1203","TRINITY_DN18631_c0_g1",-1.29307074815381,-0.652000608558263,-3.25753979317606,0.00709850058394755,0.0384441447039223,-2.25256400413455,31,19,31.01,36,32.01,21,4,10,18.01,3
"1204","TRINITY_DN18638_c0_g1",4.39443088482065,-0.839784025941892,4.20159345328329,0.00130490899836424,0.0123844539050827,-0.968201335869586,6,1,10,2,8,87,61,32,183,45
"1205","TRINITY_DN18640_c0_g1",1.4331518448843,1.35162537798369,7.41771451731506,9.50520646457635e-06,0.000581088275866198,3.91910061423422,40,47,38,53,43,102,114,101.84,163.44,87
"1206","TRINITY_DN18643_c0_g1",-1.99227645413979,1.536332510401,-8.46866624057952,2.53745680689176e-06,0.000280517912974897,5.17610146532375,217.2,150.73,129.25,105.85,200.36,35.34,35.95,37.1,38.07,41.1
"1207","TRINITY_DN1866_c1_g1",-1.39077671447506,5.10106821505338,-5.73197800441949,0.000105102812059624,0.00246301036222964,1.10775580087114,2036.3,1978.7,1081.42,1273.24,1520.65,512.13,431.02,681.09,1080.98,360.34
"1208","TRINITY_DN18665_c0_g1",-1.13929440303257,0.220637718220044,-4.74747901453179,0.000512229063579681,0.00663955617722289,0.1201338481045,52.06,39,51,40,64,30,9,22,24,17
"1209","TRINITY_DN18670_c0_g1",-1.1714833751026,0.277101049937645,-4.97556483853235,0.000350643304327068,0.00523874924945984,0.478530156768771,54.26,57.97,50,35,60.08,15,16.63,15,35,23
"1210","TRINITY_DN1868_c0_g1",1.28175470141246,3.94822782128778,8.76564855634387,1.78557628587184e-06,0.00022668323930064,5.45194701071935,341.58,243.57,258.76,167.86,371.12,636.9,562.56,658.03,804.82,606.85
"1211","TRINITY_DN18693_c0_g1",-2.56489676825658,-0.23000451527279,-5.34561426990728,0.000192533975987148,0.00359866511612268,0.986806327638505,96.15,33.44,52.15,69.47,59.97,12.14,8.39,8.2,15.9,1.73
"1212","TRINITY_DN18705_c4_g1",-1.4236126042129,1.65113617836717,-5.5386685956083,0.000141907187966637,0.00297092912266872,1.26091983658989,148.18,157.14,211.9,100.84,104.93,58.2,66.44,35.4,60.77,36.85
"1213","TRINITY_DN18710_c0_g4",-1.43063425194878,-0.163312159174357,-4.17116038683406,0.00137625020897344,0.0128419325984345,-0.784510271202464,53.27,31.16,36.88,45.72,43,4.91,10.62,16.43,27.65,13.83
"1214","TRINITY_DN18718_c1_g4",-1.15273510011799,-1.11385334386198,-3.53588559928371,0.00427515943240554,0.0273211369625155,-1.76814615015597,22.49,16.32,17.82,17.67,24.59,5.4,4.4,8.53,6,12.02
"1215","TRINITY_DN1872_c5_g1",-1.06754676584597,2.7430866340454,-5.03578000598156,0.00031763762416396,0.004919313216373,0.294479237712096,254.58,233.95,373.38,237.39,222.66,125.4,146.02,95.85,107.06,165.5
"1216","TRINITY_DN18722_c1_g2",-1.22420814424711,-0.405298213050479,-3.29187969904079,0.0066665247611764,0.0367933991156921,-2.2341050522926,41.59,33.16,29.48,32.4,29.11,22.67,6.89,3.78,21.33,14.55
"1217","TRINITY_DN18730_c0_g5",1.80625869740986,-1.44927574298601,3.44277154508792,0.00506284948878425,0.0305571690273844,-1.92178119673325,11,3,9.14,8.98,4,26,9,11,29,15.99
"1218","TRINITY_DN18742_c0_g1",1.56678515689981,0.0054138846787355,4.62166554791587,0.00063324664886567,0.00765738516639677,-0.0660822819707532,13.77,8.05,40.77,16.03,18.88,44.04,38.2,50.97,50.23,42.03
"1219","TRINITY_DN18761_c1_g1",-2.16225519363148,-0.120497617746894,-7.82438070676884,5.61782564474836e-06,0.00043776383186749,4.08441741205931,64.92,66.21,59.72,36.3,49.63,7.95,10.22,12.31,15.19,6.12
"1220","TRINITY_DN18771_c1_g1",3.84522137884562,-0.810680150993755,3.76845379503733,0.00281050168481008,0.0205111409279037,-1.47252928974685,16,0,23.04,13.42,0,47.91,101.71,42.17,88.27,32.01
"1221","TRINITY_DN18774_c2_g2",-1.01074295737252,-0.852481820498382,-3.06062915289852,0.0101827984042111,0.0486882163239295,-2.56633257601638,22.47,30.22,15.42,28,20,10.91,8.16,6.45,11.78,8.12
"1222","TRINITY_DN18781_c0_g1",2.04186416264008,-1.69366304764136,3.06647354613315,0.010074191043183,0.0483708796812998,-2.49989698218432,6.37,8.45,1.34,10.12,2.72,16.91,17.38,27.82,14.29,5.33
"1223","TRINITY_DN18784_c1_g1",-4.63128539671553,-0.0775932702196672,-6.30642035035658,4.44126401994455e-05,0.00146402903823518,1.86841573651417,146,93,156,84,178,16,5,0,6,7
"1224","TRINITY_DN18787_c0_g3",-1.12439983468342,0.0810799855419686,-3.68047828340096,0.00329201475088301,0.0228189872428633,-1.64158671932652,36.52,63.89,47.39,34.23,42.89,20.41,7.06,24,16.61,24.85
"1225","TRINITY_DN18809_c0_g1",-2.61127799718011,-1.63511520739646,-3.70518179137021,0.00314881289155203,0.0221342324250009,-1.62803812172415,18.04,14.98,46.92,27,17.83,2,3.01,6,2,1
"1226","TRINITY_DN18814_c2_g1",1.07197014359735,0.307691206171327,3.12862109499906,0.00898890252081782,0.044933727361473,-2.63336689646629,24.01,28,12,30,37.5,66,34,57,65,23.66
"1227","TRINITY_DN18827_c0_g1",1.12108656567563,0.935278129076541,4.97535218884188,0.0003507660550084,0.00523874924945984,0.432517278365835,46,39,39,18,48,79.96,77.96,80,71,67
"1228","TRINITY_DN18833_c0_g1",1.0668826271615,0.521911789742906,3.99469371688025,0.0018778144626886,0.0156843068857641,-1.15802407162896,32.99,20,37.45,31.8,23.55,87.85,54.54,45.37,58.53,35.56
"1229","TRINITY_DN18839_c1_g1",-1.06500342238657,2.0442420758773,-6.84727157367478,2.05603989807892e-05,0.000925730423248351,3.14332998515042,168.41,188.68,183.21,117.7,161.39,82.32,56.83,86.08,102.04,56.74
"1230","TRINITY_DN1886_c8_g1",-2.30747895634235,-1.04181851595324,-4.96331161337205,0.000357790622759996,0.00529828199361256,0.284629584367963,52.19,24.01,33,17,33.95,4.99,3,2,6,10
"1231","TRINITY_DN18864_c0_g1",-1.04880436099121,-0.390127757596378,-3.37817812572344,0.00569488441102165,0.0331382709900881,-2.09765883755789,37,42.02,35,14.47,36,10.01,11,13,21,10
"1232","TRINITY_DN18882_c2_g1",1.34720636858169,-0.726026978139602,4.47208704241145,0.000817082182424658,0.00906792837875118,-0.295146271861545,9,10.01,11.48,7.87,21.01,20,24.61,23.04,33.02,21.06
"1233","TRINITY_DN18935_c0_g1",1.28053206264384,2.38953941449393,8.20505646111473,3.49331682107256e-06,0.000335697871404519,4.88426704593985,112.13,89.17,95.45,67.24,102.84,278.02,146.33,249.66,267.66,190.8
"1234","TRINITY_DN18935_c0_g2",1.26741311050394,3.37645684102065,11.5492060260843,9.76496655803777e-08,5.41965608222686e-05,8.39850451471593,200.99,175.98,190.99,164.71,174.4,514.86,325.27,463.8,556.89,355.62
"1235","TRINITY_DN18947_c0_g1",-2.27036556379957,0.504461171114392,-5.5293619604743,0.000143992401511265,0.00299384201475505,1.32267897023514,69.63,166.59,88.21,87.44,55.18,12,12,17.54,29.32,11
"1236","TRINITY_DN18947_c0_g2",-2.12018595093479,-0.0815468902911229,-4.69093143704609,0.000563311730668057,0.00707593538490242,0.0511856551556011,46.37,102.41,35.51,68.55,43.82,13,10,16.46,9.68,6
"1237","TRINITY_DN18961_c0_g1",-1.55463620076935,1.08750489545705,-5.34124018377864,0.000193881342407732,0.00362011675073771,1.00546214400826,136,90,123,50,123,22,22,37,41,42
"1238","TRINITY_DN18999_c1_g2",-1.15522520353646,1.53746764544476,-4.30164333590288,0.00109627793183358,0.0110544406730368,-0.762714989875686,112.75,140.11,122.43,98.62,126.34,79.84,19.5,35.65,85.19,62.31
"1239","TRINITY_DN19003_c2_g1",-1.67388225483192,-1.64855420384786,-3.1779505855584,0.00821187796623692,0.0422765976773869,-2.32731140775751,15.67,14,15.02,16.09,18,6.09,4.09,4.67,0.97,6.08
"1240","TRINITY_DN19007_c0_g1",-3.50418854827184,-1.00633645560681,-6.14123645376233,5.66313578731893e-05,0.00169990959496724,1.41281673089471,67,37,44,29,54,2,5,4,1,6
"1241","TRINITY_DN19022_c0_g1",-2.05519717464273,-0.907343205654764,-3.7091154811681,0.00312660745160986,0.0220243882485324,-1.49424664815915,43.45,12.15,44.69,38.05,28.04,6.14,7.07,9.03,4.09,3.05
"1242","TRINITY_DN1904_c0_g1",1.73270279300147,2.54453390693506,5.26534682060985,0.000218913032085331,0.00389878805767952,0.718641575498008,102.62,52,84.35,103.5,111.94,534.93,321.55,277.12,244.96,169.91
"1243","TRINITY_DN19040_c0_g1",-1.28254633187391,0.326443666046936,-3.26770942009564,0.00696769647235979,0.0379245450643572,-2.38637081614924,79.7,93.13,38.79,27.18,58.67,19.96,10.51,12.73,34.86,30.76
"1244","TRINITY_DN19048_c0_g1",-2.32548999381198,1.69296045762461,-7.6592626741162,6.93881778240278e-06,0.000495266031308799,4.22356163486356,158,165,220,177.05,277.99,17,56.05,48.02,54,27.01
"1245","TRINITY_DN19066_c0_g2",1.13234401138728,0.317920434461295,3.36159791030139,0.00586970105339753,0.0337732899603666,-2.22729522886654,13.23,39.74,30.68,28.73,18.21,32.05,45.38,49.58,72.78,44.16
"1246","TRINITY_DN19071_c2_g1",1.13904028851594,0.866013785784176,3.92720911822955,0.00211668083477212,0.0169901606890282,-1.31809730807429,27.96,36.71,51.17,31.58,33.16,70.13,46.72,82.9,145.32,42.57
"1247","TRINITY_DN19080_c1_g4",-1.60071010894961,2.84111574674714,-6.81528200094543,2.14956364158362e-05,0.000949771860514824,3.03498287360999,439.43,311.31,343.03,263.2,370.24,120.75,96.19,77.43,252.24,65.05
"1248","TRINITY_DN19111_c0_g1",1.23969288540383,1.79325777353431,4.82235005378932,0.000451951312293786,0.00612874489423546,0.0831116900902824,55,58,83,46,75,165,106,227,112,141
"1249","TRINITY_DN19117_c0_g1",-1.13076013444477,0.112560625865818,-3.68852508946046,0.00324464880329729,0.0225995252990322,-1.63119226030669,48,55,51,28,49,33,12,9,33,14
"1250","TRINITY_DN19164_c0_g1",2.27969233561723,-1.81975049625917,3.45733133312744,0.00493053962723025,0.0300142116244746,-1.975641754962,4,1,11,11,3,14,13,14,15,21
"1251","TRINITY_DN19187_c0_g3",1.50976978834986,-0.845245074330065,3.31012246889428,0.00644797880073436,0.03593729018862,-2.14468902475788,12.17,4.76,5.98,22.78,13.34,29.53,12.57,16.56,43.8,22.17
"1252","TRINITY_DN19192_c0_g1",-1.79185516860142,1.35748481334466,-8.76452256077266,1.78792648894072e-06,0.00022668323930064,5.48917873697796,173.53,124.6,119.43,88.8,156.51,40.34,23.2,41.3,40.83,33.33
"1253","TRINITY_DN19215_c2_g1",1.30772049684993,0.13494139265919,6.02174050658854,6.76747545827279e-05,0.00189444033788428,2.02517310945448,18,17,25,15,28,56,34.88,42.66,48.07,44.25
"1254","TRINITY_DN19216_c0_g1",-1.29933976878652,2.11915714472595,-6.61548438959226,2.84654028325382e-05,0.00111867712655211,2.81592298923789,212.34,147.6,218.7,120.96,253.83,81.99,55.47,65.62,105.54,65.44
"1255","TRINITY_DN19249_c0_g1",1.40646445554686,0.214270938767224,3.20390111066524,0.00783068955455221,0.0410287097159859,-2.47875388812324,44,15,22,16,14,37,74,48,31,78
"1256","TRINITY_DN19272_c0_g1",-1.19084382519373,-0.943708491632114,-3.32453937234242,0.0062804177902503,0.0353073079100263,-2.11757189042687,17.61,27.96,32.92,14.91,23.81,4.5,8.37,6.28,12.71,8.86
"1257","TRINITY_DN19277_c0_g1",2.4932366791803,-1.37359297543414,3.05430868987899,0.0103015768668622,0.0490727857212737,-2.51301434732226,28,4,1,6,4,64,16,19,15,21
"1258","TRINITY_DN1929_c0_g1",-1.28186521464413,1.87946063235774,-5.32135127597833,0.000200134511772478,0.00370302871306241,0.889696807986549,194.56,98.67,187.25,151.98,165.79,111.98,39.63,46.81,73.34,57.44
"1259","TRINITY_DN19290_c0_g1",-1.26916086894884,-0.452396182112878,-3.78362227381647,0.0027351018288859,0.0201301626163496,-1.40394529135562,43,35,25,21,40,10,7,24,9,11
"1260","TRINITY_DN19292_c0_g1",-1.28763541101582,0.427158445965831,-3.58812527042236,0.00388925812014786,0.0256257587417277,-1.8434116899526,90.69,48.8,81.27,30.95,56.31,27.41,9.82,25.01,16.9,38.89
"1261","TRINITY_DN19296_c0_g1",1.19987072481111,-0.953688025614768,3.41590672296963,0.00531655587831751,0.0316063357973123,-1.96966821889616,10,5,15,12,13,19,11,20,28,21
"1262","TRINITY_DN19299_c0_g1",3.21732705135013,0.73744560633428,8.02955432115564,4.33998937259759e-06,0.000378902667680506,4.51865861509039,17,14,10,27,17,246,109,84,157,125
"1263","TRINITY_DN19311_c0_g1",1.37239524069271,0.235829287340645,4.98525811591126,0.000345095594610277,0.00518940958983898,0.495975638708231,17.25,19.29,28.8,23.55,18.25,70.92,46.68,57.48,41.91,36.48
"1264","TRINITY_DN19315_c0_g1",1.12773402002024,0.772960018701195,4.21310004888775,0.00127894577670552,0.0122319570495498,-0.81410400530209,21,40,59,22,35,61,63,59,89,64
"1265","TRINITY_DN19326_c0_g1",-1.63372692186092,2.11033753482957,-11.4011092808394,1.12234165083012e-07,5.76523639073249e-05,8.15340950077555,241.78,185.11,214.77,178.63,211.54,93.8,50.53,53.89,76.68,55.05
"1266","TRINITY_DN19338_c0_g1",-1.42395372231286,-1.21364023083527,-3.32458722439229,0.00627986904982323,0.0353073079100263,-2.09816924083186,14.02,20,22,18.02,29,12.09,6,2,6,6
"1267","TRINITY_DN19341_c0_g1",-1.86903940717442,-0.124514642091965,-5.4976498471128,0.000151344418459228,0.00309000535451045,1.25393334370595,58.13,56.34,46.42,41.11,47.17,4.22,5.1,15.44,27.14,13.5
"1268","TRINITY_DN19348_c0_g1",-1.43711640394829,1.88425883125427,-3.89669117599789,0.00223480689954456,0.0175909380713644,-1.52162637076661,171.27,143.06,166.54,144.08,188.93,129.11,126.95,24.03,43.39,42.4
"1269","TRINITY_DN1936_c2_g1",-1.2173889247684,5.19930093323149,-6.04134967550103,6.57160859143759e-05,0.00186456110014023,1.58270092157494,1955.83,1614.06,1134.03,1536.31,1599.72,678.61,352.08,684.17,1083.8,621.55
"1270","TRINITY_DN19369_c0_g1",-1.58646530214977,0.957845061210421,-8.57572553072249,2.23318501868861e-06,0.000256255625214118,5.23671909786,101.45,69.61,93.53,90.31,110.04,33.07,22.35,26.51,29.29,31.08
"1271","TRINITY_DN19375_c0_g1",1.21914278539334,0.657617988668562,5.22819580389516,0.00023238876220015,0.00404734459328477,0.853329973696908,28,25,32,34,30,45,47,75,99,61
"1272","TRINITY_DN19402_c1_g1",1.72109339257658,-0.678454442618347,3.47669185065112,0.00476004611132927,0.0293205879040163,-1.87905023942177,14,10,7,17,7,17,43,39,20,34
"1273","TRINITY_DN19402_c3_g1",1.10561042385986,-0.663177489327046,3.09616500875645,0.00954015011082574,0.0466971116520809,-2.53418924164549,10,7,27,12.94,14,19,26,25,27,20
"1274","TRINITY_DN19403_c0_g1",1.06427495658523,0.51348512962638,4.43837528362272,0.000865740523083317,0.00944603666820957,-0.40807313478002,33.23,32.39,20.13,34.21,23.08,51.67,52.72,43.48,58.54,63.87
"1275","TRINITY_DN19405_c0_g1",1.36307366981739,3.99270960461601,7.06822846492722,1.51756333449092e-05,0.000766404710550562,3.2463692616776,231.61,221.29,434.82,227.58,277.97,779.09,549.73,689.6,1090.95,466.77
"1276","TRINITY_DN19415_c0_g1",-1.23555901121173,0.585680695255722,-4.62000858957904,0.000635026869792633,0.00767038562622498,-0.111711851627123,56.45,55.74,90.47,53.9,69.03,14.4,18.36,21.28,44.19,32.57
"1277","TRINITY_DN19435_c0_g1",1.24606708385699,-0.742112178008146,3.90412602836215,0.00220541556451062,0.0174530420441288,-1.18883669869567,21,9,13,6,13,19,22,30,32,16
"1278","TRINITY_DN19462_c0_g1",3.53784389729564,-1.31750105840071,4.48795473319182,0.000795175696268335,0.00891209587795817,-0.650498537403177,10,11,0,0,18,31,34,35,49,30
"1279","TRINITY_DN19477_c0_g1",3.14807836474396,-1.21596321631227,4.51990560518776,0.000752905470283532,0.00859955989052069,-0.478983254574725,3,2,7,8,9,60,27,20,55,19
"1280","TRINITY_DN1948_c3_g1",-1.07248511987333,0.798450646178531,-4.80719928131287,0.000463519072965208,0.00622718174784797,0.173222210235814,91.75,71.52,59.31,65.24,65.1,21.62,27.71,23.59,51.54,33.85
"1281","TRINITY_DN19495_c0_g5",-1.22581558200091,0.227140076629994,-5.31149864281935,0.000203310732466671,0.00373086169014667,0.997362074087479,55.79,51.85,48.33,52.36,42.4,27.13,21.39,16.83,18.88,12.93
"1282","TRINITY_DN19501_c0_g1",-1.96683951943183,2.07743380674059,-10.7962850749581,2.01426307480453e-07,7.30385219344622e-05,7.59849644131363,260.68,195.74,244.13,170.4,277.55,46.1,43.3,63.3,95.22,42.94
"1283","TRINITY_DN19531_c0_g1",-2.72926748668055,2.66038955890385,-13.9386118980307,1.24994651739335e-08,1.58106607040795e-05,10.1811720718825,578.61,388.4,449.32,350.32,490.57,77,33.01,74.01,107.01,51.01
"1284","TRINITY_DN19537_c2_g1",-1.65376041641254,1.85579944313239,-8.99100840967021,1.37579748959254e-06,0.000202166944528728,5.78273435566828,193.99,169.11,185.01,119.01,214.09,54,52.05,66.15,65.74,34
"1285","TRINITY_DN1954_c0_g2",1.079434109363,0.702770874974426,3.87046641190756,0.00234174581788594,0.0181847132577076,-1.39501492837661,25.27,20.2,48.08,45.32,30.64,56.46,38.86,71.58,84.27,66.8
"1286","TRINITY_DN19546_c0_g1",-1.16943751881554,-0.772733575765115,-4.34257588784629,0.00102122068603656,0.0105298984519838,-0.495136563820507,29,26,27,18,25,11,11,9,8,7
"1287","TRINITY_DN19578_c0_g1",1.17869047505484,4.13714083051905,10.9426376217735,1.7441434812495e-07,6.97541971240012e-05,7.80416454914063,285.3,263.9,348.78,319.96,375.25,808.52,600.14,654.67,926.3,614.92
"1288","TRINITY_DN19581_c0_g1",2.20231302864311,-1.19810794972578,4.47295508710882,0.000815867644279715,0.00905814595632129,-0.409869199054079,6.43,5.93,7.92,2.08,13.68,19.94,12.48,24.61,50.98,20.9
"1289","TRINITY_DN19599_c1_g1",-1.06070238229992,0.42674595199218,-3.08942075455208,0.00965890023495068,0.0470750217454483,-2.71818083410251,78.67,82.28,45.88,32.89,45.02,36.04,14.81,38.62,17.4,18.2
"1290","TRINITY_DN196_c0_g2",1.08060454072292,3.54217206157409,5.93929694465551,7.66136682712991e-05,0.00204008482499268,1.62919386821025,174,253,265,219,185,591,450,448,399,426
"1291","TRINITY_DN19608_c0_g1",-2.42347719171323,-0.821318762514755,-3.76518653652356,0.00282702072659869,0.0206074545224604,-1.41320309087296,22.97,42.6,31.49,46.66,63.48,3.04,1.25,4.15,32.37,2.01
"1292","TRINITY_DN19628_c2_g1",-2.74137203095877,2.4791984335958,-9.96000934802463,4.7368880367807e-07,0.000118729989497023,6.81946133358961,548.74,366.41,318.02,254.84,550.22,41.85,54.21,63.92,80.12,48.17
"1293","TRINITY_DN19631_c0_g1",-1.28350721632511,0.0103497431717918,-3.46281082378812,0.0048816633589152,0.0298134461884973,-2.00320878286944,57,60.47,22.02,40,50,16,20,18,11,16
"1294","TRINITY_DN19637_c0_g1",-1.20421711012579,-0.723677409640887,-3.18762183268116,0.00806767327129664,0.0418191953587244,-2.3690055874132,38,20,25,23,25,10,12,18,5,7
"1295","TRINITY_DN19643_c0_g1",-1.47649271826957,-1.24744715236668,-3.11089527541257,0.00928586803722634,0.0458985503828406,-2.43272496766656,27,19,14,16,29,1,6,5,14,7
"1296","TRINITY_DN19643_c1_g1",-1.94934771162171,-0.174488542826274,-4.79504594337748,0.000473022631945003,0.00630835586122957,0.211008571719586,66,55,29,56,50,13,8,21,15,3
"1297","TRINITY_DN19645_c0_g3",-1.45315664388928,2.75450010822485,-3.23383832126547,0.00741308816340226,0.0395645268632628,-2.87380682875782,404.06,355.44,110.27,305.27,494.86,115.9,138.06,80.3,79.82,156.13
"1298","TRINITY_DN19653_c1_g1",-1.14137009409308,1.63058527842853,-3.67218124062788,0.00334159726934136,0.0230591197932092,-1.8836185283929,111.52,184.51,120.95,75.43,167.21,47.44,40.86,32.14,119.19,59.4
"1299","TRINITY_DN19667_c0_g1",-1.4853075635675,-0.895341736689573,-3.52675555483405,0.00434652280837908,0.0275763119177122,-1.78619350109899,17,25,33,27,31.01,5,8,3,18,7
"1300","TRINITY_DN19696_c0_g2",-1.5259854041139,1.32346980843331,-5.12698062737395,0.000273731126192161,0.00446834024151195,0.646151830957756,96.13,120.57,148.67,154.5,80.57,45.44,38.56,56.5,35.35,21.79
"1301","TRINITY_DN19714_c3_g1",1.33593181125627,1.44691310630895,4.85826824772902,0.000425721219436184,0.00591055208348612,0.190074015603795,34.66,34,60.55,53,67.74,82.88,107.68,98.91,151.65,157.15
"1302","TRINITY_DN19730_c0_g1",-2.19992734295471,-1.22095247188154,-3.7544407758191,0.00288205849167592,0.0208828135576895,-1.45245638462466,17.64,20.53,49.07,15.71,44.36,6.63,1.64,2.59,6.23,4.75
"1303","TRINITY_DN19738_c0_g1",-1.05525864501343,0.726223057457143,-5.49104863729286,0.000152924129033199,0.00310941917840925,1.25337409648491,65.27,66.47,68.04,63.16,67.25,28.13,16.26,28.31,38.22,38.22
"1304","TRINITY_DN19741_c2_g1",-3.12046305018806,1.69140583706202,-12.5622865609037,3.91818771210728e-08,3.31965636699223e-05,8.84474635926631,334.56,270.02,261.05,169.15,271.95,38.26,18.71,35.96,23.47,26.59
"1305","TRINITY_DN19758_c0_g1",-2.60727377235948,-1.84658631974014,-4.17156279153767,0.00137528092586884,0.0128400045562167,-1.08952177869806,23.23,19.22,16.19,14.1,25.35,0,5.05,2.02,3.04,4.06
"1306","TRINITY_DN19762_c0_g1",-1.13970044086103,-0.239940698188048,-4.05480829576588,0.0016885297182552,0.0146606820520984,-0.975573540312853,32,33.33,44,32.84,38,9,13,11,31,11
"1307","TRINITY_DN19773_c0_g1",1.07461620592526,0.563325832006338,3.72566927464153,0.00303491100110844,0.021583661645043,-1.62751263416481,30.97,26.28,18.82,30.11,43.01,34,57.93,56.37,71.27,68.46
"1308","TRINITY_DN19775_c0_g1",1.47580402345029,-0.66783524532105,4.8253751350219,0.000449678131971297,0.00611636402095452,0.237909847927076,11,14,11,5,19,27,27,24,29,26
"1309","TRINITY_DN19786_c1_g2",-1.2069837267009,-0.635008320660982,-4.09895697045878,0.00156218020793082,0.0139361232884313,-0.87943519162177,26.53,25.14,32.55,26.98,27.52,5.48,13.32,13.63,11.07,8.36
"1310","TRINITY_DN19793_c0_g1",-1.48573328991452,-0.443301687506407,-3.54717884862837,0.00418854185936797,0.0269831789971436,-1.79096667792355,32.53,31.26,45.64,26.99,40.68,2.14,14.78,14.78,22.07,8.16
"1311","TRINITY_DN1980_c1_g1",1.11851361811709,1.83807025195182,4.96636334448059,0.000355996341780787,0.00528033734000512,0.313043469369859,52.5,66.75,78.36,67.24,75.31,125.32,118.19,97.68,226.43,167.03
"1312","TRINITY_DN19801_c0_g3",1.32249977664972,4.91978675609094,8.84747804680881,1.62335039369263e-06,0.000213984365213713,5.46406687819195,408,471,710,477.02,576,1302,1420,1454,1315,993
"1313","TRINITY_DN19806_c2_g1",2.07538764967379,-0.170816417403109,5.79502205412931,9.54077581732726e-05,0.0023145956176639,1.66158345730548,9.47,9.64,12.51,13.76,23.71,48.25,23.27,49.47,85.48,44.26
"1314","TRINITY_DN19811_c0_g1",1.42214580205734,1.34297876989354,5.10774556284875,0.00028242848048204,0.00456781667615184,0.609409510563383,45,44.78,77.35,50,21,124.93,95.53,119,130,89.01
"1315","TRINITY_DN19811_c1_g1",1.67920007547542,1.97960223477914,7.80317859946991,5.77123478963446e-06,0.000442740805984497,4.40311677100642,67.69,63,82.02,71.39,35.06,201.2,188,210.51,219.24,143.33
"1316","TRINITY_DN1982_c3_g1",-1.62544148664258,-0.461335351033676,-5.24484707807493,0.00022624379042299,0.00397854057707626,0.863600197508549,30,53,37.22,24.99,42,9,9,10,15,6
"1317","TRINITY_DN19820_c0_g1",-1.30300265104576,3.24860052286404,-4.37811744765292,0.000960391990362781,0.0101032294896764,-0.909320605203725,482.75,467.59,393.54,220.3,569.3,222.23,61.59,173.62,241.42,189
"1318","TRINITY_DN19829_c0_g1",-2.33437153875715,-2.25946256967988,-4.08202961374044,0.0016094250875122,0.0141968287120073,-1.28529736753116,16,11,13,12,17,3,0,3,2,3
"1319","TRINITY_DN19853_c0_g1",1.02007475822155,-0.112832643738005,3.71160600602493,0.00311263181166248,0.0219731667466132,-1.57008495689844,12.63,29,15.04,15.29,26.45,30.93,29.4,35.28,37.42,34.49
"1320","TRINITY_DN19854_c0_g1",-2.06952709226908,0.658303540083074,-7.00413783752628,1.65624200457581e-05,0.000810113838766931,3.35234356128673,92,96,90.09,47,142,18,17,20,26,15
"1321","TRINITY_DN19855_c0_g1",-2.14443104841163,-1.45636072934,-3.11108708590075,0.00928260228685056,0.0458907490441819,-2.42980298342162,19.13,17.35,16.63,28.15,40.31,7.43,0,3.14,10.75,5.15
"1322","TRINITY_DN19856_c0_g1",-3.07669324429281,0.340039516341025,-8.05244732470526,4.21803766053327e-06,0.000373653560902386,4.37010102392941,136,95,85,70,145,15,2,11,19,11
"1323","TRINITY_DN19869_c0_g1",2.32007201029487,-0.551853857463153,3.77065356839416,0.0027994357454265,0.0204518616023496,-1.39735040839771,11,3,14,11,14,26,89,45,34,29
"1324","TRINITY_DN19878_c0_g1",1.02437043472625,1.97794184477501,5.76380171399156,0.000100084683875113,0.0023907360740673,1.56643800207075,73,65,75,81,88,154,108,183,149,177
"1325","TRINITY_DN19890_c1_g1",-1.48489473660569,0.145238207154833,-5.13434405710963,0.00027047672631674,0.00444187790491963,0.730209307052527,86,53,37,34,60,18,12,19,16,16
"1326","TRINITY_DN19891_c2_g1",1.10540453790463,1.47153993332793,6.42364528881247,3.74608421762243e-05,0.00131708640388301,2.58563744320834,66.4,54.6,61.78,45.4,39.09,126.1,106.68,98.98,116.31,97.97
"1327","TRINITY_DN19893_c1_g1",-1.88983500800796,-0.687361386911759,-3.84639258914301,0.00244456091849728,0.0186561123779971,-1.27700112364458,30.53,21.23,49.75,24.03,52.82,16.91,11.87,9.12,5.21,2
"1328","TRINITY_DN19900_c1_g2",-1.1592549253725,0.02214029611459,-4.15538985513734,0.00141480108420716,0.0130827007431335,-0.832371243587859,67.4,38.66,38.7,25.29,50.88,19.87,12.28,14.91,15.45,22.25
"1329","TRINITY_DN19905_c1_g1",1.79019891756136,0.464215988646474,6.43091260741866,3.7069847316007e-05,0.0013075655417412,2.59760437765545,12,25,29,19,27,65,44,77,79,78
"1330","TRINITY_DN19907_c1_g2",1.43373862274511,0.72335350578129,6.30044937241552,4.48016331048473e-05,0.00146799469954196,2.42987568785868,32.02,42.18,22.26,27.67,23.32,71.15,65.49,55.68,106.66,65.15
"1331","TRINITY_DN19908_c0_g1",-1.74301498609987,-1.17793409851722,-3.53208322985391,0.00430473333311356,0.027442422728713,-1.77398485058221,28,20,37,27,13,5,6,5,10,2
"1332","TRINITY_DN19935_c0_g1",-1.10545383367636,1.68151465281799,-4.88245119308076,0.000408964908532313,0.00577083617320634,0.19773155907672,146,127,146.84,89,146,65,43,38,122.86,44
"1333","TRINITY_DN19984_c0_g1",1.01081758847766,1.25487192605809,4.91863117124191,0.000385177229109302,0.00556741288027745,0.306422247064375,57.33,42.66,62.15,42.56,35.74,127.95,58.79,87.98,102.92,84.99
"1334","TRINITY_DN19991_c0_g1",1.11053849706356,0.00314736313423754,3.57578181214658,0.00397710051099447,0.02601545085911,-1.81447880467918,13.6,18.57,23.89,23.1,21.82,74.4,28.66,31.6,38.65,28.45
"1335","TRINITY_DN2002_c4_g1",-1.44625295620623,2.37969203946196,-9.99827064136233,4.54942833189467e-07,0.000115092072744225,6.8722967424727,295.98,246.07,203.84,188,240.67,81.44,69.01,86.48,111.45,73.18
"1336","TRINITY_DN20024_c0_g1",1.39301465599365,-0.792861507340509,3.0557101387629,0.0102751203804148,0.0489939574481583,-2.57417508815432,5,22,7,19,11,21,13,29,25,29
"1337","TRINITY_DN20033_c0_g1",-1.31316829456684,8.03981968433444,-18.4927389401399,5.2800315396665e-10,2.87186195474001e-06,13.5698054486656,11698.85,10839.37,10234.12,10274.62,11728.92,4342.71,4431.47,4865.98,4716.77,4222.35
"1338","TRINITY_DN20033_c1_g1",-1.28687703532115,3.45595650929446,-9.94499634158853,4.81270088327286e-07,0.000118971645093053,6.81589542323878,449.67,543.42,450.99,396.49,486.31,184.67,172.7,233.07,189.24,179.73
"1339","TRINITY_DN20035_c0_g1",-1.62438172755929,0.562151384031119,-4.70385804045159,0.000551181657813381,0.00696811887612909,0.0327789616668257,72,44,94,70,97,17,12,17,63,15
"1340","TRINITY_DN20039_c0_g1",1.15168973070016,1.6145671817927,6.59375719061076,2.93574166001402e-05,0.00113639594082308,2.81781509962085,72,60,61,39,56.48,131,113.98,158,125,94.46
"1341","TRINITY_DN20039_c0_g2",1.01540180569548,2.4321187282663,8.56046569130799,2.27405027800301e-06,0.000258631073286742,5.3060199098199,104,94,121,106,96.52,223,184.02,227,221.01,187.54
"1342","TRINITY_DN20043_c0_g1",-1.57427871329424,-0.48740414905155,-5.10466782142832,0.000283846903511076,0.00458122164061453,0.661052356243619,38,33,39,27,38,9,5,5,16,19
"1343","TRINITY_DN20045_c0_g2",1.29208075412254,2.52095781546634,6.41049409200094,3.81796027672344e-05,0.00133631066545215,2.47951889338063,88,112,96,126,89,315,211,302,254,161
"1344","TRINITY_DN20046_c0_g1",1.06146648311732,1.16968269622317,4.8582126425283,0.000425760568165664,0.00591055208348612,0.217638034986081,57,43,39,50,34,98,77,112,101,54
"1345","TRINITY_DN20068_c0_g1",2.10532639385899,-0.907545131187289,3.21815017173441,0.00762903904304791,0.0403374222407328,-2.27238469582064,9.88,11,5.59,6.25,7.96,30.76,33.05,40.47,56.8,5.82
"1346","TRINITY_DN20068_c1_g1",-1.92553075355449,-0.537297670554362,-3.55243012218936,0.00414887856892643,0.0268134094869864,-1.75702886878179,32,24.02,48.06,28.77,78,3,10.07,6,31,4
"1347","TRINITY_DN20068_c1_g2",-1.19318846970579,-0.27629198634507,-3.12761786526285,0.00900545163356685,0.045003263487811,-2.53623480131822,26.69,34.48,43.8,18,73.84,12.95,7.94,13.21,18.78,14.01
"1348","TRINITY_DN20075_c2_g2",1.15060439806979,0.276507367102878,3.90829617336628,0.00218910516893056,0.0173694012444986,-1.27607501023012,19.41,21.75,26.35,18.58,32.25,33.11,68.32,58.25,55.13,30.9
"1349","TRINITY_DN20082_c0_g1",-1.50914712738015,-1.14175246495058,-4.1350440730905,0.00146619833267282,0.013398520415391,-0.846586484479277,36,19,23,15,22,12,3,4,9,4
"1350","TRINITY_DN20086_c0_g1",-1.46497794338955,-0.0283624284980759,-4.97506088799038,0.000350934279904144,0.00523954609340277,0.488591252949509,49,40,49,33,64,16,13,20,23,5
"1351","TRINITY_DN20089_c0_g1",-2.74798598956247,1.06183673626779,-5.89263746123856,8.22207799726937e-05,0.00212046962707197,1.85064598239206,126,77,310,199,117,15,17,21,27,21
"1352","TRINITY_DN20097_c0_g1",-3.00629531201026,-2.08745896787975,-5.2112952115705,0.00023880596910911,0.0041169240779124,-0.0276909721533594,24.86,21.31,22.47,11.45,18.24,2.42,0,1.14,4.45,1.11
"1353","TRINITY_DN20109_c0_g1",-3.17880147737034,0.631072594704446,-8.81586908421146,1.68405598703357e-06,0.00021913274926015,5.25785714991528,210,108,128,94,133,13,5,15,31,6
"1354","TRINITY_DN20134_c0_g1",-2.59603709909686,2.14275387997334,-7.47221014779988,8.84835049902027e-06,0.000558318598598853,3.98734630356834,417,337.5,221.08,189.51,390.13,51.82,20,38.82,116.43,40.28
"1355","TRINITY_DN20147_c1_g1",1.59765681896688,0.54915121359113,3.4368327424374,0.00511785145144076,0.0308040613329862,-2.11875531026922,31.23,11,64.46,10.01,34.92,102,46,104.35,85.53,32
"1356","TRINITY_DN2017_c0_g1",1.34918489155949,3.81876720895005,9.14308171071234,1.15711021036728e-06,0.000187379467669505,5.90655755990371,221.84,243,220,237,279.91,782.73,579.42,637,677,415.9
"1357","TRINITY_DN20200_c0_g1",-2.13219690705667,2.21546567244767,-6.54028756836347,3.16819121493265e-05,0.00119006276499587,2.71615422954451,248,231,217,392,264,130,46,26,81,48
"1358","TRINITY_DN20203_c0_g1",-1.05481292266844,0.312276999430425,-4.2219436779713,0.00125935633316451,0.0121086781211375,-0.749008785531053,53,58,57,39,45,41,17,22,19,15
"1359","TRINITY_DN2024_c0_g3",-1.24132157049535,3.81672543391636,-4.34408476143284,0.00101855837381128,0.0105124114819676,-1.06613746132077,567.85,555.01,599.13,858.15,466.53,342.23,114.17,432.34,333.58,151.84
"1360","TRINITY_DN20242_c0_g1",-1.32957288766307,0.253122043980047,-6.41652094243569,3.78484082841632e-05,0.00132728096388389,2.56862527090244,71,51,49,44,50,17,16,16,21,23
"1361","TRINITY_DN20242_c0_g2",-1.19494611205848,-0.544068462241699,-3.25944692123809,0.0070737825875465,0.0383561069404089,-2.27103074733099,33.53,17.28,33.44,20.6,54.25,10.81,8.05,6.31,19.28,11.12
"1362","TRINITY_DN20264_c0_g1",-1.9760168690369,0.51449823129878,-7.80958706602042,5.7243982037201e-06,0.000441639351345447,4.3005068548537,112.87,77.14,71.79,58.04,78.05,19.48,16.43,23.59,24.64,8.2
"1363","TRINITY_DN2027_c0_g1",2.42778866624213,7.31077602753962,13.5248023237228,1.74315656246111e-08,1.92986390457819e-05,10.028911512245,1557.01,1970.77,2241.92,2391.96,1416.94,7744.95,10883.83,12641.86,10718.98,9184
"1364","TRINITY_DN20276_c0_g1",-1.42801823412125,0.856571667365344,-4.13599853125502,0.00146374440211762,0.0133868640592772,-0.949354495473701,130.6,106.45,45,62.82,87.55,24.4,24.7,37.18,22.48,33.25
"1365","TRINITY_DN20308_c1_g1",1.33044800066158,0.252822946882354,3.93338204130377,0.00209358187868688,0.0168615343946035,-1.22757205298501,40.61,16.86,19.75,12.74,25.52,72.5,46.93,70.72,36.29,34.4
"1366","TRINITY_DN2031_c3_g1",1.12313758006008,0.627252978781171,4.24658880686361,0.00120639351579436,0.0117572029596078,-0.740805601154468,24.26,24,44,44,22,70.46,42,53.62,74,62
"1367","TRINITY_DN20310_c0_g2",1.17645175725054,1.15329686510133,4.11623158281937,0.00151544656342499,0.0136467970250412,-1.02889605526207,42.1,39.86,33.21,47.18,45.8,118.92,124.51,92.31,65.19,63.26
"1368","TRINITY_DN20320_c0_g1",1.81050472792106,-1.07713173769372,4.4151913461358,0.000900950693530352,0.00970832089323314,-0.432582426405435,10,10,8,6,6,21,21,12,42,22
"1369","TRINITY_DN20335_c0_g1",1.12679399164748,-1.05523051605476,3.1283156743598,0.00899393744301355,0.0449514117962748,-2.42942350692161,10.9,4.75,16.77,7.69,13.66,20.88,18.2,16.65,20.8,12.49
"1370","TRINITY_DN20337_c0_g1",1.30935399598082,0.996496238039486,3.8395381350712,0.0024746781705548,0.0187866807983701,-1.48593385786875,25,43,49,47,26,104,35,117,94,92
"1371","TRINITY_DN20348_c0_g1",2.19033258768285,-1.06651279335012,3.09056747155719,0.00963860489552809,0.0470140219597048,-2.46224296231531,8,3,9,5,16,11,11,51,47,35
"1372","TRINITY_DN20352_c0_g1",-2.84262407080893,-1.50101791906075,-3.34702960352625,0.00602780317049789,0.0343883199335589,-2.10813921415541,44.35,21.68,40.27,18.28,15.64,0,7.47,12.83,1.03,4.21
"1373","TRINITY_DN20355_c0_g1",-1.00014577865628,0.527344187444452,-3.48734024081524,0.00466884970856058,0.0289295288788242,-2.03798120525921,88.62,47,59.78,31.7,71.5,16.43,26,29,43,20
"1374","TRINITY_DN20360_c0_g1",1.37156812965135,-1.2312669944683,3.2972673827129,0.00660121049726792,0.0365367294349139,-2.14193575562711,17,9,6,6,6,11,17,13,32,16
"1375","TRINITY_DN20366_c0_g1",-1.78999457238082,-1.28230442978522,-3.40392699328235,0.00543382902810054,0.0320485138437884,-1.97531593995828,18.1,14.1,32.24,25.71,26.97,15.8,1.07,6.07,6.61,1.05
"1376","TRINITY_DN20366_c0_g2",-2.03405119996307,-0.248849888022546,-5.18570124131953,0.000248882092010147,0.00422237862336991,0.787023456607999,61,28,62,56.97,43,15,3,6,16,14
"1377","TRINITY_DN20369_c1_g1",1.10022320751263,0.862861363323334,4.75694621509621,0.000504162680737125,0.00658687575394954,0.0841243739502726,36,34,30,26,56,76,42,66,115,67
"1378","TRINITY_DN20375_c0_g1",1.10502294651848,-0.748452378458381,3.17763567760646,0.00821661695174864,0.0422889868113702,-2.38563966745752,16,16,12,4,18,19,16,31,27,19
"1379","TRINITY_DN20378_c0_g1",-1.33599242455412,1.79216875421805,-6.69159887261735,2.55614687065723e-05,0.0010485021451125,2.94635869460286,201,107,165,123,160,53,64,46,61,65
"1380","TRINITY_DN20409_c0_g2",2.21388535626355,-0.708550292126718,4.50924748235881,0.000766738767314252,0.0086810341992068,-0.260121706742838,11,9,7.03,9,8.01,65,18,25,68.01,18
"1381","TRINITY_DN2041_c0_g2",-1.5575297505542,0.626035250574724,-4.46079528412533,0.00083305429455066,0.00919912824397766,-0.373288422118557,112.16,71.75,35.59,80.74,88.1,27.26,16.83,26.88,21.41,20.78
"1382","TRINITY_DN2041_c1_g1",-1.73813720332497,0.380743068938855,-4.96888452341629,0.000354521136888917,0.005267074339395,0.467774480040261,94.89,74.08,44.19,73.29,51.35,10.74,18.31,21.07,14.33,27.82
"1383","TRINITY_DN20425_c0_g1",-2.01800848585186,-0.784850372374426,-4.58886752429653,0.000669476462327272,0.00795401796907877,-0.150366966085374,49.25,17,35.68,44.74,29.33,6,5,6,8.11,6
"1384","TRINITY_DN20472_c0_g1",-1.89943374393471,0.382141635777727,-7.63860388434194,7.12619421339418e-06,0.000499485604975158,4.08279776056406,83.36,63,85,47,78.31,14,10,24.89,28,11
"1385","TRINITY_DN20521_c0_g1",-1.01413390194912,2.0825423300838,-4.94314991468805,0.000369886191185307,0.00541919720342769,0.240189954115016,228.1,144.57,172.54,95.33,204.89,85.18,72.24,79.6,103.5,60.33
"1386","TRINITY_DN20525_c0_g1",-5.55090174328005,0.699481700015631,-6.11801394895846,5.86173109945003e-05,0.00172992629533471,1.8525023411411,478.3,289.06,225.9,146.58,536.44,7.84,3,4,8.01,3.17
"1387","TRINITY_DN20544_c0_g1",1.25013537813109,0.957263876795904,6.99540379737457,1.67616441140646e-05,0.000818386521551244,3.368584949635,46,30,39,28,36,77,72,93,78,79
"1388","TRINITY_DN20563_c1_g1",-2.01174338678703,0.991526125593324,-8.4051676326865,2.738722054378e-06,0.000290478095751457,5.04238536943679,94.17,122.42,98.56,136.69,103.78,32.33,15.19,31.73,26.82,20.6
"1389","TRINITY_DN2058_c1_g2",1.14435818247,5.65025031337949,14.2809196957192,9.55601510211619e-09,1.44378115949778e-05,10.6865720238955,844.41,850.39,945.55,942.42,1047.86,1993.61,1880.07,1940.78,2208.4,1989.75
"1390","TRINITY_DN20595_c0_g1",1.4415715617937,-0.281742660222696,5.65669904558028,0.000118064521852444,0.00264109625394379,1.48050727054621,14,15.38,23,11.78,11.1,37.23,24,31.19,50.99,33
"1391","TRINITY_DN20599_c0_g1",-1.52416922762499,0.870544450733746,-6.99059725092055,1.687237181468e-05,0.000821010364906607,3.35659529423152,119.93,89.93,68,77,81,24,20,26,46.92,23
"1392","TRINITY_DN20614_c0_g1",-1.37732204446014,2.25597988121037,-4.48999648638289,0.000792401764812109,0.00889016592200813,-0.545712248783179,344.82,163.65,203.19,173.95,186.44,49.65,110.85,42.07,127.15,99.74
"1393","TRINITY_DN20658_c0_g1",-1.7897579159749,0.127353191007043,-3.10617081480322,0.00936667243564437,0.0461555975910924,-2.61353825450253,110.97,70.23,31.25,88.91,29.27,31,14,11.4,23.38,3.89
"1394","TRINITY_DN20681_c0_g1",-1.51921329363368,-1.50685697876799,-3.37235960825859,0.005755621965589,0.0333590660165408,-2.02794469621634,17.48,32.51,14.32,10.19,17.27,6.13,2.04,5.13,4.61,3.09
"1395","TRINITY_DN2069_c1_g1",1.03208092472308,0.294489526363672,3.37152262867794,0.00576441294562264,0.0333935652918693,-2.2076207227028,26.13,42.61,32.29,16.03,14.82,39.38,52.71,42.63,45.35,48.72
"1396","TRINITY_DN20709_c0_g1",-1.17544519490253,-0.140101641402933,-4.51056966620247,0.000765008361376157,0.00867046671881862,-0.239739771257557,45.22,34.79,32.04,26,61.04,15.93,13.73,12.3,20.74,11.6
"1397","TRINITY_DN20719_c0_g1",1.48109865203731,-0.682910167912384,3.1348245088449,0.00888725032988878,0.0445847029570132,-2.45154915637483,6,22,24,7,8,40,28,16,24,28
"1398","TRINITY_DN20731_c0_g1",1.20420120944046,-0.107664383398719,3.31601901893049,0.006378904368448,0.0356582720970457,-2.24348163364834,13.9,31.11,13.27,9.12,30.84,37.46,47.34,21.82,47.18,33.07
"1399","TRINITY_DN20741_c0_g1",-1.18166686542805,3.16471392456164,-5.03558190828071,0.000317740682168072,0.00491950852371296,0.230767038013639,471.24,368.66,464.92,199,408.3,162.21,94,167.55,272.7,148
"1400","TRINITY_DN20744_c0_g1",-1.39044694766349,1.94902116081812,-4.37893175667647,0.00095904340082256,0.0100974312067634,-0.687325560966011,171.2,244.58,234.92,170.79,85.74,78.46,55.22,58.75,74.16,48.9
"1401","TRINITY_DN20750_c0_g1",-2.16848599048716,1.53136944892662,-8.67069221553296,1.99594523858354e-06,0.00024018021564557,5.39588074091794,173,174,221,103,186,37,26,34,68,21
"1402","TRINITY_DN20755_c0_g4",-1.59043017180846,-0.192406744486354,-4.21051751745368,0.00128472585321754,0.0122699778546717,-0.715875235915806,36.74,35.44,35.05,50.44,57.46,11.19,14.15,4.1,15.5,22.61
"1403","TRINITY_DN20791_c1_g4",1.24842339076168,2.40463709086791,3.60883338071505,0.00374632467233982,0.0249487148450314,-2.13734714951709,56,74,154,155,78,335,222,285,183,133
"1404","TRINITY_DN20797_c0_g1",1.24374949674566,1.69748309633819,3.86713109461586,0.00235572000432206,0.0182417378637644,-1.54944589196045,48.72,56.1,52.71,73.97,66.93,292.75,93.04,94.57,123.85,129.63
"1405","TRINITY_DN2080_c0_g2",1.56649036555887,-0.0264309936612188,6.95856266991188,1.76305866707491e-05,0.000847124769972363,3.21766110476762,19,17,20,9.99,19,50,37,54,45.94,35
"1406","TRINITY_DN2080_c0_g3",1.56467235515031,0.096818149994001,5.01806380253331,0.000326994827278082,0.00500861043381643,0.552613891792223,32,11,18,10.01,27,39,33,54,57.06,64
"1407","TRINITY_DN20808_c0_g1",-1.40129695371874,-0.90752409972816,-3.44322649211599,0.00505866093912737,0.0305378054539486,-1.92196882368677,45,26,25,19,17,6,2,10,11,12
"1408","TRINITY_DN20838_c0_g1",-1.5569242626901,1.4088319341672,-3.04827349299842,0.0104162928493877,0.0494417125727418,-2.9441727624382,92.72,76.21,92.44,133.21,371.75,34.36,17.22,37.95,111.27,33.93
"1409","TRINITY_DN20853_c0_g3",3.70143426806807,-2.25415105522434,5.04439986301984,0.0003131871292639,0.00488236203720058,-0.188276751167518,8,0,1,0,7,14,17,14,26,25
"1410","TRINITY_DN20867_c0_g1",-1.10945329871168,0.384970918583629,-5.17412067110592,0.000253587584383717,0.0042704945554716,0.782609257505745,68.22,44.84,61.65,50.88,44.34,25.26,17.24,23.45,20.59,24.32
"1411","TRINITY_DN20888_c0_g1",-1.05915540727994,2.4670694721884,-3.83930350496135,0.0024757158376301,0.018788427532376,-1.73615719216482,252,240.77,139,296.29,186.34,108.83,125,137,95,63
"1412","TRINITY_DN20893_c0_g1",2.84674442499092,-0.650679190019395,6.44876604589258,3.61276269770305e-05,0.00129107605710096,2.18593540937828,4.35,4,8,14,12,38,36,47,74,32
"1413","TRINITY_DN20894_c4_g1",1.5367812058088,0.040809310143768,4.64776149325722,0.000605887837312611,0.00743398271131744,-0.0265408612810294,21.18,10.06,30.36,17.1,14,34.18,42,37.17,53.82,67.87
"1414","TRINITY_DN20895_c0_g1",-1.043807144954,-0.245232942067758,-3.46027326560119,0.00490423629056594,0.0299076484000641,-1.97793358957752,42,34,48,17,40,13,12,12,28,10
"1415","TRINITY_DN2091_c0_g1",-2.70959590448013,0.842151429026158,-8.96812248913934,1.41238503387085e-06,0.000202467315027621,5.55914188845185,129.92,182.27,127.5,96.35,112.23,16.65,9,21.7,37.53,10
"1416","TRINITY_DN20918_c0_g4",-1.33664915565221,1.96001506743252,-7.17927258604012,1.30580261104722e-05,0.000698454255634428,3.6005756743343,197.69,172.1,157.5,119.21,202.38,57.63,43.48,92.46,82.97,55.59
"1417","TRINITY_DN20918_c1_g4",-1.30524755207346,1.16105268570297,-5.1664394233272,0.000256760319524213,0.00430235691289016,0.720846638095916,99,118.95,76.77,72.26,121.85,53,24.34,35,30,47.43
"1418","TRINITY_DN20919_c0_g1",-1.07990081295807,1.29976504689743,-4.80698972032627,0.000463681235476168,0.00622718174784797,0.120599387969771,103.79,89.47,115.27,61.04,139.92,57.9,31.1,45.85,64.46,28.5
"1419","TRINITY_DN20934_c2_g1",-1.39368308117904,0.407990379111207,-6.06862527785053,6.30911379181771e-05,0.0018091261422932,2.1004850126124,69.93,65.36,73.32,36.08,59.01,26.01,13.98,20.45,20.41,22
"1420","TRINITY_DN20963_c0_g2",-1.41726142915333,0.868204598912822,-5.39728913062587,0.000177343899842964,0.00342661174293381,1.10573930319345,71.79,84.52,94.15,87.6,78.87,31.31,12.07,20.29,56.19,34.41
"1421","TRINITY_DN20968_c0_g1",1.31535334306139,-0.235033933231297,4.57018165735584,0.000691080839164327,0.00812477162659279,-0.140678171173992,23,25,9,13,14,31,25,32,47,37
"1422","TRINITY_DN20981_c0_g1",-1.08212098102895,-0.599808518348091,-3.27564921852561,0.00686727211079852,0.0375560084882241,-2.24188618471391,44,30,19,17,32,7,11,11,12,14
"1423","TRINITY_DN2101_c2_g1",-1.07450095863685,2.3664214653833,-5.17408415182259,0.000253602570538752,0.0042704945554716,0.581694597198772,262.74,195.3,173.17,174.65,224.56,126.49,45.35,84.82,149.72,96.07
"1424","TRINITY_DN21022_c0_g2",-1.40800865420867,-0.998127402573542,-3.62607698294511,0.00363141530995502,0.0244354727687561,-1.62522993396802,19,39.64,19.38,19.43,23.29,5.58,10.3,4.57,8.41,6.67
"1425","TRINITY_DN21032_c0_g1",3.2060885704848,-1.90619202225594,3.52557555113343,0.00435583452447776,0.0275976255995588,-1.95486830670816,1,16,3,4,0,13,14,13,33,38.89
"1426","TRINITY_DN21034_c0_g1",-1.49685489535176,0.311751924601909,-4.98211009064797,0.000346887101276331,0.00520483760704026,0.489669214424112,53.36,79.75,37.17,51.46,78.35,13.71,14.95,18.37,22.22,22.27
"1427","TRINITY_DN21059_c1_g1",-1.61487550427438,1.18641582311601,-3.53191252024335,0.0043060659648709,0.0274444848717241,-2.04520270079002,110.16,117.96,192.36,121.73,52.09,20.73,52.85,54.9,50.15,12.26
"1428","TRINITY_DN21061_c0_g1",3.29140420303353,-1.96877084055472,5.26061936700718,0.000220581064371581,0.00392079237654727,0.0338161921355074,2,4.29,0,5,6,17,15,25.77,22.2,19.76
"1429","TRINITY_DN21069_c0_g1",2.61653808628051,-1.29475185798426,4.0260959633603,0.00177634301305695,0.0151603754626048,-1.09100826040421,10,6,0,10,11,29,17,19,39,24
"1430","TRINITY_DN21069_c0_g2",2.91342717181045,-1.49143690668595,5.92194371058427,7.86501238324951e-05,0.00206925137215417,0.99597406133506,7,9,1,3,5,29,21,22,33,18
"1431","TRINITY_DN21076_c2_g1",1.61042597808246,0.899064181340041,7.89015726845734,5.1690557446528e-06,0.000420044220842167,4.46263528379126,25.66,30.9,27.41,41.25,30.17,95.05,73.72,88.62,115.51,63.98
"1432","TRINITY_DN21078_c1_g1",2.22750915106917,2.44917349669737,5.38489260277619,0.000180868708435136,0.00346639532082293,0.938974005802025,56,126,52.68,131,38,482.86,299,375,400,142
"1433","TRINITY_DN21103_c0_g1",2.10416909075483,1.37152731099568,10.201470432826,3.67895209119953e-07,0.000103679732224059,6.91838796281243,48.43,30.2,52.96,21.42,31.53,169.1,104.58,156.67,159.41,145.84
"1434","TRINITY_DN21104_c0_g1",1.1439829894219,1.12424957117991,3.37426604350931,0.00573564910976541,0.0332836541906807,-2.3300444322378,28.18,80.43,46.02,17.93,62.8,89.43,62.78,120.91,111.63,60.79
"1435","TRINITY_DN21123_c1_g1",-1.92656501787419,1.63919755732123,-7.40636596180156,9.64844707464134e-06,0.000587011951719035,3.90657070437783,208.84,125.01,115.67,175.61,224.17,45.28,33.61,33.82,44.06,51.54
"1436","TRINITY_DN21129_c0_g1",-1.27996940426865,1.5598594766998,-4.98411893043798,0.000345742766807224,0.00519339818542163,0.38348681396243,168,141,96,77,169,41,33,56,63,59
"1437","TRINITY_DN21134_c0_g1",2.37449952360553,-0.321757729127719,5.34418257897226,0.000192973893824918,0.00360564859465171,0.993124888409131,7,7,5,25,21,42,53,37,50,54
"1438","TRINITY_DN21155_c0_g1",1.10397327012224,0.100570843572003,3.62525667276226,0.00363679907000465,0.0244571140228268,-1.74132954118159,28.46,26.99,11.9,16.07,26.62,34.43,50.24,53.42,37.82,31.84
"1439","TRINITY_DN21155_c0_g2",1.41322683973689,-1.34743333658907,3.27605638537774,0.00686216188154924,0.0375341760759598,-2.17194234022709,11.84,5.17,6.57,6.12,7.94,20.03,5.94,23.11,15.1,18.88
"1440","TRINITY_DN21166_c1_g1",-2.06661796749093,1.21153237947977,-9.23874949320176,1.0389014152115e-06,0.000179484917113153,5.95394606444371,159.79,116.74,133.26,110.57,132.75,27.36,11.76,43.08,41.74,29.48
"1441","TRINITY_DN21166_c2_g1",-2.91209950609458,-1.00463877603854,-4.09204093104892,0.0015813070164628,0.014065228116505,-0.972698133838478,46.03,92,28,17,37.96,3,3,4,4,4
"1442","TRINITY_DN21174_c0_g1",-1.69230744366916,-0.714552634573163,-4.12032918084714,0.00150457543730822,0.0136029525616076,-0.84429835065762,48.67,32.46,22.37,33.89,23.11,4.75,13.4,11.93,9.03,3.67
"1443","TRINITY_DN21190_c0_g2",-1.49361173523203,2.18066029611122,-11.6036818415351,9.28109340832823e-08,5.2584161622123e-05,8.34435338622345,243.63,183.37,230.51,161,215.5,75.56,64.46,64.13,88.06,66.95
"1444","TRINITY_DN21195_c0_g1",3.80186264416725,-0.87439168553668,3.87472993182876,0.00232400709564914,0.0180888766370138,-1.33367599619507,0,12.24,12.13,0,30.08,103.64,30,36,71.12,53.87
"1445","TRINITY_DN21204_c0_g2",-1.32960543138736,-0.0904181439337952,-3.21939067946428,0.00761173390849771,0.0402850850459374,-2.4068383180185,39.47,37.18,76.68,20.27,48.46,19.33,11.32,17,7.42,22.93
"1446","TRINITY_DN21212_c0_g1",-2.10189465641377,-0.349128076595114,-5.62684691797965,0.000123663993328088,0.00271656230254768,1.38397612677339,57.15,38,35.1,35,77.16,13.02,4,7,18,5
"1447","TRINITY_DN21217_c0_g1",-1.32963571626316,4.43915499927742,-4.92200905148144,0.000383031764306664,0.00554524372967894,-0.153553610760347,936.41,906.47,1156.94,821.97,848.68,554.41,605.84,362.85,219.02,273.91
"1448","TRINITY_DN21229_c0_g2",-2.01529984001991,1.09372388379227,-11.1309678010067,1.45255764078126e-07,6.58514055828455e-05,7.6427435426901,148,110.11,118.33,96.12,117.06,25.02,29,22.01,41,20
"1449","TRINITY_DN21233_c0_g1",1.32761627783684,1.06899868113925,5.62584991480006,0.000123855787485498,0.0027196770840225,1.44042435730818,42,37,25,45,43,108.01,51,110,114,72
"1450","TRINITY_DN21259_c1_g1",-1.37139581392106,1.22554294906019,-4.26115087661323,0.00117619276028266,0.0115830154305135,-0.782784046465602,157.34,90.56,108.17,67.17,115.79,30.53,17.43,31.75,108.45,34
"1451","TRINITY_DN21266_c0_g1",-1.28665993126599,0.455398620267373,-3.18035154472131,0.00817583701906286,0.0421708820582122,-2.55818349485405,65,53,85,58,46,50,10,7,41,29
"1452","TRINITY_DN21275_c0_g1",1.28113735223557,0.781896974864551,4.53634710981943,0.000732074952377346,0.00843607812177039,-0.268956677152469,41,24,24,33,37,58,94,100,66,50
"1453","TRINITY_DN21311_c0_g1",3.1903952153473,-2.00731421382308,4.21759817626888,0.00126894275227,0.0121769698727448,-1.10214604902298,13,1,7,1,2,24,7,21,28,18
"1454","TRINITY_DN21318_c0_g1",-1.54880952254523,-1.42580426047082,-4.25691754475522,0.00118489047549885,0.011633836407327,-0.715293269669908,17.52,15.41,20.18,18.97,19.06,4.13,2.08,4.59,4.1,8.77
"1455","TRINITY_DN21320_c0_g3",-2.47366110913828,1.46086108799212,-4.19858428322254,0.00131178873382185,0.0124215705120655,-0.887884874771565,65.78,293.2,220.3,279.55,166.76,41.95,15.07,20.96,70.62,19.4
"1456","TRINITY_DN21330_c1_g4",-1.4194299359851,0.524783361214984,-5.46705191323256,0.000158815123729752,0.00318514505707409,1.22633394186311,97.88,58.64,81.88,44.48,55.89,29.22,10.17,22.5,29.6,22.44
"1457","TRINITY_DN2134_c0_g2",1.19765032772794,0.812330586490532,4.19926724278572,0.00131022401450401,0.0124153997165309,-0.841342648926917,48.56,31.27,17.43,37.7,36.84,69.12,74.22,95.18,62.87,55.04
"1458","TRINITY_DN21346_c0_g3",-1.47820995408127,-0.66552784659166,-3.92417225254601,0.00212814117554124,0.0170566751359462,-1.15659295341782,53.83,19.17,27.03,20.07,37.1,6.22,11.42,12.02,9,6.05
"1459","TRINITY_DN21346_c0_g5",-2.04158646577946,0.437793647465276,-8.08784400937877,4.03665203135602e-06,0.00036173177306141,4.59082919741596,112.98,57.94,89.85,56.41,72.87,17.85,13.75,21.7,18.01,11.7
"1460","TRINITY_DN21346_c2_g1",1.58820667548367,1.23598906777779,10.0319239085017,4.39113979811624e-07,0.00011213074401847,6.75441598292811,34,45,40,31,43,122,98,108,118,101
"1461","TRINITY_DN21346_c3_g1",-2.14020233730374,-1.24059169576038,-5.03284899948986,0.00031916604153756,0.00493315151044882,0.32145557964995,37.37,23.1,22,25.97,20.34,3.04,5.28,8,4,2
"1462","TRINITY_DN21354_c0_g1",-1.79626747953404,-1.77170085377468,-3.35628308905786,0.00592688585928276,0.0340051950181697,-2.0799147662929,21,15,13,11,18,7,5,5,1,2
"1463","TRINITY_DN21367_c0_g1",-1.01820754905523,1.54804832045663,-6.09563361106863,6.06013705357095e-05,0.0017645445100684,2.10764884576942,125,98,119,89,148,54,39,52,86,45
"1464","TRINITY_DN21378_c0_g1",-1.11232940831268,0.214874926718245,-3.92381207025045,0.00212950465441189,0.0170632319567706,-1.24189029731152,65,43,40,51,43,38,21,13,19,14
"1465","TRINITY_DN21381_c2_g1",-3.08501451503685,-1.19478546806433,-5.82621591665945,9.09654795742597e-05,0.00225731926534424,1.02747841960001,50.25,33.82,49.81,24.82,29.47,1,3,6,6.37,1
"1466","TRINITY_DN21384_c0_g1",1.16754071462988,0.338027947837551,3.91085450981529,0.0021791606089849,0.0173360720613277,-1.27817688115289,26.59,18.74,24.4,19.05,33.25,70.5,69.94,40.34,38.22,40.48
"1467","TRINITY_DN21393_c1_g1",-2.89457085918431,-2.59328410001745,-3.93324541930626,0.00209409028764955,0.0168615343946035,-1.47700911772076,13.05,19.76,16.3,9.43,10.13,0,4.85,2.22,1.24,0
"1468","TRINITY_DN21397_c0_g1",1.43842242445576,-0.116469533351933,3.64942689469748,0.00348154575860731,0.0237328932643703,-1.66466158338836,26,15,15,7,26,23,22,50,58.01,60
"1469","TRINITY_DN21426_c0_g1",-1.62741836137942,-0.613264157231788,-4.26004570245324,0.00117845700402162,0.0115929562137348,-0.623341045856516,35,32,45.01,26,26,19,4,6,6,15
"1470","TRINITY_DN21438_c0_g1",1.45355390950152,-0.814086797226139,3.62271642949674,0.0036535228309747,0.0245271242038441,-1.63785499444699,11,11,23,9,5,27,16,33,24,20
"1471","TRINITY_DN21445_c0_g1",-1.06448962494507,-0.00809956545137011,-3.5874284232791,0.00389416393858038,0.0256430648424013,-1.79069852132532,61.11,32.32,33,44.59,38.03,24.48,10,10.36,32,14.01
"1472","TRINITY_DN21453_c0_g1",1.26683144612121,-1.177418490153,3.33161065071451,0.00619985387633511,0.035042868366923,-2.090646112898,7.02,9.3,15.17,3.33,12.6,19,11.2,13.88,29.09,14.38
"1473","TRINITY_DN21453_c0_g2",2.17800777006908,-1.59624157922703,3.33160858761972,0.00619987722775642,0.035042868366923,-2.11313163181606,6,0,11,10,6.26,19,23,15.01,18.22,13
"1474","TRINITY_DN21460_c0_g2",-1.47220825666925,0.980243424594806,-3.29934638311161,0.00657618086072458,0.0364510485853113,-2.42778468336066,86.96,86.8,49.9,176.65,94.09,39.97,18.9,13.03,36.03,63.31
"1475","TRINITY_DN21464_c0_g1",-1.3612200268814,0.552123868016055,-4.66476595978621,0.000588728524308547,0.00729586082608024,-0.0339607816470977,102.42,54.58,57.88,52.5,70.04,21.31,14.83,13.38,52.93,24.49
"1476","TRINITY_DN21494_c0_g1",-1.23891955829041,0.045188763199301,-3.38000372770158,0.00567596221350183,0.0330713723357877,-2.15131392798057,67,45,54,18,57,25,6,15,23,19
"1477","TRINITY_DN21500_c0_g1",-2.33348642013013,-1.80473538026155,-3.4912537187091,0.00463578317924551,0.0287770923193726,-1.94790740864979,25.7,24.75,16.52,10.2,24.62,1.56,0,6.49,11.06,1.4
"1478","TRINITY_DN21501_c0_g1",-1.05495472152019,0.910971882520184,-3.7746067265582,0.00277966195526381,0.0203456591856754,-1.58973465971494,117.36,84.48,75.07,36.14,80.6,44.1,29.19,23.82,43.26,30.29
"1479","TRINITY_DN21508_c7_g1",5.00008711933303,-0.548632528908823,3.11644750338744,0.00919180244347819,0.0455702603867671,-2.44030764537793,100.21,0,0,29.52,0,165.11,252.63,69.1,75.73,52.46
"1480","TRINITY_DN2151_c1_g1",-1.1761323531205,-1.09602091833123,-3.06185689714397,0.0101598858464544,0.048649207771327,-2.52955446876948,37.4,23,15,14.02,18.03,4,6.01,8,13,5
"1481","TRINITY_DN21512_c0_g5",1.36753848666282,0.535363881312627,3.88348921213602,0.00228799699884135,0.0178776676862491,-1.34601067439621,35.22,12.86,24.21,20.95,48.74,65.33,75.49,44.82,106.81,35.05
"1482","TRINITY_DN2152_c0_g1",1.22740373766347,2.43637383502309,8.012827312904,4.43148192419107e-06,0.000383810084934198,4.64622635058489,141,87.12,109.54,61.58,99.73,234.68,198.1,243.89,273.36,185.85
"1483","TRINITY_DN21527_c0_g1",1.48065481761046,-0.927828413293205,3.40229519242275,0.00545000574642967,0.0321160631152824,-1.98878165930621,4.5,12.11,14.71,16.92,6.9,19.11,14.73,17.46,35.58,23.94
"1484","TRINITY_DN21529_c5_g1",1.34555227669699,0.187780293467307,4.91915507040522,0.000384843648447423,0.00556406987844333,0.394255234835576,14,18,28,26,20,44,54,54,46,39
"1485","TRINITY_DN2153_c1_g1",-2.1633007313541,-0.886730420295942,-4.72072849134402,0.000535760922058553,0.00683249057718329,0.00887579939360439,38.62,35.91,47.49,27.7,19.95,11.22,5.42,6.87,5.19,2
"1486","TRINITY_DN21547_c0_g1",1.76746526455236,-1.27568570576231,3.24789570573357,0.00722484196528538,0.0388690780745635,-2.21533453114147,9.01,3.84,5.18,4.66,17.88,29.93,8.87,21.85,38.67,9.07
"1487","TRINITY_DN2155_c0_g1",1.19628456508791,6.11971662559572,10.579177299481,2.50146165310378e-07,8.29615858377852e-05,7.32090601545585,1075,1376.79,1197,1385,1270.14,3269,2713,2809,3171.42,2269
"1488","TRINITY_DN2157_c0_g2",1.19440246800764,-0.296235688521752,3.46796224448056,0.00483616406289626,0.0296207922340762,-1.95702806959065,9,14.44,15.54,18.62,25.18,29.42,39.56,30.57,26.04,32.76
"1489","TRINITY_DN2157_c3_g1",-1.04621656089398,1.13626088918169,-3.62854193901454,0.00361528670808758,0.0243636549795059,-1.88058321190783,109.28,56.93,107.85,114.7,67.31,46.53,38.59,26.96,71.15,25.14
"1490","TRINITY_DN21571_c0_g1",-1.24301053078074,0.988376060149926,-4.89408242267677,0.000401153669300176,0.00571331480149408,0.298652990685813,147.45,68.63,87.99,57.8,77.56,35.36,31.32,23.18,46.34,31.3
"1491","TRINITY_DN21577_c1_g1",1.15423568405851,-0.256760766940105,4.25832225396139,0.00118199699814739,0.0116193744309117,-0.642274205104893,19.09,15.17,25.69,7.12,19.44,32.98,23.35,29.49,41.52,34.69
"1492","TRINITY_DN21582_c0_g1",1.74087246826892,0.77886885675883,4.51859967063962,0.000754586349938553,0.00861022473515441,-0.290829702116971,19,51,15,19,48,67,114,54,110,87
"1493","TRINITY_DN21583_c0_g1",-2.38198594963376,0.697437653543673,-8.98879617450427,1.37928930478635e-06,0.000202166944528728,5.56994692126223,128.37,87.03,97,69.61,140.19,15.01,19.01,15,31.01,11
"1494","TRINITY_DN21590_c1_g1",-2.56128109317655,-0.163535205299271,-5.73298956481942,0.000104939267818024,0.00246129871319108,1.5379005072636,112.31,69.63,41.7,38.23,57.21,17.11,5.78,5.92,7.2,9.28
"1495","TRINITY_DN21606_c0_g1",1.06479788637144,0.519754071295964,3.64130689986635,0.00353293052688177,0.0239839770703478,-1.76826691179528,27,30,33,24,27,83,77,42,44,40
"1496","TRINITY_DN21613_c0_g1",-1.49239375223993,1.13188104255944,-8.6738805694248,1.98846532958325e-06,0.00024018021564557,5.36963552369822,114,87,118,77,115,38,23,33,51,26
"1497","TRINITY_DN21640_c0_g1",1.45796363860166,-0.0700130978566787,3.7179652252656,0.00307723730265483,0.021784981664545,-1.55359611330285,9.84,16.45,43.65,8.98,21.46,33.39,50.8,35.72,57.45,32.58
"1498","TRINITY_DN21642_c0_g1",-1.41070096828183,0.831746197212005,-4.67265590817919,0.000580940256970727,0.00723561289601438,-0.0455000737819597,117.1,76.16,87.3,39.15,99.95,23,14.01,33.24,37.57,36.57
"1499","TRINITY_DN21654_c0_g2",1.15574077714838,4.73589868545951,3.65743086348388,0.00343164512607286,0.0234898829665528,-2.45029655243508,559.46,575.33,984.99,231.39,362.55,1159.06,744.33,746.58,1910.34,1124.04
"1500","TRINITY_DN21670_c0_g1",-2.02791502429401,-2.25222643536346,-3.21207335521629,0.00771438731384411,0.0406302193721124,-2.37374835251108,18.42,11.89,13.52,10.25,10.07,4.82,1,4.43,3.76,0
"1501","TRINITY_DN21671_c0_g1",1.19674848790552,-0.277179321381518,3.29800717821631,0.0065922928497138,0.0364947990217591,-2.24955855607466,26,18,15,13,11,65,26,36,25,21
"1502","TRINITY_DN21686_c0_g1",-1.29495793898724,-0.533265593912484,-3.23228718289929,0.00743416161622495,0.039634530922181,-2.31649180555751,32,28,39,14,49,21,7,11,7,11
"1503","TRINITY_DN21712_c0_g1",1.64180910268398,1.05454943296725,3.76906183456037,0.002807438454354,0.0204965617410427,-1.61057436945834,25.38,26.19,52.42,53.48,24.96,120.1,61.62,191.3,145.94,38.93
"1504","TRINITY_DN2175_c0_g1",1.02093173787153,4.28931410333406,5.24702072929912,0.000225454360979184,0.00397107776814081,0.405762250477444,367.29,335.69,573.94,309.81,321.11,1093.28,556.97,583.76,836.13,799.27
"1505","TRINITY_DN21759_c0_g1",1.55411948535468,2.43786443720054,4.84012513540803,0.000438764927136124,0.0060267243838472,0.0245269207845409,62.98,62,155.1,166.99,53,277.99,266.59,187.17,338.9,207.13
"1506","TRINITY_DN21759_c0_g2",1.49105757934174,0.785746703738949,3.91538809015728,0.00216165244243757,0.0172472404278453,-1.32108206637838,28.93,29.77,46.02,51.61,11.98,87.69,78.32,90.39,92.41,42.98
"1507","TRINITY_DN21759_c1_g1",-1.19664967260166,-0.404023831875661,-3.45865610960657,0.00491867725916603,0.0299755489975686,-1.95501881230281,27,36,25,30,48,5,12,17,16,13
"1508","TRINITY_DN21761_c0_g1",-1.8185802497966,0.53239270468086,-6.71570411529407,2.47089826757567e-05,0.0010251306458559,2.9768721367038,104.44,64.57,81.07,42.76,95.63,15.13,20.18,23.15,25.31,13
"1509","TRINITY_DN21782_c0_g1",-2.69722303207754,-0.750376011166329,-7.8860697918967,5.19579301090904e-06,0.000420542228655288,3.52807510266089,43,41,41,37,49,2,4,5,7,9
"1510","TRINITY_DN21783_c0_g1",1.24057323374327,0.997672969039364,6.02740392829937,6.71027751020453e-05,0.00188327504673651,2.03882605131235,41,43,45,31,27,93,79,96,82,61
"1511","TRINITY_DN21800_c0_g1",-1.07385646953534,4.99223543827795,-5.99953389213727,6.99679489701271e-05,0.0019320171583939,1.53668216792413,1427.17,1229.85,1644.26,783.79,1422.81,506.82,445.84,596.1,987.58,543.23
"1512","TRINITY_DN21812_c0_g1",-2.35161291944695,-1.78625060172732,-3.38266318751699,0.00564851151531433,0.0329431899881473,-2.07432953971623,24,22,29,8,16,11,3,1,1,2.46
"1513","TRINITY_DN21813_c0_g1",-2.66136602104582,-1.01735311914242,-4.07149011322057,0.0016395870650153,0.0143535779902216,-0.985641676821324,44,22,68,43,19,7,2,5,4,3
"1514","TRINITY_DN21816_c0_g1",1.38559718623503,-0.507512208454627,3.49049392299577,0.00464218424312058,0.0287971080254986,-1.88514802560786,16.12,6.04,13.1,14.59,17.98,26.41,13.63,56.03,34.04,26.82
"1515","TRINITY_DN21817_c0_g1",1.17488156254834,0.985656839108734,4.25453710926127,0.00118981062319008,0.0116561580702327,-0.769033980049634,28,29,44,55,37,59,100,94,89,61
"1516","TRINITY_DN21846_c0_g1",4.57294177758915,0.791950155468135,7.85953568024045,5.373002943704e-06,0.000426130163797738,4.0990849637535,7,5,39.01,16,7,242.62,162.08,279.48,189.92,312.17
"1517","TRINITY_DN21850_c0_g1",1.48399600903936,1.15396547826128,6.01837837782263,6.80167606151405e-05,0.00190168681794148,2.02082298074593,52.03,38.05,32.03,31.95,37.04,88.18,61.11,105.14,190.44,81.14
"1518","TRINITY_DN21898_c0_g1",-5.16575295355395,-1.83798484313928,-3.49463476894488,0.00460740785841082,0.0286631042922135,-1.97887424502001,66.02,36.68,17.73,126.38,44.45,0,39.94,0,0,0
"1519","TRINITY_DN21901_c2_g1",-1.3845710871719,1.17178912996898,-3.47176255755799,0.0048028757018432,0.029496792054605,-2.15572875894896,127,113,92,44,168.99,34,14,28,88,43
"1520","TRINITY_DN21907_c0_g1",1.04878457314822,0.00175019572468393,3.20944478899452,0.0077516037021499,0.0407446676517571,-2.44634678293329,24.49,15.81,28.13,7.68,35.89,44.02,37.14,26.33,43.79,37.9
"1521","TRINITY_DN21907_c0_g2",1.03154877746008,0.897900146457265,3.50678230501456,0.00450691499344314,0.0282577075975061,-2.06037926582841,28.74,42.23,51.37,22.37,47.25,125.96,51.33,78.03,59.44,56.24
"1522","TRINITY_DN21915_c3_g2",-1.36453465652685,-1.09549350539364,-3.41336017637174,0.00534126723277895,0.031698512390407,-1.96173151292768,32.21,16.36,21,18.03,22.01,3,9.02,14.36,8.02,3
"1523","TRINITY_DN21916_c0_g1",-3.51082851454224,-1.23617270100489,-3.637016488557,0.00356039436134486,0.0241162403123173,-1.72803837775819,71.01,62,16,26,59,7,1,1,5,1
"1524","TRINITY_DN21926_c1_g2",-1.72090538890992,-0.593950483093377,-3.10844392285651,0.00932770656121713,0.0460551277751598,-2.49107146268507,52.94,47.09,24.89,13,56.46,17.67,5,13.7,12,2
"1525","TRINITY_DN21962_c0_g1",1.06352022325002,0.769197295794262,3.78167572745856,0.00274466017229714,0.0201706091302275,-1.55855105298801,27.01,37.06,26.12,46.05,34.09,87.08,54.45,85.4,49.87,55.11
"1526","TRINITY_DN21964_c0_g1",1.95362015000604,0.363492698275652,4.48297346493211,0.0008019858866921,0.0089578341571958,-0.309151070527768,34.98,8.26,26.97,23.99,14.51,71.76,29.39,77.04,145.84,49.74
"1527","TRINITY_DN21989_c0_g1",1.09995744963201,1.43341448001149,5.26749710547783,0.0002181587333062,0.00389368286696298,0.850495428119269,80,41,52,56,38,139,96,94,116,89
"1528","TRINITY_DN21995_c4_g1",-1.37210582949936,0.782277839264614,-3.42728842122781,0.00520752446164676,0.0311735046217729,-2.17310336527908,116.69,114.36,31.99,82.18,74.32,27.81,24.96,30.34,34.38,18.51
"1529","TRINITY_DN22006_c0_g2",3.67955457117664,-1.43760935098037,3.87393926788348,0.00232728621765123,0.0181092166901671,-1.47423863751686,0,26.04,8.72,0,4.84,49.55,27.21,41.11,21.8,35.45
"1530","TRINITY_DN22011_c0_g1",-1.17225569324737,1.5542214105216,-4.90450670660568,0.000394286093186081,0.00565399812667655,0.251948400707917,128.01,162.08,122.67,73.01,138.01,45,33,54,94.29,42
"1531","TRINITY_DN22049_c0_g1",-1.13352696089634,0.552098838067707,-3.38536987558,0.0056207119702033,0.0328232923310423,-2.21815033869207,84,57,49.1,69,47,37.07,46.1,15.13,19.09,19.09
"1532","TRINITY_DN22057_c2_g1",1.15479867993537,0.424952297700437,5.20966418978721,0.000239435081462614,0.00412254305661064,0.835600983841917,29,33,19,26,24,64,47,61,55,37
"1533","TRINITY_DN22068_c0_g1",-1.02139037257148,0.996815047126192,-3.05551419651617,0.0102788152617434,0.0489955992423365,-2.87369872626713,89,64,149,39,88,39,18,30,65,40
"1534","TRINITY_DN22077_c0_g2",-1.18290152608674,3.48796495617973,-11.3064883883515,1.22772156284699e-07,5.96223245757236e-05,8.17371462008094,535.86,434.33,506.72,406.8,416.69,217.64,180.8,172.31,245.78,200.58
"1535","TRINITY_DN22078_c0_g1",1.03680314530442,1.11007264922435,4.05366718249743,0.00169193244020999,0.0146746523621717,-1.13382379881993,51.86,36.21,47,45,34,132,95,59,83,60.33
"1536","TRINITY_DN2208_c0_g1",1.04414262102799,5.85241421791306,8.64335204061975,2.06133977525316e-06,0.000243957778507003,5.13943144543474,1134.91,1166.95,927.65,1051.64,1230.15,2481.74,1683,2253.79,2298.08,2484.71
"1537","TRINITY_DN22092_c2_g1",-1.09969504122262,3.61027715565035,-10.0319494834766,4.39102178531183e-07,0.00011213074401847,6.89931465036713,519,428,479,524,473,256,210,249,235,188
"1538","TRINITY_DN22103_c0_g1",1.52754047339191,1.71594639471934,5.56741420589757,0.00013566577471374,0.00288435570160226,1.29957917116848,61,32.12,56,35,111.91,170.01,128.86,111.54,180.39,178.59
"1539","TRINITY_DN22127_c1_g1",-1.7675263263876,-1.0013877954777,-4.39877256076917,0.00092678748401172,0.00988603609391674,-0.450596722059196,31,32,20,19,35,5,1,7,11,10
"1540","TRINITY_DN22132_c0_g1",1.8175808225585,0.323089828926649,6.96593415236638,1.74529481731935e-05,0.000841563212844119,3.27632696836178,27,22,26,14,12,59,71,52,73,56
"1541","TRINITY_DN22138_c0_g1",-1.25107678971828,2.57918620644616,-4.78767700841131,0.00047888425984718,0.00636534549788563,-0.091217969152078,230.5,170.88,353.53,303.22,231.04,58.89,105.48,117.45,176.18,88.63
"1542","TRINITY_DN22146_c0_g1",-1.4411274312377,0.399892993091835,-6.09176034285036,6.09519241874893e-05,0.00177001393939228,2.13233335448273,66.76,45.54,80.72,40.27,78.83,21.24,17.6,16.54,28.62,16.9
"1543","TRINITY_DN22149_c0_g1",2.12695912966596,1.22704283645573,5.36937598844938,0.000185385236591294,0.00351456549440121,1.04567894882545,60.29,31.58,13.2,75.75,17.85,112.72,129.16,124.4,180.96,110.93
"1544","TRINITY_DN22150_c0_g1",-2.93622827679462,-2.49258788092091,-3.13708172932715,0.00885055050569615,0.0444793775397068,-2.47687974435239,17.47,28.92,11.1,8.24,12.8,0,0,21.21,0,2.71
"1545","TRINITY_DN22154_c0_g1",1.42399764749197,-1.14274921956569,3.3877167051639,0.00559672108446791,0.0327323931726123,-2.00134573585735,13.33,14.34,9.65,6.11,3.93,19.77,11.36,23.28,26.75,12.18
"1546","TRINITY_DN22160_c0_g1",-1.87468615638494,0.11447383724096,-6.19953970884649,5.19537756744854e-05,0.00161803518902398,2.25257558247861,88,72,59,42,40,11,11,13,21,13
"1547","TRINITY_DN22169_c1_g1",-3.55983019472159,-1.70074901228819,-5.05921383746135,0.000305691154473586,0.00480405882200891,-0.137505479168959,43,17,30.97,25.04,39.49,3,1,2,0,3
"1548","TRINITY_DN22180_c0_g2",-1.35211615608572,1.46345309341874,-5.89713689702193,8.16615821467441e-05,0.00211608152193595,1.82340305315996,149.9,168.28,87.29,104.91,107.21,47.04,39.16,48.71,48.42,39.7
"1549","TRINITY_DN22180_c1_g2",-2.75311704375587,-0.771256970426179,-3.56998510531382,0.00401905102162336,0.0261935136691417,-1.71313450301017,66.3,49.18,52.66,12.88,47.2,22.24,7.87,1.62,1.19,7.55
"1550","TRINITY_DN22192_c0_g2",1.37844453815764,-1.61574462771913,3.83278968283476,0.00250470339705983,0.018963107529493,-1.34961177761435,5.63,10.05,5.27,3.49,7.57,13,10.01,13.28,13.8,12.22
"1551","TRINITY_DN22195_c0_g1",-1.22812487606329,-0.822712215828042,-4.23433373534338,0.00123243423433235,0.0119379233878596,-0.665625611286632,24,31,25,20,25,9,4,14,9,8
"1552","TRINITY_DN22196_c0_g2",-1.60654699190937,-1.64448165908879,-3.5346058043693,0.00428509010808839,0.0273647168580483,-1.80219474272057,11.03,20,14.03,17.01,21,6,2,2,5,4.01
"1553","TRINITY_DN22207_c0_g1",1.79843758081734,-0.21772709492699,5.6424369217343,0.000120705474072441,0.00267425313249457,1.45614186292102,10,13,20,22,9,43,43,40,44,35
"1554","TRINITY_DN2221_c0_g1",-1.25451669792475,4.63339048116341,-5.20396194670498,0.000241648297294707,0.00414590156102032,0.295982782140677,1039.28,902.4,1710.26,635.97,1240.48,383.41,271.37,417.9,786.02,441.48
"1555","TRINITY_DN22215_c0_g2",1.00167392062359,3.11989703630155,6.84609201834206,2.05941021884228e-05,0.000925730423248351,3.03252024596129,160.06,168.61,213.58,127.31,169.32,369.93,295.58,420.06,323.48,279.7
"1556","TRINITY_DN2222_c1_g1",1.35440762753901,2.93789734796479,3.35152051082675,0.00597860968705735,0.0342189371239331,-2.70215120905765,89.78,153.02,77.22,272.16,143.8,172.92,410.81,362.25,615,241.83
"1557","TRINITY_DN22220_c0_g1",1.37594508951293,-0.51812625209836,3.58735042544494,0.00389471343904464,0.0256430648424013,-1.72164007641638,12,5,21,17,16,23,32,29,29,31
"1558","TRINITY_DN22239_c0_g1",-1.07613548767824,0.0647469619884952,-4.1143238588346,0.00152053560879163,0.0136790361061505,-0.905787333021191,58,44.96,33,29.01,52.01,14,19,24,17,16
"1559","TRINITY_DN22243_c0_g1",1.26078193416071,1.3862624762168,5.31439272789759,0.00020237227743178,0.003725870970584,0.93162039278026,43,36,47,77,45,126,66,100,142,118
"1560","TRINITY_DN22267_c2_g1",-1.50544904938115,0.754427583358594,-4.56722607463035,0.000694564262281843,0.0081541214741575,-0.209679221457187,138.75,86.37,51.29,62.39,78.45,25.99,18,29.54,49.1,13
"1561","TRINITY_DN22280_c2_g1",1.75328696012148,-0.737173812165818,4.97641516112408,0.00035015291216388,0.00523506515819285,0.435610126944642,15,7.75,10.45,4.47,15.39,40.11,25.14,26.1,38.5,16.5
"1562","TRINITY_DN22287_c0_g1",1.44674455197067,1.24613461538293,6.06840908157041,6.31115008162426e-05,0.0018091261422932,2.08911082378875,36,51,26.11,55,42.92,101,88.96,123.83,144,73
"1563","TRINITY_DN22291_c0_g3",-1.67753293776454,-0.187605339290197,-5.80375081702177,9.41419979574765e-05,0.00229738794886823,1.68256005865444,67.34,31.62,40.49,38.63,50.37,11.14,6.5,18.18,16.8,7.93
"1564","TRINITY_DN223_c3_g1",1.72425611085515,2.69931467750885,7.28135734065161,1.13883555431865e-05,0.000652025311946795,3.68970509645521,85.39,81.01,105.82,121.18,108.01,305.35,190.09,347.06,585.48,268.44
"1565","TRINITY_DN2232_c0_g1",1.20974900048182,7.21129361052075,7.49146890506733,8.62797460856869e-06,0.000552005608761583,3.54618129839699,2079.97,2666.1,2914.02,3582.37,2350.89,6617.47,4723.79,6872.28,5998.35,6827.48
"1566","TRINITY_DN22325_c0_g3",-2.00198641697814,-0.761743914233584,-4.86077562669482,0.000423950847044403,0.00589596280275943,0.244303565029254,41,47,33.26,22,30,2,5,6.01,16,8
"1567","TRINITY_DN22349_c0_g1",1.78748103674142,-0.847131484340845,3.14092741190119,0.0087883755301428,0.0442641479266596,-2.40720233798174,17.06,6.76,7.34,2.74,20.43,59.79,29.76,18.86,18.08,22.05
"1568","TRINITY_DN2238_c1_g1",-1.65920516574428,1.2512088394178,-9.60644062264703,6.92079234028945e-07,0.00014704250632058,6.34412141929064,143.15,92.99,106.5,117.19,120.86,36.18,32.3,30.19,38.07,34.2
"1569","TRINITY_DN22385_c0_g1",2.88938520302359,0.678470041601376,9.0064957711085,1.35161651290103e-06,0.000201165587909436,5.53991411209785,33.73,23.99,10.58,6.27,24.22,105.26,97.25,121.62,171.49,100.72
"1570","TRINITY_DN22396_c1_g1",1.13394466543368,1.07088545343993,4.13150346302486,0.00147533865571599,0.0134370567497037,-0.992305335850715,30,49,35,32,61.99,133,49,95,83,71
"1571","TRINITY_DN22472_c0_g2",-2.74149775352656,0.38436222929217,-9.61154692812777,6.88245818370376e-07,0.00014704250632058,5.93690870094027,112,78.75,85,86,116,16,4,15,24,7
"1572","TRINITY_DN22476_c0_g1",2.46917026984764,-1.11959388276116,3.5226894129278,0.0043786957900898,0.0277189993853322,-1.79627091557196,9,7,6,3,7,16,43,31,66,10
"1573","TRINITY_DN22476_c0_g2",2.05558129531136,-0.13749226410997,3.75025629646997,0.00290378767143797,0.0209738407461023,-1.46872416578218,23,5,22,11,14,25,78,32,107,39
"1574","TRINITY_DN22480_c0_g1",1.87056422433908,1.00788764732286,8.54720072385538,2.3102257975099e-06,0.000260156296795778,5.20762116502382,28,32,23,28,40,95,107,106,97,110
"1575","TRINITY_DN2249_c2_g1",1.11036016280412,0.46348235338564,6.01407798816796,6.84568859708595e-05,0.00190652252167999,2.02573531686038,33.75,27.15,29.57,21.57,22.99,62.4,49.25,50.29,54.35,48.8
"1576","TRINITY_DN2249_c2_g2",1.60152663653897,-1.13999789286518,3.37664994689151,0.00571077316566606,0.0332073238564072,-2.01673108427099,10.48,3,10,11.49,10.44,17,21,31.31,19.49,13
"1577","TRINITY_DN22495_c0_g1",1.26618690894075,0.538905313409427,4.32817609316473,0.00104699582516446,0.0107043514899474,-0.592098373639164,29.11,31.12,16.01,35,26.09,57.55,64,36.18,71.05,72
"1578","TRINITY_DN22504_c0_g1",3.52898616551119,-1.92321300642937,5.8262332996353,9.09630661188783e-05,0.00225731926534424,0.573602893669124,2.25,0,2.63,4.92,4.29,19.67,19,19,26.31,28.82
"1579","TRINITY_DN22511_c0_g1",2.49900207753594,-1.79667531452989,3.42827157247373,0.00519821384556353,0.0311314742649247,-2.02860298239412,6.69,1.34,1.8,9.29,5.92,18.54,22.48,23.33,10.59,13.64
"1580","TRINITY_DN22521_c0_g1",1.03122560210017,0.889264071575967,3.1247629135807,0.00905271459443494,0.0451554294474207,-2.73475599919286,58.48,29.34,49.73,36.41,21.2,46.82,63.23,109.21,107.88,45.26
"1581","TRINITY_DN2254_c0_g4",-3.88456973789961,-1.97323280602904,-4.708378675598,0.000547004421247829,0.00692876513183294,-0.526653804406533,19.2,25.21,28.76,44.68,28.65,1,3,0,0,4
"1582","TRINITY_DN2258_c1_g3",-1.11999285168668,2.08550858238191,-6.61847782114754,2.83447885627262e-05,0.00111717492370669,2.82075686761989,196.62,162.02,199.3,113.98,189.52,79.47,66.32,65.61,121.33,59.5
"1583","TRINITY_DN22590_c0_g1",-3.64940154532894,-2.0622009133134,-4.25526694216793,0.00118829986936547,0.0116482328584762,-1.04922224003726,15.33,32.02,16.28,31.99,33.24,6.06,0,1,5,0
"1584","TRINITY_DN22593_c1_g1",-1.02103718752798,1.45880863914599,-3.34129231678789,0.00609124828745506,0.034638278326587,-2.44726494623194,141.8,99.94,123.11,54.5,146.73,90.19,22.17,48.46,75.09,39.53
"1585","TRINITY_DN226_c8_g1",1.80087802488809,-0.727354612361366,3.07109767943103,0.00998908530406133,0.0481105545259236,-2.5385401248429,11.98,9.25,3.52,10.63,17.82,87.92,21.06,13.51,34.43,19.42
"1586","TRINITY_DN22620_c0_g1",-1.54157430982182,-0.954753505206125,-3.9765373320372,0.00193920213066188,0.0160738948509802,-1.07466014556444,31,20,23,16,45,8,4,10,11,3
"1587","TRINITY_DN22627_c0_g1",-1.14875375448861,2.36689550578645,-4.45029847811023,0.000848194300838779,0.00931250226421518,-0.638342280839712,268.67,318.23,156.66,152.71,181.33,92.25,119.7,92.43,84.34,78.87
"1588","TRINITY_DN22629_c0_g1",1.46754148115082,-0.346527949334197,4.10114295793847,0.00155618471083898,0.0138985948451959,-0.887553868986631,14,12,20,7,21,31,15,40,64,32
"1589","TRINITY_DN22634_c0_g1",1.87566904784909,2.08195195607289,9.16463519981545,1.12926993391222e-06,0.000185565320167431,5.98240432362483,67.31,49,84,58,53.08,287,224,237,203,166
"1590","TRINITY_DN22634_c1_g1",2.33997259013335,-0.134381075519088,7.64987967592154,7.02325998212375e-06,0.000496751799333801,3.87916537868148,13,8,16,12,12,57,68,49,67,34
"1591","TRINITY_DN22648_c6_g1",-1.3707707653459,-0.61310454124647,-3.35674329007892,0.00592191201503874,0.0339874133597101,-2.09155382918011,65,27,19,29,25,11,6,6,17,9
"1592","TRINITY_DN22650_c0_g1",-2.27740312408082,-1.97524160950476,-3.37432472710679,0.00573503542767899,0.0332836440404277,-2.1301126647924,24.86,21.75,14.76,10,16.47,1.12,0,1.13,12.22,4.51
"1593","TRINITY_DN22659_c6_g1",-1.81782621155811,0.0949470563362903,-3.51943674386442,0.00440460735769562,0.027850615995399,-1.89767695940472,98.43,39.14,80.38,71.57,25.9,5.9,10.07,27.87,22.95,10.86
"1594","TRINITY_DN22667_c0_g2",-1.12113554904191,0.423629294966048,-5.13258700213924,0.00027124956874596,0.00444802524963088,0.71670158494313,48.67,61.37,66.03,38.1,64.95,25.72,16.14,28.03,22.61,21.74
"1595","TRINITY_DN22688_c0_g1",1.04160548139144,2.19842836906076,5.3880751015726,0.000179956800213158,0.00345414422365481,0.948867229678933,79.12,97.72,83.99,85.6,95.28,255.01,134.18,221.52,186.14,121.1
"1596","TRINITY_DN22688_c3_g1",-1.7069917798855,1.50459304706597,-9.19161625108539,1.09542965345182e-06,0.000181231278189147,5.9626201756642,192.95,129.66,131.45,111.73,140.75,35.9,33.3,55.21,48.66,33.02
"1597","TRINITY_DN22697_c0_g1",2.54074431463749,0.122924000321018,8.26138908232498,3.26058917207345e-06,0.000321280263873636,4.60834185697325,14.06,11,11.06,12.95,17.7,54.57,47.02,106.91,79.42,70.97
"1598","TRINITY_DN22719_c0_g1",1.2856532730054,-0.18492896109593,3.43407892994506,0.00514356202775111,0.0309200778992344,-2.02880960443483,21,16,7,20,26,28.01,28.99,23.17,64.96,38.99
"1599","TRINITY_DN2272_c1_g2",1.98250534012499,-0.176542332706188,4.6207230301907,0.000634258640049986,0.0076653451859934,-0.0581201448317508,8.99,5.59,15.09,40.01,15.36,55.49,37.38,36.23,51.01,47.21
"1600","TRINITY_DN22724_c0_g1",-1.08860353409339,-0.233453361996318,-4.02104203275797,0.00179228278678851,0.0152509469737506,-1.03323170400808,41.23,36.24,36.98,31.12,31.12,21.14,5.04,20.8,14.08,13.1
"1601","TRINITY_DN22738_c0_g1",-3.50308349952209,-2.00136174579458,-5.16840001854219,0.000255946541735919,0.00429352218739381,-0.0519360201263783,37,28,28,14,19,1,3,1,3,0
"1602","TRINITY_DN22743_c1_g1",-1.4432116065564,0.423134081044107,-7.43026777629072,9.34940520637673e-06,0.000575904301902646,3.86287505673303,56.91,64.69,69.37,47.95,71.06,25.84,12.49,20.26,26.06,17.65
"1603","TRINITY_DN2275_c0_g1",1.03821141521674,4.42003317737148,9.74497825579475,5.95755995503889e-07,0.000134455453740465,6.53451913394452,414,353,364,436,463,925,811,832,888,690
"1604","TRINITY_DN2276_c0_g1",1.12672560090224,4.47264288543611,5.82472244395362,9.1173087240823e-05,0.00226025313952398,1.32232510780057,377.25,390.26,398.65,418.54,446.17,1122.37,1185.68,794.23,774.96,663.27
"1605","TRINITY_DN22761_c0_g1",1.43239213091683,-0.572911394076429,3.05575448184396,0.0102742843884102,0.0489939574481583,-2.60333495762728,16,15,5,14,14,69,16,27,20,26
"1606","TRINITY_DN22763_c0_g1",-1.56506077853424,0.837531420771194,-6.0369334728284,6.61518876132719e-05,0.00186815540974739,2.05795424380356,86,80,123,54,91,22,24,45,28,18
"1607","TRINITY_DN22771_c0_g1",2.21326837979242,-1.78727896556753,3.99231931358584,0.0018857268520941,0.0157310688975844,-1.24155761709474,12,2,5,5,3,12,14,19,16,16
"1608","TRINITY_DN22783_c0_g1",-2.53416885556167,-1.33151333704343,-4.56194709758335,0.00070083176412445,0.00819938491772272,-0.377393425993175,37.81,13.23,29.56,22.06,39.71,1.74,5.48,4.11,3.4,2.67
"1609","TRINITY_DN22791_c0_g1",1.12556957444153,0.795257764086724,3.96285416422137,0.00198683447713798,0.0163264873830976,-1.24614228212489,28.02,30.47,28.84,44.56,36.04,84.26,75.4,60.58,48.66,76.84
"1610","TRINITY_DN22813_c1_g1",4.40907389353728,-1.70814630884211,3.39249453083211,0.00554820032813289,0.032511545361719,-2.11669193612418,4,0,5,5,0,35,77,16,98,13
"1611","TRINITY_DN22826_c0_g1",-1.5427716225151,-0.291868087321869,-4.49584100388513,0.000784517104634569,0.0088271969048777,-0.254082014189159,33.11,42.07,64.74,20.7,46.89,12.36,13.42,12.2,12.34,7.24
"1612","TRINITY_DN22827_c0_g1",-1.20238014594016,0.263865693757817,-4.98451938504405,0.000345515122900636,0.00519284693276831,0.49316121605242,59,42,48,50,55,16,19,30,16,20
"1613","TRINITY_DN22838_c0_g1",-1.63996994346601,3.27718794658188,-4.5696078190421,0.000691755728240164,0.0081281671667122,-0.569780628641313,487,473,245,468,762,126,175,200,89,196
"1614","TRINITY_DN2284_c3_g1",-2.61174475473966,1.8204804953934,-8.14651361862628,3.75416870580645e-06,0.00034667740250852,4.81243891024291,195.4,299.14,282.7,129.56,344.66,32.15,27.86,36.47,61.2,30.82
"1615","TRINITY_DN2284_c3_g2",1.67955588727216,-0.299479099876088,3.63913062153292,0.00354683409660004,0.0240573454730232,-1.65048709502782,6.42,5.99,37.87,17.38,19.05,43.86,24.64,45.65,41.52,34.83
"1616","TRINITY_DN22844_c0_g2",1.99516356875493,-0.770784553766598,3.57559711105777,0.00397843024878214,0.0260210196803162,-1.70646809212774,28.81,2.59,12.37,6.65,9.35,48.86,27.76,16.85,32.04,34.15
"1617","TRINITY_DN22845_c1_g2",-2.51233630425269,-1.09094638256505,-5.82641992578257,9.0937159188168e-05,0.00225731926534424,1.2790561276776,38,19,36,33,36,3,2,6,4,6
"1618","TRINITY_DN22874_c0_g2",2.81611931005423,0.137170443376727,6.04917551781304,6.4951282501184e-05,0.00184799213359891,2.00650488206731,13.77,20.25,27.18,2.09,13.63,105.3,57.98,56.84,122.13,67.99
"1619","TRINITY_DN22874_c0_g3",-1.17887977930343,-1.01368421138284,-3.42859039518765,0.00519519818074672,0.0311202669877748,-1.94289036302788,21.93,26.37,16.27,22.8,22.9,10.99,5.49,9.35,11.93,2.68
"1620","TRINITY_DN22874_c2_g1",2.36024190605056,-0.583274208832911,3.16521375906576,0.00840577047681648,0.0429334455821697,-2.37657913009248,3.17,8.46,56.39,5.61,7.13,23.27,34.82,86.3,66.93,17.84
"1621","TRINITY_DN2288_c0_g1",-1.03185179778243,6.71074681253437,-13.9846767921796,1.20517410112376e-08,1.58106607040795e-05,10.423222519121,4036.19,3688.65,4797.18,3864.96,4174.58,2067.81,1736.72,2186.62,2077.62,1781.1
"1622","TRINITY_DN2289_c0_g1",1.282101582312,3.96583490907584,5.70904937146473,0.000108883140713174,0.00251720390326506,1.21053598774756,260,259,362,266,222,928,706,791,552,429
"1623","TRINITY_DN22898_c0_g1",-1.79228888001308,0.11718122592607,-5.58046440046316,0.000132928695217127,0.00284472619483208,1.39262636885935,52.94,64.68,62.49,44.46,57.8,7.03,19.52,7.57,30.53,15.03
"1624","TRINITY_DN22900_c0_g1",-1.44215255371611,1.40397643126302,-4.64334918861088,0.000610425315210918,0.00747111685860419,-0.157586327354518,162.02,68.72,109.94,172.4,114.09,42.6,53.75,25.1,58.96,34.29
"1625","TRINITY_DN22928_c2_g1",2.9765812298778,-0.331292731273979,4.10621180427813,0.00154237402736335,0.0137979055464342,-0.867455252009303,1.11,14.01,23.6,13.74,10.85,100.82,34.12,81.28,49.93,42.64
"1626","TRINITY_DN22943_c0_g1",1.89211791153135,0.0234144283444633,7.25756280996371,1.17560200550818e-05,0.000664679508124694,3.56551952146129,14,15,19,11,19,68,47,41,76,33
"1627","TRINITY_DN22948_c0_g1",2.58237641446274,-1.44216185183404,4.21814917067188,0.00126772304141328,0.0121695594679686,-0.870038540797564,14,2,5,8,3,23,13,31,39,14
"1628","TRINITY_DN22975_c1_g1",3.94456161453882,-2.92485882181197,5.47869667803854,0.000155927033632705,0.00314928603279482,0.190328941768226,0,0,0,0,11.33,11.76,14.18,10.13,15.88,10.53
"1629","TRINITY_DN22995_c1_g1",-6.46337501145188,-0.886498207485945,-5.79167059041525,9.58985359492362e-05,0.00232235853464599,0.630944342257008,184,199,91,71,204,1,0,1,2,1
"1630","TRINITY_DN23016_c4_g1",-1.1871238490122,-0.699447435993677,-4.06462422021584,0.00165955043617886,0.0144814352862045,-0.9325776704271,33.56,22.49,19.22,22.02,39.01,10.9,8,11,12.19,6
"1631","TRINITY_DN23028_c2_g1",-3.54394958718176,-0.749655637683107,-6.537861179412,3.17919406450062e-05,0.00119084279250836,1.96894188364694,103,46,59,34,54,3,2,5,3,5
"1632","TRINITY_DN23034_c0_g2",1.44071964432599,-1.2333281957514,3.25293275680916,0.00715857312356212,0.0386195150529327,-2.21129551707714,9.31,6,3,13,11.47,12,23.82,13,23.36,16.03
"1633","TRINITY_DN2304_c0_g1",-1.16559131667374,0.646363942540059,-3.30329120286891,0.00652895239113321,0.0362548493625448,-2.37485433983685,96.03,68.16,48.15,83.01,46.36,34.27,24.02,40.84,35.08,9.44
"1634","TRINITY_DN23058_c0_g4",-1.91070106621156,0.398364324041283,-4.29534309977512,0.00110833094703459,0.0111136511289687,-0.619665777698491,123,86.5,58.3,26,102.12,12.36,10,15.27,28,22
"1635","TRINITY_DN23061_c0_g1",3.51084033673202,-0.981554351614132,4.22723414779362,0.001247786766793,0.0120270016006801,-0.844603615730191,9.73,6.13,8.26,2.35,2.09,28.39,59.72,21.71,61.35,76.54
"1636","TRINITY_DN23070_c0_g1",1.43126635657029,-1.38747044126058,3.69749337832722,0.00319268240503261,0.0223376882804385,-1.52513238379287,13,6,6,5,7,13.01,20.01,16.07,14.01,14
"1637","TRINITY_DN23075_c0_g1",-1.35665241897809,1.49711876995123,-5.72867632878675,0.00010563849249491,0.0024734323053339,1.56699888362391,178.61,125.05,92.37,91.39,148.83,56.96,35.97,56.34,59.54,27.83
"1638","TRINITY_DN23084_c0_g1",-3.41493784953259,-0.278419607903092,-6.87530097157392,1.97765905735978e-05,0.000907737162775153,2.67211211238388,126,67,69,50,87,8,1,3,18,5
"1639","TRINITY_DN23084_c0_g2",-3.47988319598744,1.13895933724,-12.5480072860726,3.96715750500073e-08,3.31965636699223e-05,8.48812681116058,259,201,230,127,207,13,11,17,32,12
"1640","TRINITY_DN23085_c0_g1",-1.3175260962139,-0.743618200919154,-3.3558923688119,0.00593111208874425,0.0340186773825676,-2.08223554512269,23.25,24.14,20.9,27.37,40.65,3.51,12.16,15.56,9.53,7.39
"1641","TRINITY_DN23170_c1_g1",2.04977963519816,0.0836516367389337,5.95779146091473,7.45047270050624e-05,0.002007689930594,1.91969827765843,19,20,11,23,9.1,72,62,39,54,58
"1642","TRINITY_DN23174_c0_g1",-1.64486717049191,-1.32499653994809,-3.07264178175692,0.00996082779169966,0.0480331947432896,-2.48817519154288,27.73,20.39,20.13,18.21,13.64,10.54,5,8.56,1.06,5
"1643","TRINITY_DN23177_c0_g1",-1.63509008842653,-0.496525225979343,-3.21972264446542,0.00760710971824739,0.0402645294555463,-2.3279667902388,73,42,30,13,39,14,17,4,11,7
"1644","TRINITY_DN2318_c5_g1",1.36847615968967,-0.923667981050659,3.8968253642008,0.00223427286193665,0.0175907468720618,-1.19666210191626,7.72,12.17,12.84,9.23,8.83,27.11,17.93,24.15,30.03,10.15
"1645","TRINITY_DN23190_c2_g1",2.519334499398,-1.36200786546498,4.39479172895451,0.000933167361402276,0.00992696589609275,-0.603863927801,6,2,4,5,16,27,12,36,31,18
"1646","TRINITY_DN23191_c0_g1",-2.24206349479054,-0.523701643505899,-5.07523185956071,0.000297797944595797,0.00472464632959112,0.580250498278947,64.06,33,38,26,61,2,10,7,14,8
"1647","TRINITY_DN23192_c0_g1",-1.47453416088321,-1.37656139258693,-3.56083363446895,0.00408620361558079,0.02650598698331,-1.73475313895654,23,14,15,18,27,4,5,4,13,2
"1648","TRINITY_DN23196_c0_g1",1.53611865529715,-0.239491846919557,3.65255604337853,0.00346194910808169,0.0236407876883454,-1.64123711809827,15.67,7.04,20.29,13.82,21.41,40.38,12.42,37.44,64.22,50.78
"1649","TRINITY_DN23213_c3_g1",2.83131989633365,0.093373793663386,3.08061086205798,0.00981626366221845,0.0475904957906164,-2.60496465691521,11.15,45.13,0,41.92,23.08,77.75,23.7,100.29,110.59,84.27
"1650","TRINITY_DN23227_c0_g1",1.52909256419464,0.730518173574633,4.3069426726696,0.00108624539509208,0.0109899503877331,-0.644027481413831,18,14.79,39.4,63.2,27.52,83.28,58.27,59.17,89.06,85.01
"1651","TRINITY_DN23240_c0_g1",1.19187830405622,1.47107959587886,3.5572203577403,0.00411303256673628,0.0266355464147343,-2.06237016034648,55,76,23,48,72,108,95,137,87,148
"1652","TRINITY_DN23240_c1_g1",1.79414880448133,-1.14487927249702,4.00385895107464,0.00184759323986762,0.0155488850239269,-1.04949906421876,6,5,6,20,7,21,26,17,19,21
"1653","TRINITY_DN23279_c1_g1",1.3002407401199,0.424800392031497,5.43969577621092,0.000165824581849654,0.00328215605217777,1.18683452986223,24.69,17.48,30.29,19.92,33.07,53.03,64.2,39.75,74.67,49.39
"1654","TRINITY_DN23296_c0_g1",3.20453180606746,-1.96508467229919,4.3912616188347,0.000938863192628961,0.00996015367861943,-0.897598456351249,2.91,0,3,5,5,40.97,16,14.77,21.1,12
"1655","TRINITY_DN23305_c0_g1",-1.3023533227545,0.845823693578799,-4.33095872312053,0.00104196271566985,0.0106769770286358,-0.619195246072275,110,52,82,51,108,24,30,27,24,46
"1656","TRINITY_DN2331_c0_g1",-1.0098044040063,-0.179836196004469,-3.4570255768173,0.00493328158380102,0.0300245512298371,-1.99258726745115,36.12,40.44,37.08,29.1,36.58,13.83,4.29,25.62,22.26,16.72
"1657","TRINITY_DN2333_c0_g3",-1.11397119328806,3.79870595171707,-9.66103399445701,6.5225629737323e-07,0.00014190748908171,6.48886184563314,651.25,517.87,664.35,421.09,573.35,262.39,231.89,262.56,349.17,196.72
"1658","TRINITY_DN23331_c0_g1",-1.21209276455799,-0.186096468858743,-3.43052158325849,0.0051769696071904,0.0310605754926422,-2.0337554533173,31,43,30,34,51,8,18,20,10,20
"1659","TRINITY_DN23338_c0_g1",-2.14797209982284,0.161035210802191,-3.86329732682626,0.00237188888053284,0.0183184521413371,-1.31179723256607,29,88,97,78,56,19,16,8,6,25
"1660","TRINITY_DN23349_c0_g1",-1.11327657682156,3.23053720908591,-7.67597272381772,6.79111523349096e-06,0.000488696250253993,4.1550014402772,496,313,366,289,442,163,138,197,233,147
"1661","TRINITY_DN23361_c0_g1",-1.17984599508023,2.09414258832284,-4.00061704871955,0.0018582250792736,0.0156021488556299,-1.37964309213204,278.64,166.54,102.49,128.74,255.58,73.27,80.7,70.52,101.74,55.51
"1662","TRINITY_DN23364_c0_g1",-1.49531672048155,0.9361554949296,-5.55498579851359,0.000138327910448142,0.00291570266734543,1.34314432576205,101.32,70.16,77.45,94.66,100.48,33.55,15.28,49.57,21.5,34.54
"1663","TRINITY_DN23365_c0_g1",-1.50063362455976,-0.661474253265232,-4.50428342619515,0.000773272040158301,0.00873405951029959,-0.246665088834433,44.2,18.46,32.1,28.77,33.92,8.99,3.07,8.39,13.43,11.22
"1664","TRINITY_DN23395_c0_g1",-1.02174893411568,0.109709012585177,-3.19669647644298,0.00793469028488237,0.0414021238761547,-2.48284812154271,35,35,37,76,46,26,12,23,18,16
"1665","TRINITY_DN23418_c0_g1",1.84555813243918,-0.0815294728067709,6.42163633093727,3.75697004886283e-05,0.00131920825001742,2.52050623280741,11.99,16,20.14,15,11.94,68.48,30.77,42.82,46.69,49.25
"1666","TRINITY_DN23433_c0_g1",1.44459349760743,0.706790579085799,6.5994666302621,2.91201662274085e-05,0.00113214793515009,2.83716462240649,25,23,26,33,36,86,52,80,68,72
"1667","TRINITY_DN23458_c0_g3",-1.65947482779493,0.19886915915428,-3.63915431910422,0.00354668239841645,0.0240573454730232,-1.71261681323118,98.02,75.07,46,31,57,20,19,18,35,3
"1668","TRINITY_DN23462_c0_g2",-1.34392417153949,-0.722394187326621,-3.1202033651107,0.00912871541497987,0.0453525721717364,-2.4750699583076,50.3,23.45,31.8,10.6,33.92,14.23,7.68,7.06,7.2,9.08
"1669","TRINITY_DN23462_c1_g1",2.06156405882793,0.181831084966946,8.25315975920626,3.2935237978412e-06,0.000323938612818048,4.69914147093767,10.6,21.63,16.59,18.11,16.48,67.93,50.61,59.46,64.05,60.6
"1670","TRINITY_DN23463_c0_g1",2.58789904344913,-1.83890926587624,5.4291831265887,0.000168604530804846,0.00331306684790693,0.323581668557292,7.69,2.86,2.82,3.08,3.27,18.69,13.21,22.05,18.53,12.18
"1671","TRINITY_DN23471_c0_g1",2.37155829451596,-1.1857797848533,3.16729686505407,0.00837374622044972,0.0428060555147068,-2.33898679559674,3.55,1.74,13.93,10.9,11.82,63.48,13.05,22.98,39.52,11.69
"1672","TRINITY_DN23494_c0_g1",-1.11192572032467,0.497005384755103,-4.21367500638295,0.00127766262069742,0.0122262810591332,-0.780825915035286,64,49,48.78,43,95.74,24,23,16,41,21
"1673","TRINITY_DN23498_c0_g1",1.63304568343049,-0.401575052021253,4.68593941936448,0.00056807069100818,0.00712023136125731,0.0417063312366617,28,13,7,6,19,32,30,43,39,29
"1674","TRINITY_DN235_c0_g2",-1.69236968647828,-0.631004304449677,-3.73727607157483,0.0029722694394929,0.021296891988336,-1.45522310312613,23.66,38.45,45.66,34.11,30.43,7.52,4.49,2.35,24.1,12
"1675","TRINITY_DN23516_c0_g1",-1.38032341880914,-0.977848025391304,-4.07837957529085,0.00161980515831378,0.014244844293693,-0.916302356022635,26.78,21.74,27.17,16.94,29.06,7.15,4.16,10.31,14.59,2.04
"1676","TRINITY_DN23531_c2_g1",1.55564043691755,-1.65098863561248,3.17724821775678,0.00822245154417428,0.0423070061431448,-2.32737548013558,10,3,2,11,9,11,9,15,16,15
"1677","TRINITY_DN23534_c0_g1",-2.81213159836921,-1.77815807497267,-5.02296558581087,0.00032437717924438,0.0049839545639212,-0.134213565942942,28.16,21.88,19.72,22.6,21.14,2,0,3.37,5.08,3
"1678","TRINITY_DN23537_c1_g1",-1.67641643589458,0.491748476980348,-6.58779883755362,2.96072078241617e-05,0.0011412938630503,2.8081662006649,84.05,46.79,74.25,65.45,84.63,34.28,16.55,15.97,23.24,12.67
"1679","TRINITY_DN23599_c0_g1",-1.90245438161374,0.131808915438862,-5.94478118848285,7.59817682243611e-05,0.00202956627060113,1.90739240633026,76,57,87,29,60,18,14,10,17,11
"1680","TRINITY_DN23601_c1_g1",1.57611555861821,-1.05203006802934,3.39414677274083,0.00553152091589046,0.032448765545319,-1.99193544606481,15.67,3,10,9,12,16,21,15,36,21
"1681","TRINITY_DN23608_c0_g1",-1.44597473052995,-0.264717513082852,-4.28229342829163,0.00113373703602081,0.0112857048181201,-0.596565009170994,32,47.85,32.82,26,68,10,7,15,20,10
"1682","TRINITY_DN2362_c4_g1",1.0254827837653,1.09704132603909,5.6351925613892,0.000122070810903446,0.00268996567887063,1.45041574001868,34.8,39.07,45,41.14,53.62,91.6,65.14,65.91,114.71,73.52
"1683","TRINITY_DN23622_c0_g1",-1.49865400211285,-0.90268491759133,-3.73572956783671,0.0029805385405111,0.0213259573452622,-1.45169058688196,19.41,43.24,21.1,18.25,34.35,4.83,5,10.22,10.83,5.75
"1684","TRINITY_DN23631_c1_g1",-1.37793214151018,2.5645621455146,-4.42426318028023,0.000886998387302497,0.00960667648024097,-0.711501700929227,251.2,178.09,359.77,164.73,384.45,85.2,119.27,111.16,62.72,138.65
"1685","TRINITY_DN23649_c0_g1",-1.48677755780223,0.221493219743726,-3.13099160221366,0.00894992064810582,0.0448039699927403,-2.60245230327224,108,48,27,51,64,5,20,22,32,18
"1686","TRINITY_DN23657_c0_g1",2.7481315880653,-1.46940902747446,3.10332363800359,0.00941571027125577,0.0463214451305963,-2.44849341257384,0,15.34,19.82,11.14,0.33,30.7,12.69,17.85,28.14,28.14
"1687","TRINITY_DN23666_c0_g1",-1.53761711038335,0.487424482167141,-4.51643351481995,0.000757383076942099,0.00862189710680995,-0.26966904476202,88.61,72.99,66.91,34.95,76.31,20.27,28.36,8.29,25.73,28.82
"1688","TRINITY_DN23674_c1_g4",-1.12703860751948,0.21817209796054,-3.32901017826857,0.00622935867742363,0.0351276451870856,-2.26674320222522,59.39,55.98,41.63,26.92,69.61,15.98,12.46,13.24,53.4,17
"1689","TRINITY_DN23690_c1_g1",1.61576639118097,0.448076104914401,6.23778702978465,4.91095597033167e-05,0.00155772386350419,2.33586428601095,31.99,13.02,16.11,22.52,35.09,71.08,55.56,49.93,87.05,55.38
"1690","TRINITY_DN23698_c0_g1",1.93595150511999,-1.73772040287419,3.26103630154378,0.00705324947000186,0.0382752960114607,-2.21871686740888,6,10,3,8,2,10,14,19,12,17
"1691","TRINITY_DN23702_c0_g1",1.02162024607338,-0.0730347271075686,3.78916051278272,0.00270809376867589,0.0200075968720524,-1.44294455339504,16,17,20,26,20,50,25,35,49,21
"1692","TRINITY_DN2371_c0_g1",-1.03731259337297,1.57007228583202,-5.96439514947808,7.3766702743524e-05,0.00200037279627409,1.9117334583449,115.97,134,149.66,87.34,102.16,51,48,62,65,46
"1693","TRINITY_DN23716_c0_g2",2.82196094242074,-0.9746715828985,3.99547800416097,0.0018752084792797,0.0156726523613115,-1.09353326114526,5.08,11.11,2.03,2.05,15.18,46.4,17.36,17.03,49.22,67.12
"1694","TRINITY_DN23718_c3_g1",1.02968515435451,0.00403036476726384,3.10086759892077,0.00945821893874222,0.0464339729485629,-2.63626302365278,20.34,25.58,12.62,30.8,17.89,52.69,41.18,25.58,51.04,21.47
"1695","TRINITY_DN23726_c0_g1",-1.3727432419995,0.735538881051086,-5.51750549948211,0.000146695960561544,0.00302604416293335,1.29486768431957,96.92,74,59.26,54.2,91.5,25.05,24.62,15.22,35.1,34.54
"1696","TRINITY_DN23726_c0_g2",-1.41411488266771,2.00489944894231,-6.82020764720015,2.13487244382634e-05,0.000946014095186023,3.11229380778707,229.01,163.91,172.59,126.35,208.92,43.11,55.43,59.03,105.6,73.62
"1697","TRINITY_DN23727_c0_g1",1.20049324245606,1.9729299135208,4.38986490393809,0.000941126787159357,0.00997638415131253,-0.680323746926608,110,60,52.76,106.2,53,132.03,98,206.8,221.57,170.62
"1698","TRINITY_DN23729_c2_g1",-3.00339205713207,-1.98851308349772,-3.90301509368943,0.00220978181139505,0.0174653326278012,-1.47762135126228,28,24,26,15,14,0,0,5,6,5
"1699","TRINITY_DN23730_c0_g1",1.271981524661,-1.05575775993964,3.08995647583731,0.0096494133489221,0.0470470145634171,-2.48758521441303,13,5.02,14.03,6,11.02,39.12,11,15.01,20,15.47
"1700","TRINITY_DN23744_c0_g1",-1.02659061589434,0.656070791192249,-3.73528520180843,0.00298291892120148,0.0213338709812325,-1.62237633019934,89.27,53.57,38.29,71.44,73.17,32.64,15.43,30.03,35.29,28.92
"1701","TRINITY_DN23752_c0_g1",-1.45047198388223,0.717606679175959,-5.69458853115654,0.000111341197230718,0.00255310246988869,1.56103705122635,104.97,71.6,51.2,75.35,81.52,19.23,20.85,20,38.86,29.41
"1702","TRINITY_DN2376_c0_g2",-1.02671481380065,1.32531301395967,-5.03962691787566,0.000315643270112695,0.0049023852383494,0.497009184835663,118.64,104.52,129.2,59.25,93.41,50.24,38.15,43.24,65.21,34.14
"1703","TRINITY_DN23777_c1_g1",1.32836339736476,-0.484072219161963,3.28242904133294,0.00678268085511971,0.0372342343955204,-2.24019641744963,11.01,17.47,14.26,17.46,8.97,23.19,46.75,39.92,25.42,16.99
"1704","TRINITY_DN23779_c0_g2",1.41890111524063,0.541626606085592,6.29117271027748,4.54131875776783e-05,0.00147805724795174,2.41358303045267,37.5,28.66,19.56,27.95,18.49,66.22,53.58,52,85.4,57.99
"1705","TRINITY_DN23780_c0_g1",1.59794999466397,2.25989110389291,5.96774249695857,7.33955716294709e-05,0.00199602926824928,1.85608689996699,53,88.02,85,67.01,93,182.07,178,336,198.46,278.01
"1706","TRINITY_DN23802_c0_g1",1.08405612345805,0.0922113775640205,3.33988582729271,0.0061069050469019,0.0346940330484689,-2.23398042565472,12,30,38,14,22,42,23,45,58,37
"1707","TRINITY_DN23803_c0_g1",-1.60970811390648,-0.169266459626058,-5.42893438950254,0.000168670899679204,0.00331317403555493,1.15965962167757,46,47.83,38.29,35,53,19,16,6,18,7
"1708","TRINITY_DN23828_c0_g2",-1.47369682358321,-0.198898180060012,-3.5397995767823,0.00424493433777097,0.0272046923018382,-1.83466421183028,54.81,48.95,45.69,16.69,54.42,15.79,16.79,13.88,20.09,3.24
"1709","TRINITY_DN23860_c3_g1",-1.73112034487977,-1.3376296044769,-3.3973203478354,0.00549962659642207,0.0323279142122547,-1.98563439544925,27,17,21.01,10,38,4.07,1,11.19,5,5
"1710","TRINITY_DN23862_c0_g1",3.6267274720758,-1.71581460884926,4.13731938511957,0.00146035548771289,0.0133653365862681,-1.18242778436032,1.06,7.42,3.66,5.18,1.09,15.94,18.6,22.89,70.24,26.44
"1711","TRINITY_DN23863_c4_g1",-1.1368603211154,-0.0410089483998428,-4.26485741700556,0.00116863190209574,0.0115296676558841,-0.645421851117849,42.77,49.94,29,32.62,54.92,16,10.04,12.27,27.76,16.38
"1712","TRINITY_DN23876_c0_g1",1.00688269694275,6.12597044319334,5.65088720822387,0.000119133253882054,0.00265099889669805,0.871552200722704,1704.86,1105.76,1157.04,1161.26,1719.66,2033.84,2815.13,2507.48,2703.23,3474.07
"1713","TRINITY_DN23877_c0_g2",-1.25350565232221,-1.31482932823459,-3.17450253750915,0.00826391757148154,0.0424520911060118,-2.33215800353295,25,16,20,10,25,9,2,4,13,4
"1714","TRINITY_DN23891_c2_g2",2.03057350972359,-1.23598358158791,4.24227173050552,0.00121550095654398,0.0118241423434948,-0.727119184748876,5,10,9,7,4,29,27,13,20,21
"1715","TRINITY_DN23894_c0_g1",1.75484905584965,0.227403261739436,6.12193745650564,5.8276651611752e-05,0.00172455133722242,2.1638571164418,17,14,23,18,21.03,89.58,44.47,38.41,56.95,63.79
"1716","TRINITY_DN23900_c0_g1",-1.3378771352821,4.24300410540264,-5.28755028372909,0.00021125485757075,0.00381866499107035,0.490644951370586,674.91,926.26,718.07,1294.19,663.35,477.17,302.29,230.42,412.64,245.89
"1717","TRINITY_DN23900_c0_g2",-1.59383939521826,0.13402883917295,-3.85436955954534,0.00240998674791163,0.0184778107140769,-1.33962174211781,59.25,80.87,36.32,56.05,43.51,23.82,20.86,4.52,26.77,12.77
"1718","TRINITY_DN23905_c0_g1",1.10766111720114,-0.368859660503333,3.32720276100062,0.00624994945903693,0.0351910743496307,-2.18959646819411,15,19.56,14.99,19.51,10.75,17,36.89,33.41,33.75,26.71
"1719","TRINITY_DN23910_c1_g2",1.42561062915879,-1.42358092724101,3.22738731132401,0.00750112919537486,0.0398723820239297,-2.24675683004135,5,11,6,4,12,12,19,14,25,8
"1720","TRINITY_DN23920_c0_g1",-1.88769014183149,0.673623817910797,-7.95777407633953,4.74750129862066e-06,0.00039665336886832,4.49972767696812,109.56,64.44,90.76,93.7,72.42,15,15.32,20.16,33.82,21.49
"1721","TRINITY_DN23921_c0_g1",-1.20163051239075,2.2949713101867,-3.38537539523327,0.0056206554219961,0.0328232923310423,-2.5182501165861,195.32,154,179.01,149,423,80,30,118,143,106
"1722","TRINITY_DN23944_c0_g2",-2.30641883983948,-0.498867807995973,-4.54121463863476,0.000726024256045317,0.00838233608799848,-0.198808988737648,27.01,46,71,59.54,32.01,4,11.27,10,8.44,4.48
"1723","TRINITY_DN23944_c1_g1",-2.28521566093462,-1.7028333193521,-4.52439810489887,0.000747152945167392,0.00855365098728681,-0.551531318126692,21,29,23.41,11,18.01,3,2,4,4,1
"1724","TRINITY_DN23972_c0_g1",1.15179473304787,2.76724681305138,6.8285679020593,2.11018181783639e-05,0.000938470149255429,3.05040471730717,120.69,106.49,165.78,150.4,95.64,288.27,248.71,324.42,324.05,204.19
"1725","TRINITY_DN23975_c3_g1",-1.1904905045347,-0.570272823703822,-3.11801887969141,0.00916535486761503,0.0454971996535958,-2.5032628572428,38,43,17,23,33,12,3,9,17,16
"1726","TRINITY_DN23990_c0_g1",-2.0725831059761,1.56696860663899,-3.7407889495821,0.00295357372032848,0.0212104341460769,-1.72020148560127,429.66,106.97,97,204.62,142.23,68.92,8,32,54.48,59.24
"1727","TRINITY_DN23996_c0_g2",1.10393905787455,-0.0331634373767426,3.211468590373,0.0077229338106049,0.0406520945410444,-2.43736065301688,30.3,12.13,18.97,9.64,37.04,35.77,22.46,48.86,63.21,25.46
"1728","TRINITY_DN240_c0_g1",1.61630074189359,10.1212322794157,3.25632190858477,0.00711433114261822,0.0384877248038739,-3.64172903545194,46858.69,18594.23,16258.48,17973.53,5975.5,139866.88,26593.22,63031.9,67622.27,30693.65
"1729","TRINITY_DN24020_c0_g1",-3.01304351655565,-0.52713706018745,-5.49364167688483,0.000152301529864667,0.00309931065620989,1.05739289494398,72.89,59.8,63.98,20.55,77.7,4.09,5.32,3.97,7.9,5.1
"1730","TRINITY_DN24056_c0_g2",-1.16014048031077,-0.583909571811789,-4.16631027922719,0.00138798874185123,0.0129148301777942,-0.773432592100016,31.92,28.64,25.64,25.46,29.94,18.34,8.23,6.14,10.22,12.26
"1731","TRINITY_DN24079_c2_g1",1.15142002567733,1.51049140770304,3.41962491276498,0.00528068396566826,0.0314450099895616,-2.31702428428556,31.06,66.16,93.11,80.09,31.02,110.14,87.16,98.92,190,95.09
"1732","TRINITY_DN2410_c0_g1",1.11576877839115,2.27323395265658,5.42765653104658,0.000169012297586818,0.00331509119294793,1.0034739529042,87,98,67,114,92,235,189,231,173,148
"1733","TRINITY_DN24124_c0_g1",-3.04440435454689,-1.2688067043577,-4.86883303324849,0.000418313930194671,0.00585801055026219,-0.0671166750549146,45,48,18,29,36,2,2,1,4,7
"1734","TRINITY_DN24133_c0_g1",-3.02875015040227,0.572136736939194,-3.33119815821752,0.00620452450565362,0.0350582061486605,-2.24351337939412,64.1,161.46,59.51,130.19,210.29,2.17,88.08,78.8,3.45,5
"1735","TRINITY_DN24143_c1_g1",1.0062264352043,-0.875823169054663,3.10493523642162,0.00938792154880569,0.0462349185948108,-2.49315026556418,10,10,11,8,22,24,22,18,20,13
"1736","TRINITY_DN24193_c0_g1",2.07413446513293,0.0038449689279348,6.96063901497652,1.75803563439133e-05,0.000846206337966185,3.19075251931719,12,14,29,9,13,58,43,48,57,67
"1737","TRINITY_DN24201_c0_g1",1.53841330196727,1.42217272881529,3.55080107494423,0.00416114162972561,0.0268766956872587,-2.05614428407478,55.07,33.73,58.48,37.37,40.17,141.63,41.06,220.3,104.34,201.3
"1738","TRINITY_DN24225_c0_g1",1.07613955004798,1.62862730604969,5.89278753852795,8.22020627746775e-05,0.00212046962707197,1.79888176945109,58.66,54.62,71.35,66.81,47.04,121.58,134.56,119.19,120.06,108.61
"1739","TRINITY_DN24236_c0_g1",-2.02046599030317,-0.783478458905858,-5.08354236239386,0.000293787562992158,0.0046915441393736,0.549363808292854,28.49,51.78,44.56,20.36,30.29,5.2,4.1,5.43,11.56,5.62
"1740","TRINITY_DN24250_c2_g1",-2.92722382191817,-0.0754546191757991,-6.38609616943278,3.95521982239436e-05,0.00136333328670079,2.34094577307809,103.3,83.97,58.98,48.97,88.9,5,5,4,34.82,5
"1741","TRINITY_DN24253_c0_g1",-2.1595055043176,0.797663822318024,-9.77357712765266,5.77728941209131e-07,0.000132030482526495,6.36597502933603,124,96,112,73,103,22,11,25,20,27
"1742","TRINITY_DN2427_c0_g1",1.49958604387706,1.40149286755209,6.60922661951733,2.87193172224085e-05,0.00112169515548219,2.85057693607643,36,53,40,49,45,138,90,161,105,112
"1743","TRINITY_DN24283_c6_g2",-1.63755623905693,-0.73751958573612,-5.21490042161362,0.00023742155355609,0.004104766598687,0.778692297855883,40,24,33,22,31,6,7.69,10.61,6,10.04
"1744","TRINITY_DN24294_c0_g2",2.95827802824322,-1.50841342526099,3.26691800661739,0.00697778763783381,0.0379604768363091,-2.23558560851308,14.26,9.79,0,0,18.51,39.76,17.04,14.48,28.14,33.17
"1745","TRINITY_DN24297_c0_g1",-1.12548817118673,-0.836369248437585,-3.25195997487045,0.00717132319412558,0.038665289438113,-2.2499419389174,24,22,31,15,28,5,14,14,10,5
"1746","TRINITY_DN24298_c0_g2",-1.07503944363128,0.205564342948135,-3.19229346361287,0.00799893477454506,0.0416135878835276,-2.50436867701759,77.22,54.3,32.91,45.85,34.15,32.61,25.15,14.6,18,13.19
"1747","TRINITY_DN2430_c0_g1",-1.32409258243675,4.93498505494806,-7.83818307450257,5.52030886318958e-06,0.000432644264233061,4.19339700941133,1075.79,1208,1416,1408.07,1528.93,521,656,639,488,371.02
"1748","TRINITY_DN24353_c0_g1",1.97033109018687,-0.0819420622832008,4.94346363862047,0.00036969472325338,0.00541919720342769,0.440168766851644,35.15,12,4,12,21.72,55.42,33.68,54.84,56.27,45.39
"1749","TRINITY_DN24355_c0_g4",1.39832812346653,-1.07547437494377,3.1676104609547,0.00836893588280083,0.0427907801618773,-2.35858077309704,3.22,10.01,11.16,9.59,15.87,18.7,11.44,27.88,24.72,14.95
"1750","TRINITY_DN24355_c2_g1",1.56751720101906,-0.655845097743433,3.54541794520544,0.00420192874060909,0.0270469948083395,-1.77351812976086,8,8,17,12,13,41,27.3,16,56.44,14
"1751","TRINITY_DN24371_c0_g1",-1.27861383585111,1.1849673989753,-6.57261141585354,3.02542061702791e-05,0.00115587968149262,2.80474914150845,105,116,101,80,88,59,28,28,46,33
"1752","TRINITY_DN24375_c1_g2",-2.64441253156281,0.963631101279018,-9.50413216005778,7.73930715250011e-07,0.000156699427703031,6.12339260211969,155.01,191.41,109.03,101.28,127.28,17.01,16.75,25,28.07,12
"1753","TRINITY_DN24382_c0_g1",-3.45658968645289,0.48923155011155,-7.75208811244175,6.15964310090521e-06,0.000457670327669902,4.06236638807605,196.5,107.97,160.6,63.4,149.52,10.73,10.51,9.55,18.05,4.01
"1754","TRINITY_DN2440_c0_g2",-1.05390464204583,1.0317952125368,-5.51744654222703,0.000146709537564216,0.00302604416293335,1.27643942150922,73.4,74.22,78.51,93.92,88.26,52.91,31.5,30.18,43.88,27.44
"1755","TRINITY_DN24409_c0_g2",1.29186692663961,-0.806442381802321,4.83528472027103,0.00044231527754405,0.00604319775455875,0.244043890662212,18.03,10,9,9,10.23,24.46,16.02,23,25.01,22.96
"1756","TRINITY_DN24419_c0_g1",1.64685036584561,-1.56067833499586,3.14227798770632,0.00876664473900531,0.0441792433984284,-2.37824581876868,15,10,4,2,5,13,14,24,19,7
"1757","TRINITY_DN24421_c0_g1",1.79757715056133,-1.72177477641822,3.42205465828529,0.00525737581027376,0.0313535002790456,-1.98106023652913,6,3,14,6,3,15,13,16,12,13
"1758","TRINITY_DN24433_c2_g1",-1.83922433513058,0.610034956249276,-5.20777589318331,0.000240165611702644,0.00412989180718257,0.830506133481292,55.01,72,100,64,125.03,36,14,9,27,24.07
"1759","TRINITY_DN2445_c1_g1",-1.15548185526185,2.05387496840864,-7.33170567278871,1.06502922030628e-05,0.000626678988338231,3.79590285625346,144.84,183.36,175.19,165.68,171.42,58.21,76.61,81.65,87.89,66.11
"1760","TRINITY_DN24465_c0_g2",1.11353963943539,3.69400393191133,4.91616815064745,0.00038674957629946,0.00557776875917317,-0.0600869848778087,229.76,194.65,274.65,306.82,199.54,712.66,566.17,543.04,389.31,425.09
"1761","TRINITY_DN24465_c0_g3",2.1589801359073,-0.326106789369578,3.34756896574341,0.00602187332349536,0.0343725167318959,-2.11487092010684,20.54,9.5,1.85,18.41,20.55,62.92,63.35,45.98,21.41,40.93
"1762","TRINITY_DN24485_c0_g1",2.16882760020911,-0.0266153362777352,7.00896663435236,1.64533613784246e-05,0.00080695651824517,3.23082535849233,19.71,15.55,24.38,6.18,9.65,61.51,39.73,58.22,79.57,41.68
"1763","TRINITY_DN24491_c0_g1",-1.58140770936949,0.982272175397248,-7.2360297134056,1.20996887095259e-05,0.000671115877048414,3.6751273210156,116,71,98,79,107,23,39,25,29,32
"1764","TRINITY_DN24497_c0_g1",2.33846012615322,-1.02033391610786,3.08447622887552,0.00974690501639423,0.047359648985769,-2.47031985071463,12.34,13.35,6.68,0.46,11.23,12.34,19.14,60.22,32.83,39.78
"1765","TRINITY_DN24504_c0_g1",1.37190367426503,-0.660633775440778,3.79023071315101,0.00270290650468131,0.0199887903825054,-1.3758526852608,9.2,10.31,8.59,13.97,18.22,24.49,40,23.25,22.35,21.09
"1766","TRINITY_DN2452_c0_g1",1.08990049307138,5.83394535919484,11.213779703375,1.34139138717944e-07,6.2912878386165e-05,7.98091609162478,1017.54,1002.11,1074.17,1206.84,1055.88,2387.87,1722.77,2133.03,2924.23,2098.1
"1767","TRINITY_DN24522_c2_g1",1.91916903926201,-1.21477076301931,3.56938124044263,0.00402344712745859,0.0262076991308846,-1.719431829968,7.4,7.11,7.48,2.36,12.23,42.01,19.18,27.67,16.76,10.72
"1768","TRINITY_DN24533_c0_g1",1.51725989303479,1.72597464901719,8.97269305183693,1.40499540423708e-06,0.000202166944528728,5.75695129625172,64.16,37.27,57.86,48.18,71.56,153.81,122.72,137.32,216.54,136.16
"1769","TRINITY_DN24545_c2_g1",-3.15230073661619,-1.08193782036675,-3.05586842503714,0.0102721365514752,0.0489939340130839,-2.5101354783701,29.24,22.16,56.28,33.65,66.74,31.35,6.04,19.99,0,0
"1770","TRINITY_DN24552_c2_g1",-3.93882645673053,0.140967668795909,-3.06284395513127,0.0101415026152113,0.0485996888761196,-2.56954045665677,222.86,141.66,110.34,49.54,71.63,98.98,114.63,0,0,11.24
"1771","TRINITY_DN24565_c0_g1",-1.8571988933011,-1.54210641451714,-4.31928119401632,0.00106325504253234,0.0108136695995469,-0.688983318804193,22,12,22,15,27,6,2,2,5,4
"1772","TRINITY_DN24576_c0_g1",-1.30962534821785,1.17124728521973,-5.845367364458,8.83472051349972e-05,0.00221442066105882,1.76510334836196,141.77,97.04,90.92,79.66,88.67,44.52,20.28,41.46,61.79,25.23
"1773","TRINITY_DN24599_c0_g2",3.15661248694912,-1.84807648670567,4.73294908317912,0.000524873214728238,0.00674743063632323,-0.510866907769225,3.45,0,4.21,2.3,8.22,19.96,22.58,24.64,16.96,20.17
"1774","TRINITY_DN246_c0_g1",-1.31604603113832,6.07658253834713,-3.4469893318304,0.00502415282267302,0.0304138782613254,-2.9825870790349,4932.77,1559,1433.02,3058.08,6015.73,1113.01,1269,1051,1337.06,1015.25
"1775","TRINITY_DN2460_c1_g1",1.41647413936743,1.70189810066006,3.82601303338888,0.00253523199650407,0.0191068038689002,-1.6178945303549,52,48,64,48.92,64.95,334.7,137.96,144,94,96.5
"1776","TRINITY_DN2460_c4_g1",1.62714994746667,-0.0112300316044266,4.35724971070888,0.000995634122423919,0.0103371311170948,-0.491037609976587,29.23,19.98,6.05,10.94,28.3,48.84,24.99,44.43,63.06,51.33
"1777","TRINITY_DN24601_c0_g1",-2.00344360661414,-0.443504524977729,-4.93733426223532,0.000373454458438877,0.00545362952913362,0.409023829299463,39.34,40.01,46.57,45.88,31.27,14.99,9.73,9.59,3.65,10.84
"1778","TRINITY_DN24602_c0_g1",-3.15449344316634,-2.24933681435439,-5.40017897496198,0.000176532679656844,0.0034194405196636,0.150807401083347,21,21,14,19,17,1,1,3,2,0
"1779","TRINITY_DN24611_c0_g1",-1.03843804336663,0.801838183642295,-3.60371270475868,0.00378116067850907,0.0251098168989124,-1.87326608193685,100.25,83.39,66.21,35.67,76.51,50.71,25.35,27.36,43.31,17.46
"1780","TRINITY_DN24638_c0_g1",-1.35040826039472,0.0571064985518537,-4.33346230142261,0.00103745587498808,0.0106548834019027,-0.53740964858108,80.6,37.05,36.1,38.12,50.94,24.19,18.49,12.25,20.93,8
"1781","TRINITY_DN24639_c1_g1",-1.14414338423035,-0.5481309958641,-3.85178101543114,0.00242115054183132,0.018524236759143,-1.28477058685962,38.98,22.68,33.03,25,29.68,10.94,4.99,19,18.01,6
"1782","TRINITY_DN24670_c3_g2",-4.05813064467824,0.488156839112804,-9.0958067427302,1.22079233398969e-06,0.000193586343551118,5.1662140808033,201.33,116.71,169.86,96.7,234.99,7.26,3.08,6.16,14.63,9.22
"1783","TRINITY_DN24674_c0_g1",1.07270622484717,2.70984599972855,3.13104202851836,0.00894909326402292,0.0448039517418511,-3.06599571815713,183.91,106.59,82.34,87.89,196.54,212.93,261.02,389.84,435.82,115.68
"1784","TRINITY_DN24675_c0_g2",1.02870718426358,2.39170039439321,4.0524539338877,0.00169555805563518,0.0146969080803272,-1.3456191119544,86,74,139,89,133,250,220,148,334,122
"1785","TRINITY_DN24679_c0_g2",-2.20994798298715,0.702061325311518,-5.62229414036846,0.000124542381628476,0.00272883852907094,1.45797139585553,157.88,117.02,126.2,66.54,52.18,24.03,9.25,23.71,22.83,16.12
"1786","TRINITY_DN24683_c0_g1",1.66063723079697,0.342724134776725,4.33249930857036,0.00103918700867963,0.0106606309138178,-0.560467136248237,13.88,22.98,19.9,36,17,103,75.99,39.99,57,38.01
"1787","TRINITY_DN24696_c0_g1",1.82979739092629,-0.193324801534784,6.03993876177425,6.58549860222539e-05,0.00186557252851736,2.00027506276786,10,13,20,16,12,45,33,60,40,38
"1788","TRINITY_DN24716_c0_g1",1.19654057011924,-0.290071677764817,3.54319402410492,0.00421889814813764,0.0271068657215462,-1.83061599276731,17.34,11.43,25.28,19.01,10.41,26.52,35.9,42.67,40.05,18.1
"1789","TRINITY_DN24762_c0_g1",-1.25901148668034,1.28061851039898,-3.69006094083936,0.00323568812441544,0.0225573330908844,-1.79075305343162,176,88,88,53,151,37.96,24,29,66,60
"1790","TRINITY_DN24764_c0_g1",-1.35419456539126,-1.02517962833487,-3.17890322592661,0.0081975586675717,0.0422378657572807,-2.3420477993208,27.71,14.42,25.53,38.54,15.78,8.63,4.33,6.68,8.86,5.38
"1791","TRINITY_DN24769_c0_g1",1.34731459104578,0.296987283124437,5.72814357644726,0.000105725199527095,0.00247439730098029,1.61374519030916,17,25,32,22,18,61,40,57,54,45
"1792","TRINITY_DN24788_c0_g1",1.62592875647569,0.188359012395703,7.38326834298179,9.94716395921075e-06,0.000599818397899592,3.76694671655146,15.12,20,22.57,14.74,22.35,52.83,37.85,67.09,57.74,49.06
"1793","TRINITY_DN24788_c0_g2",3.19935751095914,-1.68501949497584,4.187735344184,0.00133690658279547,0.0125827454481447,-1.10040569652211,5.88,0,8.21,3.42,3.81,14.87,18.15,18.36,38.01,38.55
"1794","TRINITY_DN248_c5_g1",1.67777460772234,-1.12864741856041,4.47297441350076,0.000815840624915332,0.00905814595632129,-0.349242099981335,12.48,14.6,4.9,5.62,5.07,16.53,15.57,19.4,31.27,19.66
"1795","TRINITY_DN24801_c0_g1",-2.18520296549169,-0.0411496680830809,-6.39753304915328,3.89023477471859e-05,0.00135257692182886,2.45643764154833,73,61,61,49,56,15,3,11,32,5
"1796","TRINITY_DN24819_c0_g1",-1.67800039089071,0.547852866022941,-7.47813227505654,8.77994998810828e-06,0.000554646062489196,3.93096613378075,73.03,75.63,81.26,60.91,71.47,23.71,17.38,31.65,23.38,10.22
"1797","TRINITY_DN24819_c1_g1",-3.25523063312411,-1.17345084670977,-4.5136661119718,0.000760971836090698,0.00865011652078954,-0.47493256377844,49.8,33.39,55.27,23.42,28.39,6.15,3.31,3.42,0,8.1
"1798","TRINITY_DN24835_c0_g1",1.47848416321723,0.36924507976782,4.41974162745628,0.000893924060654605,0.00965668790130379,-0.420633288509753,15,23,23,22,30,66,88,62,44,37
"1799","TRINITY_DN24842_c0_g1",1.69037297437503,0.206551971755092,3.18394696164951,0.00812216438740663,0.0420215583749105,-2.50520354405358,58.97,6.7,11.14,36.17,14.2,34.29,42.43,96.45,55.35,58.95
"1800","TRINITY_DN24846_c0_g1",1.03829035206415,-0.149284285835089,3.26138709830442,0.00704872568298183,0.0382545638218983,-2.33670763722824,21.88,23.41,15.79,25.41,10.9,42.62,23.62,22.08,42.34,37.5
"1801","TRINITY_DN24861_c0_g1",-2.45595884993585,-1.78128064695927,-5.35828225709885,0.000188687278937258,0.00355473002598912,0.302687683369579,25,21,20,17,17,6,1,2,3,1
"1802","TRINITY_DN24890_c1_g4",-1.39076508320668,1.02785247450737,-5.48775635888768,0.00015371849704022,0.00312090435704167,1.23423076793804,113,65,139,57.47,101,37,20,35,40,32
"1803","TRINITY_DN24902_c0_g1",2.56855130013926,-0.575848604818344,4.61107380694604,0.000644716975896911,0.00774614557897259,-0.111060417914,12,10,3,14,7,33,83.61,33,57.61,23
"1804","TRINITY_DN24936_c0_g1",-1.66830478455027,-0.99974893074687,-4.09005924638846,0.0015868321342736,0.0140815886447117,-0.905452867277742,39.02,22.99,23.98,16.01,30.04,10.01,8.01,2,12,3.67
"1805","TRINITY_DN24949_c0_g1",-1.06778609143636,0.950316374851248,-4.8611424707444,0.000423692480097822,0.00589387664578021,0.246629814530034,99.32,73.87,82.11,45.78,95.05,27.11,27.54,33.92,54.99,31.57
"1806","TRINITY_DN2495_c3_g2",-2.07147900519083,-1.37622227198,-4.07531661509058,0.00162856920951416,0.0143031661351017,-1.0117281830486,33,22,13.87,17.52,36.7,6,1,4,9,2
"1807","TRINITY_DN24964_c0_g1",2.21626060307236,0.532590951309161,3.99863977012376,0.00186474063321152,0.0156254980405189,-1.12743720337828,10.14,7.23,39.11,30.17,33.04,80.03,43.22,136.52,60.03,137.96
"1808","TRINITY_DN24990_c0_g1",1.33115709593121,0.637250792640042,4.85024717964664,0.000431436920897174,0.00595625983955416,0.257863109995044,20.98,31,22,35.41,34.77,95,53,69,54,59.45
"1809","TRINITY_DN24990_c1_g2",1.87271674184008,-1.81246724339156,3.91735791066009,0.00215409054748216,0.0172103706720188,-1.31266442149231,11.14,3.98,5.58,1.16,5.76,12.65,7.63,16.52,17.67,13.24
"1810","TRINITY_DN24993_c1_g1",-1.46970674187214,0.042418893677106,-3.68566028834911,0.00326143117018096,0.0226757641285073,-1.61827913578109,52.79,58.74,38.72,27.46,78.92,15.43,3,24.59,23.68,19
"1811","TRINITY_DN25_c15_g1",1.13963568502781,0.423208903232483,4.38661185309217,0.000946420946536725,0.0100110427271643,-0.485087700922432,17.51,33.92,22.24,38.53,23.92,59.4,40.71,49.61,59.96,48.92
"1812","TRINITY_DN25_c8_g1",-1.37629287493649,1.33096580513045,-3.74387499213347,0.0029372494105711,0.0211330007272677,-1.70154810529763,101.9,129.68,112.37,76.19,137.32,96.71,26.69,36.04,19.2,60.32
"1813","TRINITY_DN25010_c2_g1",-1.62628607980303,-0.207488183875144,-4.13981185542942,0.00145398271363966,0.0133244166388526,-0.82763423347409,78,47,42,27,36,7,4,21,25,10
"1814","TRINITY_DN25015_c0_g1",2.00981515342282,-1.43148615665809,3.51549440895936,0.00443622309389069,0.027985457005313,-1.8171157007917,11,7,2,3,10,13,7,27,38,18
"1815","TRINITY_DN25030_c1_g1",-1.62549600979973,-0.850853109644104,-5.548331840868,0.000139775830275605,0.00293648017942078,1.19456067229706,25.17,26.07,31.5,22.1,35.04,6.02,3.04,7.15,10.17,9.21
"1816","TRINITY_DN25049_c0_g1",-4.04438547101995,-0.251150203561151,-8.18232492259137,3.59221808512382e-06,0.000339798841509513,3.66424101867063,112.24,110.77,88.36,56.28,116.48,4.01,6.01,5.01,8.01,1
"1817","TRINITY_DN25061_c0_g1",1.00054574503091,1.60158293160141,3.08899037043048,0.00966652853999886,0.0470995389966029,-2.92834715766516,38,47,49,136,67,118,128,91,115,124
"1818","TRINITY_DN2509_c0_g1",2.99022730556828,-0.0842091534552977,4.17531685902197,0.0013662724784597,0.0127707383357796,-0.756590640873892,15,7,7,6,20,144,150,48,56,31
"1819","TRINITY_DN25093_c0_g1",-2.19455740149753,-0.823145023128019,-5.15911700959296,0.00025982379369934,0.00433366328215296,0.624557946549716,38,45,23,30,39,12,5,9,5,2
"1820","TRINITY_DN25099_c3_g1",1.83093781113793,-1.78032687645495,3.42326267011014,0.00524582657208227,0.0312965805089223,-1.98581054126061,12.98,2.41,1.61,6.78,6.33,12.09,7.44,16.09,23.33,9.24
"1821","TRINITY_DN25128_c2_g1",-1.41247672700502,0.656334633977294,-4.94856342829867,0.00036659685061778,0.00538616134574599,0.415993263378256,69.14,54,58.11,67.02,123,20.01,27,31.91,29,16
"1822","TRINITY_DN25138_c1_g2",2.30908196083779,-0.346885143886068,4.18607812717037,0.0013407871892106,0.0126105405513321,-0.73964737866971,22.99,12.99,18.12,2.69,8.51,44.84,17,63.86,96.29,38.92
"1823","TRINITY_DN25154_c0_g1",-1.27443439622917,0.267422149862897,-4.66543100185206,0.00058806785366828,0.00729099581237096,-0.0133315080107979,72.44,38.56,37.73,47.42,75.03,25.85,14.51,21.02,19.87,15.47
"1824","TRINITY_DN25160_c0_g1",1.17858687498615,3.21153663654477,5.71490464391257,0.0001079042653622,0.00250717805882344,1.32745827666898,141.54,132.92,191.12,132.7,267.3,335.17,287.64,324.03,515.85,477.07
"1825","TRINITY_DN25165_c2_g1",-1.36908644012824,0.956625491545844,-5.1465658634372,0.000265164715715981,0.00438776210906843,0.70800225986233,115.59,88.77,74.14,85.74,72.61,29.21,28.9,47.81,45.72,13.54
"1826","TRINITY_DN25195_c2_g1",1.40380407503523,-1.61760829949538,3.04276948518374,0.0105220299382865,0.0497915199559196,-2.52872785092448,6.72,5.73,12.16,4.78,4.73,19.43,12.96,6.71,15.31,12.14
"1827","TRINITY_DN25200_c0_g1",-1.58017202011075,2.83311782524937,-4.80425519701658,0.00046580272812876,0.00624641917792193,-0.0931659377778029,399,270.39,535.51,200.03,373.58,154.19,39,119,230.87,88
"1828","TRINITY_DN25200_c0_g2",-2.25249945736787,0.734885546395136,-6.59627043754803,2.92527282344696e-05,0.00113527317203905,2.82566761665495,102.72,66.16,146.69,67.65,148.74,29.57,10.27,14.75,36,12.81
"1829","TRINITY_DN25212_c3_g1",-2.31944421944964,-0.399944459623911,-6.76403182723957,2.30898202036803e-05,0.000982690462205303,2.76206532399443,54.25,41.11,38.73,39.17,68.19,7.42,9.11,3.27,13.82,7.22
"1830","TRINITY_DN25223_c0_g1",2.1933710330459,-0.807614438391637,3.33795865275942,0.00612842436237109,0.0347799592543537,-2.08163297907147,16,1,23.85,5,18,31.38,32.02,25,49.03,26.25
"1831","TRINITY_DN25227_c1_g1",-1.02513846127758,-0.199477373714519,-3.54700196342582,0.00418988461769845,0.0269854368550902,-1.83663288593288,45.53,42.97,28.3,38.18,25.7,16.06,8.09,12.05,18.46,20.96
"1832","TRINITY_DN25228_c0_g1",-1.96907948737525,-0.0229916021355679,-7.11712418258306,1.42011834116636e-05,0.000737383058441074,3.37112469011884,48.18,55.26,56.86,47.82,63.32,21.72,6.26,14.34,9.1,11.33
"1833","TRINITY_DN25242_c0_g1",-1.11606855388375,-0.0489320927652964,-4.67176177620749,0.000581817420222003,0.00724310629093306,0.0130055910623144,39,43,44,32,45,13,10,13,32,17
"1834","TRINITY_DN25260_c0_g2",2.82407194928717,-1.43987338272057,3.89982183957773,0.00222238184050147,0.0175286500415771,-1.33532215347082,6.68,17.67,12.74,0,2.3,18.61,21.2,33.22,34.72,20.36
"1835","TRINITY_DN25276_c0_g6",1.2714522464166,-1.22719311382125,3.18923536249073,0.00804386456878237,0.0417395380424196,-2.31503728697706,15.68,7.13,4.81,6.74,10.13,30.6,10.59,11.25,20.69,13.51
"1836","TRINITY_DN25292_c4_g1",-2.41736767776262,-1.94727621319452,-3.57707364586344,0.00396781278501181,0.0259800978158325,-1.85711810703139,13.13,19.13,16.72,14.97,22.2,0,6.13,6.83,2.22,1.16
"1837","TRINITY_DN253_c4_g1",2.09280709439852,-1.52445372055134,3.08796717610431,0.00968468839183875,0.0471655790591449,-2.46201085778046,2.52,4.24,12.01,11.22,3.5,8.63,8.56,27.67,33.57,19.84
"1838","TRINITY_DN25305_c1_g1",-1.89859270584793,-0.745082252496417,-4.23225202138793,0.00123691539281634,0.0119688783367148,-0.676074611270292,62,35.25,24.61,18.48,36.07,11.89,2.5,13.38,7.59,3.62
"1839","TRINITY_DN2532_c1_g1",-1.28563723038943,-0.316861342409057,-3.95081858930556,0.00202973092648152,0.0165590362715249,-1.13751803356666,40,30,44,29,38,21,7,5,25,12
"1840","TRINITY_DN25327_c0_g2",-1.21475628923282,-0.59773491764573,-4.04702970663686,0.00171186623755961,0.0147864247303644,-0.964030703795315,32.13,21.28,28.36,32.06,29.76,6.69,16.34,8.31,14.24,7.91
"1841","TRINITY_DN25335_c0_g1",-1.89123293783291,-0.506898015480822,-6.45413750384001,3.58491611226272e-05,0.00128627973927848,2.42661215004086,47.25,43.3,34.85,25.28,40.14,6,10,9,8,10
"1842","TRINITY_DN25349_c0_g1",-1.27470370344798,1.03498160299181,-6.53693509294802,3.18340427700752e-05,0.00119084279250836,2.75720260496238,120.38,81.02,75.32,82.28,83.23,28.08,25.1,43.06,39.19,34.15
"1843","TRINITY_DN25370_c0_g1",2.29232337368049,1.51291937162876,6.75939712523604,2.32400801544573e-05,0.000985230864911212,3.05738828055688,26,43,47,25.03,50.29,155,186.78,155,331.15,91.84
"1844","TRINITY_DN25404_c5_g1",2.3535086898768,-1.56024966254915,3.6429697487661,0.00352234476956367,0.0239210705907526,-1.67374403394927,8.01,1,8,8,5,20,29,20,16,14
"1845","TRINITY_DN25405_c0_g1",2.98841816913142,-1.61423618016144,4.2162164396722,0.00127200680518805,0.0121913166768252,-1.00136483348983,4.02,4.05,5.13,4.07,2.1,44.05,12.01,17.09,19.01,33.17
"1846","TRINITY_DN25405_c2_g3",1.26178164717312,1.6845809657361,3.32024517778143,0.0063298598863273,0.0354862305789763,-2.52443588959361,61.18,44.55,45.42,133.72,43.57,250.88,64.41,119.12,197.83,97.69
"1847","TRINITY_DN25406_c1_g1",1.83416165599675,-0.0922757008355878,3.83497768747597,0.00249492760940437,0.0189052114242286,-1.34258284663039,51.1,11.4,9.66,16.62,7.13,84.45,30.54,44.98,59.6,26.88
"1848","TRINITY_DN25429_c0_g1",1.66468364140185,-0.471907480681847,5.53288982340339,0.000143198172446352,0.00298646157880733,1.2693858084724,10,14,18,8,12,30,42,31,34,29
"1849","TRINITY_DN25449_c1_g1",1.90664863906011,-0.124569017298045,3.25204457727286,0.00717021341408379,0.0386631384758036,-2.32521074679858,42,16,3,42,6,45,45,33,67,39
"1850","TRINITY_DN2545_c0_g2",-1.26461438773407,3.68400584938006,-6.62710845328008,2.80000732578688e-05,0.00110840755791029,2.65311143051986,840.17,524.77,443.28,372.37,622.6,235.13,202.29,243.92,240.4,208.63
"1851","TRINITY_DN25453_c1_g1",-1.26849282701483,0.113220889248211,-4.03040589748462,0.00176286570249787,0.0150879667072481,-1.04807201919724,74.25,34.25,41.39,27.96,73.34,18.66,14.98,12,27.5,15.13
"1852","TRINITY_DN25454_c2_g1",-1.44098896295086,1.35425346468701,-5.04045382537212,0.000315216299362766,0.00489855135389721,0.501906895414114,132.22,120.85,150.9,53.66,149.27,41.41,23.08,52.58,51.68,37.5
"1853","TRINITY_DN25459_c1_g1",-1.09551775788766,-0.610857077091227,-3.37449865863957,0.00573321693569674,0.0332766409507503,-2.07148059178899,38.85,22.1,35.69,16.32,31.01,8.26,5.16,11.53,24.39,7.38
"1854","TRINITY_DN25471_c1_g4",1.90220779113938,-1.95311650852105,4.14871307885139,0.00143145852916986,0.013192313128201,-1.05457172059507,8.23,7.08,1.12,2.83,4.13,11.32,10.83,10.49,16.28,10.58
"1855","TRINITY_DN25482_c0_g1",-1.92111532571981,-1.92565312350688,-4.23861516771265,0.00122327086353956,0.0118752201372279,-0.937909737079527,19,13,19,11,13,1,3,3,3,3
"1856","TRINITY_DN2551_c0_g1",1.31410320673851,4.0522836545459,6.38668579498879,3.95184144598705e-05,0.00136333328670079,2.24776716969798,313.05,178.92,331.34,299.18,339.81,872.38,409.02,814.07,1028.3,565.34
"1857","TRINITY_DN25524_c1_g2",2.28546191334946,-0.234976400114815,5.08494967595459,0.000293114086354196,0.0046830986041373,0.639155278540895,14,11.63,16,22,4,68.75,33,53.83,68,28.97
"1858","TRINITY_DN25528_c1_g1",1.21326227783052,3.92723492722317,7.96085459036512,4.72919504560916e-06,0.00039665336886832,4.45298131964376,274.86,323.22,262.4,272.87,226.41,562.98,729.21,526.05,767.68,573.26
"1859","TRINITY_DN25547_c0_g1",1.11954562218787,-0.811717398465823,3.13525352270473,0.00888026327044867,0.0445618968117883,-2.44886907700354,12,8.55,15.96,9.25,13.83,22.66,13,15.06,49.73,15.06
"1860","TRINITY_DN25555_c0_g1",-1.4800899814389,1.40640630918332,-4.87594852367413,0.000413401392819313,0.00581466644862562,0.228349222030544,166,131,126,52.9,164,35.96,42,34,55,41
"1861","TRINITY_DN2556_c2_g1",1.32670506409428,-1.37127642617421,3.55090428492639,0.00416036359204702,0.0268748617737565,-1.745553056055,8.65,9.83,7.23,5,7.53,16.28,16.74,8.28,23.42,12.9
"1862","TRINITY_DN25579_c0_g1",-1.55664276850184,0.126642630013015,-6.26960027458651,4.68699195785608e-05,0.00150846260106361,2.35678572326371,43.09,72.02,47.76,47.21,56,18.09,11.04,18,18.03,12
"1863","TRINITY_DN25582_c1_g2",-1.12213778248315,0.296496824856433,-3.09105963968895,0.00962990734605056,0.0469968856401109,-2.69347001437169,62.69,48.14,29.97,47.65,74.6,8.48,28.03,27.18,29.93,18.24
"1864","TRINITY_DN25585_c0_g1",-1.99158467858944,-0.964016575230618,-6.6993190388547,2.52850807816118e-05,0.00104187941575201,2.44068088614606,37,27,30,22,30,4,6,5,8,5
"1865","TRINITY_DN25600_c0_g3",-1.64601740341099,0.140147345259148,-4.76675983216212,0.000495941562181463,0.0065140684638039,0.160324544242321,70,53.46,35,48.25,75.92,15,8,8,34,20
"1866","TRINITY_DN25603_c0_g2",1.45678423082449,-1.17497471727894,4.32166295850403,0.00105887574571902,0.0107815023936043,-0.568468156339001,8.18,7.21,12.2,6,8,17.37,20.15,19.53,16.82,17
"1867","TRINITY_DN25616_c0_g1",-1.44465989852,-0.669225388324542,-4.59048246950897,0.000667642739469822,0.00794090449212838,-0.113737963603807,32.79,38.91,26.24,21.51,28.03,9,15.49,8,8,6
"1868","TRINITY_DN25617_c0_g2",-2.20476864127889,1.04642077888936,-7.17210486141246,1.31847045391585e-05,0.000703067906460165,3.59021234673764,78,95,153,141,166,21,17,27,34,23
"1869","TRINITY_DN25634_c0_g1",1.08263193539205,1.14863864811436,3.23222284296564,0.00743503703344184,0.0396353130732074,-2.58834497075798,37.51,37.72,67.35,47.05,33.95,177.55,50.15,101.51,97.62,48.99
"1870","TRINITY_DN25684_c0_g3",-2.44478214190387,-0.276230254635334,-7.76386436702056,6.06769721562685e-06,0.000453958898562806,3.8787164152486,53.71,59.01,74.06,36.01,49.34,4.93,7.28,9.54,10.81,9.2
"1871","TRINITY_DN25696_c1_g1",2.12485516929187,-1.22179616584889,4.00841212935238,0.00183276722454632,0.0154752600900491,-1.06781503169807,8.13,8.73,1.61,8.18,8.01,18.6,37.36,23.11,27.61,11.31
"1872","TRINITY_DN25707_c0_g2",-2.03245048534235,0.112455583091962,-3.86730125771373,0.00235500498351973,0.0182417378637644,-1.2996044210032,42.7,61.37,52.89,44.27,141.55,24.76,6.86,3.11,26.91,17.52
"1873","TRINITY_DN25732_c0_g1",1.22164821715756,-0.238606710936408,3.05050206740732,0.010373783871911,0.049293010405751,-2.67636930986604,18,15,23,8,20,45,22,61,20,34
"1874","TRINITY_DN25755_c1_g1",-1.04877395745848,-0.956825949947234,-3.36201540021665,0.00586523289545858,0.0337511513348378,-2.05869648185091,29.82,18.98,22.78,22.08,15.68,11.48,5.27,9.21,8.14,6.98
"1875","TRINITY_DN25778_c0_g1",-2.81627711732805,0.570790201647508,-7.22069965316962,1.23508922291762e-05,0.000677878283791244,3.57261337279883,157.44,123.46,128.55,50.23,112.56,13.04,15.06,10.04,26.08,7.04
"1876","TRINITY_DN25802_c0_g1",-1.29970609216282,2.00959145818033,-6.55862741346429,3.08632670034299e-05,0.00117016194329111,2.74443682154677,199.49,175.42,142.61,127.96,229.83,62.48,50.57,77.76,110.04,49.9
"1877","TRINITY_DN25818_c1_g1",1.10419947196633,0.375903278513229,3.40207761963284,0.00545216633612699,0.032125314612532,-2.16509675479753,47.47,18.67,21.49,19.75,27.3,69.96,20.35,52.59,58.49,63.98
"1878","TRINITY_DN2582_c0_g1",1.02996661437782,8.74970016101255,11.9782768477109,6.57933639102106e-08,4.52983146384844e-05,8.58172378102817,7681.58,8234.55,7279.64,9250.79,8394.82,18839.65,16137.74,17233.68,16618.61,16164.7
"1879","TRINITY_DN25826_c0_g1",-1.4054783776475,1.42558273315797,-3.25355787896903,0.0071503918795797,0.0385983490196724,-2.58622026491563,105,173,221,78,84,31,18,47,139,32
"1880","TRINITY_DN25834_c0_g2",1.00407566277082,1.34077991155028,5.78987993538622,9.61618497908785e-05,0.0023256288003449,1.66682531203166,52.22,49.09,65.86,39.62,46.37,118.46,61.94,91.54,126.97,89.33
"1881","TRINITY_DN25843_c2_g1",-2.10791980047044,-1.39712947286891,-3.71365214295197,0.00310119789409671,0.0219146751536721,-1.53098805585803,30,26,11,22,31,4,8,4,5,1
"1882","TRINITY_DN25843_c4_g1",-1.15872755386197,0.2493465819321,-3.6327690670879,0.00358779864403597,0.0242324544949411,-1.7445313936947,36,74,52,30,70,21,15,28,18,18
"1883","TRINITY_DN25850_c0_g1",1.37694611256949,-0.880421037665939,3.29599820228812,0.00661653796559104,0.0366033001719953,-2.16647770112616,9.15,8.05,11.13,15.21,8.09,17.06,34.23,21.2,16.14,24.24
"1884","TRINITY_DN25866_c0_g2",1.43199005741842,-0.137462284076104,3.68952662629161,0.00323880261150206,0.0225703667959268,-1.59523588708498,10.81,31.28,34.78,9.75,10.29,43.65,23.99,34.54,51.13,42.71
"1885","TRINITY_DN25868_c1_g3",2.41791170232231,-1.93029284841596,4.506764857544,0.000769998952152795,0.00870707131113153,-0.701297051591496,3.22,4.22,5.14,1.06,5.5,15.67,11.82,19.33,12.52,16.17
"1886","TRINITY_DN25872_c0_g1",-1.46756494188284,0.0685579991320019,-5.09137525772685,0.000290059678749677,0.00464565252852581,0.665745015866795,50.96,58.12,42.89,62.08,36.53,13.84,7.66,16.38,20.67,20.09
"1887","TRINITY_DN25884_c0_g1",-1.64133704409226,5.17179956254819,-5.77117277569672,9.89589832076593e-05,0.00237427351373965,1.1678192002678,1794.3,1804.64,1735.73,1301.69,2135.05,556.53,517.68,1293.45,366.06,377.68
"1888","TRINITY_DN25897_c0_g1",-1.39408242321462,0.121778163287964,-4.9733669183071,0.000351914221710625,0.00524310281973931,0.482541220076318,73,38,41,51,52,18,7,14.01,30,18
"1889","TRINITY_DN25917_c0_g1",-1.40447109517842,-0.686098653548143,-3.24804201832247,0.00722290830629493,0.0388644002337569,-2.26077177034734,51,21,28,20,35,19,6,10,16,2
"1890","TRINITY_DN2593_c0_g1",1.15787061013796,0.392059572983568,5.4372747763035,0.000166460466947979,0.00328995321866552,1.18343110264219,25,21,20,31,32,54,36,50,72,46
"1891","TRINITY_DN2593_c0_g2",1.52952646708182,-1.16402727164455,3.6503219972167,0.00347592848748142,0.0237035138368357,-1.58710172753402,7,19,11,4.13,5.19,21.7,19.35,12.94,27.3,14.84
"1892","TRINITY_DN25930_c0_g1",-1.00904790275685,0.494812861402798,-4.03818076780085,0.00173882048866776,0.0149220866518031,-1.0799230386537,49.2,47.77,56.67,49.35,80.76,36.21,13.79,22.87,25.1,31.87
"1893","TRINITY_DN25934_c0_g1",2.93626983753358,1.16266719685423,8.80079454123941,1.71386166918375e-06,0.000220897274996619,5.45948333063135,10.57,36.78,21.38,26.25,32.27,236.32,144.87,174.44,160.7,132.16
"1894","TRINITY_DN25942_c0_g1",-1.30272160685809,0.427851475656147,-4.7798595886514,0.000485185980665149,0.00641637760533967,0.160686056016214,39.22,77.31,69.27,56.15,59.44,18,22.21,22.14,29.59,15.25
"1895","TRINITY_DN25959_c0_g1",-1.0961318692689,3.98019774167558,-5.95601797939669,7.47042620569949e-05,0.00201050940996636,1.59627341401683,560,548,894,657,553,256,240,236,507,283
"1896","TRINITY_DN25971_c0_g2",-2.62365108628644,-1.34992809709283,-3.7398495923368,0.00295856115515194,0.0212289853801712,-1.52021022708433,46.36,34.06,19.18,22.42,22.85,7.74,5.76,0,6.78,3.89
"1897","TRINITY_DN25993_c0_g1",-3.85027978535851,-1.14419073160086,-4.01263752109364,0.00181911866547502,0.0154007087858484,-1.22285094379704,29,77,46.45,62,33.39,6,7,0,1,7
"1898","TRINITY_DN26002_c0_g1",-1.78589920947975,-1.68353662456818,-3.6155379256391,0.00370121002953687,0.0247495100462921,-1.70074900194427,24,15,15,10,25,1,2,7,8,2
"1899","TRINITY_DN26011_c0_g1",-1.60938314527495,1.22174112321845,-5.16828005199146,0.00025599625772128,0.00429352218739381,0.723053022624534,171.82,81.47,123.18,57.02,164.23,40.73,21.23,39.47,45.94,28.55
"1900","TRINITY_DN26018_c0_g1",-1.86216187813434,0.864945748177966,-3.54763261126747,0.00418509930063218,0.0269705848413134,-1.95981684403162,145.01,77.01,56,221.85,60.01,30,36,24,33,8
"1901","TRINITY_DN26063_c0_g3",1.16097798534215,-0.0238201251192715,3.90823247961179,0.00218935335107986,0.0173694012444986,-1.24377457573125,28.18,14,13.01,23,20,26.01,46.01,31.01,49,41
"1902","TRINITY_DN26063_c2_g1",-2.33830540534193,-0.0618785113333137,-7.63209953728665,7.18630442840437e-06,0.00050140369798223,3.87958317351154,74.97,70.09,63,33.99,66.35,15.58,6,12,12,6
"1903","TRINITY_DN26086_c0_g2",-1.18554995619637,0.345844429677856,-4.43967629443985,0.000863807678541989,0.00943251625046724,-0.388378367415367,94.86,45.57,44.14,52.63,42.74,20.86,20.56,21.77,25.39,16.29
"1904","TRINITY_DN26086_c2_g1",-2.58472908894821,-0.597228988326798,-6.77459119956309,2.27513340562911e-05,0.000975151939051008,2.60476844310163,55.36,43.04,49,28,57.61,12,5,2.13,10,4
"1905","TRINITY_DN26109_c1_g1",-1.95856208947843,-0.958288773338463,-3.3551600169464,0.00593904183135384,0.0340462082893304,-2.05085815936845,22.01,26,36.75,19,54.82,2.43,9.18,8,19.68,1
"1906","TRINITY_DN2613_c0_g1",-1.08784609187169,4.05228006897446,-3.98962995440654,0.00189473045566247,0.0157795566090855,-1.74340217195628,540.98,787.24,901.06,336.03,975.2,349.23,195.61,384.26,456.86,227.16
"1907","TRINITY_DN26139_c0_g1",-1.13813028582994,0.82445237592096,-4.27393559767308,0.00115032636505543,0.0114038244052376,-0.714898094462124,103.91,57.57,75.88,70.49,64.57,47.15,16.55,18.02,52.44,30.74
"1908","TRINITY_DN26153_c0_g1",-1.29081119278095,0.525776518375245,-5.61039949954949,0.000126868574518022,0.00275799705699829,1.44007084874869,64.07,55.55,61.68,53.33,80.29,19.31,11.18,29.52,29.47,30.72
"1909","TRINITY_DN26170_c0_g1",1.37011987726646,1.57921188051764,4.21974858109671,0.00126418939676158,0.0121442114940408,-0.909672575746557,34,52,51,77,60,168,123,133,208,57
"1910","TRINITY_DN26173_c0_g1",-1.08420024772642,-0.366572331830379,-3.08573247403181,0.00972446970687454,0.0472928855352837,-2.59325954862441,37,28.28,34.95,35.18,30.25,20.26,3,11,32.26,9.51
"1911","TRINITY_DN26204_c0_g1",-1.29079937387951,2.31898046144061,-4.59918320222166,0.000657853292711336,0.007854007581964,-0.369519451428389,223.01,236.53,258.46,117.77,268.21,76.3,38.72,84.71,169.27,94.78
"1912","TRINITY_DN26205_c0_g3",-1.26085441346749,0.214815183155491,-4.32949282030966,0.0010446110339066,0.0106884166561369,-0.558626230046657,50.91,53.78,64.09,26.53,63.85,15.25,22.8,11.62,26.03,20.19
"1913","TRINITY_DN26236_c0_g1",1.96671804915543,-1.47492589111513,4.0870080159721,0.00159537839861197,0.014125708363813,-0.999362127095528,6,8,7,2,7.43,20.88,15.85,19.33,12.95,21.9
"1914","TRINITY_DN26255_c0_g1",-1.62732143254932,-1.81613790890352,-3.42438769452191,0.00523509397741683,0.0312628454683442,-1.98953337435843,21,15,13,17,11,5,1,2,8,2
"1915","TRINITY_DN26267_c0_g1",-1.12585535082086,2.793965991979,-7.5208320408406,8.30320109029349e-06,0.000544776128470631,3.99263924815248,281.04,222.86,307.61,256.63,330.65,111.41,100.04,103.05,192.9,138.06
"1916","TRINITY_DN26268_c0_g1",-1.36498564120581,0.416125688216263,-4.17587310914002,0.00136494289374607,0.0127648914947975,-0.832473384268238,91,60,52,27,92,22,13,21,28,21
"1917","TRINITY_DN26277_c0_g1",1.20755291076849,0.0644202806910724,3.77057386651776,0.00279983590123256,0.0204520379403626,-1.48607590029263,25,12,19,22,24,68,51,36,36,26
"1918","TRINITY_DN26282_c1_g1",-1.51310004790314,-0.427356260822404,-3.39946927296017,0.00547813629467543,0.0322394819227092,-2.04079021941704,24.9,46.82,40.47,28.44,39.52,33.46,14.65,6.3,6.51,5.11
"1919","TRINITY_DN26288_c0_g2",-1.15926710750874,-0.193979250915178,-4.45325027305741,0.000843907996885224,0.00926819582940963,-0.328990007229502,49,34.02,32,25,50.01,12,10.03,12,26.13,13
"1920","TRINITY_DN26295_c0_g1",-1.4137019019536,0.137450048304154,-5.31295424673118,0.000202838156113175,0.0037297397394022,1.00064433832219,53.44,50.09,67.24,40.78,43.43,11,9,26.76,24.97,16.44
"1921","TRINITY_DN26318_c0_g1",-3.07442288858554,-1.96004176682492,-4.3292534145188,0.00104504421278035,0.0106884166561369,-0.964569919276395,20,22,27,16,24,7,0,0,7,3
"1922","TRINITY_DN26330_c0_g1",1.78196714513469,-1.29975771185996,4.59377550031171,0.000663919856145806,0.00790353795045448,-0.225285371032508,7,11,8,6,4,27,12,19,20,16
"1923","TRINITY_DN26343_c0_g1",-1.37426384353897,-0.396057395923894,-3.62314007431797,0.00365072828741097,0.0245113889989594,-1.67546707366283,51,20,42,24,42,16,8,12,7,18
"1924","TRINITY_DN26351_c0_g1",1.42385298995247,-1.44343478995124,4.04322093931943,0.00172341447778712,0.0148514491138601,-1.01510005372883,6.63,5.5,7.37,5.2,10.71,14.29,8.19,19.11,21.11,11.89
"1925","TRINITY_DN26351_c3_g1",1.42328159791298,0.547944822270643,3.25343073900298,0.00715205504807745,0.0386034956951455,-2.44465486595683,44.09,31,6,34.1,36.29,76.41,51,55,62,71.23
"1926","TRINITY_DN26356_c0_g1",-1.17664007643691,1.5228589276023,-3.93103864817049,0.00210231999509887,0.016912777230206,-1.40694372500976,157.49,133.94,120.99,79.65,106.91,122.17,37.45,39.38,37.34,45.47
"1927","TRINITY_DN26356_c1_g1",-1.21827081486328,0.967705411819408,-4.08039929448283,0.0016140528852519,0.0142146940546852,-1.0629810334782,153.73,74,66.28,71,67.58,35,24,20,47,45
"1928","TRINITY_DN26360_c0_g1",-3.81076475150013,-1.45123046178603,-5.26649401238918,0.000218510266802512,0.00389544146891362,0.106493456717862,64.18,30.14,29,29.11,49,0,4,2.01,2.03,3
"1929","TRINITY_DN26373_c0_g1",1.65510496415933,-1.17589361735577,3.27149849682046,0.00691958710411305,0.037719308697115,-2.18231675476453,6,8.02,7,11,8,14,8,29.14,47,13.21
"1930","TRINITY_DN2639_c0_g1",1.11976175890235,2.72823797300134,4.56543946848528,0.000696678837278468,0.00816836788928932,-0.502622904832501,109,139,73,159,161,265,316,230,357,182
"1931","TRINITY_DN2639_c1_g1",-1.33217614641461,3.27609681653659,-10.6930553382457,2.23177495486393e-07,7.77174183176644e-05,7.58497392211997,466.03,374,495.31,399.27,364,161.04,137.25,167.2,244.01,130.52
"1932","TRINITY_DN26404_c0_g1",-1.63126982352954,-0.741809771676928,-4.74224078865186,0.000516750238790175,0.00667455764379872,0.0972989609220445,48.17,34.47,22.34,21.68,30.04,7.23,3.13,6.24,14.39,8.2
"1933","TRINITY_DN26434_c0_g1",-1.52271615804682,-1.67184537167342,-3.09638105018741,0.00953637051308696,0.0466954202896393,-2.44987706278559,21,13,12,22,13,1,2,6,7,5
"1934","TRINITY_DN26473_c0_g1",-1.04038801990107,-0.262368872288529,-4.23935044486468,0.00122170432048314,0.0118723815785954,-0.673089386520876,28,37,32,31,42,17.43,14,10.21,15.41,13.82
"1935","TRINITY_DN2651_c1_g1",-1.05151695350033,1.11149987392232,-3.52862900396957,0.00433178069994716,0.027517364085538,-2.05350207095456,97,100,59,105.22,77,56.94,53,36,42,18
"1936","TRINITY_DN26510_c1_g1",1.39512190611682,-0.400667242396197,3.54449025601915,0.00420899888028143,0.0270796851309897,-1.80721512082429,21.39,5.4,21.99,17.86,11.21,21.66,29.6,34.97,53.41,23.96
"1937","TRINITY_DN26532_c0_g1",1.37850150139141,0.256042050930712,4.43611951219789,0.000869102507202626,0.00946752542945284,-0.385903252732915,30.11,20.7,27.31,16.17,15.65,67.15,64.33,30.79,71.15,32.47
"1938","TRINITY_DN26559_c0_g2",-2.45355392397393,-0.793883512853231,-3.75918050708851,0.00285764787461309,0.0207590765849822,-1.41828874733644,25,52,74.11,19,43,12,1,2,7,14
"1939","TRINITY_DN2657_c0_g2",1.04074362394863,1.33272432990156,3.31997594384841,0.00633297289613865,0.0354993935401361,-2.46434462100463,58,36,39,53,62,102,182,83,80,70
"1940","TRINITY_DN26580_c2_g2",-3.69921601407035,-2.94218243104448,-5.75804059335267,0.000100973959944503,0.00240340096558399,0.429181206630812,10.51,17,14,9.42,20.35,0,0,2,1.65,0
"1941","TRINITY_DN26591_c0_g1",-1.1511188309334,1.15771967404505,-4.10983740531106,0.00153257364400811,0.0137532111980275,-1.03904308903671,133.62,98,51,97,100,39,27,43,55,31
"1942","TRINITY_DN26591_c2_g1",-1.85437055272472,0.0785887985617296,-3.86079857247907,0.00238248892089941,0.0183679595884677,-1.31385149140729,98.01,41.57,77.51,67.4,26.33,12.88,20.09,7.06,24,8.36
"1943","TRINITY_DN26600_c1_g1",-1.25932659793836,-0.484467881690574,-3.69780369163915,0.00319089968122189,0.0223338340704336,-1.5412086691256,36,44,30,25,28,9,11,8,29,5
"1944","TRINITY_DN26627_c1_g1",-1.07524551965506,4.2280451753667,-7.56639690724075,7.82485254119888e-06,0.000527919798687323,3.90001229790966,840,815,795,492,804,331,341,379,347.04,362
"1945","TRINITY_DN26645_c0_g1",-1.44398423642713,-0.440364503680353,-4.26781539967982,0.00116263427994486,0.011478823946357,-0.612985445040026,37.41,44.94,28.87,20.66,45.56,20.99,11.11,8.65,10.44,5.96
"1946","TRINITY_DN26660_c0_g1",-2.2408135843988,3.01395872054179,-10.8483734971366,1.91328247023455e-07,7.17692047162258e-05,7.727421761877,481.45,415.08,624.1,424.8,463.24,93.58,96.45,53.36,167.29,114.21
"1947","TRINITY_DN26660_c0_g2",-2.16666502895522,2.8218902729678,-8.39820013998129,2.76182782682088e-06,0.000290591420442032,5.10848723192921,490.11,390.8,487.59,319,371.4,82.65,80.47,40.46,190.34,99.01
"1948","TRINITY_DN26670_c0_g1",1.01981290442909,2.4963129027146,3.20907899527678,0.00775679713405911,0.0407446676517571,-2.8845132171919,119.19,123.26,58.45,134.17,134.72,152.22,161.24,164,390.32,295.39
"1949","TRINITY_DN26688_c0_g1",1.16624105458781,0.686714505802472,4.39247733936532,0.000936897547643076,0.00994933934922862,-0.50079705742947,21,25,35,35,41,81,50,70,53,68
"1950","TRINITY_DN26701_c0_g1",1.13223703273256,-0.434845732221102,3.61445630593974,0.0037084503813862,0.0247735598985479,-1.69357439918198,21,15,13,9.46,16,44,16.8,27,23,35
"1951","TRINITY_DN26706_c0_g1",-1.15049730731784,0.973828818725822,-3.83008320141538,0.00251685032388918,0.0190236250648494,-1.50042725081257,124.02,69,77,41,114,27,28,46,32,40
"1952","TRINITY_DN26720_c0_g1",1.30121870419465,-0.00588735056115501,3.375023661144,0.00572773147557528,0.0332585876149433,-2.15434957405175,10,22,41,10,24,32,42,52,57,26
"1953","TRINITY_DN26724_c0_g5",2.09823031895168,-2.09789069379848,3.28516369678827,0.0067488603891744,0.0371009971121472,-2.25227110211309,3.4,1.27,10.87,9.77,2.34,11.41,10.31,10.5,14.02,10.76
"1954","TRINITY_DN2675_c0_g1",-1.02476938811632,5.47255128939359,-8.05561380016711,4.20146102110992e-06,0.00037340141568495,4.42552289372359,1797.26,1633.26,1564.55,1455.79,2286.23,723.92,867.18,869.68,872.62,882.64
"1955","TRINITY_DN26754_c0_g2",1.02835318251705,-0.111059353506892,4.8636140715922,0.000421956043270358,0.00588007290494195,0.31548648568192,20,14,20.43,16,25,36,27,40,42,26
"1956","TRINITY_DN26760_c2_g2",1.04311722725516,2.59509707396285,4.54624391951836,0.000719827357671712,0.00833400886544463,-0.514623522357652,121.15,135.14,185.83,61.64,104.43,263.55,194.87,311.69,277.5,161.72
"1957","TRINITY_DN26769_c1_g1",-1.16268802670134,0.0825150621605124,-3.31444812411679,0.00639723272718918,0.0357350195403663,-2.2717270009763,46,46,63,22,59,10,10,19,41,18
"1958","TRINITY_DN26782_c0_g1",-5.19188037231595,-2.16885135611577,-6.22368152117493,5.01387420230244e-05,0.00158146366081875,0.94820698178555,53.32,32.77,57.08,15.09,47.98,1.11,0,0,0,1.14
"1959","TRINITY_DN26796_c0_g1",1.18628643421414,1.40298640461468,3.43677998892577,0.00511834274472484,0.0308040613329862,-2.26612170939616,59,54,36,62,41,55,142,102,200,81
"1960","TRINITY_DN26796_c0_g2",1.4986532289496,0.00249310222057976,3.57216277247893,0.00400323849364957,0.0261250230799167,-1.81111071244682,23,31,9,11,21,28,76,37,70,27
"1961","TRINITY_DN26797_c0_g1",-1.06181958344756,2.81522950044003,-4.55928939256497,0.000704009489845645,0.00822241360579654,-0.526862531860431,404.1,285.61,180.14,245.42,295.74,147.37,123.28,158.22,107.22,128.28
"1962","TRINITY_DN26812_c0_g1",-1.07632813874465,0.350154103033944,-4.49165844622691,0.000790151281712521,0.00887590218166578,-0.304244096290028,41.4,51.88,54.93,46.27,68.58,29,13.8,15.02,30.83,24.47
"1963","TRINITY_DN26848_c0_g1",-1.73983461225985,-1.49780719097317,-4.09148385109707,0.00158285818835813,0.0140721215630904,-0.985756003867168,22,17.58,28.1,15,15,4,1,3,9,5
"1964","TRINITY_DN26887_c0_g2",1.28282794326762,-0.475356662986829,3.56640296879096,0.0040452008767592,0.0262996080430085,-1.76390791911497,15.04,7,15.05,11,23.28,27.14,23.15,42.29,22.05,32.2
"1965","TRINITY_DN26890_c0_g1",1.52895135339088,1.91305371399431,3.1978152075745,0.00791845005372442,0.0413570594269373,-2.7785909392675,106,55,74,84,26,482,94,119,201,129
"1966","TRINITY_DN26897_c1_g1",1.01231549988182,-0.0914565941408273,3.35591554715267,0.00593086129456419,0.0340186773825676,-2.18240453954346,21.41,18,14.53,16.92,27.79,53,14,37.65,44.11,33
"1967","TRINITY_DN2690_c0_g2",1.23321201385677,2.89514002494197,4.60555477374251,0.000650779749911299,0.00779831711333454,-0.458243101085,120,145,257.01,93.02,97,334.01,253,204,452,360
"1968","TRINITY_DN2690_c0_g4",1.26454169578971,2.90288444767041,4.09448115688351,0.00157453082909851,0.0140187111352917,-1.35582662527312,114.01,159.02,256.01,80,106,346,216.02,198.01,511.06,397.02
"1969","TRINITY_DN2690_c0_g5",1.32098236973184,3.16701021835251,4.97804904766432,0.00034921265105149,0.00522675434874562,0.134346052597077,129,173,248,118,135,468,261,246,542,508
"1970","TRINITY_DN26955_c0_g1",-2.25093340011321,-0.375465998455625,-5.87215347914322,8.48183856316698e-05,0.0021583836618822,1.6901331746513,43,35,49,46,72,16,8,5,14,3
"1971","TRINITY_DN26990_c0_g1",1.13148011724175,-0.76213753398525,3.58586056151148,0.00390522489284114,0.0256873971636864,-1.70804902927937,13.85,8.21,15.6,13.87,9.97,17.47,17.4,18.98,26.76,30.4
"1972","TRINITY_DN270_c16_g1",-1.95279068004582,0.00161539369270058,-5.4937502702106,0.000152275514698967,0.00309931065620989,1.25848412682574,97.8,42.55,41.66,54.86,50.94,24.66,8.15,12,10.47,10
"1973","TRINITY_DN2702_c0_g1",-6.45635199628114,3.86387425743576,-10.8394332635354,1.93021895079064e-07,7.18354602846199e-05,7.64344728216453,4242.35,3172.03,5945.35,1581.86,5302.32,47.01,23.61,47.32,38.88,50
"1974","TRINITY_DN27037_c0_g1",-2.75260143466439,-1.50112933496269,-5.81587189848355,9.24137541562525e-05,0.00227925729010993,0.925096336281695,31,24,24,26,23,1,6,3,2,3
"1975","TRINITY_DN27061_c2_g1",-1.21667693346665,-0.380418458189126,-3.9021650335496,0.00221312878261775,0.0174835566616358,-1.21459798071127,41,39.01,48,18,29,9,9,16,19,9
"1976","TRINITY_DN27085_c0_g1",1.04968890956892,1.00600198609364,5.33941589481939,0.000194446222821166,0.00362458483360588,1.00229083311405,42,42,40,43,31,90,78,74,71,70
"1977","TRINITY_DN2709_c5_g1",-1.08892291356966,3.83261843272327,-4.22692690803558,0.00124845562912426,0.0120291851414877,-1.28243582113963,517.8,442.88,449.62,459.39,1205.75,263.63,238,269.17,347.75,220.38
"1978","TRINITY_DN2709_c8_g1",-1.52399078734434,1.09680903145795,-7.22866707394271,1.22196470236599e-05,0.000673956534437971,3.67106842612144,125.59,111.83,101.2,72.89,95,39.34,24.98,23.38,57.04,23.95
"1979","TRINITY_DN27096_c0_g1",-2.29882013650496,0.982707909541633,-5.53578056210773,0.000142550832619517,0.002977527779189,1.32028930353379,124.69,213.13,132,92.63,76,9,27,20,43,24
"1980","TRINITY_DN27120_c1_g1",1.77529897376924,-0.849169208278562,4.47633159561504,0.00081116124324231,0.00902800719893442,-0.309511638235898,8,9,6,5.25,24.06,31.02,14.03,22,36,31
"1981","TRINITY_DN27126_c0_g1",-1.38778062695999,-0.217143420566602,-4.11792577375769,0.0015109419480896,0.0136308560667614,-0.870266673994825,64,37,30,26,43,15,20,11,9,13
"1982","TRINITY_DN27129_c0_g1",-2.76373590051003,-1.4992666062809,-4.16005940797745,0.00140327097739354,0.0130070401723606,-1.01634800186496,33.98,30,26,14,36,3,6,3,8,0
"1983","TRINITY_DN27130_c0_g1",-1.86545734444981,-0.661321758689638,-5.19512901092145,0.000245119302466502,0.00418333353638391,0.744137377434254,44,29,39,20,47,12,4,11,11,3
"1984","TRINITY_DN27240_c0_g1",1.39206716565272,-1.40039852898297,3.04063767517788,0.0105632728549972,0.0499293584667866,-2.53844687990722,14,7.25,5.32,4.09,7.56,14.69,5.41,21.32,31.05,10.09
"1985","TRINITY_DN27246_c0_g1",1.81995657368458,-1.97511912199615,4.03723164266978,0.00174173754509454,0.0149400483859387,-1.19808974810165,10.88,4.96,2.35,2.44,3.44,10.73,9.38,10.76,17.24,9.53
"1986","TRINITY_DN27291_c0_g1",3.26550097434063,-1.55403568416207,6.86286486800446,2.01203433514822e-05,0.000918862800361434,1.57395456361706,4,2,4,4,5,24,22,32,32,24
"1987","TRINITY_DN27304_c0_g1",-1.48049357257822,-1.18236390957243,-3.40064243386138,0.00546644019563979,0.0321954681841953,-1.97826881982486,33.66,14.97,16.22,15.92,33.96,9.91,1.12,4.96,9.43,6.76
"1988","TRINITY_DN27357_c0_g1",-2.41381627987636,-0.35804496583363,-4.89740621631886,0.000398950395095196,0.00569933026205807,0.339862117729519,73.07,66.07,24.03,39.05,65.05,5,10,12.02,9.01,4.01
"1989","TRINITY_DN27361_c0_g2",-1.27032992752705,-0.0955538922424252,-4.71336576285576,0.000542434614800912,0.00688852699828073,0.0815562783645474,41,28,56,37,47,10,11,20,18,16
"1990","TRINITY_DN27363_c0_g1",-1.92537582945635,0.569866001957222,-7.07406309008419,1.50556903990411e-05,0.000762471188542127,3.43499398683135,90,97,78,82,56,16,26,21,18,15
"1991","TRINITY_DN27368_c0_g1",1.49040004051737,-0.790164075600403,3.70545809344842,0.00314724790663172,0.0221308288157215,-1.50463553060032,4.15,11.5,20.87,7.18,15.23,22.23,20.11,20.51,35.18,24.28
"1992","TRINITY_DN2740_c1_g1",-1.24277093168131,0.146828597417795,-3.28674765080157,0.00672934929013466,0.0370349121966725,-2.32634165191265,35.04,52.16,64.96,35.31,62.54,13.5,4.58,19.72,44.48,22.15
"1993","TRINITY_DN27406_c3_g1",1.55076295182937,0.248830856697352,4.835031163927,0.000442502085194115,0.00604423177192193,0.260487949042331,12.34,13.04,34.89,29.1,19.45,43.72,49.22,53.11,58.63,61.85
"1994","TRINITY_DN27425_c0_g1",-2.2357123380428,-1.60386442114118,-5.198632752703,0.000243736219722957,0.00416807505265561,0.31410518880934,18.02,26.55,21.1,18.18,19.34,1.07,2.14,4.36,4.41,2.13
"1995","TRINITY_DN27445_c0_g1",1.14555904092068,3.16863683756153,5.85175864681703,8.74913047998707e-05,0.00220006452120655,1.54794014628617,213.63,177.19,184.54,101.75,160.69,386.73,309.6,253.46,531.61,387.15
"1996","TRINITY_DN27456_c0_g1",1.45503811913245,1.12025728479876,3.20499498286807,0.00781502011020304,0.0409702900061738,-2.62152075397674,33,46,35,34,37,37,108,90,110,209
"1997","TRINITY_DN27463_c0_g1",1.52773520086309,-0.897348018401965,3.53060739245553,0.00431626829142518,0.0274784714194598,-1.78169384087753,10.72,6.01,11.98,14.98,7.54,45.84,13.4,25.11,28.61,12
"1998","TRINITY_DN27481_c0_g1",-1.35313114132516,-1.23953504458511,-3.43894799876428,0.00509819161793986,0.0307150797841567,-1.91808931640157,33,19,21,13,16,4,3,4,10,11
"1999","TRINITY_DN27506_c1_g1",-1.775791436294,0.201256324532243,-6.18433232939452,5.31328541984679e-05,0.00164108408444569,2.24369770785144,85.49,50.72,57.77,45.84,64.18,16.43,13.45,8.36,35.09,10.27
"2000","TRINITY_DN27512_c3_g1",1.27290651255331,-0.764573475575041,3.54904108733795,0.00417443203902003,0.0269209785433174,-1.7651212954172,25,6,9,14,10,26,23,18,31,18
"2001","TRINITY_DN27528_c0_g1",-1.55908163808409,-0.72482765934889,-3.89575660969077,0.00223852991029388,0.0176151447266774,-1.19948414010583,39.31,30.16,38.12,11.19,39.45,7.74,8.91,6.75,12.26,5.6
"2002","TRINITY_DN27535_c0_g1",1.54883618479174,1.10778857061001,3.97417341729121,0.00194734598182634,0.0161190222641176,-1.26058022671138,87,13,30,32,49,89.01,140.04,75,129,78
"2003","TRINITY_DN27537_c0_g1",-1.10994891330127,0.970023805836154,-5.00637441319186,0.000333327262111751,0.00508144678422561,0.479953217305596,66,81,118,56,88,44,26,37,39,27
"2004","TRINITY_DN27571_c0_g2",-1.4413697115736,0.549209870473296,-4.0816509970036,0.00161049859548576,0.014198680391738,-1.00460371202403,57.35,74.19,82.17,70.93,55.19,54.01,17.73,29.86,21.53,7.41
"2005","TRINITY_DN27575_c0_g1",-2.18885318908674,-1.39616475309767,-3.79209930042613,0.00269387396423483,0.0199450136134861,-1.42010970784511,14.45,38.57,18.67,24.98,24.77,8.25,5,2,2.51,2.16
"2006","TRINITY_DN2759_c2_g1",-1.5775279081897,0.757774731386178,-6.56904175583854,3.04084526213284e-05,0.00115670742667908,2.79667163268452,96.2,54.9,120.64,71.6,74.72,26.1,16.32,22.09,35.33,24.8
"2007","TRINITY_DN276_c10_g1",1.84725368144411,0.764419796926793,7.57201879162187,7.76790838933512e-06,0.000526157291661677,4.0676769311619,23.03,38.09,24.5,14.4,34.16,121.03,67.54,85.11,95.59,67.55
"2008","TRINITY_DN2760_c0_g1",2.12115316019359,0.326176114054146,6.59035466414951,2.94997840332345e-05,0.0011397168211681,2.78926326992363,15,23,20,11,20,68,41,95,62,94
"2009","TRINITY_DN27600_c0_g1",-1.87216913935344,-0.408996833205677,-4.20604024439603,0.00129481103797743,0.0123211739793183,-0.708678912009972,51.71,41.28,39.02,32.61,40.09,23.71,15.3,10.21,10.15,1.02
"2010","TRINITY_DN2762_c0_g1",-4.35140385512562,-2.69780980224782,-6.25253242570318,4.80576610667723e-05,0.00153455577766275,0.9128449555309,28.02,28.83,15.71,10.27,23.26,0,1.17,0,1.17,0
"2011","TRINITY_DN27620_c0_g1",1.7964063291916,-0.644430696300049,4.63028046151075,0.00062407464527315,0.00757572897229531,-0.0594714067100028,18,6,7,7,21,29,18,39,51,23
"2012","TRINITY_DN27621_c0_g1",-1.13221643177554,0.0184798255494305,-3.41022186822326,0.00537188190656354,0.0318349191747628,-2.09794073033289,59,31,50,23,62,15,7,16,33,20
"2013","TRINITY_DN27629_c0_g1",1.27070935520131,0.866536303517899,6.26419680179136,4.72425308437674e-05,0.00151507576363405,2.37949678716646,25,28,38,37,42,76,54,84,94,70
"2014","TRINITY_DN27637_c1_g1",1.11356024348057,-0.527224296179086,4.12896762482422,0.00148192140841372,0.0134652835491197,-0.837078073901289,12,14,15,11,17,32,31,19,27,22
"2015","TRINITY_DN2765_c0_g1",2.36330752106176,2.60709067789609,11.1049612230952,1.48948805405221e-07,6.58514055828455e-05,7.93766005937209,64,66,91,88,68,474,387,398,422,234
"2016","TRINITY_DN27651_c0_g1",-1.62189070299239,1.37458024104821,-7.03417373038711,1.58963700366189e-05,0.000789606815216201,3.42458570984605,180.71,116.7,126.72,77.03,140.38,49.46,28.12,39.6,54.69,24.43
"2017","TRINITY_DN27688_c0_g1",1.23707125472268,-0.665481755158857,3.1768928867881,0.00822780599789361,0.042330552027188,-2.39163652134764,15,11,14,6,16,21,31,28,16,32
"2018","TRINITY_DN2770_c0_g1",-3.859565834036,-0.378300527663755,-4.95286419174811,0.000364005552453832,0.00536112266545257,0.30308398776689,60.04,106.11,105.02,55.18,61.52,4.57,12.41,10.12,0,9.8
"2019","TRINITY_DN27702_c0_g1",1.30502796413469,-1.27623570878457,3.736505912679,0.00297638449995718,0.0213101487563116,-1.45508445552619,12,8,8,7,6,18,9,23,17,14
"2020","TRINITY_DN27705_c0_g2",1.09908165690485,-0.31749205240493,4.38003263234604,0.000957223360833333,0.0100858878824614,-0.442738676813725,21.61,16.19,17.43,14.32,11.86,35,30.54,21.55,35.25,28.05
"2021","TRINITY_DN27706_c0_g1",1.01884155490131,1.76287807440781,5.05755540574851,0.000306520866988868,0.00480876160265115,0.47164915474863,75,58,59,71,67,98,147.53,144,128.22,142
"2022","TRINITY_DN2771_c0_g1",-1.77569029713953,1.31463586786593,-4.72427288334501,0.000532578958453716,0.00680977224447949,-0.00271819281686714,150.67,109.46,169.44,109.5,111.08,36.31,11,70.25,90.64,14.79
"2023","TRINITY_DN27715_c0_g3",-3.36204581279454,-1.79353701607033,-3.05521630853459,0.0102844350894486,0.049012591689319,-2.56832175315299,36.51,31.42,28.61,30.06,12.99,34.89,0,14.2,0,0
"2024","TRINITY_DN27722_c0_g1",2.20509003109164,-1.51190837736065,3.12108065256377,0.00911404258908298,0.0453086455043243,-2.41452700908245,8,0,5,14,9,18,18,25,30,8
"2025","TRINITY_DN27724_c0_g1",-2.09548523151215,-0.881226383644134,-4.08250258117103,0.0016080851047715,0.0141897074843651,-0.916420357933593,45,35,22,30,26,14,11,5,2,5
"2026","TRINITY_DN27725_c0_g1",1.61265995422397,-0.767070927317076,3.99605930896363,0.00187327936825418,0.0156656731424835,-1.03971615823999,12.02,9,4,16,13,21,16,33,26,36
"2027","TRINITY_DN27726_c0_g1",-1.17299398766652,1.12898028578403,-5.13863463375048,0.000268599241708603,0.00442300886899653,0.678103199461112,124.89,77.13,101.8,66.74,91.75,29.16,20.71,44.74,67.4,36.02
"2028","TRINITY_DN27732_c1_g1",-1.78984467263087,-0.622784684593699,-5.21975237010435,0.00023557172598707,0.00408581877312226,0.7908464791226,43,37,43,21,34,11,2,13,12,6
"2029","TRINITY_DN27734_c0_g2",-2.1070581890454,-1.19918606130032,-3.50746143420688,0.00450136327454053,0.0282416818198057,-1.82172837590538,31.72,22,26,27,30.02,12.01,0,11,11.42,2.99
"2030","TRINITY_DN27736_c0_g1",-1.5446015100419,-1.15576615155655,-4.40772614131256,0.000912603640730378,0.00978971655853837,-0.446666301990422,26,29,17,16,24,5,3,5,7,10
"2031","TRINITY_DN27736_c1_g1",-1.31154187630109,-1.06477299552359,-3.63205567560358,0.00359242259780923,0.0242576607718736,-1.61528287062572,22,27,23,15,21,3,11,6,8,9
"2032","TRINITY_DN27741_c0_g1",-1.76618607712089,0.655984819818971,-5.33682459736986,0.000195251590978522,0.00363447271899822,1.02642783427506,55.94,69.54,91.55,68.71,136.95,31.4,14.62,11.87,32.07,23.09
"2033","TRINITY_DN27743_c0_g5",2.50644002984333,-1.90375333563401,3.54442427454139,0.00420950220388247,0.0270797202095058,-1.89223792024401,1,2,5,10,8,11,14,11,29.01,16
"2034","TRINITY_DN27745_c0_g1",-1.62304422404196,-0.652694906455934,-5.30445343460275,0.000205614505740045,0.00375792291051976,0.915692447162672,49,25,33,24,33,6,4,11,14,8
"2035","TRINITY_DN27769_c1_g2",1.71834781300735,-1.35473626991501,3.12645297156603,0.00902470604376542,0.0450498152006649,-2.40288042397082,1.63,7.9,6.5,10.53,15.57,15.83,12.54,17.5,18.74,21.81
"2036","TRINITY_DN27773_c0_g1",1.13326826877032,-0.997072154976384,3.11398953175747,0.00923332635978275,0.0457346837376899,-2.46014999268051,17,9,8,8,11,13,10,31,28,16
"2037","TRINITY_DN27778_c0_g1",-1.51158476674605,0.463477509045314,-3.7792526222299,0.00275660666947452,0.0202149916892798,-1.51024923906706,90.13,64,67,85,38,14,9,19,64,17.03
"2038","TRINITY_DN27794_c1_g2",-1.24086257629442,2.1586122956844,-6.29005521609297,4.54874542410523e-05,0.00147857894289097,2.34252938236945,183.82,231.63,238.21,132.76,162.41,103.74,50.9,73.36,84.2,79.8
"2039","TRINITY_DN278_c1_g2",1.0361228440431,2.92074317464822,5.57893708860992,0.000133245985389092,0.00284657595887593,1.15117815593896,155.16,166.61,121.86,140.23,139.71,409.26,314,232.68,339.35,211.08
"2040","TRINITY_DN27816_c1_g1",1.61385072981757,-1.21487411597593,3.22736030538855,0.0075014999770343,0.0398723820239297,-2.25040201261391,4.69,6.38,8.88,14.25,7.36,24.71,16.7,32.7,14.28,10.24
"2041","TRINITY_DN27819_c0_g1",1.0348515293059,0.04407396984781,3.68464247994924,0.0032674150527413,0.0226912630405582,-1.6343730249708,18,22,18,20,28,33,21,36,76,36
"2042","TRINITY_DN27819_c1_g2",-1.19211668126027,-0.352726096113898,-3.30488714213875,0.00650994324440309,0.0361862363828645,-2.22316183775469,31.12,47.24,23.73,46.04,25.73,8.92,17.28,10.96,13.13,13.77
"2043","TRINITY_DN27820_c0_g1",-1.50978944789938,-0.514984394743469,-3.68500095694706,0.00326530621592659,0.0226824100115534,-1.55386093650007,30.97,30.01,49,41.02,23.23,14,3,21,8,9
"2044","TRINITY_DN27822_c0_g1",1.01508036047736,-0.285621327741679,3.50338237663949,0.00453481391012112,0.0283802857421928,-1.90390787933108,17,25.92,14,12,17.55,28.25,30.44,18,49.51,27.01
"2045","TRINITY_DN27834_c2_g1",1.53985979162624,-1.54643706684159,3.1856128741845,0.00809741627672795,0.0419334065226611,-2.31160182347418,10,4,8,12,3,18,15,14,14,10
"2046","TRINITY_DN27838_c2_g1",1.24511831102537,-1.31560136739658,3.31860730410453,0.00634882179704798,0.0355339335627945,-2.10680281836778,12.01,9.47,6.96,7.17,5.08,10.37,13.45,12.8,21.26,19.02
"2047","TRINITY_DN27850_c0_g1",2.18761610916354,-0.603730578255625,4.11971722828247,0.00150619382567115,0.0136107972041999,-0.845839389109381,8.64,12.36,11.02,5.97,10.59,21.71,24.31,24.26,106.72,38.34
"2048","TRINITY_DN27851_c1_g3",-2.46821267466783,-0.962600465855928,-3.79799611895458,0.00266557264235084,0.0198037374115701,-1.37268306442181,19.56,49.7,35.06,19.81,72.66,4.19,2.09,3.15,11.22,3.16
"2049","TRINITY_DN27858_c1_g1",2.57740314189398,-1.73714457332743,4.15801103215171,0.00140831679241273,0.0130449180272686,-1.05962853186279,6,1,7,4,6,19,9,15,28,25
"2050","TRINITY_DN27871_c0_g1",2.49653255391572,-0.786233007752614,5.32705326490221,0.000198320304849261,0.00368025919517439,0.833626316171868,7,9,11,6,6,75.06,28.53,32,36,21
"2051","TRINITY_DN27879_c0_g1",1.99055759241082,1.02886810634164,3.62126990603762,0.00366308125469374,0.0245704025496301,-1.85365524731499,74,26,18,17,31,218,65,129,52,169
"2052","TRINITY_DN27882_c1_g1",1.337794127396,-1.5579406252712,3.11278810353588,0.00925369144029111,0.0457977735331095,-2.42239883453457,13,4,7,3,11,14,10,13,23,8
"2053","TRINITY_DN27885_c0_g1",-1.29035226363974,1.23422069331934,-3.62461311016414,0.0036410285476574,0.0244764780293701,-1.89758073743421,115,122.01,136,57,96,39,10,55,61,57
"2054","TRINITY_DN27909_c0_g1",-1.0167853759095,0.53481732339936,-4.251579911003,0.00119595249397108,0.0116910589682927,-0.722089686890684,74.53,43.27,58.43,57.68,57.38,20.6,22.61,40.2,35.63,15.43
"2055","TRINITY_DN27932_c0_g2",-2.4237810915871,-1.32762434864564,-3.5145288923256,0.00444400137923807,0.0280117834068998,-1.8348833917144,39,22,40,15,29,6,4,4,15,0
"2056","TRINITY_DN27933_c0_g1",-1.2852352215462,1.54585887156832,-6.20850706660472,5.12715677610253e-05,0.00160640083069696,2.27528169834176,147.52,119.36,130.86,77.4,163.43,52.33,39,43.03,80.4,36.01
"2057","TRINITY_DN27946_c0_g1",-1.11148852476609,0.19952255018104,-5.33402270834101,0.000196126373382138,0.00364825908845002,1.03147918909553,51,38,55,49,45,22,14,24,19,18
"2058","TRINITY_DN27959_c1_g1",1.67063193705015,-1.45277207809409,3.12180865725887,0.00910188458498077,0.0452771725317074,-2.40884259104634,4.04,9.94,6.19,6.57,6.06,10.37,8.18,12.45,44.91,16.19
"2059","TRINITY_DN27980_c0_g1",2.60386489016105,-2.38823788270107,4.46218040874505,0.000831077633910396,0.0091894985944339,-0.862673453739061,5,5.61,1.07,0,4,11.55,8.89,11.78,12.53,11.95
"2060","TRINITY_DN28001_c0_g1",-1.0809630146806,-0.505307480575974,-3.31030614079546,0.00644581578831225,0.0359319261852967,-2.1959538438485,33,31,17,24,47,14,11,12,11,10
"2061","TRINITY_DN28006_c0_g1",1.53679775307336,-1.17280681489331,3.44533587481075,0.00503928663890386,0.0304851339758225,-1.9084266482703,6,8,10,13,5.62,27.59,25.2,16,17,11
"2062","TRINITY_DN28019_c0_g1",-1.09500667751898,-0.0303150255586832,-3.69458802864884,0.00320942309242958,0.022417327779676,-1.60379947372071,48.01,55,26,38,41.83,12.03,10,17,32,15
"2063","TRINITY_DN28026_c0_g1",1.51909498239224,0.113684534959042,3.41009100631524,0.00537316235757857,0.0318356943127512,-2.10476108254178,47,27,24,7,10,51,50,27,83,42
"2064","TRINITY_DN28033_c0_g1",-1.19171839948922,-1.16663669990055,-3.40485585221292,0.00542464270089029,0.032015162884562,-1.97509224956446,27.33,19.99,22.09,11.1,17.78,8.01,7.31,4.89,5.41,8.03
"2065","TRINITY_DN28047_c0_g1",-1.0059383153379,2.90382301283685,-3.61134239520032,0.00372937600239402,0.0248766850804774,-2.2304913742945,403.71,236.1,327.08,224.59,259.93,197.24,156.79,234.72,85.88,98.44
"2066","TRINITY_DN28051_c0_g1",1.29031317448444,-0.679059804267381,3.22190286367221,0.00757681031312575,0.0401471300283704,-2.31475909258047,25.21,6.04,11.07,7.04,17.16,22.13,17.09,17.17,53.44,23.21
"2067","TRINITY_DN28069_c0_g1",-3.28585178419573,-0.417546861210871,-5.27355285061028,0.000216049131848205,0.00386932114927748,0.755453004048088,40.25,91.91,61.69,95.4,59.43,1.49,2.8,4,15.68,7.57
"2068","TRINITY_DN28091_c2_g1",-1.78718603878084,-0.765312110803388,-4.38808763664324,0.000944015354180431,0.0100011568229894,-0.433667514586755,32.7,27.11,33.81,22.59,34,9.22,11.61,4.42,3.25,14.34
"2069","TRINITY_DN28091_c7_g1",1.39719432107952,-1.11892205048467,3.14813575764187,0.00867301829832143,0.0438455375280231,-2.38423513443029,10.85,7.52,10.46,3.24,14.29,22.01,10.17,27.04,14,24.61
"2070","TRINITY_DN28099_c0_g1",2.97145404582652,-2.26697998314326,4.9789305072288,0.000348706495597633,0.00522349077445631,-0.280363901433953,0,5,2,3,3,16.83,13.98,13.4,12.73,14.46
"2071","TRINITY_DN28106_c0_g1",-3.46286197063051,-0.921870708357013,-4.92027674892639,0.000384130465709576,0.00555586870059157,0.0797249004199312,72.18,46.28,50.17,18.19,81.69,3.14,2.08,2.05,4.09,3.06
"2072","TRINITY_DN28107_c1_g1",-1.89440052036712,-0.183942836716779,-3.6784362728108,0.00330414717491332,0.022887909958063,-1.58671134983489,52.12,129.52,31.71,26.12,41.27,13.24,5.99,14.92,10.92,10.12
"2073","TRINITY_DN28126_c0_g2",1.19360608003584,-1.03013030789755,3.32493556839988,0.00627587590283071,0.0352963671006995,-2.11289883792163,10.56,14.41,7.02,9.86,8.61,16.14,9.88,27.02,30.6,12.16
"2074","TRINITY_DN2814_c1_g1",-1.72354415832348,-0.974942318527145,-4.42511503901913,0.000885699870376144,0.00959834661279714,-0.402154797138387,24,31,29,25,23,9,11,2,8,5
"2075","TRINITY_DN28150_c1_g1",-1.51935280797985,-1.35671051289777,-3.34502681567463,0.00604987414412921,0.0344925266848356,-2.06467622812554,35,13,13,14,27,3,6,5,6,5
"2076","TRINITY_DN28176_c1_g2",-1.86167656400209,-0.68632064906182,-4.79331987913489,0.000474388849617474,0.00631568522559959,0.172878954041591,32.47,26.11,29.42,37,41.01,6.52,21,4,8,5
"2077","TRINITY_DN28191_c0_g1",-1.82367856600692,-1.61934810444189,-4.33134938856484,0.00104125811520281,0.0106737787681862,-0.689398828735245,19,22,20,11,17,2,4,6,3,3
"2078","TRINITY_DN28196_c0_g1",1.04606749841845,0.389468094001887,3.60073424983808,0.00380157558043769,0.025191459234355,-1.82207844880892,16,21,38,23,42,51,34,48,82,38
"2079","TRINITY_DN28196_c0_g2",1.27909621657699,0.441545818406175,4.26583743602016,0.0011666412533997,0.0115162948119171,-0.686428142050588,22,25,54,11,29,55,51,53,80,43
"2080","TRINITY_DN28197_c0_g4",-2.35675546481352,-2.09167530412392,-3.23237942320101,0.00743290676499339,0.039634530922181,-2.33534774908346,21.8,9.43,22.97,17.36,11.57,2.48,4.31,3.3,2.6,0
"2081","TRINITY_DN28199_c1_g1",1.94760787771349,-2.10384926308003,3.40275627877643,0.00544542984406134,0.0320960527360577,-2.0814572470795,2,3,2,13,6,11,7,12,13,10
"2082","TRINITY_DN28217_c0_g1",-4.69609096121203,-0.686285282144134,-5.65941968026716,0.000117567719387189,0.00263429386782071,0.661809726813776,110,58,68,110,120,13,1,3,4,0
"2083","TRINITY_DN2822_c1_g1",2.01284047318436,2.05080722378479,7.51686294939616,8.34632645544596e-06,0.000544976041102235,4.0419208847791,102.46,48,40,43,70.6,305.38,203.12,146.84,286.09,220.62
"2084","TRINITY_DN28308_c0_g1",-4.00083954491368,-2.63185229297309,-5.319785508078,0.000200635752622935,0.00370552774903703,0.0757324501449936,26.54,10.25,23.39,20.23,17.2,1,3.05,0,0,0
"2085","TRINITY_DN2831_c0_g2",1.15939997694745,7.02557684697706,17.5870099405989,9.30899328326208e-10,4.21937878058256e-06,13.0083447046341,2693.89,2344.89,2187.23,2237.87,2525.45,5445.09,4676.41,5405.71,6008.66,5097.66
"2086","TRINITY_DN28314_c2_g1",-1.03310255411517,2.04744592771738,-4.98938659682762,0.000342760852966091,0.00516286501071134,0.323080172043131,175.52,155.97,155.01,170,156.24,87,38,68,150.25,70
"2087","TRINITY_DN2832_c2_g1",1.12850616351157,3.83043558175965,8.15167829871072,3.73033694293942e-06,0.000346240199084331,4.70530986283163,239.51,207.28,337.42,252.81,278.29,731.03,449.36,574.75,581.04,540.85
"2088","TRINITY_DN28323_c0_g2",-1.99662001365074,-0.937920640908427,-4.58025439769361,0.000679345762412053,0.0080361668906816,-0.189441221816068,29.64,22,31,30,38.04,12,10,2,10,2
"2089","TRINITY_DN28340_c0_g2",1.8578766697508,0.117331751500865,6.28390638747787,4.58984116589139e-05,0.00148953490963006,2.37029902745109,22.4,11.47,16.4,17.44,16.15,77.36,56.65,32.81,58,54.38
"2090","TRINITY_DN28347_c0_g2",-1.78262963521148,-1.36111123565725,-3.93545952829515,0.00208586665554538,0.0168388274046656,-1.18088346136383,22.27,20.36,24.11,10.82,29.13,2,2,6,5,10.79
"2091","TRINITY_DN2835_c0_g1",1.05931703538401,3.46486449786461,4.12967851210647,0.00148007295665265,0.0134623630579389,-1.39686392360985,215.1,229.66,158.22,176.16,261.73,444.4,452.29,485.25,284.38,562.07
"2092","TRINITY_DN28366_c0_g3",-2.39533012551406,1.34673860810162,-3.30989280133406,0.00645068451725381,0.0359413216121647,-2.43596954808488,197.03,478.74,86.22,70.96,174.8,164.43,18.99,13.98,28.61,12.55
"2093","TRINITY_DN28387_c0_g1",-1.3918380160304,0.565182154002094,-4.92562625055727,0.000380748210440148,0.00552171097677735,0.385352510079263,83,53,75,48,78,20,14,14,34,44
"2094","TRINITY_DN284_c1_g1",-1.34016678911926,0.825983829188549,-3.37938779680785,0.00568233912295511,0.0330801784476776,-2.26557203192415,48.96,78.35,97.14,80.11,95.82,29.29,24.68,83.4,20.92,13.64
"2095","TRINITY_DN28415_c5_g1",-2.84393811265357,-1.03811066854913,-5.42112197285989,0.000170769544242239,0.00333992315026236,0.751143758253592,24.64,44.56,33.2,38.32,49.88,3.55,5.39,1.23,7.47,2.16
"2096","TRINITY_DN28448_c0_g1",1.10215072149862,-0.508306104023788,3.81680548862452,0.00257732722076303,0.0193196533716265,-1.34982737767513,21.01,12.51,14.03,15.61,9.56,27.95,30.85,20.42,29.95,22
"2097","TRINITY_DN28471_c0_g1",-2.20364030227186,-0.329254314819977,-6.30786391738554,4.43191360187292e-05,0.00146300124941794,2.25551381587531,64.48,44.03,45.3,42.53,51.62,16.62,2.18,5.1,21.03,5.47
"2098","TRINITY_DN28474_c1_g1",2.35738746586775,0.27740969173631,4.37159599067789,0.000971263824642267,0.0101788074539726,-0.475322759483871,7,12.02,18,29,24,75,22,73,125,111
"2099","TRINITY_DN28474_c1_g2",-1.73402673134754,-0.114640879174031,-3.17872481142185,0.00820023852658186,0.0422378657572807,-2.44808737603444,67,75,32,23,66,9,2,8,36,28
"2100","TRINITY_DN28475_c0_g1",2.8306907623609,0.928723591296519,10.2711033932869,3.42342715111302e-07,9.80019085137832e-05,6.80377174751728,16.27,26.97,22.08,22.45,17.77,123.11,105.82,133.54,242.94,102.27
"2101","TRINITY_DN2848_c0_g1",-1.78127537685646,-0.678014889512654,-4.68586509401313,0.00056814186368805,0.00712023136125731,0.0168259609517287,49.35,22.27,34.19,19.7,49.62,5.08,4.06,8.37,14.1,7.36
"2102","TRINITY_DN28501_c2_g1",1.0161851317779,1.52709169462433,4.72058427773075,0.000535890810218023,0.00683254502076149,-0.0546612729362304,62.47,59.37,60.39,29.18,83.75,143,81.74,94.16,148.55,94.73
"2103","TRINITY_DN28518_c0_g1",-1.57123756294444,1.79451659901416,-5.96013871193929,7.42415060841911e-05,0.00200400484239466,1.89368692038863,266.14,154.43,188.01,98,146.34,71,40,55.03,76.18,32
"2104","TRINITY_DN28540_c0_g1",-2.03991581119714,-0.157906795334594,-5.04269065425646,0.000314064362947884,0.00488847458188137,0.584293339262862,94.08,54.33,29.86,53.43,42.79,13.39,8.15,10.46,15.51,5.17
"2105","TRINITY_DN28547_c0_g1",-2.06619022567979,-0.133415049944827,-8.08756472105507,4.03805003215401e-06,0.00036173177306141,4.35949173909909,52.65,62,52.7,40,57.5,12.67,8.61,7,19.16,7
"2106","TRINITY_DN28549_c0_g1",-1.06416380627921,-0.705066521298017,-3.70446926610074,0.00315285234982764,0.0221490876352885,-1.51844896285003,31.67,26.14,27.35,17.86,23.35,10.17,10.12,13.27,7.2,10
"2107","TRINITY_DN28553_c0_g1",-3.47093294254591,-1.22756877381976,-6.519565398951,3.26348119928874e-05,0.00120627137142486,1.52332676618195,48,46.01,36,23,52.01,4,1,1,3,4
"2108","TRINITY_DN28556_c2_g1",-1.9097457004552,0.166858479441459,-6.73567485698513,2.40256710899199e-05,0.00100698962960241,2.95592470910705,100,48.99,56.01,50,58,22.98,12.01,10,18,10
"2109","TRINITY_DN2858_c0_g1",1.02884730135491,3.42660257652211,5.50069674886544,0.000150621103069993,0.00308002502974495,0.949151761416489,243,144,208,295.17,164,527,372,423,471.43,312.28
"2110","TRINITY_DN286_c1_g2",1.60070214177585,1.77260144328382,6.61662987100896,2.84191835043148e-05,0.0011184861143149,2.84474016086804,45.01,56.56,58.71,88.34,38.85,194.72,163.02,173.7,155.55,122.76
"2111","TRINITY_DN28603_c0_g1",-1.70735608345692,0.781453188046888,-3.89009549075753,0.00226121922305918,0.0177449105123953,-1.35612949771151,148.12,125,66.26,57,63,9,18,20,51,42
"2112","TRINITY_DN28607_c1_g1",-1.77002644288742,0.0664086427537454,-5.93755189627059,7.68159019246752e-05,0.00204008482499268,1.89346656906063,74.39,36.66,57.3,41.82,71.52,12,9,11.64,31.02,10.52
"2113","TRINITY_DN28612_c0_g1",2.84848737286962,-0.906384937143373,4.17159084973926,0.00137521336775707,0.0128400045562167,-0.824656949836593,12,10,11,8,1,64,20,47,38,26
"2114","TRINITY_DN28635_c0_g1",-1.29038135587532,-0.939098014799422,-3.59925614375521,0.00381174868043472,0.0252434947616614,-1.67134339109999,31,28,24,18,17,12,5,10,5,8
"2115","TRINITY_DN28641_c0_g1",-1.14708729183479,0.514045636546832,-3.36727186119934,0.00580927087079942,0.033539120256199,-2.24410330551827,85.6,58.35,42.86,57.37,54.11,44.59,29.96,17.46,13.94,26.43
"2116","TRINITY_DN2866_c1_g1",-1.21484844903937,0.944674378846411,-5.27825839774287,0.000214424750251631,0.00385164352408734,0.914019520350496,69,114,88,74,68,31,26,43,39,24
"2117","TRINITY_DN2866_c1_g2",-1.53475518210507,3.44550205160118,-9.34791633342722,9.19663859446916e-07,0.00016871372060135,6.16883582558198,437,569,662,386,514,168,164,201,235,118
"2118","TRINITY_DN28671_c0_g1",1.5922476821705,-0.306217317365946,3.23239190492796,0.00743273697812313,0.039634530922181,-2.33626902330918,35.36,5,19.21,5,25,42,40.99,20.4,52,37
"2119","TRINITY_DN28695_c2_g1",-2.12082411254952,-0.975763728593344,-4.60308940673037,0.000653507249643787,0.00782410583653428,-0.165633421845361,40.63,28.55,33.78,22.19,23.7,8.16,6.25,1.81,3.63,13.4
"2120","TRINITY_DN28704_c0_g2",-1.35673256904337,-0.38142911954234,-3.10164545704023,0.00944473505983455,0.0464077686094224,-2.5506623515323,52,21,48,40,29,13,3,17.03,31,5
"2121","TRINITY_DN28729_c1_g1",-1.60847633142055,-1.34807839771662,-3.86327589027185,0.00237197961004815,0.0183184521413371,-1.2758900461311,20.71,17.59,24.68,14.69,19.97,2.13,5.04,6.21,3.04,10.27
"2122","TRINITY_DN28737_c0_g1",3.0776927693074,-1.27330895282926,4.12698062483678,0.00148710072528644,0.01350557614778,-1.00414028456504,18,7,2,6,1,21,50,23,41,25
"2123","TRINITY_DN2874_c0_g1",1.08419487109957,7.76327105949997,19.481100539532,2.92755322331589e-10,2.82076474449847e-06,14.1597341623115,3926.34,3880.09,4289.64,3982.86,4283.06,9205.13,8088,8527.08,9515,7925
"2124","TRINITY_DN28759_c0_g1",1.41306988135286,2.21652636220474,4.47489103927752,0.000813165710188556,0.00903926018910979,-0.566923000640442,72.8,74.66,106.9,111.58,47.34,347.89,142.25,250.26,160.44,178.28
"2125","TRINITY_DN2878_c1_g1",-2.71214183533276,-1.20636693510976,-4.08540220200068,0.00159989530823738,0.0141541811500226,-1.01757370793958,32,53,33,21,28,4,0,10,4,10
"2126","TRINITY_DN288_c10_g1",-1.36534726298185,-1.4599076979341,-3.47399899507332,0.00478339525431075,0.0294147712014942,-1.86856986367199,27.04,21,12.63,10,18,4,4,5.47,6,4
"2127","TRINITY_DN28803_c1_g1",-1.97650300820337,-1.02998177534582,-4.60207474603027,0.00065463326598232,0.00783413816722649,-0.172170552145355,41,23,16,28,35,7,4,4,5,7
"2128","TRINITY_DN28803_c3_g1",-2.72177553168726,-0.843424541611778,-5.79288529915292,9.57203494234485e-05,0.00231907595790236,1.34228801075401,42.84,61.59,29.77,29.05,39.94,4.74,7.71,6.46,2.55,3.46
"2129","TRINITY_DN28811_c0_g1",1.12941266799035,-0.43415243203683,3.24745290385102,0.00723069720336243,0.038873830781451,-2.31423333778619,15.72,20.68,19.44,11.48,9.1,29.61,41.69,28.15,29.1,15.74
"2130","TRINITY_DN2882_c1_g1",1.0814413408972,4.35890507616525,8.03379578931527,4.31711280367182e-06,0.00037820267556223,4.49979189845534,517.25,330.62,346.95,306.38,446.56,925.16,632.84,778.38,1116.59,645.66
"2131","TRINITY_DN28887_c0_g1",-1.73280698110481,-0.810992325265327,-3.24328267697528,0.00728607693086001,0.0390979686608531,-2.24755035136797,50.63,19.66,46.76,14.01,30.21,12,11.76,1.53,9.76,7.67
"2132","TRINITY_DN28890_c0_g1",1.51336297419336,-0.931261839120399,4.02949752816035,0.00176569737387362,0.0150932022414521,-0.989627800528238,8.01,6.28,17.33,10.01,8.23,29.06,17.81,30.45,23.7,13.28
"2133","TRINITY_DN28925_c1_g1",-1.07389953643678,0.73151668141191,-3.65905833573227,0.00342158875244769,0.0234387448154134,-1.76511083080934,108,50,70,43,81,27,16,28,65,23
"2134","TRINITY_DN28925_c2_g1",-1.31454659067758,0.906649383712249,-3.39638552140099,0.00550900207811434,0.0323585455756714,-2.24983039472569,66.54,73.19,92.2,98.76,75.63,60.21,54.23,29.73,13.63,20.14
"2135","TRINITY_DN28943_c0_g1",-2.02049855494036,-1.49712791478891,-4.6680216071544,0.000585501668719674,0.00726580453190321,-0.233811394736296,21.01,18,19.01,22.01,22.02,3,6.01,6.01,4,1
"2136","TRINITY_DN28985_c1_g1",-1.80921226398978,-0.622352614401061,-3.63754868586672,0.00355697579539665,0.024099087006405,-1.61564985514641,57.01,46.01,34.76,13,39.97,11,1.08,11,12,10
"2137","TRINITY_DN29022_c0_g1",1.87079636071425,-0.112205283469645,5.55340259629688,0.000138670975496253,0.00292116693579269,1.33898229667012,10.29,14.81,25.89,14.49,10.42,50.71,41.58,60.37,37.1,43.47
"2138","TRINITY_DN29039_c1_g1",-2.24262336687874,-0.959282045180419,-3.62836271462666,0.00361645692297906,0.0243685218654304,-1.62592204564219,40.86,39.75,34.76,19.08,35.66,15.38,0,6.52,11.96,7.38
"2139","TRINITY_DN29039_c2_g1",-1.62081847300333,-1.12405885928401,-3.93878111686593,0.00207359214356255,0.0167904080728904,-1.14436554767641,37.99,15.79,28.44,18,21.59,3.02,2.21,12,9,5
"2140","TRINITY_DN29044_c0_g1",1.12185843813354,-1.24639313105634,3.09486572064915,0.00956291268045399,0.046775392627076,-2.46727344040825,5,13,10,9,9,19,13,16,15,12
"2141","TRINITY_DN29052_c0_g1",-2.03652521422682,-1.21764679859041,-3.94942503798049,0.00203475919345853,0.0165819569771946,-1.15350744291439,40.01,25.13,31.45,11.01,23.93,1.98,7,2,9,6
"2142","TRINITY_DN29065_c0_g1",-4.40795106049082,-1.21650473697328,-7.48751365060723,8.67275034753814e-06,0.000552364829218908,1.93845817936922,66.55,54.09,48.14,51.45,57.56,5.19,2.06,1.03,3.05,0
"2143","TRINITY_DN2907_c3_g1",-1.08171680970505,0.471439575073713,-3.83081240300662,0.00251357164066737,0.0190041249801972,-1.43227016699795,84.28,47.61,52.28,32.2,76.4,33.41,22.48,15.11,25.97,26.13
"2144","TRINITY_DN29073_c0_g1",2.33000508003001,-1.08935284759884,4.75168604153555,0.000508627956662485,0.00662579408860901,-0.00595387746241105,9,8,2,13,5,21,23,21,29,40
"2145","TRINITY_DN29108_c0_g1",1.5327810187865,0.8137433852594,4.27343772647247,0.00115132251687402,0.0114086968186827,-0.709966977690367,28.41,22,37,51,19.64,47,57,81.53,113.67,118.89
"2146","TRINITY_DN2912_c4_g1",1.25866849869532,-0.179081238819069,3.37493948068097,0.00572861067116937,0.0332585876149433,-2.13109691404497,14.32,14.64,11.27,24.16,21.84,31.35,39.77,16.56,51.44,46.14
"2147","TRINITY_DN29130_c3_g1",-3.37406807944414,-2.34952939452487,-4.71028974722432,0.000545248505106823,0.00691457482892638,-0.552705473447749,17.05,18.11,23.01,12.74,21.14,11.99,0,0,0.77,1.38
"2148","TRINITY_DN29145_c0_g1",-3.27006681536679,-1.96770942737091,-4.86214042126032,0.000422990463222969,0.00588712238617208,-0.373151494553078,42,17,19.03,13,32,2,2,1,1,1
"2149","TRINITY_DN29154_c0_g1",1.0947216729511,-0.263721174800303,3.04256021376967,0.0105260714290655,0.0498019865372215,-2.69257712628785,11,10,23,26,21,28,38,27,49,19
"2150","TRINITY_DN29163_c0_g2",1.6868919846692,-0.795331254694272,3.36052232482862,0.00588122838012226,0.0338229614234627,-2.05983752828117,16.85,18.02,3.32,6.7,9.35,22.72,21.61,27.2,18.02,48.97
"2151","TRINITY_DN2919_c0_g2",-1.27459498250965,2.38244323577501,-6.1006851258823,6.01473930298817e-05,0.00176061445367139,2.03822113502628,288.72,205.63,249.35,133.59,257.77,92.23,55.98,87.44,151.21,78.03
"2152","TRINITY_DN29195_c1_g1",-2.78045160723406,-1.11211066647902,-4.27878821518646,0.00114066396864388,0.0113318454645679,-0.728437145388976,28.97,49.14,25.26,37.76,35.13,1.25,1.07,31.64,2.77,1.93
"2153","TRINITY_DN29204_c0_g1",-1.36344593718906,-0.26741272195668,-4.81161010016001,0.000460119661319909,0.00620693663165952,0.237747692135021,38.99,33,38.13,36.98,44.96,9,5,19,24.71,10
"2154","TRINITY_DN2925_c5_g1",-1.41155099412259,1.87966209802823,-5.36326894390767,0.00018719537720939,0.00353655566578531,0.959725505622376,244.32,165.28,180.97,99.45,159.46,66.25,35.05,71.46,112.55,35.25
"2155","TRINITY_DN29266_c0_g1",-2.12629899414408,0.971348239117953,-3.91013494886231,0.00218195290517404,0.0173430659747656,-1.33703546531325,156.17,108.19,51.89,130.96,133.82,19.38,34.35,28.58,7.02,58.48
"2156","TRINITY_DN29276_c0_g1",-1.61630938323553,-0.368535347975032,-3.11377643416961,0.00923693522376286,0.045743981039396,-2.52610009962778,21.04,61.13,45.09,50.09,27.04,16.06,11.02,19.95,5.01,6.15
"2157","TRINITY_DN29286_c0_g1",-1.84460276253565,0.61456193296526,-6.46468987093299,3.53087396542893e-05,0.00127669144327648,2.64882129050284,126,80,93,46,73,17,11,22,32,22
"2158","TRINITY_DN29293_c0_g1",1.41159417722027,-1.00670130103939,3.72417302718607,0.00304308436646083,0.0216276495199492,-1.46965706250208,8.23,8.08,6.05,8.37,17.89,14.55,24.4,22.54,30.28,12.8
"2159","TRINITY_DN29305_c0_g1",2.00908088043508,-0.493950415053357,5.30945223236488,0.000203977085823085,0.00373684617093907,0.936506879403488,23,16,4,10,8,40,37,40,40,26
"2160","TRINITY_DN2931_c2_g1",-2.0362285822881,0.532146155743191,-5.25075164571149,0.000224106126023481,0.00395612269437436,0.901697287009112,62.75,107.71,114.06,71.43,63.66,18.67,10.72,6.81,30.84,34.76
"2161","TRINITY_DN29318_c0_g1",-1.11932624777649,-0.292649358126223,-4.74036446840378,0.000518379870638938,0.00668291053423145,0.127566096948075,37,36,39,23,39,16,7,12,22,12
"2162","TRINITY_DN29339_c0_g1",2.12895538980891,2.32280243928627,5.63500138170177,0.00012210706295401,0.00268996567887063,1.35002373529319,73,49,139.19,78.44,33,238.5,395.51,399.5,283.12,174.61
"2163","TRINITY_DN29373_c0_g1",1.18304230162065,1.92354872896117,4.61834175198827,0.000636822988652464,0.00768618664183358,-0.280725125893493,42,57,96,71,102,222,126,145,147,146
"2164","TRINITY_DN29380_c0_g1",4.35834324523548,-1.06100027219599,7.36680503081296,1.0166110274297e-05,0.000610314463498109,1.95725037775773,2,3,2,4,10,48,69,56,72,43
"2165","TRINITY_DN2939_c0_g1",-3.31763843284498,0.933687324174167,-9.28919068137885,9.81861675690502e-07,0.0001750965193524,5.83854520282411,175.21,121.89,126.67,181.11,229.38,30.03,18.17,12.52,11.94,8.51
"2166","TRINITY_DN294_c2_g3",-1.02049192815012,3.79066515054532,-4.01392565327797,0.00181497878553711,0.0153695331035573,-1.65819272196875,668.1,587.25,540.77,362.43,609.77,261.63,113.34,315.09,541.42,229.71
"2167","TRINITY_DN29429_c0_g1",-1.2822769942128,0.931813125455688,-3.36557234325615,0.00582730487637546,0.0336021083371646,-2.30955568405823,119.91,64.54,137.23,49.02,62.81,36.38,35.8,44.4,15.7,35.29
"2168","TRINITY_DN29454_c0_g1",-2.32328753187118,-1.52209424783001,-4.30497707143309,0.0010899554135704,0.0110111004642473,-0.767921193897771,28,28.85,16,15,30,4.16,4.01,1,9,1
"2169","TRINITY_DN29463_c0_g1",-1.56251991181789,1.64331312002886,-7.89221247353918,5.1556678282868e-06,0.000419820713651304,4.51150796901213,186.66,129.94,138.84,100.86,187.38,52.06,30.45,57.7,54.37,45.51
"2170","TRINITY_DN29471_c2_g1",-2.69538247130983,-2.07421941090618,-4.20645386169359,0.00129387591439674,0.0123205890861263,-1.11440857222736,26,18,15,11,21,0,3,1,6,2
"2171","TRINITY_DN2950_c3_g1",-1.88107935579581,-0.949898077282677,-5.15304787517507,0.00026239211558753,0.00436178776250652,0.604279977416918,29,31,31,30,25,7,3,4,17,3
"2172","TRINITY_DN29506_c3_g2",1.80790546639089,1.12625742062742,3.387491744343,0.00559901626562099,0.0327387759302721,-2.28893976193276,59.34,31.63,6.06,50.83,61.37,86.75,80.19,143.48,92.6,167.71
"2173","TRINITY_DN29538_c1_g1",-1.16097617220064,2.34471152001907,-3.46971254310713,0.00482080340608191,0.0295703968431379,-2.37651158047544,191.45,190.28,320.5,100.75,314.8,85.9,40.23,94.08,171.31,99.88
"2174","TRINITY_DN29539_c0_g1",2.32494650090926,0.224578900643399,4.97760920353924,0.000349465509026582,0.00522910000040298,0.491817379199098,40.84,14.29,4.95,10.1,24.78,106.64,33.35,60.74,83.35,82.24
"2175","TRINITY_DN29553_c0_g1",1.50946507561275,-0.37049920102767,4.48618835264953,0.000797583685521806,0.00892809261300605,-0.268644787617643,9,21,15,16,11,43,29,39,42,18
"2176","TRINITY_DN29563_c1_g1",-1.54693140925098,-0.544224611891468,-3.52419038394115,0.004366791252875,0.0276568088330569,-1.81546944865222,48.73,35.37,35.11,22.11,29.99,21.5,5,2,17,13
"2177","TRINITY_DN29572_c0_g1",1.65606903477406,-0.698823406526926,4.07067052755844,0.00164195696904317,0.0143720118286494,-0.921773390242081,18,4,10,15,12,23,29,38,33,19
"2178","TRINITY_DN29589_c0_g1",1.19049018481564,3.14707898076614,7.78317596974797,5.92008380819534e-06,0.000446680831133544,4.30208595543196,140.62,124.92,159.57,213.09,174.04,373.63,317.16,422.49,439.55,278.47
"2179","TRINITY_DN296_c0_g2",-2.14885716167234,-0.978275654146729,-5.1999576401655,0.000243215372951805,0.00416533710681133,0.634157795353773,45,34.47,29,16,34,6,4.94,2.03,9.06,5
"2180","TRINITY_DN29604_c0_g2",-1.51634913102897,-0.985635473171268,-3.39671840861412,0.00550566165077575,0.0323494050823532,-1.99011496185775,35,24,22,12,40,4,4,13,14,3
"2181","TRINITY_DN29618_c0_g1",1.43429233863624,-0.510971219620068,4.69635031374912,0.00055819307153641,0.00702305791208348,0.0564311488422335,13,18,9,11,13,23,19,34,33,40
"2182","TRINITY_DN29628_c0_g1",-1.62796660314142,-0.862548644885554,-3.55781209431648,0.00410862655498569,0.0266133508338962,-1.73527027743692,41,31,30,17,26,8,9,11,15,1
"2183","TRINITY_DN2964_c4_g6",-1.3044160076247,0.976422482744777,-5.08575190946808,0.000292730901082979,0.00468122845712799,0.608832908669485,78.52,62.83,89.15,114.84,89.62,45.62,35.84,19.74,40.87,24.23
"2184","TRINITY_DN2965_c1_g1",-3.17320620079656,0.581222595531285,-4.72197969858703,0.000534635387081993,0.00682293602505319,0.0916553635131692,75,246,73,165,120,26,32,3,11,8
"2185","TRINITY_DN29680_c0_g1",1.77578776467977,-0.545017150610824,4.61469250463795,0.000640773855366683,0.00771869139403898,-0.0748774599066806,16.26,10.54,6.44,8.55,15.29,23.58,33.93,54.13,42.4,18.39
"2186","TRINITY_DN29681_c0_g1",-1.13285911606158,2.03866488330058,-5.89013761227192,8.25332193888806e-05,0.00212458911132801,1.75594301635407,158.9,110.2,208.86,160.84,204.18,60.22,70.25,70.57,101.67,69.35
"2187","TRINITY_DN29688_c1_g1",1.09811431506329,0.451905768572722,3.38974103960631,0.00557611065783601,0.0326329066914524,-2.19740192569401,29.03,31.63,33.22,16.11,25.52,38.57,93.31,58.56,60.42,30.88
"2188","TRINITY_DN29699_c0_g1",-1.68537081852775,0.224774370860183,-5.6828172351601,0.00011338545883872,0.00257716192716122,1.54495497836461,96,45,65,43,57,16,10,15,36,10
"2189","TRINITY_DN29707_c0_g1",-1.82493596362647,-1.5566831913187,-3.42361358938518,0.00524247644243081,0.0312828893231217,-1.95996245272222,30.71,14,22,14.74,13.67,2.19,4,12,2,3
"2190","TRINITY_DN29741_c0_g1",-1.36373181448352,-0.444765799789227,-3.25327905502736,0.00715403979891607,0.0386065461556547,-2.2911146045345,42,26.01,35.98,31.96,30.01,6,4,19.63,8,32.67
"2191","TRINITY_DN29751_c0_g2",-2.54126788419466,-1.42030037252185,-5.61150489401278,0.000126650471073194,0.00275656093323012,0.81114516232555,35,27,27,23,19,1,3,3,6,3
"2192","TRINITY_DN2977_c2_g1",3.11353217936111,-1.2955333919166,5.48204248847835,0.000155107523210806,0.00314323893254805,0.630938299211722,2.49,9.8,2.28,3.82,5.53,29.15,30.36,41.68,42.34,14.9
"2193","TRINITY_DN29792_c0_g1",1.10219309044857,-0.636910708907292,3.46755867781481,0.00483971284929333,0.0296354353356264,-1.91706729908305,11.38,11.27,10,13.83,19.4,18.26,30.95,19.25,24.87,26.72
"2194","TRINITY_DN29806_c0_g1",-1.15817311159794,-1.5261454855381,-3.41478188666014,0.00532745675671248,0.0316372639430449,-1.95944206423793,19,18,14,11,14,4,3,5,6,7
"2195","TRINITY_DN29830_c0_g1",-1.07519143555479,-0.117360267899366,-3.66781782878927,0.00336797955661014,0.0231949062135919,-1.6405686123679,46.15,31.31,27.09,42.44,43,23.18,17.2,15.07,11.78,12.99
"2196","TRINITY_DN29857_c0_g1",1.57047500513624,0.0689531645185436,5.31156832667679,0.000203288082448648,0.00373086169014667,0.998348890024932,29.68,11.74,15.01,15.33,20.12,51.74,60.62,34.84,66.17,30.86
"2197","TRINITY_DN2987_c1_g1",-1.29465271819332,1.53928110958834,-4.58976479167938,0.000668456992267081,0.0079471135008522,-0.268886696985871,162.31,116.68,104.77,72.53,199.67,60.68,47.84,48.13,68.31,26.14
"2198","TRINITY_DN29880_c0_g1",1.91586668753999,-0.2710509445092,3.33471595164033,0.00616480713257569,0.0349026777087462,-2.1546723719522,69.34,16,10,3,8.66,33,25,66,59,39.45
"2199","TRINITY_DN29884_c2_g1",-1.19440729454993,-1.18559225768747,-3.43273464295131,0.00515616053515471,0.0309614404578936,-1.92979622163429,20,18,23.01,13,22.01,11,5,3,7,9
"2200","TRINITY_DN29890_c0_g5",-1.9406881248944,-0.0297366404578943,-5.78498485891183,9.68855830778916e-05,0.0023379342276795,1.66525913695421,51.12,60.79,44.84,51.59,66.34,10.8,4.89,6.5,30.95,16.45
"2201","TRINITY_DN29915_c0_g1",3.77719218293038,-1.73801883271544,4.05729946903414,0.00168112581494528,0.0146160668479362,-1.27789111172411,5,1,11,4,0,16,24,20,72,28
"2202","TRINITY_DN29955_c1_g1",-2.27853908448331,0.424834851484698,-5.73719447074532,0.000104262322442106,0.00245070526359058,1.62462871453835,68.1,91.02,81.2,47.45,145.15,24.51,12.56,5.62,23,15.5
"2203","TRINITY_DN2997_c3_g1",1.03016059940636,0.839192851438031,3.68918962663268,0.00324076854474402,0.0225782812754159,-1.73050066559001,26.8,22.84,70.22,28.42,44.76,56.85,68.81,64.03,84.19,66.89
"2204","TRINITY_DN2997_c4_g1",1.07785819206959,2.0465038020657,7.18358234578644,1.29824843211695e-05,0.000697068415313653,3.59890313912358,64.22,67.17,102.77,84.63,80.07,170.37,131.93,163.58,192.81,155.86
"2205","TRINITY_DN29970_c0_g1",-2.50053339927321,-2.22534063010344,-3.93795054615528,0.00207665439930239,0.0167985080800938,-1.45466702488955,22,16,15,13,11,1,0,4,7,1
"2206","TRINITY_DN29976_c0_g1",-1.66707617924156,0.198459819756915,-5.06472438417801,0.000302951162785883,0.00477064756661464,0.623196298836985,51,44,65,39,103,13,14,10,29,17
"2207","TRINITY_DN2998_c4_g1",1.25299122392643,1.94116935639535,8.43247423649605,2.65014686720542e-06,0.000286000274313829,5.16028672562133,67.09,63.54,80.75,70.93,65.44,164.73,129.84,147.96,240.41,132.8
"2208","TRINITY_DN2999_c3_g1",-1.10943201304299,4.1316762987267,-6.26105092199164,4.74609132685469e-05,0.00152007823897617,2.04512960886763,817.24,676.68,686.81,470.13,905.5,308.72,379.01,276.43,309.2,367.05
"2209","TRINITY_DN3002_c3_g1",1.43298877902914,-0.105723453633873,4.58827019090342,0.000670156050521553,0.00795861522792965,-0.115992871243563,10.49,13.79,16.63,24.41,21.48,44.86,34.37,54.75,39.5,26.96
"2210","TRINITY_DN30030_c1_g2",1.12376377685948,2.47033340711464,6.0510563123213,6.47688885995209e-05,0.00184538743835335,1.94819229117031,72.37,108.65,100.28,132.19,111.82,249.8,216.79,196.56,230.14,217.36
"2211","TRINITY_DN30030_c1_g3",-1.44425734787739,1.56624129813316,-3.93828199901841,0.00207543179610655,0.0167980241756309,-1.39400263157181,163.74,156.21,135.71,53.96,211.58,72.66,21.02,42.43,55.74,57.58
"2212","TRINITY_DN30046_c0_g1",1.20686719371903,-1.62331708703907,3.26049178004228,0.00706027730764093,0.0382905118197126,-2.19762041523879,8,8,4,9,5,11,11,12,13,11
"2213","TRINITY_DN3006_c1_g1",1.09280138245553,5.58572945579429,10.9619688292923,1.71149096500957e-07,6.94699291625636e-05,7.74267220242234,931.96,745.43,924.53,1050.89,863.1,1843,1591.41,1869.45,2142.47,1988.49
"2214","TRINITY_DN30066_c2_g1",2.09479999791505,-1.00220992599009,3.72514864493734,0.00303775241803477,0.0216010448123061,-1.4725828051296,3.11,11.65,4.94,3.39,29.26,44.8,22.55,23.99,21.72,22.2
"2215","TRINITY_DN30068_c1_g1",1.04028618153525,3.94060989523544,7.27520870829315,1.14821690510214e-05,0.000654640101524217,3.53407380317107,273.08,350.96,254.44,238.17,348.95,767.57,460.64,593.32,639.55,546.82
"2216","TRINITY_DN3009_c2_g1",1.42752446160998,2.28268630798059,12.1323792517888,5.72635256293527e-08,4.32586169792517e-05,8.80929015668476,79,70,93,71,98,230,200,218,250,189
"2217","TRINITY_DN3009_c2_g2",1.22902622034852,3.57184279653716,14.9777695592263,5.62945076229528e-09,1.0089054552759e-05,11.1543942618431,229,195,209,201,216,474,428,521,600,458
"2218","TRINITY_DN30129_c0_g3",-1.56017905806779,-1.36613856542707,-3.39926657679649,0.00548015969988804,0.0322434927580264,-1.98139133831805,34.89,17.46,24.31,10.06,15.64,3.79,4.07,9.91,4.21,3.66
"2219","TRINITY_DN30143_c1_g1",-1.09144515871768,0.00272805167529646,-3.78025291489731,0.00275166851088885,0.0202000690889093,-1.46292034489965,60.42,36.13,46.52,21.49,50.24,25.39,16.32,12.19,21.65,11.53
"2220","TRINITY_DN30143_c1_g2",-1.95037837293518,-1.03738358107829,-3.81397558842811,0.00259040915780357,0.0193993162830357,-1.33686666710256,63.6,20.85,17.56,25.04,25.49,5.13,6.23,5.16,8.31,2.1
"2221","TRINITY_DN30143_c2_g1",-1.58025464242411,-0.777931508981659,-5.09457202292475,0.000288552591222253,0.00463516361168623,0.600404029798539,28.46,36.19,31.57,20.48,29.85,7.97,2.27,8.28,11.57,10.8
"2222","TRINITY_DN3015_c0_g1",1.23454812798192,4.5164043374172,6.34786806512749,4.18095110909843e-05,0.00141121014767365,2.12878841323518,492.79,374.98,439.16,522.78,255.52,958.02,610.24,1100.63,1231.95,914.98
"2223","TRINITY_DN3015_c8_g1",1.21369428080197,0.242523134968067,3.37493347477528,0.00572867340315154,0.0332585876149433,-2.19139002758593,35.05,24.21,23.65,17.31,15.27,23.57,45.66,37.77,80.13,65.3
"2224","TRINITY_DN30164_c0_g1",1.7060627555563,1.34376261413384,3.77723444101428,0.00276659763493306,0.0202718593508883,-1.63734148460968,35,24,35,65,52,313.08,104,63,112,117
"2225","TRINITY_DN30171_c2_g1",-1.42110502980632,-0.665824427974306,-4.75770726765041,0.000503520046356897,0.00658182139903821,0.137859264141848,35.16,31.32,23,26.46,30.94,15.5,5,7,8,11.01
"2226","TRINITY_DN30176_c0_g1",2.1829785444639,0.914954337594111,5.86490089707969,8.57588407194295e-05,0.00217358299420806,1.80953298249743,17.27,51.52,35.7,30.81,11.1,124.7,71.21,135.52,106.38,106.17
"2227","TRINITY_DN3018_c1_g1",1.96040055073429,-1.78916217151599,3.15823459200047,0.008513966703699,0.0432788002785881,-2.37110052002604,6.98,3,1,12,9,18,5,13,24,12
"2228","TRINITY_DN30180_c0_g1",-2.40825752290996,-1.06484150052471,-6.43324015270188,3.69455414263655e-05,0.00130572121099509,1.98151636433222,41,31,31,20,35,4,6,6,5,2
"2229","TRINITY_DN30193_c1_g1",-2.7120606395729,-1.4918212467403,-4.06044798085809,0.00167181634655202,0.0145514102904962,-1.13342552594993,28,37.39,27.63,14.38,29.78,8.28,3.11,5.26,3.56,0
"2230","TRINITY_DN30198_c0_g1",1.14238730214214,-0.903504729863659,3.82782120839461,0.00252704890877143,0.0190609786710563,-1.30761867215372,14.06,13.18,11.75,8.18,7.72,20.28,16.05,18.18,32.84,13.24
"2231","TRINITY_DN30205_c0_g1",-1.85936999401004,-0.415486839231179,-4.33332313133868,0.00103770586971757,0.0106554389201073,-0.507616258536338,47,31,64,24,47,5,7,4,25.01,14
"2232","TRINITY_DN30205_c1_g1",-1.15707872367665,1.14216869767608,-5.93078257041873,7.76057749505428e-05,0.00205072108874351,1.89170140891587,91.19,99.67,109.82,69.72,89.18,37.84,26.85,52.91,55.31,24.64
"2233","TRINITY_DN3023_c1_g1",-1.11361280261298,1.28226569210308,-4.15322569141932,0.00142017816385726,0.0131190405078737,-0.982998106159542,96.03,87.62,119.04,90.04,99.95,26.03,22.01,70.31,50.17,65.96
"2234","TRINITY_DN30266_c0_g1",1.86767074985283,-0.288886916219405,6.17032265428877,5.42442573356796e-05,0.00166194506401989,2.14907086332722,8,16,16,10,16,56,38,32,51,29
"2235","TRINITY_DN30298_c0_g1",1.64173706135372,-1.01506965739197,3.50714128058984,0.00450397958317505,0.0282458150015536,-1.81284008614602,4,9,11,8,14,15,14,37,21,28
"2236","TRINITY_DN30308_c0_g1",-1.19125937167826,2.58604760571472,-5.56004716388214,0.000137237169165053,0.00289994827818818,1.17479721399854,300.66,235.9,251.45,143.2,340.43,90.71,75.67,109.65,150.12,118.49
"2237","TRINITY_DN30324_c0_g2",1.69741530681782,-1.38169885867586,4.77739563646854,0.000487190179829115,0.00643851680233244,0.00423318559161601,8.86,3.79,6.15,7.3,8.28,18.67,16.45,17.51,19.82,12.92
"2238","TRINITY_DN30350_c1_g1",1.10062556355944,-0.190513777247299,3.83948027967792,0.00247493399818532,0.0187866807983701,-1.34315598363509,27,21,16,14,12,25,41,30,36,34
"2239","TRINITY_DN30350_c1_g2",1.2524574995809,0.208688349631485,4.86903063772771,0.000418176679777302,0.00585759664943787,0.313877812424114,20,21,19,20,28,34,58,55,46,43
"2240","TRINITY_DN30356_c0_g1",1.4114228650808,1.50272831401894,8.64790501889679,2.05029184319343e-06,0.000243957778507003,5.38427094347504,51,52.12,39,46.05,55,109,126,127.05,140.02,119
"2241","TRINITY_DN30358_c0_g1",-1.53551069229218,0.305923060476412,-4.34305350532511,0.00102037717700117,0.0105231958730131,-0.538990546619623,91,59,89,31,47,23,9,18,37,11
"2242","TRINITY_DN30368_c0_g1",-1.0307960751516,-0.287418557219386,-3.86046846891569,0.00238389291172282,0.0183709718562647,-1.29690219044975,32.22,28.24,35.29,34.22,36.22,15.08,17,8,23.46,9.14
"2243","TRINITY_DN30396_c0_g1",-1.07733235402257,1.20266381451446,-4.32250726914605,0.00105732784282377,0.0107755515643672,-0.681537328463932,129.87,90.96,80.04,60.67,108.95,23.54,37.87,45.99,59.26,45.83
"2244","TRINITY_DN30401_c0_g1",2.08377345857723,-0.483490386584496,4.25696379517694,0.00118479508981613,0.011633836407327,-0.627963642635915,7.78,12.73,6.1,18.68,11.36,25.07,41.68,43.97,79.7,17.4
"2245","TRINITY_DN30410_c0_g1",1.27792704503145,0.910278018402102,3.14501828141464,0.00872271965461939,0.0440313173767428,-2.69646546970505,32,50,49,36,16,82,113,92,46,74
"2246","TRINITY_DN30418_c1_g2",-1.01616130276431,-0.133822541846683,-3.92373248015594,0.00212980606634399,0.0170632319567706,-1.2068500233478,56.1,32.69,39.15,24.24,35.87,10.56,13.67,15.29,24.18,16.29
"2247","TRINITY_DN30442_c0_g1",1.3202224450174,-1.38260461493383,3.46526413224405,0.00485994061017234,0.0297241684164943,-1.87828252684093,6,9,11,3,12,15,13,17,15,14
"2248","TRINITY_DN3049_c4_g1",1.86712315840498,2.51859304835921,4.30792931790496,0.00108438808651823,0.0109792450673363,-0.891812519273108,139.64,172.92,73.48,28.28,70.47,430.09,424.1,193.18,394.41,166.75
"2249","TRINITY_DN30495_c0_g1",1.26730505148016,0.86958315372189,4.81639606341302,0.0004564606948968,0.00616675450971979,0.182847054980095,40.01,39.02,21.52,38.59,30.81,69.04,97.19,65.02,69.17,78.61
"2250","TRINITY_DN30498_c0_g2",-1.34799975196828,-1.33932982962962,-3.2708857025703,0.00692734479371506,0.0377540291257471,-2.1798495346189,17.85,16.92,27.12,14.62,18.39,10.48,3.23,7.43,8.53,1.04
"2251","TRINITY_DN305_c2_g4",-1.19715591930178,2.86462958235348,-3.05580596243421,0.0102733139199357,0.0489939340130839,-3.22538109459138,497.37,200.37,556.33,148.13,289.08,84.35,69.52,153.85,277.49,136.84
"2252","TRINITY_DN30517_c0_g1",1.90336254833014,1.33367331224006,7.78687088693754,5.89228157891986e-06,0.000446680831133544,4.37069121037531,34,48,35,43,29,186,102,93,180,113
"2253","TRINITY_DN30518_c0_g1",-3.21525159756252,-1.78191512838505,-3.9890906571018,0.00189654129445943,0.0157904909249511,-1.35490781403961,34,34,31,28,11,2,1,1,2,2
"2254","TRINITY_DN30537_c4_g1",-2.38246916701066,-0.855325778376836,-4.28172303420333,0.00113486124922985,0.0112927622039628,-0.636256575682505,80.18,33.46,24.26,28.17,32.51,8.07,1.04,2.1,12.03,7
"2255","TRINITY_DN30560_c1_g1",-1.14385083118536,1.03483099425483,-5.96510451187323,7.36878875012474e-05,0.00199997898656704,1.94676064343332,103.72,87.56,89.02,54.81,90.31,37.64,27.79,26.65,51.08,36.82
"2256","TRINITY_DN30571_c0_g1",-1.48736051530907,0.0208917744571419,-4.27397735223079,0.00115024286236403,0.0114038244052376,-0.629249057314301,46,47,75,34,46,17,14,23,24,4
"2257","TRINITY_DN30579_c2_g1",2.23753017938097,-1.92551607278813,3.31792790435587,0.0063567042169854,0.0355634127819433,-2.1776624010515,7,12,0,6.32,3,18.7,10,15.18,14,10
"2258","TRINITY_DN30588_c0_g1",-1.7552818234829,-1.31602386938798,-3.79883230346588,0.00266158429381571,0.0197822125341528,-1.37748808233751,33.49,17.24,15.51,19.27,23.88,10.1,4.26,1.01,6.81,4.39
"2259","TRINITY_DN30590_c0_g1",1.07131124210116,-0.832024361577113,3.84947408546681,0.00243114472950878,0.0185876290388968,-1.27542242152646,11,9,17,10,12,21,21,17,22,20
"2260","TRINITY_DN30644_c0_g1",2.61707142851001,-2.02813947483181,3.64337461109826,0.00351977232784544,0.0239185423949067,-1.80256220714621,7.77,11.99,1,3,1,11.96,15,9.9,26.97,13.89
"2261","TRINITY_DN30668_c1_g1",-1.53235718220697,0.50144434057369,-6.99341534977771,1.68073573154055e-05,0.00081988248586746,3.33479574747329,65.5,73.58,58.79,61.73,74.22,19.08,19.39,31.6,19.71,15.92
"2262","TRINITY_DN30668_c2_g2",-1.6410035241938,0.196967336462949,-3.59095291538029,0.00386941628020474,0.0255228499753354,-1.79642694396718,28.18,52.18,94.49,45.21,94.16,16.03,6.05,11.16,29.69,23.46
"2263","TRINITY_DN30668_c3_g1",2.17859128008007,1.62104921907654,4.56723683828962,0.000694551543080995,0.0081541214741575,-0.298225331321404,75.52,36,12.95,135.01,26,156.29,169.01,143.78,291.58,142.02
"2264","TRINITY_DN30688_c0_g1",-2.27429948232981,-1.13718918713816,-4.80023236879249,0.000468942236962311,0.00626897980794706,0.0320195273649295,21,21,44,28,36,7,4,3,7,2
"2265","TRINITY_DN307_c1_g1",1.04278468302203,0.393038683792035,4.89601530608416,0.000399870850396876,0.00570613436247304,0.345255167907592,27,18,32,28,29,57,33,45,71,44
"2266","TRINITY_DN30700_c2_g1",-3.29638717843996,0.92883397001545,-7.68609571270134,6.7032766046234e-06,0.000484366490132174,4.15876708653274,236,132,216,75,216,15,8,13,28,14
"2267","TRINITY_DN30700_c6_g2",-1.89209440502981,-0.598161329848843,-5.07312774495889,0.00029882243624618,0.0047317788053777,0.584927681047969,36.59,24.54,30.9,46.97,46.04,3.88,7.19,7.68,13.02,9.26
"2268","TRINITY_DN30702_c5_g1",-2.71023049774496,0.133269004764167,-8.9419013981162,1.45559406298684e-06,0.000206175043437284,5.20122568533148,99.63,69.59,91.53,53.55,79.5,7.18,12.55,15.27,14.09,4.02
"2269","TRINITY_DN30704_c1_g2",-1.58806417535811,-0.0834459290724801,-5.39025989117564,0.000179333585483017,0.0034502726946176,1.10921002037652,58.78,57.99,52.04,23.9,47.98,13.22,10,15.58,20.26,7.85
"2270","TRINITY_DN30718_c0_g1",1.27631225757852,-0.393446277198479,3.91557908350053,0.00216091804431678,0.0172460772698926,-1.19246365356421,21,10,16,19,10,32,36,21,31,33
"2271","TRINITY_DN30755_c0_g1",-1.12728356081438,2.81312037954938,-3.79988212995663,0.00265658563566189,0.0197558585328528,-1.86783248130287,311.73,459.95,322.19,148.9,262.46,167.66,66.98,147.51,209.76,90.29
"2272","TRINITY_DN30783_c0_g1",-1.52442747046378,-1.31628269871221,-3.83101952174833,0.00251264118284908,0.0189997312076108,-1.32104186165812,21.72,19.87,15.35,13.39,31.99,6.22,5.19,2.06,8.27,4.14
"2273","TRINITY_DN30798_c0_g1",-1.58595913679148,-1.15111587470159,-4.06277217951486,0.00166497846552717,0.0145127954677065,-0.957250061306318,21,30,32,12,22,7,5,6,6,4
"2274","TRINITY_DN30798_c1_g1",-2.02606124931898,-1.43711857120075,-4.19714830670558,0.00131508501462501,0.0124397893966033,-0.84678262970723,20,15,29,19,28,1,5,5,9,2
"2275","TRINITY_DN30812_c1_g1",1.67194211360031,-0.819778265738338,4.57520872753464,0.000685197868905385,0.00807903691472638,-0.153903744354774,14,8,6,9.01,12.15,22.07,17,25.02,54.02,17.95
"2276","TRINITY_DN3082_c0_g1",1.65347497218238,3.19716802836322,4.43311770198514,0.000873597516676258,0.00950697129442544,-0.795472479589142,125.08,128.12,122.97,199.36,137.5,657.23,682.33,362.03,248.26,422.44
"2277","TRINITY_DN30838_c0_g1",1.35100727743119,-0.459402669524965,4.14893103570966,0.0014309115619332,0.0131913069093405,-0.805193431399058,16,9,15,10,20,47,15,36,39,21
"2278","TRINITY_DN3084_c0_g1",1.17239137185944,3.63122598313887,6.48425614731266,3.43295042555875e-05,0.00125692830196799,2.445577705868,171.45,205.09,218.48,332.85,220.99,513.55,529.71,557.9,564.86,369.33
"2279","TRINITY_DN3084_c4_g1",-1.26970591212666,-0.248439088777057,-3.62050002399501,0.00366817897225974,0.0245993334089367,-1.69790633997549,52.98,31.98,43.7,28.87,33.55,33,8,16,15,4.47
"2280","TRINITY_DN30841_c0_g1",-1.20772968319188,-0.249669267291445,-3.41528224843092,0.00532260490341498,0.0316225652497077,-2.0487579914736,28,33.61,35,46.21,40.99,31,8,17,10,9
"2281","TRINITY_DN30865_c1_g2",2.64540344956593,-2.16564266196874,4.14561155399721,0.00143926542416681,0.0132279631101482,-1.20768760760156,2,6.02,7.43,3.05,0.87,12.1,10.47,12.59,22.58,10.73
"2282","TRINITY_DN30867_c0_g1",3.0761938938438,-1.53352473401285,4.83532418226389,0.000442286211361884,0.00604319775455875,-0.239782918218387,2,5,5,3,6,24,12,40,25,32
"2283","TRINITY_DN30869_c0_g1",1.13598306628236,-0.0137899103291694,3.21731776549729,0.0076406734414156,0.0403714658200928,-2.42986263348955,26,21,9,15,36,31,29,53.03,61,24
"2284","TRINITY_DN30896_c0_g1",2.28022175234493,-1.57355215943838,3.47671493000087,0.00475984649887376,0.0293205879040163,-1.9060446228206,7.32,3,2.09,2.87,13.61,11.57,8.8,24.92,22.6,34.5
"2285","TRINITY_DN30901_c0_g2",1.11057223481525,-0.382830520631269,3.35677194835868,0.00592160241720999,0.0339874133597101,-2.13826355111844,10.43,16.28,13.71,19.54,19.19,25.41,12.8,34.16,45.02,31.84
"2286","TRINITY_DN30911_c0_g1",-1.01240706868556,1.44684573587059,-4.34571907932645,0.00101568287721259,0.0104935421624617,-0.67724192481495,96,129,103,77,133,59,34,77,42,48
"2287","TRINITY_DN30919_c1_g1",-1.8984732078243,0.628889422834662,-7.64386521758916,7.07796511858551e-06,0.000498675648659306,4.13160553349866,88,75,120,63,75,23,9,26,23,22
"2288","TRINITY_DN3092_c0_g1",1.40774080755755,0.108885555790288,3.20567085265038,0.00780535428632933,0.0409314524670014,-2.46107495403659,27,36,15,12,14,115,46,37,36,27
"2289","TRINITY_DN30923_c0_g1",-1.36184895774195,-1.14992660678851,-3.48120629729202,0.00472116293119931,0.0291507291396142,-1.85276398807148,24.17,16.34,15.2,21.72,26.54,9.11,11.14,3.02,5.04,5.1
"2290","TRINITY_DN30953_c0_g1",-1.26251663974106,0.973955628770065,-4.04612037614339,0.00171461603941818,0.014805474043498,-1.12279383032993,113.31,66.2,67.01,56.89,130.55,48.15,27.6,40.18,20.48,33.05
"2291","TRINITY_DN30989_c0_g2",1.41916297027309,0.330114544479901,5.31664932695607,0.000201643709792684,0.00372035380574419,1.00345618972442,24.29,26.78,31.5,10.6,23.92,56.56,44.19,63.85,80.21,33.37
"2292","TRINITY_DN31007_c0_g1",-2.02406863021978,-1.87631227337377,-4.04389756746792,0.00172135705341667,0.0148475982469315,-1.18966691196707,25,20,12,14.05,12.18,4,1.83,3,3.01,1.01
"2293","TRINITY_DN31016_c2_g1",2.16369433680048,-0.131264744206247,3.34985179614016,0.00599684101895862,0.0342932289367005,-2.14265881350483,28,22.04,4.09,25.45,5,26.87,103.33,62.17,60.92,27.4
"2294","TRINITY_DN3105_c1_g2",-1.00562157428636,0.0353767159017429,-3.56724298872159,0.00403905308690843,0.0262722000059838,-1.83266437192851,55,47,40,21,50,12,13,21,28,18
"2295","TRINITY_DN31069_c0_g1",-2.42710917123525,-1.43671189314785,-4.55894836142966,0.000704418337909428,0.00822365696871254,-0.406510752063716,23,16,23,24,40,4,1,5,2,6
"2296","TRINITY_DN31085_c0_g1",-1.03266136275056,-0.584379566709612,-3.22320840937136,0.00755872505397211,0.0400825401589741,-2.3324780854091,35.04,19.57,20.68,21.39,47.53,9.35,7.23,10.18,16.54,12.21
"2297","TRINITY_DN311_c0_g1",-1.4395380191976,7.13346122465953,-4.1225365775317,0.00149875265997179,0.0135695032346776,-1.83544625811666,6358.45,5203.6,6383.32,5289.28,8401.08,3185.92,651.51,2253.36,4769.68,2663.48
"2298","TRINITY_DN31103_c0_g2",-3.14455352390879,2.80082639814554,-9.82052888431027,5.49393977255167e-07,0.000129359687518986,6.68858307984606,818,495.93,512,372,771.03,53.16,26,67,139,61
"2299","TRINITY_DN31111_c1_g1",-2.90667238756773,-1.59776736444675,-3.93741477811918,0.00207863221687527,0.0168042337853839,-1.3421223817349,33.09,25.21,36.88,12.35,25.85,0,12.34,3.13,4.94,1.01
"2300","TRINITY_DN31116_c0_g3",-1.85782001232232,-0.633602971750895,-4.16574428608434,0.00138936535038163,0.012921282545515,-0.772876919762129,51.01,51.28,20.14,36.24,25.11,8.21,4.46,13.07,6.94,6.56
"2301","TRINITY_DN3112_c0_g1",1.0426897173034,4.51029685355161,4.42758841040278,0.000881940851325504,0.00957477941006896,-1.03234974356678,525.75,359.84,306.4,531.42,462.9,668.29,1245.66,800.31,839.81,965.18
"2302","TRINITY_DN31132_c0_g1",1.27473276921368,1.49609744102405,6.88048419858664,1.96351733040959e-05,0.000903533596601592,3.2171827195355,62.85,42.02,50.39,33.13,71.36,122.04,97.78,120.43,121.97,132.56
"2303","TRINITY_DN31151_c0_g1",-1.36814715338861,-1.31790434241609,-3.41987015030005,0.0052783266743782,0.0314347384371077,-1.94807963746802,25,13,21,15,23,5,1,12,8,5
"2304","TRINITY_DN3117_c0_g1",-1.28717703683181,4.89259742737535,-7.43183736866629,9.33011759315359e-06,0.000575367829942423,3.65088198810721,1070.93,1059.67,1403.56,1803.28,1134.28,478.93,543.96,567.13,571.31,428.67
"2305","TRINITY_DN31185_c0_g1",-1.92749176283319,-1.02022533314638,-4.64912283372141,0.000604495013912625,0.00742024109720641,-0.100603060215974,30.16,40.16,21.85,14.64,37.06,4.11,5.18,6.33,6.37,4.18
"2306","TRINITY_DN3120_c0_g1",-1.90364080258117,1.79523825846115,-5.57692666537336,0.00013366486105064,0.00285440339905982,1.3166407814764,244.5,212.27,137.22,135.49,214.21,53.59,13.58,38.93,97.32,67.83
"2307","TRINITY_DN3120_c1_g1",1.87821710448024,-0.423823940796755,3.53706784229253,0.00426600662236399,0.0272850853947554,-1.80125561200594,2.78,17.32,20.85,24.01,10.55,36.8,27.3,41.69,35.31,39.64
"2308","TRINITY_DN31219_c0_g1",1.71344517140256,-0.551616127642508,3.0995672939356,0.00948080250841074,0.0465154545584492,-2.52173619582094,26,8,2,41,9,32,29,29,37,27
"2309","TRINITY_DN31246_c0_g1",-2.38475223487743,-1.78852872681919,-5.14047458795969,0.000267798318439842,0.00441522229107652,0.0981545538112698,19,21.19,23.08,12.52,20.25,2,1.08,1,4,4.08
"2310","TRINITY_DN31285_c0_g1",1.01455283733865,-0.0850164277110432,4.43653144382958,0.000868487552515895,0.00946489334027697,-0.365100144400542,20.38,13.27,24.31,21.24,18.05,32.15,25.89,32.58,43.98,37.93
"2311","TRINITY_DN31303_c0_g1",-2.32463457225284,-0.528463785865379,-3.96535554650507,0.00197803744040449,0.0162863206813564,-1.0886046667641,27.91,33.88,82.68,59.58,39.65,2.1,2.05,14.99,17.53,6.36
"2312","TRINITY_DN31338_c1_g1",-1.11906573145196,-1.13169878912575,-3.13971938388336,0.00880785872305057,0.0443335409777386,-2.40237298269387,26.08,19,25.79,14.1,15.12,13.27,2.04,7.87,7.39,6.52
"2313","TRINITY_DN3137_c2_g1",1.62149714903997,1.64808600423011,6.21954205382929,5.044510409052e-05,0.00158874328696438,2.28684252900982,29.78,52.16,66.66,81.48,39.27,138.93,142.17,157.02,171.46,129.41
"2314","TRINITY_DN31425_c1_g1",1.42842383494522,-0.91440316265791,4.17030858735696,0.00137830430181552,0.012853589354707,-0.769662716153833,7,11,14,6,13,16,15,28,32,21
"2315","TRINITY_DN31444_c1_g1",2.05528838854763,-0.855325436652981,3.80990825097104,0.00260933137208104,0.0195084732177127,-1.33508555118455,3.87,13.53,14.93,6.31,8.26,30.16,28.23,52,33.04,11.67
"2316","TRINITY_DN31498_c0_g1",-1.53520430291349,2.2242133694216,-6.11534870006333,5.88499279906805e-05,0.00173303001263731,2.08262299722413,272.99,222.46,175.37,244.67,174.48,52.65,116.64,66.49,98.2,49.27
"2317","TRINITY_DN31518_c0_g1",-1.62693723887333,0.357000480091997,-6.81042600343452,2.16415271058171e-05,0.000953053563684234,3.08582243706867,71.14,56.21,75.16,46.65,68.49,21.26,7,22.15,29.25,15.41
"2318","TRINITY_DN31575_c0_g1",2.77020758606292,-1.66588079734682,4.11351588280173,0.00152269630560618,0.0136936814190005,-1.10924409850103,3,2,2,14,6,25,10,31,18,22
"2319","TRINITY_DN31587_c0_g1",-1.87600387448135,0.44163856758242,-3.10258335565645,0.00942850265963747,0.0463592196854404,-2.67017381271839,114,95,71,57,50,82,6,25,36,2
"2320","TRINITY_DN3159_c0_g1",-1.35065731358552,0.119175128240253,-4.91787902050132,0.000385656674870102,0.00557138172718718,0.395848614282736,55.52,48.42,58.7,33.02,52.16,18.67,17.31,15.65,32.33,6.63
"2321","TRINITY_DN31653_c1_g1",3.09810898995316,-1.51539159101723,3.98404523536259,0.00191356964031621,0.015904793139737,-1.27931751634804,1,1,19,6,8,42,21,17,34,21.78
"2322","TRINITY_DN31658_c0_g1",-1.39001141642676,3.62892965557313,-7.77459232311302,5.98521480155946e-06,0.000449643395402791,4.24836828169963,810.16,487.63,516.86,430.03,547.94,181.86,156.33,205.46,348.58,182.72
"2323","TRINITY_DN31669_c5_g1",-1.89003960135774,-1.22991828737211,-4.47327685776934,0.000815417912769102,0.0090568502539155,-0.398642738063567,27.05,34.15,21.65,22.34,16.96,7.1,1.16,6.82,5.8,3.54
"2324","TRINITY_DN31700_c0_g1",1.46079380683148,0.172957918640548,8.12107905438308,3.87393881065515e-06,0.000354130093866125,4.5989277082691,21.31,19.99,16.42,17.52,23.55,51.28,43.05,46.61,57.12,44.67
"2325","TRINITY_DN31736_c0_g2",-2.89492692782276,-1.18656172044309,-4.30271030717862,0.001094250249346,0.0110421828037437,-0.733192813370767,62,28,35,44,17,4,2,4,4,2
"2326","TRINITY_DN31740_c0_g1",-1.9422806596876,-1.05689537916115,-5.07907552145428,0.000295936001852531,0.00470997815008925,0.468826709192371,36,28,24,27,23,5,1,5,10,9
"2327","TRINITY_DN31759_c0_g3",-2.55327703295084,-1.90751028640841,-3.5259786416215,0.00435265134237297,0.0275976255995588,-1.93246497499091,37.41,17,13,17,17.03,2,1,7.68,5.28,0
"2328","TRINITY_DN31811_c3_g1",-1.67576391336535,-1.3705580415752,-3.5167586481095,0.00442605929685748,0.027939114984738,-1.80469969155493,21,18,24,28,13,7,3,9,4,2
"2329","TRINITY_DN31819_c0_g1",-2.38836607136411,-1.49229421453995,-5.61072384719954,0.000126804536881474,0.00275799705699829,0.813555225697381,24,20,29,16,29,2,3,6,3,2
"2330","TRINITY_DN3184_c1_g1",1.0565578299113,1.375174002949,3.69772455719027,0.00319135420483124,0.0223341413477839,-1.79956374340957,56,25,62,43,85,136,82,87,154,64
"2331","TRINITY_DN31907_c0_g1",1.16991194862306,0.41223612021422,3.4241641298486,0.00523722497485339,0.0312652731431512,-2.13031718251808,26,24,28,27,22,57,62,23,61,76
"2332","TRINITY_DN31915_c0_g1",-1.15761918310729,1.3571202083975,-5.03008957381418,0.00032061205727713,0.00495409386572738,0.479591371706627,145.49,69.83,117.78,83.89,118.65,34,40,51.83,45.45,55.36
"2333","TRINITY_DN3193_c0_g1",1.38335246871022,0.723802748376496,3.93434602447083,0.00208999824745481,0.0168540637492065,-1.28155490192406,28.92,45.13,27.98,34.99,16.32,67.51,94.15,56.68,54.06,90.2
"2334","TRINITY_DN31942_c0_g2",3.3540686012163,-1.89233187865438,3.70889213141402,0.00312786392964657,0.0220258476174789,-1.71905094770891,6,4,15.95,0,1,15.11,8,26.94,39.41,29.18
"2335","TRINITY_DN31942_c1_g1",1.4119005755747,0.477018581841805,4.34818371734753,0.00101136245651416,0.0104619656470639,-0.550521398343204,34.84,12.87,34.88,25.49,22.35,41.21,36.27,67.27,99.3,71.33
"2336","TRINITY_DN3197_c1_g1",2.23906174205251,-1.74074388042749,3.25885129017804,0.00708149309694466,0.0383940880219215,-2.24175317327641,15.9,0.69,8,1.88,6.5,12.92,18.21,17.18,14.46,20.43
"2337","TRINITY_DN31986_c0_g1",3.36342517179477,-0.647908804972706,3.18874275670525,0.00805112575944293,0.0417612799143487,-2.30743943659476,1.21,11.47,15.72,2.09,17.3,85.44,62.67,64.52,106.01,10.51
"2338","TRINITY_DN31986_c1_g1",2.83328990960315,-2.00426309221441,3.11418521991615,0.00923001357947587,0.045726356553536,-2.49872912237652,12.17,3.14,2.17,2,1.02,17.83,18.09,35.61,18.91,4.17
"2339","TRINITY_DN31993_c0_g1",-2.66349626155638,-0.205973800764624,-6.18696204658359,5.29269469470912e-05,0.00163565316556775,2.10296612704868,60.39,51.49,71.1,37.78,90.36,2.86,8.68,4.59,15.89,15.47
"2340","TRINITY_DN31993_c5_g1",1.3628201426572,-0.646038446357506,3.23648423915774,0.00737728062712374,0.0394395194210622,-2.29521386546185,5.72,26.2,10.87,18.84,9.2,26.26,26.4,24.12,34.43,16.93
"2341","TRINITY_DN32014_c0_g1",-1.7116018754975,-0.703609048078962,-4.82585156815231,0.000449321213878689,0.00611636402095452,0.222735780220356,27.72,22.17,43.56,35.52,32.9,5.86,4.44,14.79,8.57,6.98
"2342","TRINITY_DN32016_c0_g1",1.83751230022321,9.81468407254364,27.6463590826149,5.35101025881006e-12,2.91046798986938e-07,18.1010990740318,14231.84,11280.6,12858.21,12937.49,11689.2,53707.7,45629.79,48688.18,57092.68,40419.5
"2343","TRINITY_DN3202_c3_g1",1.00208398394632,0.827655955008875,5.55484689131462,0.000138357974378455,0.00291570266734543,1.34436872728377,39.07,30.01,34.02,25,53,68.01,60.01,68.03,80.04,56
"2344","TRINITY_DN32032_c0_g2",-2.52550580860396,1.22102729728512,-3.26201420007778,0.00704064605610813,0.0382259712155897,-2.49464552894184,193.1,191.84,297.03,229.82,34.06,11.69,18.01,61.67,28.11,21.49
"2345","TRINITY_DN32080_c0_g1",-3.61425020712457,0.0716907293846499,-7.32236339325338,1.0783279301546e-05,0.000632700479493407,3.33711664904582,129.34,102.91,135.89,51,111.38,2,4.08,7.63,16.18,8.65
"2346","TRINITY_DN321_c0_g3",-1.90648556151685,1.50796898106593,-9.55853791200338,7.29180207151667e-07,0.000151377254378574,6.33154892252652,191.27,167.45,131.56,117.14,150.44,33.51,25.59,53.49,48.26,32.8
"2347","TRINITY_DN32104_c0_g2",-3.02237257690878,1.2651967918831,-10.7001030120698,2.21614740212914e-07,7.77174183176644e-05,7.25383431600359,189.21,127.02,215.81,151.15,266.81,32.6,17.19,22.54,17.14,18.26
"2348","TRINITY_DN32119_c0_g2",-1.6306957990457,-1.29523666843708,-3.47033852838326,0.00481532183653919,0.0295476274832133,-1.87089885652593,27,25,11.03,22.02,21,5,2,5,4,12
"2349","TRINITY_DN32122_c0_g1",-2.01441618697112,-0.624915358596058,-5.03591465582026,0.000317567594240653,0.004919313216373,0.522588841176087,32,44,29,45.01,34,5,9,15,5,6
"2350","TRINITY_DN3214_c2_g1",-1.83905416736299,-0.841804162161714,-3.68755696393751,0.00325031026426196,0.0226302644116068,-1.52773231751874,57.3,20.51,41,21.01,21.81,6.64,14.42,8.73,7.01,2
"2351","TRINITY_DN32150_c0_g2",1.99658884976432,-0.942489300369309,6.40699442687465,3.83733348530243e-05,0.00133964316815844,2.15310601625859,7.14,8,8.12,6.04,10.03,24.3,29.26,25.21,35.52,18.09
"2352","TRINITY_DN32150_c0_g3",-1.371874314748,1.57215586962629,-5.7028969750395,0.00010992182834834,0.00253128375678807,1.52085458014663,153.08,126.18,155.36,76.11,154.64,71.96,33.68,58.73,39.24,47.02
"2353","TRINITY_DN32161_c0_g1",-6.27275183638647,-2.1603299296434,-8.31209108967467,3.0653102755778e-06,0.000308179835857583,2.39245262595234,65,65,42,30.44,87,0,0,0,2,0
"2354","TRINITY_DN32176_c0_g1",-1.42114962888429,3.51790557734283,-7.87016388594506,5.30125640788466e-06,0.000425281175931054,4.38460499638928,573,482,464,665,410,198,178.01,201.02,265,126
"2355","TRINITY_DN32189_c0_g1",-1.31668312135914,-1.06439168619955,-3.15773392487422,0.00852178221115972,0.0433104332131553,-2.37404918533732,29,14,27,14,31,3,6,5,17,7
"2356","TRINITY_DN32191_c0_g1",1.21009039578143,0.705061378385827,3.52862285614257,0.00433182899333451,0.027517364085538,-1.98956991795212,66.24,24.77,20.95,14.58,49.73,73.84,58.64,72.83,99.48,36.86
"2357","TRINITY_DN32211_c0_g1",-1.74965111525957,0.181244688744843,-7.85888921380414,5.37740039580722e-06,0.000426130163797738,4.29169854334087,57,59.01,81,45.76,51.54,18,11,13.79,19.78,13
"2358","TRINITY_DN32219_c0_g1",1.30921951717963,0.188340484960377,4.95202873359849,0.000364507422455195,0.00536550964049951,0.445579400133462,24,21,25,15,20,33,39,69,47,53
"2359","TRINITY_DN32231_c1_g1",-1.11279257354519,0.178150985729029,-3.31181705991675,0.00642805036011032,0.0358592909883857,-2.29208622321378,46.09,37.65,94.65,33.23,38.58,11.06,16.79,21.65,24.33,24.46
"2360","TRINITY_DN32242_c0_g1",-2.13638515636048,-0.214487707320328,-3.53447261617102,0.00428612494674348,0.0273654914870671,-1.81645113724374,77,45,67,14,86,3,14,9,17,12
"2361","TRINITY_DN32243_c0_g1",1.3677634684762,-0.744046022569163,3.87244884224523,0.00233348044684924,0.0181444367383241,-1.23869556086928,14,10.24,15,12.4,6,18,22,28.77,24,28
"2362","TRINITY_DN32255_c0_g1",1.98437903622371,0.189765540117109,5.55101323938803,0.000139190431565787,0.002927751144752,1.35214061593466,12.38,17.12,20.63,22.92,13.71,67.78,24.89,55.98,91.81,76.96
"2363","TRINITY_DN32259_c0_g1",-1.6676151469412,-0.822794405435587,-3.8458186858286,0.00244706799228907,0.0186700063358949,-1.27732677656467,49,31,28,28,16,9,4,4,10,11
"2364","TRINITY_DN32285_c0_g3",-1.16158755904145,-0.916188140779871,-4.07309277206872,0.00163496307176818,0.01432924209419,-0.919098765949731,31,22,21,18,24,12,5,5,13,7
"2365","TRINITY_DN3229_c2_g1",-1.01467526201696,1.085346682701,-5.08038804709721,0.000295302999389092,0.00470745177015595,0.587165831959577,108,72,78,74,89,38,23,32,69,39
"2366","TRINITY_DN3229_c2_g4",-1.09686877163549,4.68421252461759,-4.4831232891231,0.000801780167324303,0.0089578341571958,-0.953760577872184,1282.09,1053,1039,805,1045,697,205,398,847.99,471
"2367","TRINITY_DN32300_c0_g1",1.01993110185458,0.579597576331354,3.2090973322148,0.00775653670788254,0.0407446676517571,-2.53511525618853,25,18,60,26,34,52,60,77,68,32
"2368","TRINITY_DN32306_c0_g1",-2.8012449648152,-1.17068322212544,-4.81555994067168,0.000457097720425161,0.00617382719434937,-0.0409402687347296,35.03,22,49,43.08,25,7,6,2,4,1
"2369","TRINITY_DN32327_c0_g1",1.08278461181563,-0.355624253410282,3.4774910281533,0.00475313902438389,0.0292949557705682,-1.93646046602482,11.26,13.61,16.35,15.34,23.4,39.74,18.77,23.85,27.27,39.86
"2370","TRINITY_DN32338_c0_g1",-2.1365647888799,-0.756017028574177,-6.89983671635003,1.91166269346464e-05,0.000884549273769142,2.74306247845323,35,38,35,40,30,6,5,6,10,4
"2371","TRINITY_DN32344_c0_g2",1.05439906370589,1.84716010845065,6.15591559808779,5.54129907616975e-05,0.00168002674499414,2.17106905453791,74,61,63,63,85,175,157,116,146,116
"2372","TRINITY_DN3236_c0_g2",1.06825580212422,4.61231607483176,5.96786759566586,7.33817400034665e-05,0.00199602926824928,1.52908214485928,590,485,345,556,364,966,1025,900,907,968
"2373","TRINITY_DN32363_c0_g1",2.21051188763561,-1.83364613226572,4.33471133070928,0.001035215017617,0.0106358859129592,-0.815163426041835,3.27,2,9.3,5,5.5,17.48,9.31,13.41,20.88,13.42
"2374","TRINITY_DN32364_c0_g1",2.64435910633632,-1.36884512866622,3.58307901076824,0.00392492739149154,0.0257764701461744,-1.74123836108215,13,10.02,2.54,2,3,24,29.29,30,47,7.02
"2375","TRINITY_DN32373_c1_g1",-2.26047064438086,0.27565301449172,-6.81966511652489,2.13648533065092e-05,0.000946014095186023,3.06380792142186,57,77.44,56,89.29,88.91,13.56,14.33,12.88,9.82,18.61
"2376","TRINITY_DN3239_c1_g2",-1.81814570867517,0.775023152127132,-7.79018649567756,5.86745245692653e-06,0.000445721517576384,4.32367887792068,90.44,114.63,85.26,64.5,96.2,32,12.68,24.81,35,15.36
"2377","TRINITY_DN32470_c0_g1",-1.78020194470752,-1.026590520247,-4.264013485104,0.00117034895689503,0.0115424206916551,-0.65375135259369,29,21,32,15,43,7,2,5,14,4
"2378","TRINITY_DN3248_c0_g1",3.9624804662721,0.98258259913904,4.64809880816985,0.00060554240876783,0.00743142083828769,-0.0336637923074008,44,16,17,8,7,799.88,118,186,168,138
"2379","TRINITY_DN32482_c0_g1",2.7171166247405,-1.51779387189419,4.38037480564431,0.000956658391083437,0.0100858878824614,-0.722147985286125,9,9,8,0,4,19,20,22,26,28
"2380","TRINITY_DN32491_c0_g2",-1.00521684219698,-0.530044981317137,-3.10616781185654,0.00936672402071074,0.0461555975910924,-2.53867902388791,25.02,35.77,38.62,18,27.39,14.1,4,16.17,12.35,14.29
"2381","TRINITY_DN32547_c0_g1",-1.35597670551499,0.00175086801128797,-3.08361956162241,0.00976223409708038,0.047408720961991,-2.64962959425978,56.59,59.72,22.75,53.55,49,23.31,3.24,10.57,31.55,20.09
"2382","TRINITY_DN3259_c0_g3",1.16814648287528,-0.0136668424702708,4.20218168142889,0.00130356854313976,0.0123794637041413,-0.752763483456564,17,26,16,15,23,31,28,48,37,52
"2383","TRINITY_DN32614_c0_g1",-1.49648650892951,-0.8218588007731,-3.30169876130023,0.00654797599537034,0.0363382269527791,-2.16013427650638,32.55,19,25.69,16,46.83,3.09,13.33,7.87,6,14.85
"2384","TRINITY_DN32616_c1_g2",1.54953142636298,2.18664743375865,8.37659723667723,2.8348073721897e-06,0.00029427334641865,5.09523817267492,64.21,103,59.3,67,83.13,241.06,160.15,176.21,278.88,212.21
"2385","TRINITY_DN32621_c0_g1",-1.18811823288217,0.415029513383397,-4.63180163371023,0.000622469598355238,0.00756575283221,-0.078987885358031,58,81,47,46,54,34,13,27,22,18
"2386","TRINITY_DN3263_c0_g3",-1.13568669450363,-0.0556102992199909,-3.11172962161368,0.00927167094563733,0.0458542628006972,-2.6011838217971,45,43.19,29.5,31.62,57,11,15,6.47,39.7,20.34
"2387","TRINITY_DN32637_c0_g1",-1.34135886133165,2.35003090952894,-3.70334014995879,0.00315926445436008,0.022179467931223,-1.95114487549937,259.36,171.75,225.2,169.92,295.85,25.73,83.23,115.51,184.48,91.62
"2388","TRINITY_DN32646_c0_g1",1.51102625093727,-0.802775119765579,4.55781467572494,0.00070577925138746,0.00823175766990255,-0.173667465143785,16,13,6,6,13,30,16,32,30,17
"2389","TRINITY_DN3265_c1_g2",1.30911170141972,1.44195329512635,3.44714087878457,0.00502276805836445,0.0304138782613254,-2.25166115330232,22.59,39.92,78.84,80.65,51.1,177.88,100.07,128.91,142.62,56.68
"2390","TRINITY_DN32651_c0_g1",3.08796396760235,-1.76463915377625,4.9105082718325,0.000390388343361656,0.00561587209303989,-0.283336781961054,6,2,4,6,2,24.02,23,21,32,11
"2391","TRINITY_DN32670_c0_g1",-1.12487998824384,7.10922570675138,-9.94179596226336,4.82903049804883e-07,0.000118971645093053,6.58000107382152,5805.28,3989.7,6404.69,5375.74,6103.32,2616.04,2711.14,2533.33,2675.6,2100.16
"2392","TRINITY_DN32676_c0_g1",-1.34977371762782,-1.05766250066305,-3.42694477493188,0.00521078285800181,0.0311848298419777,-1.94222969633568,21.03,19.51,27,21.57,19.99,11,10.71,10,4,3
"2393","TRINITY_DN3270_c0_g1",1.46966909120729,3.7882311208049,6.37782799148314,4.00291907807603e-05,0.00137538074273931,2.27303275843552,150.11,281.19,245.62,226.55,254.97,710.96,507.05,610.2,1046.45,375.04
"2394","TRINITY_DN32738_c2_g1",-1.64641212394563,-1.25149970630281,-4.45613882163382,0.000839735411003349,0.00924201714688044,-0.403305165139617,32.91,17.35,22.44,19.73,17.12,4.09,3.06,3.08,7.84,7.32
"2395","TRINITY_DN32787_c0_g1",-1.82685348315156,-1.92191141221068,-3.9706450678029,0.00195956722946946,0.0161807835400142,-1.28287620721098,18,18,11,13,15,3,1,5,5,1
"2396","TRINITY_DN3280_c0_g1",1.01216814378376,5.34415809068921,11.3069781828524,1.22714935957786e-07,5.96223245757236e-05,8.09755109947081,791.13,789.81,692.97,842.85,788.91,1681.87,1409,1446.9,1793.05,1442.99
"2397","TRINITY_DN32863_c0_g2",-1.98363364572053,0.26017057256834,-7.02157383989016,1.61722248161854e-05,0.000798931407790317,3.3254311926362,83,66.07,53.12,45.06,88.18,21.43,17.02,14.03,12.79,10.01
"2398","TRINITY_DN32878_c0_g1",1.60907864227614,-0.197010408543576,3.80539301508433,0.00263050413671476,0.0196117184314593,-1.38829707103403,13.4,24.41,5.25,24.2,15.16,71.71,27.64,27.17,40.6,37.15
"2399","TRINITY_DN32900_c0_g1",-1.5650256019679,-1.50777658626567,-4.02981926160531,0.00176469389192866,0.0150893673126697,-1.06244102080989,19,15,23,15,18,4,1,9,7,3
"2400","TRINITY_DN32930_c1_g1",-1.98777850502007,-0.725633478286037,-4.85116472712567,0.000430779028788026,0.00595287148242111,0.238608981584405,56.7,36.31,22.55,25.64,38.01,5.19,2,12.76,9.09,8
"2401","TRINITY_DN3294_c2_g1",-1.00999630912098,2.59594698487134,-5.11733282174743,0.00027805768395063,0.00451997474230684,0.451575130586167,285.65,200.04,205.34,174.24,306.32,102.71,144.59,100.27,109.03,124.55
"2402","TRINITY_DN32948_c0_g1",-1.28959909312222,1.72871895134953,-6.80219718453552,2.18911654264642e-05,0.000958681464340431,3.10240201547354,197.66,124.91,139.35,115.45,138.73,55.17,38.33,81.83,69.48,41.68
"2403","TRINITY_DN32967_c0_g1",-1.35792121369316,-1.36118984136908,-3.34387438636882,0.00606261125108504,0.0345470391364868,-2.06625838014799,13.58,22.45,21.41,11.53,23.79,4.32,3.63,2.93,8.81,8.38
"2404","TRINITY_DN32979_c1_g1",-5.61972431418168,-2.60723975062141,-6.90815540748968,1.88982379932976e-05,0.000879692750192818,1.46402771827712,38.72,36.6,54.11,11.48,38.58,0,0,0,1.01,0
"2405","TRINITY_DN32998_c1_g1",-1.56152787227147,1.50147974209027,-4.96902638500433,0.000354438321316062,0.005267074339395,0.372280453709033,162.04,124.45,92.52,232.22,98.08,39.54,30.09,42.27,56.84,44.88
"2406","TRINITY_DN32998_c1_g3",-2.31590089668561,1.62859677836622,-3.15312763089061,0.00859402772820426,0.0435595715371128,-2.76684661881568,657.39,99.93,107.84,105.35,325.52,100.6,7.21,20.65,72.87,39.61
"2407","TRINITY_DN33_c3_g1",-1.77016944606106,-1.52905857145524,-3.95232535169414,0.00202430861267221,0.0165271944989274,-1.18597292053431,14,15.73,20,14.77,31,5.51,3.11,5,3,2.99
"2408","TRINITY_DN33002_c1_g1",2.03656746687181,-0.899877776501831,5.56333506805871,0.000136533491643171,0.0028888841383227,1.1580008127805,9.79,4.19,7.25,9.14,12.29,30.52,31.9,23.1,36.55,18.36
"2409","TRINITY_DN33079_c0_g1",1.29157220358837,-0.577615840506017,3.46321308703941,0.00487809475490087,0.0298050383974178,-1.92491409374576,21,11,9,9,16,34,42,24,29,13
"2410","TRINITY_DN331_c5_g1",-1.46941397944721,2.89832977647226,-6.92951720822341,1.83495362371536e-05,0.000864861027274717,3.18623304472916,464.24,322.19,378.69,218.5,353.98,125.9,75.47,137.1,212.79,84.94
"2411","TRINITY_DN331_c9_g1",1.14278180830139,-0.353954260269842,4.63241921257082,0.000621819200696396,0.00756122694949199,-0.0404982016177726,19.93,12.43,14.09,17.5,13.8,30.06,23.08,22.4,38.27,34.96
"2412","TRINITY_DN33101_c1_g1",-1.48128885649764,1.35312765863654,-4.16342227312239,0.00139502780230002,0.0129527069298225,-0.96769265141412,77,166,150,130,84,42,33,38,27,68
"2413","TRINITY_DN3311_c1_g1",-1.35249459385392,-0.861102623352982,-4.25336879999567,0.00119223318199014,0.011665183486531,-0.638893396643053,34,21,18,25,30,9,5,11,7,8
"2414","TRINITY_DN33121_c0_g1",-1.52346823384184,0.445934965219772,-4.48457410200175,0.000799790944536012,0.00894171207898422,-0.318039462272911,45.08,109.5,68.04,44.97,71.81,36.9,11.67,15.61,23.76,17.94
"2415","TRINITY_DN3318_c0_g1",-1.17084689769945,6.73757550301874,-16.142988829562,2.43830883851288e-09,6.6311028017777e-06,12.0451186787957,4579.27,4335.14,4147.52,4062.42,4720.82,2079.55,1823.63,1914.7,1966.97,1748.42
"2416","TRINITY_DN33189_c4_g1",-1.95611019462485,-0.903361697237895,-5.73960097015926,0.000103876984079855,0.00244553650665339,1.38466016052302,28.84,32,26,28.73,32,5,5,10,4,7
"2417","TRINITY_DN332_c0_g1",-1.20161853596635,3.33562970233595,-3.44940586423066,0.00500211799229878,0.0303122157071165,-2.5986115078749,667.45,392.09,647.04,199.79,367.02,387.46,109.17,169.6,223.42,110.99
"2418","TRINITY_DN33218_c1_g2",1.15966450638979,1.72143622545208,5.95215029724549,7.51413857586836e-05,0.00201628767281725,1.88038352039993,49.58,70,78.71,65.99,49.83,155.5,126.43,112.47,177.53,98.44
"2419","TRINITY_DN33236_c0_g4",-1.82529013408787,-1.22148467155411,-3.74330151806383,0.00294027589679728,0.0211512427328,-1.45499630495016,51.39,17.97,23,14,22.16,3,4,5.38,10.98,2.95
"2420","TRINITY_DN33248_c1_g1",-1.4984384096551,-0.0355288592416706,-4.6067125637463,0.000649502968239941,0.00778644830185996,-0.087708165947106,75.75,47.61,59.49,24.69,36.37,10.36,13.2,17.97,18.37,11.61
"2421","TRINITY_DN33261_c0_g1",5.38173889841666,-1.35963924209052,5.17834376817463,0.000251860859893256,0.00425543469489643,0.0115974029552328,1,1,13,3.73,0,44,52.98,42,109.58,114.24
"2422","TRINITY_DN33321_c5_g1",-1.42013093435485,-0.864687039548575,-3.89677854003732,0.00223445919617354,0.0175907468720618,-1.19677440770413,22.11,23,40.04,17,29.06,6.02,14.03,5.02,9.01,6
"2423","TRINITY_DN3333_c1_g2",1.48182227412444,-1.24463054345401,3.28192530258239,0.00678892948430445,0.0372610154975584,-2.16433792733663,7.4,7,11.36,6,7.35,30.4,24,10,16.99,13
"2424","TRINITY_DN3337_c1_g1",1.35948899938506,1.04428772723514,4.83921734970726,0.000439428484758423,0.006029504216573,0.204491990400272,24.19,31.09,63.91,25.62,50.22,114.68,74.41,64.48,96.82,98.16
"2425","TRINITY_DN3337_c2_g1",1.62182294338739,-0.619405983964014,3.81940284458953,0.00256538017493699,0.0192721885477272,-1.3271565920351,16,12,3,14.99,15.99,31,15,26,37,40
"2426","TRINITY_DN33386_c1_g2",-1.51908598364995,-1.09711159222832,-4.45645260754825,0.000839283437033324,0.00923891224927738,-0.368820749398446,28,20,24,19,26,4,2,8,15,5
"2427","TRINITY_DN33396_c0_g1",-1.79303702301032,-0.824215857475723,-3.85099183551565,0.00242456468787207,0.018545141040367,-1.26949086071158,63.97,20.03,29.51,28,23.02,3.13,4.97,7.05,16.08,5.03
"2428","TRINITY_DN33413_c0_g1",2.54499649995015,-0.199071776248595,5.64016148136801,0.000121132574322714,0.00267904979115322,1.41519572253797,4,19,15,21,7,48,56,48,58,60
"2429","TRINITY_DN33437_c3_g1",2.11686756547448,0.0514740840220214,5.53438160984389,0.000142863720809258,0.00298140329975894,1.31825046779098,13.64,15.2,25.44,4.24,25.1,82.46,46.13,38.47,78.62,51.19
"2430","TRINITY_DN3348_c4_g1",1.21414390434512,-0.104654761141829,5.39134990073282,0.000179023511103325,0.00344682045749415,1.11485643328851,24.4,15.76,17.7,18.31,14.08,40.94,30.97,29.11,53.16,30.27
"2431","TRINITY_DN33482_c0_g1",-1.94488198275098,-1.63493871841267,-4.26058537786719,0.00117735076934121,0.0115883615083673,-0.808069409611942,24,14,13,24,19,4,3,2,4,3
"2432","TRINITY_DN33494_c0_g1",2.70032300541492,0.9605817086875,10.6854010618613,2.2488822407764e-07,7.77174183176644e-05,7.17645588227534,33,19,17,15,31,126,82,163,186,131
"2433","TRINITY_DN33496_c0_g1",-1.47271860227328,-1.33681923025154,-3.37308172135164,0.00574804840776987,0.0333378226644285,-2.02102069539158,28,12,20,11,32,6,5,4,8,3
"2434","TRINITY_DN33524_c0_g1",1.35218087678108,-0.0254869309893053,3.74680703966392,0.00292182562653068,0.0210658226083102,-1.51381798239063,21,18,23,8,26,50,17,41,84,33
"2435","TRINITY_DN33551_c1_g1",1.67718204138746,0.305626308422296,6.72384242731628,2.44280563435866e-05,0.00101657720932213,2.97116448966236,26,14,19,22,20,58,71,56,52.98,55
"2436","TRINITY_DN33556_c0_g2",1.62145544138023,-0.595521679846623,4.08288678299578,0.00160699745849303,0.014186184240716,-0.903913764859505,6,17,13,14,11,24,21,26,63,22
"2437","TRINITY_DN33559_c0_g1",-4.64940908662193,-1.12282523859584,-5.23295523143901,0.000230614588262782,0.00402833184999996,0.0804390949339515,106.39,64.6,40.38,38.46,94.88,3.09,0,1.03,4.13,2.09
"2438","TRINITY_DN33589_c1_g1",-1.32318909890707,0.0774760615991753,-3.84702213166764,0.0024418138321634,0.0186482302927828,-1.35239882739477,66,59.8,22.92,46,54,22,11,14,21,14.1
"2439","TRINITY_DN3360_c1_g1",1.28448258025774,5.47014112525545,3.58255445365974,0.0039286543645254,0.0257944684113159,-2.67429709734687,490.91,1026.27,525.21,974.3,1065.84,3254.93,2722.92,1424.66,1276.02,1384.62
"2440","TRINITY_DN33609_c0_g1",1.40775401797169,-1.10391417284695,3.37226112118421,0.0057566556888911,0.0333592861255568,-2.02742426214282,7,10,15,7,7,23.01,24,20,23.01,8
"2441","TRINITY_DN33647_c1_g1",1.1062527786276,5.22726463894496,11.5568949484346,9.69505147383473e-08,5.41965608222686e-05,8.34580875402564,682,696,753,763,605,1373.01,1332,1569,1858,1288
"2442","TRINITY_DN33668_c0_g1",-1.35402810103812,-1.00336164581759,-3.70877589244419,0.00312851804966537,0.0220276019727313,-1.49393184836335,25,21,25,28,18,15,6.05,5.1,9,3
"2443","TRINITY_DN33686_c0_g1",1.46478199838506,-0.486277965260218,5.38058316024607,0.000182111314093331,0.00347673446291695,1.06521655600088,18,17,10,11,10,27,33,27,38,26
"2444","TRINITY_DN337_c0_g1",-1.24654241981646,2.62514463176427,-5.6995446389258,0.000110492203407454,0.00253898666478023,1.39076138107303,237.59,187.57,215.19,287.24,397.51,134.16,102.62,85.02,119.31,99.54
"2445","TRINITY_DN337_c1_g2",-1.09653204756626,5.23120592427985,-10.468931634767,2.79626585977205e-07,8.94657037522716e-05,7.25806977815686,1486.29,1652.76,1680.58,1383.56,1332.82,686.19,590.42,727.7,716.45,743.97
"2446","TRINITY_DN33733_c1_g1",1.42655925761496,-1.44488774696253,3.7343339202698,0.00298802131974998,0.0213591793046629,-1.47198526405509,9,11,3.85,8,5,13.13,9,17,22,12
"2447","TRINITY_DN33773_c0_g1",-3.5453368038937,-2.72980765657054,-5.90032871714495,8.12673435963789e-05,0.00210921998296828,0.571531958433274,18,12,18,11,17,0,2,0,1,1
"2448","TRINITY_DN33776_c0_g1",-1.11905866387869,-1.38180875869871,-3.1541041983806,0.00857865973629881,0.0435123520115052,-2.36315847688711,25,13,14,14,19,4,4,5,13,4
"2449","TRINITY_DN33777_c1_g1",-1.50296849613681,0.474052432655497,-5.07720160935342,0.000296842224980633,0.00471402787121799,0.630587258455781,69.86,63.57,56.14,60.57,71.77,26.42,14,16.99,13.8,42.06
"2450","TRINITY_DN33818_c0_g1",-1.69164462776453,0.219375356422171,-5.96101040140016,7.41440061867105e-05,0.00200261285734223,1.93980668175946,66.41,56.81,66.81,30.58,82.38,15.3,12.36,11.33,25.66,16.13
"2451","TRINITY_DN3383_c0_g1",1.3190409789595,4.71660162978136,8.38632704122718,2.80168498111512e-06,0.000293050861168909,4.91652586280911,338,599.01,415,443.01,505,1225,1109.93,1220,1092,953.89
"2452","TRINITY_DN33839_c0_g1",1.19810122673269,1.76247642227749,7.58861754180612,7.6023518224417e-06,0.000518169822023091,4.13620456651529,51,55,75,60,74,140,104,159,163,132
"2453","TRINITY_DN3388_c3_g1",-1.28730191465533,2.09863568343378,-6.54530514500553,3.14556665845194e-05,0.00118730406745218,2.7179210058898,224.23,217.64,189.85,127.36,164.52,107.18,45,76.57,87.9,58.65
"2454","TRINITY_DN3388_c4_g1",-1.10680366378306,0.39066447746292,-4.06086052828074,0.00167060049610884,0.0145486709082684,-1.02778428084327,47,63,78,40,50,26,10,29,37,17
"2455","TRINITY_DN33921_c0_g1",2.27814228748005,-1.25968939149777,4.83608336677317,0.000441727415370277,0.00604306927206508,0.0507256476125706,12,4,3,6,7,14,21,27,40,19
"2456","TRINITY_DN3396_c0_g2",-1.86347484005799,-0.123237207182957,-5.89372456323613,8.20853019536358e-05,0.00211999129086429,1.80683424167439,67,35,47,37,69,7,10,10,24,10
"2457","TRINITY_DN33990_c0_g1",1.99114128923543,-1.53194312223059,3.99425578908506,0.00187927121290175,0.0156916549801872,-1.14043949970648,9,4,2,4,12,17,10,30,19,13
"2458","TRINITY_DN34068_c0_g1",3.48278984465407,-2.06599893695218,6.80248040150246,2.18825226047673e-05,0.000958681464340431,1.34661881383901,2,3,1,2,6,24,19,16,23,17
"2459","TRINITY_DN34073_c0_g1",-1.74951725003814,-1.75019842340499,-3.88656589974438,0.00227548553047463,0.0178208687527784,-1.32846077225062,22.86,10.48,13.78,16.23,17.8,4.22,1.08,2.18,3.29,5.45
"2460","TRINITY_DN341_c0_g2",-1.02863810315364,0.569244012230131,-3.22287374473496,0.00756335687886308,0.0400914671082976,-2.50730923585709,74.61,44.71,87.42,47.04,51.43,12.65,27.7,32.24,53.77,18.87
"2461","TRINITY_DN34129_c0_g1",-2.01253468568756,-1.60097799200485,-3.85374810519722,0.00241266208670611,0.0184826906419763,-1.35839173399342,18.84,28,17,12.02,20.86,5,11,2,3,1
"2462","TRINITY_DN34148_c0_g1",-4.48880818231243,-2.52129855926702,-5.1993700662247,0.00024344621821963,0.00416533710681133,-0.0223638090197325,59,19,26,14,17,0,2,1,0,0
"2463","TRINITY_DN34176_c0_g1",1.82786557796434,-1.02230943665627,3.9285728689875,0.00211155515175671,0.0169644898462628,-1.15624265155943,11.01,4.36,19,3,11,34,14.14,31,30.95,14.98
"2464","TRINITY_DN34181_c0_g1",1.67529716278854,-0.285388468621113,4.22911139912253,0.00124370806424954,0.0120063928286476,-0.680382537099532,11.26,11.84,17.56,17.76,11.99,44.49,32.23,62.96,50.75,15
"2465","TRINITY_DN34208_c0_g1",-2.18354178664607,0.00617581670142222,-5.86103773353538,8.6264291750026e-05,0.00218435805054733,1.76636732660304,112,59,52,35,60,12,5,20,13,9
"2466","TRINITY_DN3423_c0_g1",-1.34950852216448,-0.985189809953879,-3.6637672297245,0.00339266179393996,0.0233139946474022,-1.56548808294012,16.01,25,25,25,28,11,6,4,13,4
"2467","TRINITY_DN34259_c1_g1",-2.89237737528719,0.851410978428785,-10.2775703605327,3.40068500406951e-07,9.78659566435687e-05,6.74533510505144,155,121,189,101,124,17,10,11,39,13
"2468","TRINITY_DN3426_c2_g1",3.14743494309335,-2.25194465426668,4.02915995883225,0.00176675088276899,0.0150980474537259,-1.33656665686461,0,0,2,6,8,15,26,13,15,11
"2469","TRINITY_DN3427_c0_g1",-1.45633935409076,6.84382601327403,-8.10652680875302,3.94430178579251e-06,0.0003575575307184,4.39540893157806,5787,4526,6851,3207,6090,1860,1265,1896,2714,1816
"2470","TRINITY_DN343_c0_g2",2.48862215149299,-1.44119857459631,3.19326463424765,0.00798471937697999,0.0415595092472075,-2.30766346238371,4.14,19.73,3.6,11.25,0.91,38.39,18.54,22.47,26.66,8.53
"2471","TRINITY_DN3430_c1_g1",-1.30016928264036,-0.105592767191948,-3.70515710107023,0.00314895277719948,0.0221342324250009,-1.57264425313985,36.8,64.51,42.5,28.3,39.38,7.53,25.28,12.63,24.25,9.96
"2472","TRINITY_DN34304_c0_g1",1.02322607306787,1.47420484930642,5.67814609894134,0.000114207652535494,0.00259151790949438,1.48648777369559,57,40,59,50,68,118,98,91,107,120
"2473","TRINITY_DN34360_c0_g1",1.27612473757676,1.0438782360939,4.86241146031062,0.000422800009400737,0.00588597781195686,0.240797332004282,39,27,37,41,46,100,106,69,126,47
"2474","TRINITY_DN34361_c0_g1",-2.68739475028031,-0.895801186899987,-4.23627098438453,0.00122827921413406,0.0119107389438341,-0.73373441233662,43,50,39,31,36,5,11,10,11,0
"2475","TRINITY_DN34376_c0_g1",1.44862013527469,-1.27008448246496,3.60523143715824,0.00377079425426414,0.0250602561078702,-1.65891220271279,9,9,3,12.42,8,18,17,17.01,23.39,9
"2476","TRINITY_DN34380_c0_g1",-2.09968092967697,0.219330658562841,-5.63628923492116,0.000121863076438276,0.00268894709555954,1.47457920325626,92.68,71.79,43.09,42.95,92.43,11.23,20.52,14.39,9.18,16.35
"2477","TRINITY_DN34423_c2_g2",-1.34811843677157,-0.166454989777149,-4.2810106418807,0.00113626696167742,0.0112994671160641,-0.606730720366112,35,30,53,44,42,11,10,29,13,10
"2478","TRINITY_DN34427_c0_g1",2.0704855629464,-1.24683378439519,3.85633737450646,0.002401535534302,0.0184364035633338,-1.29176412396545,8.32,6.19,2.09,10.84,6.09,10.91,16.31,37.82,33.74,17.76
"2479","TRINITY_DN34428_c0_g1",-1.2181230105294,-0.773582295609656,-3.51529654477505,0.00443781597106285,0.0279857679399513,-1.81705252748281,28.23,24.21,27.27,25.27,25.21,12.12,2.04,18.07,14.2,4.04
"2480","TRINITY_DN34433_c0_g1",-2.25654519186713,0.403814788525307,-6.94383977592432,1.79911826658341e-05,0.000856491499290416,3.23758569577951,105.81,63.63,83.57,50.93,115.67,14.62,9.34,10.31,37.47,10.75
"2481","TRINITY_DN34450_c0_g1",1.89260838952296,-0.251962897546579,5.21884395829791,0.000235916902663311,0.00408784843987262,0.843776804264589,20.87,12.95,5.84,9.27,22.23,60.31,41.11,27.54,54.73,32.92
"2482","TRINITY_DN34490_c0_g1",-3.04608535574706,-1.3646974982616,-4.8399491547374,0.000438893480252593,0.0060267243838472,-0.177064919857092,40.02,34.14,42.25,17.93,34.1,2.12,0,3,8.02,6.33
"2483","TRINITY_DN34504_c0_g1",1.10608931294091,0.360339141304362,3.75022498248598,0.00290395091239394,0.0209738407461023,-1.55831958895001,17,28,26,31,26,29,54,57,63,48
"2484","TRINITY_DN3454_c0_g1",-1.48320607673565,1.41537580992885,-7.8881882064487,5.18191745298108e-06,0.000420044220842167,4.49935322876232,160,102.4,133.68,103,118.21,50,38,33,65.31,27
"2485","TRINITY_DN34552_c0_g1",-1.38025819203725,-1.46274973842974,-3.09703399081657,0.00952495661354431,0.0466606932020574,-2.44737664131527,37.04,14.03,16.03,11.06,14.01,7.02,2.01,4.04,7.54,3.01
"2486","TRINITY_DN34598_c0_g1",2.41126636489634,-2.11357169245878,3.828187084034,0.00252539641307394,0.0190567791649006,-1.57919426026895,2,3.22,8.65,5,2,12.07,10.47,12,12,18.99
"2487","TRINITY_DN34616_c0_g1",-1.98757044099855,0.00947793441839171,-5.1498079829375,0.000263774101896894,0.00437140072403229,0.752835747519088,39.03,80.94,43.48,73.84,54.35,10.22,7.34,21.77,11.32,12.5
"2488","TRINITY_DN34694_c2_g1",-1.01411530476512,1.45328611847544,-3.354552594566,0.00594562703835847,0.0340660065567634,-2.42218467294091,126.76,163.92,75.75,92.43,98.48,48.14,33.92,31.12,113.77,48.72
"2489","TRINITY_DN34722_c0_g1",3.81400257783709,-1.09325215728127,6.25227728993216,4.80756567288216e-05,0.00153455577766275,1.28238399255002,4.3,1.94,3.88,3.82,9.03,41.27,38.12,36.68,49.66,71.43
"2490","TRINITY_DN3477_c0_g1",-1.07520698021509,4.77706094411862,-10.7065932677682,2.20186015316108e-07,7.77174183176644e-05,7.53174064412487,1012.37,953.94,1143.94,1195.07,1147.25,541.64,384.43,590.79,597.13,467.66
"2491","TRINITY_DN3479_c1_g2",-1.1156349096368,6.14183857970197,-5.43195843850669,0.000167865881030348,0.00330452158346785,0.514081264992371,3059.92,2837.74,2068.82,3320.61,3207.86,1097.02,927.51,1023.67,1866.29,1822.78
"2492","TRINITY_DN3479_c3_g1",1.37175756211305,0.270156272272339,4.11677792175853,0.00151399240548858,0.0136404772116829,-0.918361129877415,17.77,12.28,25.74,22.99,34.78,53.71,81.46,44.39,50.19,34.05
"2493","TRINITY_DN3479_c4_g2",1.69120704356286,-1.53360255644342,3.77985719051674,0.00275362099958029,0.020205045406719,-1.42532073410995,11,6,2.19,7.9,5,21,6,15.59,21,14.02
"2494","TRINITY_DN34797_c0_g1",1.37498133005388,-0.684164579488845,4.47620102187292,0.000811342717755663,0.00902817957476438,-0.286840816210917,15,18,8,12,8,25,21,20,36,24
"2495","TRINITY_DN3481_c3_g1",-1.22017442725274,-0.654911158129793,-3.8500856756693,0.0024284910343139,0.0185699502105114,-1.27923719114345,27.46,25.02,36.03,24.3,28.03,16.36,6.26,13.45,13.46,3.05
"2496","TRINITY_DN34849_c0_g1",-2.40318487075857,-0.434289527657755,-6.47013486047422,3.50332821964295e-05,0.0012719153711677,2.38950067956082,54.73,74.05,38.85,37.7,40.27,7.92,9.21,5.5,10.92,4
"2497","TRINITY_DN34857_c0_g1",-1.41872245756577,-0.201326817507422,-3.47502742708184,0.00477446419164096,0.029390269119807,-1.94672693344548,53.34,32.87,61.11,14.83,62.01,15.46,7.33,11.98,20.75,10.86
"2498","TRINITY_DN34956_c0_g1",1.15597675886757,-0.773838999930863,4.07213777688081,0.00163771679568619,0.0143435305688093,-0.919867600704538,15.52,9.1,13.56,8.08,12.32,29.94,16.36,27.44,21.54,16.22
"2499","TRINITY_DN34995_c0_g3",1.68511124172884,-0.0528053575171764,4.99714732066089,0.000338416843338129,0.00511727287350686,0.522722909888681,20,11,30,9,15,41,29,42,52,71
"2500","TRINITY_DN3501_c4_g1",2.18057659916277,-0.974448599787381,4.16873042730208,0.00138211841057821,0.0128717560223131,-0.802973888981501,6.55,3.19,16.2,6.6,9.6,33.1,23.21,45.94,18.9,24.23
"2501","TRINITY_DN3502_c2_g1",1.05752458241365,1.80498462202676,4.8787090800444,0.000411511845693489,0.00579619046111447,0.171245150101095,51,69,62,89,73,203,95,120,163,115
"2502","TRINITY_DN3510_c0_g1",2.63355786269341,1.71710267734148,3.82512561852963,0.00253925806972938,0.0191265455851892,-1.58029439830258,47.72,75.98,56.57,43.2,9.99,584.47,69.78,205.37,381.76,139.17
"2503","TRINITY_DN35132_c2_g1",4.18243916368539,-1.59409332608774,3.18849569711888,0.00805477000089974,0.0417682329220076,-2.38724585996467,4.06,0,1,5,5.12,16.76,85.47,87.81,32.41,15.23
"2504","TRINITY_DN35135_c0_g3",1.99375550699531,0.678840854815561,4.95361400193446,0.000363555750590875,0.00535845971225787,0.428525236060159,20,16,45,41,12,75,101.87,117,100,48
"2505","TRINITY_DN35135_c2_g1",3.05736919200717,-2.1585936703622,4.72587672375695,0.000531145630528212,0.00680546122680495,-0.53701258246365,6,9,0,1,3,15,12,18,16,18
"2506","TRINITY_DN35135_c3_g1",-2.50358176031802,-1.29292062660382,-5.86925407529722,8.51930376333347e-05,0.00216242213487872,1.20313317095969,29.01,23,28,18,42.2,3,3,4,3,4
"2507","TRINITY_DN35173_c1_g1",-1.53157202417552,-0.692548906999446,-5.39137808952839,0.000179015499767347,0.00344682045749415,1.03720870615257,42.8,28.51,31.47,19.39,29.22,9.18,6.02,9.58,7.98,9.05
"2508","TRINITY_DN35176_c1_g1",1.01837938881047,1.48114317059876,5.19103801603265,0.00024674467415969,0.00419790102352821,0.722071188902208,51.45,34.02,64.85,60.8,70.66,101.76,82.18,109.72,127.53,113.33
"2509","TRINITY_DN35178_c0_g3",-1.03284258478677,0.761950657386245,-4.85707348987925,0.000426567524388681,0.00591873321913896,0.256684601536065,80.51,46.72,67.51,60.43,86.97,24.46,29.07,25.34,42.18,31.27
"2510","TRINITY_DN3522_c0_g1",1.2278027922765,2.74522807099215,5.89803505848109,8.15504408080691e-05,0.00211420878264618,1.68096915460133,103,110,129,145,114,323.09,246,288,219,334
"2511","TRINITY_DN35246_c2_g1",-2.48624152011524,0.72876715238499,-4.55609148272848,0.000707853094487118,0.00824556256624256,-0.205218738422646,120,105,207,32,163,20,8,20.04,29,14
"2512","TRINITY_DN3525_c8_g1",1.08153180980882,-0.284077359100501,4.79496197955419,0.0004730889955683,0.00630835586122957,0.211836343619128,19.32,14.26,12.63,18.49,18.23,38.44,24.69,30.83,35.95,23.07
"2513","TRINITY_DN35254_c0_g1",1.59992537098084,-1.28646967196208,3.14648850268369,0.00869924450658308,0.0439372836807095,-2.37410788737581,19,8,7,2,8,17,8,16,24,30
"2514","TRINITY_DN35282_c0_g1",-1.57823179794183,-1.12871048308148,-3.25714853179757,0.00710358246566775,0.0384569487235038,-2.20622928585517,32,22,22.92,30,12,3,7,4.09,7,10
"2515","TRINITY_DN35305_c1_g1",2.3820800353808,-0.330703891025071,6.12630104526139,5.79002508692612e-05,0.00172170972436831,2.03495129259769,6,9,11,17,14,60,28,63,64,30
"2516","TRINITY_DN35312_c0_g1",-1.30999413578539,0.127215747373237,-3.68641185549651,0.00325701979055312,0.022656123131421,-1.63303230829172,78.38,40.63,32.41,30.2,80.15,13.46,9.43,23.44,29.24,14
"2517","TRINITY_DN35346_c0_g1",-1.02879545740424,-0.193221990192871,-3.7929260181877,0.00268988762462865,0.0199272238887465,-1.42125216994591,47.49,37.57,30.72,24.02,37.62,13.35,20.26,18.21,12.12,12.14
"2518","TRINITY_DN3535_c2_g1",3.15215121228876,-2.53296931533826,4.74092954233615,0.000517888523515238,0.00667974263279993,-0.546314598018582,10.13,1.01,1.18,0,2.99,13.27,14,8,16.13,11
"2519","TRINITY_DN35355_c0_g1",-1.97548733137406,0.681249645117499,-7.13795588661869,1.38065276184935e-05,0.000725264346155074,3.52512527532273,102.45,78.04,96.25,88.71,69.34,21.35,28.45,23.16,12.54,19.3
"2520","TRINITY_DN35358_c0_g1",-1.48245723909696,0.0239764086346536,-4.20453870217736,0.00129821169396897,0.0123445860571095,-0.743921217404784,67.89,44.63,48.03,25.36,67.08,16.27,4.01,13.29,31.38,17.57
"2521","TRINITY_DN35361_c0_g1",-3.21801700170094,-2.39436671689027,-5.04291440430291,0.0003139493786451,0.00488847458188137,-0.211036050770945,23,13,11,21,20,2,0,1,1,2
"2522","TRINITY_DN35388_c0_g1",4.40319853677678,-1.62473370832012,7.2860127733903,1.13178698369985e-05,0.00064869379210405,1.74669878649613,3,1,1,4,5,33,41,31,44,45
"2523","TRINITY_DN35389_c0_g1",-1.27280881840199,0.738304686412863,-5.08004226496874,0.000295469624167976,0.00470778274509987,0.617643769014286,78.18,71.79,57.81,91.57,64.59,18,18.81,32.44,35.4,34.54
"2524","TRINITY_DN35395_c0_g1",1.49108559060375,2.75073109972635,11.0727785295266,1.53659656171642e-07,6.6084056466233e-05,7.93520863156957,145.04,88.76,117.15,88.32,116.57,295.21,238.72,361.94,351.8,300.37
"2525","TRINITY_DN354_c0_g3",1.60216060699173,-1.30281107644678,3.23020498551702,0.00746254524083808,0.0397352225349412,-2.2432576903614,10.01,11.21,1.28,6.11,10.93,12.52,21.4,14.12,17.86,22.18
"2526","TRINITY_DN35412_c0_g2",-1.26200478530125,-0.319661622924154,-3.17078914122325,0.00832033429115526,0.0426171299020836,-2.45385924589897,54.25,30.65,23.69,21.18,57.42,5.02,16.92,12.81,20.11,12.08
"2527","TRINITY_DN35421_c0_g1",-1.17436051750854,0.785185307498662,-4.82458415762668,0.000450271346793499,0.00611808863938176,0.203903433562509,71,53,71,80,90,48,16,22,40,28
"2528","TRINITY_DN35438_c0_g1",-2.90305207381878,1.04046354879975,-9.78692093065581,5.69519439381508e-07,0.000131815880116594,6.38992944516511,212.75,125.19,180.48,90.48,178.73,21.07,11.01,18,19.06,25.21
"2529","TRINITY_DN3544_c0_g3",-1.64743560987507,0.445453463067024,-5.22079979545881,0.000235174387939358,0.00408278650954665,0.855759347550624,83.98,55.65,55.47,47.58,108.93,25.83,6.35,18.54,30.09,21.57
"2530","TRINITY_DN35446_c0_g3",-1.77090501784606,0.914222962417916,-6.89951835725286,1.91250380752792e-05,0.000884549273769142,3.23838858391273,129.09,72,111.97,66.03,117,29.02,15,31,46,16
"2531","TRINITY_DN35466_c0_g1",3.0542660724783,-1.79875890905804,3.66099203400168,0.00340967945541139,0.0233895668128744,-1.76862144278549,7.55,0,5.08,17.24,0,22.25,26.04,13.2,26.85,17.34
"2532","TRINITY_DN35488_c0_g1",-2.27795097280289,-1.13867296366543,-5.28214803621948,0.00021309175139139,0.00383340878127733,0.664568678093004,35,26,28,24,27,3,3,2,4,17
"2533","TRINITY_DN35493_c0_g3",-2.01636746733496,-2.30890169633759,-3.29844019825016,0.00658707880611882,0.036483059934991,-2.26814685353204,12.54,11.56,13.13,10.77,12.04,0,1.22,1.11,6.46,3.4
"2534","TRINITY_DN355_c11_g1",1.21769594352762,-0.921157567041302,3.30020114011743,0.00656591815450298,0.0364125911499363,-2.16157219378286,10.01,11,4.02,11.67,18.99,16.16,16.45,26.55,28,14
"2535","TRINITY_DN355_c4_g2",-1.07935987309585,1.70642999653694,-4.70335499257714,0.00055164855472816,0.00696973671085235,-0.104984204474786,111.05,103.56,149.35,122.65,175.63,71,26.09,66.31,85.65,61.98
"2536","TRINITY_DN35502_c0_g1",-1.26713853809271,-1.04891568088767,-3.75403757979718,0.00288414490968232,0.0208939165933046,-1.42240599625682,22.07,19.12,30.24,16.18,21.04,4,10,5.03,12,6
"2537","TRINITY_DN35526_c1_g4",1.52069110821995,1.67887492649324,3.52369093034163,0.00437074885548509,0.0276783561530667,-2.14983854827606,36.14,63.16,59.06,60.25,50.58,256.32,282.76,94.55,134.06,70.86
"2538","TRINITY_DN35534_c0_g1",2.89428743188285,-1.83325868052269,3.25239040033276,0.00716567885489792,0.0386425182031284,-2.29751518620346,1,4,1,17,5,23,34,8,19,18
"2539","TRINITY_DN35545_c0_g1",1.90945480909153,-0.669838734209255,3.47106649724628,0.00480895522221123,0.0295152204345849,-1.88540895958463,4,9,6,30,15,18,45,40,35.01,22
"2540","TRINITY_DN35571_c0_g1",-1.66698022141274,-0.689315467401022,-4.73436748887169,0.00052362461468132,0.0067344432742383,0.0911998244853018,52,34,32,25,22,8,4,6,14,9
"2541","TRINITY_DN35574_c0_g1",-1.40085297321967,-1.42528931156397,-3.64337438923716,0.00351977373699386,0.0239185423949067,-1.61016197349434,19.25,18.72,19.99,13.03,17,12.01,4,5.25,4.2,2
"2542","TRINITY_DN35577_c0_g1",1.73455728490316,0.903236481134879,7.13970331328393,1.37739594816014e-05,0.000724544903446595,3.54829200655754,40.9,25.98,18.22,21.62,49.06,106.26,64.43,99.06,121.15,71.82
"2543","TRINITY_DN35578_c0_g1",-1.03072233696954,-0.932368243422265,-3.34876314249454,0.0060087654027295,0.0343337282298414,-2.08295760328696,19,20,22,19,29,5,5,11,11,12
"2544","TRINITY_DN35581_c1_g1",-2.52623207724807,-2.02306724671456,-3.9546734647339,0.00201588839405105,0.0164798008235772,-1.40891093158528,23.6,20.53,13.72,12.11,19.22,2.54,0,1.06,12.35,1.12
"2545","TRINITY_DN35605_c0_g1",1.32791414730041,-0.661718174614864,4.54298889850883,0.000723831736727526,0.00836590140083869,-0.183295332564758,13.11,12,11.26,6,19.13,30,20,29.71,33.68,16.21
"2546","TRINITY_DN35606_c0_g1",2.94822724091362,-0.0283741360409219,4.79965561152541,0.000469394167762572,0.00626897980794706,0.210444054030258,11,7,32,12,5,62,33,55,114,143
"2547","TRINITY_DN35606_c1_g1",1.01218518651515,1.25061572029728,5.66799598164468,0.000116016072292865,0.00261503733248662,1.48920677848719,41.72,42.83,61.55,40.98,51.88,81.23,70.22,88.82,140.24,78.68
"2548","TRINITY_DN35609_c1_g1",-2.13538905714943,-1.46681389055284,-4.99619573142155,0.000338946360322909,0.00512243164332407,0.173736701648024,28,20,24,21,17,7,1,3,3,5
"2549","TRINITY_DN35611_c0_g1",-1.39118684435931,-0.635067618589448,-3.60760016242698,0.00375468410068805,0.0249811648832445,-1.67551821085195,52.8,16.15,34.06,26.1,27.29,13.05,12.02,8.82,8.93,5.37
"2550","TRINITY_DN35619_c0_g1",-3.55623271889404,-3.00613927472828,-5.71406081148917,0.000108044759245183,0.00250817861720219,0.366930616622055,12.56,9.49,12.87,9.82,20.55,0,0,1.08,0,1.11
"2551","TRINITY_DN35624_c0_g1",2.8878371057671,-1.30775287727492,5.59617893247896,0.000129710127677101,0.00279629946670045,0.791971089745493,9,1.71,6,6,5,35,18,34.23,27.8,27.24
"2552","TRINITY_DN35644_c2_g1",-1.7864884986001,-0.769771451509391,-4.3027180439467,0.00109423556058063,0.0110421828037437,-0.566655810697394,22,33,28,37,37,12,3,4,7,15
"2553","TRINITY_DN3565_c0_g1",1.09487835661491,1.26621289737356,3.26051873992883,0.00705992918450097,0.0382905118197126,-2.55775982381584,41.1,47.99,34,57,53.79,120.23,142,44.12,101,93.16
"2554","TRINITY_DN35667_c0_g1",2.3574090907096,-0.839025471566661,3.22667987188093,0.00751084820125511,0.0399025557586091,-2.25482226452382,10,2,6.8,15.04,15,27,76.08,39.09,21.71,21.82
"2555","TRINITY_DN35670_c0_g1",-3.23526161605885,-0.933880568574535,-5.58346486963949,0.000132307690355476,0.00283655797639917,0.87087311052884,67.49,42.05,43.4,42.04,43.27,9.98,0,4.19,9.03,3.16
"2556","TRINITY_DN3569_c0_g3",-2.08736085057252,1.58951421999954,-3.42814576075673,0.0051994043579628,0.0311351758707425,-2.27947641975874,242.91,178.62,253.42,61.77,200.39,200.6,5.78,41.1,43.6,26.66
"2557","TRINITY_DN3569_c0_g4",-1.63965780642011,0.786100949166666,-9.22666216881053,1.0530926275052e-06,0.000179484917113153,5.87241056842365,107.79,82.63,76.33,75.53,79.79,30.28,16.82,24.81,30.99,21.4
"2558","TRINITY_DN35712_c0_g1",1.27119036059848,-1.25944000827562,4.00899868469002,0.00183086625910708,0.0154679476078119,-1.0370749784412,12,6,8,7,9,17,9,15,24,16
"2559","TRINITY_DN35740_c0_g1",1.76898528164022,-0.138315821653661,4.60131788572669,0.000655474510521435,0.00783903124489256,-0.0900302889289648,13,16,16,8,20,49,59,42,27,51
"2560","TRINITY_DN35765_c0_g4",-1.15136987420847,1.06220802090578,-3.59603659709661,0.00383400389594885,0.0253484353794534,-1.92487504221697,78.5,86.63,165.63,56.25,69.09,28.83,38.77,60.54,35.27,25.65
"2561","TRINITY_DN35765_c2_g1",1.14019284680603,-1.2532779940835,3.60908791485375,0.00374460167560795,0.0249476518542371,-1.65124198773519,16.53,7.82,7.27,5.94,8.03,18.32,10.34,15.87,19.36,12.63
"2562","TRINITY_DN35806_c0_g1",1.2430362294311,0.876878382023822,4.36820485184201,0.000976967757016598,0.0102149660268915,-0.561351762706199,43,34,42,23.53,29,73,78.7,124,57.34,59.01
"2563","TRINITY_DN35807_c0_g2",1.85953303476197,-0.0058409542830631,4.18592933240685,0.00134113618489587,0.0126106157255363,-0.766180465154074,22.37,13.87,15,6,27.71,51.02,33.31,24.06,105.02,65.67
"2564","TRINITY_DN35810_c0_g1",-1.57123664559663,-0.251026532832062,-4.96378673799472,0.000357510647196182,0.00529588060883007,0.469381503169059,38.15,42.93,39.22,27.18,59.32,8.66,7.06,20.4,10.27,15.15
"2565","TRINITY_DN35811_c0_g1",-1.80438225843495,-0.219331441712649,-5.58279646178974,0.000132445764034701,0.00283839935051671,1.36588274461731,58,61,36,32,46.02,17,9.7,11.01,16,4
"2566","TRINITY_DN35817_c0_g1",-3.03166121141313,-2.38423650842734,-5.07055565022387,0.000300079828098084,0.00474700394364973,-0.190053003294925,17,18,13,15,17,2.01,3,1,1,0
"2567","TRINITY_DN3586_c2_g2",-1.11940127659599,4.43894864148453,-3.46726496911674,0.00484229726333393,0.0296395892921445,-2.75415006699023,913.24,800.06,1557.16,399.74,1115.65,384.91,196.98,480.84,720.85,368.86
"2568","TRINITY_DN35861_c1_g4",-1.22113358710206,0.226554207875885,-5.22725787836207,0.000232740087321095,0.00405121275348207,0.869479841225921,52,41,57,43,57,16,27,13,24,18
"2569","TRINITY_DN35870_c0_g1",-1.20304771932119,0.429115785599283,-4.22244761994372,0.00125824948951217,0.0121042532692,-0.758152553377245,75,61,52,44,53,31,23,34,14,16
"2570","TRINITY_DN35925_c0_g1",1.22871218964752,-0.0632893550856648,3.21874049775785,0.00762079901508269,0.04031197145191,-2.41646671791731,14.61,16.21,29.24,8.96,29.13,21.89,55.12,44.56,53.51,26.4
"2571","TRINITY_DN35967_c0_g7",1.95271872750649,0.0362078369828892,4.40136129549764,0.000922663065307397,0.00985363573240421,-0.416365003422311,34.07,23.93,4.47,8.99,21.96,79.75,48.53,39.79,75.77,32.41
"2572","TRINITY_DN35971_c0_g1",1.28661870833737,1.54414056893583,6.19678102174706,5.21655833648185e-05,0.00162002636896508,2.25707550196666,47,49,57,44,68,127,71,118,197,122
"2573","TRINITY_DN35975_c1_g1",1.87062215005366,1.37358732065971,5.52698538498428,0.000144530065760612,0.00300272528907007,1.27423700724513,53.88,20.99,66.14,41.04,27.98,124.44,100.78,122.1,277.05,91.81
"2574","TRINITY_DN360_c0_g2",-1.276248358162,3.49961358478609,-5.22263615452344,0.000234479474181301,0.00407462398728279,0.491905338916422,406.99,367.5,411.87,429.51,943.16,220.19,167.94,196.72,257.79,155.35
"2575","TRINITY_DN36010_c0_g1",-2.17942113757883,-0.820122528212932,-4.33971278759635,0.0010262923892731,0.0105637282063289,-0.535601231470496,48,37,29,27,37,2,1,4,25,13
"2576","TRINITY_DN3606_c0_g1",-1.50287976482378,1.62596855125047,-6.96839669584936,1.7394032142128e-05,0.000839466550348257,3.33312137211183,157.03,136.53,153.27,145.33,114.25,30.79,64.97,55.68,55.46,39.69
"2577","TRINITY_DN36107_c0_g1",-2.73478294080407,-1.36440069618592,-4.46280297810269,0.000830190783079143,0.00918355629747337,-0.564251822599107,28.34,57.29,20.26,20.11,28.03,4,4,2,5,1
"2578","TRINITY_DN36107_c1_g1",-1.1054548442786,-0.648378430194082,-3.45787037409068,0.00492570940841349,0.0300083177008309,-1.93085477044155,39.47,23.32,23.26,16.32,33.24,13.12,11.05,6.11,9.19,13.07
"2579","TRINITY_DN36112_c0_g1",1.28066062220807,1.82391574321017,3.71475492463066,0.00309505339800378,0.021880741717404,-1.8412438442876,82.87,77.83,54.64,41.8,65.81,283.13,169.12,76.83,196.2,95.55
"2580","TRINITY_DN36112_c1_g1",-1.64888863445494,0.17550629044089,-5.46777163896327,0.000158634991142085,0.00318270593995173,1.23064616879846,71.58,52.28,49.41,45.91,64.56,11.45,6,12.1,35.19,23.26
"2581","TRINITY_DN36198_c2_g1",1.4594901120709,2.8680444855546,3.61734074653127,0.00368917413707651,0.0246963532910435,-2.20056028756326,207.74,111.93,49.98,113.91,175.77,452.13,447.29,227.97,224.26,380.27
"2582","TRINITY_DN362_c0_g1",1.07453417389815,3.97485912748594,3.53030906162444,0.00431860384306426,0.0274784714194598,-2.56997771522386,438.18,318.12,156.32,401.72,245.65,590.99,915.7,694.07,522.45,452.48
"2583","TRINITY_DN362_c2_g2",1.02647968605544,0.664140814580035,4.46219894642229,0.000831051212688665,0.0091894985944339,-0.383440912359863,39.95,35.01,32,24.84,26.91,60.69,60.97,45,57.97,76.99
"2584","TRINITY_DN3621_c0_g1",-2.09276698718498,-0.0464778652026577,-4.97448110604308,0.000351269353746897,0.00524174139438526,0.486743818354444,94.57,48.09,30,52.93,68.06,9,6,13,10.31,22
"2585","TRINITY_DN36215_c0_g1",-3.20088119704589,-2.0868440881016,-6.1244950975558,5.80557167054216e-05,0.00172195249298977,0.810746095887422,32,18,19,14,23,1,1,2,1,1
"2586","TRINITY_DN36219_c0_g1",-2.112721329945,-1.63926557050895,-3.0899846293523,0.00964891504823184,0.0470470145634171,-2.4662075713775,23.23,13.48,13.98,22.17,25,0,4.41,3.5,6.43,9.21
"2587","TRINITY_DN3622_c0_g3",1.36442525801086,2.8374277892099,6.89357680816712,1.9282742306407e-05,0.00089108550279336,3.13832128890852,181.54,119.18,115.27,74.19,134.39,380.61,260.97,331.95,275.79,328.3
"2588","TRINITY_DN3622_c3_g1",1.66791492742817,0.800396654775994,6.10819880209999,5.94788123516583e-05,0.00174835928281716,2.16005567329889,42,20,47,21,20,89,74,110,97,54
"2589","TRINITY_DN3627_c0_g1",-1.45294871732949,3.82285915664335,-5.31473040278778,0.000202263078908069,0.003725870970584,0.600495726014122,762.67,657.81,375.99,923.04,627.65,359.06,154,203.01,282.32,198.69
"2590","TRINITY_DN36303_c1_g1",-2.19724929193072,-1.026328046805,-4.63731026453148,0.000616693284292798,0.0075140153283982,-0.134626069006301,35.73,25.04,31.19,19.16,35.61,8.73,9.73,8.73,1.87,2.33
"2591","TRINITY_DN36347_c0_g1",1.546671072006,-0.31363244900851,4.04993014155391,0.001703125841103,0.0147417857849396,-0.971040931554773,28.19,9.33,14.85,7.42,15.96,49.38,47.4,19.34,44.73,27.71
"2592","TRINITY_DN36360_c0_g1",2.14682477708759,-0.869935398144441,3.38577339683361,0.00561657946676043,0.03282030229658,-2.00421816790663,8,12.18,7,2,18.07,13.04,37,19.22,48.18,48
"2593","TRINITY_DN36363_c1_g1",-1.85208198965778,-1.16259232048599,-3.61045907449222,0.0037353339539289,0.024904210479057,-1.6544684157948,30.19,30.67,19,31.03,16.64,9.07,5.14,1.02,11.08,3.08
"2594","TRINITY_DN36464_c1_g1",1.42641370436283,-0.786883459270033,3.26397878169857,0.00701539490600307,0.03811170039277,-2.22569566925064,15.7,4.2,20,5.18,17,26.63,15,39.5,26.49,19
"2595","TRINITY_DN36486_c1_g1",-1.06975576498253,-0.164625532726981,-3.59108013637318,0.00386852599923208,0.0255228499753354,-1.76526859200835,52,35.36,30.02,33.98,33,14,26,10,22,9
"2596","TRINITY_DN3651_c1_g2",-1.07166689332976,4.73593814708858,-5.25314761843738,0.000223244782756417,0.00394892760036965,0.360673593358246,927.21,969.79,1647.37,727.43,1214.9,510.85,300.66,533.58,815.96,437.86
"2597","TRINITY_DN3651_c2_g1",-1.10335485052601,3.78261112829314,-3.45671060446441,0.00493610781370322,0.0300380219394867,-2.66793920947522,659.37,525.98,847.95,245.5,716.38,265.15,126.27,272.6,504.39,218.74
"2598","TRINITY_DN36511_c0_g1",-1.05222880293956,-0.190582534403966,-3.21429415800231,0.00768308500779203,0.0405089837784816,-2.40815604319684,35.92,38.11,28.9,27.34,48.14,22.15,14.26,14.64,8.05,19.24
"2599","TRINITY_DN36543_c0_g2",-1.45332012898543,-1.24646708541181,-4.09732794152482,0.00156666370663151,0.0139669571656113,-0.912306802147696,17,16,25.1,19.45,24.47,7.37,3.34,8.33,5.44,3.37
"2600","TRINITY_DN36587_c0_g1",-1.23018596020525,1.29867431727458,-4.51357989981652,0.000761083920616692,0.00865011652078954,-0.366132456885304,144.6,99.47,83.27,124.03,80.77,45.73,44.53,43.54,65.06,19.24
"2601","TRINITY_DN36590_c0_g1",2.03679351308542,-0.126489001563034,7.44726081806744,9.14283762718532e-06,0.000569046020349038,3.714048422123,20.49,10.92,9.88,10.3,18.38,43.03,38.4,50.6,79.35,36.98
"2602","TRINITY_DN36608_c0_g1",1.55304616793718,-0.278921906555175,3.76432204556259,0.00283140822412627,0.0206272602087399,-1.44960626619201,26.13,16.87,7.3,17.64,10.55,59.74,27.37,42.02,50.14,15.75
"2603","TRINITY_DN36609_c0_g1",-1.86007558924351,0.204367195764745,-4.95068837916069,0.000365314109678758,0.00537166794796899,0.447608443977461,90,53,64,64,40,10,11,23,10,28
"2604","TRINITY_DN36615_c0_g1",-1.22255131451827,-1.13240259126056,-3.14911314589783,0.00865749484186761,0.0437860263964909,-2.3831732102451,29,18,23,16,19,6,1,11,15,6
"2605","TRINITY_DN36617_c0_g1",2.0099251949623,-1.42394084590207,3.36942272969552,0.00578652878628379,0.0334684441621632,-2.03538696297536,4.3,4.98,4.13,7.41,8.7,42.68,9.84,14.18,13.15,24.66
"2606","TRINITY_DN36661_c0_g1",-1.1265923454503,-0.280016730828048,-4.01954754078719,0.00179702462610275,0.0152725787628851,-1.03051821659227,38.92,37.84,44.64,24.06,32.22,9.45,7.23,13.72,29.47,12.84
"2607","TRINITY_DN36669_c0_g1",1.4258906633181,1.27832598521089,5.0396957721991,0.000315607694214949,0.0049023852383494,0.506627028196537,40.48,31.94,48.68,42.68,47.17,74.33,80,80.89,190.98,140.63
"2608","TRINITY_DN3667_c0_g2",-1.2054238519978,5.32516630248519,-4.97437923910394,0.000351328260517355,0.00524174139438526,-0.175528870005607,1714,1489,1748,1615,1797,666.98,471,416,1550,868
"2609","TRINITY_DN36710_c0_g1",-1.87174025718753,-0.473722075576602,-4.09013411122003,0.00158662304100971,0.0140815886447117,-0.891575174911996,59.28,34,22.99,42.26,50,13,8,8,20,2
"2610","TRINITY_DN36730_c0_g1",-1.16379456144501,-0.0998540744141202,-4.80632090041235,0.000464199179975789,0.00623106061156544,0.226977056255997,42.53,45.97,39.81,22.94,51.76,15.02,11.78,17.36,18.03,13.11
"2611","TRINITY_DN36741_c0_g1",1.50544919204604,0.539263096827752,5.39564362538925,0.000177807574698411,0.00343191334117149,1.11785580761452,33,14.76,34.15,32,17.44,63.66,75.58,57.31,82.07,48.43
"2612","TRINITY_DN36757_c0_g2",-1.21850098522947,1.05676457228926,-5.23109483478665,0.000231306383091904,0.0040375434797021,0.83113464113625,108.53,65.33,84.11,66.41,121.98,40.94,20.47,41.09,34.85,42.6
"2613","TRINITY_DN36770_c0_g1",-2.86322497422421,-1.55242561679587,-3.68544822127269,0.00326267702298274,0.0226764358360942,-1.66814827743485,34,38,11,37,25,2,3,2,4,1
"2614","TRINITY_DN36815_c0_g5",1.01679661396782,-0.312421810484269,3.35836127169386,0.00590445854794261,0.0339131543097919,-2.14721293022977,14.32,21.61,14.2,9.39,27.15,39.44,27.67,18.42,40.98,24.15
"2615","TRINITY_DN36815_c1_g1",-1.70508785850031,-0.492335471775947,-4.66248374581131,0.000591001652013202,0.00731736190636241,-0.000319112177985303,36,31.29,54.32,35.11,30.9,14.11,11.12,4.04,17.2,4.03
"2616","TRINITY_DN3684_c2_g1",1.69878131165511,0.112966730151098,3.7832206910101,0.00273707095684478,0.0201341664070523,-1.45907560269796,15.02,41.67,6.13,10.44,34.73,37.26,50.85,76.41,49.95,45.41
"2617","TRINITY_DN3684_c4_g1",-1.01034448520994,1.76206032986053,-6.78877093971159,2.23050955021139e-05,0.000966250536572672,3.0801055090268,163.72,139.47,130.4,103.89,124.36,64.93,45.89,70.67,85.7,52.41
"2618","TRINITY_DN36841_c0_g1",-1.75045671282214,0.846688864352535,-6.57434540792027,3.01795806442392e-05,0.0011551707043074,2.8051688086154,109.08,73.87,86.01,82.27,111.51,25.3,12.25,18.29,62.91,20.78
"2619","TRINITY_DN36863_c0_g1",-1.53999399476533,-0.959028472137514,-3.62876406173456,0.00361383693445308,0.0243591181796257,-1.62054832799159,23,34,27,13,37,9,2,14,9,4
"2620","TRINITY_DN36885_c0_g1",1.33740844389036,-1.2739943819429,4.05162084800601,0.00169805226948603,0.0147121514270457,-0.976828252590909,10.36,5.17,8.15,6.13,10.07,22.8,14.29,15.6,18.37,10.98
"2621","TRINITY_DN36893_c1_g1",-1.71426436945953,-0.249116456487588,-3.8714954974585,0.00233745147635688,0.0181675226136792,-1.26394762264262,72,35,26,36,60,17,2,14,12,19
"2622","TRINITY_DN369_c1_g1",1.5193909143682,-1.2664837797465,3.7507445244037,0.00290124374137216,0.0209730925487737,-1.43668887381919,3.89,9.66,12.94,4.21,11.7,16.09,15.52,20.46,18.59,15.48
"2623","TRINITY_DN36910_c0_g2",-1.36179810931459,0.742340983877004,-3.7224953592655,0.00305227566113638,0.0216788098047622,-1.65047325734284,80.01,86.01,118,28.01,93,29.01,20,34,40,15
"2624","TRINITY_DN3694_c2_g1",-1.11828416778856,2.04591779285081,-4.1499382693373,0.00142838670406776,0.0131766103591937,-1.10923815068151,134.99,169.84,259.91,95.97,217,69,46.27,72.16,128,71.99
"2625","TRINITY_DN36941_c0_g1",-2.17104705853746,-1.19782738191175,-4.19388683490379,0.00132260371822198,0.0124935288012872,-0.811175084104173,19.1,21,46.22,32.83,23.57,4,1,6,7.84,4
"2626","TRINITY_DN36957_c0_g1",-1.05771923512494,1.18475948728077,-4.51619022763803,0.000757697861029447,0.00862354977176243,-0.35032896781459,102.41,83.46,87.59,76.81,106.6,38.25,36.65,27.94,93.82,27.47
"2627","TRINITY_DN36977_c0_g1",2.0886750150303,-0.88147245589603,6.73390132836968,2.40855304575174e-05,0.00100849583303682,2.52462801900567,10,9,11,5,7,26,19,33,37,29
"2628","TRINITY_DN3698_c1_g1",-1.1342232155726,-0.786042254201744,-3.25058619836826,0.00718936819460897,0.0387395408631837,-2.25606170778799,30,20,34,20,22.37,5,10,16,15,4
"2629","TRINITY_DN36994_c1_g1",-1.63420858103699,-1.04605732780347,-3.66303464282402,0.00339714557648803,0.0233300688195404,-1.56684697571591,29.57,30.65,28.36,12.28,29.66,5.25,1.04,4.11,19.25,7.14
"2630","TRINITY_DN370_c0_g2",-1.19255353120205,4.28061022032522,-3.62713859884543,0.00362445996522637,0.0244043082407313,-2.43500362459175,877.04,787.07,858.35,520.91,1086.76,368.04,220.47,156.12,891.37,421.92
"2631","TRINITY_DN37029_c0_g1",1.3286239602171,-1.29359000400376,3.78824787490854,0.00271252542222972,0.020016464138067,-1.3763047773539,6,10,7.09,8,9.18,19.95,8,19.98,21.3,11.97
"2632","TRINITY_DN37058_c0_g1",-3.71661941446116,-2.45377449668331,-6.09710935302483,6.04683711071216e-05,0.00176350411414877,0.779205191184565,28,18,14,16,22,3,0,1,0,1
"2633","TRINITY_DN371_c3_g1",-1.35067200266953,-0.23206086114133,-5.44703661484588,0.000163912122205116,0.00325258819367328,1.18663204230192,39.28,36.3,34.34,32.54,49.71,16.82,12.95,7.27,16.49,12.27
"2634","TRINITY_DN37106_c0_g1",-1.40461408583498,-1.04263439629931,-3.20203440337186,0.00785750302114848,0.0411295781756604,-2.30031470582511,23,22,29,13,35,5,2,12,19,3
"2635","TRINITY_DN37122_c1_g1",-1.45224431640882,-0.800704649101964,-4.00583301246733,0.00184115014086445,0.0155187962783774,-1.02438160880568,38,28.04,36.34,16.98,23,8,9,7,16.01,3
"2636","TRINITY_DN37128_c0_g2",1.17440545634132,-0.465721264527759,4.38740577633664,0.00094512602351555,0.0100051283661024,-0.42446319112819,19.01,11.23,21.51,7.64,14.57,23.89,21.08,28.52,38.24,28.27
"2637","TRINITY_DN3714_c0_g1",-1.1041096582486,4.83440498517416,-7.85816218904771,5.38235043534861e-06,0.000426130163797738,4.22555339818995,1499.03,957.24,1071.2,997.84,1263.32,428.57,597,550,673,429
"2638","TRINITY_DN3714_c1_g2",1.01038926514095,2.07623893497654,4.19139831395018,0.00132837055369041,0.0125284208055792,-1.04644743720259,57,67,127,113,69,150,158,128,210,170
"2639","TRINITY_DN3718_c4_g1",-1.52769962727007,-0.903072637717312,-3.72743846919752,0.00302527574403963,0.0215235805093603,-1.46469124385856,24.93,45.71,30.73,20.39,17.01,7,6,8.37,11,3.41
"2640","TRINITY_DN37253_c0_g1",1.31358496790357,-0.833708716143031,3.40892613898436,0.0053845739952578,0.0318685924021835,-1.98741824777624,6.66,8.03,21.17,10.2,11.13,18.62,29.08,18.54,22.19,23.37
"2641","TRINITY_DN37277_c0_g1",2.48374421511962,-0.776251940686099,4.60950799390478,0.000646431027262279,0.00776348243029142,-0.141401529660722,5.09,10.03,18.06,10,3.03,50.16,16,41.82,37.94,38.03
"2642","TRINITY_DN37289_c1_g1",-2.15505435425735,0.0551971725024941,-5.70977372041289,0.000108761537083099,0.00251622661143634,1.56495847436887,100.42,66.09,33.14,58.48,60.78,11.93,15.22,11.68,12.25,8.59
"2643","TRINITY_DN37303_c1_g1",-1.9103172923828,-1.16990427347024,-3.60296135342438,0.00378629997145876,0.025125989786339,-1.66760929356107,37.63,15.46,21.41,16.33,46.46,8.87,3.66,2.83,12.46,1.97
"2644","TRINITY_DN37340_c0_g1",-1.34726884267301,0.50005905624064,-5.98161118866396,7.18788868113182e-05,0.00196856220168903,1.97951909622419,85.1,49.55,59.24,51.62,74.76,20.05,16.31,25.78,38.86,14.56
"2645","TRINITY_DN3745_c0_g1",1.66300990792472,2.42601841011449,3.7630824526221,0.00283771168068732,0.0206510537897062,-1.85119838085001,75.97,81.94,57,183.96,64.9,329.96,262,531.98,208,115
"2646","TRINITY_DN37459_c0_g1",-1.63251108163861,-1.86486593304917,-3.51299887350902,0.00445635588432059,0.0280668889421122,-1.86842379372234,12,18,15,11,15,2,3,1,6,5
"2647","TRINITY_DN37460_c0_g1",-1.11351854061302,-0.3963069372248,-3.13833217025691,0.0088302855450286,0.0444176510755249,-2.50252219399844,40.04,31.32,59,15,27.01,16.18,10,14.16,13,9.02
"2648","TRINITY_DN37460_c3_g1",1.32028023082156,-0.597698643196569,3.07163436615535,0.00997925466115589,0.0480855590144174,-2.57858712148327,7.25,12.44,27.59,13.84,9.44,32.74,19,14.21,50.32,24.63
"2649","TRINITY_DN375_c0_g5",2.02901816723762,0.84568724403927,5.11066970532687,0.000281087758244638,0.00455268447486215,0.66660975982358,28.16,26.91,19.53,38,19,214.43,81.64,71.61,72.99,88.54
"2650","TRINITY_DN375_c2_g1",-1.84551086159604,3.53045126864704,-13.7054351877269,1.50593491229225e-08,1.75453311195194e-05,10.204991368594,566.37,499.5,798.29,502.76,651.08,168.6,133.82,167.62,180.68,178.69
"2651","TRINITY_DN37576_c0_g1",1.2813302011439,-1.46905102948314,3.10446642050001,0.00939599679784835,0.0462621220088503,-2.43713612153676,11,6,10,6,5,8,11,15,24,13
"2652","TRINITY_DN37613_c0_g1",-2.9522593760857,-0.372916291545426,-4.60013245069772,0.000656794385807368,0.00784791376064335,-0.130795453713044,90,70,115,25,45,10,2,4,16,4
"2653","TRINITY_DN37666_c0_g1",-1.66921477663474,-0.970237856072717,-3.97299233158723,0.00195142814424439,0.0161380763560281,-1.08207100938491,40,17.01,20,23,35,4,13,6.73,9,3
"2654","TRINITY_DN37666_c0_g2",-4.41826217613847,-3.03085654671567,-6.46955536763908,3.5062489163562e-05,0.0012719153711677,1.05275669927315,16.82,10.99,25.44,21.58,12.64,1.15,0,0,0,0
"2655","TRINITY_DN37703_c1_g1",1.63420566476062,-1.13198038049432,3.18347827687085,0.00812914073160284,0.0420336622808832,-2.32315004631565,14.24,4.59,13.61,8.55,4.44,28.57,22.05,20.5,29.32,7.29
"2656","TRINITY_DN37713_c0_g1",-2.92157480245037,-1.77599051095125,-3.64779436614135,0.00349181477859629,0.0237879881791872,-1.77467181865743,23.1,21.59,12.16,28.06,39.88,1.06,3.17,0,6.29,2.06
"2657","TRINITY_DN37750_c1_g1",1.13125275655423,0.525426628105344,4.75250306226854,0.000507931690512207,0.00662039601693013,0.106688591010996,28,21,36.17,36.27,22,47.22,41.59,67.97,69.74,55.35
"2658","TRINITY_DN37796_c0_g1",1.24955534288382,0.0176651388957348,4.53272029014466,0.000736617599498317,0.00846868904128366,-0.213679597496983,16.47,23.08,18,23,16.1,33,30.01,52.91,65.71,27
"2659","TRINITY_DN378_c4_g1",-1.24877081126396,-1.01287988311834,-3.47458624536589,0.00477829339640753,0.0293966922434116,-1.86958395835083,18.84,20.35,31,16.87,22.76,9.02,6,8.81,4.42,10
"2660","TRINITY_DN37804_c0_g1",1.2999405010173,-0.722311205862877,3.7922201478311,0.00269329087238228,0.0199442864315513,-1.3704217947499,6,14,19,9,14,24,19,29,25,22
"2661","TRINITY_DN37884_c1_g1",-1.25621824364106,2.54476959411856,-7.55334789267294,7.95875520676878e-06,0.000529268302437404,4.05661958123034,308,164.45,278.43,217,274,107,90,89,115.1,105
"2662","TRINITY_DN37970_c0_g1",-1.38139388221659,0.15704239195962,-4.54454779600011,0.000721911059170789,0.00834725008914932,-0.200281401643307,59.84,54.47,59.63,25.53,61.36,10.65,16,13,29.83,20.81
"2663","TRINITY_DN38023_c0_g1",1.09992021783354,1.23213570797867,4.27067556232066,0.00115686543967852,0.0114467755243641,-0.775151870751582,60.46,44.52,44.76,33.83,42.47,59,124.57,110.25,95.51,85.63
"2664","TRINITY_DN3806_c0_g1",1.09542240370857,2.24062795353797,7.65624779897362,6.96583100055581e-06,0.000495266031308799,4.20602006334893,91,85,109,80,81,182,211,182,201,166
"2665","TRINITY_DN38141_c0_g1",-1.53656564594317,-0.342028354025566,-3.79632201572543,0.00267357611419882,0.0198306939080033,-1.38444720921242,50.43,23.02,52.14,20.77,62.49,14.31,3.13,11.38,19.63,10.32
"2666","TRINITY_DN3816_c0_g1",-1.33303939526813,2.23777804429704,-9.26856938896574,1.00476293700564e-06,0.000176508966459597,6.1043404159275,213,205,181,178,238,87,60,95,78,76
"2667","TRINITY_DN38165_c0_g1",2.88199077233499,-2.27072314258735,4.41044930400214,0.00090833476668948,0.00975880166640193,-0.900423377879732,1.21,6,7,0,4,12.53,9,17.61,18.67,11
"2668","TRINITY_DN38169_c0_g1",-3.08483778708427,-2.57000132695049,-4.9782365557589,0.000349104914717122,0.00522658007607459,-0.300912643074871,13.35,12.55,19.01,11.76,15.16,2.22,0,1.05,4.06,0
"2669","TRINITY_DN38266_c0_g1",-1.18116461231855,-0.267570792073417,-3.72437724854853,0.00304196746003449,0.0216225368686273,-1.52426373912978,28.44,38.28,50.1,20.27,47.78,22.61,11.32,11.22,13.12,10.09
"2670","TRINITY_DN38298_c0_g1",-1.57664939610502,-1.46083085360111,-3.05545304236647,0.0102799687182354,0.0489955992423365,-2.50977720368903,27,18,11,21,21,4,2,8,13,1
"2671","TRINITY_DN38330_c0_g1",-4.59355971104512,-1.79689660192115,-6.40331886174666,3.85779311932249e-05,0.00134419747311384,1.09897796660869,52.77,35.6,26.86,47.71,41.54,0,0,1,6.42,1.2
"2672","TRINITY_DN38341_c0_g1",1.02175044820166,-0.322244583408154,4.2335902605556,0.00123403271956121,0.0119494879205365,-0.680685747136008,21,16,13,12,22,30,19,31,47,22
"2673","TRINITY_DN38375_c0_g2",1.93011251866639,-0.400581541958668,3.72848071087054,0.00301961428542607,0.0214945479123949,-1.48198837033083,11,12.97,12,5,21,90,47,21,29,32.78
"2674","TRINITY_DN38381_c2_g1",-1.04249052766249,0.519823086840582,-3.38242079312853,0.00565100788523725,0.0329542157055794,-2.21942056960577,85.07,55.8,37.17,55.83,62.77,19.96,29.16,33.64,40.21,11.62
"2675","TRINITY_DN3841_c0_g1",-5.50253982693198,-1.35597279179279,-4.84235520366441,0.000437139290904547,0.00601630647054383,-0.341541110442924,60.6,60.22,71.39,50.95,148.83,0,45.88,0,0,0.65
"2676","TRINITY_DN3844_c0_g1",3.05863947604338,0.971655541787623,12.0435906085637,6.20214590955203e-08,4.50675394546156e-05,8.16503587173879,30,21.82,17.56,22.05,11.58,162.26,141.64,180.49,152.85,130.58
"2677","TRINITY_DN3848_c0_g1",-1.35633906141923,4.92362681234132,-4.51844495410519,0.000754785746487768,0.00861022473515441,-0.917105236768584,1855.9,883.66,1656.77,1312.23,1115.62,503.96,522.91,244.97,618.6,908.02
"2678","TRINITY_DN38535_c0_g1",4.35154645309904,-1.83357102893306,4.93945234599535,0.000372150711428899,0.00544569527719377,-0.26707214170726,2,0,7,7,0,22,24,41,71,20
"2679","TRINITY_DN38546_c0_g1",-1.22212999227049,-1.36854285113722,-3.07099947035707,0.00999088528066974,0.0481110439398768,-2.49348339721665,27,15,16,12,18,2,3,7,8.99,10
"2680","TRINITY_DN3859_c6_g1",1.11035317438685,1.20705409322473,6.08650487577453,6.14310226914279e-05,0.00177823031144729,2.11512603552088,42,59,32,42,50,100,78,87,108,78
"2681","TRINITY_DN386_c2_g1",-1.71823816244678,1.50549848019077,-6.03963810033356,6.58846254844003e-05,0.00186557252851736,2.0367321171338,149.19,122.51,136.33,100.96,222.55,47.1,27.3,44.55,85.6,19.07
"2682","TRINITY_DN38620_c0_g1",-1.02730289712271,0.976000268779496,-5.3648918308419,0.000186712536950612,0.00353030823518186,1.04491305705139,95.74,86.27,63.76,80.04,67.19,35.26,29.22,34.13,51.97,27.39
"2683","TRINITY_DN38656_c3_g1",-1.1388093484539,1.11526047764134,-3.68712809872566,0.00325282144776027,0.0226419517999909,-1.7715107694765,85.83,96.66,84.95,81.56,98.5,46.44,44.3,36.2,75.79,11.31
"2684","TRINITY_DN38674_c0_g1",-1.70560858761267,-1.72759076449092,-4.13669381861697,0.00146195948763657,0.0133755153056419,-0.98023822123591,19.45,11.6,19.71,13.99,16.94,6.1,2.21,2.01,5.26,1.47
"2685","TRINITY_DN3875_c3_g1",1.94641453885567,-0.870767723497132,4.39618232236324,0.000930933540243768,0.00991802957857581,-0.437351630999423,3.62,16.36,8.02,7.08,12.35,35.97,31.33,18.71,31.59,20.65
"2686","TRINITY_DN38754_c0_g1",2.71010640397617,-2.20320091247203,4.91637453389269,0.000386617566560788,0.00557776875917317,-0.35090291627572,2.05,3.99,4.95,0.94,4,11.03,14.57,15,13.03,13.17
"2687","TRINITY_DN3878_c2_g1",-3.64949047417154,-1.66146525865834,-5.17664019053207,0.000252555916946898,0.00426078439164353,-0.0161680599496954,51.54,20,29.35,27.25,37.6,4.01,0,0.99,3,4
"2688","TRINITY_DN38782_c0_g1",1.23604332321044,-0.699868950273302,3.65046111227473,0.00347505629727964,0.0237005375630517,-1.60473786496,17,9,18,10,9,39,12,23,29,22
"2689","TRINITY_DN38838_c2_g3",2.27236381902802,-1.92159091750633,3.06140669786025,0.0101682815904331,0.0486704895314099,-2.53735790852927,4.13,9.48,9.24,0,4.01,13.49,10.68,19.57,29.13,5.54
"2690","TRINITY_DN38847_c0_g1",-2.77945736910077,2.7719336789605,-8.85646798176936,1.60651753359394e-06,0.000213122183340751,5.64927048657247,455.45,458.92,738.04,251.48,693.6,76.13,56.06,55.66,96.48,66.34
"2691","TRINITY_DN38879_c0_g1",-2.02235504876567,0.103416535471944,-5.37368873436049,0.000184118069056276,0.00349913871941205,1.08794613970927,98,58,34,63,62,19,10,7,14,17
"2692","TRINITY_DN3890_c2_g2",1.20029340348622,-0.133136853558286,3.44699834855333,0.00502407042124134,0.0304138782613254,-2.01504273274952,39.2,8.68,13.72,15.94,22.02,28.87,36.28,32.63,56.61,28.13
"2693","TRINITY_DN3891_c0_g5",-1.03723139142654,4.06410486013454,-8.90860708065208,1.51251664013174e-06,0.000207222399429233,5.60952608138758,787.73,619.16,725.54,550.57,610.89,278.95,255.94,314.09,472.17,294.45
"2694","TRINITY_DN38910_c0_g1",1.04984801362387,-0.936809750064025,3.28644662590816,0.00673305290023349,0.0370403034587438,-2.18594947513695,13.15,8.58,10.03,7.56,16.05,20.94,16.9,26.44,21.99,10.22
"2695","TRINITY_DN38948_c2_g1",1.57252235435378,-1.17027291729663,3.07171516352746,0.00997777551509378,0.0480855590144174,-2.49939374712866,10,6,20.01,10,3,27.01,13,15,18.01,24
"2696","TRINITY_DN3898_c0_g1",1.23635414225048,2.8338923498184,5.5117307601278,0.000148032128195396,0.00304097317957157,1.06127202674911,140,72.01,149.6,171,123,262.66,359.74,320,283.7,275
"2697","TRINITY_DN38986_c0_g1",1.76884909697105,-0.262272924858843,4.16429918943373,0.00139288654745904,0.0129416624876742,-0.784379481766263,13.36,15.37,12.93,18.52,8.46,67.99,52.55,32.25,25.9,32.7
"2698","TRINITY_DN38992_c0_g1",-1.00681981800331,0.468956966231373,-3.94706187843593,0.00204331548192054,0.0166249771693553,-1.23244447271226,51.17,87.96,46.97,47.65,49.84,28.9,17.2,29.99,31.51,17.06
"2699","TRINITY_DN39010_c0_g1",-1.48717208464404,-0.448945599175647,-4.74674063088445,0.000512863852905636,0.00664329074145998,0.133950815128154,43,40,32,22,39,5,9,9,16,16
"2700","TRINITY_DN39047_c0_g1",1.40174361858101,0.437660284875919,4.45877703384055,0.000835943253193972,0.00921519851732334,-0.363432672977014,35.22,11.7,16.72,26.1,42.22,50.81,47.61,48.88,89.1,58.81
"2701","TRINITY_DN39049_c0_g1",1.05455957110547,-1.10087116299476,3.30345220309246,0.00652703217541174,0.0362548493625448,-2.14406907967412,10.71,10,8.15,11.91,8.53,14.42,14.39,13.27,17.97,22.44
"2702","TRINITY_DN39076_c0_g4",1.65392169852447,1.66204486578992,3.67144585904804,0.00334602866823005,0.0230780934940021,-1.87926023763181,42.49,42.03,52,21.26,153.69,104.84,91.76,129.7,350.9,173.98
"2703","TRINITY_DN39106_c2_g1",1.39364586845913,-0.930576702299783,3.32901220743911,0.00622933559909,0.0351276451870856,-2.10929728014701,14,19,6,11.03,5,21,13,17,26.54,29.01
"2704","TRINITY_DN39120_c0_g3",-1.20188527112404,0.267695924968935,-3.94673093870559,0.00204451667941416,0.0166322624454107,-1.2066876889031,76.04,45.99,39.5,44.59,57.69,26.74,16.51,15.97,42.17,8.3
"2705","TRINITY_DN39151_c0_g1",-1.48008408904476,-0.936774374687715,-3.9266212725157,0.00211889422600615,0.0169972341071129,-1.15093391389043,44.63,21.87,25.99,15.85,24.37,8.22,2.33,4.76,12.28,10.23
"2706","TRINITY_DN39171_c0_g1",-2.55914463076412,-1.0010678386361,-5.85923505553713,8.65012317064898e-05,0.00218720877180721,1.35048295268365,38,47,45,21,28,3,3,3,8,5
"2707","TRINITY_DN39182_c1_g4",1.2181650956841,-1.1503451816407,3.59292971344565,0.00385560648955507,0.0254567246550055,-1.67666222878578,11.04,7.48,17.94,5.93,6.91,20.79,12.08,15.95,21.93,14.88
"2708","TRINITY_DN39198_c1_g4",1.52024772376888,-1.08245885955984,4.10690849654484,0.00154048576310471,0.0137877900007687,-0.880055434645239,12.04,4.79,5.39,11.02,11.03,15.64,20.1,23.99,21.28,18.06
"2709","TRINITY_DN39203_c0_g1",1.2122804988211,-0.0625767640298599,4.06447349706654,0.00165999149511103,0.0144814352862045,-0.977135771089502,22.24,13.07,21.68,25.98,12.46,38.01,38.23,23.78,53.91,37.21
"2710","TRINITY_DN39214_c0_g1",1.22328262727726,-0.992534248944773,3.33052348907536,0.00621217144779446,0.0350854194483345,-2.10457962516119,12.35,8.91,10.78,10.47,7.98,28.89,20.88,12.22,16.26,20.36
"2711","TRINITY_DN39226_c1_g1",-1.08989568705971,0.983786958323545,-3.49658246509998,0.00459114245254486,0.028597896144797,-2.08903096201542,83,89.75,126,38,87,29,18,35,60,42
"2712","TRINITY_DN39277_c0_g1",-1.258516975788,4.99565002778203,-3.88084529779586,0.00229880527822699,0.0179389977595795,-2.07111512589413,1453,1159,2581,614,1684,529,314,561,1070,526
"2713","TRINITY_DN39385_c1_g1",1.12402603045628,-0.25221827406116,3.81550008967668,0.00258335328463004,0.0193594886338265,-1.37681914826095,32,19,15,10,13,37,24,22,44,35
"2714","TRINITY_DN394_c0_g1",1.30912925514989,7.24931327033743,4.11633626500031,0.00151516782493595,0.0136465463100002,-1.85739796501929,2788.32,2559.56,1585.06,6003.28,1976.94,8710.06,4838.68,5282.78,10009.59,5272.18
"2715","TRINITY_DN39470_c2_g1",-1.77602551786193,-0.919386973446955,-4.48496884265286,0.000799250604205425,0.00893934600315387,-0.314404723890631,31.47,32.03,35.72,17.09,30.16,6.1,1,8.07,16.09,5.1
"2716","TRINITY_DN39492_c0_g2",1.44599623064391,-0.695888683834761,4.56083715698705,0.000702157054421436,0.00820959250796138,-0.159617355917328,16,9,8,11,13,21,18,37,26,29
"2717","TRINITY_DN395_c3_g1",-1.2872300048133,2.72193388171383,-5.22720521892681,0.000232759828917127,0.00405121275348207,0.62079879028757,281.24,250.23,416.96,178.67,330.94,114.4,55.5,117.92,209.1,108.1
"2718","TRINITY_DN395_c3_g2",1.06045332031104,0.170124311087979,4.26152916320242,0.00117541877918912,0.011579823006498,-0.670963320261236,25.31,30.87,16.4,15.02,27.75,42.49,32.96,35.08,46.62,55.93
"2719","TRINITY_DN395_c3_g3",-1.12253152126027,2.75548999484994,-5.14546811303025,0.000265637312449018,0.00439215778263235,0.476725623096714,278,217,423,185,301,112,77,117,204,130
"2720","TRINITY_DN39510_c0_g1",-1.47307999360442,-0.737337307483987,-4.63670859746329,0.000617321450551123,0.00751509493472925,-0.0510513508692263,41,29,33,23,20,8,10,8,11,5
"2721","TRINITY_DN39572_c0_g1",1.4467121893383,-0.387127883213792,4.7937001396191,0.000474087510066384,0.00631547728631416,0.208744534015892,14.35,16,11.01,10.83,16,30.54,27,19.47,45.67,44.93
"2722","TRINITY_DN39573_c0_g1",1.80740327132725,0.119960039420409,5.00181542374415,0.000335831823309645,0.00510323096341222,0.528215686821283,10,13.37,30,20.53,17,81.77,47.63,55,41,48.11
"2723","TRINITY_DN3958_c0_g1",-1.18308425326473,2.94754413448587,-8.16682374644082,3.66138072296739e-06,0.000343183119366001,4.80631723999574,267.51,290.78,357.48,343.23,323.88,160.43,137.59,122.41,183.87,96.07
"2724","TRINITY_DN39658_c0_g1",2.80524845010773,-1.63711121883637,3.5795260651989,0.0039502419732163,0.0258926983809602,-1.81331063450026,0,1,17.43,6.69,11.3,26.75,18.48,18.27,30.73,14.45
"2725","TRINITY_DN3967_c0_g1",-2.36222767100043,-0.303897435678541,-8.49901876006709,2.4469119159831e-06,0.000272725381193109,4.56109113173398,57.39,54.51,54.39,39.98,54.93,5.2,5.36,7.42,18.98,6.43
"2726","TRINITY_DN39670_c0_g1",1.40245342377808,1.74346591942203,3.6018312579861,0.00379404337578734,0.0251507389704386,-2.02583226976085,75.45,50.33,54.77,59.2,51.38,106.22,101.24,76.17,324.55,235.87
"2727","TRINITY_DN3969_c0_g3",1.06169665815394,-0.522710801358177,3.46799546654598,0.0048358720410476,0.0296207922340762,-1.93235776845576,24,15,11,11,13,41,17,25,36,15
"2728","TRINITY_DN39697_c0_g2",-1.64044110600701,-0.91207822886195,-3.84105227475682,0.00246799256026724,0.018753364535554,-1.28553207882781,36.8,25.43,39.42,19.59,19.5,8.31,4.17,2,14.89,8.99
"2729","TRINITY_DN39740_c0_g1",-1.17575717690587,-0.0953561631480917,-3.5298862484687,0.00432191614587363,0.0274843144031583,-1.87599208818086,77,27,30,31.27,47,20.64,9.01,11.67,18,19
"2730","TRINITY_DN39754_c0_g2",-1.50694228840554,-0.937547401300409,-3.78327407240535,0.00273680912153818,0.0201341664070523,-1.37620692538375,30,14,37,24,25,7,6,11,5,7
"2731","TRINITY_DN39772_c0_g2",-1.08661476307762,-1.04426696318452,-3.48205710242544,0.00471387127352357,0.0291246666893964,-1.85723575546338,23,27,18,14,22,11,4,11,8,5
"2732","TRINITY_DN39802_c0_g1",1.60342817248459,-1.30224263065032,3.58342570675739,0.00392246610659975,0.0257634167376001,-1.69637010709909,12,8,5,7,5,20,12,18,13,27
"2733","TRINITY_DN3985_c0_g1",1.42040016456998,1.10796228807532,6.52112442403327,3.25620697646999e-05,0.00120627137142486,2.73495078823398,32,33,43,38,41,130,70,117,87,78
"2734","TRINITY_DN39854_c0_g1",1.89559953201178,-1.37959729272895,4.25523827173551,0.00118835917949081,0.0116482328584762,-0.728001209970026,7,4,11,7,5,14,11,22,35,15
"2735","TRINITY_DN39857_c0_g1",-2.88277281327741,0.542516470007852,-7.17917965361104,1.30596602007724e-05,0.000698454255634428,3.51478432705579,171,91,148,52,112,16,9,19,11,12
"2736","TRINITY_DN39860_c0_g1",2.0283904016197,0.511306066161415,6.60902417717667,2.87275716862476e-05,0.00112169515548219,2.83430443103295,31.87,17.94,21.01,26.98,11.86,97,40.95,90.13,97.09,68.49
"2737","TRINITY_DN39862_c0_g1",-2.56351859190678,-1.77203947325531,-3.9562533464964,0.00201024339287714,0.0164568254638742,-1.32395881027737,21,11,29,15,31,4,1,3,1,4
"2738","TRINITY_DN39867_c0_g1",-1.52062871602393,-1.37930428372977,-3.11043323241889,0.00929373949468885,0.0459291100177741,-2.42755609237448,32,16,16,13,22,5,6,1,14,4
"2739","TRINITY_DN39886_c0_g1",-2.29546866626231,-0.313787845497622,-4.56090423648641,0.000702076885886698,0.00820959250796138,-0.155492468567043,96,39,60,19,65,6,7,13,11,6
"2740","TRINITY_DN39886_c0_g2",-1.98873711743024,-1.00984513951803,-4.14985686148542,0.00142859059933013,0.0131766103591937,-0.825584097553876,36,22,44,12,36.91,9,4,6,4,5
"2741","TRINITY_DN39922_c0_g1",-1.26107511381825,0.608509781060985,-4.30290425488585,0.00109388208871345,0.0110421828037437,-0.640476432237743,77.01,46,53,73.01,85.02,36.01,16.01,32,17.01,28.01
"2742","TRINITY_DN39928_c0_g1",-1.74102429623942,-0.997953856892818,-3.70249793601627,0.00316405599863223,0.0222088230509234,-1.50482326086681,38,15,30,17,44,5,2,5,16,6
"2743","TRINITY_DN39935_c0_g1",2.86277681774585,0.0589475523499857,3.65150039012131,0.00346854758033142,0.0236650491020831,-1.62456693814048,43.33,36.69,1,3,29,66.08,42.28,59.27,155.72,81
"2744","TRINITY_DN39951_c0_g1",-1.35564533814445,-0.565633039946848,-4.94273331770814,0.000370140604341414,0.00541919720342769,0.422687176431328,40,22,29,33,32,8,9,13,13,7
"2745","TRINITY_DN39956_c0_g1",-1.95069479082213,-0.248980883341847,-7.48307705372936,8.72327114387392e-06,0.000553006743101654,3.69639951705275,52,46,48,35,52,19,6,7,11,10
"2746","TRINITY_DN39975_c0_g1",-2.19278425395873,-2.1630799709836,-3.10712105429206,0.00935036343257134,0.046118376393538,-2.50190669008997,18.98,10.42,13.25,13.94,12.15,9.82,3.17,3.04,0,0.82
"2747","TRINITY_DN39977_c0_g1",-1.03295312301115,-0.609754321787589,-3.66113718321097,0.00340878722535901,0.0233863958090946,-1.5970751315766,35,25,28,24,24,13,13,8,18,5
"2748","TRINITY_DN39979_c0_g1",-1.49657970784027,-0.219226052654916,-5.26834466544885,0.000217862171243475,0.00389154067523936,0.924907370928984,43.64,38.25,29,51.95,43.77,10.11,11.17,17.16,13.53,9.46
"2749","TRINITY_DN3998_c0_g3",1.77590118028765,-0.0282844903902041,3.86713309701147,0.0023557115890073,0.0182417378637644,-1.29784438932091,13.7,14.01,13.43,19.58,17.24,126.96,37.95,53.33,37.68,22.63
"2750","TRINITY_DN40_c4_g1",-1.89807852923748,3.35883205342207,-4.9366950085221,0.000373848881294202,0.00545440303177922,0.0585774929257346,535.53,492.19,433.55,616.61,682.14,118.48,86.29,51.85,426.48,233.42
"2751","TRINITY_DN40016_c0_g1",-1.94858378927505,-2.11024617409702,-3.05224276618114,0.0103407020800089,0.0492074476669958,-2.56691199663489,12.92,11.11,20.38,12.38,12.32,10.12,0,3.03,3.67,1.15
"2752","TRINITY_DN40044_c0_g1",-1.75194758329118,-1.83294533728214,-3.74629881799165,0.00292449310434426,0.0210705956870878,-1.54431837305948,11.13,19.67,17.39,14.13,13.83,2.1,1.05,3.14,3.23,5.06
"2753","TRINITY_DN40070_c0_g1",1.64147678437871,0.322206012889431,3.81884246472987,0.00256795291606703,0.019275949083329,-1.42508238572866,25,26,25.84,13.71,14.94,93.62,108,50.75,49,26
"2754","TRINITY_DN4008_c1_g3",-1.08837238376625,1.84577539744013,-4.72146034684448,0.000535102273661782,0.00682729246228899,-0.0943082049304937,185.69,160.66,132.46,113.06,133.45,71.69,69.24,49.24,123.21,35.41
"2755","TRINITY_DN40088_c0_g2",1.42694722107336,1.90897667514085,3.99532601287684,0.00187571321452628,0.0156726523613115,-1.35392584843308,87.82,59.86,80.24,37.33,65.45,137.27,150.75,286.27,288.94,70.84
"2756","TRINITY_DN40094_c0_g1",-1.7736441358101,-0.0490100750464584,-6.78048036147244,2.25648559557609e-05,0.000969451090276297,2.97567724860804,42.28,46,65.24,45.62,53.04,18.97,12.93,12.05,13.02,7.02
"2757","TRINITY_DN40105_c0_g2",-1.86973108116894,0.750329670139411,-5.82133332241777,9.16460744863154e-05,0.00226887648492726,1.74825224138683,115.95,54.25,91.25,88.09,102,22.4,14.64,46,15,22.01
"2758","TRINITY_DN40113_c0_g2",1.23459240808241,1.90556824067573,5.48045695138085,0.000155495309841094,0.00314386839592473,1.13689195083846,70.52,50.26,68.38,57,95.26,142.06,150,188.34,127.72,184.73
"2759","TRINITY_DN40164_c2_g1",-1.1244022708183,-0.937443295581667,-3.38269240063485,0.0056482107311736,0.0329431899881473,-2.02531508658549,36.83,15.64,16.77,20.24,25.43,9.39,7.31,6.5,8.71,8.7
"2760","TRINITY_DN40165_c0_g1",-2.81066232289699,-1.6784161655941,-3.37508436150279,0.0057270975954708,0.0332585876149433,-2.10765242288296,74,16,21,13,22,2,2,2,4,1
"2761","TRINITY_DN40201_c2_g1",2.44546663406885,-1.93029591654241,3.85506809777068,0.00240698321689142,0.018459554765312,-1.49031036279907,6.01,2,4,10,2,19,10,22,14,11
"2762","TRINITY_DN40217_c0_g4",-1.60959420272195,-1.48404914319743,-4.68785119001399,0.000566243217543759,0.00710462164830971,-0.146502351384193,18.72,16.25,22.74,14.34,18.26,6.17,3.77,3.51,4.5,3.15
"2763","TRINITY_DN403_c0_g1",-1.07635562206206,6.09186574206923,-11.5206724243895,1.0029215152042e-07,5.51009132661329e-05,8.26900879833345,3288,2604,3067,2142,2589.77,1297,1031,1388,1459.94,1173
"2764","TRINITY_DN40365_c0_g1",-2.95543404573271,-2.08538674651728,-3.78581321803181,0.00272438436449466,0.0200761400852498,-1.63094774743828,15.99,13.32,25.7,14.84,29.39,7.61,0,4.25,4.15,0
"2765","TRINITY_DN40368_c1_g1",-1.45809601501891,1.445802668963,-5.39470893570456,0.000178071524060445,0.00343457030679847,1.05736336837388,190.73,128.73,79.95,137.67,104.92,43.98,29.07,43.61,50.49,46.53
"2766","TRINITY_DN40368_c5_g1",-5.25803666395144,-2.45938505795076,-9.7683862626177,5.80956845275162e-07,0.000132212651763018,3.01018499101237,29,32,38,23,40,0,0,1,1,0
"2767","TRINITY_DN40372_c0_g1",-6.40001715619229,-2.26115206883813,-11.3881200097997,1.1362114442348e-07,5.77567071620327e-05,3.63730229060069,56.19,38.64,65.02,61.88,50.3,0,0,0,1,0
"2768","TRINITY_DN404_c2_g1",1.4786728435531,0.787612067163938,6.71066956540614,2.4884493154693e-05,0.00103162535607996,2.98810431238482,25,27,39,38,23,87,69.92,74,96.71,57
"2769","TRINITY_DN40419_c0_g1",-1.35272494951063,0.707372338118811,-4.05498139028419,0.0016880141816779,0.0146606820520984,-1.07081695453771,94.74,45.87,55.78,96.81,85.37,28.44,10.4,32.17,26.38,39.99
"2770","TRINITY_DN40428_c0_g2",-2.28119538972724,-0.54055357647488,-4.90328626496141,0.000395083705095356,0.00566394248915168,0.321315789998805,73,28,40,41,48,9,1,6,22,6
"2771","TRINITY_DN40440_c0_g1",-1.96611494399697,0.339772094048439,-7.5142275398452,8.37509331694623e-06,0.000545989119666783,3.92818128988569,64,75,102,42,74,15,12,16,19,16
"2772","TRINITY_DN40462_c1_g2",-1.37184916072468,-0.436494689028766,-3.62904638909754,0.00361199507091575,0.0243559902439719,-1.65753013059237,52,41,23,18,50,14,5,11,20,7
"2773","TRINITY_DN405_c0_g1",-1.05787143110499,5.78732062048532,-13.9598594094874,1.22907569311017e-08,1.58106607040795e-05,10.4292490322508,2321,2090,2096,2167,2256,1120,848,1157,1118,948
"2774","TRINITY_DN40502_c0_g2",-2.948611840618,-1.43209904531572,-6.3732229140097,4.02975092496332e-05,0.00138024044433048,1.42165812177505,40,27,24,25,31,1,1,3,3,6
"2775","TRINITY_DN40550_c0_g1",-1.82792370043653,-1.37274601485802,-3.80612533564419,0.0026270581679106,0.0195898438183199,-1.37998849003306,26,14,19,34,19,6,3,3,9,2
"2776","TRINITY_DN40627_c0_g1",-1.01092129899445,-0.379970660483808,-3.08753102810998,0.00969243965737658,0.0471835214717954,-2.59241035603463,38,27,39,20,38,15,5,21,26,6
"2777","TRINITY_DN40684_c0_g1",-1.89015736636892,-1.47900044050218,-3.43970233888234,0.00509119918320447,0.0306865486229692,-1.9358025417637,23,10,24,21,31,5,2,6,8,1
"2778","TRINITY_DN4075_c1_g1",-1.1220843486378,2.11746392089086,-5.34899082402938,0.000191500644155623,0.00358921831022346,0.900243100575167,159.55,143.94,188.72,238.65,151.44,80.95,84.83,92.93,68.13,65.95
"2779","TRINITY_DN40782_c0_g1",2.88384219722768,-1.87013508680539,5.62037618696318,0.000124914395687873,0.00273299231530937,0.415087432003609,2.4,5.27,1.78,1.61,6.15,19.46,17.17,21.96,22.39,11.47
"2780","TRINITY_DN4087_c4_g1",1.48245145311655,0.532858191253648,5.15805514024636,0.000260271234461397,0.00433846543475018,0.752837718730579,32.09,21.33,33.81,30.91,13.26,71.31,49.45,45.68,92.09,66.87
"2781","TRINITY_DN409_c0_g4",1.03608393692716,4.5893285316979,11.8667420324587,7.28193352338675e-08,4.95089557838161e-05,8.66621859753974,428.39,452.14,432.88,471.02,493.25,909.93,886.88,915.28,1042.92,889.32
"2782","TRINITY_DN409_c1_g2",-1.05774172567319,6.00521068638308,-7.55465130411563,7.94527065202069e-06,0.000529268302437404,3.71756273067718,2620.02,1967.3,2332.66,3219.75,2731.97,1141.45,1222.7,1267.73,1156.28,1206.82
"2783","TRINITY_DN4090_c0_g1",-1.28966471208041,0.219551916955491,-6.15384798178342,5.55829040492051e-05,0.00168328728470472,2.21122476245349,56.03,48.55,53.95,47.86,49.62,21.81,8.72,18.95,24.49,21.2
"2784","TRINITY_DN40906_c0_g1",-1.13584651666284,0.793540636999977,-4.48618528569275,0.000797587873114971,0.00892809261300605,-0.354747405017386,88.84,85.39,59.53,56.26,67.9,29.9,27.74,49.63,22.64,24.69
"2785","TRINITY_DN40931_c1_g2",-1.70310491139046,0.760724861917139,-7.80712430413637,5.74234907515967e-06,0.000442396754315878,4.34508730469183,90.62,99.32,98.33,66.38,71.53,26.35,14.82,18.04,30.83,30.77
"2786","TRINITY_DN40951_c0_g2",2.5264540412138,-0.342953448628417,3.25841857723241,0.00708709995037068,0.038416828124438,-2.2435855698854,14.68,0,13.63,56.59,13.05,68.74,32.14,56.83,45.51,50.67
"2787","TRINITY_DN41069_c0_g1",-1.61215882108946,0.919324084455902,-6.39597801209275,3.899003445121e-05,0.00135335479504516,2.56317790884688,103.66,112.52,100.75,66.43,76.36,30.43,28.69,42.53,22.99,17.88
"2788","TRINITY_DN41093_c0_g1",-1.06395858382904,0.375916201184177,-4.89682300009665,0.00039933607580472,0.00570086312312192,0.348569873474665,50.99,44.98,55.68,64.62,49.97,27.61,14,19.55,27.04,25.1
"2789","TRINITY_DN41100_c0_g1",3.10423720072266,-1.98060264576825,4.26990298319111,0.00115842076152055,0.0114533577885208,-1.04111278677286,0,8.42,7.05,0,7.24,19.03,11.34,20.24,26.84,15.21
"2790","TRINITY_DN41107_c0_g1",-1.22318715948053,1.25772180950413,-5.16475275730046,0.000257462579780765,0.00430748913468335,0.707802460371429,115.52,98.86,91.45,68.99,133.43,23.73,48.3,44.32,54.23,37.94
"2791","TRINITY_DN41154_c0_g1",1.46689502912876,1.61647372678152,7.18243916522292,1.30024764644303e-05,0.000697453350470246,3.61644828903832,41.91,65.44,47.9,47.56,58.75,107.79,134.44,170.79,176.2,107.27
"2792","TRINITY_DN41154_c2_g2",1.22774677848687,-0.719806723776171,3.32087694683676,0.00632256117084907,0.0354600217419665,-2.14928194860681,12,14,9,10,15,18,10,32,48,20
"2793","TRINITY_DN4117_c1_g1",-1.0677723825935,1.51917496224318,-5.17856100034291,0.000251772374508364,0.00425543469489643,0.699555350779795,168.47,104.43,109,91.83,100.55,58.77,53.42,55.7,43.61,49.7
"2794","TRINITY_DN4126_c0_g2",-1.17935268248509,4.47543871561351,-5.18526380026297,0.000249058153485609,0.00422404802813713,0.28380555290931,1170.77,797.56,1176.3,528.11,1098.62,393.72,244.87,452.47,721.6,314.33
"2795","TRINITY_DN413_c6_g1",-1.15895974162553,5.47002635219396,-9.96902466430913,4.69198099096198e-07,0.00011814886022195,6.70842914735648,2014.97,1811.54,1981.61,1340.47,2025.59,673.55,680.15,883.39,1144.67,692.29
"2796","TRINITY_DN41325_c0_g1",-1.08042827979866,-1.13786601198332,-3.51384692794874,0.00444950373711854,0.0280334713037895,-1.80312201476752,23.97,16.13,18.94,16.2,19.53,11.79,6,5.71,5.91,7
"2797","TRINITY_DN41383_c0_g1",1.09848369778292,-0.595096529559666,3.72895812132171,0.00301702462841993,0.0214867848739743,-1.48724557199335,20,7,14,15,14,24,23,19,34,23
"2798","TRINITY_DN41388_c0_g1",-3.47429335782078,0.806953494111113,-3.38202672557322,0.00565506870126977,0.0329743612490098,-2.15449741079623,319.03,62.95,120.88,206.48,220.53,10.85,46.92,96.19,18.45,0
"2799","TRINITY_DN41403_c0_g1",-1.40710487755432,-0.0952455819906519,-4.415199247548,0.000900938442216859,0.00970832089323314,-0.392357981926677,51,30.08,67,26,54,19,8,15,23,8
"2800","TRINITY_DN41448_c1_g1",-1.85165219560354,-0.184619083004411,-6.72623413874052,2.43461457785431e-05,0.00101549939803738,2.86122264867492,52,48.62,39.99,41.64,56.7,12,5,7,22.67,12
"2801","TRINITY_DN4147_c4_g1",-1.05130965203154,2.50478329811286,-6.11344017013647,5.9017102652694e-05,0.0017370125705534,2.03883888464656,248.21,232.46,254.81,154.49,233.58,125.77,88.32,78.8,172.75,81.66
"2802","TRINITY_DN4149_c0_g2",-1.77212738372767,-0.465223613922937,-6.8603729974981,2.01899859836011e-05,0.000920431176927045,2.93284282000425,42.75,36.99,42.5,24.05,45.06,10.25,6.28,7.22,11.75,10.44
"2803","TRINITY_DN415_c8_g1",-2.36423801984527,2.38270715001977,-5.20815952389377,0.000240017005544616,0.00412989180718257,0.673201584182016,277.36,365.79,511.86,346.27,186.3,26.02,82.8,25.77,146.04,90.83
"2804","TRINITY_DN41548_c0_g1",-1.53160745921107,2.05307290295246,-8.41082216342528,2.72012282739285e-06,0.000290098432754362,5.13549067958808,247.54,188.95,169.85,150.53,211.41,52.43,42.33,74.17,99.26,63.46
"2805","TRINITY_DN416_c0_g3",-1.06206740212166,3.18586498379973,-4.39392033197681,0.00093457000320152,0.00993521967959123,-0.878595696310396,491.93,288.82,303.57,373,343.41,271.57,180.79,96.2,162.05,186.91
"2806","TRINITY_DN41611_c0_g1",1.60649797148828,0.000389271252608636,4.32307687173642,0.00105628490236605,0.010768958223916,-0.547036627093219,23.42,21.19,24.93,4.98,19.81,54.05,54.69,29.68,57.31,39.42
"2807","TRINITY_DN41661_c0_g2",-1.01122757524319,-0.589466253005401,-3.32062236851629,0.00632550124084986,0.0354691070093881,-2.16861901927828,40.3,29,26.3,22.97,19.98,20.6,8,8.17,13,8.09
"2808","TRINITY_DN4170_c1_g1",1.12308389307398,0.42789254545845,3.61684300561578,0.00369249311420212,0.0246986485807334,-1.79771728992533,22.44,12.12,25.68,31.69,52.79,56.36,43.76,45.84,61.37,52.9
"2809","TRINITY_DN4171_c2_g1",-2.02898422094581,2.10219800866132,-7.27133290114423,1.15417288693688e-05,0.00065734678003543,3.72272000138961,294.02,258,225,179,246,67,22,39,135,59
"2810","TRINITY_DN41710_c1_g1",-1.75336050788426,-0.547714901401603,-3.99915804548258,0.00186303052329269,0.0156236016750225,-1.03719728618449,61,32,33,14,53,7,11,7,10,9
"2811","TRINITY_DN418_c0_g1",-1.93391466577156,2.11933937426889,-4.15405860407804,0.00141810620331694,0.0131065785054566,-1.08630505673206,300.33,212.41,207.58,220.78,240.42,66.22,17.16,19.32,247.35,94.73
"2812","TRINITY_DN41849_c0_g1",-1.11159138318953,0.664028650417816,-4.69702467723068,0.000557559486235409,0.00702067464750218,0.00567342200452803,79,56,89,40,66,21,28,25,31,33
"2813","TRINITY_DN4185_c6_g1",1.51170034841599,-1.61415340035861,3.37038943305893,0.00577633690664559,0.0334305959448138,-2.03539827312585,7,8,5,10,3,11,15,14,14,12
"2814","TRINITY_DN41865_c0_g1",1.78639078089472,-1.44221575619199,3.06389751404326,0.0101219177200557,0.0485400482023935,-2.49728787553207,5,11,10,12,2,27,10.97,18,15,14
"2815","TRINITY_DN41897_c0_g1",-1.82526503865636,-1.42945601606266,-4.39095785409945,0.000939355007410038,0.00996299315050782,-0.552594092870585,20,16,24,23,18,9,3,3,3,4
"2816","TRINITY_DN4197_c1_g2",-1.02269549820891,3.30012349460204,-5.06235219684157,0.000304127496272706,0.00478363176685042,0.249719292278956,323,379,347,411,454,119,155,184,273,242
"2817","TRINITY_DN41990_c0_g1",3.67134457960545,-2.50119842697057,5.20693628199223,0.000240491188487565,0.00413287716683323,-0.04125784401747,1,1,3,5,0,23,12,18,12,14
"2818","TRINITY_DN41993_c0_g1",1.54178738318188,-0.999365746270949,3.09943114670327,0.00948317023599109,0.0465192597523083,-2.46930817196426,8.76,12.38,14.56,2.72,11.69,30.55,30.1,22.77,24.29,8.24
"2819","TRINITY_DN42036_c0_g1",2.50240903450756,-1.91081133055317,3.70000999621978,0.00317825408414826,0.0222737595647761,-1.69056156779307,0,3,14,5,5,17,8,16,21,16
"2820","TRINITY_DN4205_c0_g2",1.32192745063531,4.97839470148752,3.25035026355885,0.00719247189689968,0.0387447498211618,-3.22592348619849,1236.16,523.82,447.96,415.92,386.8,3380.63,724.15,1446.42,1515.72,771.77
"2821","TRINITY_DN42060_c0_g1",-1.04598915490481,-0.0894488321321424,-3.51044046085301,0.00447709283696269,0.028142095977723,-1.91331885194376,29,32,63,27,50,18,12,12,21,18
"2822","TRINITY_DN42060_c0_g2",-1.0934718668207,-0.0318440108038683,-3.27155798948713,0.00691883442355901,0.037719308697115,-2.33138762316391,46,46.59,54,16,54,18.03,9,17,20.06,19.02
"2823","TRINITY_DN4212_c0_g3",1.12708077609883,1.58210717341347,5.05465366791438,0.00030797831059079,0.00482605828042169,0.491705744722716,48.45,58.91,65.46,48.67,59.95,144.99,130.28,106.01,93.78,129.21
"2824","TRINITY_DN4212_c0_g6",1.46051028934176,1.50986338331539,8.55403173325202,2.29152009651107e-06,0.000259662644936112,5.2794391647615,53,50,36,56,48,137,111,114,142,131
"2825","TRINITY_DN42126_c0_g1",1.98937523568264,-1.2823459774799,3.24044719181876,0.00732397655612362,0.0392278098339852,-2.22649483370151,14,6,7,3,6,36,6,15,49,17
"2826","TRINITY_DN42144_c0_g1",-1.40701319544218,-0.263439586441887,-3.3191811246673,0.00634217203806643,0.0355203239272529,-2.20410808018336,81,29,19,42,40,12,10,12,12,16
"2827","TRINITY_DN42224_c0_g1",1.15063675997881,-0.856245066827353,3.64435600886624,0.00351354464778508,0.0238881508672098,-1.60572615564591,7.12,17.52,10.19,7.67,16.49,22.39,13.81,21.85,24.82,19.62
"2828","TRINITY_DN42287_c0_g1",1.15646428153396,0.514927985832172,4.01697455379948,0.00180521884133475,0.0153202774222247,-1.11816382756379,35,49.42,24.02,16,22.63,54,36.88,46.99,98.12,55.01
"2829","TRINITY_DN423_c5_g1",1.273742011129,0.0728699244547379,3.30372952386924,0.00652372597201163,0.0362406270394939,-2.28929874364067,28.26,8,17,42.46,18,34.17,49.99,44.99,44,39.26
"2830","TRINITY_DN4230_c0_g3",1.4607189664162,0.320386100696038,4.84428945507559,0.000435734413095748,0.00600304722965827,0.270648164561609,22,16.58,20.46,14.68,41.52,43.82,45.32,40.47,73.86,77.24
"2831","TRINITY_DN42310_c0_g1",-1.33881811591525,-0.500778335109325,-3.15628920027122,0.00854437522436984,0.0433725723591881,-2.44581054046202,39,46,28,12,50,11,8,6,15,15
"2832","TRINITY_DN42437_c0_g1",1.66290417792241,2.16324351855988,5.16900934003828,0.000255694186529223,0.00429242669737994,0.613508576340167,109,57.97,60.03,58,71,252,223,390.99,166.06,132
"2833","TRINITY_DN42484_c0_g1",3.955826984099,-2.53570538995114,4.82761280951674,0.000448004364923955,0.00610253078201324,-0.422653153063322,0,0,0,3,7,19,29,17,12,12
"2834","TRINITY_DN42484_c0_g2",3.27815886311258,-0.536772240441682,5.27955010745526,0.000213981101927695,0.00384621484301034,0.749186130179197,2,13,3,5,35,75,53,57,55,42
"2835","TRINITY_DN4258_c5_g1",1.15750389592947,0.934035261586425,3.09663696763193,0.00953189524237713,0.0466800440007592,-2.78846043055133,70.48,41.3,27.3,28.28,24.65,68.3,94.49,66.06,51.67,119.86
"2836","TRINITY_DN42624_c0_g1",1.58767347275337,-0.109368555476185,5.19700329077061,0.000244378414913838,0.00417593036933037,0.824237354458474,18.78,23.5,18.15,5.83,18.96,42.64,32.47,40.08,67.61,31.41
"2837","TRINITY_DN42630_c1_g1",-2.64371710324765,1.23970710245622,-7.24662638750701,1.19292428682294e-05,0.000666848354415071,3.68920328465341,163.94,141.98,199.47,79.42,262.89,31.44,21.23,16.41,21.68,31.74
"2838","TRINITY_DN42630_c4_g1",-1.30400148895541,-0.641360207860595,-4.14906244650916,0.00143058188862909,0.0131905033911552,-0.798451607762426,32,33,25,23,32,14,10.48,4,16,7
"2839","TRINITY_DN4267_c0_g1",1.02665525318489,4.88314720416339,4.29816495494101,0.00110291547852678,0.011090529819292,-1.3120982253818,780,578.52,469.44,586.67,440,1710.43,1173.12,1312.91,844.1,838.35
"2840","TRINITY_DN4267_c0_g3",1.08681969144185,3.96497212067083,4.3938481826183,0.000934686236702181,0.00993521967959123,-1.01036041064092,448.97,321.92,208,387.72,177,765.98,643,607.96,622,459
"2841","TRINITY_DN42680_c0_g2",1.1311282789227,2.13530046310959,3.9206949809683,0.00214134222638875,0.0171329427825111,-1.53326944509628,80.97,64.88,83.78,135.27,66.97,175.91,147.17,151.33,364.58,106.91
"2842","TRINITY_DN42720_c0_g1",1.84211454725735,1.7728833238434,8.3572720953417,2.90184694410359e-06,0.000298063369578329,5.06577730481158,34,38.93,78,56,59,190.01,133,159.53,242.89,162
"2843","TRINITY_DN42745_c0_g1",1.51719728782517,-0.454571367642093,4.61746293229302,0.000637772109415032,0.00769158820469911,-0.0638151634413351,10,10,14,17,15,24,34,44,40,20
"2844","TRINITY_DN4275_c2_g1",1.06926382200553,1.60679008686559,3.5321377792977,0.00430430758584947,0.027442422728713,-2.1331671752733,97.72,59.45,61.05,24.85,69.26,96.79,168.13,91.17,128.22,129.93
"2845","TRINITY_DN4276_c1_g1",-1.327546334044,2.43763413404922,-7.60764125047049,7.41724023611361e-06,0.000509783758493428,4.13512468119382,288.6,220.54,204.14,196.22,256.8,71.22,106.77,110.47,114.17,65.23
"2846","TRINITY_DN4276_c3_g2",1.00615632658932,1.53491799985311,5.55825513213434,0.000137622314148423,0.00290509981366548,1.29556542291528,46.04,63.63,60.99,60.14,56.09,112.63,100.95,139.28,110.41,90.59
"2847","TRINITY_DN4276_c4_g1",1.26601020144043,1.09122055771439,6.89147960246014,1.93387384849869e-05,0.000892914537297897,3.23517205087298,46.71,37.77,45.11,33.81,31.43,82.53,89.69,83.34,90.13,94.2
"2848","TRINITY_DN42766_c0_g1",3.05545859003005,-2.10377407945131,4.81113378690288,0.000460485492289794,0.00620869170664481,-0.441994173844862,4,2,0,7,5,15,14,17,17,19
"2849","TRINITY_DN42831_c0_g1",-1.43193619398809,-1.45445909009802,-3.89080737780173,0.00225835303899552,0.0177300923995388,-1.24601914223274,16,16,19,15,22,2,4,5,10,4
"2850","TRINITY_DN4284_c0_g1",1.03017073616659,2.49236360188005,6.94353435948882,1.79987458162002e-05,0.000856491499290416,3.23784509368268,96,103,140,87,117,211,227,228,218,210
"2851","TRINITY_DN42861_c0_g1",-1.35857988026443,-0.957783837465231,-3.87129533307446,0.00233828611922677,0.0181688171872662,-1.23759028276647,22,20,31,26,24,7,3,6,19,5
"2852","TRINITY_DN4287_c0_g1",-1.65449407065869,0.91462676558968,-4.99113885118403,0.000341774942616788,0.00515086752670261,0.467611844229935,162.33,78.19,79.11,75.79,81.55,39.45,10.93,33.07,22.38,40.71
"2853","TRINITY_DN42891_c0_g2",-1.54148979541533,-0.940130492057502,-3.39765494589484,0.00549627482133191,0.0323117038269633,-1.99158449605517,22,34,18,16,46,3,5,7,10,12
"2854","TRINITY_DN42898_c0_g1",-1.17410158889908,0.217337073695831,-4.25408374262207,0.00119075009755437,0.0116578273932431,-0.685051581193669,62,34.98,59,34,61.99,16,10,31,21.94,22
"2855","TRINITY_DN42902_c0_g1",-1.43648697907139,-0.371852814067297,-5.2666040966895,0.000218471658643146,0.00389544146891362,0.912263116143996,50,31,28,30,44,9,13,9,17,9
"2856","TRINITY_DN42921_c0_g1",3.89169561609152,-1.67747200891129,5.03741285115435,0.000316789493968106,0.00491145869684241,-0.166388337625002,3.02,6.03,1.98,2.28,1.99,55.06,20.78,15.24,39.08,36.46
"2857","TRINITY_DN4294_c6_g1",-1.01126971332436,2.46962787136717,-6.7252590858955,2.43795036641977e-05,0.00101611155846695,2.93530555842026,209.1,208.21,232.52,173.69,247.48,85.08,70.42,121.99,146.67,111.23
"2858","TRINITY_DN42985_c0_g1",1.49262640879852,-1.55595128390657,3.13654067396933,0.00885933350663445,0.0444940136431458,-2.38629109424154,10,5,9,3,7,30,9,11,13,13
"2859","TRINITY_DN43020_c0_g1",-1.18963209214405,-0.445640328965827,-3.39658541947615,0.00550699591117537,0.0323537496872694,-2.05406099203636,30,36,21,32,42,14,4,13,11,21
"2860","TRINITY_DN43037_c0_g1",1.60797584471158,1.04977593139321,3.54028306594865,0.00424121585572111,0.0271904728440036,-2.01163979748875,51,39,11,46,40,107,139,104,56,98
"2861","TRINITY_DN4308_c1_g2",1.00248393432428,1.23504407160482,3.40177037948965,0.00545521884537389,0.0321363379420266,-2.30287002441581,53.91,43.68,34.73,63.59,42.82,162.04,97.87,68.16,79.06,62.66
"2862","TRINITY_DN43083_c0_g1",-1.83233066852962,-0.748038264868967,-5.59997104131474,0.000128945864406102,0.00278644994474067,1.27777045973358,46.62,25.96,26.53,29.65,31.24,6.76,8.02,9.52,5.72,6.14
"2863","TRINITY_DN4320_c0_g2",1.09441351465973,-0.39199188748291,3.85500221943699,0.00240726631152871,0.018459554765312,-1.29672252952428,12,13,26,11,17,26,25,29,28,34
"2864","TRINITY_DN43221_c4_g1",-2.38280441394674,-1.45024939218246,-5.62305373412193,0.000124395372016543,0.00272712159586932,0.846571771846077,32.36,29.01,23.45,16,21.49,2.68,1,3,5,5
"2865","TRINITY_DN43235_c0_g1",-1.41842366088811,-0.897148377723739,-4.47548954293629,0.000812332293131093,0.00903549401956918,-0.305776356105944,31,20,26,23,26,12,10,4,9,5
"2866","TRINITY_DN43242_c0_g2",-1.55998937579753,-0.788146916814881,-4.0984913748665,0.00156346028522493,0.0139418256431413,-0.87931052342844,32,28,20.84,22.42,43,3,6,14,13,6
"2867","TRINITY_DN4325_c0_g1",3.04001814488125,3.362996803075,10.6389114848894,2.35587003556863e-07,8.00863294403832e-05,7.52953617153703,75,95,97,149,92,1111,921,833,682,542
"2868","TRINITY_DN43284_c0_g3",1.07169098024883,2.65523133796838,4.28853429080302,0.00112151208770721,0.01121326543428,-0.974047177333323,96.32,111.38,122.37,192.58,97.78,344.23,190.04,164.82,314.99,261.4
"2869","TRINITY_DN43284_c1_g1",-1.60100923844369,1.57469492901348,-9.60957276463443,6.89725150605589e-07,0.00014704250632058,6.40206998724367,138,112,155,143,161,52,47,35,55,35
"2870","TRINITY_DN43380_c0_g1",1.68750011453841,-0.899563830350267,3.86368666396258,0.00237024164650536,0.0183127628043986,-1.2497185811209,15,15,10,3,8,22,20,35,19,29
"2871","TRINITY_DN4339_c0_g1",2.46655072554662,-0.682458053903024,3.86714310189592,0.00235566954270964,0.0182417378637644,-1.24566432126169,5,9,10,9,9,15,53,34,39,71
"2872","TRINITY_DN43405_c0_g1",1.02995737436795,-0.323172311061563,3.53802265311373,0.00425862919285261,0.0272475121078045,-1.83898131581624,24.18,12.44,15.25,8.26,26.91,36.71,18.43,30.39,30.84,32.52
"2873","TRINITY_DN43485_c0_g3",-1.61543609444383,2.53363005362628,-7.73462253220063,6.2987676349423e-06,0.000462343144982654,4.29571673725941,294.34,201.2,304.55,227.87,379.56,84.95,49.97,130.6,120.47,75.86
"2874","TRINITY_DN43485_c1_g1",4.30317162692666,-0.629323076043794,3.30763264421805,0.00647737298060725,0.036045712480889,-2.14003416120073,38.92,0,1.24,41.04,1.19,51.02,91.27,29.29,116.06,147.98
"2875","TRINITY_DN43490_c0_g1",-2.13164599865317,-1.66229990100619,-3.61091069030524,0.00373228661184293,0.0248899952310874,-1.71948269868572,22,29,12,18,16,1,2,4,2,11
"2876","TRINITY_DN43526_c0_g1",-1.20524424244122,-0.62996346551782,-3.57339373427736,0.00399432838258668,0.0260936241961653,-1.73485205151629,41,30,31,23,21,7,4,16,20,7
"2877","TRINITY_DN43570_c0_g1",-2.64867680399982,-1.67803567877614,-3.65839074501023,0.00342571022480499,0.0234640227726191,-1.69525403473873,24,26,20,26,14,7,6,3,0,2
"2878","TRINITY_DN43641_c4_g1",1.59162821535103,-0.715391557979646,5.37386617565049,0.000184066129673246,0.00349913871941205,1.00994450994897,11,12,7,11.09,12,34.57,24.61,27.48,32.05,16.56
"2879","TRINITY_DN43664_c6_g1",-1.64709025401858,0.522052986389382,-6.27820635103475,4.62829018614704e-05,0.00149639339595352,2.3932875401137,93.67,48.68,75.12,50.01,95.47,21.43,11.78,20,22.99,27
"2880","TRINITY_DN4367_c1_g1",-1.51677593901779,2.97739264972671,-3.54370956139897,0.00421495816387442,0.0270988986374675,-2.34897551219433,689.8,373.68,165.44,490.74,298.76,63.66,98,146.82,212.65,149.02
"2881","TRINITY_DN43679_c1_g1",1.61050610738659,1.56349639695779,6.17071291694732,5.42129650750928e-05,0.00166194506401989,2.22160495357051,44.13,64.29,28.38,54.4,53.58,184.4,124.8,153.94,114.52,127.6
"2882","TRINITY_DN43693_c0_g1",-1.70913901758807,-0.716683749440392,-3.95485756357028,0.00201522975671949,0.016477805426598,-1.10491766658328,34,53,31,14,35,9,3,11,7,11
"2883","TRINITY_DN437_c0_g1",3.31491410771296,-1.03129397893173,3.50527000689353,0.00451930280631904,0.0283223181171217,-1.84443252171038,3,13.41,2,4,7,30.67,10.23,108.08,45.65,50.69
"2884","TRINITY_DN4374_c1_g1",-1.12044999981373,2.55560699425182,-6.56513176550453,3.05783667206836e-05,0.00116144409518485,2.69921011053524,307.26,242.37,211.67,159.96,277.12,110.09,74.08,110.83,141.08,104.23
"2885","TRINITY_DN4377_c2_g1",1.36870806835812,0.506212335579474,6.27603916725581,4.64299844906341e-05,0.00149873785544812,2.3919297288776,26.77,25.95,19.54,31.29,25.19,54.07,59.16,70.8,74.62,43
"2886","TRINITY_DN43792_c0_g1",-1.27441646309378,0.437900567495257,-7.02481578133524,1.61007626619471e-05,0.000796848573199238,3.37228858274588,73,53,57,46,66,22,15,23,26,23
"2887","TRINITY_DN4380_c3_g1",-1.38936085481079,2.85727603964968,-4.40777839739816,0.000912521526675278,0.00978971655853837,-0.788834483539752,379.91,240.05,380.86,221.39,393.22,54.09,194.33,204.51,130.53,93.3
"2888","TRINITY_DN43801_c0_g1",-1.9506275314481,-1.34912231095944,-3.52350288738626,0.00437223983187667,0.0276845747026314,-1.79594193446528,23,23,24,12,27,6,5,10,1,5
"2889","TRINITY_DN4389_c0_g1",-2.13691867719716,4.46379009061482,-8.30498241749059,3.09191624750882e-06,0.00030936821798237,4.86132974382252,1310.27,1055.35,1723.82,1139.85,1192.83,264.79,320.75,130.38,558.44,294.55
"2890","TRINITY_DN43897_c0_g1",1.20697229040575,2.23275797371221,4.0111379146478,0.00182395050704233,0.0154214972840882,-1.38736965230194,48.18,173.36,60.99,85.11,107.36,260.17,160.07,183.57,215.11,156.26
"2891","TRINITY_DN439_c4_g1",1.79604631193886,5.50596510542512,7.09721672092478,1.45896061700065e-05,0.000748500060751251,3.1323142217583,551.71,797.08,1201.49,404.98,600.48,2216.6,1464.52,1898.28,3508.72,2734.47
"2892","TRINITY_DN4407_c0_g1",-1.00835668442774,3.29322936979882,-5.75628600549478,0.000101246455022887,0.0024079125208351,1.37967964649819,403.17,458.98,333.44,312.73,403.88,200.66,135.32,219.02,303.02,118.95
"2893","TRINITY_DN4408_c0_g1",-1.07582881929293,6.42042858437012,-13.5032422426517,1.77406547459891e-08,1.92986390457819e-05,10.036977651527,3249.02,3337.68,3462.98,3062.66,3996.55,1575.41,1537.83,1681.06,1634.07,1506.5
"2894","TRINITY_DN44096_c1_g2",-1.55414049612656,2.06207082940811,-6.9565648812407,1.76790612130571e-05,0.000847955748182882,3.29749278513507,248.49,231.92,194.53,124.38,193.02,75.27,33.32,59.74,92.77,73.77
"2895","TRINITY_DN441_c3_g1",1.71177039400119,4.15014410050794,13.9780634506682,1.21149389866477e-08,1.58106607040795e-05,10.4540863392667,257.65,250.97,288.4,255.59,274.3,1017.12,734.05,1057.82,876.71,692.81
"2896","TRINITY_DN44100_c1_g1",2.1473999618345,-1.42250808006232,4.55424144186274,0.000710086688946496,0.00826676478991628,-0.35922083708011,5.05,5.23,5.75,5.68,5.61,15.17,16.06,11.3,33.67,26.25
"2897","TRINITY_DN44125_c0_g1",-2.07526717845062,-1.13649548142961,-5.65820198722439,0.000117789802520861,0.00263650417650707,1.14371983394829,37,25,22,21,32,4,5,5,9,2
"2898","TRINITY_DN4415_c1_g1",-2.49258793917228,-0.642686302607091,-5.11214822965608,0.000280412405786128,0.00454693102664921,0.576218729668611,64.36,43.03,27.65,47.79,40.21,9.78,7.14,1.36,13.61,3.87
"2899","TRINITY_DN4415_c4_g1",-3.30724902501009,5.50059291306684,-19.6266325963938,2.69048232373697e-10,2.82076474449847e-06,14.148138717698,4598,2960,3615,3545.72,4935,381.9,360,432,337,464
"2900","TRINITY_DN4416_c0_g2",1.6019801610614,-0.163760105049934,3.43676634860824,0.00511846978477751,0.0308040613329862,-2.01425108475236,26.44,16.17,37.14,11.33,4.6,52.77,34.13,36.82,44.21,34.63
"2901","TRINITY_DN4421_c0_g1",1.92763580288143,1.84410172431664,6.58812438788612,2.95935015064845e-05,0.0011412938630503,2.80461890908454,55,58.97,69.26,28,55,215.9,170.93,106.49,320.99,190.53
"2902","TRINITY_DN44233_c0_g1",1.57043468683213,-1.11269912985715,3.15407545468457,0.00857911167236091,0.0435123520115052,-2.37149082662444,10.13,5.73,8.91,5.66,11.51,9.23,36.22,15.04,27.95,21.44
"2903","TRINITY_DN44247_c0_g1",-1.81478708085085,-0.307049909309093,-5.13655989257472,0.000269505393943467,0.00442860056857374,0.717572128693397,57,62,35,31,36,6,14,9,19,6
"2904","TRINITY_DN44262_c0_g4",1.08696698902454,1.40419249190667,3.5928567852668,0.00385611506375302,0.0254567246550055,-1.9897000254968,72,52,31,34,79,64.02,91.87,109,130,141
"2905","TRINITY_DN44262_c0_g5",1.02588122741075,1.59681546127442,4.40843073131172,0.000911497111747246,0.00978719842630045,-0.592658732590858,79.47,46.36,50.68,44.86,78.86,95.64,131.59,128.51,102.3,131.32
"2906","TRINITY_DN4428_c0_g1",1.5712873565678,0.574034597097452,3.99889330475683,0.00186390386335294,0.0156254980405189,-1.14930142957516,19.65,24.46,17.56,50.69,23.14,46.12,85.62,98.87,95.36,34.76
"2907","TRINITY_DN4428_c0_g2",1.84463967437782,-0.594382749248469,5.0188050515127,0.000326597564190238,0.00500548652718221,0.516963363531278,5.35,8.54,11.44,14.31,17.86,31.88,24.38,43.13,40.64,22.24
"2908","TRINITY_DN44392_c0_g2",2.12944144745329,0.0609353283883499,6.37146160418846,4.04006387475671e-05,0.00138029594354204,2.46680103958872,9,18,13.58,19,16.86,92.78,44.93,46,52.57,56.9
"2909","TRINITY_DN44415_c0_g1",-1.26366131181203,-0.404816771986543,-4.96777823924249,0.000355167658679307,0.00527379855943931,0.472081060481279,36,36,32,23,43,11,6,11,21,11
"2910","TRINITY_DN44464_c0_g1",-2.4831771924024,0.862469526096212,-4.88238173408346,0.00040901203227943,0.00577083617320634,0.313353306659605,55,189.65,123.31,158.04,119.04,27.91,25.54,9,34,10
"2911","TRINITY_DN4448_c3_g1",-2.01511516448897,4.5456165689021,-3.06164787267909,0.0101637830668837,0.0486596342096338,-3.48118161562615,1225,1615,2371,2719,279,302,203,872,261,214
"2912","TRINITY_DN44489_c0_g1",2.71525894673666,-1.12549975258309,5.85391108972126,8.72050390085206e-05,0.00219388033150437,1.25672443637957,3.05,7.23,8.16,7.03,4.06,30.65,26.04,21.19,32.67,39.68
"2913","TRINITY_DN445_c0_g2",2.33080639322143,-0.0750628886564003,4.58244994188211,0.000676815650264144,0.00801495319693383,-0.117650402130332,21.47,5.16,10.07,14.57,17.95,129.35,63.62,40.42,47.23,34.19
"2914","TRINITY_DN445_c16_g1",-3.56455039079481,-1.573929807052,-3.66020197176037,0.0034145401592747,0.0234097544611746,-1.7586743207456,41.74,23.97,61.03,11.32,47.1,8.54,2.73,0,1.49,1.67
"2915","TRINITY_DN44567_c0_g1",-1.13706280836936,-0.394174752914469,-3.40970642134314,0.00537692722402821,0.031846305670983,-2.03925268958401,23.73,36.22,39.24,33.19,32.41,12.9,13.03,7.69,27.18,6.05
"2916","TRINITY_DN446_c1_g1",1.98323152848448,-0.0121274104306203,5.10740668947846,0.000282584289061568,0.00456897802210099,0.689770883586975,13.85,23.46,16.11,10,12.91,87.74,39.72,27.9,91.24,36.52
"2917","TRINITY_DN44634_c0_g1",-1.65886835848693,-1.17170290916913,-3.88790291329019,0.00227007053877304,0.0177938329261284,-1.22619270759444,35,13,25,19,27,7,5,2,10,5
"2918","TRINITY_DN44645_c0_g1",1.22496984732051,1.00380610737095,4.73694818738179,0.00052136084396654,0.00671179589684831,0.0392909172508009,42,40.01,46,22,38,57,102,85.01,80,93
"2919","TRINITY_DN44739_c0_g2",-1.0594353882346,1.58320640629097,-5.74302409748486,0.000103331456330556,0.00244042607089677,1.57697003258502,165.05,121.37,104.5,86.77,121.17,52.74,54.59,63.96,59.76,42.72
"2920","TRINITY_DN44748_c0_g1",3.13342154326509,-0.843609095359669,5.56586468630244,0.000135994700518742,0.00288498256912102,0.991673109262234,4.98,3,9,18,4.18,41.88,55,50.99,44,25.97
"2921","TRINITY_DN44762_c0_g1",1.18965752563412,-0.976084644538541,3.9844832733272,0.00191208500972215,0.0158973121008556,-1.05865430866444,15.02,10,11,6,10.02,23.04,12,25,22,15
"2922","TRINITY_DN448_c1_g1",1.00685726272005,0.196729625505089,3.54064016005024,0.00423847160756354,0.0271824913579753,-1.90123455957984,15.16,20.02,40.94,26.83,20.07,53.77,30.06,37.21,46.65,44
"2923","TRINITY_DN44863_c0_g1",-2.26265558069519,-1.65906161423679,-3.69708773943509,0.00319501430874792,0.0223511283944834,-1.62101971627905,19.2,24.26,14.2,19.8,26.31,6.94,0,5.44,3.51,4.82
"2924","TRINITY_DN4489_c5_g1",-1.02225398671458,2.82527038377753,-6.03851495845478,6.59954711090477e-05,0.00186567550368618,1.88365346622449,348,270,316,191,267,108,106,147.64,212,115
"2925","TRINITY_DN44896_c0_g1",-1.86346588166045,-0.325967161532668,-6.54050389211698,3.16721223127961e-05,0.00119006276499587,2.59618901823971,53.14,39.07,31.44,35,57.49,10,12,8.02,11.49,8
"2926","TRINITY_DN44901_c0_g1",1.65306739144844,0.650711111278611,5.9536031250625,7.49768703900002e-05,0.0020138602258679,1.93997799400871,33,28,13,30.08,29,95,53.58,53,102,72.7
"2927","TRINITY_DN4491_c0_g1",1.02206380307249,3.33261095060205,8.92182641275322,1.48963459632017e-06,0.000207219220788876,5.68275356533556,211.8,168.51,185.79,197.44,192.52,338.79,326.05,458.32,460.99,377.98
"2928","TRINITY_DN44927_c0_g1",1.49577600017438,-1.23303035960905,3.83186833230593,0.00250883170249405,0.0189762015200047,-1.31000375177178,7,4,9,8,14,27,13,15,19,16
"2929","TRINITY_DN44930_c0_g1",1.6608284885311,1.10033168631204,4.11860963613098,0.00150912759036355,0.0136265336778275,-1.0080309951402,43.44,47.68,28,22,36.56,67.5,89.54,61.46,272.47,98.04
"2930","TRINITY_DN44955_c1_g1",-2.12768232476231,-1.73390104193464,-3.20080906556694,0.00787515424531053,0.0411942214422663,-2.31686354673589,28.17,11.28,18,17.55,19.5,6.48,2.3,0,7.86,4.02
"2931","TRINITY_DN44979_c0_g1",1.53678366236166,-1.43577235176919,3.13675685093281,0.00885582323310897,0.0444936170671696,-2.38618678402732,11.11,5.1,4.06,8.42,5.05,19.13,12.65,20.31,9.06,18.49
"2932","TRINITY_DN4498_c0_g1",1.09179953340563,0.121936961096171,3.16314429334939,0.00843770739854836,0.0430354201118472,-2.5442494423347,32.86,16.14,25.19,27.64,12.15,61.47,25.3,30.33,41.33,57.44
"2933","TRINITY_DN450_c0_g1",1.28633575120144,1.82968361834382,5.29028967293173,0.000210329789334381,0.00381262753302876,0.844189327090755,73,62,54,67,61,248,144,98,151,140
"2934","TRINITY_DN4504_c3_g1",-1.25245366599376,-0.678686158819653,-4.802951568046,0.000466817688784915,0.00625386229327594,0.208650999778673,29.25,30.32,22.39,23.39,31.97,12,9,10.14,9,7.14
"2935","TRINITY_DN45076_c0_g2",1.87922987781971,-0.391865465935042,3.92287684670226,0.00213304918012619,0.0170810097535632,-1.16751502066632,9.79,8.85,13.37,11.2,19.6,60.7,27,45.21,69.56,12.6
"2936","TRINITY_DN45076_c1_g1",-1.37132980483729,-1.25040721226876,-3.16298556185827,0.00844016206323628,0.0430401781557926,-2.35159140359114,26,17,21,11,29,11,5,3,13,2
"2937","TRINITY_DN45079_c0_g1",-3.03356813090609,-1.17680441096258,-4.86347090736482,0.000422056419971361,0.00588007290494195,-0.0472932362814884,47.68,34.8,40.42,21.37,44.95,6.26,3.12,5.23,7.34,0
"2938","TRINITY_DN45121_c0_g1",1.43589904756594,-0.440645579785848,4.64543219864955,0.00060827879627406,0.00745491032179864,-0.0202193058316773,12,8,21.01,8,23,27,26,31,41,32
"2939","TRINITY_DN45151_c0_g1",-2.03481520748048,1.62184586094213,-8.80700805624535,1.70150810426658e-06,0.000220014872043493,5.55724490762495,206.22,170.24,133.57,139.91,204.46,54.35,20.37,51.37,38.19,40.17
"2940","TRINITY_DN45166_c0_g1",-1.80646821064188,-0.694729929752398,-4.30588270836554,0.00108824441289301,0.0110081275547078,-0.557963101271507,38,34,35,15,54,4,4,11,14,7
"2941","TRINITY_DN4518_c0_g1",1.64940298416406,4.42734057417614,8.65883781504865,2.02402186962356e-06,0.000241422310330471,5.2860376877038,263.14,331.05,320.69,354.64,391.04,1464.1,795.25,1016.08,1388.09,666.12
"2942","TRINITY_DN45197_c0_g2",-1.1806633222108,0.55070666553974,-3.85428460206614,0.00241035230625847,0.0184780087793805,-1.39997836753845,80,49.09,78,45.39,59,32,20.23,10,35.4,36.65
"2943","TRINITY_DN45216_c0_g1",-2.57072281440383,-0.906267969513139,-5.02431928169497,0.000323658169888919,0.00497994102360062,0.369149373037554,34,27,55,25,53,1,3,11,9,4
"2944","TRINITY_DN45230_c0_g1",1.02188333725304,1.52017394895497,3.27630198872989,0.0068590812507486,0.0375286478532811,-2.57735232593192,59,46,88,80,30,78,103,97,137,145
"2945","TRINITY_DN45255_c1_g1",-1.0790117675195,-0.0176613225950682,-3.23536611964629,0.0073923908790989,0.0395008873469956,-2.39695534063158,50,40,24,46,45,16,22,14,12,23
"2946","TRINITY_DN45264_c0_g1",1.85807196993366,-1.55831336453787,3.17880878661761,0.00819897707455998,0.0422378657572807,-2.32497307273096,2,6,12,6,8,11,15,10,30,18
"2947","TRINITY_DN45325_c0_g2",-2.68610704368352,0.471522997977728,-11.7913542086027,7.80247714997752e-08,5.01070151848456e-05,7.69650117353227,78.58,99.16,113.13,89.67,104.66,15,9,14,14,14
"2948","TRINITY_DN4536_c1_g1",2.17013120108793,-1.1206976968757,4.39756103017442,0.000928724314775536,0.00990281203782713,-0.491266388018563,19.66,5.28,4.29,7.09,3.99,35.76,21.7,22.1,37.19,12.76
"2949","TRINITY_DN4536_c2_g1",1.91586109833268,0.482342665755877,6.16145900336459,5.496016064234e-05,0.00167266515192816,2.22937740125136,22.11,21.91,24.7,7.63,38.41,66.1,74.04,91.82,83.64,51.96
"2950","TRINITY_DN4537_c3_g1",1.67293263517662,0.41183001933135,5.06891360193061,0.000300885469531666,0.00475075996940072,0.621428240642,16.04,27.96,44.4,9.05,23.53,47.86,64.17,57.42,87.64,61.81
"2951","TRINITY_DN45372_c2_g1",-1.90271347326932,-0.475406959777171,-3.35417822354027,0.00594968937675018,0.0340785125200947,-2.09249689650277,31.87,36.85,98.07,15.32,51.46,19.32,6.21,5.16,12.16,4.5
"2952","TRINITY_DN45372_c3_g1",-1.33105940520535,-0.0738312828141349,-3.52463955500562,0.00436323520956064,0.0276404293365028,-1.883152018721,56.87,59.87,48.4,32.43,25.34,16.76,21.24,6.48,24.82,10.03
"2953","TRINITY_DN45390_c2_g1",-3.42371562182743,0.101719651629578,-6.37465262683923,4.02140016420497e-05,0.0013791171269311,2.33009090609869,149,88,124,41,119,13,2,11,8,7
"2954","TRINITY_DN45445_c0_g1",1.03067089082941,0.867667912437826,6.44177766220196,3.64933685504077e-05,0.00129478852500015,2.62650558447395,41,31,39,28,42,66,65,70,76,68
"2955","TRINITY_DN45451_c1_g1",1.97590719609492,-1.00828506356384,3.87532177748355,0.00232155565244132,0.0180775566917589,-1.23825411779918,9.5,10.13,6.2,5.29,7.95,44.09,14.51,15.59,56.95,13.51
"2956","TRINITY_DN45464_c0_g1",-1.2332270901878,-0.166283939858301,-5.26588494555195,0.000218724005455125,0.00389797424007526,0.926543336202543,47,36,35,29,50,16,9,12,25,11
"2957","TRINITY_DN4547_c0_g2",2.21150982200408,-1.23151395692338,4.11129990131276,0.00152863866028565,0.0137258003548694,-0.935171389402355,6.59,3,12.65,2.19,14.14,22.49,23.94,22.02,19.15,31.6
"2958","TRINITY_DN45478_c0_g1",-1.31313275992151,-0.624025779857875,-3.95932321040943,0.00199932127372025,0.0163896131724067,-1.1026988521001,29,27,40,16,42,14,4,9,15,8
"2959","TRINITY_DN4551_c0_g1",1.19024467633959,3.67515983156353,9.48944945226294,7.86507763470562e-07,0.000156699427703031,6.3069972369583,202,234,278,238,201,558,494,555.98,645,383
"2960","TRINITY_DN45537_c0_g1",-1.39712713315388,-0.378088477976439,-4.5248047397993,0.000746634531188155,0.00855215941921327,-0.207622781140392,52,33,39,23,36,10,11,7.16,26,7
"2961","TRINITY_DN4556_c3_g1",1.58985967983967,0.417896182074999,5.13191392984894,0.000271546236076388,0.00444915687650959,0.718234673788634,36.12,32.06,11,13.02,30.12,61.01,40.08,57.18,91.16,62
"2962","TRINITY_DN45586_c0_g1",-1.34349672226342,-1.23928312412201,-3.26622142693082,0.00698668184430943,0.0379936624868861,-2.18947739065308,23.95,15.01,15,17,32,9,1,8.01,9,5.01
"2963","TRINITY_DN456_c0_g2",1.21159331777094,4.40052879880508,10.8533989654645,1.90383255557459e-07,7.17692047162258e-05,7.70233317383831,336.96,418.27,425.16,287.04,427.23,898.26,871.54,850.86,919.14,793.8
"2964","TRINITY_DN4566_c2_g1",3.54361000595354,1.12064045177896,3.25810149524954,0.00709121137594951,0.0384274881404341,-2.43878585593944,0,114.3,12.12,10.01,213.4,115.46,175.49,281.57,188.39,293.32
"2965","TRINITY_DN45668_c0_g1",-2.45719113288853,-1.37360481571035,-3.19360735120418,0.00797970899091039,0.0415431076800698,-2.30732274784293,65.46,28.99,10.35,23.58,24.02,2.37,1.04,2.03,5.11,6.94
"2966","TRINITY_DN45668_c0_g2",-2.88081193851156,-1.15648327463057,-6.07379167859186,6.26065994579225e-05,0.00180171193180734,1.39503499342638,34.15,42.57,41,20.21,37.13,5.99,2.04,1,4.04,5
"2967","TRINITY_DN45668_c4_g1",-1.86066346303986,-0.794209039053702,-4.12248825466433,0.00149887987780962,0.0135695032346776,-0.846177763921202,40.86,17.7,52.11,24.17,32.17,10.25,2.59,3.05,10.06,12.06
"2968","TRINITY_DN4580_c3_g1",1.99929808106785,1.82338305710423,8.46132519017305,2.55989170696681e-06,0.000281852368084275,5.186405931712,48.38,65.02,48.25,51.49,38.4,202.1,165.79,127.41,258.44,226.6
"2969","TRINITY_DN45803_c0_g1",-1.89651714934977,0.0578312310372935,-4.77734660393729,0.000487230151282387,0.00643851680233244,0.182450629667956,57.8,63.69,70.12,23,88.03,21.02,6.94,17.35,14,9
"2970","TRINITY_DN45842_c0_g1",-1.97929863051596,-0.624477159205844,-5.7075374162155,0.000109137431810187,0.00252063441765941,1.43718040826103,46,36,27,25,53,8,6,12,7,5
"2971","TRINITY_DN45843_c0_g1",-1.70353469550939,-2.06593680435854,-3.18133398647118,0.00816113560406473,0.042132690564626,-2.36774069903869,10.55,14.39,12.85,15.46,10.33,3.17,1.07,3.15,1.06,4.24
"2972","TRINITY_DN45852_c0_g2",-1.58026549647062,0.834341371396038,-3.14400849496614,0.00873887998574832,0.0440821722746825,-2.67690943369882,66.02,82.63,67.99,91.77,118.66,79.4,19.35,14.45,9.17,59.45
"2973","TRINITY_DN4591_c2_g2",-1.50354414158016,0.0686270505027264,-3.62663411117803,0.00362776349198062,0.02442050545697,-1.72503262109664,54.28,39.28,56.43,32.07,64.89,22.9,19.81,24.99,5.04,15.18
"2974","TRINITY_DN4593_c1_g1",1.41453275237701,0.392941142960195,5.95441979162202,7.48845605119539e-05,0.00201237457055617,1.93937678572667,33,22.01,16.01,19,27.11,62,61.47,61.11,49.85,49
"2975","TRINITY_DN46_c0_g1",-2.13260454510761,0.565650493504419,-4.85286938451841,0.000429559563653104,0.00595070464412836,0.278906873702837,124.44,85.54,42.37,104.73,86.97,14.32,20,18.57,9.98,32.08
"2976","TRINITY_DN4604_c0_g2",-3.08859112940826,-2.48090220135451,-3.32944037454171,0.00622446787389704,0.0351247140299773,-2.22328926457758,26.26,19.79,15.98,11.87,8.73,0,9.99,5.71,0,0
"2977","TRINITY_DN4607_c0_g2",1.15719707301004,6.51919279048515,8.08514098273026,4.05020407410047e-06,0.00036173177306141,4.3870030023205,1647.23,1731.5,1408.5,1797.03,1845.88,3797.47,4228.62,3904.74,3167.41,3438.21
"2978","TRINITY_DN4612_c6_g1",-1.14874257903693,0.830570181285297,-3.82967392528322,0.00251869246818793,0.0190271132285335,-1.47996086357515,132,81,66,62,48,27,29,28,52,21
"2979","TRINITY_DN46132_c0_g1",1.08475320956189,-0.592262186718018,4.02367053274847,0.00178397427321611,0.0152033154472532,-1.00499174441975,11.1,10.29,15.84,15.49,15.11,20.71,25.55,22.89,35.04,18.54
"2980","TRINITY_DN46149_c0_g1",1.14396202068283,-0.610848788223662,3.10001733928436,0.00947298003148485,0.0464812681003602,-2.5357372131483,7,12,13,22,16,30,24,20,21,27
"2981","TRINITY_DN46164_c0_g1",-1.66797568034902,0.751670719985108,-6.0357222926796,6.62719452658225e-05,0.00187036781339545,2.05722389485231,132.22,84.75,54.25,68.14,92.04,24.52,19.47,19.82,37.47,19.32
"2982","TRINITY_DN46203_c0_g1",1.51522094636754,-1.22355400212986,3.72833508081626,0.00302040469323094,0.0214973608570432,-1.46800549319415,12,9,11,5,5,24,9,14,32,16
"2983","TRINITY_DN46204_c0_g1",1.07807293640694,-1.14447058562402,3.55226407842218,0.00415012681155635,0.026814428868465,-1.74202071912611,10,8,9,7,14,18,10,13,22,19
"2984","TRINITY_DN46250_c0_g1",1.52466551210432,-1.47638918074402,3.18926817815554,0.00804338108883242,0.0417395380424196,-2.30526575909593,9.75,11.06,4.29,3.2,6.58,17.82,4.38,13.04,25.95,19.05
"2985","TRINITY_DN46267_c0_g1",-1.12018172029621,-0.403029244559875,-3.52597307859346,0.00435269525710087,0.0275976255995588,-1.84521467078241,39.11,31.15,40.04,18.21,31.64,12.08,13.71,21.87,9.03,8.55
"2986","TRINITY_DN46282_c0_g1",-3.92025598133023,-1.67282107278768,-3.87948354028957,0.00230439266050902,0.0179644863405111,-1.49303534361395,28.68,34.16,81.93,28.41,22,0,0,1,9,8
"2987","TRINITY_DN46284_c0_g1",1.73479410341543,-0.603395780116265,4.69661076393688,0.000557948281211546,0.00702160225899519,0.0459397603937557,5,18,16,10,11,39,26,28,32,27
"2988","TRINITY_DN46297_c0_g1",-1.58614911601163,1.13782935265753,-6.78632431225923,2.23814199241131e-05,0.000966499155328885,3.09512687518595,137.49,72.97,108.36,100.12,109.97,52.85,25.57,33.47,26.25,29.9
"2989","TRINITY_DN46337_c0_g1",-3.21710823773321,-1.67249088688724,-4.61162864034567,0.000644110756826704,0.00774138116820931,-0.600456190052108,37.09,27.94,28.81,27.6,18.41,3.73,7.77,1.21,2.53,0
"2990","TRINITY_DN4637_c2_g1",-1.04753122050837,1.54975343974838,-6.9771209995397,1.71870067984838e-05,0.000833171556841649,3.34498364648367,117.14,110.28,132.31,103.14,112.45,56.51,59.36,44,69,40.11
"2991","TRINITY_DN4638_c0_g1",-1.07095316132077,3.09305358716946,-3.9354723336441,0.002085819191138,0.0168388274046656,-1.67623705981749,331.15,530.13,267.15,217.75,426.67,165.73,116.1,136.88,315.14,113.54
"2992","TRINITY_DN46414_c0_g1",1.23334193332476,1.32800760829948,5.67181222447185,0.000115332611152557,0.00260617202043985,1.49115540467489,55,37,47,58,38,156,71,94,126,83
"2993","TRINITY_DN46476_c0_g1",-1.74024292315542,-0.762456277981371,-3.09940364217104,0.00948364863774185,0.0465192597523083,-2.4864951777418,26.22,47.18,11.85,41.44,41.54,7.02,9.09,5.09,6.01,9.04
"2994","TRINITY_DN4658_c0_g1",1.01753304688802,-0.156976492950824,4.75105225047231,0.000509168763279685,0.00662579408860901,0.140546346967465,22.33,21.15,14.57,14.83,19.08,39.02,27.88,27.77,35.59,33.13
"2995","TRINITY_DN46670_c0_g1",1.46794872192619,1.71191118562784,6.65210391536806,2.70266984111496e-05,0.00108728487668701,2.89649983843962,35,56,67,63,61,138,132,164,143,160
"2996","TRINITY_DN4668_c2_g1",-1.17928145526673,-0.301464837755679,-3.41486793050186,0.00532662209568337,0.0316357613459614,-2.04335802462343,38,20,59,39,29,17,9,17,14,9
"2997","TRINITY_DN46713_c0_g2",-1.04497745299226,1.41161348167373,-4.1314966617226,0.00147535627050855,0.0134370567497037,-1.04086089419419,106.17,81.25,82.83,119.83,150.97,42.28,27.48,41.92,81.61,59.33
"2998","TRINITY_DN46774_c0_g1",1.74094588518936,-1.09671946668322,3.44461379992531,0.00504591023868902,0.0305068820410548,-1.90980441151867,8,14,2,11,9,33,14,13,21,30
"2999","TRINITY_DN4682_c0_g2",1.21898724889363,0.0982169092980691,4.15331818156524,0.00141994792959805,0.0131190405078737,-0.843004371016442,14,30,24,16.59,19.41,52.07,34,40,35,54
"3000","TRINITY_DN46841_c0_g1",1.7688052139246,-0.646131902092691,4.69217900976464,0.000562128935889103,0.00706440733640116,0.0347892155657465,7.81,5.39,10,23.04,13.97,39.12,20.86,28.55,34.44,27.08
"3001","TRINITY_DN46955_c0_g1",-1.69794955775962,-1.50402901211683,-3.50472114903151,0.00452380730643894,0.0283429516463991,-1.83261790945163,20,27,12,13,23,1,4,5,6,6
"3002","TRINITY_DN46991_c1_g1",-1.50391203852445,0.108187903849816,-4.8405694317786,0.000438440546356628,0.00602659079021566,0.276433997436127,39.63,79.63,46.1,38.37,60.27,12,12,24.36,21.39,10.97
"3003","TRINITY_DN46991_c1_g2",-1.43451298913286,0.734002819742848,-5.63912789905162,0.000121327105799317,0.00267929460476275,1.47815669501608,89.37,94.23,66.9,63.51,70.75,21,16,40.52,44.61,15.03
"3004","TRINITY_DN4701_c0_g1",-1.65555328284381,1.73378811894371,-8.14846573888371,3.74514175886205e-06,0.000346431981983445,4.82048405230763,177.49,137.3,145.69,173.13,164.63,77.39,41.13,45.2,38.27,50.11
"3005","TRINITY_DN4714_c0_g1",2.32995801374048,-0.768566227571466,4.50348037244393,0.000774334403492195,0.00873885539876009,-0.285271551883161,7.74,8.44,6.69,8.63,8.89,39.65,49.32,13.17,48.75,32.29
"3006","TRINITY_DN47196_c0_g1",1.34035760354766,-1.54096401368657,3.8708968003403,0.00233994883136861,0.0181765434000243,-1.28086306185477,7,7,8,4,8,12,15,11,18,11
"3007","TRINITY_DN47230_c0_g1",-2.55543254563413,-2.4335945338494,-4.3106794898965,0.00107922845851666,0.0109535949033737,-1.03549433468215,19,13,12,11,12,1,0,6,2,1
"3008","TRINITY_DN4739_c0_g1",1.48852049415403,5.66897536270974,12.2084581517258,5.34995571428767e-08,4.09844283458902e-05,8.93685089492471,893,734,729,921.01,889,2964,2077,2035,2460,2023
"3009","TRINITY_DN47433_c0_g1",-1.64873191173834,-1.17098933171374,-3.44492751478683,0.0050430314398167,0.0304982521802887,-1.90871524343865,22,28,36,10,28,6,3,8,11,2
"3010","TRINITY_DN47488_c0_g1",-1.40347735652152,0.418753805006098,-3.70866455681736,0.00312914470849956,0.022029162547243,-1.63043994345584,64.19,64.75,44.27,64.35,65.7,9.21,45.63,33.66,22.93,10.31
"3011","TRINITY_DN4753_c4_g1",-1.00967992119717,3.21254452366199,-4.80597685606607,0.000464465849608526,0.00623310190625644,-0.170264546991454,466.8,243.58,470.85,259.64,403.4,273.14,128.54,187.28,183.9,140.33
"3012","TRINITY_DN47535_c0_g1",-2.40001704452883,-0.121757184259882,-8.9276547543051,1.4796643983915e-06,0.000206360067417724,5.08819854309841,60,63,77,39,59,8,6,11,12,10
"3013","TRINITY_DN47552_c0_g1",1.15510653021066,1.02726576036042,5.84552253177661,8.83263208028835e-05,0.00221442066105882,1.77075849561598,41,34,37,40,40,95,80,95,70,67
"3014","TRINITY_DN47568_c0_g1",-2.49458391475073,-0.317035673564052,-7.50410874838176,8.48653465989512e-06,0.000548859817700779,3.58149233899195,71,40,50,37,73,11,6,7,7,8
"3015","TRINITY_DN47568_c0_g2",-2.35599753954488,-1.72774739853002,-4.73222943593247,0.000525507901515478,0.00675239789069888,-0.308154258305719,31,17,19,11,23,2,2,3,2,4
"3016","TRINITY_DN47595_c0_g1",2.36414331591662,-1.45687976000402,3.52906535469336,0.00432835441347428,0.0275039417525261,-1.81852019156828,8.41,4.06,9.41,1.03,7.21,15.59,11.17,13.44,55.05,26
"3017","TRINITY_DN4762_c7_g2",1.86942797241605,0.648514065272798,8.89367702059471,1.53881482335312e-06,0.000210295670997486,5.50193333021271,27.45,16.45,29.8,20.64,25.92,70.86,61,102.94,100.99,69.63
"3018","TRINITY_DN4763_c1_g3",1.00395653361489,3.71176021130909,5.33354272460481,0.000196276644440425,0.00364980614282365,0.632833606217902,252.76,196.51,233.94,276.27,302.95,733.24,474.45,360.9,543.95,461.45
"3019","TRINITY_DN47644_c1_g1",-4.00966443543054,2.38616531864949,-3.2369756324951,0.00737064983248934,0.0394120275381428,-2.65542313274266,251.31,877.92,1018.15,869.18,287.25,0,302.74,72.93,96.63,48.25
"3020","TRINITY_DN4765_c0_g1",-1.04071150806315,5.49044937466065,-6.64448932570441,2.73193490580474e-05,0.00109500863273121,2.46759162197757,2087,1971.02,1589,1167,2199.01,802,860,818,874,887
"3021","TRINITY_DN47698_c0_g1",-1.48594157100492,-0.793709261432748,-3.42756090253539,0.00520494231512013,0.0311614768807594,-1.95358994126307,28.99,27,23,20.32,43,2,5,7.04,19.08,14
"3022","TRINITY_DN4770_c2_g1",-2.1833589125649,0.545168479935356,-5.61780892221748,0.000125414194352796,0.00273806636737448,1.45288077682741,47.88,102.15,86.52,109.44,96.44,12.33,27.55,15,14.31,18.42
"3023","TRINITY_DN4782_c1_g2",1.17135521242907,4.05156671729668,5.8723557376614,8.4792315684241e-05,0.0021583836618822,1.45429860991415,301.94,245,369,267.95,326.54,453,481.98,827,1006.78,747.97
"3024","TRINITY_DN4797_c0_g1",1.58219437000054,4.71660264870811,11.0550925275875,1.56316704970262e-07,6.6084056466233e-05,7.88962919282864,461.82,432.17,499.01,356.01,332.24,1310.32,1086.61,1556.61,1420.01,859.85
"3025","TRINITY_DN47989_c0_g1",1.50935233115006,-0.917136700484027,4.08155802233067,0.00161076232396013,0.014198680391738,-0.908070212947542,9,18,10,7,7,31,13,22,21,27
"3026","TRINITY_DN4801_c0_g1",1.76802356389426,0.140062873323753,3.83943363508606,0.00247514027322755,0.0187866807983701,-1.36359773734793,16.12,18.47,11,9.51,44.72,98.7,75.95,41.68,38.2,37
"3027","TRINITY_DN4802_c2_g1",1.63949297041869,-0.714608146847826,4.64031651057933,0.000613564640360916,0.00749359166068827,-0.0462569508154047,22,9,5,7,15,26,26,21,42,24
"3028","TRINITY_DN48028_c0_g1",1.81826955900128,-0.303482838243973,5.93350994753133,7.72865017013431e-05,0.00204658720255003,1.83897829643206,17,9,11,13,16,45,22,49,63,27
"3029","TRINITY_DN48058_c0_g1",-1.37286526954029,-0.264631666615485,-4.96662095553658,0.000355845311565997,0.00528033734000512,0.474665579140073,53,34,36,25,45,7,13,13,19,12
"3030","TRINITY_DN48111_c0_g1",-1.38954488692268,-0.282277852445055,-4.73132336597537,0.00052630814619781,0.00675948674848762,0.113796152713995,33,44,52,30,35,10,12,13,23,6
"3031","TRINITY_DN48114_c0_g1",-2.44611113889203,-1.36095181706926,-3.99874329288901,0.00186439891804595,0.0156254980405189,-1.14972565924402,27,27,33,15,35,4,0,6,6,10
"3032","TRINITY_DN48115_c0_g1",1.08001471822528,-0.0674956378522463,3.181909213947,0.00815254019954807,0.0420986247027076,-2.48439970407873,14,12,17,43,21,31,31,30,49,37
"3033","TRINITY_DN4812_c9_g1",-2.70874302239136,-1.93954859515196,-3.82987892073197,0.00251776961385909,0.0190252857831912,-1.55627665570899,37.5,17.39,12.49,16.22,19.43,3.29,2.7,2.67,3.88,0
"3034","TRINITY_DN48124_c0_g1",-1.95695069317458,-0.593877174619089,-4.6672786685669,0.000586236402759544,0.00727160414652095,-0.00503208406377897,41.05,39.04,48.59,32.72,23.41,14.17,11.2,4.47,4.72,8.64
"3035","TRINITY_DN4813_c1_g1",1.3026237860036,2.91822265671108,7.34955206330726,1.04010987571638e-05,0.000618956414114766,3.75438033551486,148,117,110,134,151,423,352,305,341,221
"3036","TRINITY_DN48165_c0_g1",2.33112349902103,-1.14761611301741,4.72300812672194,0.000533712110286683,0.00681595101916013,-0.0601974739289721,6.5,7.98,8.33,7.65,3.56,27.24,10.68,30.49,48.04,20.15
"3037","TRINITY_DN4817_c0_g1",-1.12653932882507,0.53014320367681,-3.39700906409692,0.00550274669226334,0.032340991089128,-2.19371705949994,78.88,57.51,85.44,44.08,43.24,18.26,25.26,15.98,64.66,16.88
"3038","TRINITY_DN48176_c0_g1",1.8070681052597,-0.0133055516170146,7.03475887494937,1.58836819125513e-05,0.000789606815216201,3.29946494314198,17.69,13.29,12.51,11.51,24.96,48.35,32.17,54.14,77.93,36.45
"3039","TRINITY_DN48202_c0_g1",1.31575835681648,-0.452592686182028,3.57996170809334,0.003947129068696,0.0258816512568347,-1.74329031520773,15,6,26,17,12,37,27,29,26,29
"3040","TRINITY_DN4822_c1_g1",-2.22328098847906,-0.196629063842768,-5.76996634745839,9.91423055749737e-05,0.00237552825662044,1.60740589571328,69.07,46.83,41.6,43.25,63.39,26.14,6.03,13.03,5.15,5.75
"3041","TRINITY_DN48282_c0_g1",1.15068745281612,0.958334461263474,5.02973970698983,0.000320795888913861,0.00495411958941335,0.517812251677919,60,33,39,25,34,115,60,61,100,61
"3042","TRINITY_DN48284_c0_g1",1.98974460421461,-1.69259147844033,3.40954927576464,0.00537846636196522,0.031846305670983,-2.00144920205034,7,4,12,6,2,19,6,15,18,20
"3043","TRINITY_DN48311_c0_g1",-1.1488274124101,0.334684499088423,-4.97264487430563,0.000352332789778303,0.00524602594274067,0.47118195285838,80,46,47,48,48,18,13,24,33,20
"3044","TRINITY_DN48318_c0_g1",-1.52575749702912,0.544395192883019,-4.12594936674399,0.0014897962022541,0.0135165146349963,-0.927023149128157,117.31,58.99,87.99,36,69,15.74,13,24,59.42,13
"3045","TRINITY_DN48360_c0_g1",-2.1902332939579,-1.32474756719569,-3.95505328786059,0.00201452977173326,0.016477805426598,-1.17088444509447,24,19,29,13,44,7,2,9,2,3
"3046","TRINITY_DN48399_c0_g1",1.06735896305059,1.04800519384625,3.13220911461603,0.00892996548133424,0.0447370132168418,-2.74797115446841,63.15,39.11,33,16,74.36,127.23,49,96.74,93,55
"3047","TRINITY_DN484_c2_g1",-1.35867041404768,1.60593043575391,-5.49624039351025,0.000151680255207759,0.00309337861305034,1.19849252318026,190.68,133.5,134.83,73.89,157.68,47.84,48.41,48.91,79.33,31.72
"3048","TRINITY_DN4841_c0_g1",2.09857693650455,-0.538570883291926,3.41576134932916,0.00531796342689153,0.0316063357973123,-1.98129249880667,6,5,7.64,21.52,22.14,22.31,62.01,46.2,60.18,15
"3049","TRINITY_DN4848_c0_g1",1.22292238104298,1.20092238571069,5.37443680316878,0.000183899204391462,0.0034985874872529,1.0430750865159,39.48,31.04,46.57,52,44.99,76.66,99.83,77.04,106.67,115.21
"3050","TRINITY_DN48500_c0_g1",-1.49293641414518,-1.48597024995553,-3.91241798040578,0.00217310618443016,0.0173081590975752,-1.2193919363865,21,17,17,15,16,5,9,5,4,2
"3051","TRINITY_DN4853_c0_g1",-1.08230765856889,3.15545038246468,-7.79240958274228,5.85086751097595e-06,0.000445247101933163,4.31358042788858,360.99,396.31,354.23,344.9,310.85,183.58,140.7,146.97,254.14,121.92
"3052","TRINITY_DN48530_c0_g1",1.36600547257362,-1.56371978701813,3.80994552003733,0.00260915734285299,0.0195084732177127,-1.37465500790812,10.13,6.09,5.98,3.67,7.64,16.04,13.81,11.18,16.8,8.84
"3053","TRINITY_DN4857_c0_g1",-1.7057033988089,2.48995735640712,-3.22291418289855,0.00756279705424391,0.0400914671082976,-2.83280435365269,256,77,659,276,430,78,82,78,113,69
"3054","TRINITY_DN48595_c0_g1",-1.00403369726863,2.92252355719474,-4.77191834454758,0.000491676616445304,0.00647995707416441,-0.179988353205848,277,245,384,223,365,151,72,161,249,134
"3055","TRINITY_DN48613_c0_g1",1.97162006679266,-0.169493477449412,4.5283809876191,0.000742091369204344,0.00851182869303953,-0.203068391624162,9,10,12,22,18,70,53,59,30,30
"3056","TRINITY_DN48632_c0_g1",-2.71762470856237,-2.03773824637222,-4.13157442805352,0.00147515487536074,0.0134370567497037,-1.19837484168112,24,13,19,12,26,0,3,5,3,1
"3057","TRINITY_DN4865_c4_g1",1.61586273252906,-0.717361777149383,4.50333874998306,0.000774521914524154,0.00873885539876009,-0.252260611108981,12.37,12.26,11.15,3.48,16.67,29.64,14.1,35.69,35.7,25.14
"3058","TRINITY_DN48670_c0_g1",-2.25192994061087,-0.077819054493724,-7.69110440323782,6.66026598240896e-06,0.00048236821178323,3.95131253498607,63,64,49,60,53,12,14,5,15,8
"3059","TRINITY_DN4870_c0_g1",1.29856283172178,1.10843927002386,3.0450414648987,0.0104782531374143,0.0496764518185851,-2.90830719514316,38.65,25.48,49.3,41.04,45.26,135.76,130.24,74.58,151.84,27.03
"3060","TRINITY_DN48705_c0_g1",1.3437315005562,-0.850991189589241,3.37491335211924,0.00572888359038083,0.0332585876149433,-2.04198593389204,7,18.14,20,6.05,8,25.17,20,16.15,38,15
"3061","TRINITY_DN48719_c0_g1",1.68036810195393,-0.847192032190413,4.12931741764689,0.00148101157672672,0.0134637641099354,-0.833422080903832,6,7,16,15,8,29,31,17,33,18
"3062","TRINITY_DN48733_c0_g1",-2.04968563154211,-1.05941367229176,-4.93697168144057,0.000373678118969447,0.00545440303177922,0.279903718251652,38,24,19,25,33,4,7,8,3,5
"3063","TRINITY_DN4875_c0_g1",-1.20993051631489,5.79599232464951,-7.98021545298087,4.61585906303593e-06,0.000390730040567152,4.30371135424802,2342.68,2126.33,3182.94,2109.83,1972.56,1189.84,659.78,857.06,1406.33,955.24
"3064","TRINITY_DN48754_c0_g1",1.07850258006884,0.604177454995791,4.4439345414575,0.000857512842759518,0.00938828120582386,-0.407683460733854,34,31,21,42,26,83,45,52,63,50
"3065","TRINITY_DN48832_c0_g1",-2.0055292516445,-0.456666442559591,-5.0789625955264,0.000295990530246872,0.00470997815008925,0.608055204081233,46,45,56,43,25,6,3,8,14,14
"3066","TRINITY_DN48881_c0_g1",1.22578698067217,-0.039043414960168,3.22770396050172,0.00749678310009246,0.0398551001463326,-2.40551251080394,29,9,35,10,24,42,26,37,77,25
"3067","TRINITY_DN48897_c0_g1",-1.5689334959543,0.478608147245564,-6.30479906078959,4.45179062256407e-05,0.00146483571537739,2.42839224730321,95,65,58,46,78,15,12,24,34,20
"3068","TRINITY_DN48940_c0_g1",1.48400620995465,0.324657044419498,6.37223259177274,4.03554608020299e-05,0.00138029594354204,2.51370952105151,16,21,35,19,21,66,49,54,65,42
"3069","TRINITY_DN48982_c0_g1",1.06288771041909,-0.275484042646179,4.26207921987296,0.00117429429840911,0.0115729373409621,-0.636787111950362,20,16,14,16,18,27,24,33,54,20
"3070","TRINITY_DN49_c11_g1",-1.25343945215979,2.16735364056696,-6.86847819543587,1.9964399659744e-05,0.000914813531502218,3.16558749739117,249.96,189.89,163.88,149.32,199.06,57.93,67.88,83.27,122.56,65.06
"3071","TRINITY_DN49016_c0_g1",2.70041587295186,-1.58356718076438,3.85949674190935,0.00238803079887907,0.01837942311898,-1.40705271459843,12,2,3,5,4,25,7,27,45,16
"3072","TRINITY_DN49017_c0_g1",-1.57173525728565,-0.348482768646355,-5.19935493961079,0.000243452164191745,0.00416533710681133,0.813148756002721,54.41,38.84,44.34,19.17,42.26,13.06,7.16,8.21,14.19,11.12
"3073","TRINITY_DN4903_c1_g1",2.25001046871861,-1.96770580534568,3.60126807904111,0.00379790832663703,0.0251702244174625,-1.81882152635618,8.26,9.57,4.9,0,3.3,16.41,10.42,13.59,13.73,14.61
"3074","TRINITY_DN4904_c1_g1",-1.41069577081576,2.07061983367542,-3.54222363393794,0.00422632455457267,0.0271333827723987,-2.1873717611163,275.96,158.72,206.99,205.85,119.94,206.69,73.67,46.14,74.27,25.25
"3075","TRINITY_DN49120_c0_g1",-1.08845093443678,0.912673423104244,-5.38186045095804,0.000181742076629619,0.00347596677385291,1.0758261623865,102.3,73.04,77.22,49.24,83,47.41,26,28.14,36.13,30
"3076","TRINITY_DN49126_c0_g1",-1.06247759709675,0.688997912130251,-4.1290965214276,0.00148158607332866,0.0134652835491197,-0.947373292481556,67.48,58.42,70.22,50.8,73.45,40.27,35.5,21.98,18.92,32.22
"3077","TRINITY_DN49141_c0_g1",1.17710468003199,-1.09228635405054,3.56303900189557,0.00406991657624616,0.0264320826831683,-1.7254697812701,11,12.31,8.81,7.37,7.83,19.67,15.83,15.63,14.67,21.61
"3078","TRINITY_DN4919_c2_g1",1.02281213875109,2.33376312832376,7.99039607886811,4.55743375674142e-06,0.000388531942731854,4.62188133428487,116,89,112,82,88,199,179,198,202,201
"3079","TRINITY_DN49284_c0_g1",-2.16068555562457,-1.42528574029755,-3.16403881337237,0.00842388777023955,0.043005789347766,-2.34813700461526,18,28,18,22,30,12,3,0,8,6
"3080","TRINITY_DN49362_c0_g1",2.37081158200911,-0.184644181084672,4.36153639175217,0.000988286216966578,0.010284239124246,-0.463896946211252,11,15,5,32,8,70,94,32,44,38
"3081","TRINITY_DN49367_c0_g1",2.77470878963662,-1.19223785698138,5.48103979707741,0.000155352639949443,0.00314386839592473,0.778524396049448,5.19,4.01,6.32,7,4.34,41.27,35,27.78,34.01,14.11
"3082","TRINITY_DN4938_c0_g1",-1.14674035100003,1.75621825081265,-3.71103010720469,0.00311585776729863,0.0219839953069321,-1.83593061746207,194.32,146.54,110.88,81.83,188.81,86.02,39.31,67.18,109.44,27.11
"3083","TRINITY_DN4938_c1_g1",-1.10641860387603,0.414441024900667,-4.45894381911054,0.000835704118008919,0.00921442989714639,-0.3633441072016,68.98,72.33,37,42.34,59.33,29.74,17.71,21.19,25.13,20.04
"3084","TRINITY_DN49380_c0_g1",-1.99039614353027,-1.21927851341813,-4.51221094481965,0.000762866013379261,0.00866409834794751,-0.352828222433648,29,31,24,19,23,2,7,3,15,2
"3085","TRINITY_DN494_c1_g1",-2.02897641369979,-1.2677481150797,-4.1763731341219,0.00136374884859706,0.0127581120784388,-0.837402019715668,17.48,19.05,31.49,18.79,41.54,7,2.61,5.27,6.02,1.31
"3086","TRINITY_DN49401_c0_g1",-1.84637000376281,-1.43927040329701,-4.88828845033292,0.000405024981471217,0.00574438429392463,0.0971611279202156,21,20,17,17,27,5,2,2,6,6
"3087","TRINITY_DN49471_c0_g1",1.01728778488587,0.481162085067427,3.85037893432948,0.0024272196418933,0.01856283795588,-1.40182365767213,23,24,30,34,31,41,58,35,78,55
"3088","TRINITY_DN4951_c2_g1",1.49604577990682,-1.17236775251885,4.29501332597038,0.0011089656248236,0.0111164300220753,-0.605949164162574,6,9,7,10,10,18,10,25,24.01,16
"3089","TRINITY_DN49534_c0_g1",-1.16981448472284,-0.938326167994684,-3.84462353836331,0.00245229745715848,0.0186762636232393,-1.27938809143912,19,23,23,19,31,11,3,8,11,8
"3090","TRINITY_DN49557_c0_g1",-1.47686940587091,-0.43170002546905,-4.80954159232049,0.000461710588943294,0.00621452626657132,0.229870714801522,29,29.26,43.47,36,39.59,19.52,4.36,10.35,10.45,11
"3091","TRINITY_DN49569_c0_g1",-2.73747311907527,-2.00458272094356,-3.96983061991111,0.00196239950436486,0.0161918797697071,-1.39163246152446,29,16,23,17,13,1,3,2,7,0
"3092","TRINITY_DN496_c0_g2",1.1036095244044,3.55744219587267,9.19257312781065,1.09424971134495e-06,0.000181231278189147,5.97975671179275,262.57,211.57,227.75,165.12,228.69,521.98,325.33,496.93,605.62,430.4
"3093","TRINITY_DN49615_c0_g1",-1.25922039939376,-0.445413899450857,-3.16574376082471,0.00839761088779845,0.0429038562650992,-2.43943531007381,50.06,18.51,32.02,27.06,44.11,10.01,3,9.02,24.07,18
"3094","TRINITY_DN49669_c0_g1",-1.55219258328295,1.68439462851857,-9.01612148438896,1.33681796096702e-06,0.000201123766046282,5.79832555461774,200.78,144,148.22,121,144.97,54.57,33,47.22,76.94,39.39
"3095","TRINITY_DN4974_c1_g1",-1.43945374918848,5.49881198375108,-3.47413216529524,0.00478223782354612,0.0294109789077903,-2.87096247923102,2400.02,1920.54,2543.14,1325.12,2357.83,616.29,184.11,823.25,1950.5,1118.09
"3096","TRINITY_DN49793_c0_g1",-4.30055089460806,-2.59499330597722,-6.53850020818676,3.17629234381716e-05,0.00119084279250836,1.14498973373254,21.86,21.18,14.55,24.15,26.29,0,1.22,1.12,0,0
"3097","TRINITY_DN49805_c0_g1",-1.4010316354374,0.304491226011465,-4.21102733788045,0.00128358265539861,0.0122633662760909,-0.761689497174785,70.33,61.02,32.09,39.11,93.58,16.29,15.42,15.31,22.92,24.45
"3098","TRINITY_DN49824_c0_g1",-1.91944464108793,-1.41826185625749,-3.95204050976255,0.00202533251106448,0.0165330722811509,-1.17438152418288,19,28,14,16,30,2,7,2,5,6
"3099","TRINITY_DN49837_c0_g1",-2.98708150584633,2.08620706355123,-16.6336473361145,1.74277022321091e-09,5.64980276652694e-06,11.5205639809826,338.86,354.65,283,296.14,348.94,49,38,44,43,24
"3100","TRINITY_DN49853_c0_g1",-1.10237976764234,-0.6853663108534,-3.56507900042217,0.00405490994568362,0.0263564300735753,-1.74663892052875,28.6,23.37,34.5,21,26,12.01,7,5,22,8
"3101","TRINITY_DN49887_c0_g1",1.38338410967014,-1.43672455137166,3.48976335296673,0.00464834759698366,0.0288214146434232,-1.84284758152078,7.01,4.82,8.22,7.08,8.52,12.04,9.08,11.79,19.18,23.04
"3102","TRINITY_DN49904_c0_g1",-1.23400145913726,-0.434141350217588,-3.74415477042323,0.0029357740546528,0.0211305838135567,-1.472451925648,38,29,23,32,39,9,15,21,9,8
"3103","TRINITY_DN4992_c1_g1",1.02642938202666,7.20274883253885,5.3021242416726,0.000206382193857278,0.00376562693931271,0.214272489010702,2672.49,3587.37,2568.36,3760.04,1989.89,6390.22,4720.28,4518.44,7976.21,5551.88
"3104","TRINITY_DN4994_c0_g1",-2.40890002407512,-0.486636576920758,-5.92141518121194,7.87130423964808e-05,0.00206925137215417,1.68850243157866,50.05,47.14,49.11,29.71,67.57,9.18,1.06,12.29,15.3,3.13
"3105","TRINITY_DN49968_c0_g1",2.00190340250869,0.130453625241774,5.63853521113989,0.00012143880528058,0.00268067291315584,1.47589580768025,14,17,16,23,12,32,76,65,71,53
"3106","TRINITY_DN4999_c0_g1",6.19430765566574,0.47233748880796,5.8043873868522,9.40503877545567e-05,0.0022970339651361,1.22142936910837,2.06,5.72,8.44,12.72,3.45,415.12,487.92,330.81,328.53,141.84
"3107","TRINITY_DN50_c16_g1",-1.34655461027344,0.465993392877459,-4.36555047291153,0.000981456799630624,0.0102363215318714,-0.519640777365793,74.67,79.73,51,42,66,36,15,9.97,35.74,23
"3108","TRINITY_DN50_c4_g5",1.30090914845357,-1.08890581459307,3.23934436462948,0.00733877098144881,0.0392915732308281,-2.24313368198441,17.18,8.73,9.84,7.62,5.61,32.32,18.57,14.22,17.89,12.92
"3109","TRINITY_DN50_c8_g1",-1.33875408223451,5.8159538227127,-3.47800236361534,0.00474872504816081,0.0292810230239785,-2.8995416555662,3859.67,3404.09,1460.83,1161.89,4067.16,825.78,500.58,1229.12,1799.61,828.76
"3110","TRINITY_DN50002_c0_g1",1.27380521762907,-0.971456589141249,3.16862570896504,0.00835338181941832,0.0427340848890126,-2.36796056413355,11,15,11,3,15,25,20,12,25,20
"3111","TRINITY_DN50011_c0_g1",-1.80717126298705,-0.483744863552958,-5.99371328255306,7.05825670289065e-05,0.0019420706546726,1.86842641185784,59.57,30.49,41.74,27.69,33.78,9.07,7.14,7.08,9.8,11.28
"3112","TRINITY_DN50015_c0_g1",-1.34658072090935,-0.366650093742004,-3.36753299327692,0.00580650496649594,0.0335338300735486,-2.10799722528244,44,39,16,32,57,9,7,15,14,14
"3113","TRINITY_DN50018_c0_g1",-1.5604883205934,-1.42764843410942,-3.30049204233434,0.00656242912043651,0.0363998656220337,-2.13484777723693,19.67,23.06,14.15,13.01,24.15,1.07,2.17,15.38,6.47,3.26
"3114","TRINITY_DN5003_c0_g1",1.0398417811508,5.68019495846552,11.69178760226,8.55240577725217e-08,5.09308753825012e-05,8.4521010295412,1034,890,930,966,1073,2167,1877,2197,2063,1608
"3115","TRINITY_DN5009_c1_g4",-1.71026425234727,0.91231663746346,-5.71165996404842,0.000108445549132377,0.0025131921017721,1.58138055968236,136.03,81.28,99.64,60.98,100.73,21.8,38.05,12.83,44.61,26.26
"3116","TRINITY_DN50153_c0_g1",-2.01017290563819,-1.48118043532673,-4.13402070860018,0.00146883416472921,0.0134180985982174,-0.942886716674462,16.63,23.64,29.05,23.16,14.09,3.04,2.02,2.02,5.09,5.05
"3117","TRINITY_DN50172_c0_g1",3.17398158885115,0.465081219475293,9.18711257275734,1.1010016197857e-06,0.000181468421520498,5.55872478123091,24,11,10,19,10,90,84,148,169,82
"3118","TRINITY_DN50228_c0_g1",-1.01378123849253,0.406282683692607,-4.1464094048335,0.00143725293017305,0.013214078577005,-0.885930133860701,55,44.05,54.02,62,51,23,29,17,40,14
"3119","TRINITY_DN50292_c0_g1",3.69976889167745,-2.42499080760699,7.11276560042418,1.42852710362779e-05,0.000740696069527349,1.53846475066194,1,3,1,1,4,16,18,15,22,12
"3120","TRINITY_DN503_c2_g2",1.32013986149374,-0.380050152464839,4.57274354600193,0.000688076197684981,0.00810419066008744,-0.133000254009845,12.21,12.87,16.73,12.34,16.89,34.16,22.07,42.3,25,34.02
"3121","TRINITY_DN50344_c0_g1",-1.41627158346128,-0.566235748855274,-3.36554510067074,0.00582759441717331,0.0336021083371646,-2.0794504091485,44,34,41,13,40,10,3,12,24,6
"3122","TRINITY_DN5035_c1_g1",-1.95488637188936,0.239033661634556,-5.95694110218851,7.46003305108567e-05,0.00200870622614654,1.93169467381934,97.93,45.1,84.71,57.54,48.59,15.79,15.47,21.74,11.52,11.04
"3123","TRINITY_DN50367_c0_g1",-1.9087571429458,-0.343783700952745,-5.43388039074802,0.000167356357094534,0.00329926771247873,1.13280868454892,47.61,49.09,51.04,25.05,51.08,15.55,2,9.01,16.04,10.01
"3124","TRINITY_DN5037_c0_g1",1.13768301510022,-0.577336820812922,3.0866363973856,0.0097083586534721,0.0472441026680684,-2.56187619225692,22.05,13,14.65,5.99,15.56,39.58,31.25,15.99,33,15.14
"3125","TRINITY_DN50398_c0_g1",1.39216459964563,-0.532532776158641,3.6474032330955,0.00349427971431909,0.0238017993665034,-1.62009526915465,24,10,7,8,22,17,27,30,39,34
"3126","TRINITY_DN50449_c0_g1",-1.28845131797148,-0.0496494556928803,-5.08198498197898,0.000294534753861311,0.00469933698951909,0.651967565201524,53.47,32.59,42.79,29.46,60.44,20.65,9.79,17.53,17.56,11.24
"3127","TRINITY_DN50477_c0_g1",-1.74137562659884,-0.822420965223242,-5.7052847414074,0.000109517469517234,0.00252654111246109,1.39346896581505,36,34,26,29,24,10,5,5,9,6
"3128","TRINITY_DN50479_c0_g1",-2.35573331616439,0.58624634674388,-7.25412910771422,1.18101153703919e-05,0.000665035986030864,3.64221946464202,102.76,100.6,126.09,51.28,108.92,14,7.16,17.28,39,13
"3129","TRINITY_DN50525_c0_g1",1.6122162535453,-1.56189894628159,3.16891294806324,0.00834898648156175,0.0427236545035869,-2.33785173252698,11,5,4,5,6,10,9,11,19,31
"3130","TRINITY_DN50528_c0_g1",-1.54622545441166,-0.924214585526806,-4.28137054229239,0.00113555656984353,0.0112955481694146,-0.605050936703566,42.2,22.01,21.16,17.84,30.67,3.14,6.37,7.34,12.69,6.41
"3131","TRINITY_DN50621_c0_g1",2.64173143687772,-1.53882497528952,5.93196229848034,7.74675017898448e-05,0.00204966908155427,1.04753172526643,9.18,2.98,3.88,3.44,4.9,27.87,17,20.77,30.28,14.57
"3132","TRINITY_DN50687_c0_g1",1.32322931114959,-0.112477922801313,4.32612050274201,0.00105073014876862,0.0107250736930271,-0.539392535909682,21.43,23.29,21.15,10.54,12.32,47.7,39.91,24.64,59.58,25.28
"3133","TRINITY_DN50709_c0_g1",-1.78805260708923,-0.156344420798,-4.00847059540948,0.00183257765047068,0.0154752600900491,-1.04140277732607,73.29,37.26,43.02,41.3,53.15,26.72,1.04,15.61,25.78,6.22
"3134","TRINITY_DN5074_c1_g1",-1.20077110794239,1.58552240525102,-4.49420993288257,0.000786709257000188,0.00884088909039198,-0.439594007508625,160,148.77,85.58,81,171.01,41,37,62,62,62
"3135","TRINITY_DN50785_c0_g1",-2.97061847280927,-1.81951056088172,-5.19855848048633,0.00024376545278626,0.00416807505265561,0.0213191048551149,33,21,26,13,23,3,1,5,1,1
"3136","TRINITY_DN50806_c0_g1",-2.96664703015718,-1.61691416785184,-3.82630346740951,0.00253391576825508,0.0190995583204777,-1.50849969219891,27.52,46.8,16,21,27,1.86,8,0,6,2
"3137","TRINITY_DN5081_c2_g1",-1.64562843950153,-0.4457025016161,-6.76528740255692,2.30492922507629e-05,0.000982503177751759,2.84055423010667,41,38,40,32,35,10,5,8,18,9
"3138","TRINITY_DN50846_c0_g1",-2.09188197601409,-1.32374147276673,-4.63181915323781,0.000622451138013806,0.00756575283221,-0.231334562200321,19.2,32.91,17.01,23.87,29.13,6.69,2,2.05,5.52,4.14
"3139","TRINITY_DN50851_c0_g1",3.20409050796729,0.614608496234769,8.45392651272611,2.58271824747823e-06,0.000282515547948316,4.91882234601472,23.23,17.49,29.8,11.14,5.05,108.69,111.38,155.3,143.72,111.59
"3140","TRINITY_DN509_c1_g4",2.15907457869489,0.209175391778811,3.80521848085932,0.00263132610241123,0.0196117184314593,-1.41672314843409,15,15,28,13,12,116.93,148.92,50.19,49.57,25.97
"3141","TRINITY_DN50932_c0_g1",-1.60809794186114,-0.677625558707121,-4.56291208813023,0.000699681671856973,0.00819434230784198,-0.161879334090824,48.94,29.52,20.44,32.31,31.1,9.58,4.75,12,12.59,4
"3142","TRINITY_DN51101_c0_g1",-1.42982695937296,-0.63768925973212,-4.97049045488326,0.000353584817545861,0.00525747179090676,0.454097257761528,40,34.87,24,27,26,12,10,8,10,6
"3143","TRINITY_DN51210_c0_g1",-1.99736677951074,-1.42101834482969,-5.04799611562266,0.000311349797679878,0.00486227308752778,0.277590106014393,25,29,17,17,22,5,2,6,5,2
"3144","TRINITY_DN51243_c0_g1",-1.35955404774161,0.481174951765329,-3.86318539925364,0.00237236264976887,0.0183184521413371,-1.37320576388831,123.23,56.16,43.29,50.37,55.24,25.1,33.48,17.14,16.19,21.1
"3145","TRINITY_DN51293_c0_g1",-3.17299066253702,-2.27773306520322,-4.87232955623113,0.000415892315213879,0.005839132399793,-0.38113363584978,24,11,22,22,15,1,0,1,2,3
"3146","TRINITY_DN515_c2_g1",-2.61230543180862,-1.22680047948432,-3.11382392576442,0.00923613081808856,0.045743981039396,-2.42198597197334,51.03,29,24.48,12.16,46.34,0,5.04,1.37,13,16
"3147","TRINITY_DN5170_c0_g1",2.09093862750746,1.13074286497524,6.64517444319968,2.72928802712173e-05,0.00109475446226532,2.90466998066507,24.65,18.25,58.95,44.82,22.99,151.31,88.18,92.78,181.39,109.03
"3148","TRINITY_DN5172_c0_g1",3.59167733741199,-0.169123526213493,5.00483357044161,0.00033417154644016,0.00508701772653224,0.45504922224513,11,21,1,6,16,100,63,86,165,34
"3149","TRINITY_DN51721_c0_g1",1.99014172468628,0.0474688033069391,3.57612801637029,0.00397460927204345,0.0260054099501642,-1.79415148024698,36,15,2,37,16,62,60,51,62,34
"3150","TRINITY_DN51771_c0_g1",-1.1917078435056,-1.31397358297964,-3.5189347356803,0.00440862041202076,0.0278630342586825,-1.79313148031122,24,18,15,11,22,5,3,6,7,9
"3151","TRINITY_DN51822_c0_g1",1.28162716469522,-0.481580756744026,4.1491601345554,0.00143033686745225,0.0131904802573068,-0.804615280986728,11,11,15,12,20,34,35,18,39,21
"3152","TRINITY_DN51916_c0_g1",-1.1975819886602,0.563520400978205,-5.15266007736818,0.00026255712937197,0.00436319731856732,0.741504923281094,78,70,48,47,71,19,29,29,26,21
"3153","TRINITY_DN51950_c0_g1",-2.42633213120148,-1.9618201297629,-4.1309068911519,0.00147688455601495,0.013446472696051,-1.15002726068394,15,16,18,18,16,1,6,1,1,5
"3154","TRINITY_DN51961_c0_g1",1.44248468105014,-1.68975110623736,3.40691144041696,0.00540436928923175,0.0319383710701267,-1.98667143086392,12,6,6,3,5,17,7,16,13,10
"3155","TRINITY_DN51981_c0_g1",-1.48797377029979,-0.442069985565034,-5.61763385659017,0.000125448353358041,0.00273806636737448,1.39781682724009,40.03,35.04,46.04,20.02,37,11,8.04,11.01,12.01,9.03
"3156","TRINITY_DN520_c0_g4",1.24676498055498,0.932459686522392,4.36616160490444,0.000980421362085277,0.0102347538260335,-0.571801056659973,39.78,47,30.11,51.49,18.61,91.85,73.84,68.14,76.08,78.15
"3157","TRINITY_DN5201_c0_g6",3.6314208153109,-0.272697373671991,3.40401947810252,0.00543291365255837,0.0320485138437884,-1.97816040362265,0,46.98,28.59,38.06,0,72.87,46.99,115.49,60.53,87.86
"3158","TRINITY_DN52010_c0_g1",-2.21970336553138,-1.06776649568839,-6.04776828959341,6.50881079958652e-05,0.00185060495661427,1.60685172567123,32,26,30,22,38,10,2,7,4,3
"3159","TRINITY_DN5203_c0_g3",4.47151524611751,-1.13714935180348,3.24769727020492,0.00722746531540822,0.038873830781451,-2.30049474547215,0,0,0,27.77,34.88,117.54,33.15,81.54,29.66,57.34
"3160","TRINITY_DN5212_c0_g1",1.21951768112078,4.49840769465717,8.44377981506515,2.61437890362336e-06,0.000284397365893956,5.00704715855902,461,421,447,325,371,1131,591,1097,1175,782
"3161","TRINITY_DN52196_c0_g1",-1.94410177504734,-1.24274451987129,-4.07551797710085,0.00162799154602393,0.0143027117072828,-0.970149809545827,27.12,14.97,27,19,36.18,2.03,3,2,12,8
"3162","TRINITY_DN5223_c0_g1",1.5329218352083,2.57031893304792,4.33549647017124,0.0010338089959095,0.0106234470237131,-0.86314282199557,100.03,75.36,82.57,102.1,119.11,381.67,493.29,242.04,183,192.89
"3163","TRINITY_DN5225_c1_g1",2.12259724200058,0.466152126890481,5.83794751798616,8.93519956309364e-05,0.00223338163895866,1.77218341597572,26.16,20.82,10.93,13.56,32.63,53.16,46.4,91.55,151.3,69.63
"3164","TRINITY_DN5227_c0_g3",1.12219022583308,-0.243606977831429,3.06018060303025,0.010191182325943,0.0487047357780831,-2.66391527734828,20,8.11,22.05,13.16,26.08,19.01,24.01,28,59.85,39.37
"3165","TRINITY_DN5233_c3_g1",1.27463022125359,-0.136682650939048,3.17414511923253,0.00826933090599694,0.0424678668027646,-2.4812178801023,24.94,16.9,10,25.88,13.85,44.91,55.63,44.93,30.77,17.85
"3166","TRINITY_DN52425_c0_g1",1.45567543539329,-1.08137290964865,3.84224941437384,0.00246271982842821,0.0187289980687974,-1.28550088517465,11,14,5,6,9,15,18,25,17,23
"3167","TRINITY_DN52446_c0_g1",-2.41229096763575,-2.12944687333364,-3.2922273955453,0.00666228996597352,0.0367849572164517,-2.26209990076462,11,16,14,11,32,1,0,2,5,5
"3168","TRINITY_DN5247_c0_g1",-1.10785881926746,3.67114071650286,-9.62341879811431,6.79421359869726e-07,0.00014704250632058,6.45576637572205,547.16,450.69,516.71,446.34,597.84,253.93,186.92,192.78,340.84,228
"3169","TRINITY_DN525_c0_g2",-1.46128603452036,5.33926625312446,-3.67227765658901,0.00334101671488433,0.0230591197932092,-2.48846518639184,2821.39,1420.45,1834.6,1441,2075.74,810.61,150.82,742.53,1372.66,913.7
"3170","TRINITY_DN525_c1_g1",-1.52779738627786,3.47520512312638,-3.89478842089567,0.00224239361354271,0.0176378931358209,-1.80362395695785,442.01,649.75,379.71,387.61,837.05,290.32,59.84,276.87,121.41,286.51
"3171","TRINITY_DN525_c2_g1",-1.56665488392455,2.46094150669903,-3.94330933604363,0.00205697877584083,0.0166986765069789,-1.53262418576414,487,223.13,251.64,152.77,276.97,135.94,21.37,78.53,169.94,97.17
"3172","TRINITY_DN5252_c0_g2",-1.2358531138023,4.857676505702,-3.95916995368743,0.00199986508106416,0.0163916006064136,-1.91247598463162,1141.49,1335.61,1075.84,1179.02,1331.07,494.45,655.14,1104.78,279,361.02
"3173","TRINITY_DN52545_c0_g1",-4.26037434571355,-2.76398334363307,-7.34617311444132,1.04477970794602e-05,0.000620839192151335,1.69191932219875,15,20,23,14,23,1,0,0,0,1
"3174","TRINITY_DN5255_c0_g1",-1.00339644687559,3.30718339784874,-5.51912967412938,0.000146322458551501,0.00302379363338704,0.998652721884051,337.89,317.71,421.95,424.91,402.78,272,186,218.93,157,140
"3175","TRINITY_DN52830_c0_g1",2.17404335207375,-0.412181634406674,4.01969052731779,0.0017965703862234,0.0152725787628851,-1.00446489984972,36,12,2,11,10,36,27,60,36.29,54
"3176","TRINITY_DN5286_c8_g1",2.86369338170295,-1.41983039430341,3.11171910276317,0.0092718497965117,0.0458542628006972,-2.43537773833972,15.06,28.29,0,9.33,0,17.9,18.65,37.49,38.74,16.31
"3177","TRINITY_DN530_c1_g3",1.84545839658892,-1.4373320736177,3.98158169540857,0.00192194148611712,0.0159560973600479,-1.12780104465028,4.42,9.86,3.41,5.34,8.11,13.7,24.78,11.8,19.13,19.06
"3178","TRINITY_DN5303_c0_g1",1.56003121491898,-1.43001916870005,4.25135289745348,0.00119642534396835,0.0116935796736357,-0.720594268126575,7.37,4.09,8.35,6.32,8.24,22.06,10.74,15.79,20.95,10.37
"3179","TRINITY_DN5303_c0_g5",1.05655168573184,0.93461275573312,3.70481200187631,0.00315090864340099,0.0221411661326239,-1.71663573571772,63,29,51,14,51,72,62,77,94,65.69
"3180","TRINITY_DN531_c3_g1",1.17405218372327,0.650489842160414,3.24964959722316,0.00720169710047953,0.0387829214843745,-2.47191097423999,26.34,27.27,29.54,34.28,30.44,104.56,95.59,55.37,39.61,43.54
"3181","TRINITY_DN5315_c0_g1",1.02240469369248,1.01689147704598,4.85486078730626,0.000428139556322817,0.00593448996125238,0.22802964545448,53.11,37.49,49.32,34.32,30.11,98.01,74.88,62.27,103.09,53.72
"3182","TRINITY_DN5317_c1_g1",-1.61057688243216,-0.921909448509314,-3.90873865852755,0.00218738183100205,0.0173633807895552,-1.1794615807662,30,21.06,32,13,45.78,9,2.01,7.03,9,8
"3183","TRINITY_DN532_c0_g1",1.0206032156498,5.13216774989927,11.088504094504,1.5133800992546e-07,6.58514055828455e-05,7.89374915197638,758.89,671.36,774.38,593.13,579.11,1509.63,1198.23,1397.48,1534.48,1100.18
"3184","TRINITY_DN5320_c2_g3",-2.00840956543417,1.09905388207112,-7.8156351627564,5.68056866003559e-06,0.000440130783458684,4.38433923381289,156.65,127.29,112.43,75.48,131.68,35.69,22.02,18.39,51.13,17.38
"3185","TRINITY_DN53227_c0_g1",1.85568083161994,-0.284262272091807,7.06676896751919,1.52057956572417e-05,0.000766688079377764,3.24788537558431,10.98,12.02,12.4,17.06,12.01,50.01,26.19,36.98,49.03,40.07
"3186","TRINITY_DN5324_c0_g1",-1.97183501039884,2.65608599628735,-7.18158705448378,1.30173997242292e-05,0.000697565899902018,3.56609867404909,470.88,473.09,261.23,250.93,298.09,61.88,111.63,90.38,115.24,59.88
"3187","TRINITY_DN5331_c3_g1",-1.44893732694928,-1.36126783650982,-3.93338693688705,0.00209356366320806,0.0168615343946035,-1.16934731189772,25.01,14.13,14,17.12,23.77,5.98,6,5.97,5,3
"3188","TRINITY_DN5354_c0_g2",-1.3112993049846,3.09835968422957,-3.24185732463549,0.00730510358406595,0.0391531050090043,-2.92764026632062,516.58,252.75,431.74,449.53,274.14,131.79,191.53,83.23,475.43,59.76
"3189","TRINITY_DN5361_c3_g1",2.24140020980837,-1.85707194692994,4.55163432414366,0.000713246831539642,0.00829290474866881,-0.560219922081143,4.68,3.03,2.76,4.25,5.83,14.94,8.75,23.87,19.96,9.09
"3190","TRINITY_DN5365_c1_g1",-1.63916134843082,-1.07385750429243,-3.6807098723272,0.00329064167597635,0.0228176047167299,-1.53896062370807,43.19,24.11,21.49,10.93,28.14,4.34,3.62,8.13,5.32,9.08
"3191","TRINITY_DN5368_c1_g2",2.01914855105681,0.266758218200193,5.9861217015856,7.13928121669168e-05,0.00195919598716991,1.97436624547574,11,26,13,18,23,74,74.78,61,48,65.27
"3192","TRINITY_DN537_c1_g1",2.90920160740376,-0.811101901137373,3.10093578371837,0.009457036206641,0.0464335891485485,-2.44332468126879,22.25,0,10.59,2.26,22.12,47.72,23.02,17.17,76.7,80.41
"3193","TRINITY_DN537_c2_g1",1.30648069144922,-0.161631544343198,4.15305323301321,0.00142060756532337,0.013120778754543,-0.819665411973241,23.33,14.08,9.28,18.41,20.69,54.21,41.81,29.23,33.64,27
"3194","TRINITY_DN53904_c0_g1",1.67770769509662,-1.76045046030209,3.31565221069394,0.00638317931621546,0.0356785023315461,-2.13436383191885,11,3,2,7,7,8,14,12,18,13
"3195","TRINITY_DN5405_c2_g1",-1.72188275775022,0.834396663399708,-7.99104486068492,4.55373744044931e-06,0.000388531942731854,4.56584503561874,115,96,91.57,60,91,22,16,33,37.01,19.12
"3196","TRINITY_DN54078_c0_g1",-2.03516785779705,-1.47242661700768,-4.41284772118938,0.000904592214837798,0.00973904892265295,-0.555729248510061,32,22,17,14,21,1,4,4,4,7
"3197","TRINITY_DN5415_c0_g1",1.47723060880643,5.8064656760184,10.7877974127837,2.03125504646055e-07,7.3166882935123e-05,7.55645344983558,980,716,1180,692,1105,2320,1773,2900,3203,2530.89
"3198","TRINITY_DN54280_c0_g1",1.72622641957495,-1.74294241825811,3.85251254869006,0.00241799021321834,0.0185128712404798,-1.36455492458237,6,4,3,10,5,13,7,19,15,12
"3199","TRINITY_DN54426_c0_g1",-2.56855944441096,-1.98986227017112,-4.27691963566265,0.00114437459682452,0.0113583355284457,-1.0153516677325,22,20,14,17,18,6,0,2,6,1
"3200","TRINITY_DN54427_c0_g1",-2.13946541858514,-2.05093310690943,-3.43032835196295,0.00517879058894788,0.0310630347290984,-2.05779758455486,18.05,12.68,11.53,27.02,10.44,3.31,1,2,2.01,1.43
"3201","TRINITY_DN545_c1_g1",-1.21658940047077,1.66685550444841,-4.51854699805187,0.000754654227469212,0.00861022473515441,-0.409090277686517,181.9,107.95,164.4,151.4,83.75,68.59,49.63,44.71,87.11,33.81
"3202","TRINITY_DN545_c11_g1",-2.10667448787608,-1.36674224255875,-3.54925444168475,0.00417281860087933,0.0269208898682578,-1.77321646019984,22.42,30.97,23.99,20.25,23.15,4.34,0,4.84,10.58,11
"3203","TRINITY_DN54520_c0_g1",-3.71630912681638,-2.72801944742165,-5.67497329014764,0.000114769715370472,0.00259776928369345,0.386951454232503,17.06,22.49,12.32,14.27,14.81,1.94,0,0,0,2.03
"3204","TRINITY_DN54591_c0_g1",1.17107029694662,0.908443171306485,7.28738686410192,1.12971546230468e-05,0.00064869379210405,3.73967161553456,44.11,30.11,38.77,31.13,33.55,85.91,71.59,67.29,84.34,65.34
"3205","TRINITY_DN54655_c0_g1",-1.5086449758891,-1.27669380520673,-3.64858355921807,0.00348684668040096,0.0237600949378212,-1.59487084014682,14,25,16,26,22,7,4,6,5,4
"3206","TRINITY_DN5467_c5_g1",1.28102935143933,0.160511739856936,3.99434674158587,0.00187896856670316,0.0156915368204439,-1.11505321147385,30.26,20.48,36.26,10.91,14.31,48.29,36.63,34.24,48.16,65.5
"3207","TRINITY_DN5474_c1_g1",-1.47816913033655,2.66553349420214,-4.35730634558244,0.000995536673058843,0.0103371311170948,-0.840717106369775,247.72,324.4,398.77,124.88,475.89,103.08,59.23,145.56,124.48,95.22
"3208","TRINITY_DN54873_c0_g1",-2.59577684451306,0.00664382453072284,-8.1659006206286,3.66554429714637e-06,0.000343183119366001,4.41564378795758,84.53,54.36,64.96,79.16,62.41,4.54,10.79,7.56,16.69,11.31
"3209","TRINITY_DN5497_c0_g3",1.14808541994641,3.37130354564263,6.17195287195483,5.41136695408743e-05,0.0016600657642401,2.01239949973683,251.58,218.24,200.42,114.05,182.3,445.26,324.19,326.32,610.66,433.73
"3210","TRINITY_DN5503_c0_g1",-1.10465406038929,3.60983867734534,-5.36807442178434,0.000185769468125829,0.00351817101003898,0.709852196291677,466,689.91,392,569.91,375,229,222,244,243,191
"3211","TRINITY_DN55053_c0_g1",1.3445495352522,-0.549308970482364,3.63316682814734,0.00358522314575905,0.0242270930700684,-1.64256947617071,17,5,19,10,19,35,27.33,28,24,26
"3212","TRINITY_DN5507_c0_g1",1.46556273669799,2.72979487714977,7.48923610078153,8.65322074672357e-06,0.000552005608761583,3.9597996860499,97,82,158,143,88,348,305,287,344,224
"3213","TRINITY_DN5508_c0_g1",-2.53300958408219,2.11254778558861,-6.57132320290167,3.03097740330228e-05,0.00115587968149262,2.77592582833604,329,562,215,242,189,56,35,33,74,42
"3214","TRINITY_DN5512_c0_g2",-1.28097759202888,3.64446125599606,-4.61904953706928,0.000636059658773178,0.00768115472920336,-0.555970805872973,853.01,793.01,378.43,344.06,455.75,196.04,230.02,247.33,231.49,191.86
"3215","TRINITY_DN5515_c1_g1",-1.89523614462278,-0.138392115213172,-7.15663297238256,1.34626442864289e-05,0.000715783661176106,3.38469211977627,59,41.37,44.59,44.9,57.01,10,7,7,18,17
"3216","TRINITY_DN55192_c0_g1",-1.01879054967017,-0.757120391129168,-3.29167762487305,0.00666898719227834,0.0368032551111213,-2.19520228602666,21.83,29.4,24.14,25.43,21.08,10.31,13.1,9.37,13.51,4.13
"3217","TRINITY_DN55245_c0_g1",-2.87308797117706,-1.86453033223549,-5.5989596220715,0.000129149239222891,0.00278973640610495,0.401956527066003,30,19,26,17,17,2,1,1,2,3
"3218","TRINITY_DN55302_c0_g1",-3.6501095014667,-2.1528310565404,-4.68394361353065,0.000569985085426619,0.00713274164270664,-0.565348600313714,40,14,25,18,24,2,6,0,2,0
"3219","TRINITY_DN55367_c0_g1",-1.89334017538276,-1.47098470175604,-3.87635333832651,0.00231728926979291,0.0180469187676555,-1.29609344374331,28,16,17,16,27,10,1,1,7,6
"3220","TRINITY_DN5558_c0_g1",-1.03081957392946,5.06069150726452,-10.3559096848701,3.13775200096892e-07,9.39380571317266e-05,7.14965544402754,1283.54,1284.49,1540.19,1160.19,1292.24,732.4,461.33,581.45,855.71,575.38
"3221","TRINITY_DN55630_c0_g1",-3.70335752506937,-2.11962072348553,-4.39158056582589,0.000938347085665738,0.00995662043239274,-0.891384041937008,27,41,19,27,14,4,1,0,4,0
"3222","TRINITY_DN5565_c8_g3",-1.03209616300827,3.32333684935035,-5.14522245255698,0.000265743194120974,0.00439215778263235,0.383994394096985,476.76,460.32,376.19,231.87,437.5,203.28,173.99,203.57,165.8,214.95
"3223","TRINITY_DN5567_c1_g2",2.50138158385422,-1.15365454511292,3.37939106950053,0.00568230522057976,0.0330801784476776,-2.01423519781005,3.04,16.46,1.09,7.46,10.6,41.81,11.51,13.76,67.69,23.29
"3224","TRINITY_DN55785_c0_g1",-1.05891005296169,0.349009047939784,-3.63328540243403,0.00358445574537453,0.0242249170535122,-1.75814500446456,50,47,83,27,66,27,16,27,30,14
"3225","TRINITY_DN5595_c0_g1",-1.88809047632194,1.9666577702127,-4.35578445822632,0.000998158781414028,0.0103490583102436,-0.713726581609828,327,209,121,236,186,25,89,34,150,33
"3226","TRINITY_DN560_c1_g1",-1.15610118139747,-0.930180013577429,-3.18552114556205,0.00809877697639305,0.041936460255426,-2.34514961421776,28.9,27,22.06,17.44,20.27,6.04,10.07,8.02,18.43,2.16
"3227","TRINITY_DN5600_c0_g3",1.74764629713064,0.302595475084569,7.62577750264325,7.24525017439698e-06,0.000503934018204126,4.06591705462484,14,24.01,26.02,13.65,22.32,60.31,42.62,60.99,78.28,57.46
"3228","TRINITY_DN5601_c0_g1",1.16501258059253,4.72973945500824,6.25444063113821,4.79232952298623e-05,0.00153148998287159,1.96016102025064,501,448,391,606,478,1364,1161,896,927,1051
"3229","TRINITY_DN56032_c0_g1",2.97519243874211,-0.75595906867898,4.99522711037713,0.00033948624958248,0.00512774134991411,0.336395889819111,10.38,5.21,5.22,8.7,4.18,54.79,55.99,57.54,24.9,34.33
"3230","TRINITY_DN5604_c3_g1",1.13421079050525,-0.456056237741603,4.09176600286318,0.00158207234846572,0.0140674345439593,-0.901282517161207,11,16,24,9,16,23,25,28,35,26
"3231","TRINITY_DN5609_c1_g1",-1.04272486095376,2.04435691574044,-5.26213526073618,0.000220044742011583,0.00391381738481099,0.768958935463024,180.7,141.1,223.96,112.51,164.51,108.21,46.38,86.23,98.66,56.77
"3232","TRINITY_DN561_c0_g1",-1.44775870833179,0.87572527718124,-6.8813623730874,1.96113205921639e-05,0.000903200117128185,3.21558748366073,87.59,89.42,94.02,66,83.52,26,20,18.56,49.93,33.42
"3233","TRINITY_DN561_c6_g1",-1.48287937040295,-1.30940136986008,-3.18103103156987,0.00816566622119919,0.0421384014646342,-2.31975022193923,27.66,13.39,30.03,10.7,24.11,6,2,10.78,9.67,2
"3234","TRINITY_DN56129_c0_g1",3.19362578627911,-1.94528332821878,3.91833875190828,0.00215033541253579,0.0171922524508649,-1.46054893596237,11,0,2,12,0,16.57,10.7,28,24,21
"3235","TRINITY_DN56170_c0_g1",-1.13210143691911,1.01494427397674,-5.45459004673934,0.000161968585152564,0.00322579030209926,1.18173606925198,115.45,76.15,82.17,55.85,91.66,34.25,20.66,41.4,52.38,31.28
"3236","TRINITY_DN56179_c0_g1",1.94046339569287,-1.40351394139661,5.00590628096674,0.000333583531454915,0.00508229728446999,0.263795415117869,9,6,2,6,9,18,17,20,23,13
"3237","TRINITY_DN5623_c2_g1",1.66266460873584,-0.996275510503607,3.82953226613712,0.0025193303970027,0.0190291486770412,-1.30521901712023,13,3,13,8,12,23,21,18,24,27
"3238","TRINITY_DN5627_c3_g2",1.2379679283048,-0.544154708496125,3.99068298982964,0.00189119975332765,0.0157598047775769,-1.05896946363838,17,17.3,13.9,8,11.53,22.16,16.84,21,43,36.03
"3239","TRINITY_DN5643_c2_g1",1.22897174328557,-0.0700317146290081,3.39112863543644,0.00556202770104334,0.0325645047026316,-2.11875221220903,26,15,17,17,16,52.89,69.91,27,33.05,23
"3240","TRINITY_DN56515_c0_g1",-3.75865850728658,-2.13072584191289,-3.90335510176159,0.0022084445491526,0.0174592307373487,-1.47537464180546,36.67,12.92,39.86,9.7,41.1,0,0,2.15,5.32,1.08
"3241","TRINITY_DN56563_c0_g1",2.07200197017305,-2.01034797396248,4.08762887714497,0.00159363555574775,0.014114936195993,-1.17923904638753,2,5.08,5.02,3,5.92,13.48,11,15,12,9.54
"3242","TRINITY_DN5667_c2_g1",-1.15743647760824,5.02584146617281,-7.26710463299589,1.16070818225692e-05,0.000659687343167568,3.40753019942365,1297.15,1194.01,1948.99,945.95,1462.92,587,395,614.03,796.57,608.01
"3243","TRINITY_DN5682_c3_g1",-1.8823648686824,-0.134291422192922,-3.63132236917608,0.00359718200047642,0.0242837689199346,-1.67258518625406,56.97,41.57,39.41,38.47,76.42,1.16,8.43,27.81,22.98,15.86
"3244","TRINITY_DN5701_c0_g1",1.1735452658647,3.77184611934886,10.0780764665541,4.1836295656619e-07,0.00010939990178169,6.9393822136159,252.28,282.8,213.83,197.77,291.77,568.74,539.67,521.75,623.63,527.06
"3245","TRINITY_DN5713_c0_g2",-2.85946728622075,1.25045001442232,-7.35574853218093,1.03160401740996e-05,0.000617498975377276,3.82255324250323,116.51,134.79,245.12,202.01,195.65,18.56,25.92,49.26,13.88,16.34
"3246","TRINITY_DN57216_c0_g1",2.04953912169035,-1.23570873934302,3.96815643465969,0.00196823484941061,0.0162252989182643,-1.12767097955489,5,6,5,7,10,15,24,20,17,38
"3247","TRINITY_DN57228_c0_g1",-1.0267322553491,-0.884167330452817,-3.31242517069213,0.00642091420541633,0.0358415378229474,-2.14749331278914,32,19,27,15,21,9,7,5,13,12
"3248","TRINITY_DN5723_c1_g1",1.12664376283478,5.27654104078942,6.09574389345018,6.05914207375603e-05,0.0017645445100684,1.6557569542879,907.4,451.98,1087.1,596.59,684.9,1656.54,1564.64,1828.47,1654.72,1106.41
"3249","TRINITY_DN5728_c2_g1",-1.4427579006264,3.86138187727871,-6.81929703432972,2.1375803404674e-05,0.000946014095186023,2.91362971532169,662.17,713.32,487.01,563.87,905.76,349.8,217.61,155.4,282.32,225.83
"3250","TRINITY_DN57302_c0_g1",-1.28991355195654,-0.564580671943184,-4.76573060344809,0.000496797137847503,0.00651900919774754,0.159697311053353,37.04,31.53,28.01,21.16,33.96,11.27,11.29,5.76,16.37,7.98
"3251","TRINITY_DN574_c0_g2",2.3320686872991,4.55088007049079,6.16989763807113,5.42783580615026e-05,0.00166194506401989,1.88749986034342,514.73,296.14,198.8,141.66,414.15,1477.41,1315.23,2006.84,2370.31,595.12
"3252","TRINITY_DN574_c0_g3",2.4623322953958,2.5724076150719,7.05645707503127,1.54207363331228e-05,0.000772491450476238,3.41103483812521,142.68,62.75,46.59,42.42,92.13,384.25,324.18,558.5,567.06,193.25
"3253","TRINITY_DN574_c1_g1",2.52178997148146,3.62453031509331,5.79823289364824,9.49400690255425e-05,0.00230633554907025,1.44469462431259,280.21,143.62,79.35,78.76,208.15,838.02,754.61,1128.31,1414.39,312.64
"3254","TRINITY_DN5740_c0_g1",1.31742636741195,2.08667343416156,6.54474934216262,3.14806431027463e-05,0.00118742278710227,2.71681022875393,77.61,62.07,68.45,109.28,64.43,150.23,141.82,231.71,234.76,163.66
"3255","TRINITY_DN5742_c0_g1",-1.22664750406057,4.69649728461724,-5.53256479591636,0.000143271151896501,0.00298683833760161,0.829426881694709,1217.88,935.22,1563.97,625.07,1357.06,419.09,315.09,463.01,809.7,398.78
"3256","TRINITY_DN5744_c3_g1",1.10177566227062,1.23827491756676,6.57876123895328,2.99904214033824e-05,0.00114873873982491,2.81138076390785,55.28,48.21,37.99,35.73,50.74,78.54,85.53,102.79,121.03,77.45
"3257","TRINITY_DN5753_c0_g1",1.01463020675866,3.78836168582697,6.4503150255844,3.60470896356264e-05,0.00128989292919168,2.37142965635719,211,260,353,263,244,646,530,433,557,511
"3258","TRINITY_DN5781_c0_g1",-1.20352040818229,3.00959772686851,-4.37403057122329,0.000967190241458371,0.0101537240731832,-0.878393269514311,379.01,266.03,627,246.81,261,174,103.12,116.1,268.81,99.2
"3259","TRINITY_DN5787_c1_g2",1.3248970803953,-1.2061083996967,3.08611634819966,0.00971762445403204,0.0472846120922507,-2.4802379981619,9.54,9.24,8.69,5.01,10.22,17.73,15.12,22.07,31.66,5.94
"3260","TRINITY_DN5794_c0_g1",1.15336228044852,3.04144114107939,7.33056679637705,1.0666409812728e-05,0.000626678988338231,3.71383256507601,132,165,162,165,133,427,319,306,401,237
"3261","TRINITY_DN5800_c0_g1",1.52465183844121,3.34130942472413,6.47355417346869,3.48614722076401e-05,0.00126917693095432,2.47691256527138,145.08,159.53,178.39,104.54,251.67,298.68,421.45,549.57,610.98,525.78
"3262","TRINITY_DN5802_c1_g2",1.17878468973331,4.25168429101577,9.91086807548459,4.98994617219312e-07,0.000121164358148105,6.72975501809645,326.21,367.83,387.8,318.25,317.83,927.11,694.93,621.36,940.52,714.37
"3263","TRINITY_DN58225_c0_g1",-4.41340928768741,-0.523197531596629,-3.23378902109818,0.00741375701477036,0.0395645268632628,-2.24263501680075,121.24,109.48,111.06,96.16,27.3,0,13.84,76.11,0,2.97
"3264","TRINITY_DN5851_c0_g2",-1.12322932607071,2.65594974131119,-5.27255278239303,0.000216396030543879,0.00387170937411582,0.700767839970387,189.29,295.62,339.01,273.17,199.6,132.39,77.45,143.87,137.21,92.09
"3265","TRINITY_DN58809_c0_g1",-1.51915667900438,0.741587817417534,-6.16268497617864,5.48605452635482e-05,0.00167072783730664,2.23717908145558,72.53,67.61,79.4,69.38,109.82,36.65,10.32,30.04,33.97,21.11
"3266","TRINITY_DN5886_c0_g1",2.33885873423336,0.279286771126139,5.03390664533741,0.000318613625928401,0.00492741362748697,0.577431363302708,14,20,9.89,22,16,86.88,62,144.03,42.01,58.67
"3267","TRINITY_DN5887_c0_g1",1.48589545584964,-0.543492914943496,3.22900363172003,0.007478971426455,0.0397993087619914,-2.31425009292982,11.71,6.97,26.03,9.44,13.82,53.73,19.72,39.4,40.69,11.56
"3268","TRINITY_DN5891_c1_g2",4.73293661304291,-1.72690860722205,6.01033741117305,6.88421757818705e-05,0.00191287886302494,0.775460716512655,5.41,1.82,6.19,0,1.82,44.5,46.68,20.84,57.67,40.86
"3269","TRINITY_DN5907_c2_g2",1.48064232478334,1.75821385845476,5.40626776411971,0.000174836270600993,0.0033938328316412,1.04108787783646,84,57.67,75.41,23.41,62.8,145.75,94.72,145.48,237.91,171.55
"3270","TRINITY_DN5909_c0_g4",1.32317983645095,-1.28348689449921,3.3176895382591,0.00635947210181646,0.0355752388244265,-2.10815493140365,11.02,4,17,4,10,20,13,15,20,13
"3271","TRINITY_DN5922_c0_g3",2.58259314189436,-2.01960065889553,4.42487163076195,0.000886070703313404,0.00959894159103287,-0.851879962643448,5,1,4,3,6,11,12,13,25,15
"3272","TRINITY_DN5922_c2_g1",-3.12185719375135,-1.83686666921072,-4.04486001407076,0.0017184349213379,0.0148266804896081,-1.2905626434164,32,15,24,21,32,0,0,5,10,4
"3273","TRINITY_DN5924_c1_g1",1.02934828326234,1.77825083812833,3.29830233585251,0.00658873836901747,0.036483059934991,-2.58538788343097,112.27,65.83,37,96.05,48.49,139.27,141.55,141.75,103.28,140.24
"3274","TRINITY_DN5925_c1_g1",-1.02619852325786,5.4556936754393,-4.85269499668691,0.000429684149375671,0.00595070464412836,-0.401229075028568,1686.76,1527.65,2545.24,1022.86,2190.44,757.94,560.69,1145.48,901.93,890.98
"3275","TRINITY_DN5926_c2_g1",-1.17877534992002,5.4212204646203,-11.1114694764737,1.48015204158784e-07,6.58514055828455e-05,7.90292292764984,1954.36,2038.74,1901,1415.49,1583.44,776.15,661.15,774.25,855.97,777.79
"3276","TRINITY_DN5947_c0_g2",-1.41077216852161,0.84636834326986,-3.6925654193055,0.00322113060609553,0.0224846656565891,-1.71500564576167,103,100,96,48,77,31,11,19,103,20
"3277","TRINITY_DN5952_c1_g3",1.48567487497546,-0.369187676979973,3.4576501296396,0.00492768238370832,0.0300117996695574,-1.95609652866961,11.17,19.56,9.26,13.46,17.21,34.24,9.96,38.37,49.16,51.07
"3278","TRINITY_DN5952_c2_g1",2.16004282142027,0.670223033388369,6.24581964895802,4.85335317357094e-05,0.00154554293011532,2.35062976834465,26.09,17.66,32.68,14.03,22.57,140.08,74.38,67.1,161.2,47.7
"3279","TRINITY_DN5957_c0_g1",-1.03038099598525,4.30894261543976,-10.8289114747624,1.95035884113783e-07,7.18354602846199e-05,7.68209879297853,807.8,863.49,787.17,704,713.04,399.02,292.01,397.24,440.04,364.01
"3280","TRINITY_DN5957_c1_g1",2.46778121162334,0.491281081684536,9.00289804835578,1.35719275691005e-06,0.000201165587909436,5.51955326003527,9.7,15.85,25.97,20.1,21.11,89.9,82.25,93.6,100.88,72.53
"3281","TRINITY_DN5968_c0_g1",1.07890270744574,1.04766218425709,3.37219580649896,0.00575734133790302,0.0333597051997319,-2.32274315652925,47,33,36,45,43,136,36,54,140,77
"3282","TRINITY_DN59719_c0_g1",1.09635059859272,-0.0691744903377352,3.74053353839862,0.00295492894735635,0.021215950023669,-1.52435464686849,21,12,22,18,24,57,20,27,42,43
"3283","TRINITY_DN59752_c0_g1",-2.53812193074438,-1.96895861560565,-3.3922186968565,0.00555098985787377,0.0325173817296298,-2.11864568030307,11,17,22,17,30,1,0,3,11,2
"3284","TRINITY_DN59809_c0_g1",1.36054504189601,-1.38294588091959,3.21557470790417,0.00766509400037309,0.0404547337424201,-2.26634652206736,6,6,4,15,10,20,8,19,19,10
"3285","TRINITY_DN59814_c0_g1",1.63357368683613,0.314863482067839,3.48135007076637,0.00471992994130387,0.0291464247771865,-2.00763014033984,24,21,8,50,18,106,67,50,41,41
"3286","TRINITY_DN5983_c0_g1",1.08655966890915,2.98532047450848,6.58493391308519,2.9728118901704e-05,0.00114514314106415,2.6754597038991,226.84,126.32,112.63,155.42,138.38,307.96,288.07,313.52,341.39,314.93
"3287","TRINITY_DN59903_c0_g1",-1.1850170424839,0.858644310889099,-4.85846216718243,0.000425584023217095,0.00591055208348612,0.252593605748739,75,67,100,55,91,30,15,32,62,26
"3288","TRINITY_DN5991_c3_g1",-1.35805795047536,2.48227686701755,-6.24920932988984,4.82926131762345e-05,0.00153877183554105,2.24987896945849,391,225,200,169,274,87,81,92,138,75
"3289","TRINITY_DN59918_c0_g1",1.01685461517117,0.128306535970064,4.12385388962584,0.00149528893148375,0.0135527845812919,-0.897762059639494,16,23,30,20,24,48,38,46,47,25
"3290","TRINITY_DN59926_c0_g1",-1.33705989708461,1.39591840139065,-4.25956636718657,0.00117944045901988,0.011600532731745,-0.810363312527723,151.48,109,114,64.51,162.63,34,18,54,92.7,41.37
"3291","TRINITY_DN59931_c0_g1",1.28389574392093,0.467756321978267,5.51784424226569,0.000146617978739487,0.00302604416293335,1.30306219397807,33,19,31,18,29,48,63,67,73,38
"3292","TRINITY_DN60009_c0_g1",-2.73501705890614,-2.16269041382795,-4.50967066666038,0.000766184481151726,0.00867788373265346,-0.779909857330393,23,15,17,16,14,1,2,4,3,0
"3293","TRINITY_DN60011_c0_g1",-3.23825320591387,-1.89712005123834,-5.25648724133003,0.000222050020748028,0.00393276544399413,0.0404908388750345,26,22,22,17,33,1,4,2,0,2
"3294","TRINITY_DN60045_c0_g1",-1.15867688622581,1.00357151446254,-4.87454122286217,0.000414368166541689,0.00582505757734013,0.264491255796756,90,92,92,63,79,44,33,52,38,16
"3295","TRINITY_DN6007_c4_g1",-1.67633255000562,0.786386761444767,-8.35714880376248,2.90228006808367e-06,0.000298063369578329,4.96925107161804,75.31,80.64,92.41,98.55,78.87,27.32,18.64,24.22,24.14,26.12
"3296","TRINITY_DN6009_c0_g1",-1.02372799585234,4.1462590896899,-5.51803270481477,0.000146574611838661,0.00302604416293335,0.874088025606786,978.9,791.3,559.73,586.28,609.19,300.01,262.26,333.83,554.55,286.39
"3297","TRINITY_DN60097_c0_g1",2.37348022721834,-1.94560347651728,4.74256208256371,0.000516471725726554,0.00667254480617411,-0.420248438745769,3,4,4,2.6,5,11.45,9.52,22.55,16.31,13.8
"3298","TRINITY_DN60109_c0_g1",-1.80329793429252,1.2163455464155,-7.67580690246393,6.7925643064481e-06,0.000488696250253993,4.22921677298212,143.91,94,146.03,81.97,146,32.98,20,36,58,21
"3299","TRINITY_DN60140_c0_g1",-2.19478545307517,-0.792621672704345,-3.8447836588593,0.00245159616912541,0.0186762636232393,-1.28169769963886,41,26,79,14,43,6,2,7,10,6
"3300","TRINITY_DN60168_c0_g1",5.71009645243502,0.353641581491816,4.11788624377128,0.001511046894379,0.0136308560667614,-0.91299418379534,135.1,147.46,0,0,0,178.69,274.92,344.82,214.24,282.78
"3301","TRINITY_DN60225_c0_g1",-1.57935881296233,-1.27561150563007,-3.63343175576964,0.00358350879405965,0.0242215268817819,-1.62113516454315,25,17,21,17,28,6,3,7,15,1
"3302","TRINITY_DN60235_c0_g1",2.00445165860727,1.05476282708542,5.33780660744921,0.000194945971402806,0.00363126929129109,1.00729327469224,26,17,19,90,32,124,124,83,124,103
"3303","TRINITY_DN60250_c0_g1",-1.80722593653997,-1.14009949759945,-4.48513595940182,0.000799021961464822,0.0089386268009118,-0.347179871618597,28,15,34,23,24,7,5,3,5,7
"3304","TRINITY_DN6026_c3_g1",1.25336508935996,1.02399283318927,5.12768986914261,0.000273415876852172,0.00446587476212207,0.669578352691337,28.77,42.2,30.67,33.57,56.21,61.98,70.08,104.11,97.79,89.77
"3305","TRINITY_DN60276_c0_g1",1.46437491379158,-1.18038617463454,3.49361182652443,0.00461597410324656,0.028692263413314,-1.83259695267846,9,6,7,8,12,17,13,29,31,8
"3306","TRINITY_DN60281_c0_g1",1.65134985949505,-0.199009010013059,4.91590309006455,0.000386919187519265,0.00557776875917317,0.397928631030204,16,18,7,18,17,31,28,46,43,54
"3307","TRINITY_DN60299_c0_g1",-1.46911385633791,-0.210017842533144,-3.76397407289334,0.00283317624506719,0.0206287022160236,-1.45501338689597,62,32,50,25,44,6,12,7,37,13
"3308","TRINITY_DN603_c1_g1",1.6640445730061,9.21140744611354,3.27699422880541,0.00685040594388899,0.0375038177850092,-3.53940032131282,23369.23,9210.37,9599.79,9756.64,2818.71,68117.23,13850.55,35948.71,38665.05,16592.2
"3309","TRINITY_DN60304_c0_g1",-1.55642410960919,-0.896130457874655,-4.62052524616285,0.000634471217550228,0.00766537627582728,-0.0974393185803359,30.73,27.78,33.11,20.94,21.34,6.61,8.66,3.33,13.72,5.33
"3310","TRINITY_DN60333_c0_g1",-5.80650458536547,-2.79272937231071,-9.44437716277845,8.26509078804636e-07,0.000161707393184399,2.87145920830619,51,38,26,23,23,0,0,0,0,0
"3311","TRINITY_DN6034_c1_g1",-1.41183294606342,-1.02811867835112,-3.21051487426938,0.00773643111532308,0.0407034460044049,-2.28770902187115,30.36,27.14,27.9,14.4,21.14,14.53,2.22,2.3,19.08,4.35
"3312","TRINITY_DN60356_c0_g1",-1.71703482062576,-1.77825033892206,-3.53699672779302,0.00426655661725835,0.0272853945878071,-1.82320180610527,13,12,17,21,15,1,2,5,4,5
"3313","TRINITY_DN6038_c0_g1",1.22205837671321,2.50574570093129,5.51536013884886,0.000147190862498572,0.00303137379862168,1.1140242116645,114.52,81.27,100.43,84.67,131.57,206,233.85,183.96,244.45,345.42
"3314","TRINITY_DN60413_c0_g1",3.57402919612906,-1.55950065443335,3.45069033932552,0.00499044580003259,0.0302603497781018,-2.03427681586723,1,1,10,8,5,81,13,39,33,15
"3315","TRINITY_DN6042_c0_g1",-2.58466380835591,-0.0220027236641299,-5.85057660383772,8.76489351796368e-05,0.00220202401742632,1.71664285346121,119,57,59,41,88,7,6,9,30,4
"3316","TRINITY_DN6046_c0_g3",1.47852997074433,2.48421246679764,4.93755549374561,0.000373318059317987,0.00545362952913362,0.178232315572836,63.74,76.96,117.41,140.57,88.99,336.2,122.41,337.99,357.27,191.75
"3317","TRINITY_DN60467_c0_g1",-3.26911696605275,-1.56788757069535,-3.35893635552732,0.00589826761258651,0.0338946300809501,-2.13891458035078,15,34,27,69,24,2,7,2,1,1
"3318","TRINITY_DN60492_c0_g1",-2.07520521050937,-1.45721501539097,-4.28290225340777,0.00113253835584714,0.0112803547764225,-0.730614451852942,27,14,28,14,27,5,2,7,2,4
"3319","TRINITY_DN60510_c0_g1",-2.57641275533807,-1.78797997188356,-3.84788022008144,0.00243807458186475,0.0186275199581691,-1.47718164577006,21.14,23.25,16.11,15.08,25.47,0,12.1,3.03,4.02,1.01
"3320","TRINITY_DN60536_c0_g1",-3.53777660671494,-1.01775576846143,-4.71526806939098,0.000540702032266449,0.00687760369605003,-0.205728332484611,68,31,57,26,53,11,5,4,0,3
"3321","TRINITY_DN60537_c0_g1",-3.28121760880661,-2.28048316636942,-4.68164115852094,0.000572202016338605,0.00715298549084649,-0.582475102012359,16,19,30,14,17,2,0,0,3,4
"3322","TRINITY_DN60560_c0_g1",-2.07012470338161,-0.74399085760968,-4.16553066008852,0.00138988529990495,0.012921282545515,-0.781414681875653,55,29,48,15,40,6,9,2,14,6
"3323","TRINITY_DN60593_c0_g1",1.65266890103559,-0.812590210128605,5.49714578706754,0.000151464432700175,0.00309013576856535,1.14790959977503,8,11,9,9,12,26,15,34,34,21
"3324","TRINITY_DN60594_c0_g1",-2.16896094639659,-1.74259618891364,-3.63442958926708,0.00357705933400205,0.0241904719286307,-1.70891465452174,16,10,29,21,21,6,1,3,2,3
"3325","TRINITY_DN60598_c0_g1",-1.92554811910937,-0.324416283886558,-4.69667143953492,0.000557891269952794,0.00702160225899519,0.0560429294799922,53,46,58,32,38,9,1,15,16,18
"3326","TRINITY_DN60611_c0_g1",1.94213209236745,-0.479820236184782,7.52716994739414,8.2348313908262e-06,0.000542252680603423,3.64121895227553,10,14,12,7.92,12,41,30.42,35,51,25.3
"3327","TRINITY_DN6062_c2_g1",-2.96859555736002,-0.642141645193894,-3.11598257930241,0.00919964222643053,0.0456008147578404,-2.42323011288484,47.29,44.01,59.11,42.42,76.95,0,0,13.78,47.42,30.76
"3328","TRINITY_DN60625_c0_g1",2.65794067237764,-1.31230527962241,5.97699568468035,7.2379913381697e-05,0.00197532155983135,1.28227626806418,4.02,4.65,3,9.27,5.42,26.54,16.27,37,29.99,19.28
"3329","TRINITY_DN60630_c0_g1",1.18326214279517,-0.0351025774149433,4.39550661255842,0.000932018289721573,0.00992237361445412,-0.433234093349349,16,22,18,11,31,31,36,50,43,32
"3330","TRINITY_DN60643_c0_g1",-1.78082783605578,-0.235670847755659,-4.03148274024048,0.00175951493563218,0.01506937513485,-0.99984485926181,60.68,23.36,65.22,48.45,38.16,5.05,11.24,6.06,29.52,11
"3331","TRINITY_DN60681_c0_g1",2.86402937553036,-1.90753913822868,4.20429410434701,0.00129876653140302,0.0123477032703271,-1.10194163508238,0,4.15,4.05,4.16,5.14,29.7,13.51,10.37,22.99,16.5
"3332","TRINITY_DN607_c0_g2",2.03600137843651,-1.2752424441918,3.78831219545839,0.00271221284542476,0.020016464138067,-1.39556520125572,8.33,6.36,3.88,4.85,9.76,27.2,10.13,42.64,28.17,9.92
"3333","TRINITY_DN6074_c1_g1",-1.02501384001963,2.99520016716761,-6.02211393292018,6.7636881311729e-05,0.00189435510372104,1.83544773901526,408.35,333.85,344.74,197.89,294.12,178.69,125.1,139.43,205.61,118.68
"3334","TRINITY_DN6077_c0_g1",-1.24426510022341,4.29194677201936,-6.1563875459771,5.53742842862479e-05,0.00167978956866331,1.86875590394071,944.19,957.05,670.07,713.95,887.7,352.8,169.14,383.4,542.58,374.41
"3335","TRINITY_DN60810_c0_g1",1.24630339628912,-0.383907382156793,4.4981079996014,0.000781480860552283,0.00879849420126252,-0.250748390283932,16,9,16,15,19,34,19,39,31,30
"3336","TRINITY_DN60843_c0_g1",-1.08251482865291,1.89123546800274,-6.46102845166153,3.54952637857787e-05,0.00127896487975247,2.61181384565194,197.13,107.32,162.85,133.43,143.41,65.92,54.27,75.78,74.4,67.51
"3337","TRINITY_DN60862_c0_g1",-1.88007694385004,-0.807213289832451,-3.37984747462371,0.0056775792571743,0.0330772507901636,-2.02226198790895,40,39,17,22,43,9,15,1,8,11
"3338","TRINITY_DN60864_c0_g1",1.10910701795413,0.862459510921276,4.36843589818258,0.000976578028707382,0.0102128543663571,-0.561257799849256,49,31,25,26,49,71,95,63,64.94,66
"3339","TRINITY_DN60873_c0_g1",1.23782297427743,-0.1174948250679,3.82342574864173,0.00254698853938185,0.0191714992589978,-1.37519301761124,16,14,15,22,21,22.22,46.46,47.01,34.01,37.75
"3340","TRINITY_DN60879_c0_g1",-1.54978347675285,0.43413639347773,-4.29629853841295,0.00110649425719158,0.0111045213710178,-0.629451486914519,71,50,46,98,65,13,32,28,14,18
"3341","TRINITY_DN60880_c0_g1",-1.51224134786384,0.705650790850069,-8.16831697184585,3.65465656062046e-06,0.000343183119366001,4.75280710583054,81,65,96,63,80,33,17,24,32,18
"3342","TRINITY_DN60888_c0_g1",-1.8425203339544,-1.05791800333009,-5.27795482485047,0.000214529155600785,0.00385189878721722,0.743400906908311,33.5,32.13,22.59,17.3,28.39,7.22,3.06,7.12,8.14,2.09
"3343","TRINITY_DN60889_c0_g1",-1.53001663497291,-1.17286581808302,-4.00118881442598,0.00185634538289259,0.0155949184846304,-1.05030070094777,27,25,21,19,17,2,7,5,9,8
"3344","TRINITY_DN60927_c0_g1",1.4707890975744,-0.0780897229261098,4.4371689106087,0.000867536800907235,0.00945994269008529,-0.359210603751425,21.25,8.62,22.14,12.62,25.13,43.87,21.04,55.89,63.88,31.94
"3345","TRINITY_DN60948_c0_g1",-2.0450254374914,0.55601424439353,-6.28171292979893,4.6045965533949e-05,0.00148987870990899,2.3955171129379,70,74,93,64,123,34,6,28,18,14
"3346","TRINITY_DN61030_c0_g1",3.30235965962336,-1.48133157323067,5.4843377195398,0.000154547971282052,0.00313540421708397,0.438208642308415,1,7,7,5,3,22,24,38,33,25
"3347","TRINITY_DN61067_c0_g1",1.78513525918759,-1.03206682412224,3.74261254763699,0.00294391615077647,0.0211649497599008,-1.44259388215339,18,9.74,9.95,2.78,6.76,15.27,12.43,23,38.92,33.26
"3348","TRINITY_DN61076_c0_g1",-1.3719455084847,-0.0925187386619045,-4.45840068273366,0.000836483124363808,0.00921741361776172,-0.323763283790544,65,31,42,27,57,14,13,8,25,14
"3349","TRINITY_DN61077_c0_g1",-1.2316083816062,1.20784974146145,-3.62425121538831,0.00364340912531524,0.0244848860608762,-1.89707517239392,92,72,102,118,101,61.14,44.08,34,18,57.1
"3350","TRINITY_DN61139_c0_g1",-2.82339904290868,-0.792097028725692,-4.59472912118891,0.000662845814031569,0.00789420772301096,-0.220206002819737,48,40,55,35,48,7,7,9,14,0
"3351","TRINITY_DN61228_c0_g1",-2.42921919492936,-1.42408191330559,-5.57896108701506,0.000133240993668945,0.00284657595887593,0.806216092697055,19.71,23.23,27.63,22.97,31.78,5.38,3,1.2,4.23,2.33
"3352","TRINITY_DN61242_c0_g1",-1.49711114240239,-1.06281307807084,-3.07954844168588,0.0098354141157958,0.0476577291022048,-2.49585515688898,37.51,29,15,13,27.88,4,12,2,12.49,7
"3353","TRINITY_DN61254_c0_g1",1.49334220121809,0.251680305254894,5.00030934829294,0.000336663554804767,0.00510589322397355,0.519614845100472,21,23,18,12,33,44,28,57,72,72
"3354","TRINITY_DN61260_c0_g1",1.44444566519085,-0.405673353329743,3.12072149471699,0.00912004670954289,0.0453177837181388,-2.52285390605298,17,9,4,40,18,42,19,30,41,28
"3355","TRINITY_DN61291_c0_g1",1.25937874702979,-0.0117853144169927,3.81120518593101,0.00260328231316647,0.0194739552049838,-1.40777871708956,18,10,29,28,16,31,42,50,51,28
"3356","TRINITY_DN61326_c0_g1",-1.27729120346193,-1.2828749338504,-3.26057488057873,0.00705920431663969,0.0382905118197126,-2.19895312426008,25.26,15,17,13,22,6.17,6.1,10.12,3,5.14
"3357","TRINITY_DN61328_c0_g1",-1.26072338036551,-1.00295678815015,-3.08429395092783,0.00975016464340267,0.0473700069356014,-2.49874760382158,26,18,29,26,17,9,1,10,12,10
"3358","TRINITY_DN6136_c0_g1",-1.41529420704265,5.37829566130673,-5.68652318157362,0.000112737612892615,0.00257385793424061,1.00521878767268,2327.46,1935.2,1928.35,1472.1,1782.1,1052.36,424.96,487.64,1435.31,461.02
"3359","TRINITY_DN61372_c0_g1",-1.04605554784556,-0.547730149865055,-3.71463001026925,0.00309574876917938,0.0218818546204595,-1.51431524415529,22.64,31.74,33,29.04,25.02,8.11,7.94,14.12,13.39,13.18
"3360","TRINITY_DN61377_c0_g1",-1.2976594552735,-0.845154253987019,-4.32155438378382,0.00105907497052258,0.0107815023936043,-0.531794324140426,29,24,25,23,22,6,9,8,7,12.03
"3361","TRINITY_DN61387_c0_g1",-2.06384963402681,-0.418656967657213,-7.65811404851854,6.94909619708553e-06,0.000495266031308799,3.76059595462499,55,41,46,29,49,8,4,8,14,9
"3362","TRINITY_DN61400_c0_g1",1.39929574751333,-1.18465604837877,4.24944277806412,0.00120041166837295,0.0117140165798555,-0.672436946326588,7.03,7.11,6.04,7.18,15,15,12.08,19.11,23.57,18.2
"3363","TRINITY_DN61409_c0_g1",-1.90738769282938,-0.551134705826175,-5.1051970319169,0.000283602476024892,0.00457863528449685,0.633624715698825,45.77,25.36,39.98,39.56,43.91,6.61,2.2,17.97,15.83,4.24
"3364","TRINITY_DN61417_c0_g1",-1.38094376372754,-1.66625085175569,-3.0842596266216,0.0097507785782757,0.0473700069356014,-2.46664482868164,24,15,15,11,12,3,1,3,7,10
"3365","TRINITY_DN61420_c0_g1",-1.74515752763807,-0.839784625946466,-5.51633771455091,0.00014696513214497,0.00303016698350911,1.13947335312416,36,24,38,26,26,11,3,7,11,4
"3366","TRINITY_DN6143_c2_g1",2.42704087608589,-0.869777002724327,3.18062896353467,0.00817168297278957,0.0421574512541969,-2.32444496543978,33.71,0.16,8.93,14.17,5.97,32.59,37.93,37.29,21.58,40.31
"3367","TRINITY_DN61471_c0_g1",1.38124899833522,1.69604051705846,4.5303806113386,0.000739563703220498,0.00849358306204943,-0.392621040639484,37,49,89,78,46,92,143,126,233,137
"3368","TRINITY_DN6148_c2_g1",-1.18698077902053,2.11375779373091,-3.54527218503806,0.00420303880888471,0.0270498099164567,-2.19753950660764,189.24,157.95,318.52,185.75,95.73,90.79,57.56,72.17,59.94,111.49
"3369","TRINITY_DN61500_c0_g1",-1.22766974816548,-0.115093859053562,-4.12018809701143,0.00150494839186831,0.0136040631514225,-0.876578040287913,59,39,54,22,37,18,8,15,26,10
"3370","TRINITY_DN61540_c0_g1",1.85346273406644,-1.43068264542543,3.77953152645336,0.00275522888288115,0.0202103377166269,-1.42135713611628,3,7,8,3,16,18,9,23,21,18
"3371","TRINITY_DN61583_c0_g1",-3.46131154620316,-2.29427344617663,-4.61801374383858,0.000637177062809883,0.00768706866433178,-0.648579547983892,30.35,11,18,17,27,2.04,1,4.02,0,0
"3372","TRINITY_DN61652_c0_g1",-1.4427991370141,0.420908874572904,-3.35591027267608,0.00593091836448533,0.0340186773825676,-2.24240050032052,44.23,90.29,85.06,27.46,92.34,23.36,5.69,28.03,30.56,22.55
"3373","TRINITY_DN6166_c0_g1",-1.02694182869163,5.80861328288578,-8.93174303700136,1.47271361098991e-06,0.000206360067417724,5.49447702639583,2702.23,2255.03,2283.19,1582.21,2289.49,1154.61,914.75,1024.77,1436.47,846.12
"3374","TRINITY_DN61711_c0_g1",-1.01935695102406,-1.20417849323018,-3.58682867454127,0.00389839125452748,0.0256579604015409,-1.68615690939129,22,19,15,14,20,9,6,6,8,5
"3375","TRINITY_DN61730_c0_g1",1.8582157422307,-0.418658770481785,3.74651340019428,0.00292336653210136,0.0210658226083102,-1.45403106825786,16,16,5,17,9,47,55,29,21,41
"3376","TRINITY_DN61753_c0_g1",-2.00310489204835,0.254568984921946,-5.67040753553299,0.000115583683584784,0.0026097514409732,1.52610976394753,78.02,62.68,68.3,38.18,86.79,28.14,14.03,17.13,7.06,13.1
"3377","TRINITY_DN6178_c1_g1",1.33683802515305,4.92799379700199,18.5371205571838,5.13880140661202e-10,2.87186195474001e-06,13.5395372262447,545,493,538,489,529,1399,1243,1278,1415,1168
"3378","TRINITY_DN6181_c0_g1",1.16435767480942,1.58147793094301,3.72162308213077,0.00305706579834606,0.0216901729504097,-1.79000092492532,58,58,69,51,46,120,67,73,210,189
"3379","TRINITY_DN61829_c0_g1",-1.73192274683323,-1.19466186157209,-4.06284284434395,0.00166477102131155,0.0145127954677065,-0.969859921414511,19,28,17,32,22,3,6,5,8,4
"3380","TRINITY_DN61835_c0_g1",2.62243662798817,0.92666647933199,7.29810949347954,1.11368901955644e-05,0.00064398371514182,3.73242897363332,13.07,20.31,19.14,18.03,50.29,102.17,162.92,104.86,126.63,153.72
"3381","TRINITY_DN6189_c0_g3",1.72891138339416,-0.0685404279332893,5.81075354292292,9.31393999905705e-05,0.00228504515330948,1.70991932957547,29.01,12.4,8.6,14.85,17.8,42.64,29.11,57.69,58.25,41.29
"3382","TRINITY_DN6189_c4_g1",1.12351704302631,-0.98082244920106,3.21753326038543,0.00763765978675145,0.0403673067205518,-2.29298776719222,8.22,12.83,8.6,9.48,13.02,22,10,27.45,16.33,19.14
"3383","TRINITY_DN6190_c6_g1",1.20963638542474,0.381512426029251,4.1317707075827,0.00147464668779884,0.0134370567497037,-0.906861720050143,27.73,11.78,32.02,29.83,28.36,59.15,53.17,37.83,53.99,57.82
"3384","TRINITY_DN61919_c0_g1",2.44712288498464,-1.76309168053726,5.09040305976772,0.000290519654601247,0.00465028091036387,0.0702625508717221,4.47,5.13,1.96,5.74,3.98,19.89,20.12,13.7,18.1,12.45
"3385","TRINITY_DN6192_c0_g1",1.17544939515974,-0.935518565896975,3.06665974252831,0.0100707501191319,0.0483586271501458,-2.54411972967494,9,14,20,11,5,20,14,18,27,18
"3386","TRINITY_DN61937_c0_g1",2.82178957350077,-1.70452961338721,3.73803589761944,0.00296821532022992,0.0212762519086222,-1.61416799434304,0,14.66,7.67,2.66,3.33,21.67,8,19.67,28.44,28
"3387","TRINITY_DN61959_c0_g1",-1.30056442169828,-0.862321729218704,-3.91037765927407,0.00218101064132963,0.0173406446122731,-1.17526962642986,29,32,20,18,29,7,4,15,13,4
"3388","TRINITY_DN61968_c0_g1",1.27105409944706,-1.03669134847488,3.69430292392136,0.00321107072130343,0.02242281665449,-1.5170717299227,15.19,5.17,15,6.04,9.12,17.44,12,19.56,29.5,18
"3389","TRINITY_DN61998_c0_g1",1.16618544127191,-0.989402176516994,3.50444487110456,0.00452607646584641,0.0283451727177723,-1.82477407274435,14,12,6,9,11,19,9,26,25,17
"3390","TRINITY_DN620_c1_g1",1.30727263851325,0.258105088697837,4.00563436634724,0.00184179744461534,0.0155193191030322,-1.10636377604557,36.99,20.95,32,11.31,17.22,52,46.87,47.82,90.19,25.02
"3391","TRINITY_DN6203_c0_g2",1.04110964423097,0.206685582505276,3.24490404248369,0.00726449471345197,0.0390129474683419,-2.41578476841843,12.76,19.45,35.54,32.05,24.04,41.73,33.29,31.25,59.61,52.05
"3392","TRINITY_DN6203_c1_g1",-1.6482241003759,0.823648952224605,-3.33683312685963,0.00614102787339974,0.0348241620896552,-2.33052276008471,82,96,147,89.05,50.05,24,31,8,98,14
"3393","TRINITY_DN6205_c2_g1",1.21951100574762,0.488127790549279,4.820936737811,0.000453017469989286,0.00613242240173899,0.220430893711516,27,25,37,17,30,69,29,56,92,50
"3394","TRINITY_DN62067_c0_g1",-1.05911876108147,-1.15523151493207,-3.10883602619259,0.00932100160053706,0.0460303793403678,-2.4511461599858,16,14,26,18,23,6,3,10,11,6
"3395","TRINITY_DN62078_c0_g1",-1.54784937292524,-0.418766459588945,-4.55982103495265,0.000703372620541304,0.00822027077865537,-0.153258174408061,50.65,33.37,37.1,19.43,49.61,9.92,8.14,5.92,22.12,9.22
"3396","TRINITY_DN62092_c0_g1",-1.71496471517392,-1.00880396802392,-4.63812093740554,0.000615847964665799,0.00750876185746189,-0.100511302492698,33,27,23,19,29,12,8,4,9,2
"3397","TRINITY_DN6210_c1_g1",1.50872387759876,-1.02102443376347,3.71959288475421,0.00306824462687331,0.0217423567521987,-1.47677834482988,10,9,14,10,5,19,17,31,30,11
"3398","TRINITY_DN62100_c0_g1",-1.34281941917018,3.46524508024346,-4.60886633720761,0.000647134807131067,0.00776920158210923,-0.543270006716424,424.14,402.44,829.83,303.29,534.29,180.7,203.89,277.77,120.27,206.13
"3399","TRINITY_DN6218_c0_g1",1.02298884255016,4.48635812599311,7.25141843829447,1.18530077680675e-05,0.000665927684381327,3.43825843588288,441,409,413,471,394,1015,822,969,741,783
"3400","TRINITY_DN62183_c0_g1",1.3498345788425,1.73011250382561,4.67930837836926,0.000574457356565586,0.00717293619856721,-0.145695710510529,54,41,65,110,42,117,188,139,147,133
"3401","TRINITY_DN62214_c0_g1",1.73616670589221,-1.57975335102386,3.50477817529023,0.00452333907611397,0.0283429516463991,-1.83888233623792,4,5,15,8,3,19,13,16,15,11
"3402","TRINITY_DN6229_c1_g1",-1.40122442947464,-0.693519839787098,-3.86537827634866,0.00236309834517172,0.0182728700105062,-1.25150328472516,31.13,26.07,30.52,23.72,28.37,13.29,7.6,15.72,4,8.69
"3403","TRINITY_DN62339_c0_g1",-1.66467210496132,0.00980931839528396,-4.58191610502451,0.000677429927857394,0.00802048132479137,-0.126754425982032,64,49,60,23,73,18,10,9,30,8
"3404","TRINITY_DN62391_c0_g1",-1.53437276394544,-0.0865873942810116,-5.77600046242601,9.82289804439881e-05,0.0023625542589217,1.66109599882704,45,50.32,36.06,38.12,58.31,15.07,8.02,8.05,20.08,17.05
"3405","TRINITY_DN62394_c0_g1",-3.95290934723065,-2.59531089781466,-4.02538523759459,0.00177857570055388,0.0151746683809923,-1.33701830005385,32.86,21.63,27.26,10.06,11.39,0,0,0,29.08,0
"3406","TRINITY_DN6240_c0_g1",2.44353165942222,1.55943091658162,3.26754523574624,0.00696978874033994,0.0379300424235242,-2.55054114990289,6.1,11.38,188.26,30.54,154.01,218.81,125.59,128.46,313.89,197.22
"3407","TRINITY_DN6240_c1_g1",-1.26552579906451,2.43908587752961,-5.32105856331655,0.000200228115774973,0.00370302871306241,0.815099035007444,280.97,222.31,215.18,200.77,237.34,84.34,40.37,108.24,200.51,83.54
"3408","TRINITY_DN6246_c0_g1",1.3659496535381,1.97822798339932,6.0098153215927,6.88961352552052e-05,0.00191287886302494,1.94520618495557,64,40,79,107,69,199,177,145,200,142
"3409","TRINITY_DN6246_c0_g5",-1.23071315093748,0.788539096377967,-4.32527297306266,0.00105227386351152,0.0107376248002456,-0.622165622583783,70.53,97.65,77,54,74.56,17,19.03,30,69.05,24
"3410","TRINITY_DN6247_c0_g2",1.25844618490798,7.75860865554808,10.2948696069711,3.34064543223891e-07,9.78659566435687e-05,6.93022571970127,3650.93,4212.96,5092.72,3327.63,3146.21,10009.72,7374.94,9105.3,11951.97,7892.15
"3411","TRINITY_DN6252_c1_g1",-1.7799969815096,4.3260370359654,-7.81176175806638,5.70859701386061e-06,0.000441045880938768,4.23207545852541,1303.32,726.54,699.19,1111.55,1439.3,327.35,305.43,286.89,280.29,273.11
"3412","TRINITY_DN62539_c0_g1",-2.98047330254818,-1.12525370570356,-3.84047886885023,0.00247052221338044,0.0187696105154831,-1.36865665574297,30.59,42.51,71.28,19,39.1,3.09,5.43,10,7.01,0
"3413","TRINITY_DN6262_c2_g1",-1.16543726845151,2.87795896766754,-6.7278742915237,2.42901436448722e-05,0.00101394106138775,2.89670571380836,382.03,255.2,301.9,221.04,338.77,119.71,141.62,153.55,116.99,138.49
"3414","TRINITY_DN62671_c0_g1",-2.93612937537611,-0.392117400196741,-5.38982816739541,0.000179456554449692,0.0034502726946176,0.973840205491251,114,53,64,27,64,5,8,7,12,2
"3415","TRINITY_DN62724_c0_g1",-3.06693394482047,-2.31962501815933,-4.36985285316174,0.000974191453709641,0.010191815225759,-0.939908438938349,18.96,15,18,9.92,26,6,0,2,0,2
"3416","TRINITY_DN62747_c0_g1",-1.37187052455837,-1.67330752923223,-3.29909536525895,0.00657919781517969,0.0364594139954598,-2.14448245675758,11,15,14,13,21,4,4,5,3,4
"3417","TRINITY_DN62760_c0_g1",-1.23307538803302,-0.915807169754296,-3.04998808605947,0.0103835723381301,0.0493337598744961,-2.57124407785517,27,24,22,13.06,30,12,14,4,5,11
"3418","TRINITY_DN628_c0_g2",1.18084465395147,3.18152473759556,7.4928568984758,8.61232040516023e-06,0.000552005608761583,3.91767990652388,156.05,168.1,132.72,142.67,229.82,406,365,339.18,371,379.27
"3419","TRINITY_DN62852_c0_g1",-1.45327158365247,0.24052510150465,-4.6577961270495,0.000595699473842693,0.00734376475108293,-0.0218943160850493,45,37,57,56,90,13,12,25,19,21
"3420","TRINITY_DN62931_c0_g1",-1.09522529993718,-0.0570879030319532,-3.7971299355054,0.00266971056588474,0.0198209428595464,-1.42714284564191,48,25,46,27,63,21,11,13,22,15
"3421","TRINITY_DN63012_c0_g1",-2.3742376720504,-0.252269593412713,-5.70654828313435,0.000109304131323616,0.00252341299101138,1.49815957285734,80.84,51.47,29.02,50.07,64.21,9.06,9.65,4.26,10,11.46
"3422","TRINITY_DN6307_c1_g1",-3.19046838341126,-0.598142793490473,-3.86020273145694,0.00238502376159014,0.0183718775551125,-1.2684572645686,28,74.12,71.95,59.42,54.05,0,8.57,6.6,7.94,18.21
"3423","TRINITY_DN6307_c2_g1",1.21486041196761,-1.32901819608938,3.09199502991346,0.00961339897010731,0.0469436164049111,-2.46396332186932,12.73,6.81,6.58,5.64,9.7,30.27,8.3,12.36,17.47,11.07
"3424","TRINITY_DN6310_c0_g1",2.54877936383616,-0.387466497316638,4.72391786363324,0.000532896781716028,0.00680977224447949,0.0803965572971554,8.16,6,21.04,13.58,6.59,49.42,29.5,27.01,118.76,47.35
"3425","TRINITY_DN63201_c0_g1",-1.68810063598304,-0.457939345126415,-3.79513938505764,0.00267924488713101,0.0198632442006916,-1.37293068507089,51,54,25,20.04,47,4,12,6,22,10
"3426","TRINITY_DN6321_c0_g2",-1.14473444950458,0.253305994476375,-4.08149915746205,0.00161092932097985,0.014198680391738,-0.978171182300936,82,51,40,31,55,14,15,19,33,22
"3427","TRINITY_DN63255_c0_g1",-2.31945623843017,-0.97126702124443,-4.74778899509817,0.000511962818392586,0.00663794270683937,0.00417854379030125,28.32,50.87,32.81,38.01,21.1,6.33,1.82,3.16,8.49,5.23
"3428","TRINITY_DN6326_c0_g1",1.08302276901232,2.14687486470417,8.16435637329605,3.6725206696286e-06,0.000343183119366001,4.84116002037792,80.66,82.47,87.96,72.8,94.21,171.23,148.68,180.11,185.18,192.95
"3429","TRINITY_DN6326_c0_g2",1.1627401749937,4.2945566291012,10.1883574033665,3.72933091547709e-07,0.000104300500679693,7.02376107374489,318.34,359.53,360.04,430.2,317.79,795.77,725.32,859.89,859.82,715.05
"3430","TRINITY_DN63278_c0_g1",-1.56007707991147,-1.4251646111462,-3.46922679088041,0.00482506138169027,0.0295873634285812,-1.87721622635306,21,31,14,11,20,6,3,2,6,7
"3431","TRINITY_DN63310_c0_g1",1.07726369092208,-0.322092231629541,3.24181197130549,0.00730570981846968,0.0391531050090043,-2.34279718943096,24,19.4,27.29,9.09,9.21,36.02,17,32,38,28.11
"3432","TRINITY_DN6332_c3_g1",1.89178714017252,3.49026646843668,9.49318937847503,7.8328345133888e-07,0.000156699427703031,6.33087213183944,163.49,193.9,139.55,136.4,162.08,657.75,494.35,406.92,692.04,735.8
"3433","TRINITY_DN63359_c0_g1",-1.63067185982191,-0.813505911279945,-4.14796878940028,0.00143332797504072,0.0132010393061625,-0.804234261092029,26,37,18.26,26,41.35,10.95,3,4.85,10,10.94
"3434","TRINITY_DN6342_c0_g1",1.23852311241181,3.09329346772111,6.67380553070684,2.62108239347726e-05,0.0010662923894063,2.79342131675543,125.72,148.98,205.98,133.25,152.21,257.28,295.9,421.49,455.22,388.53
"3435","TRINITY_DN6342_c1_g1",-2.26816729605003,-1.23648875378638,-5.03415109480905,0.000318486091470441,0.00492684215050306,0.295687903456066,30.79,26.52,33.33,17.45,28.81,4.61,7.01,1.49,10.57,1.06
"3436","TRINITY_DN63499_c0_g1",-1.95702784868723,-1.78933031121206,-4.31575751725092,0.00106976856292436,0.0108717828673428,-0.788220162251324,15,19,18,12,18,4,1,3,2,6
"3437","TRINITY_DN63508_c0_g1",-1.36163280516899,1.2590230020391,-7.3007335759645,1.10980409940513e-05,0.000643532566852283,3.76866063549252,109,131,98,77,117,38,30,32,52,42
"3438","TRINITY_DN63541_c0_g1",-1.29157168872241,-0.946433379296488,-3.96144896813179,0.00199179410056033,0.016349575138613,-1.09497625538742,26,22,20,21,26,14,7,7,5,7
"3439","TRINITY_DN63544_c0_g1",-1.2824998463256,1.42380163724587,-4.79354578077716,0.000474209808381461,0.00631555966887268,0.0870774186546583,161.36,91.21,121.81,69.46,156.89,43.17,24.07,46.13,86.14,38.21
"3440","TRINITY_DN6361_c4_g1",1.49903832562685,-0.258281902462427,4.79178147924678,0.000475610015089662,0.00632955819200925,0.207283880862581,16,8,13.48,21.61,18,39.06,32,48.57,42.95,22
"3441","TRINITY_DN6362_c4_g1",-1.3567604113994,-0.219509702240293,-5.31242308420341,0.000203010468883183,0.00373086169014667,0.991816181670593,58.12,41.51,33.5,28.57,35.77,11.11,14.89,12.43,16.67,10
"3442","TRINITY_DN6365_c0_g1",-1.2058977434066,2.73006228587047,-7.26437339378431,1.1649506585868e-05,0.000660717740054165,3.6579340297882,290.03,214.39,364.71,266,252,112.97,109,121.48,181,78
"3443","TRINITY_DN6367_c0_g1",1.29006004981923,1.15452835958555,4.13838047402018,0.0014576389492404,0.0133493108115054,-0.988686901105905,37,32.01,36.02,58,41,136.55,135.71,67.29,78.03,70.14
"3444","TRINITY_DN63677_c0_g1",-3.26445028010431,-1.46190692462372,-4.20472964130567,0.00129777874526382,0.0123426269861242,-1.01923128225274,52,43,14,30,34,4,1,4,2,1
"3445","TRINITY_DN63746_c0_g1",4.42549144728764,-1.40055475166512,3.66009403811001,0.00341520475169459,0.0234097544611746,-1.76388998567715,2,2,4,3,4,122,30,83,24,26
"3446","TRINITY_DN63906_c0_g1",-3.19769989330039,-1.3495448880335,-5.54913681745626,0.000139599816029532,0.00293504970763907,0.620559416081971,29,29,26,34,50,5,2,3,1,3
"3447","TRINITY_DN63925_c0_g1",-2.67150042246239,-2.16396529551415,-3.59532510080244,0.00383894006213926,0.025374495267569,-1.87527993115153,19,17,19,11,17,5,7,0,5,0
"3448","TRINITY_DN63974_c0_g1",2.21731897222099,-0.470772701665126,5.90730353490989,8.04128555594407e-05,0.00209538033645355,1.72088428556305,11,4,14.51,12.19,13,45.15,42.52,37.87,37.21,40
"3449","TRINITY_DN6400_c0_g3",1.25451548991288,-0.412406327509027,3.63441782647777,0.00357713529300761,0.0241904719286307,-1.65887412998804,14.2,12.45,27.42,6.54,16.41,42.11,20.19,18.92,41.37,33
"3450","TRINITY_DN6402_c0_g1",-1.35953250353871,2.03903858609965,-3.88011403400427,0.00230180396282286,0.0179545990738417,-1.57886732025506,161,121,260.67,278.51,130.4,105,78.45,89,61.48,30
"3451","TRINITY_DN64030_c0_g1",-1.58215751262602,-0.345537596288856,-3.51128418270332,0.00447024326545122,0.0281185383891705,-1.8581359714359,47.01,36.7,58.55,26,33.03,5,7,40.64,17,4
"3452","TRINITY_DN6407_c0_g1",1.29800631898041,4.19173265210508,10.5144024163687,2.6703709679383e-07,8.59432824361728e-05,7.37130459944451,365,270,341,360,256,872,737,794,876,606
"3453","TRINITY_DN64130_c0_g1",-1.74661101374007,-1.2377730886864,-5.0091050101837,0.000331836573305459,0.00506707553583864,0.344733775422617,22,18,31,18,25,4,4,7,7,3
"3454","TRINITY_DN6416_c1_g1",-1.17340059540461,1.09139459778049,-3.04035374630855,0.0105687780955006,0.0499432154120221,-2.91252346718303,118.48,85.38,64.08,58,146.84,27.99,13.49,51.98,101.46,26.65
"3455","TRINITY_DN6417_c2_g1",-2.33732391746738,-0.954365592798694,-3.10241065329572,0.00943148954390154,0.0463655231184335,-2.44717443469444,35.94,17.88,45.51,31.73,35.94,0,13.23,16.11,5.92,9.56
"3456","TRINITY_DN64198_c0_g1",-1.79565508159499,-1.00573991710286,-4.25404117065219,0.00119083835555255,0.0116578273932431,-0.663274990151992,26.16,29.3,27.16,13.1,43.2,8.06,7.04,6.05,6.97,2.04
"3457","TRINITY_DN642_c0_g2",1.02414876150859,1.40069624536251,6.64962848069703,2.71214682712275e-05,0.00108868175700394,2.90412179629426,49.48,45.6,63.48,48.19,53.24,93.67,97.09,106.55,131.68,78.06
"3458","TRINITY_DN6425_c0_g1",-1.47332400355396,4.40966778724047,-5.96607355490955,7.35803642662399e-05,0.00199905574066187,1.56515865385039,1296.22,977.41,1134.74,586.38,1032.38,367.48,199.31,351.64,734.03,244.08
"3459","TRINITY_DN64250_c0_g1",1.42559810478264,-1.06143299424381,3.19293455248384,0.00798954804568082,0.0415727071417417,-2.31852452754442,7,10,4,17,11,26,26,13,25,11
"3460","TRINITY_DN64360_c0_g1",-1.8001523300868,-0.473053633007848,-5.61390131810286,0.000126178998139407,0.00275070215943908,1.36722700300737,48,38,41.99,29.87,33.45,6,9,20,10,4.52
"3461","TRINITY_DN64389_c0_g1",-1.45350166127807,-0.887581174522065,-3.34524354563993,0.00604748179679087,0.0344825015629785,-2.08209781001811,40,22,13,33,27,10,8,9,6,5
"3462","TRINITY_DN6446_c0_g1",2.49187300705878,-1.21206498014947,4.530739752679,0.000739110676840731,0.00849017293010437,-0.367762491079484,15,3,2,5,11,33,11,26,38,29
"3463","TRINITY_DN645_c0_g1",-3.6110949109593,-1.35860697804691,-3.19994295669888,0.0078876548710812,0.0412318535408917,-2.34141084882594,45.11,49.65,36.05,31.2,25.3,39.61,54.64,0,0,0
"3464","TRINITY_DN64523_c0_g1",-1.07469441243314,-0.587933248354835,-4.00133276183026,0.00185587246165373,0.0155944321121285,-1.04044474258524,26.73,24.81,28.39,22.68,35.1,8.84,8.3,16.91,10.41,11.72
"3465","TRINITY_DN6453_c0_g3",3.45030806641118,-1.15594234298046,3.60518959095532,0.00377107949388492,0.0250602561078702,-1.72204004890319,0,42.42,5.96,13.7,0,50.95,18.33,55.76,39.15,28.88
"3466","TRINITY_DN64537_c0_g1",-2.72003267725875,-1.89629787210045,-3.76667609386241,0.00281947726977444,0.0205623743872756,-1.62672480598968,22,12,32,14,26,0,1,2,5,6
"3467","TRINITY_DN64544_c0_g1",2.94092344391602,-1.5040944026178,3.13431953400206,0.00889548161298656,0.0446169185134188,-2.41696221011527,0,11.69,15.81,0.95,7.38,48.97,6.82,30.24,35.34,20.52
"3468","TRINITY_DN6467_c0_g1",1.7052048675995,-0.834799266782092,3.97733343295384,0.00193646744098757,0.0160583016592094,-1.0698698360419,5.32,17.66,11.8,12.67,5.97,32.52,13.81,35.61,27.33,21
"3469","TRINITY_DN64675_c0_g1",1.18643829238682,0.19440528625491,5.25488257944012,0.000222623250429314,0.00394035184318282,0.911783244150242,26,25,28,18,15,53,33,42,50,47
"3470","TRINITY_DN64702_c0_g1",-1.51268617086478,-0.00467714740199189,-4.41825377824046,0.000896215316178751,0.00967759524762328,-0.392074631804377,75,35,38,31,71,9,17,13,26,11
"3471","TRINITY_DN64706_c0_g1",-1.10379037776628,0.0637501540906881,-3.92733964219209,0.00211618970234249,0.0169891769889461,-1.21965075520707,38,30,73.01,36.18,48,23,12,20,18.8,15
"3472","TRINITY_DN6474_c0_g1",1.69274244091682,0.621856895993411,4.00600361702809,0.00184059440059345,0.0155187962783774,-1.13913411757511,19.16,16.44,32.89,37.36,22.24,110.31,130.37,57.94,50.34,51.18
"3473","TRINITY_DN6477_c0_g2",-3.03460343658451,0.435763232595416,-4.65935902980438,0.000594128840258285,0.00733002187222558,-0.00205007517295108,129.76,97.94,235.84,33.26,133.1,6.09,5.02,19.16,24.19,8.14
"3474","TRINITY_DN64787_c0_g1",1.40557512819586,-0.957354035731339,4.08858339994292,0.00159095992694647,0.0141049554012299,-0.897611039604471,18,8,6,7,12,17,16,28,32,15
"3475","TRINITY_DN6479_c0_g1",-1.18925691723507,3.31613054976495,-5.61203320141223,0.000126546371826068,0.00275633717307319,1.15115485364778,333.35,366.47,592.29,441.63,350.23,190,106.37,264.7,183.18,180.82
"3476","TRINITY_DN6479_c0_g2",-1.03985333731492,2.3218120469612,-5.04505932317219,0.000312849357722638,0.004881293578856,0.374766183525734,176.19,192.03,242.35,208.02,162.29,86.7,101.51,136.49,104.43,54.51
"3477","TRINITY_DN6483_c0_g2",2.58858072928219,-0.688396843041788,3.44888692667426,0.00500684153496243,0.0303327152960728,-1.90504867641074,15,1.07,5.16,21.61,16,59,23.33,20,82.69,36.52
"3478","TRINITY_DN6483_c0_g4",1.85056793901004,-0.823011333151414,3.473845227488,0.00478473205976164,0.0294163401675704,-1.87204717435642,12,12,7,13,5,44,11,14,49,35
"3479","TRINITY_DN6483_c1_g1",1.48604613069418,0.288772133400472,4.67743928590063,0.000576271118322966,0.00718876181776167,0.00561835683912459,24.02,25,16.02,18.01,23,28.99,39.1,64.54,79,71.61
"3480","TRINITY_DN6483_c2_g2",1.94484523309665,-1.16774648350023,5.55743728902852,0.000137798465455887,0.00290729105299114,1.05189330359206,6.96,7.71,8.24,5,7.96,15.44,16.12,25.92,28.87,24.55
"3481","TRINITY_DN6485_c0_g1",-1.11051141278021,6.13896175172767,-4.45465760080847,0.000841872378106339,0.00925430083217095,-1.1611595411278,4438.8,4369.41,2182.94,2124,2018.99,1322.99,1138,1538.91,1318.26,1159.07
"3482","TRINITY_DN64888_c0_g1",1.50801206744377,-0.842295868521537,3.60261330262491,0.00378868308616465,0.0251335847956558,-1.66743091903221,10,12,19,4,10,19,38,19,34,16
"3483","TRINITY_DN6490_c0_g2",1.34266342009225,-0.27682442540073,3.84496365814758,0.00245080806373275,0.0186762636232393,-1.31991895277423,13,8,18,32,14,47,28,32,34,28
"3484","TRINITY_DN64920_c0_g1",-2.54126971620018,-1.89455907806528,-4.25181545949916,0.00119546207181758,0.0116883655488459,-1.01196375047708,21.42,21.79,16.83,11.79,26.2,2.05,0,5.13,4.24,2.14
"3485","TRINITY_DN64925_c0_g1",1.38947324951711,0.998375225075283,4.27737436016554,0.0011434704495766,0.0113528095319266,-0.7277850621241,47.92,17.83,50.69,26.6,44.88,55.28,69.6,135.08,128.82,69.9
"3486","TRINITY_DN64978_c0_g1",-1.18553921799213,-0.813128555948883,-3.82052160210783,0.00256025182421219,0.0192452044572698,-1.32110758500796,27,20,22,32,23,10,11,8,8,7
"3487","TRINITY_DN65021_c0_g1",-1.91019423315691,-1.75556140789159,-3.6818826198589,0.00328369755632896,0.0227868836165206,-1.62901137574053,26.84,10.57,22.65,13.35,15.26,2.04,1.06,8.31,4.26,1.09
"3488","TRINITY_DN6506_c0_g1",1.02826426116114,5.30399841743689,6.88194559298102,1.95954964349267e-05,0.000903200117128185,2.83039593121726,748,603.79,950.85,802,720,1405.57,1034.78,1518,2385.12,1466.99
"3489","TRINITY_DN65176_c0_g1",-2.27272639255902,-2.20743645476804,-3.48624173576774,0.00467817461450062,0.0289675085903123,-2.01610844402019,18,10,16,10,18,0,1,2,3,7
"3490","TRINITY_DN65265_c0_g1",-3.53542851349675,-1.49776917443984,-4.86403484498307,0.000421661171566498,0.00588007290494195,-0.294816746463085,37,20,43,38,36,0,1,6,2,6
"3491","TRINITY_DN65296_c0_g1",1.21760747211265,-1.42795626007834,3.3168186162207,0.00636959556954634,0.0356208793566929,-2.10827297517828,5.77,7.45,7.66,6.46,10.89,9.42,11.92,13.47,16.64,18.07
"3492","TRINITY_DN6530_c1_g1",-1.51459767897108,1.22396702896336,-5.65966242862569,0.000117523499900371,0.00263429386782071,1.48496984171235,161,104.4,108.97,62.49,125.16,56.96,25,41,43.85,20.7
"3493","TRINITY_DN6534_c2_g1",-1.26059494973877,1.98676541517559,-5.53757004027371,0.00014215165575376,0.00297278236587806,1.21887697687099,157.24,134.73,244.7,105.41,228.26,63.69,50.43,64.79,97.32,68.58
"3494","TRINITY_DN65372_c0_g1",-2.61679847378828,-1.33464021789024,-4.64760082659983,0.000606052441086852,0.00743432528713463,-0.285267017471314,46.46,23.59,15.17,26.36,34.7,5.01,2,2,2.58,4.81
"3495","TRINITY_DN6545_c0_g1",1.42565724934439,2.07523794294512,6.63507040421207,2.76860254819468e-05,0.00110273115332139,2.84725622135079,79.79,51.07,77.12,64.35,91.28,192.72,115.6,197.57,327.63,150.89
"3496","TRINITY_DN6545_c3_g1",1.21912044082216,-0.927239642016235,4.21211214646404,0.00128115364657807,0.0122466130036955,-0.703012931502242,13,9,13,6,12,16,18,22,30,16
"3497","TRINITY_DN65458_c0_g1",2.07383342329144,-1.48637067556589,3.30278293265645,0.00653501818343219,0.0362811242232378,-2.1411411816172,6,2,12,4,11,17,9,36,28.99,11
"3498","TRINITY_DN65476_c0_g1",-1.53670112377904,0.472066320916541,-3.33944495308021,0.00611182117963077,0.0347074800841205,-2.27674152961765,103.72,88.27,36.44,32.6,104.63,13.61,12.56,12.54,39.44,36.08
"3499","TRINITY_DN65492_c0_g1",1.30247952824529,-0.843786686736125,4.15035254981601,0.00142734955910153,0.0131718645858655,-0.796739581311599,16,14,7,11,8,18,18,22,34,18
"3500","TRINITY_DN6553_c0_g1",1.97468314253175,2.97659359105816,12.891698909846,2.95195993874e-08,2.67600088380012e-05,9.51057153977828,109,121,77,111,135,412,328,441,562,390
"3501","TRINITY_DN6554_c0_g2",4.05446635265628,2.33273744950995,4.33962755119484,0.0010264437787584,0.0105637282063289,-0.699552195903827,99.41,31.64,36.79,27,16.11,2687.82,285,455.55,360.36,413.89
"3502","TRINITY_DN6556_c0_g1",1.04936698006267,3.42344908824633,7.18615431558051,1.2937625232775e-05,0.000696034000035475,3.47297175343811,201.39,197.66,261.17,179.67,173,402.83,431.88,397.05,411.75,461.65
"3503","TRINITY_DN65625_c0_g1",-4.33939078877882,-2.4123384082464,-7.31241254558316,1.09268842040559e-05,0.000637003385576427,1.7086052839466,27,23,32,15,27,1.01,1,0,1,0
"3504","TRINITY_DN6574_c0_g1",2.40017144339016,3.39175628864423,6.40073220187913,3.87226106178732e-05,0.00134837484898639,2.39021959018253,199.31,139.21,98.7,79.44,136,688.01,589.75,947.28,1107.22,264.98
"3505","TRINITY_DN6574_c0_g2",2.67377281041109,-0.813587045728775,6.48505469433061,3.42901585413405e-05,0.00125678976632214,2.15901679459449,7.52,8.3,8.27,4.08,7.06,30.02,21.33,58.49,53.22,31.41
"3506","TRINITY_DN6578_c4_g1",1.08083984899205,0.832161092724461,3.54598666936946,0.00419760036384689,0.0270255304675658,-1.98007781967084,49.04,24,48.26,28,30,79,94,36,86,66
"3507","TRINITY_DN659_c14_g1",1.70430634182503,0.000748369548671468,7.26611388891874,1.16224520861952e-05,0.000659871389791487,3.58428634553704,17.7,12.85,18.97,15.62,16.7,40.25,30.73,53.59,70.28,45.29
"3508","TRINITY_DN65943_c0_g1",-1.20301574301765,-0.497423551235614,-3.43447527406196,0.00513985352518852,0.0309044630873899,-1.9819550193729,24.61,40.16,20.77,38.44,35.65,18.4,6.12,7.47,14.15,10.93
"3509","TRINITY_DN65953_c0_g1",-1.04997712900709,1.86058881182643,-3.99300262264668,0.0018834462858275,0.0157168651323172,-1.35528379695127,190,135,121,177,113,72.09,43,59,146.35,43.27
"3510","TRINITY_DN65960_c0_g1",-1.212354302862,-1.00613263870711,-3.47960146803738,0.00473494815001203,0.0292225762881316,-1.8607624232843,19.45,29.84,22.67,16.82,23.85,15.83,3.49,8.05,9.98,3.42
"3511","TRINITY_DN65969_c0_g1",-2.08985561134921,-2.13534018972323,-4.42309229976336,0.00088878644100304,0.0096178622423891,-0.842301438407076,12.66,15.1,11.51,14.29,15.44,2,1.01,3.01,2.48,1
"3512","TRINITY_DN66_c0_g1",1.78922241061833,3.50480186094826,8.03634578057328,4.30342153520855e-06,0.00037820267556223,4.60381682828422,172,118,183,253,134,526,706,653,614,403
"3513","TRINITY_DN66_c0_g2",1.20365697394309,2.2156623723404,5.19997645866689,0.000243207983377975,0.00416533710681133,0.64574694834169,78,71,81,109,86,177,267,219,188,131
"3514","TRINITY_DN66019_c0_g1",2.41693752832703,-0.938930242320644,3.68531924887669,0.00326343494961676,0.0226764358360942,-1.53644166963906,11,10,5,7,4,36,13,24,27,81
"3515","TRINITY_DN6605_c2_g1",-2.08363214646193,0.241416917475721,-7.14574716118534,1.3661946967966e-05,0.000721443648091881,3.46164391367672,98.07,57.7,77.62,48.25,68.28,11,6.04,18.49,30.11,10.09
"3516","TRINITY_DN6606_c0_g1",-1.01789242003866,4.39655752832835,-8.42175953447526,2.68453045981515e-06,0.000288565802845466,4.98793849046523,1037.17,837.83,789.38,594.73,891.81,450.06,344.65,398.32,510.73,325.76
"3517","TRINITY_DN66181_c0_g1",-2.94732229230357,-1.75508530822781,-4.67082510440468,0.000582737803401401,0.00724310629093306,-0.530366013945861,32,27,24,13,28,4,0,4,6,1
"3518","TRINITY_DN66204_c0_g1",-2.44603499966482,-2.11507142709979,-3.60318418966806,0.00378477501092694,0.0251229799388976,-1.85814866220535,28,18,14,11,12,0,1,5,3,3
"3519","TRINITY_DN6626_c1_g1",-1.48544166581545,-0.9020855768897,-3.37309245006875,0.00574793596088119,0.0333378226644285,-2.03395247517891,42,20,16,25,33,3,6,5,18,9
"3520","TRINITY_DN6630_c4_g1",1.22939413362792,-1.10981287452464,4.00204550345627,0.00185353267381829,0.0155819931470866,-1.03630457378339,13,6,8,10,10,17,15,20,18,17
"3521","TRINITY_DN66314_c0_g1",1.76908692940325,0.374014451552645,6.23769063748397,4.91165160763672e-05,0.00155772386350419,2.33065510600373,23,30,20,10,23,69,69,70,51,61
"3522","TRINITY_DN6640_c0_g1",1.11092395029449,2.36799963521368,7.64765254291603,7.04346415188005e-06,0.000497404543362837,4.18797097553415,95.04,82.74,102.72,125.33,83.72,203.06,185.33,221.52,239.26,181.4
"3523","TRINITY_DN6646_c1_g1",1.20052109404641,-1.09863305018786,3.35928529307918,0.00589451442029193,0.0338766413603232,-2.05107739523867,13.24,4.03,13.34,8.75,10.79,21.73,14.67,18.89,18.6,14.1
"3524","TRINITY_DN6646_c1_g3",1.2084855707916,4.59916375077575,9.35456374141925,9.12894969701965e-07,0.000168316170498507,6.08397533121232,339.3,402.06,539.07,462.59,434.2,982.64,989.86,1140.44,1051.3,817.07
"3525","TRINITY_DN6656_c0_g1",-1.11386651156587,5.57128018123421,-8.71633892245838,1.8916761185234e-06,0.000235615165002283,5.25137224505982,1986,1709.81,2216.03,2071.33,1656.91,779.63,993.48,907.27,1083.87,653.55
"3526","TRINITY_DN6657_c2_g1",-1.22168486379352,-0.844761242926869,-3.97202271276145,0.00195478603084469,0.0161511114998744,-1.07785210408042,30,26,19,22,25,6,11,5,12,10
"3527","TRINITY_DN66576_c0_g1",-1.72443645642569,-1.72571859264164,-3.2068355132931,0.00778872645050931,0.0408600135387396,-2.29473424640662,15.86,17.45,12.69,28.8,11.68,1.99,1.24,3.63,6.46,3.53
"3528","TRINITY_DN66640_c0_g1",-2.18423381469105,-0.39293817200247,-5.42317813559551,0.000170214537609957,0.00333266339637983,1.10062350206718,66,43,34,36,47,6,8,17,4,12
"3529","TRINITY_DN6673_c0_g1",2.43817808688578,1.20043104801637,6.45328624172001,3.58931392509815e-05,0.00128692401911676,2.64229708937922,40.15,29.66,25.24,18.14,29.18,247.56,181.2,145.93,96.43,103.18
"3530","TRINITY_DN67035_c0_g1",-1.10989840571551,0.178126197980612,-3.29255473341804,0.00665830562282792,0.0367800313503011,-2.32518811002573,67,58,57,19,50,22,9,25,25,18
"3531","TRINITY_DN67039_c0_g1",1.79673349237206,-1.01625402702011,3.37953921440558,0.00568077077792945,0.0330801784476776,-2.01371379386291,9,2,13,12,16,22,23,27,30,16
"3532","TRINITY_DN6708_c0_g2",-1.23338776866735,4.31657175157728,-11.006700891747,1.63843316477278e-07,6.84607239754705e-05,7.86023479525211,949.53,741.68,897.28,715.3,890.57,345.89,243.04,339.3,480.01,389.02
"3533","TRINITY_DN6713_c0_g1",1.09074238734443,3.17244279745332,4.35090259074374,0.00100661857022763,0.0104181518373456,-0.953775680895947,161.97,241.92,186,181,103,535.92,315,399,355,232.01
"3534","TRINITY_DN6715_c0_g1",1.39578039737518,0.972777551382581,5.4543324545473,0.00016203446234346,0.00322592109858093,1.18561966611017,24,21.51,46.58,32.39,60.17,86.84,76.65,77.91,107.61,76.83
"3535","TRINITY_DN6715_c1_g3",-2.3280694590186,-0.647519703828392,-5.06282647641028,0.00030389192400903,0.00478130912316319,0.520248735870415,56,49,23,49,38,9,3,5,14,3.07
"3536","TRINITY_DN6716_c2_g1",1.11326030124859,2.12012572098662,7.11677927040759,1.42078183016721e-05,0.000737383058441074,3.50513104772409,82.24,82.49,82.06,66.73,94.05,230.76,149.55,133.1,203.05,163.55
"3537","TRINITY_DN67205_c0_g1",1.39484011982597,0.270103333237253,4.58888715948885,0.00066945413554158,0.00795401796907877,-0.137239319786267,26,37,22,18,12,55,60,37,58,47
"3538","TRINITY_DN673_c2_g2",-1.11392182823269,0.76357322012135,-3.80942452063207,0.00261159125297359,0.0195200027264651,-1.50697778304745,84.33,67.27,91.53,37.22,77.31,17.48,17.62,35.15,45.14,41.13
"3539","TRINITY_DN6737_c0_g2",-1.67098956008345,-0.547810557375936,-3.05748676215704,0.0102416794279281,0.048916540265925,-2.58533777002,32,27,30,34,57.09,16,13,1,24,7
"3540","TRINITY_DN6740_c1_g1",-1.1134094877448,3.80118753281184,-8.16235784849386,3.68157045244643e-06,0.000343183119366001,4.72318055966936,523,446,715,597,538,252,212,224,335,278
"3541","TRINITY_DN6754_c0_g2",1.10985918572511,0.740406164524714,3.31952096973282,0.00633823705352704,0.0355146727072733,-2.36567037857388,22,38,31,40,37,55,39,53,157,55
"3542","TRINITY_DN676_c2_g1",-1.25385475085757,0.167998320121985,-3.32454562565216,0.00628034607804243,0.0353073079100263,-2.26433753764242,51,69,35.34,33.13,63.99,9.01,7,23,31.71,32
"3543","TRINITY_DN67654_c0_g1",1.60896314830342,-0.977732551606726,4.93000270481487,0.00037800444261652,0.00548999723320564,0.335532777939074,5.37,7.34,10.61,11.44,11.14,24.7,18.7,18.85,28.95,19.62
"3544","TRINITY_DN67656_c0_g1",-3.91717000749131,-2.73297923169791,-6.19893819802061,5.19998806863987e-05,0.00161803518902398,0.845321001781571,22,18,13,17,16,0,1,0,0,2
"3545","TRINITY_DN6767_c0_g1",-1.94009118762806,1.79519105869878,-7.70694856956268,6.52614346996654e-06,0.000475185367436346,4.28508189833868,223.76,135.3,161.68,152.6,286.23,46.24,38.39,52,75.24,27.44
"3546","TRINITY_DN677_c0_g2",-1.05288294471529,4.55643467583734,-11.7070631074803,8.43247004481217e-08,5.09308753825012e-05,8.52000570945762,1061,827.91,1078.27,728.61,965.09,464.97,365.16,447.72,524.95,425.8
"3547","TRINITY_DN67742_c0_g1",-4.80937230684013,-3.28045212822572,-7.04773929966172,1.56049805868471e-05,0.000777262361812454,1.46280134714922,18,11,17,30,11,0,0,0,0,0
"3548","TRINITY_DN67945_c0_g1",1.47549696877487,-0.139241143417137,3.82817719753828,0.00252544105128796,0.0190567791649006,-1.35873818144443,37.24,10.14,7.57,16.64,19.18,56.74,31.67,46.42,31.54,34.22
"3549","TRINITY_DN6800_c0_g1",1.52682623072074,1.06354865863045,4.16574695151156,0.00138935886420888,0.012921282545515,-0.924411867702569,27.82,31,27.02,64,35,144.74,130,94,68,62
"3550","TRINITY_DN6803_c3_g1",-1.55645103854868,3.17104964014587,-8.61563674712994,2.12998557783095e-06,0.000248609539836488,5.34062465338497,464.58,402.16,480.56,273.03,510.17,102.46,140.81,139.54,194.3,145.35
"3551","TRINITY_DN68170_c0_g1",-3.52354713853338,-1.72101258585671,-3.62748179366558,0.00362221439160198,0.0243925590506795,-1.81328600851449,28.23,29.1,30.17,31.18,28.66,0,32.37,0,17.95,0
"3552","TRINITY_DN6818_c0_g1",1.59423335014482,1.51367695643489,6.44110732330295,3.65286577633981e-05,0.0012950923708366,2.61193912185663,54.65,24.04,53.14,66.87,45,104.63,121.44,137.21,186.81,127.01
"3553","TRINITY_DN682_c1_g1",-1.61302101474994,4.96386737493151,-3.40982080706578,0.00537580717284653,0.031846305670983,-2.91920832383112,1603.98,1696.85,2262.98,2720.75,451.69,450.96,321.49,908.81,509.2,379.69
"3554","TRINITY_DN68213_c0_g1",-1.58461360973596,-1.43581916833162,-3.95550512760463,0.00201291477932845,0.0164712573736202,-1.15671958391021,22,25,21,13,15,7,4,3,8,2
"3555","TRINITY_DN68224_c0_g1",-2.53844117009987,-1.70316151496052,-3.53632323070921,0.00427176899488534,0.0273090958393052,-1.86926127953346,38,16,25,12,23,2,7,8,3,0
"3556","TRINITY_DN6823_c0_g1",1.77610544948582,2.7722931872459,7.87334547074197,5.27997899354748e-06,0.000424827422245623,4.45740376354997,87,107,133.04,143,61.7,412.92,296,309.46,345,353.89
"3557","TRINITY_DN6835_c0_g1",1.69307824739883,2.27408695000239,4.16393614215191,0.00139377262239734,0.0129450456091624,-1.10884215329962,75,73,73.64,67,78,469,341.37,219.14,133,161
"3558","TRINITY_DN68435_c0_g1",-2.93014524094266,-1.57219816742988,-5.7965077347746,9.51910519449512e-05,0.00231036881139574,0.768166377744564,28,24,30,16,37,1,1,2,3,5
"3559","TRINITY_DN6849_c0_g1",1.00380535300385,2.33011929101192,4.18901509929457,0.00133391783942728,0.0125676641614913,-1.09379070026493,116,67,113,104,96,149,185,317,234,129
"3560","TRINITY_DN6852_c3_g1",1.63136390766698,-1.2004167317445,3.76838602262375,0.00281084332707025,0.0205111409279037,-1.40758094333626,6.28,5.17,5.48,8.02,14.98,11.77,15.17,16.58,27.76,27.32
"3561","TRINITY_DN68630_c0_g1",1.30765625438268,-0.994557659536292,4.51375189308675,0.000760860329073332,0.00865011652078954,-0.253813044197293,15.23,7.11,8.07,7.03,11.09,18.61,19.5,21.48,23.03,15.61
"3562","TRINITY_DN6871_c0_g1",-2.06054888139803,1.26941219033365,-7.42651449184055,9.39569979912e-06,0.000577448031382978,3.92302494446844,138.19,174.15,139.95,96.63,125.49,41.23,17.05,36.06,20.76,44.72
"3563","TRINITY_DN6880_c1_g1",-2.82206071843172,-0.469118619129005,-5.01985872663614,0.000326033733686642,0.00500234155400568,0.460674331405007,39.45,33.33,56.56,77.78,82.37,13.84,7.25,3.88,9.53,1.45
"3564","TRINITY_DN68800_c0_g1",-3.39348864914999,-2.40317158465134,-5.53430112976133,0.000142881742976753,0.00298140329975894,0.273693331517613,25,17,17,15,16,1,0,0,5,2
"3565","TRINITY_DN6889_c0_g1",-1.1617429853502,3.75952544376716,-6.03802640849503,6.60437490821089e-05,0.00186607041887012,1.75601871926782,570,518,736,426,568,289,118,263,394,236
"3566","TRINITY_DN68908_c0_g1",-2.00932322751206,-1.89266316052248,-4.35754710037383,0.00099512252679698,0.0103371311170948,-0.78912305943989,22.6,12.29,20.13,10.59,14.61,3.11,2.2,1.11,3.24,2.12
"3567","TRINITY_DN6893_c0_g2",1.40817844510013,0.625141395353547,4.48915311240021,0.000793546348218399,0.00889750142773591,-0.32985317542104,34.73,26.99,17.22,20.45,39.85,58.28,53.27,92.52,50.59,88.16
"3568","TRINITY_DN6902_c0_g3",2.08558823391406,0.0232623625897066,6.85732182291065,2.02756104378263e-05,0.000920543178066618,3.06938745910916,14,13,21,10,15,50,68,69,46,48
"3569","TRINITY_DN69056_c0_g1",-2.16398483678366,-1.5905754100397,-3.39697976698836,0.00550304043922487,0.032340991089128,-2.02253796063588,30,16,21,13,28,5,5,6,7,0
"3570","TRINITY_DN6906_c1_g1",1.02559052279696,1.25987236994809,6.38710083700121,3.9494652221741e-05,0.00136333328670079,2.54294373155798,49.18,44.95,57.77,49.02,37.04,102.63,78.36,90.26,106,78.46
"3571","TRINITY_DN691_c1_g1",-1.22586443444593,1.38129385916942,-3.50924326008281,0.00448683045151096,0.0281837619919313,-2.12880083490865,133.6,122.07,74.46,158.53,81,45.91,71.65,52.71,50.79,18
"3572","TRINITY_DN691_c1_g2",-1.41865603962557,1.42043604105854,-5.10949623336705,0.000281624989497239,0.00455888833444772,0.605858761480491,163.82,120.61,90.63,145.98,92,51.51,59.38,28.91,51,29
"3573","TRINITY_DN69103_c0_g1",-2.54222045664214,-2.41637525101499,-3.78110482704757,0.00274747004335026,0.0201860925473273,-1.66248527036992,10,12.25,18.62,10,18,0,4,1,3,1
"3574","TRINITY_DN69259_c0_g1",-1.67905413114525,-1.26432639969796,-4.93169354002079,0.000376949963326108,0.00547898355332082,0.245737176821784,19.44,22.47,21.41,20.71,21.59,5.22,6.64,5.43,4.23,3.11
"3575","TRINITY_DN69266_c0_g1",5.56779908053709,-2.06487911362279,5.5218948961817,0.000145688867803075,0.00301340553103674,0.332665958086555,0,0,0,11.1,0,60.06,16.27,54.78,84.48,25.97
"3576","TRINITY_DN6938_c6_g1",-1.35344709970572,0.164632927497331,-4.97076518905239,0.000353424897606952,0.00525653092855885,0.476697719683155,73,45,51.99,35.01,52,13,16,27,27,9
"3577","TRINITY_DN6947_c0_g1",1.44032220191615,0.720373335134797,4.08919210431434,0.00158925609571604,0.0140990422936048,-1.01425796469888,18,17,31,43,47,120,72,66,70,46
"3578","TRINITY_DN6951_c5_g1",-2.50753197583335,0.259643632236252,-8.96565266424598,1.41639558799171e-06,0.000202467315027621,5.35215878440553,74.35,62.1,94.35,67.77,99.36,6.15,8.92,15.81,16.61,15.47
"3579","TRINITY_DN69660_c0_g1",1.01413212423601,-1.06990273462782,3.13551941540977,0.00887593563409453,0.0445525115424544,-2.41987346747111,11.11,10.15,11.23,5.03,13.18,11.2,13.11,22.36,24.35,14.18
"3580","TRINITY_DN697_c0_g2",-1.03649937374014,3.95815122032777,-8.4614854784114,2.55939958504866e-06,0.000281852368084275,5.07949470417111,721.56,568.74,591.45,499.76,661.76,332.52,212.73,300.77,304.64,339.56
"3581","TRINITY_DN6984_c0_g1",1.33497798025796,0.874505961710158,3.95960187470472,0.00199833286893284,0.0163839799629373,-1.2595638865017,23,27,30,77,29,100,42,83,87,82
"3582","TRINITY_DN6985_c0_g1",1.30371351787327,-1.12367411921216,3.46913971471918,0.00482582507369226,0.0295887105831581,-1.87331545207456,8.43,7.27,14.35,12.02,5.28,13.78,15.28,20.15,19.56,19.46
"3583","TRINITY_DN6987_c0_g4",1.50446224124332,0.130288881124834,5.90901495832483,8.02046477842792e-05,0.00209379223202399,1.86590180480489,31.26,15.5,23.1,14.31,14.02,40.05,34.37,48.39,71.13,50.79
"3584","TRINITY_DN6990_c0_g1",1.47421322670215,2.0699877567938,5.91658607321351,7.92904004272902e-05,0.00207754012527783,1.79641680529819,63,56,68,130,56,181,154,149,280,199
"3585","TRINITY_DN7007_c5_g1",1.01045623006941,0.863226939825973,3.56707379328443,0.00404029059539006,0.0262739653005572,-1.94951782641075,35.52,31.73,23.78,57.92,41.66,62.98,51.37,109.36,70.33,55.78
"3586","TRINITY_DN7015_c0_g1",3.37122596212207,-0.417420188098111,4.03930536743019,0.00173537067267143,0.0149026873961233,-0.98387799499902,0,19.58,2.61,16.06,24.31,51.57,63.59,41.19,61.11,103.11
"3587","TRINITY_DN7017_c0_g1",1.95442666065239,3.36754508305462,9.05125841653972,1.28425885574404e-06,0.000197322382550209,5.84158279858827,153,127,88,196,176,634,440,585,509,591
"3588","TRINITY_DN7021_c0_g1",1.65453306172369,-0.607942165193081,3.27335174492409,0.00689617936471536,0.0376747718780699,-2.22524013314444,16.89,13.99,3.38,13.02,12.15,72.55,23.02,20.64,21.96,27.63
"3589","TRINITY_DN7026_c1_g1",-1.5358852007379,0.138090024053352,-6.69470732190968,2.54497984594225e-05,0.00104708017247084,2.91498802180396,74.49,42.97,55.56,35.12,59.54,15.78,13.61,13.98,19.84,16.16
"3590","TRINITY_DN703_c2_g1",1.01057947607678,-0.963420817313959,3.06999583075632,0.0100092986912086,0.0481590315588434,-2.54068413288243,10.99,15,9,9.99,10.63,22.48,15.2,24.39,21.48,8.92
"3591","TRINITY_DN70308_c0_g1",1.92714470096778,-1.77163661311118,4.14291714463251,0.00144608342486574,0.0132688863901532,-1.00514045673824,6,4,10,2,5,12,10,15.99,15,18
"3592","TRINITY_DN70351_c0_g1",1.50658181849133,-0.0488099257484606,3.66035835369316,0.00341357748597446,0.0234074499545684,-1.65379853981317,8.78,13.16,21.83,26.38,21.22,37.24,61.86,54.06,47.18,21.07
"3593","TRINITY_DN70428_c0_g1",-1.31587419553488,-0.274219836777287,-3.10414366646937,0.00940156022627857,0.0462769468115401,-2.57142611920034,23.68,48.52,27.44,46.71,46.53,32.89,11.76,10.42,9.68,7.57
"3594","TRINITY_DN7045_c1_g5",-1.45454159745307,-0.471838147919008,-5.60374184921359,0.000128190617105213,0.00277453874053707,1.37647237562474,34.17,33.87,33.8,34.66,30.5,11.12,11,10.81,8.53,10.59
"3595","TRINITY_DN7045_c3_g1",3.39355267987691,1.21724684030111,14.4228819988686,8.56347775833783e-09,1.36989737513649e-05,9.72736674361144,21.55,17.56,33.98,20.94,14.28,215.79,217.93,180.11,238.15,175.75
"3596","TRINITY_DN7057_c0_g1",2.97600256488194,3.71388510078903,4.77668884501499,0.000487766690756474,0.00644091237604647,-0.224681547809637,226.63,48.32,131.56,443.03,56.98,501.75,813.45,669.53,1666.66,2064
"3597","TRINITY_DN706_c3_g1",1.01616254807377,6.76985592226499,6.70578425328322,2.50560720668868e-05,0.00103636868120916,2.45554598573929,2695.11,2778.74,1642.14,1804.68,1848.53,3930.73,3557.51,4219.36,5469.77,3874.94
"3598","TRINITY_DN7074_c0_g1",-1.02818013769844,2.99650973193977,-6.23310647772869,4.94485551478216e-05,0.00156642770124937,2.15509118929596,318.24,305.09,255.44,260.67,418.97,158.23,132.4,161.47,140.98,166.67
"3599","TRINITY_DN7078_c3_g1",1.14901265944813,-0.133160572960348,3.64038114644,0.00353883803712313,0.0240139504933024,-1.68669146897334,11.85,22.07,12.99,17.75,30,25,26.77,32.59,53.95,39.27
"3600","TRINITY_DN70783_c0_g1",1.35677404834141,-0.240765376360441,4.9550058896737,0.00036272232232317,0.00535264669762491,0.45793560880342,23,14,13,16,13,24,31,31,53,38
"3601","TRINITY_DN7082_c2_g1",-1.77677574433936,1.9009019342214,-5.93187049480835,7.74782524990453e-05,0.00204966908155427,1.84424843578675,190,223,195,145,174,31,96,76,36,54
"3602","TRINITY_DN7083_c0_g2",1.93919382221709,-0.364864664117395,4.13202382143524,0.00147399161852812,0.0134370567497037,-0.829352683409194,7,13.16,22.49,21.81,6,48.36,16,41.54,54.89,43
"3603","TRINITY_DN70973_c0_g1",-3.04653811175499,-0.0631769497913914,-3.74157915379659,0.00294938489494715,0.0211887457166914,-1.45312777792593,94.28,63,89.99,91.28,51.61,11.45,48.73,0,26.39,4.94
"3604","TRINITY_DN7098_c3_g1",1.42059575607556,-0.384838801093126,4.48282266676551,0.000802192999044262,0.0089578341571958,-0.273733972626207,14.29,8.12,23.6,9.31,17.44,28.49,37,23.89,39.37,35.09
"3605","TRINITY_DN7112_c0_g1",-1.03793402714108,2.21900983069893,-4.36857455135393,0.000976344226716472,0.0102123728529492,-0.757999117165048,283.23,177.49,131.76,150.61,187.02,81,54,84.53,103,122.92
"3606","TRINITY_DN7134_c1_g4",1.16307861092969,1.00281778266,5.77223135474229,9.87984230519176e-05,0.00237146735578855,1.6631654497472,36,30,54,28,46,86,62,67,95,93
"3607","TRINITY_DN7160_c3_g1",1.22202042559261,-0.00713092171528689,3.2785914827683,0.00683043120238848,0.0374283682781696,-2.32240967012335,13,30,21,17,16.29,29,29,39.38,35.02,77.47
"3608","TRINITY_DN7165_c0_g1",-1.10119109942824,3.7587485895931,-9.71743415567909,6.13691567676288e-07,0.000136800401874922,6.55311512903114,627,488,606,447.85,555,267,217,284,337,174
"3609","TRINITY_DN71763_c0_g1",1.63088151029081,-1.16321791879329,4.63096632187605,0.000623350432340153,0.00756971655827284,-0.129863032438648,7,5,13,7,9,28,14,17,22,18
"3610","TRINITY_DN71790_c0_g1",1.49329289416409,-0.0296521506777831,4.81099491144261,0.000460592212614437,0.00620869170664481,0.233477578090785,24,28,11,11,17,36,47,45,65,26
"3611","TRINITY_DN71822_c0_g1",-1.66390071111863,-1.50833027892929,-4.29029045891739,0.00111809679540512,0.0111832296430452,-0.704816994111037,24.23,19,15,13,22.25,3.06,2,7,8,2
"3612","TRINITY_DN71832_c0_g1",-1.7837689079356,-2.14506074994645,-3.76201100629096,0.00284317172569111,0.0206741916219339,-1.61829784493507,11,13,15,12,11,1,2,2,3,3
"3613","TRINITY_DN7185_c1_g1",3.03672904647975,-0.926129969312743,4.39245774148818,0.00093692920054327,0.00994933934922862,-0.543635156223996,11.41,0,21.4,10.96,3.77,41.26,27.45,43.43,41.58,45.26
"3614","TRINITY_DN7185_c5_g1",1.49774598829263,-0.998328442246807,4.28375254062615,0.00113086648135766,0.0112757028024793,-0.60370753373761,14,9,5,7,12,24,10,22,28,24
"3615","TRINITY_DN71895_c0_g1",2.11950895134759,-1.79860326576957,3.22800065804723,0.00749271315760862,0.0398412514767319,-2.2820016485585,6,0,5.68,9.96,7,24,14,13,15.93,9
"3616","TRINITY_DN719_c0_g2",1.11004273473963,3.42135417110009,5.70240619764713,0.000110005135276599,0.0025320733444052,1.27478565652959,260.04,188.71,194.36,149,209.39,389.33,400.49,456.68,719.09,268.08
"3617","TRINITY_DN7194_c0_g1",2.01709547731642,-0.801426294902089,3.13990613189213,0.00880484399064661,0.0443224682549986,-2.40991583631734,5,15,8.09,19,5,21,60,12,44,28
"3618","TRINITY_DN71945_c0_g1",-2.37218196536211,1.10001804654733,-8.67435989810241,1.98734342493204e-06,0.00024018021564557,5.33722567140629,213,136,101,116,118,25,24,17,30,23
"3619","TRINITY_DN71955_c0_g1",1.42027203435408,-1.61541122506613,3.24734250461416,0.00723215777752758,0.038873830781451,-2.21896775347227,6,15,3,3,9,18,9,11,17,10
"3620","TRINITY_DN71963_c0_g1",1.81804215623439,-1.46936316909806,4.47787337723741,0.000809021639466312,0.00901710983446971,-0.438358981785803,5.02,6,6,5,8,13,20,17,26,10
"3621","TRINITY_DN71965_c0_g1",1.64280350719303,-0.553954766610057,4.72589469083668,0.000531129596534322,0.00680546122680495,0.095288120720185,12,8,11,14,13,53,28,22,27,30
"3622","TRINITY_DN7199_c0_g1",1.40751238276985,1.86061699260886,3.13742418315077,0.00884499595687481,0.0444718517237971,-2.88183381959792,74.49,42.86,67.04,82.93,56.72,136.42,131.68,151,513.88,64.6
"3623","TRINITY_DN72_c0_g2",-1.85897958443328,-1.06550011382948,-4.23656418888419,0.0012276516177408,0.0119088994365151,-0.701682213759076,28,20,28,25,31,1,5,12,11.02,4
"3624","TRINITY_DN72029_c0_g1",2.60125778523475,-1.91268001942358,4.84949509105558,0.000431976963537464,0.00595961722032082,-0.326841038485162,3,5,4,3,3,11,14,20,27,11
"3625","TRINITY_DN72047_c0_g1",-2.29733391216205,-1.68574022969825,-3.0628690111728,0.0101410363999505,0.0485996888761196,-2.51492287478275,33.29,16.09,11.17,15.66,30.72,6.02,7.02,6.05,2.39,0
"3626","TRINITY_DN72048_c0_g1",1.35598809080038,-0.180776464845387,4.24074296999933,0.00121874319176853,0.0118478393107207,-0.673341209990091,18,12,20,19,13,40,42,53,33,21
"3627","TRINITY_DN72053_c0_g1",2.43639722754766,-1.68074458982772,4.55292207389281,0.000711684089731778,0.00828004477531575,-0.512646895960675,6,11,3,2,3,12,19,15,29,17
"3628","TRINITY_DN72083_c0_g1",3.28374552646555,-1.21219031983148,7.82168787734353,5.63706530265898e-06,0.000438371071577869,2.70762426081847,5,5,3,5,4,45,22,39,42,27
"3629","TRINITY_DN72089_c0_g1",1.06273002916538,-0.212962936704893,3.46233822382828,0.00488585934367091,0.0298290240836912,-1.98130775135496,15,15.08,18,19,19,40,44,31,23,26
"3630","TRINITY_DN72092_c0_g1",-3.17989457114826,-0.990218355813424,-6.55144634024283,3.1181095966533e-05,0.00117939568199979,1.87282624224856,60,38,30,36,59,3,1,3,8,3
"3631","TRINITY_DN72149_c0_g1",3.00583390967511,-2.0609735924367,3.97950047821415,0.00192904359752841,0.0160065004291636,-1.39289586404684,10,4,1,2,2,9,11,27,34,12
"3632","TRINITY_DN7216_c0_g1",1.17351243924689,4.20130884969945,8.69137670293672,1.94795141923673e-06,0.000238050149938015,5.33778687343557,353.49,326.54,328.46,338.44,308,888.86,680.74,650.02,707.34,819.33
"3633","TRINITY_DN7219_c2_g1",-2.35073906501542,-1.55816245470328,-3.43250095462692,0.00515835384174636,0.0309711915008749,-1.97309734317022,24.45,18.68,21.08,14.05,35.82,0,5.8,10.06,6.82,2
"3634","TRINITY_DN72226_c0_g1",3.26554319185913,-1.20014912836568,3.06548321235263,0.0100925123495183,0.0484314383374239,-2.50376116713808,6,3,13,10,1,27,29,75,15,58
"3635","TRINITY_DN7224_c0_g6",2.03146829888108,-1.79871080047207,3.06032882058247,0.010188411199732,0.048699154763149,-2.51676110960902,1.25,9.38,10.5,1.47,8.6,11.47,5.73,21.55,20.12,15.44
"3636","TRINITY_DN72287_c0_g1",-5.79516481837245,-2.40895389709218,-5.75779168986659,0.00010101256839045,0.00240340096558399,0.546153594983805,68,55,61,13,30,1,0,0,0,0
"3637","TRINITY_DN72289_c0_g1",-1.1521402500691,-0.0389352648846641,-4.30552463083238,0.00108892058679074,0.0110098968838072,-0.578544575093802,55,43.36,34,33,42.41,20,12,24,21,7
"3638","TRINITY_DN72295_c0_g1",1.10937324185586,1.78385688072922,3.05556154333897,0.0102779223208548,0.0489955992423365,-3.02040214009643,33,97,121,41,73,80,154,144.49,202,129
"3639","TRINITY_DN72299_c0_g1",-1.74985666443092,-1.13363483967964,-3.87960616516828,0.00230388894887853,0.0179631341482873,-1.23679880011679,26,21,33,19,21,14,9,6,3,2
"3640","TRINITY_DN7234_c0_g2",-1.70719942142871,1.29061875803633,-3.60354532345909,0.00378230495881629,0.0251098168989124,-1.93509584000398,181.34,73.94,223.47,71.88,101.77,16.48,45.2,41.26,21.76,82.08
"3641","TRINITY_DN72349_c0_g1",-1.04393350914112,-0.434943697606584,-3.79159700155864,0.0026962989622852,0.0199556942247454,-1.39684688683588,41,26,28,25,34,7,8,14,23,13
"3642","TRINITY_DN72368_c0_g1",-2.94514740266325,0.193493564947424,-9.94004299105381,4.83800013305114e-07,0.000118971645093053,5.99987861297997,109.93,70.66,104.5,67.38,97.31,7.15,3.12,11.33,19.54,10.27
"3643","TRINITY_DN7237_c0_g2",-2.77681972032329,-1.59719800044574,-3.42970310869769,0.0051846872575027,0.0310915462649205,-2.01390826106897,18.76,30.48,44.68,20.76,17.5,10.36,0,6,1,5.56
"3644","TRINITY_DN72371_c0_g1",1.95261364068902,-0.475389312433369,5.11878781854864,0.000277400606307071,0.00451199054355499,0.672163364263744,18,11,11,8,9,42,17,27,68,43
"3645","TRINITY_DN72376_c0_g1",1.77331072581276,-0.714320736804746,3.4815318211373,0.00471837173479929,0.0291405823352596,-1.86926132248955,4,22,8,20,8,34,35,23,41,14
"3646","TRINITY_DN7239_c0_g1",-1.50826488618503,3.79406278416532,-3.90553650433888,0.00219988487464965,0.0174244849595266,-1.83914932772065,341,364.47,1204,960,752,241.57,231.14,214.05,344.94,128.59
"3647","TRINITY_DN724_c1_g1",1.09175437865007,2.13950823007112,4.56676046400376,0.000695114698200595,0.00815882251830569,-0.403921000891184,102.95,48.94,110.6,97.45,73.5,258.97,134.63,140.76,177.65,181.74
"3648","TRINITY_DN724_c3_g1",-1.35471749457699,0.580902722266327,-4.85186488416932,0.000430277716489976,0.00595070464412836,0.266015465961437,99.66,54.67,97.21,45.6,51.59,19.24,19.86,32.92,30.77,17.49
"3649","TRINITY_DN72431_c0_g1",-1.42991905237002,0.226299417558947,-4.0194635073088,0.00179729163927036,0.0152725787628851,-1.074986935919,77,69,36,31,71,10,17,26,29,12
"3650","TRINITY_DN72479_c0_g1",3.27641149666034,-0.723935677956248,4.97316588697051,0.000352030706807402,0.00524310281973931,0.269792652075821,7,4,3,3.92,19.37,102.7,55.01,31.99,41.42,39.62
"3651","TRINITY_DN72482_c0_g1",1.40829592166946,-1.53332190780446,3.14653567250047,0.00869849239755916,0.0439372836807095,-2.37079047172335,4,10,8,8,5,15,10,20,11,13
"3652","TRINITY_DN725_c4_g1",-1.49619538068362,-0.442259641706914,-3.32435905058547,0.00628248605618759,0.0353152851469718,-2.16249687032919,68.43,21.84,28.45,40.6,31.42,30.76,4.76,6.44,13.56,6.47
"3653","TRINITY_DN72515_c0_g1",-1.43768777556533,-0.940281980009586,-3.50158822728192,0.00454960725161605,0.0284414895849737,-1.82695705135009,27.75,14.88,38.31,18.39,27.37,4.08,8.29,12.23,5.09,8.29
"3654","TRINITY_DN72517_c0_g1",1.15928392909746,-0.96893092294263,3.29157986017781,0.00667017886220957,0.0368060970370742,-2.17109099297713,11,8,9,8,16,19,17,27,14,20
"3655","TRINITY_DN72526_c0_g1",-1.95426546686554,-0.440118732443546,-5.73669129724096,0.000104343083841536,0.00245154413530238,1.52103566668068,48.93,43.82,34.25,43.41,39,10.2,8.04,9.22,18.15,2.02
"3656","TRINITY_DN72528_c0_g1",-3.42609573837933,0.821656077652625,-12.6469846675871,3.64081769377146e-08,3.14329706637974e-05,8.31704814216373,222.35,163.54,137.56,113.68,161.69,12.04,14.05,12.1,16.06,10.02
"3657","TRINITY_DN72532_c0_g1",-3.16028412596839,-2.54663474340725,-5.1316931828686,0.000271643608223517,0.00444915687650959,-0.139612484508337,15,12,18,13,17,0,0,1,5,2
"3658","TRINITY_DN72540_c0_g1",1.13058697573809,0.587176978353518,5.27262278711979,0.000216371728539009,0.00387170937411582,0.925468375551148,32,25,40,26,24,73,62,57,58,45
"3659","TRINITY_DN7257_c0_g1",-1.03984942975739,5.85867004591778,-8.92936657809552,1.47674972207272e-06,0.000206360067417724,5.48820417483496,2363.9,1816.76,3054.82,2104.39,2218.33,1223.95,1036.01,967.36,1400.2,882.3
"3660","TRINITY_DN7261_c1_g1",-1.66090037832444,-0.580530776791336,-5.33705244741952,0.000195180634830607,0.00363439572374924,0.976542383463715,42.82,41.12,35.33,18.57,33.55,7.51,10.1,7.93,9,9.58
"3661","TRINITY_DN72621_c0_g1",1.61044473528088,0.328966053149136,7.1060071116941,1.44167121053787e-05,0.000744671783593211,3.45615894458727,28.42,17.83,22.15,13.58,24.03,42.2,55.47,64.43,74.29,55.56
"3662","TRINITY_DN72653_c0_g1",1.67432603647967,-0.704784685071579,4.13955945801307,0.00145462673091531,0.0133263605391974,-0.81344553435619,6,7,9,14,22,33,31,20,27,29
"3663","TRINITY_DN72684_c0_g1",-1.05312467126435,-0.662634769614493,-3.8304303303173,0.00251528899127883,0.0190144660909863,-1.31464569801619,36,23,23,24,25,7,7,13,12,14
"3664","TRINITY_DN72695_c0_g1",1.86134762130298,-1.32627859550787,3.9882373419351,0.00189941019216212,0.0158040109778017,-1.09686932914535,3,6,7,14,8,26,11,22,23,13
"3665","TRINITY_DN72741_c0_g1",-1.13497609652522,-0.361323847012288,-3.29146474876061,0.006671582250938,0.0368063728786661,-2.24652433117972,55.52,40.6,40.97,16.56,23.37,15.82,11.03,11.53,15.3,9.93
"3666","TRINITY_DN72743_c0_g1",-1.88438670265854,0.0611590843519674,-4.29874006002021,0.00110181516709684,0.0110854764271534,-0.583031582895978,33,81,69,32,95,16,5,15,20,12
"3667","TRINITY_DN72748_c0_g1",-1.00226246362796,0.372789378162911,-3.23364626564631,0.00741569411076677,0.039567100096009,-2.45897571144559,96.76,54.91,33.41,42.53,43.58,27.44,21.35,20.3,20.15,25.33
"3668","TRINITY_DN7278_c0_g1",-1.62022231995603,5.68353712372993,-5.19419772144458,0.000245488313607467,0.00418700372073494,0.167502139809712,2105.8,3396.43,1932.37,1929.38,3542.75,719.05,447.44,498.05,1655.17,1113.06
"3669","TRINITY_DN72842_c0_g1",-1.04870117118334,2.11293517703369,-3.22964498869954,0.00747019756680197,0.0397603988507609,-2.77026510202551,347.8,127.03,111.31,127.8,204.39,85.66,110.89,59.61,83.77,70.01
"3670","TRINITY_DN72930_c0_g1",-1.1657763045657,-0.692204624722668,-3.96781883740168,0.00196941371083315,0.016232517221689,-1.08807827781486,31,20,32,19,35,7,8,9,19,7
"3671","TRINITY_DN72975_c0_g1",-2.06347264058743,-0.62125742045221,-3.39113298591524,0.00556198360421365,0.0325645047026316,-2.01127893069647,43.25,38,17.78,29.7,81.47,2.05,8.39,3.15,17.66,13.44
"3672","TRINITY_DN72991_c0_g1",-1.1060189580489,0.0401918584551314,-5.13045669549087,0.000272189706768214,0.00445257269533683,0.724841877264419,50,43,42,33,46,15,9,19,26,20
"3673","TRINITY_DN73011_c0_g1",-1.78031127806945,-0.232776961500363,-5.17799227650232,0.000252004102742391,0.00425543469489643,0.78573085518609,62.61,37.14,56.05,29.16,43.38,11.19,17.43,12,16.39,3.03
"3674","TRINITY_DN73029_c0_g1",-3.87900130908544,-0.35764194679048,-6.86614760010417,2.00289887381271e-05,0.000916191432350371,2.49487444504739,93,64,137,45,93,3,4,2,6,8
"3675","TRINITY_DN7308_c0_g1",1.31618564438386,1.12740931603689,4.29618168012498,0.00110671872989418,0.0111045213710178,-0.713854289016724,45,24,46,45,41,149,97,96,106,43
"3676","TRINITY_DN73100_c0_g1",-2.46917865525659,-1.9016168954044,-4.03364725003076,0.00175279965207199,0.0150222941246034,-1.26836508151699,21,14,16,19,22,4,3,0,4,3
"3677","TRINITY_DN73135_c0_g1",-1.81513847896494,-1.12201800859336,-4.12770789220481,0.00148520285396813,0.0134905925902106,-0.865106655623772,18,20,28,20,41,6,8,7,4,3
"3678","TRINITY_DN73153_c0_g1",-1.48801998317956,-0.76160268471325,-3.72915879618433,0.0030159367726636,0.0214824964010089,-1.4661268883354,60,21,21,20,33,7,4,10,13,7
"3679","TRINITY_DN73191_c0_g1",-1.04151433990915,-0.739932995067084,-3.29979719906106,0.00657076607828597,0.0364312474784967,-2.18338859713,33,29,24,14,27,14,10,11.41,12,4
"3680","TRINITY_DN73204_c0_g1",-1.25404834622753,-0.963112981647418,-3.13663582957777,0.00885778820065283,0.0444940136431458,-2.42225939849694,33,19,19,14,31,5,7,16,5,9
"3681","TRINITY_DN7323_c0_g2",-1.21296003941751,2.48528221379393,-7.86167124464479,5.35850357628707e-06,0.000426130163797738,4.45537477082877,184,221.79,299.57,219,247.49,105.37,80.49,88.03,137.54,84.01
"3682","TRINITY_DN73263_c0_g1",-3.20866315150725,-1.14523533172289,-6.10433754736525,5.98214022956768e-05,0.00175593410267898,1.34047589360234,45.41,36.73,24.4,35.33,51.66,1.01,4.04,3.67,2.02,4.04
"3683","TRINITY_DN73266_c0_g1",-1.24062377570916,-1.0355507258028,-4.33108952150188,0.00104172675368571,0.0106765705407423,-0.530126331577956,24,20,24,15,25,6,9,6,8,7
"3684","TRINITY_DN7329_c2_g1",1.09961631812422,0.20307192425834,4.23343497506732,0.00123436685836137,0.0119505959047941,-0.720281299684922,19.93,15.06,32.65,16.82,35.05,36.73,37.61,42.08,66.17,39.6
"3685","TRINITY_DN733_c0_g3",-1.07853174966138,6.62077226504416,-3.41290436491404,0.0053457026923371,0.0317144540945579,-3.09536750472913,4033.5,3678.41,4262.27,3050.15,4817.23,1763.38,1289.38,803.07,4189.29,2499.11
"3686","TRINITY_DN7330_c1_g1",-1.5276370543175,-0.189196125952868,-5.23778464351142,0.000228828917022179,0.00400457967366581,0.881064747813798,33.01,38,59.01,39,45,14,5,12.26,15,18
"3687","TRINITY_DN73310_c0_g1",2.65106573025303,0.570323729984852,4.64665782409269,0.000607019495777154,0.00744283079233886,-0.0440242041064547,13,29,43,28,4,140,73,155,95,59
"3688","TRINITY_DN7332_c0_g1",2.11864977301404,-1.04012270841742,4.04388169777617,0.00172140527927691,0.0148475982469315,-0.990549695069485,9,5,8,12,5,40,20,11,41,27
"3689","TRINITY_DN7333_c1_g1",-1.47745513111874,1.14786605228848,-4.96788371960245,0.0003551059616516,0.00527379855943931,0.406870951035476,165.13,86.81,98.93,62.59,120.2,27.22,18.66,33.92,75.65,30.9
"3690","TRINITY_DN7333_c3_g3",1.57712128375628,-1.04326341633004,3.73262387299291,0.00299721608937068,0.0214023342939426,-1.45656255729859,5.39,7.03,7.28,15.21,10.91,33.2,13.29,18.7,17.49,24.28
"3691","TRINITY_DN73330_c0_g1",-2.15193328955526,-1.3859252119612,-4.23127884655054,0.00123901608379842,0.0119828100664793,-0.806600283866738,33,35.45,19,13,25,5,1,3,11,2
"3692","TRINITY_DN7341_c0_g1",1.15871037999844,1.34579442325755,6.12811769111913,5.77443102235028e-05,0.00171902804204299,2.1687178242499,55.51,36.85,58.59,47.73,42.07,94.15,78.54,127.26,104.36,107.89
"3693","TRINITY_DN73423_c0_g1",1.06567056880268,1.76206640426324,4.78127296452927,0.000484040232816101,0.00641350360611463,0.0155343081533816,91,59,53,65,61,161,174,116,120,105
"3694","TRINITY_DN7343_c0_g1",-1.06751176126758,2.45732038087302,-4.51510485741393,0.000759103864112198,0.0086376950251462,-0.54285132440236,299,241,241,168,156,128,132,95,114,58
"3695","TRINITY_DN73455_c0_g1",-1.56811190508013,-0.806945857932422,-4.58902390147167,0.000669298670551196,0.00795401796907877,-0.131823981108045,33.05,28.93,30.11,14,39,7.14,4,9.18,8.05,9.22
"3696","TRINITY_DN73511_c0_g1",-2.84923716019688,-2.2388788117038,-4.44143899185819,0.000861196109268417,0.00941534021692833,-0.859151978076847,22,15,13,23,13,3,0,3,2,1
"3697","TRINITY_DN73520_c0_g1",-1.54011315554441,0.10713954098813,-4.90100860805276,0.000396576789354361,0.00567935970241523,0.370919569429301,70.26,63.09,52.02,24.53,56.05,15.01,22,14.02,15.01,12.02
"3698","TRINITY_DN73557_c0_g1",-1.12263469240347,-0.183485211491364,-3.72200023470053,0.00305499370593939,0.0216865612944896,-1.53898876490912,58,30,25,28,53,20,9,13,20,12
"3699","TRINITY_DN7357_c0_g1",1.27991728290553,2.42350376185008,7.59396813752904,7.54979283311781e-06,0.000515880379379536,4.11689875652146,92,117,94,100,74,226,231,239,218,218
"3700","TRINITY_DN73596_c0_g1",2.41144049926614,0.371129021615495,7.19967719082739,1.2704474516178e-05,0.000690585682094481,3.54212309346438,19,29,26,5,15,70,64,82,106,81
"3701","TRINITY_DN73609_c0_g1",1.18672943255096,-0.401121586077655,3.32131246200969,0.00631753471576994,0.035454016811399,-2.19303370828069,9,19,9,19,25,23,27,22,44,30
"3702","TRINITY_DN73625_c0_g1",-1.12734834663212,0.960008404424631,-5.31118976788603,0.000203411161139049,0.00373144568820035,0.963259612847347,104,87,70,52,91,30,30,26,49,36
"3703","TRINITY_DN73662_c0_g1",1.63393295496185,-0.794635178014236,4.268060845735,0.00116213805282609,0.011477376974201,-0.616464354827412,11,4,14,12,13,33,16,33,30,20
"3704","TRINITY_DN73669_c0_g1",-4.49903489261196,-2.2792604512759,-7.0042288639798,1.65603570856844e-05,0.000810113838766931,1.51718237954995,39.34,28.27,24.13,24.28,25.12,3.03,0,2.02,0,0
"3705","TRINITY_DN73703_c0_g1",-1.28541634564383,-0.983718617634868,-3.07805132028096,0.00986246396291807,0.0477408836626269,-2.50994863712208,28,15,23,20,34,6,5,14,16,2
"3706","TRINITY_DN73707_c0_g1",-1.05485472583881,0.0821737645438241,-3.60192931719132,0.00379337083279503,0.0251507389704386,-1.77729315284148,48,43,36,36,56,15,6,27,34,18
"3707","TRINITY_DN73760_c0_g1",-2.41547322145928,-1.49266121679235,-4.88847609329234,0.000404898992782475,0.00574438429392463,-0.0344343688790927,23,23,38,15,25,4,3,2,7,1
"3708","TRINITY_DN7377_c4_g1",1.46185783224073,0.114040282295001,4.11783977617842,0.00151117026865789,0.0136308560667614,-0.899743560435684,22.13,18.09,32.92,19.68,9.38,37.13,52.99,40.48,45.27,61.99
"3709","TRINITY_DN73772_c0_g1",-1.49887215952432,-1.01881907938751,-4.90947876187891,0.000391054077557985,0.0056209889884927,0.300639388817865,29,26,24,16,24,6,8,8,6,5
"3710","TRINITY_DN73836_c0_g1",2.5069751860993,-0.883722855436972,5.83703598356073,8.94762680747506e-05,0.00223394289369353,1.42039366585376,10,11,13.56,4,3,32.26,34.27,31,38.5,29.39
"3711","TRINITY_DN73854_c0_g1",3.17346800096741,-1.79249945273912,5.10192686654122,0.000285116427896954,0.00458945475872838,-0.105882180037548,2.12,2.11,1.71,8.38,4.17,28.48,11.42,28.02,30.47,14.47
"3712","TRINITY_DN7388_c0_g1",1.78930086950771,3.08393943140448,9.21595441841372,1.06583830160706e-06,0.000179484917113153,6.04013844874778,123.37,111.12,132.48,110.8,151.42,444.26,308.35,361.47,765.92,359.08
"3713","TRINITY_DN7394_c6_g1",2.05539314607885,-1.96059949200747,3.93435984144936,0.0020899469285842,0.0168540637492065,-1.34823326673345,4.01,2.65,4.86,9.44,2.82,11.26,9.45,9.37,20.84,12.57
"3714","TRINITY_DN73954_c0_g1",-6.07570420250015,-2.66741013501361,-8.97690393016004,1.3982240674991e-06,0.000202166944528728,2.68520253393425,47,38,52,16,41,0,0,0,0,0
"3715","TRINITY_DN73962_c0_g1",-2.50523025807927,-1.33873139285011,-5.52255060031414,0.000145539053296896,0.00301218213389326,0.768296627201085,31,21,34,25,27,1,1,8,7,3
"3716","TRINITY_DN73977_c0_g1",1.62583614772155,-1.02043991889712,4.53734002264205,0.000730836424601395,0.00842537600052872,-0.237169225481796,11.48,7,6,5,16,21,19.58,31,24,15
"3717","TRINITY_DN73998_c0_g1",-1.63113395587987,-1.2693949825024,-3.12520636431796,0.00904535702779818,0.0451280511923474,-2.40631463100053,16,35,15,13,39,7,2,5,10,3
"3718","TRINITY_DN7411_c0_g1",-2.21352297918913,2.12374207538242,-3.68106706635516,0.00328852504946588,0.0228087434283982,-1.9119200986889,292.17,106.82,321.7,420.74,296.81,146.08,16.61,42.81,199.69,14.18
"3719","TRINITY_DN74126_c0_g1",-3.62175531814076,-1.97301585876165,-5.70319636487401,0.00010987104128159,0.00253128375678807,0.465176947714101,39,19,25,17,33,1,2,0,2,2
"3720","TRINITY_DN74141_c0_g1",-2.36518469920477,0.174591428284663,-7.75992527472656,6.09828794301123e-06,0.000454995856664367,4.11917159745685,54,54,86,85,84,9,9,13,15,14
"3721","TRINITY_DN7416_c0_g1",-1.0158164868667,4.77488368489456,-4.32718700837169,0.00104879093499661,0.0107176310941663,-1.24422093865555,1192.07,1332.51,937.79,869.79,1069.19,679.89,502.54,681.73,688.48,227.81
"3722","TRINITY_DN74164_c0_g1",-1.3282710728979,-0.253921454813627,-3.75206983980196,0.00289434968424749,0.0209502392370556,-1.47257663282774,45.77,37.19,44.46,21.96,49.3,11.91,4.28,14.94,36.76,7.56
"3723","TRINITY_DN74166_c0_g1",-2.10269899308974,-1.43054351626038,-4.35586833319219,0.000998014083383192,0.0103490583102436,-0.641795818784968,28,21,22,12,36,3,1,6,9,2
"3724","TRINITY_DN74219_c0_g1",-2.44017502089456,-1.0296866761473,-6.15334908709628,5.56239852387142e-05,0.00168328728470472,1.68281899732936,26,36,39,31,33.25,3,2,3,10,6
"3725","TRINITY_DN74224_c0_g1",-2.73256230948566,-0.990833907933039,-5.52322260437498,0.000145385683605449,0.00301129958757958,0.924512713199448,62,27,25,35,44,9,2,3,5,3
"3726","TRINITY_DN74318_c0_g1",-4.39399556553938,-3.05221416960931,-7.30966870592664,1.09668403436806e-05,0.000638648193932686,1.63677518087151,19,16,12,12,24,0,1,0,0,0
"3727","TRINITY_DN74359_c0_g1",-1.86072374428393,-1.4275190242596,-4.29955877483601,0.00110025074330807,0.0110739707955717,-0.679319261513387,30.9,20.54,15.33,16.34,19.32,6.18,2.12,5.19,2.03,5.1
"3728","TRINITY_DN74378_c0_g1",1.54515118540768,-0.268881817357698,4.87247136489319,0.000415794412762807,0.005839132399793,0.330851566920519,24.92,9.8,11.5,11.51,17.25,30.69,40.26,54,39,24.92
"3729","TRINITY_DN74387_c0_g1",1.82250573443938,-1.30756534651304,3.73475439281216,0.00298576492137663,0.0213485920650186,-1.47143462396969,10,9,2,6,9,18,15,10,28,28
"3730","TRINITY_DN74412_c0_g1",1.41297611073706,-0.249630649188452,4.7473599104073,0.000512331401809205,0.00663955617722289,0.138402473735042,13.31,15.83,18.24,8.35,22.64,28.52,35.55,26.3,61.91,31.41
"3731","TRINITY_DN74435_c0_g1",-1.64969274515273,-1.22062967838368,-4.59537534639016,0.000662119017933995,0.00789073521131637,-0.199326968269228,33,17,24,16,22,8,4,7,5,3
"3732","TRINITY_DN7446_c0_g1",-1.19477333844133,4.25344702027102,-7.88137213671282,5.22670472986571e-06,0.000421788867896329,4.31745023060882,714.39,787.81,1001.51,610.31,897.48,389.79,212.29,386.09,497.47,284.94
"3733","TRINITY_DN7446_c1_g1",1.16859817500203,-0.454303427011782,4.08786978410451,0.00159295982823696,0.0141134839579144,-0.906766381534535,23.65,9.73,14.13,8.05,20.38,29.08,21.06,33.26,28.42,28.22
"3734","TRINITY_DN7452_c0_g3",2.64328202143894,2.57974460479426,7.42936456776339,9.36052342593782e-06,0.000575936911380298,3.91139855169927,37,88,87,110.83,45.81,354.72,301.5,448.27,770.62,269.25
"3735","TRINITY_DN74582_c0_g1",1.51466177426628,-1.82573061763068,3.37707346579364,0.00570636525190334,0.0331880787442552,-2.04842317358147,11,4,8,4,3,12,11,11,13,10
"3736","TRINITY_DN7459_c0_g1",1.5678822970879,1.55937652633044,6.1244199497766,5.80621954393787e-05,0.00172195249298977,2.15365583559666,76.56,41.28,42,67,29.4,153,102.98,176.89,159.11,102.31
"3737","TRINITY_DN7460_c0_g1",-1.01336545513175,4.01181861090359,-5.8209525134686,9.16993826655038e-05,0.00226894608358946,1.37794865952789,751.6,541.03,734.47,486.71,662.4,395.84,180.69,258.26,505.91,283.98
"3738","TRINITY_DN74620_c0_g1",-2.03647252294438,1.48089292191663,-5.22895552362009,0.000232104598709774,0.00404573467431084,0.803712624687159,254.38,114.14,147.93,81.18,240.01,26.38,36.18,25.75,87.5,23.79
"3739","TRINITY_DN7465_c0_g2",2.09851900859859,0.295758432751776,3.8798719902188,0.00230279739757332,0.0179571975987685,-1.30658082623215,37,18,6,52,8.17,57.1,78,39,116.83,58.01
"3740","TRINITY_DN74660_c0_g1",2.60312358877658,-1.14790591404034,4.53377407295444,0.000735294692781168,0.00846107105233553,-0.358337817411945,8,6,5,6,4,17,25,22,32,57
"3741","TRINITY_DN7471_c1_g1",-1.04962844599719,2.44215940333799,-4.38016118552398,0.000957011063124315,0.0100858878824614,-0.774304471135134,171.24,180.79,316.03,218.7,203.67,150.9,94.04,86.28,153.11,52.18
"3742","TRINITY_DN7473_c0_g1",1.02649809797494,-0.116890958687048,3.58228693581314,0.00393055647078561,0.0258009771907435,-1.79017479723976,20,35,16,11,18,25,27,40,48,31
"3743","TRINITY_DN74741_c0_g1",-1.95749786243328,-0.35837818180285,-6.78738678928008,2.23482409775224e-05,0.000966250536572672,2.86737844777662,50,49,32,40,45,6,12,8,12,9
"3744","TRINITY_DN74788_c0_g1",-1.01850265226057,1.54089009230653,-4.21148805763701,0.0012825504678309,0.0122578110166562,-0.923063466471412,98.46,96.3,98.19,143.45,134.64,47.98,59.75,58.24,41.56,64.38
"3745","TRINITY_DN7479_c6_g1",1.3805007853615,-0.12749626260368,3.12619987305157,0.00902889496459188,0.0450665895218057,-2.56256827134357,36,24,13,17,7,25.5,35.51,45.14,73,23
"3746","TRINITY_DN7483_c0_g2",1.21450717762164,1.57170226566807,3.17610909777991,0.00823962929912616,0.0423760928708623,-2.76171153071031,80.97,48.04,66.06,46.88,39.01,51.29,126.02,118.05,253.09,130.28
"3747","TRINITY_DN7484_c2_g1",-1.67807904011494,0.0632490820657075,-4.54993893503407,0.000715309732967578,0.0083115598559794,-0.180529117729629,64.85,52.93,38.01,50.95,60.2,23,3,10,20,27.66
"3748","TRINITY_DN7484_c2_g2",-1.66697249009231,-0.471118038190066,-4.04246231785335,0.00172572424765088,0.0148683458821446,-0.970637444628355,50,33.07,42,20.05,43.01,14,4,3,17,19
"3749","TRINITY_DN74885_c0_g1",-1.74243498668511,-1.20788348327125,-3.59115415787727,0.00386800809997257,0.0255228470903321,-1.68280304042122,28.19,32.54,14.25,19.89,20.39,8,3,10.91,2.06,5.13
"3750","TRINITY_DN74916_c0_g1",-1.35798340494026,-0.564445656703416,-3.63880543862606,0.00354891640210625,0.0240630200299058,-1.62772052671384,49,25,32,24,33,10,5,9,32,4
"3751","TRINITY_DN74963_c0_g1",-4.02548885301924,-1.68129764544539,-6.01584751531875,6.8275417935599e-05,0.00190386055106747,0.768418400060695,54.43,39.49,28.4,33.43,27.59,1.52,2.69,0,2.05,1.02
"3752","TRINITY_DN74979_c0_g1",4.32767541162382,-1.60408505055093,6.42483491057662,3.73965390887599e-05,0.00131567603982972,1.11621561151248,12,1,3,0,4,38,24,42,48,40
"3753","TRINITY_DN74994_c0_g1",-1.35984079505277,-0.00930899994691511,-3.13771629733051,0.00884026068601465,0.0444554936180679,-2.55644877716335,68.57,48.18,54.92,14.64,65.12,14.66,8.16,12.33,35.22,12.81
"3754","TRINITY_DN75011_c0_g1",1.2938267779042,-0.778286618926951,3.61946359071252,0.00367505312242895,0.0246369563830522,-1.64908619782183,12,11,12,10,11,22,21,25,46,10
"3755","TRINITY_DN75048_c0_g1",2.63912938861092,-2.17003263554848,3.40002882930641,0.00547255449466721,0.0322210122883139,-2.13028502775658,3,4,1,15,1,12,21,15,11,11
"3756","TRINITY_DN75056_c0_g1",-1.34599850434104,-0.0701260047531328,-3.60829964321321,0.0037499402946122,0.0249627729826065,-1.74064946447695,40,39,30,56,53,21,15,5,18,21
"3757","TRINITY_DN75065_c0_g1",1.59429463660603,-0.112362465024723,4.79937509898283,0.000469614134618922,0.00626970603732396,0.217848995197882,10,26,12,23,14,39,44,30,56,38
"3758","TRINITY_DN75068_c0_g1",1.88249549583804,0.159254717825772,7.65638620905979,6.96458838672615e-06,0.000495266031308799,4.06015214724049,15,14,26,18,14,46,49,59,70,58
"3759","TRINITY_DN75079_c0_g1",1.06853600863515,-0.340749907813828,3.15667439719589,0.00853834550553612,0.0433621989161172,-2.48556792627216,12,16,31,13,13,22,18,46,35,30
"3760","TRINITY_DN75084_c0_g1",-1.02676008737532,-0.73061307035403,-3.56138457836424,0.0040821285572843,0.026491227305836,-1.75082980154979,27,29,26,21,22,10,11,11,16,4
"3761","TRINITY_DN75094_c0_g1",1.17669492285944,-1.29684010478241,3.22597469900781,0.00752054874367203,0.0399385048542341,-2.25427393188509,9.36,9,4,9,11,12.3,14.31,21.36,14.25,12.3
"3762","TRINITY_DN7511_c3_g1",-2.16619094442602,0.196998704422688,-7.55184042205942,7.97438142034394e-06,0.000529268302437404,3.91635356649348,92.35,67.56,76.42,39.18,73.87,20.59,6.31,11.94,20.35,9.66
"3763","TRINITY_DN7513_c0_g1",-1.33155891689299,0.586458832956375,-5.45718805310289,0.000161305745272286,0.00321730135354048,1.2091460807906,77.89,74.37,54.1,47.9,81.39,19.09,15.76,18.83,37.53,32.91
"3764","TRINITY_DN7513_c0_g3",-1.11774005702414,0.412803520772839,-4.98353680140306,0.000346073967298067,0.00519613956150164,0.483960596578671,66.94,60.89,44.47,36.74,70.98,27,16.53,18.52,28.36,23.88
"3765","TRINITY_DN75165_c0_g1",2.02048614069588,-0.901309516316895,3.96043837186413,0.00199536889840706,0.0163646124477169,-1.10295261754769,6,3,11,15,15,38,23,35,33,14
"3766","TRINITY_DN75226_c0_g1",-2.45832912814221,-2.04469326687707,-3.59473229831201,0.00384305773278921,0.0253982689118029,-1.85704416772406,21.04,15.03,12,19.85,15.06,0,2.01,3,1.36,7.79
"3767","TRINITY_DN75236_c0_g1",-1.1596849140423,-0.134133201500947,-3.86034195039656,0.00238443124426455,0.0183718302752107,-1.30981841625042,40,63,36,27,35,12,7,20,23,15
"3768","TRINITY_DN75500_c0_g1",1.51655085950364,-1.46926388239945,3.39917089047671,0.00548111514847516,0.0322434927580264,-1.98469024160127,7,6,12,5,5,11,13,19,13,21
"3769","TRINITY_DN7553_c0_g1",1.3809387406869,4.24441574188398,6.39345372066388,3.91328244167982e-05,0.00135657963853032,2.23510009882754,280,441,257,280,362,1119,977,781,786,562
"3770","TRINITY_DN7556_c0_g1",1.11561169697045,2.70816688947575,7.05562681070949,1.54381829101813e-05,0.000772491450476238,3.37257987249767,101.4,116.91,110.49,127.02,158.26,256.32,202,320.36,277.64,259.74
"3771","TRINITY_DN7556_c1_g2",-1.22575915766299,0.948542950244572,-4.97165365139447,0.000352908253115305,0.00525171895901355,0.427570810501225,131.14,74,73.03,51,94.07,36.05,19,30.58,47.82,32.01
"3772","TRINITY_DN75624_c0_g1",-1.48606363855137,-1.78426240389943,-3.18068768459585,0.00817080396178368,0.0421569150337105,-2.33084691181342,11,17.37,18.52,15,11.23,1.25,3,3.01,6.59,3.52
"3773","TRINITY_DN75734_c0_g1",-1.7499949616098,-1.48087482406582,-3.43730650071352,0.00511344149511273,0.0307899032835909,-1.93467968310163,24,16,12,23,25,5,4,1,11,3
"3774","TRINITY_DN7580_c0_g1",-1.94304351351424,0.754687453467372,-4.87018045873615,0.000417378984379158,0.00585476140685157,0.291387508150192,65.43,86.2,66.68,90.43,187.74,30.22,10.97,13.27,36.7,24.43
"3775","TRINITY_DN75807_c0_g1",-1.21442455429927,-0.235803029768184,-3.35829204273878,0.00590520426186673,0.0339131543097919,-2.15010473987827,32,28,48,26,52,7,13,18,11,25
"3776","TRINITY_DN75833_c0_g1",2.17650405929452,-0.611966539098914,5.05147714954706,0.000309582130952058,0.00484142659132069,0.538969280834693,19,7,17,8,4,26,29,39,57,33
"3777","TRINITY_DN75880_c0_g1",1.91107305783146,-0.652471745014213,3.88493673491349,0.00228210177373247,0.0178495253906062,-1.21646877595125,7,15.11,2.03,13,21,30,38,30,24.01,34.97
"3778","TRINITY_DN76_c6_g1",-1.86186253441841,1.78258401062938,-4.6094948796095,0.000646445403224612,0.00776348243029142,-0.253365442318256,176.15,150.2,148.79,233,204.04,33,31.83,15.99,138.89,85
"3779","TRINITY_DN76225_c0_g1",-1.0235266650169,0.409241987737345,-3.5553347977888,0.00412710452082355,0.0267139523970146,-1.90213681331058,67.53,66.13,31.16,45.74,61.97,18.11,30.46,19.24,31.82,19.27
"3780","TRINITY_DN7631_c3_g1",-2.43358592521816,-0.36954050318435,-4.78807112594187,0.000478568838373218,0.00636316800761695,0.175927883088573,46.44,68.45,75.09,23.35,56.74,2,4.15,12.96,16.28,9
"3781","TRINITY_DN76321_c0_g1",-1.05760537153328,0.305414618331329,-4.29039774272463,0.00111788850725534,0.0111832028320995,-0.633912546110308,51,52,43,47,56,13,25,16,32,25
"3782","TRINITY_DN76334_c0_g1",-2.12619779018706,-1.65280159532985,-3.15858143127565,0.00850855671725529,0.0432634297848212,-2.37203138065322,25,16,30,18,14,3,4,7,9,0
"3783","TRINITY_DN7634_c0_g1",1.18838299534496,-0.256713378877526,3.13201552264577,0.00893313547576817,0.0447446515943003,-2.53589472617445,18,23,14,9,19,50,30,48,19,26
"3784","TRINITY_DN76440_c0_g1",1.14136866349228,0.394238451817172,4.29701035601196,0.00110512795203896,0.0111004643470639,-0.631396132515436,17,28.7,32,18.14,35.26,65,35,62.99,48,49.24
"3785","TRINITY_DN76459_c0_g1",1.68115763472605,-1.31156182041361,4.54607014542204,0.000720040551270978,0.00833400886544463,-0.290782980453343,9,6,6,4,11,13,20,18,20,19
"3786","TRINITY_DN7647_c0_g2",1.1615321320588,0.976684397856974,3.70489605239317,0.00315043216815896,0.0221411661326239,-1.72164951108691,40.56,43.26,16.11,50.63,49.09,68.99,51.57,95.28,87,92.32
"3787","TRINITY_DN7670_c0_g1",1.36680570522142,0.762354508507399,3.05397379951183,0.0103079090318099,0.0490943502757595,-2.83076479099948,19.83,11,34.8,52.18,64.75,107.81,68.09,92.9,70.26,38.68
"3788","TRINITY_DN76745_c0_g1",-6.10630508731833,-2.33595915513636,-9.82544213179972,5.46516486791842e-07,0.000129241644491718,3.08146922282727,67.81,37.33,32.63,47.69,51.92,0,0,0,1.07,0
"3789","TRINITY_DN76809_c0_g1",1.72628857058386,-1.68776639164822,4.0670178983438,0.00165256210250642,0.0144415978980441,-1.05714096611894,4,7,6,5,5,13,18,11,14,13
"3790","TRINITY_DN769_c0_g1",-1.31430949953795,2.43772802753918,-4.82332986993564,0.000451213717666093,0.00612477297668491,-0.00676247809055663,211.37,182.43,245.89,284.02,248.72,216.89,47.44,90.45,86.15,74.42
"3791","TRINITY_DN769_c0_g2",-1.13152063338808,2.30400506718537,-6.27262362123857,4.66628009790178e-05,0.00150268585438115,2.3005142523953,237.9,185.56,194.68,183.74,195.37,143.88,53.18,81.71,127.37,63.82
"3792","TRINITY_DN769_c2_g1",-2.68448970036587,1.01704326675358,-6.59573166069019,2.92751372434145e-05,0.00113527317203905,2.83184556255006,157,186.5,136.93,118.69,119.87,13.18,5.92,11.18,68.12,35.72
"3793","TRINITY_DN7700_c0_g1",-5.96987237457442,0.810256608595254,-5.03655835761009,0.000317233036268024,0.0049158467452006,0.453710502016701,657.89,391.17,219.92,173.61,707.61,6.16,2,3,4.99,10.83
"3794","TRINITY_DN7700_c0_g2",-7.19640377833333,-1.32700288448967,-6.39532949163531,3.90266658844054e-05,0.0013537623623206,1.15355643992555,239.07,172.51,92.16,66.7,146.9,1,0,1,0,0
"3795","TRINITY_DN77039_c0_g1",-1.30623736731328,-1.67734356594326,-3.56315354181317,0.0040690724945075,0.0264320826831683,-1.75408859224481,20,16,11,12,15,4,2,5,7,3
"3796","TRINITY_DN7705_c0_g1",3.08287428944666,0.110588831260265,3.34374877101475,0.00606400124729988,0.0345513400211489,-2.1375143667959,6,7,6,18,39,204,111,109,96,15
"3797","TRINITY_DN77162_c0_g1",-2.60739959613956,-1.94004334152785,-3.57119134775508,0.0040102843458086,0.0261517251368667,-1.87486623701967,16,15,30,11,25,0,4,7,2,2
"3798","TRINITY_DN7726_c0_g1",-1.26173090062248,5.26077044374605,-12.975478600079,2.7496302292658e-08,2.67062746071422e-05,9.62968183351627,1732,1337,1677,1543,1853,580,667,757,748,604
"3799","TRINITY_DN77284_c0_g2",1.01464341176327,-0.908510677547776,3.04497937202868,0.0104794471174725,0.0496764518185851,-2.58867361757353,10.76,10.68,19.74,7.54,10.8,18.8,10.62,20.72,35.93,13.76
"3800","TRINITY_DN77297_c0_g1",-1.26133806612031,-0.202837450147062,-3.96355860374134,0.00198435297150531,0.0163136742809787,-1.12931755161238,38,28,50,30,45,21,13,18,8,12
"3801","TRINITY_DN7745_c1_g1",-3.02623506553735,-0.103426634413084,-9.79507078982602,5.64567228251145e-07,0.000131791313784584,5.57269833521212,64,64,72,71,101,6,5,11,9,6
"3802","TRINITY_DN77545_c0_g1",-1.00704602624252,0.0940786100226997,-4.70430885207351,0.000550763594950909,0.00696664713790114,0.0568701805555047,51,40,44,33,45,16,21,13,25,20
"3803","TRINITY_DN77589_c0_g1",2.64356776214834,-1.89177926072588,4.72531485700475,0.000531647301817039,0.00680650883625847,-0.46756635542066,4,8,4,2,2,19,20,13,17,14
"3804","TRINITY_DN77590_c0_g1",-1.92697383407583,0.060837311931803,-6.65672122520522,2.68508705325962e-05,0.00108341669075552,2.83851514324467,73.29,54.38,60.64,35.17,60.12,12.12,14.06,20.42,9.11,11.02
"3805","TRINITY_DN77723_c0_g1",-1.19832715099734,-1.01715541097671,-3.07634904398046,0.00989331140307237,0.0478317422688453,-2.51445230628741,27,21,23,13,26,7,13,12,9,2
"3806","TRINITY_DN7777_c1_g1",1.61455208323314,0.108420108730502,4.45319474784953,0.000843988416154619,0.00926819582940963,-0.343214857421432,18.26,16,38.41,6.11,24,58.06,36,36.23,89.36,41
"3807","TRINITY_DN77788_c0_g1",-1.31974943354731,-1.21114438887281,-3.25611321261685,0.0071170474431218,0.0384947620802345,-2.20774052663223,27,21,16,9.59,31.31,5,8,5,9,4
"3808","TRINITY_DN7784_c1_g1",1.33622400226239,-0.815146778206235,3.31235820100638,0.00642169969786816,0.0358417229223298,-2.14551400176341,15.37,5,15.96,4.71,21.55,20.07,24.6,26.72,23.58,20.51
"3809","TRINITY_DN77843_c0_g1",-1.22442872542771,-0.149677659368776,-3.66985551915337,0.00335563266838849,0.0231238079901581,-1.62809412482304,32.75,30.85,52.25,28.38,61.93,20.82,4.2,17.42,20.63,13.34
"3810","TRINITY_DN7789_c2_g2",-1.94436011660968,-0.867681446459642,-3.90828944240531,0.00218913139468771,0.0173694012444986,-1.18308656617144,46,38,30,12,43,12,2,7,11,3
"3811","TRINITY_DN7794_c2_g1",1.43394303689231,-0.192051972328548,3.6948194087044,0.00320808657822395,0.0224108704182094,-1.5803693413471,10.09,12.72,14.15,22.66,23.7,64.91,14.61,40.08,51.59,29.61
"3812","TRINITY_DN77954_c0_g1",-2.6329235033931,-1.56265521862833,-3.75440794269046,0.00288222833515793,0.0208828135576895,-1.54782399858285,39,24.39,15,24,22.41,0,6.2,3,7.34,3
"3813","TRINITY_DN78_c0_g2",-1.09292069905561,1.03460089450972,-4.24717000254779,0.00120517283690393,0.0117495170769029,-0.787482812033526,63.99,93.99,109.78,52.42,110.71,44.19,22,45.09,46.44,27.07
"3814","TRINITY_DN7800_c1_g1",1.00099626804986,-0.605777414697972,3.0847279867632,0.00974240470036991,0.0473508688576974,-2.56647343525751,16.33,10.66,26.52,7.88,12.26,24.78,24.98,16.71,37.14,17.98
"3815","TRINITY_DN78049_c0_g1",1.70018008548743,-1.4304469199301,4.04319610474318,0.00172349004075463,0.0148514491138601,-1.02670454896189,13,5,6,7,4,18,9,16,29,13
"3816","TRINITY_DN78080_c0_g1",2.40923475374686,-1.8310073913324,4.43651448921572,0.00086851285435683,0.00946489334027697,-0.724761829036409,6,3,3,6,3,13,20,11,18,19
"3817","TRINITY_DN78122_c0_g1",1.3506036387741,-0.609555644920462,3.67320098730621,0.00333546225471758,0.0230402752725862,-1.57188449845203,17,13,10,7,16,18,22,52,33,18
"3818","TRINITY_DN78127_c0_g1",1.4385130949643,-1.26527593571052,3.96305207513022,0.00198613697913145,0.0163233569706768,-1.11200314605811,5.76,11.92,5.75,5.41,11.97,16.46,15.32,15.79,16.11,19.59
"3819","TRINITY_DN7815_c0_g3",1.48321456945243,-1.06235837868829,3.6410279115897,0.00353470976953445,0.0239900672666269,-1.60071913979239,13,9,3,8,13,20,25,17,17,21
"3820","TRINITY_DN7819_c2_g1",2.41417804924074,0.485089081329551,8.64065743776568,2.0679084008585e-06,0.000243957778507003,5.1622029461286,17,17,13,14,30,110,102,75,81,69
"3821","TRINITY_DN7819_c2_g2",-1.45444481812423,2.75491963591339,-5.51562359452906,0.000147129992332669,0.0030312679594569,1.08746620268511,405.3,304.37,267.14,200.83,394.01,109.8,50.8,100.88,225.12,109.62
"3822","TRINITY_DN78205_c0_g1",2.10558468693503,-1.22134827967231,3.61434578041311,0.00370919105493239,0.024773967476163,-1.65435312920367,2,14,13,6,6,14,29,20,28,22
"3823","TRINITY_DN78240_c0_g1",-2.01378565617589,-0.580870268996699,-6.16343811943287,5.47994443989206e-05,0.00167069343194671,2.02330918180872,43,49,33,28,38,6,11,4,12,7
"3824","TRINITY_DN783_c0_g1",1.03658999458084,1.82933724312285,5.9667013931701,7.35107893744869e-05,0.00199816359063854,1.89076628267502,57.69,53.39,90.36,64.27,85.11,118.08,113.72,152.23,175.84,132.04
"3825","TRINITY_DN7842_c0_g3",-1.84311846250466,0.933689107787538,-4.34567207170373,0.0010157654664441,0.0104935421624617,-0.59157446910693,108,76,80,125,123,15,16,10,88,42
"3826","TRINITY_DN78486_c0_g1",-1.09520705326964,-0.624783369110807,-3.06088305052436,0.0101780558317108,0.048676218653177,-2.59746939254912,19.75,22.2,25.59,44.96,28,11,12.77,9,10,10.12
"3827","TRINITY_DN78492_c0_g1",1.03228198520769,0.339859280893939,4.14115006944693,0.0014505730658,0.0132983672805649,-0.889128716077152,29.14,19.4,33.38,25.35,21.61,49.56,32.59,74,49.16,37.24
"3828","TRINITY_DN7853_c0_g1",-1.28123161222665,1.68742408210383,-6.6706846842062,2.63265182719695e-05,0.00106948211835702,2.92280261742082,158.87,133,118.92,96.46,188.75,50,43,59,62,58
"3829","TRINITY_DN78550_c0_g1",1.87205212244345,-1.72663644770221,4.04763296558844,0.00171004451168489,0.0147777297481812,-1.11166683408352,8,7,5,1,8,14,12,14,18,13
"3830","TRINITY_DN7857_c0_g1",-1.47443501391836,0.577720485683663,-3.07036785394837,0.0100024693425897,0.0481501028553529,-2.7660583427285,170.9,95.37,44.14,35.42,56.35,28.29,8.85,20.6,25.33,39.18
"3831","TRINITY_DN7877_c0_g1",1.15352933244677,3.61918615892761,9.37959886069001,8.87879181216007e-07,0.000166526332915586,6.18771895516634,237,228,220,226,200,564,467,545,470,441
"3832","TRINITY_DN7898_c2_g1",-1.2031538217276,3.00134810812764,-4.86922739987609,0.000418040061394222,0.00585744629938551,-0.0229446060843799,526,252.95,303.6,198.97,474.91,150.96,106.93,157.96,198.94,112
"3833","TRINITY_DN79_c3_g1",1.59321545563278,-0.498136127352531,4.25778828992908,0.00118309601237196,0.0116280764743266,-0.627286873507695,11.51,8.02,5.19,20.89,23.77,29.59,24.68,38.57,36.49,26.91
"3834","TRINITY_DN7900_c2_g1",-1.76026554077638,0.226289159425051,-3.0400917466972,0.0105738606930086,0.0499585525498116,-2.74690093538555,46.98,67.02,42.35,99.13,65.59,24.13,5.08,2.65,49.47,32.53
"3835","TRINITY_DN79027_c0_g1",-1.24796131708342,-1.58658544148746,-3.05748052532843,0.0102417966308462,0.048916540265925,-2.50684973046013,14,15,23,11,13,9,4,3,4,4
"3836","TRINITY_DN79137_c0_g1",1.67575303938335,-1.26559774729738,4.08817434579604,0.00159210597858607,0.0141114807073293,-0.935220608891487,8.29,4,12.98,8.63,5.62,26.98,13.29,15.66,18.25,19.17
"3837","TRINITY_DN793_c1_g1",-1.7679252128862,3.90223666526483,-14.9066436532795,5.93571998470863e-09,1.0089054552759e-05,11.1237093804981,781,682.07,813,589,941,201,179,254,283.6,195.65
"3838","TRINITY_DN7930_c1_g1",1.88227568308392,-1.48306727834196,3.08472193320868,0.00974251288659388,0.0473508688576974,-2.46518148526856,8,9,1,10,7,15,18,19,11,23
"3839","TRINITY_DN7931_c2_g1",-1.86412940012557,-1.95488045971895,-3.26311806360188,0.00702644657418914,0.0381526859954798,-2.24984964686194,18.6,13.23,17,11.74,13.1,3,0,6.73,4.23,4.37
"3840","TRINITY_DN7933_c1_g1",1.54643848721977,-0.193014979245084,3.43988302190808,0.00508952577430723,0.030679862173373,-2.0064786860104,46.92,5.59,19.85,17.46,8.88,44.78,35.49,43.03,47.81,25.7
"3841","TRINITY_DN7935_c0_g2",-3.0764774109826,-0.81501493024107,-5.6928673191903,0.000111637659034898,0.00255882170778219,1.15149609379276,76,28,52,28,62,2,5,5,6,3
"3842","TRINITY_DN79374_c0_g1",-1.13114557387756,-0.153840454510076,-3.19393450568051,0.00797492908487068,0.0415244464728318,-2.44448545919435,61,24,35,43,34,9,19,15,30,8
"3843","TRINITY_DN7942_c0_g1",2.26558530808783,-0.00960782011417525,5.59638756531417,0.000129667955381799,0.00279629946670045,1.3973412025381,35,12,17,10,6,64,51,76,72,33
"3844","TRINITY_DN79429_c0_g1",-1.12192133561232,-0.865702121875858,-3.38158887401376,0.00565958418707825,0.0329930623022075,-2.03425171276029,27,27,17,22,22,8,10,9,6,12
"3845","TRINITY_DN79451_c0_g1",1.03258547100029,-0.344455154134608,3.4261679560561,0.00521815617965694,0.0312096693168815,-2.02595054054579,18,18,18,13,13,24,36,30,22,34
"3846","TRINITY_DN79473_c0_g1",-1.12067393126037,-0.0302433420509067,-5.2194269479848,0.000235695318055305,0.00408661270141731,0.860021367072415,43.83,35.9,42.29,39.62,42.85,25.59,9.42,15.82,19.42,13.18
"3847","TRINITY_DN7949_c1_g1",-1.54040715734439,-0.564147030485228,-3.84041123887789,0.00247082074774979,0.0187696105154831,-1.29618047149228,34.72,18,41.19,37.89,35.45,13.44,18.69,7.07,7.9,4.55
"3848","TRINITY_DN79527_c0_g1",-2.89227649685964,-1.87004715538245,-5.70127619487172,0.000110197201717982,0.00253542131922283,0.491334319026691,31.51,18.53,26.25,15.09,18.61,1.16,2,1.09,2.13,1.1
"3849","TRINITY_DN7953_c0_g2",-1.44460968408824,1.44540747866869,-7.51889846783577,8.32418008086195e-06,0.00054483812127336,4.04769921043347,130.76,127.2,148.83,85.61,130.66,36.17,29.37,58.2,63.62,33.39
"3850","TRINITY_DN7973_c0_g2",2.0602104097537,-1.72063079990893,3.21150879221154,0.0077223653840337,0.0406520945410444,-2.29258389176638,1.38,3.03,3.07,7.94,17.58,22.46,11.15,8.27,20.52,15.13
"3851","TRINITY_DN7977_c1_g1",1.59496060570427,1.52333521032418,4.51743246402394,0.000756091989243439,0.00861920831528365,-0.384638229311453,43.13,27.91,60.47,56.71,53.01,97.02,146.01,77.2,274.87,137.76
"3852","TRINITY_DN79844_c0_g1",-2.39158972941731,-0.936100806878218,-4.99236757689415,0.000341085375841939,0.005144860564434,0.334597554165462,28,46,30,34,37,8,3,1,13,5
"3853","TRINITY_DN7992_c0_g2",-1.65574506408171,0.0212605524060555,-3.67497079495088,0.00332484213787934,0.0229844291715042,-1.62704393256246,43.09,74.37,35.07,34.21,85.36,6.01,8.09,10.01,41.03,18.11
"3854","TRINITY_DN79997_c0_g1",-1.40781999426218,-1.55985660531803,-3.57278217855393,0.00399875248695701,0.0261097510939355,-1.72871265661707,20.67,17.16,15.5,10.12,18.25,4.09,5.07,6.21,6.11,1.03
"3855","TRINITY_DN80027_c0_g1",-2.24482810361021,-1.03403540683101,-6.09924820376872,6.0276159833672e-05,0.00176167684552029,1.67927214915241,31.09,25.61,43.16,19.62,36.03,3.09,3.14,5.2,7.25,4.1
"3856","TRINITY_DN8011_c1_g1",-1.0610373579291,0.981257911684857,-3.84483313962053,0.00245137949748715,0.0186762636232393,-1.47735134070885,102,49,112,70,73,29,29,33,34,57
"3857","TRINITY_DN8022_c5_g1",2.25440826906686,-1.36694265151334,4.9367640474646,0.000373806262832811,0.00545440303177922,0.145208171814759,4,6.36,6,5,7,32.12,9.57,24,31.42,15
"3858","TRINITY_DN8031_c0_g1",1.04470708100628,3.0658541768447,3.33919781772075,0.0061145787126933,0.034715871687067,-2.75629762970552,180,124.38,205,174,120,173,448,497,331,302
"3859","TRINITY_DN8039_c0_g1",-1.5046199760445,2.76014299295053,-8.08580918828205,4.04684938995204e-06,0.00036173177306141,4.72247050180913,300.96,262,406,316,279,142,116,102,138.98,59.93
"3860","TRINITY_DN8039_c0_g2",-1.29540167558667,2.11556255407909,-4.41368068835624,0.000903296196547693,0.00972702107036737,-0.656753354030577,175,157,218,212,164,104,107,102,64,28
"3861","TRINITY_DN8040_c0_g1",-1.56418824190002,0.868128159753384,-4.2274875680834,0.0012472353499873,0.0120259489312461,-0.79115674354872,87,69,82,79,124,33,15,9,52,53
"3862","TRINITY_DN8042_c0_g1",-2.56558176013182,2.02346111250971,-3.84240492853785,0.0024620357279969,0.0187264138276436,-1.59488623765614,782.43,165.24,157.64,121.51,552.71,22.51,30.93,52.99,97.9,39.48
"3863","TRINITY_DN8051_c2_g1",-2.96171535929287,-0.480936932708206,-6.26074283452868,4.74823578904691e-05,0.00152007823897617,1.99624537635827,68.06,49.05,65.53,33.33,79.72,5.66,4.53,3.14,21.01,1.85
"3864","TRINITY_DN8055_c0_g3",-2.56419908087184,-0.832108112161989,-3.84486876083938,0.00245122352771281,0.0186762636232393,-1.29007105003804,39,18,58,21,88,6,3,6,4,6
"3865","TRINITY_DN8059_c1_g3",1.04559149338148,2.79884604702837,4.49392039728551,0.000787099059605648,0.00884344246044428,-0.639469867219966,104.71,166.05,138.07,119.68,134.7,266.55,271.19,283.96,204.64,357.59
"3866","TRINITY_DN8060_c0_g3",2.37026496292133,-0.603707125083513,3.55221241386219,0.00415051528090321,0.026814428868465,-1.74732777662178,9.64,8.25,11.78,8.25,7.82,55.71,7.74,36.13,98.26,41.99
"3867","TRINITY_DN8063_c0_g3",1.12217602976327,3.83685594829862,8.727595177216,1.86687319800853e-06,0.000233427816351453,5.41371469497455,208.65,286,262.04,252.55,310.69,521.12,500.01,594.32,634.35,608.36
"3868","TRINITY_DN8063_c2_g1",1.16288852828377,-0.0407925295999685,3.68929175390277,0.00324017264210437,0.0225770215445425,-1.61328461845079,13.96,15.4,21.41,22.73,21.96,36.08,45.01,43.84,26.61,39.2
"3869","TRINITY_DN8079_c0_g1",1.29217461898156,-0.404111040469973,3.07279796022256,0.00995797415888849,0.0480291010442586,-2.60876332723946,41,7,11,14,13,40,15,23,48,34
"3870","TRINITY_DN808_c2_g1",-1.42459041365256,0.391655292410957,-3.15556354738018,0.00855574597350662,0.0434140851987124,-2.5899582277033,85,41,42,49,95,51,23,22,8,16
"3871","TRINITY_DN8081_c0_g2",-1.37519826883916,0.450364349080265,-5.29571419238077,0.000208510562361217,0.00379427835309099,0.968471154059609,83.02,36.74,75.75,54.85,65.23,16.08,15.22,25.31,27.44,22.71
"3872","TRINITY_DN8086_c1_g2",-1.46081227383722,-1.78255269189636,-3.11223051088401,0.00926315839893475,0.0458362853417449,-2.43001294872476,10.17,19.79,13.4,11.01,17.11,5,5.9,1.63,4,2.27
"3873","TRINITY_DN80885_c0_g1",-2.1446420988617,-1.9008527452466,-3.78859112292236,0.00271085777827661,0.020016464138067,-1.54152140036698,12.7,19.56,18.7,19.16,12.89,5.26,1.08,4.25,1.07,1.18
"3874","TRINITY_DN8089_c3_g1",-2.03102834168985,-0.469867728685887,-4.77295568323072,0.000490823621315822,0.00647342085038528,0.16273103015753,60.69,33.09,36.29,35.32,36.49,6.76,9.45,17.6,3.32,11.33
"3875","TRINITY_DN8091_c0_g1",2.04264278229547,1.5797505450253,5.32891644064843,0.000197731265355605,0.00367058063274972,0.950163499226363,57,37,20,43,64,236,253,139,159,89
"3876","TRINITY_DN8093_c1_g1",1.30785331332583,-0.109575437236444,3.60515186435556,0.00377133667166923,0.0250602561078702,-1.74444914431481,28.74,19.81,11.62,9.52,21.22,19.79,50.11,46,43.61,37.44
"3877","TRINITY_DN8103_c1_g1",-1.66165233522129,1.75982596538898,-10.1795304963663,3.7636610426942e-07,0.000104300500679693,6.98501600697097,201.08,160.34,158.21,123.99,179.9,46.75,32.56,56.24,66.08,50.08
"3878","TRINITY_DN81050_c0_g1",-2.551820570088,-0.726996398926739,-7.12242350070275,1.40996582783534e-05,0.000734663606581041,2.88024928363954,47.97,32.07,40.2,38.15,49.89,9.49,1.03,8.4,5.21,5.22
"3879","TRINITY_DN8126_c0_g1",1.33723076308494,2.76234398828426,5.83203257180308,9.01616705308449e-05,0.00224747177902987,1.57872033774101,131.99,90.6,151.73,82.03,142.08,381,160,396.12,316.51,280.01
"3880","TRINITY_DN8138_c0_g1",1.21077180922151,0.967917559302805,5.86521437785844,8.57179633059303e-05,0.00217355978656077,1.80265347232305,34.66,37.43,36.61,37.64,36.09,75.96,48.67,71.41,120.54,89.86
"3881","TRINITY_DN8149_c0_g1",1.23587681666542,2.38691134645006,6.54165638545478,3.16200199481901e-05,0.0011893807088534,2.68325365367122,88,76,142,92,83,277,195,233,263,143
"3882","TRINITY_DN81502_c0_g1",-2.1165478418485,-1.81804411833015,-3.17819032249571,0.00820827206386537,0.0422620338721792,-2.36100427344613,12.5,13.08,29.33,18.01,18.17,4.36,0,3.24,4.43,6.11
"3883","TRINITY_DN8152_c0_g1",2.06974141255905,0.0639611747710954,3.12121839910684,0.00911174090624453,0.0453054849283798,-2.57231006988504,19.55,18.74,3.85,11.09,40.74,186.86,35.19,25.28,80.74,35.48
"3884","TRINITY_DN81545_c0_g1",-3.41118041243851,-2.36854366262755,-4.65996121077484,0.000593524838116115,0.00732691998864585,-0.607673091132732,24.27,16.34,12.31,11.46,33.61,3.35,0,0,2.52,1.38
"3885","TRINITY_DN8178_c0_g1",1.41535527363766,1.68682378211483,6.28591825165284,4.5763515655593e-05,0.00148604380896917,2.37807539051968,60,63,35,59,62,133,161,144,128,148
"3886","TRINITY_DN8186_c8_g1",1.22438270945459,2.07843427718915,6.45716023971052,3.56934626546192e-05,0.00128230061244874,2.5908998002382,62.85,83.21,104.11,74,66.12,150.91,148.21,198.65,261.12,135.16
"3887","TRINITY_DN8188_c0_g3",2.98118185998846,-1.29762427560687,5.92270924910395,7.85590851983393e-05,0.00206820290562579,1.1256982779608,10.57,6.16,2.36,3.41,2.96,45.36,21.98,29.94,34.73,18.42
"3888","TRINITY_DN82_c2_g2",-1.57635304087924,0.00886942498489357,-5.07028075157335,0.000300214543789411,0.00474700394364973,0.634168460205915,48.27,45.06,42,42.77,67.09,22.67,5.25,11.93,13.01,24.99
"3889","TRINITY_DN8205_c0_g1",-1.82415154982134,3.80234297373765,-5.60544809206208,0.000127850416679212,0.00277269219043024,1.09022480293209,578.02,1086.85,532.58,566.38,1040.6,270.1,77.15,212.11,349.42,188.16
"3890","TRINITY_DN8206_c1_g1",-1.92536147376418,1.26017439243255,-6.26776787018892,4.69959266339899e-05,0.00151073016876439,2.38003464310699,163.43,131.38,111.82,98.4,150.85,37.67,10.06,28.08,82.62,26.23
"3891","TRINITY_DN82209_c0_g1",1.23335737566277,0.207837096791788,5.72324741191673,0.000106525603786859,0.00248777763656979,1.6056024263807,23,18,29,15,26,38,45,46,65,39
"3892","TRINITY_DN8252_c0_g1",1.17835541271768,0.231723387270233,3.68976480153967,0.00323741392239386,0.0225664719534697,-1.64542076268042,12.6,32.38,25.97,24.95,21.8,37.79,35.72,47.96,45.99,66.64
"3893","TRINITY_DN8258_c0_g1",-1.24723001458136,2.48147993002719,-7.93654206453189,4.87575845686531e-06,0.000401814209435396,4.54984874390936,298.27,205.84,210.17,184.86,282.61,113,76.95,79.37,135.42,86.85
"3894","TRINITY_DN8263_c6_g1",1.49505966202103,-0.104247348684291,4.19881882837319,0.0013112511519022,0.0124208048420607,-0.745625639775756,11.76,20.87,22.92,10.64,18.22,38.66,20.02,31.47,58.75,67.9
"3895","TRINITY_DN828_c1_g6",-1.16537031890273,-0.225268681181932,-4.38510212055601,0.000948888489921897,0.0100207518214701,-0.43704491814217,41.3,29.2,31,43,38,22.89,8.86,15,13,12
"3896","TRINITY_DN8280_c0_g1",-1.61010236141034,-0.138102061517528,-3.718834933184,0.00307242887854203,0.0217622710161192,-1.53548735660328,45,50,44,36,48,18,15,2,24,18
"3897","TRINITY_DN8286_c0_g1",1.1727978820259,-0.333443101139179,3.93460229979172,0.00208904660426704,0.0168540637492065,-1.16886317015387,17,15,14,23,11,33,30,32,25,31
"3898","TRINITY_DN8290_c2_g1",-2.02413410600178,-1.43608978278102,-3.26353387154737,0.00702110537711675,0.0381351051095224,-2.19733184066547,34.01,13,29,22.02,16,1,3,1,13,9.01
"3899","TRINITY_DN8293_c5_g1",5.36661532830317,0.61075145088469,5.16598497343603,0.000256949335428157,0.00430419812235075,0.687731744077489,2.24,110.51,3.71,39.81,0,401.6,152.72,188.74,353.3,225.93
"3900","TRINITY_DN8294_c1_g1",-1.44418780790788,1.55445564003015,-7.57751765912396,7.7126391054467e-06,0.000523555553757245,4.12273432656602,161.15,150.85,158.56,88.46,114.28,49.31,39.36,40.11,59.65,43.93
"3901","TRINITY_DN8298_c0_g1",1.59311791239468,2.69294047010864,8.84669833849358,1.62481923173436e-06,0.000213984365213713,5.63359704819763,104,108,86,88,125,277,288,316,283,370
"3902","TRINITY_DN83_c0_g1",1.06044790218536,6.60508809485042,3.50308455448475,0.00453726614583431,0.0283872300691122,-2.92881504080099,2109.99,2181.03,959.04,2263.65,2126.95,3852.98,4830.33,3990.4,2354,4568.41
"3903","TRINITY_DN8321_c0_g3",-1.56797824679741,1.83433870638528,-9.22037576917573,1.06055548011782e-06,0.000179484917113153,6.02906715880905,146.97,169.83,199.84,123.31,204.7,58.74,48.43,46.78,70.85,47.94
"3904","TRINITY_DN8324_c0_g1",2.51981962728841,-1.80756708301681,3.95339652556687,0.00202046293603186,0.0165057073526147,-1.33846620049369,4,2,9,3,5,36,12,17,16,11
"3905","TRINITY_DN8331_c4_g3",-1.14488382096588,4.66492057244983,-9.12527116123063,1.18067263139196e-06,0.000190441790477136,5.81415259998464,879.66,936.28,1338.36,1030.17,1038.18,447.18,369.2,454.78,688.5,395.95
"3906","TRINITY_DN8337_c0_g1",1.34243535473137,1.79527153409435,9.53813559109702,7.45626750449341e-07,0.000152982257692818,6.36278555503703,73,52,72,55,53,174,121,156,164,136
"3907","TRINITY_DN83574_c0_g1",3.5245970029504,4.084803609966,10.774001480751,2.05920452619877e-07,7.36856535424194e-05,7.66258634643413,134,93,166,165,137,990,2302,2025,1745,1096
"3908","TRINITY_DN83576_c0_g1",1.93649849255449,-0.2028814288987,5.71487337938884,0.000107909467296164,0.00250717805882344,1.55138266497217,14,11,25,6,15.87,50.88,30.82,37.94,82,33
"3909","TRINITY_DN83601_c0_g1",1.29053717562282,-1.25131069873543,3.24566873901412,0.00725433819924467,0.038969946567419,-2.22308719735811,10,7,12,3,13,18,12,24,15,14
"3910","TRINITY_DN83652_c0_g1",-1.27682086446707,-0.116505958678418,-3.64352588041006,0.00351881167706191,0.0239179812455729,-1.678051132413,39,37,50,32,42,29,16,13,7,16
"3911","TRINITY_DN83688_c0_g1",-1.94142512703907,1.01481374982801,-4.55734731326801,0.000706341088355284,0.00823373299115565,-0.244114328136478,139,102,161,39,162,26,13,31,53,19
"3912","TRINITY_DN83692_c0_g1",1.65404038159478,-0.759338785502774,3.27183987186314,0.00691526927307418,0.037719308697115,-2.20939311890615,8.61,10.93,23.39,4.73,10.13,50.26,24.13,32.79,32.05,9.71
"3913","TRINITY_DN8371_c0_g1",-3.44644376955338,-0.825489165780015,-7.69601851649602,6.61835453865237e-06,0.00048044206846718,2.95834538963863,60,57,66,38,40,3,5,5,3,2
"3914","TRINITY_DN83715_c0_g1",-1.05217525459182,0.367062977817767,-3.0976394275718,0.00951438539905725,0.0466255461068675,-2.69334788498975,77,64,40,47,43,23.03,14,18,64,12
"3915","TRINITY_DN8375_c1_g1",1.2835889021859,-0.544872465832466,3.18442299659831,0.0081150848244486,0.0419969151937758,-2.39474868717094,21,8,17,7,16,42.56,25.59,31,16.55,28.36
"3916","TRINITY_DN83769_c0_g1",-1.85388747266528,-1.71139385696516,-3.68672556153915,0.00325518028192783,0.0226496751585437,-1.60596935797471,20,9.69,16.99,14,28.97,2.13,2,6,3.84,2.88
"3917","TRINITY_DN83783_c0_g1",-1.76450844198947,-1.58132602967834,-3.68386720050287,0.00327198062439287,0.0227200687018196,-1.57748199143405,26,19,12,13,19,3,7,4,2,5
"3918","TRINITY_DN83792_c0_g1",-2.18873427862869,-0.0982820602595271,-7.26071223187783,1.17066361669711e-05,0.000662576116293161,3.47358528054563,77.94,52.12,54.89,37.78,66.94,12.31,6.01,9.72,22.41,5
"3919","TRINITY_DN83795_c0_g1",1.25772057851578,-1.01161208175596,3.04982958689785,0.0103865927299193,0.0493437999103012,-2.55807062975721,25,8,14,6,5,18,19,16,29,15
"3920","TRINITY_DN83834_c0_g1",-1.25659472849476,-0.0553673738078086,-3.96476255456908,0.00198011926832037,0.0162958954989303,-1.1412588335891,51,49,44.12,19,57,12,9,21,19,17
"3921","TRINITY_DN83858_c0_g1",-2.17829453644207,1.05576596919071,-7.99457238353963,4.53369616471995e-06,0.000388334280465013,4.58465747150543,166,137,82,100,136,20,20,33,36,17
"3922","TRINITY_DN83888_c0_g1",-1.35774956770463,-0.391538894870135,-4.01503437384371,0.00181142331757622,0.0153569715061893,-1.02562141037545,50,46.99,24,23,35,7,17,12,14,9
"3923","TRINITY_DN83897_c0_g1",1.26478820925325,-0.59980197682681,3.09017905998345,0.00964547444668579,0.0470390926772785,-2.54968530437236,23,17,7,21,6,29,27,23,26,22
"3924","TRINITY_DN8391_c0_g1",1.16160044178286,2.38487582746812,6.34560685502379,4.19472567007527e-05,0.00141272646390752,2.39755704290701,92,66,102,121,111,259,165,169.02,269,213
"3925","TRINITY_DN83993_c0_g1",-1.59950967500934,0.9985990735827,-7.667723931171,6.86360233754225e-06,0.000493154814717649,4.20694761089677,113.2,89.39,83.18,103.15,90.18,22.36,26.38,21.72,44.41,34.15
"3926","TRINITY_DN84002_c0_g1",-1.5508586560071,-0.75629642361793,-3.4637794365779,0.0048730749989733,0.0297780412215366,-1.89708635696356,42,15,48,17,36,8,8,4,12,10
"3927","TRINITY_DN84006_c0_g1",1.40296192739205,-1.49973974840413,3.81887852997562,0.00256778725813075,0.019275949083329,-1.35271437128022,8,9,4,6,7,18,9,18,13.01,12
"3928","TRINITY_DN84038_c0_g1",-3.177872434821,-2.17759112290799,-4.02609686662795,0.00177634017736138,0.0151603754626048,-1.3349441568445,25,20,11,12,38,3,2,2,1,0
"3929","TRINITY_DN84045_c0_g1",-1.335363168689,-0.895542134094314,-3.27265280739178,0.00690499796683942,0.0377040201199039,-2.20429199203195,29.73,32.35,15.94,24.21,20.73,10.44,8.25,6.22,4.17,12.36
"3930","TRINITY_DN84099_c0_g1",-1.72981185034482,-1.54289340291417,-4.17668533889305,0.00136300386271724,0.0127576710862771,-0.869355680595261,21,20,15,11,25,2,4,3,5,6
"3931","TRINITY_DN841_c0_g2",-1.1069326877499,0.457945981135682,-4.87626466203086,0.00041318454113115,0.00581462364208651,0.311253252516253,60.56,54.91,59.83,58.84,49.22,38.11,19.39,16.16,34.11,15.55
"3932","TRINITY_DN841_c3_g3",-2.73996142041099,-0.205655935420714,-4.83534369263426,0.000442271841515939,0.00604319775455875,0.252946849345116,71.62,66.27,115.98,34.72,45.33,11,1,16,5,18
"3933","TRINITY_DN84112_c0_g1",1.19371477349563,-0.144264605679951,3.51398259277362,0.00444840858550897,0.028029818277852,-1.90029358181529,12.15,21.4,14.14,18.2,23.49,31.42,14.37,39.1,55.91,45.51
"3934","TRINITY_DN84138_c0_g1",-1.94220020666833,-0.372513138401901,-7.00686603261419,1.65007090812366e-05,0.000808549610484272,3.11097988878682,60,45,37,30,46,10,4,10,13,10
"3935","TRINITY_DN8417_c2_g1",1.04909414698351,1.60051337734741,3.93395169099413,0.00209146342539768,0.016855818763929,-1.41927133773629,73.21,33,75.93,42,87.61,130.01,93,85.96,208.12,97
"3936","TRINITY_DN8420_c0_g1",1.00806710832357,3.68930553031564,6.31728483827885,4.37140337648671e-05,0.00145244350061386,2.18551983553616,270.05,186.36,201.98,305.97,287.99,532.37,506.81,551.52,543.55,362.64
"3937","TRINITY_DN8421_c0_g1",3.95946035156224,-1.2281990990772,7.01613232719128,1.62929345005026e-05,0.000801041433132507,1.71321237604786,5.98,2.97,4.02,2.72,3.01,42.67,28.1,69.04,48.96,37.96
"3938","TRINITY_DN84212_c0_g1",1.02616696494535,-1.05061102278171,3.12743417997317,0.00900848499865878,0.0450060170443694,-2.43501074583164,19.67,9.38,9.27,6.29,9.14,14.08,10.2,15.55,27.7,19.38
"3939","TRINITY_DN84215_c0_g1",-3.23893476161704,-2.22210255872303,-3.67042871363277,0.00335216791325461,0.0231096526138525,-1.77598396274725,40,11,23,11,21,1,2,10,0,0
"3940","TRINITY_DN84227_c0_g1",-1.78263290411748,-0.472488888841082,-3.12395675344255,0.00906610554231318,0.0451758230486358,-2.47947607270725,32,30,60,57,26,22,12,14,11,1
"3941","TRINITY_DN84231_c0_g1",-1.56760934295768,0.589063518962412,-4.39159583149407,0.000938322390804176,0.00995662043239274,-0.484995189825096,70.21,102.07,61.9,32.67,120.26,23.47,25.29,17.27,25.52,18.28
"3942","TRINITY_DN84236_c0_g1",-2.12814702900994,-1.2037445452742,-5.47558934447166,0.000156692231735323,0.00315887589930169,0.897551863087787,32.7,25.61,21.08,18,32,5,3,4,3,8
"3943","TRINITY_DN84262_c0_g1",1.36080829631414,-1.41009410533936,3.39602540550798,0.00551261805985197,0.0323616086833949,-1.9857416358362,14,4,4,10,8,14,11,12,22,15
"3944","TRINITY_DN84288_c0_g1",-1.00810949318961,-0.15350519020704,-3.18213337614897,0.00814919310476759,0.0420853363237195,-2.46808136611768,55,49,31,20,36,17,7,13,29,16
"3945","TRINITY_DN84299_c0_g1",2.47609570884964,1.49876291421529,7.6952561830747,6.62483777371965e-06,0.00048044206846718,4.26116464369251,20,63,23,39,41,223,211,152,208,121
"3946","TRINITY_DN843_c0_g2",-1.30410400301912,-0.0902458084297006,-3.28036323780813,0.00680834324468822,0.0373374266406369,-2.29774997321072,51.58,55,51.85,25.31,36.74,20.54,3,11,40.46,14.46
"3947","TRINITY_DN84311_c0_g1",-1.29261796276142,0.039100278733319,-4.14288790024185,0.0014461576091785,0.0132688863901532,-0.851674799778237,72,51,27,49,38,18,12,19,18,13
"3948","TRINITY_DN84323_c0_g1",1.00563055493446,0.84268843677922,3.40287905483546,0.00544421205217628,0.0320923526313992,-2.23540767340085,63,26,24,34,41,87,73,83,53,49
"3949","TRINITY_DN84413_c0_g1",1.32009510538787,-1.02378226895138,3.46162191458678,0.00489222611784305,0.0298578400780522,-1.8891278900894,12,6,11,12,8,30,12,25,16,17
"3950","TRINITY_DN84422_c0_g1",1.29672341548473,0.824997255671269,5.54317240189893,0.000140909568430976,0.0029580132522305,1.32856694589139,57.75,32.85,34.54,20.7,24.17,79.36,59.16,87.2,94.3,53.76
"3951","TRINITY_DN84441_c0_g1",1.47610221421829,5.87532214259325,9.84127415457137,5.37354126879627e-07,0.000128189597873289,6.54315952547272,752.52,1072.35,1010.74,1035.64,970.95,3395.52,2503.6,2781.1,2465.84,2111.71
"3952","TRINITY_DN84452_c0_g1",-2.13829442314441,0.277899502283738,-4.47579253568274,0.000811910715383525,0.00903265201890475,-0.307477227947463,122.24,47.75,33.28,70.83,114.22,13.95,16.57,9.28,13.05,19.55
"3953","TRINITY_DN84458_c0_g1",-1.3913375115905,-0.964866435663796,-3.47860676136985,0.00474351312786293,0.0292567398737822,-1.86233938808159,28,13,33,17,36,11,3,9,8,6
"3954","TRINITY_DN84460_c0_g1",1.06600966795443,-0.687731117685647,3.19358466102841,0.00798004061409736,0.0415431076800698,-2.36993563309489,11,8,19,13,15,20,22,14,38,23
"3955","TRINITY_DN84479_c0_g1",1.07455238470941,1.35330190157925,5.73968955400088,0.000103862828499412,0.00244553650665339,1.5907708949226,37,60,58,44,51,93,86,111,105,100
"3956","TRINITY_DN84542_c0_g1",-1.22618054557277,-0.431938249183304,-4.76638821808863,0.000496250298627968,0.00651497706798788,0.166748197646752,41.84,32.38,33.78,20.33,34.48,13.29,8.18,16.63,11.25,9.27
"3957","TRINITY_DN84565_c0_g1",1.00611059688031,1.16335870899174,3.33035989020815,0.00621402717712368,0.0350871553010253,-2.41755771948249,31.14,27.38,55.25,50.24,73.66,130.17,73.3,54.92,109.06,72.4
"3958","TRINITY_DN84616_c0_g1",3.94916152316418,-2.68554213131755,5.96858043529756,7.33029771616333e-05,0.00199550662202122,0.654954643885363,2,2.07,0,3,0,14,10.49,10.87,16.86,26.33
"3959","TRINITY_DN84656_c0_g1",-2.23385570951922,-0.118697132207043,-7.81878949318333,5.65785249162212e-06,0.000438996083982623,4.06023414176713,78.34,56.45,46.09,41.21,64.46,9.42,4.28,11.93,17.87,8.09
"3960","TRINITY_DN8466_c0_g1",1.4637036041262,3.37586442085112,3.20625753206264,0.00779697379725769,0.0408953907238807,-3.04588931392658,215.55,131.57,172.67,151.14,198.52,421.07,325.2,440.42,1681.04,196.89
"3961","TRINITY_DN8466_c0_g2",1.93002038568964,0.423946932350576,4.4748883477791,0.000813169460118663,0.00903926018910979,-0.327283057216017,33.26,11.62,32.92,8.9,27.11,59.28,51.58,61.64,181.17,43.56
"3962","TRINITY_DN84683_c0_g1",1.48743783149154,-1.51038956999834,3.44627393701351,0.00503069501813404,0.0304365442415271,-1.9147545147464,14,5,3,6,7,16,10,14,13,20
"3963","TRINITY_DN8470_c3_g1",-1.76569430390575,-0.30433726903269,-4.99715900540294,0.000338410346709003,0.00511727287350686,0.513982380748101,37.61,53.56,34.73,28.81,61.86,5,7,14,13.39,15.51
"3964","TRINITY_DN8471_c0_g1",1.32820143863345,4.02247341951388,5.36187430935201,0.000187611361146366,0.00353951109401195,0.641296575236565,262,253,252,347,278,989,916,678,535,493
"3965","TRINITY_DN8471_c0_g2",1.32853884222849,3.33411123404827,5.75496236919711,0.000101452536980617,0.00240971784554962,1.37646094768734,180,146,182,194,161,607,544,435,356,298
"3966","TRINITY_DN84718_c0_g1",-1.18041155398797,2.88208906302747,-3.16167892769816,0.0084603955837946,0.0430937273390537,-3.03807238305026,177,231,641,283,324,173,86,243,92,121
"3967","TRINITY_DN84719_c0_g1",-1.5708528320889,0.261431931427975,-3.36795880515191,0.00580199764909168,0.0335184762752783,-2.19493129843773,85,72,35,27,100,8,25,12,36,16
"3968","TRINITY_DN84728_c0_g1",2.99984122193441,-1.06506811311964,3.81090297627727,0.00260469056306396,0.0194791316397101,-1.38859229646778,4,5,9,9,3,19,90,27,44,23
"3969","TRINITY_DN8474_c0_g1",1.18826623101957,2.53885992213737,5.37367811350197,0.000184121178411085,0.00349913871941205,0.880865494640308,86.79,108.15,95.3,133.75,110.17,231.89,231.07,156.07,302.48,294.78
"3970","TRINITY_DN84740_c0_g1",1.42542481205834,-0.48180396062501,4.82827359794766,0.000447511350362545,0.00609907311879958,0.25800776396536,15,10,13,17,11,21,33,32,34,30
"3971","TRINITY_DN84743_c0_g1",-2.1990605202876,-0.945575103916889,-6.26676468474537,4.7065064195929e-05,0.00151205901162479,1.92949335568228,43,29,38,20,32,5,6,4,9,3
"3972","TRINITY_DN84779_c0_g1",1.13868516452091,-0.16827406254193,4.11706136697012,0.00151323854640357,0.0136404772116829,-0.881128126288453,15,23,16,10,27,42,30,40,31,28
"3973","TRINITY_DN8478_c0_g1",-2.80607254924949,-0.276986440426055,-3.62618881956037,0.0036306819504586,0.0244341031882447,-1.63357879016423,122,69,18,48,103,5,8,5,10,8
"3974","TRINITY_DN84792_c0_g1",-1.37773730228831,-0.231600225896106,-3.67294799425561,0.00333698323619124,0.0230478546285305,-1.60990798821961,53.46,38.31,42.51,15.5,57.53,12.42,11.32,21.68,12.56,8.24
"3975","TRINITY_DN848_c0_g1",1.36377709742966,3.43012374575192,10.0513698159629,4.30238703704425e-07,0.000111433873015178,6.92892297476785,147,195,182,201,192,530,363,532,495,436
"3976","TRINITY_DN84812_c0_g1",1.17214628038814,-0.902823797973345,3.36284390486605,0.00585637611478256,0.0337073178051998,-2.06041736577551,11,8,16,6,15,25,18,28,22,11
"3977","TRINITY_DN84856_c0_g1",-1.40931147163714,-1.30203335380239,-3.56744472299441,0.00403757809371304,0.0262657469316046,-1.71876665318832,27,18,14,13,25,3,4,7,5,10
"3978","TRINITY_DN8496_c0_g1",1.08138346728299,4.0077240741271,4.13215693149261,0.00147364724524552,0.0134370567497037,-1.48299146762212,293.68,328.24,208.01,447.64,262.75,459.26,911.08,577.86,629.92,670.99
"3979","TRINITY_DN84979_c0_g1",-1.98764350950524,-1.53776478355003,-3.81271641971876,0.00259625195582944,0.0194293808653714,-1.40454006870178,33.41,16,17.44,15,21,1,8,6,7,1
"3980","TRINITY_DN8500_c2_g2",-1.3623577430995,-0.132857360923098,-5.7132120457953,0.000108186269947543,0.00250997495173257,1.57347844416366,41,33,39,36,59,15,13,11,16,14
"3981","TRINITY_DN8508_c0_g1",-1.13385543951564,2.74641585108262,-4.3707297349223,0.000972717568201035,0.0101842312323431,-0.840374462702171,384.24,209.52,264.3,375.55,182.74,125.77,89.72,104.47,214.15,96.58
"3982","TRINITY_DN8510_c1_g1",-1.06032761059891,-0.154387124217309,-3.32835139252263,0.00623685582568606,0.0351496036902798,-2.21622952908297,23.82,43,34.85,47.94,39.33,20,15.4,10.76,15,15.48
"3983","TRINITY_DN85148_c0_g1",-1.90046087673431,-1.72235438011781,-4.47239269276496,0.000816654311881479,0.0090650295260297,-0.556118056821981,21,17,17,10,22,5,1,3,3,4
"3984","TRINITY_DN85167_c0_g1",-1.00999382797837,-0.711358795841605,-3.23446233842339,0.00740462744803313,0.0395472768939275,-2.29484227504004,34,20,23,22,30,15,6,10,20,4
"3985","TRINITY_DN85189_c0_g1",-1.12438173367045,0.585313001619872,-5.78306510405004,9.71709911592259e-05,0.00234274263304143,1.69296678539841,68.32,48.64,73.25,48.72,70.97,22.88,25.45,31.56,27.92,21.12
"3986","TRINITY_DN8520_c0_g1",-1.00833035691665,4.515589930231,-6.59696912412123,2.92236954139604e-05,0.00113527317203905,2.4990631658238,808,963,1183,896,657,477,381,398,549,396
"3987","TRINITY_DN8522_c1_g2",1.05384752015358,0.0874460693127389,4.02822034837019,0.00176968670950647,0.0151110502267777,-1.05441822156157,14.55,23.33,27.97,22.99,20.41,42.5,38.37,30.46,61.64,28.99
"3988","TRINITY_DN85262_c0_g1",1.96985728731893,-0.856946373911787,4.68023944744661,0.000573556081436945,0.00716497216936998,-0.0204631050316495,9,5,19,12,5,27,18,33,43,21
"3989","TRINITY_DN85286_c0_g1",-1.30498495930968,-0.117681279366457,-4.5330343925465,0.00073622301902747,0.00846594212006832,-0.203042368807101,40.66,45.66,56.81,28.98,38.51,9.07,7.88,16.84,29.68,13.25
"3990","TRINITY_DN8533_c1_g1",-1.2813472300048,0.658952089376843,-4.07747085289776,0.00162240017592317,0.0142581948567842,-1.0272437479539,84.29,87.52,61.43,62,54.53,25.57,29,26.34,52.1,9
"3991","TRINITY_DN85416_c0_g1",-1.04414826557841,1.24552773163084,-3.58475797473395,0.00391302268171097,0.0257223978613624,-1.97730835648523,120,70,124,46,134,39,48,46,39,45
"3992","TRINITY_DN8542_c0_g1",-2.29038310655024,-1.37396277456686,-4.39610150588287,0.000931063209505398,0.00991802957857581,-0.58819142894269,28.11,27,17.12,15,42.97,5,3.02,5,5,1
"3993","TRINITY_DN85452_c0_g1",-3.7142562331822,-1.03033439806158,-6.08181063701985,6.18623409012825e-05,0.00178781735176836,1.15444296039089,43,49,69,52,48,5,0,2,8,4
"3994","TRINITY_DN85456_c0_g1",1.30844141539076,-0.246001533532782,3.1634801341428,0.00843251624368347,0.0430216556976739,-2.48061490880567,17,11,22,18,13,92,23,31,32,20
"3995","TRINITY_DN85469_c0_g1",1.35882688562044,0.674765048564247,5.47769243291425,0.000156173901696265,0.00315076212431809,1.23636829832052,31,20,26,46,26,61,71,68,91,50
"3996","TRINITY_DN85515_c0_g1",-1.41465415569838,-0.682604253922597,-3.11673899196678,0.00918689064831325,0.0455625211317959,-2.47710509101707,37,29,31,23,30,12,9,15,20,1
"3997","TRINITY_DN85540_c0_g1",-2.11273997499763,-1.38029070501102,-4.11939094708146,0.0015070574567224,0.0136140777493088,-0.951470374419593,30,29,25,11,27,5,5,2,10,1
"3998","TRINITY_DN85564_c0_g1",2.37063241491269,-1.09143907917889,4.97417899274856,0.000351444087596045,0.00524174139438526,0.274866321024072,7,4,8,7,7,26,21,32,20,41
"3999","TRINITY_DN8558_c2_g2",2.86804718141935,-2.0560610436253,3.10485080636838,0.00938937532166744,0.0462378916361081,-2.51141299003881,6.21,0,14.35,4.54,0,37.73,11.34,13.17,11.45,15.21
"4000","TRINITY_DN8561_c0_g1",-1.41992309952963,1.82345715921356,-5.50755525199714,0.000149006275463688,0.00305488139040537,1.19351796854465,150.25,130.02,226.64,102.18,200.94,38.02,61.99,86.17,63.83,45.02
"4001","TRINITY_DN85628_c0_g1",2.54932353043231,-2.10063872766711,3.11071850255435,0.009288878782251,0.0459092599586928,-2.50419636556457,18,3,1,6,0.98,22.99,9.97,17,18.99,5
"4002","TRINITY_DN85680_c0_g1",-4.5348379243171,-2.50721695802486,-6.6749886917072,2.61671042041436e-05,0.00106531060237094,1.26329205811633,26,30,33,12,26,0,0,1,0,2
"4003","TRINITY_DN857_c1_g2",1.13606418090856,4.8794899770011,10.9689530197746,1.69985648988568e-07,6.94699291625636e-05,7.78996733181245,519.08,545.48,558.84,477.14,597.3,1321.39,1040.36,1258.32,1110.39,1156.98
"4004","TRINITY_DN857_c1_g3",1.09620943943057,4.33440362161873,8.77026242824411,1.77598070408205e-06,0.00022668323930064,5.41966096037992,382,379,421,286,406,856,804,893,724,720
"4005","TRINITY_DN85781_c0_g1",-2.35137378917031,-1.66120841189806,-4.46176674290548,0.000831667448123005,0.00919209798827478,-0.63400731463895,23,18,29,16,22,1,2,2,14,1
"4006","TRINITY_DN85784_c0_g1",-1.22835642895819,-0.345963969139567,-3.63088291827695,0.00360003727981225,0.0242970129899824,-1.67124836468363,33.97,26.18,35.19,47.42,30.4,13,10,6,15,22.3
"4007","TRINITY_DN85860_c0_g1",-1.12724999206025,0.887503004740645,-6.15066529565184,5.58455347620465e-05,0.00168468911882555,2.21861218289564,71.82,68,81.68,72,82,34,34.57,30,28.57,33.38
"4008","TRINITY_DN85864_c0_g1",1.92931962130026,-1.13701398859205,3.91658571568698,0.00215705164717377,0.0172181092077236,-1.18771411692958,11,3,10,4,15,28,12,31,21,25
"4009","TRINITY_DN85893_c0_g1",-1.90321033606795,-0.00698224813328551,-6.65412627156383,2.69495362128475e-05,0.00108578683270592,2.82036402585424,72,53,46,51,48,15,6,19,10,15
"4010","TRINITY_DN8590_c0_g2",1.28661253654002,-0.892414087439576,3.41797131993383,0.0052966067712071,0.031512550743024,-1.96833122512316,13,19,11,5,8,20,25,24,17,20
"4011","TRINITY_DN85911_c0_g1",-1.70692721627387,-0.477682769758956,-4.35752421918705,0.000995161879282205,0.0103371311170948,-0.46965847356547,54,46,20,27,46,15,9,6,10,8
"4012","TRINITY_DN85916_c0_g1",1.70029486319779,-0.821852293665372,5.13022299656538,0.000272293050486103,0.00445257269533683,0.639538666090536,9,8,15,7,10,22,29,18,38,25
"4013","TRINITY_DN8593_c2_g1",1.93448322186612,0.553445427058401,6.55409073485393,3.10636533632001e-05,0.00117577116915645,2.76574719374621,16,23,22,34,18,53,58,97,99,80
"4014","TRINITY_DN8594_c0_g3",1.5321136080113,0.592178718829363,5.61181419733615,0.000126589514043441,0.00275633717307319,1.44115497985634,20.38,21.74,36.93,24.39,27.61,55.71,54.35,52.52,128.9,64.05
"4015","TRINITY_DN85948_c0_g1",1.45901712207455,-0.0771959143971743,3.25079298573457,0.00718664903938388,0.0387296420295675,-2.35338457981625,21,19,9,15,24,109,16,41,42,32
"4016","TRINITY_DN85949_c0_g1",-1.14207692875178,-0.79134618057559,-3.39608493845214,0.00551202011336866,0.0323616086833949,-2.01525433263962,33.16,28.26,20,16.03,28.14,4.02,11.03,10.08,16.02,6.04
"4017","TRINITY_DN8599_c5_g1",1.71818714382305,-0.90694084221912,3.93771232846417,0.00207753355303784,0.01680203779644,-1.1338497124954,6,7.26,8.73,7.03,20.45,26.68,25.88,27.87,38.42,10.71
"4018","TRINITY_DN86027_c0_g1",-1.39963759868859,-1.3251926895592,-3.55382593796312,0.00413840061988303,0.0267679567268472,-1.74156336491447,29,19,21,14,15,5,1,8,9,6
"4019","TRINITY_DN8604_c1_g1",-1.17898153276254,3.11572707462786,-6.47693878079536,3.46922892956057e-05,0.00126612216843973,2.50522692162336,411.97,376.01,278,327.94,389.97,138.93,108,128,223,203.41
"4020","TRINITY_DN86084_c0_g1",-4.3022952414865,-3.15063070366283,-7.33385059101049,1.06200075436905e-05,0.000626499815953219,1.62377596787493,25.15,12.22,12.16,9.21,17.38,0,0,1.01,0,0
"4021","TRINITY_DN86105_c0_g1",-4.75934593065598,-3.09062654835834,-8.93073979156905,1.4744160474214e-06,0.000206360067417724,2.54295210428159,21,16,21,10,24,0,0,0,1,0
"4022","TRINITY_DN86139_c0_g1",-1.02303148107955,1.47945223113322,-4.20190595642832,0.00130419668750635,0.0123798537574447,-0.929600268678916,134.86,107.31,124.09,60.42,138.91,40.25,34.74,57.56,92.88,43.92
"4023","TRINITY_DN86194_c0_g1",1.07365629856915,0.393849494500553,5.00244621438812,0.000335484110913343,0.00510129054422354,0.513845274511625,22,25,30,21,33,45,48,65,53,40
"4024","TRINITY_DN86202_c0_g1",-2.30165256990459,-0.414046740109248,-5.11545528837361,0.000278908002301725,0.00452838362781884,0.652163122829646,49,40.65,80,21,63,5,7,11,12,5
"4025","TRINITY_DN86262_c0_g1",1.26949853616014,-1.58348136366591,3.15318863727428,0.00859306687388216,0.0435587605160601,-2.36066642516858,7,10,6,4,7,17,9,13,10,15
"4026","TRINITY_DN86298_c0_g1",1.34952508263988,-0.71625964467857,5.49977167922082,0.000150840321695647,0.00308318524515143,1.19730176499935,13.37,10.25,12.27,10.24,10.23,28,16.26,24.44,34.42,20.44
"4027","TRINITY_DN86318_c0_g1",-1.76503247906434,-0.834696731144634,-4.95677935103499,0.000361663325322441,0.00534399074371444,0.383543711117115,36,27,21,28,38,8,2,7,8,12
"4028","TRINITY_DN8635_c6_g1",-1.84317165526763,-0.322646605569268,-4.70254671822607,0.000552399611180005,0.00697598496672665,0.06756928281336,57.76,32.98,51.67,22.05,54.04,6.82,8.56,18.7,6.51,14.29
"4029","TRINITY_DN86466_c0_g1",1.30341873502591,-0.369335122937884,3.77165256703224,0.0027944251039403,0.0204234850615986,-1.43264843977244,15,13,11,8,33,40,39,29,31,21
"4030","TRINITY_DN86518_c0_g1",-1.99471143101374,-0.859385415153946,-4.71899469872077,0.000537324676513209,0.0068439579578445,0.0288044790843411,41,33,30,18,36,3,5,19,5,5
"4031","TRINITY_DN86519_c0_g1",1.5678963577708,-0.0593202733572962,4.93499251360636,0.000374901466184744,0.00546097098212491,0.427170103242982,14,14.63,30,11.47,15,66.23,44.37,44,44,24.89
"4032","TRINITY_DN8653_c0_g1",-1.20025724966338,2.76612085862028,-3.94562200001083,0.00204854706746725,0.0166522729424754,-1.59539556049296,217,357,242,463,199,184,100,142,116,80
"4033","TRINITY_DN86540_c0_g1",1.34007721288338,0.856284090028378,6.32527866376775,4.32074845556693e-05,0.00144194288555756,2.46503817734184,47,26,24,32,37,78,51,96,97,67
"4034","TRINITY_DN86568_c0_g1",-1.52280435684948,-1.19999694238278,-4.51197409393784,0.00076317478565575,0.00866409834794751,-0.305056137663652,27.84,18.4,18.78,18.21,24.69,3.11,2.04,8.22,8.22,7.19
"4035","TRINITY_DN86569_c0_g1",-1.2018332732781,-0.563341359580499,-3.68532865276873,0.00326337968005285,0.0226764358360942,-1.55693869611809,44,25,22,21,42,8,8,15,18,6
"4036","TRINITY_DN86624_c0_g1",-1.08409578613244,0.0824940184725022,-3.49467270885509,0.00460709045726473,0.0286631042922135,-1.96193750081941,49.79,44.38,50.06,25.83,53.53,18.97,5.13,30.82,23.7,19.81
"4037","TRINITY_DN86633_c0_g1",-2.01353034111428,0.305267019845711,-6.70675104392872,2.50220172110738e-05,0.00103636868120916,2.93616826690112,65,59,93,44,96,29,10,13,18,10
"4038","TRINITY_DN8668_c3_g1",1.8327448294006,0.449947380230234,4.19722827300775,0.00131490122612618,0.0124397893966033,-0.794284027754871,19.48,16.78,23.82,26.17,21.76,50.63,51.85,63.27,208.28,35.39
"4039","TRINITY_DN86693_c0_g1",-3.77945601567484,-1.88157709749185,-6.76080358907455,2.31943718145001e-05,0.000984060122747639,1.34456014272572,35.52,23.2,38.47,20.7,28.37,2,0,1.02,3.15,1.03
"4040","TRINITY_DN86721_c0_g1",-1.16976384373975,0.54360201309988,-5.84882142761998,8.78835510180576e-05,0.0022058487417735,1.78916139338386,63,61,74,46,63,24,13,26,38,25
"4041","TRINITY_DN86726_c0_g1",-1.12181656842531,1.87283011325667,-4.70227671467857,0.000552650739726787,0.006977536300947,-0.129924517191889,168.12,124,237,121,117,64,48,72,118,43
"4042","TRINITY_DN86734_c0_g1",-1.3321438413188,-0.953428092464057,-3.77615947659062,0.00277193442756539,0.0203082281047561,-1.38760003091193,26.65,24.71,23.23,14.18,31.39,3.06,5.14,6.2,13.38,11.29
"4043","TRINITY_DN8677_c0_g1",-2.35997349531038,0.999213792010413,-5.28531848262637,0.000212011690352,0.00382598800595077,0.936542981799374,159.7,216.92,103.46,83.91,94,13,42.49,9.02,47.03,20
"4044","TRINITY_DN86772_c0_g1",-1.06201898257015,1.53890291888704,-5.66817216169971,0.000115984425511195,0.00261503733248662,1.46688410573662,149.88,122.39,130.27,85.34,96.75,51.8,34.61,65.9,72.19,44.08
"4045","TRINITY_DN86826_c0_g1",1.25071214560459,-0.251583817735383,3.60249923828561,0.00378946442244914,0.0251357023660282,-1.73366660146584,10,12,22,17,24,41,15,38,39,40
"4046","TRINITY_DN8683_c1_g3",-1.38186277742203,1.50763996269196,-3.7109060592615,0.00311655308391032,0.0219860491293082,-1.78798349871982,92.84,108.76,94.35,103.17,311.03,34.18,49.98,51.21,57.32,38.65
"4047","TRINITY_DN86839_c0_g1",-1.41799600405004,0.23231172232994,-3.49518054047515,0.00460284414177858,0.0286510981592445,-1.97407671540967,90.24,24.37,37.87,60.2,86.37,24.99,11.32,17.23,21.99,14.87
"4048","TRINITY_DN86895_c0_g1",-1.5679864774172,-1.38171765105344,-3.6768864737833,0.00331338579448199,0.0229314628766598,-1.56099181461488,31,12,20,13,26,6,2,3,9,5
"4049","TRINITY_DN86963_c0_g1",-1.05536721305243,-0.693986005650633,-4.30128101009121,0.00109696738844577,0.0110577402322892,-0.558023834147536,24,24.32,26,23.33,30,8,9.99,8.97,15,9.33
"4050","TRINITY_DN87099_c0_g1",-1.05993833862025,-0.856127698326202,-3.79268485433868,0.00269104986167898,0.0199331190285417,-1.3652622196104,28,20,19,19,31,14,5,8,11,7
"4051","TRINITY_DN87103_c0_g1",2.52297780612009,-0.321911803244886,7.4397032751319,9.23409797570123e-06,0.000572040800679232,3.50854930589449,17,8,10,7,10,59,58.53,46.45,42,49
"4052","TRINITY_DN8715_c0_g1",-1.19627944423798,0.597251901323612,-3.43318607829506,0.00515192623105321,0.0309462639020668,-2.13949378503666,72,59,39,87,70,13,32,18,33,39
"4053","TRINITY_DN87271_c0_g1",3.05027237472266,-1.77456198426823,3.74678607297393,0.00292193562386064,0.0210658226083102,-1.65386322093226,6,1,9,1,7,12,14,22,53,19
"4054","TRINITY_DN8728_c0_g1",2.36505898707494,2.89247123053922,7.14832674531283,1.36144353999151e-05,0.000719633387596486,3.5067869356262,110.64,100,81.82,54.46,117.65,458.82,421.75,589.38,800.41,208
"4055","TRINITY_DN87289_c0_g1",-1.15737706554538,0.770691809930266,-4.91255370189753,0.000389069192707287,0.00560282299723115,0.346600374948212,86,73,54,69,71,28,28,36,22,33
"4056","TRINITY_DN87319_c0_g1",2.67077391924561,-1.21503967633723,4.61198484224147,0.000643721879762339,0.00774102957376815,-0.284280544242131,3,10,8,5,4,23,32,46,21,21
"4057","TRINITY_DN87381_c0_g1",-3.48775882268527,-0.592294499895175,-9.49264782072641,7.8374946421005e-07,0.000156699427703031,4.51650751132229,79,55,67,48,56,3,5,3,4,6
"4058","TRINITY_DN87405_c0_g1",1.13975710908845,-0.918325903766899,3.36810359225357,0.00580046585455025,0.0335150166045372,-2.05187079613197,7,7,17,13,13,21,19,20,22,15
"4059","TRINITY_DN8746_c0_g1",1.14199741555016,1.58706073715377,3.21434712147512,0.00768234005510616,0.040508982834443,-2.69741928459504,59,24,80,109,46,97,137,147,104,125
"4060","TRINITY_DN8746_c0_g2",1.48553923042206,1.42998026272188,5.16136037350197,0.000258881167949809,0.00432457174630161,0.687481923808988,37,57,66,49,28,123,84,111,124,179
"4061","TRINITY_DN87544_c0_g1",1.93200181200535,-1.74066299773366,3.20836027492955,0.00776701156031216,0.0407854340390943,-2.29625076806239,3,9,13,1,7,20,6,12,21,16
"4062","TRINITY_DN87545_c0_g1",-2.76102809800589,0.327576256771346,-6.74877904854358,2.35882698961341e-05,0.000995337151218488,2.94465348202947,132.31,84.45,117.86,40.83,108.39,16.57,5.22,15.67,16.63,6.26
"4063","TRINITY_DN87650_c0_g1",-3.33115368240326,-1.94401930323164,-5.65920250847301,0.000117607294727523,0.00263429386782071,0.418884624213534,25.03,19.79,28.08,27.1,19.86,2.07,0,3.12,2.05,1.03
"4064","TRINITY_DN87656_c0_g1",-1.06770504992874,-1.41546998693138,-3.27360514218056,0.00689298503182749,0.0376648933962356,-2.17572525406841,23,14,16,12,16,5,4,7,10,3
"4065","TRINITY_DN87657_c0_g1",-3.10677066035139,-2.62698849007425,-4.63784436596716,0.000616136219925657,0.00750890995697432,-0.664545513813799,17,12,21,10,12,4,1,0,2,0
"4066","TRINITY_DN8769_c1_g1",-1.37185316037563,3.3735121316004,-5.71906494926981,0.000107214418267333,0.00249850018165318,1.31764756746486,621.44,481.66,263.37,480.72,494.15,165.79,182.12,144.64,207.54,177.04
"4067","TRINITY_DN8777_c0_g1",1.30300490059381,1.04492862761724,3.35136799692483,0.00598027361764818,0.0342226489804826,-2.3542890981586,23,47.94,38.75,81.32,22.37,102.62,80.4,132.96,78.04,51.51
"4068","TRINITY_DN87773_c0_g1",1.14799633872317,-0.691635966547979,3.36305488390287,0.00585412290449986,0.0336979150067364,-2.08471332105357,15,12,16,15,7,23,22,23,38,13
"4069","TRINITY_DN87916_c0_g1",-1.25181310223476,-0.770196501477083,-3.87745476684987,0.00231274285246236,0.0180192517530841,-1.22948335498194,25,23,35,21,30,6,4,11,21,6
"4070","TRINITY_DN87917_c0_g1",6.80382381836178,-1.90927527104317,10.2521931648435,3.49087307263034e-07,9.8891706923665e-05,3.29596118851635,0,0,0,0,3.3,62.56,78.73,61.66,79.35,95.66
"4071","TRINITY_DN87962_c0_g1",-1.34281803687356,-1.14449710905269,-3.32174203725359,0.00631258078900863,0.035440357946252,-2.10688757308192,21,18,26,12,28,12,6,4,4,9
"4072","TRINITY_DN881_c1_g1",1.32588487341894,1.4837400952434,4.02875215406595,0.0017680244550351,0.0151059720599771,-1.22805779133888,47.86,54.68,70.94,43.11,37.37,254.55,64.09,135.13,120.12,83.85
"4073","TRINITY_DN8818_c2_g1",1.20706714426384,-0.434045279541938,4.12229122430897,0.00149939870833796,0.0135719412789499,-0.852027568004084,15,15,14,14,13,47,30,26,26,19
"4074","TRINITY_DN8818_c2_g2",1.48269992693116,0.447091516542225,6.18207320344478,5.33104239738076e-05,0.00164563409214493,2.25960777722507,22,19,27,20,30,73,67,59,50,55
"4075","TRINITY_DN88201_c0_g1",-1.6542930027236,-0.926503889390891,-4.48875807505977,0.000794083065928898,0.0089016842619412,-0.296840436611995,34.11,23.07,35.21,18.08,23.08,3.03,5.87,9.01,6.02,11.04
"4076","TRINITY_DN88215_c0_g1",2.54435356818129,-1.52370066249868,3.27743003579228,0.00684495001781565,0.0374914685173636,-2.19361416694012,2.03,6.11,18.28,14.45,0,22.7,14.05,23.15,35.56,11.58
"4077","TRINITY_DN88225_c0_g1",3.50927134195384,-1.18319434538416,3.72790205076702,0.00302275622229821,0.021511282701429,-1.58118924713116,9,1,21,8,1,20,56,42,37,50
"4078","TRINITY_DN88249_c0_g1",-1.4802303860257,-1.17292474484946,-3.35493046972461,0.00594152953442355,0.0340532911387599,-2.0506250849091,31,11,31,16,26,11,4,5,8,3
"4079","TRINITY_DN8827_c10_g1",3.21736903935149,-2.39971373772272,5.00064542582862,0.000336477768119202,0.00510498250649136,-0.258629393480478,0,3,6,1,3,12,14,11.43,14,20.01
"4080","TRINITY_DN8832_c4_g1",-1.85519959809623,0.322467517663352,-5.31343882832093,0.000202681089140849,0.0037281119781738,1.00087272682402,97.75,59.88,61.72,35.65,98.62,16.57,8.56,15.22,39.01,10.15
"4081","TRINITY_DN88336_c0_g1",2.52132681906197,-2.45865552858279,3.52770541022903,0.00433904203146398,0.0275449153983844,-1.98377293469963,12.86,3.47,1.14,0,2.49,5.14,10.86,12.34,14.33,10.06
"4082","TRINITY_DN8839_c0_g1",1.07787145534377,7.1691621444809,14.1411460902075,1.0655831260601e-08,1.49998396607472e-05,10.5349274814693,2503.9,2618.7,2715.85,2827.48,2901.56,6516.26,5345.36,5633.88,6201.97,5076.93
"4083","TRINITY_DN8848_c1_g1",-1.71432262131526,1.27484848275204,-4.86806046900975,0.000418850985273983,0.00586104079356588,0.236064552316405,107.58,121.63,189.09,62.63,160.97,37.86,19,22.02,83.7,31
"4084","TRINITY_DN8848_c1_g2",-1.74723053389231,2.71697316072227,-5.67575778701281,0.000114630469809069,0.00259677879357979,1.35512899268305,300,296,478,214.26,422,91,38,83,218.95,113.16
"4085","TRINITY_DN8848_c1_g3",-2.83782885444331,-1.29862755535826,-3.16022924073655,0.00848290157733077,0.0431814225262141,-2.36832545611074,31.42,62.37,29.91,12.37,50.03,7.14,0,3.98,18.3,1
"4086","TRINITY_DN8864_c2_g1",-1.01096590979674,3.4816318265346,-5.17028638999421,0.000255166136529459,0.00428885702471378,0.400991607978111,440.94,476.73,481.2,305.94,480.1,308.94,188.17,238.56,273.02,109.64
"4087","TRINITY_DN88669_c0_g1",-1.21604837502857,-1.50383608545213,-3.47387279992141,0.00478449232593834,0.0294163401675704,-1.86876636033295,18,12,17,13,18,4,8,5,6,3
"4088","TRINITY_DN88671_c0_g1",1.05068064017525,-0.148493733837375,3.63069614477083,0.00360125152160253,0.0243021924952212,-1.70272427907465,27.28,10.66,15.04,20.11,21.1,44.73,26.64,36.89,28.21,32.48
"4089","TRINITY_DN88677_c0_g1",1.46957603444782,-0.617937053682512,3.10396087126787,0.00940471260394843,0.0462798989633004,-2.51144435973739,6,9,32.75,5,24,22.2,27.9,22,45.83,25
"4090","TRINITY_DN88686_c0_g1",-1.14342556177673,-0.402322371625779,-3.54011701181354,0.00424249259110786,0.027195452507124,-1.81923196355771,33.36,44.54,43.57,19.06,26.3,8.08,14.15,10.14,21.22,9.1
"4091","TRINITY_DN8875_c3_g1",1.19640246586218,-1.64721827748862,3.15576393663787,0.00855260441332087,0.043407470034466,-2.35735331277378,10,5,7,3.02,9.99,12,9.12,14.64,11.95,11
"4092","TRINITY_DN8880_c1_g2",1.22689877982943,0.526948017082314,4.15471275394707,0.00141648113432476,0.0130960097530271,-0.883832931919287,26.48,27.08,35.15,37.68,15.07,41.88,63.31,53.26,78.42,55.58
"4093","TRINITY_DN88883_c0_g1",-4.9374160331253,-2.46356607096893,-7.81233098151535,5.70446878699503e-06,0.000441045880938768,2.04090649132292,42,27,19,27,32,0,0,2,1,0
"4094","TRINITY_DN8890_c4_g1",-1.04184483333689,-0.715425456840744,-3.09698303451435,0.0095258468738513,0.0466606932020574,-2.52614544167393,18,21,34,19,37,8,12,12,10,9
"4095","TRINITY_DN88911_c0_g1",-1.34093935632502,-0.706677553691446,-4.60185370775495,0.000654878831557561,0.00783535295363997,-0.0973219372922731,40,23,34,20,25,7,11,8,12,7
"4096","TRINITY_DN88967_c0_g1",-1.58373138941806,-1.1283264147765,-3.45591291092315,0.0049432728620909,0.0300612304131606,-1.89158431676179,43,24,15,20,20,9,1,5,9,9
"4097","TRINITY_DN8904_c0_g1",-2.35026655021269,1.28886896285785,-3.19495230807165,0.00796007692193161,0.041474211115663,-2.62913903510515,253,300.01,121,91.65,103.71,137,1,37,54,21.94
"4098","TRINITY_DN89083_c0_g1",-1.45905107597278,-1.43565052673591,-4.00809363181045,0.00183380029772841,0.0154759087655153,-1.06924407094323,26,17,19,11,17,4,4,4,5,7
"4099","TRINITY_DN89146_c0_g1",-2.00071286398963,0.0493771050538323,-3.85804517920022,0.00239422576181911,0.0183982492530516,-1.3074664494134,72,70,32,125,35,11,9,16,20,7
"4100","TRINITY_DN89179_c0_g1",1.43729301142471,0.283164969780109,6.30210389954556,4.46934835581983e-05,0.00146772459718918,2.41690799948033,18.96,24.74,18.04,20.46,24.68,50.25,55.37,62.01,48.83,45.85
"4101","TRINITY_DN8937_c0_g1",-1.36840253066325,1.96324439612038,-3.54964282408932,0.00416988319422219,0.0269132838995488,-2.15551751925109,311.17,186.91,212.07,71.09,162.29,69.32,34.06,76.53,139.3,38.17
"4102","TRINITY_DN89397_c0_g1",-1.01157142111284,-0.859758146750742,-3.90973295075423,0.00218351448921961,0.0173504070976105,-1.17776927060753,23.85,20.26,29.28,19.3,20.07,9.22,7.23,10.31,10.58,7.14
"4103","TRINITY_DN89401_c0_g1",-1.53561594297603,-0.824430499523671,-4.44901111358233,0.000850070792459062,0.00932678005964019,-0.342350278562056,28,18,30,24,41,11,5,11,7,5
"4104","TRINITY_DN89492_c0_g1",1.88073041552255,0.620199903107734,5.95094961677652,7.52776375344101e-05,0.0020189477234389,1.93615755311583,11,25,33,35,22,67,72,78,111,66
"4105","TRINITY_DN8955_c0_g2",-4.03859386827422,-2.74217094871344,-6.76106351564254,2.31859350220098e-05,0.000984060122747639,1.28253928696197,21.48,17.17,14.34,19.25,16.16,2.59,0,0,1.37,0
"4106","TRINITY_DN8960_c0_g1",1.48453524983936,0.812966816910895,8.42935169363451,2.66011808467508e-06,0.000286507886620915,5.0606903884757,36.34,23.35,31.73,27.49,31.47,77.73,71.44,92.13,94.96,58.1
"4107","TRINITY_DN8968_c0_g2",-1.15663813190463,0.576207537987483,-4.37009481686389,0.000973784522537346,0.0101895178848266,-0.525412131605002,75.64,61.25,88.87,39.04,56.14,27.54,15.61,26.45,49.87,15.66
"4108","TRINITY_DN89802_c0_g1",-1.54434910558806,-1.71991547185635,-3.88146841596439,0.00229625324562655,0.0179241547478291,-1.31648561028513,14,14,14,16,18,4,4,2,7,2
"4109","TRINITY_DN8982_c3_g1",1.88697715422231,0.627108512694071,4.88414831394217,0.00040781528385093,0.00576591658537456,0.320384840348028,46.48,9.02,22.31,15.59,41.23,113.89,61.85,106.16,68.75,60.41
"4110","TRINITY_DN89867_c0_g1",1.20597258060606,0.153811253021709,4.84521349098053,0.00043506494435465,0.00599686198388083,0.278311554561068,22.67,20.71,23.12,23.64,16.59,37.91,26.93,51.47,52.5,55.09
"4111","TRINITY_DN9006_c1_g1",-1.63461381125313,-0.0612953899828576,-5.71743297674307,0.000107484467751043,0.0025026488379482,1.57948816988937,49.25,45.49,63.85,29.35,53.53,10.47,12.51,7.86,21.42,16.97
"4112","TRINITY_DN9008_c0_g1",1.14233928245041,3.35228785888151,7.73493426313469,6.29625521501139e-06,0.000462343144982654,4.21856037210824,168.69,165.87,204.86,191,203,508,394,445.81,476,271.93
"4113","TRINITY_DN901_c2_g1",-2.68974347501665,-2.58821923181557,-4.44893584037105,0.000850180646351346,0.00932678005964019,-0.889299635639293,13.7,12.05,17.79,9.16,10.8,1.89,1.45,0.18,2.9,0
"4114","TRINITY_DN90103_c0_g1",-1.01055815109582,-1.26527571530511,-3.10589578053329,0.00937139820177341,0.0461648433989715,-2.44834827530717,17.65,19.87,16.1,10.08,24.16,4.87,5.1,6.2,10.47,5.82
"4115","TRINITY_DN90153_c0_g1",-1.25825611469185,-1.00720786017028,-3.36050231449772,0.00588144305387123,0.0338229614234627,-2.05205352951713,28,25,14,23,24,9,7,3,14,6
"4116","TRINITY_DN90165_c0_g1",1.25924112845464,-0.859557231429028,3.38552043649235,0.0056191696985171,0.0328232923310423,-2.02498068108951,14,10,17,4,13,27,10,28,30,18
"4117","TRINITY_DN90227_c0_g1",-3.36244662393362,-1.64706441425593,-4.17397788447674,0.00136947849874248,0.0127985060180588,-1.11834215913586,31,33,15,40,34,0,4,2,2,4
"4118","TRINITY_DN9024_c0_g1",1.11031764245702,1.6467449373512,3.54315400201689,0.00421920417367059,0.0271068657215462,-2.12092094154161,100.98,50,58,67.99,38,189.99,128,122,160,57.99
"4119","TRINITY_DN9028_c0_g1",-2.56466422390143,0.765027981640486,-6.20049685294115,5.18805013952501e-05,0.00161709590337481,2.28666093462039,156,128,88,56,173,13,18,36,17,10
"4120","TRINITY_DN903_c10_g2",1.1064786724376,-0.687193984717908,3.65270439016627,0.00346102288309084,0.0236374303910339,-1.605744425626,14,9.86,9.51,16.25,14.83,19.9,13.39,33.27,30.95,19.89
"4121","TRINITY_DN903_c11_g1",1.03864361170955,2.66035997309609,6.65322736825713,2.69838044854744e-05,0.00108636277555103,2.8112402165865,98,130,149,142,96,265.6,213,243.75,292,216
"4122","TRINITY_DN903_c19_g2",-1.08085798578927,0.227173738999232,-3.73433211295205,0.00298803102221287,0.0213591793046629,-1.56792536462727,55.34,50.37,61.01,23.05,59.46,23.81,14.95,28.28,25.98,11.3
"4123","TRINITY_DN9032_c0_g1",1.2476152749371,0.342865838492484,3.04486349719427,0.0104816756329373,0.0496826857822302,-2.78092129345424,19.95,30.62,15.69,32.12,24.1,106.53,69.6,40.84,39.46,27.9
"4124","TRINITY_DN9044_c0_g1",-1.73535134711728,1.86336045910424,-11.3999621598699,1.1235591502595e-07,5.76523639073249e-05,8.1000358019791,188.94,165.39,169.01,184.17,192.78,61.09,44.43,63.12,63.44,33.36
"4125","TRINITY_DN90470_c0_g1",-3.01898511850412,-1.98894036588609,-4.73223936374214,0.000525499140298964,0.00675239789069888,-0.513360720906919,17,19,22,20,27,1,1,0,3,6
"4126","TRINITY_DN9059_c0_g2",-1.58498348080928,4.0808303201352,-6.34458209661939,4.20098405776563e-05,0.00141308425408739,2.19171514493928,556,800,1155,665,959,249,194,171,429,362
"4127","TRINITY_DN9059_c0_g3",-1.55452638712609,6.579412788446,-6.08991959184734,6.11192774534909e-05,0.00177203551171259,1.53889580232534,3106.95,4691.9,6066.82,3502.16,5558.89,1554,1003,962.11,2694,1830
"4128","TRINITY_DN906_c0_g1",-1.13248207067523,1.18174432582575,-5.38775592590668,0.000180048036874723,0.00345414422365481,1.06546021011383,132,82.37,80.02,67.18,110.01,30,34.93,42,59,35
"4129","TRINITY_DN90627_c0_g1",-2.23566208701842,-2.17832115288796,-3.56321833531204,0.0040685950895451,0.0264320826831683,-1.91034209046262,11,13,24,11,13,1,1,2,1,6
"4130","TRINITY_DN9071_c3_g1",1.47390704717517,-0.457462886657372,4.10062011361704,0.00155761653943654,0.0139090988666053,-0.882620871460336,7.84,16,10.21,24.63,13.01,33.57,17.16,38.23,43.15,24.02
"4131","TRINITY_DN90717_c0_g1",-1.18082882560997,-0.925912929528646,-3.20685056535949,0.00778851178695154,0.0408600135387396,-2.31374812701087,35,20,18,14.02,29,7,12,5,7.01,12
"4132","TRINITY_DN9074_c1_g1",-3.3360324938299,3.02023233975418,-9.0114031939582,1.34404997620363e-06,0.000201165587909436,5.82378550310039,939.91,707.14,905.29,330.44,883.75,69.16,28.82,91.57,115.33,60.53
"4133","TRINITY_DN9075_c0_g1",1.06700394689669,2.93123667552557,7.46362490930477,8.94852400093045e-06,0.000562513687748096,3.90212762971777,140.47,153.01,121.77,143.26,159.01,258.55,284.97,308.39,323.67,328.02
"4134","TRINITY_DN9076_c0_g1",1.29276027736633,-0.744217536794232,3.78162230441548,0.00274492298560769,0.0201706091302275,-1.38663364187177,21.14,9.45,11.4,11.38,7.14,17.76,16.44,33.92,30.15,21.83
"4135","TRINITY_DN90799_c0_g1",1.22735889596695,-1.09075648232093,4.19439285567421,0.00132143426335397,0.0124846501681581,-0.740128896131046,11,6,11,10,10,20,14,16,25,14
"4136","TRINITY_DN9088_c0_g1",1.66877534274153,0.0335947180984024,5.9354201261195,7.70637215947831e-05,0.00204471715054929,1.89420239650283,20.93,21.19,9.57,21.12,14.87,40.66,36.85,43.55,60.39,56.38
"4137","TRINITY_DN9091_c0_g2",1.04844733335906,-0.0629547161841069,3.43478141363911,0.00513699091112064,0.030897497804574,-2.0496083359465,13.03,16.57,19.5,26.59,23.62,30.64,24.78,59.41,37.51,30.56
"4138","TRINITY_DN9092_c0_g2",-1.54532052861324,0.0319038260821954,-6.31329849812128,4.39689954657593e-05,0.00145833628274611,2.4043160729774,55.14,38,49,44,63,20,6,15,21,13.27
"4139","TRINITY_DN9116_c0_g2",1.79982707513867,-0.675910315557963,5.06447477122205,0.000303074716529515,0.00477121183987174,0.571174054192367,17,7,11,14,6,22,24,31,43,30
"4140","TRINITY_DN91161_c0_g1",-1.03686943426514,-1.15850723551295,-3.21495402592933,0.0076738089088695,0.040475770011862,-2.2811496033441,22,23,17,13,19,9,7,10,8,3
"4141","TRINITY_DN9119_c0_g4",-1.32804433365516,-0.759189420921768,-3.95492544784336,0.00201498694810406,0.016477805426598,-1.10537161925554,32.44,26.3,31.57,24.15,22.5,11.5,7.38,10,16.25,2.11
"4142","TRINITY_DN9119_c0_g7",-1.71765893827753,-0.659334537747045,-3.30997668180522,0.00644969618682943,0.0359409847684533,-2.15675441270404,55.45,25.26,33.86,14.16,40.88,11.09,7.57,13.67,2.6,12.89
"4143","TRINITY_DN91217_c0_g1",-1.51507719991748,-1.61439885659482,-3.37358065697323,0.00574282146647462,0.0333181655875222,-2.03146359772346,15.34,16.91,24.2,9.81,15.3,4.45,2.82,7.38,2.24,4.32
"4144","TRINITY_DN913_c6_g1",-1.00882969479188,3.99534069141189,-7.53883951696406,8.11051730265011e-06,0.000535363042000536,3.8879500206998,741.34,528.55,749.76,501.3,596.22,376.77,239.1,237.88,386.98,313.44
"4145","TRINITY_DN91375_c0_g1",1.64175745583712,-1.1488699158641,4.01412262896417,0.00181434659268754,0.0153665720216238,-1.02846438768077,6,10,3,11,12.38,24.41,16.8,24,22,12
"4146","TRINITY_DN9145_c3_g1",-1.18997794303318,-0.563068509042966,-3.705904304898,0.00314472223563776,0.022115927995678,-1.52335200468249,32.59,27.95,28.57,17.33,46.19,8.87,5.08,18.71,15.48,7.55
"4147","TRINITY_DN91539_c0_g1",2.36709640511384,-1.84268286983638,3.99189179699745,0.0018871551550578,0.0157347843568355,-1.27445834629608,2,2,6,5,12,17,9,19,22,12
"4148","TRINITY_DN9163_c0_g1",-1.0488068667334,1.36763382222799,-5.13666095841628,0.000269461178479323,0.00442860056857374,0.648991103399595,125,109,92,89,94,62,60,33,49,36
"4149","TRINITY_DN9182_c0_g1",-1.27020711430334,5.7719267786679,-19.3632264613289,3.13617132451047e-10,2.82076474449847e-06,14.0576213671739,2519.52,2126.68,2381.43,2038.32,2619.72,1012,839,967.32,1136.74,806
"4150","TRINITY_DN92024_c0_g1",-1.78761660369469,-0.601185764852107,-4.47875117331204,0.000807806112855278,0.00900725344081825,-0.287619102115015,47.63,25.45,42.32,27.61,35.08,2.1,8.19,8.77,20.04,8.14
"4151","TRINITY_DN92056_c0_g1",-1.41940197545197,-0.689714002125968,-3.36259438577753,0.00585904206223954,0.0337190939379188,-2.07108721877594,41,26,25,15,51,8,2,13,16,10
"4152","TRINITY_DN9207_c1_g1",-1.09899802957491,0.328006279104371,-3.79660938021964,0.00267220053891558,0.019825898173804,-1.47276522894833,50,44,87,51,37,33,15,16,25,21
"4153","TRINITY_DN9208_c0_g1",1.28476013275767,2.4364086006737,5.23741294339001,0.000228965833618243,0.00400568692709227,0.67674258888185,99.23,105.7,54.09,136.14,102.13,249.49,195.7,211.21,216.08,281
"4154","TRINITY_DN9214_c0_g1",-1.02296500910944,1.47767932276775,-3.84165509808266,0.00246533600709295,0.018737855951991,-1.5599187322279,97,85,125,182,84,47,53,47,70,39
"4155","TRINITY_DN922_c0_g1",1.05391433921992,3.46949099854401,7.86013266188031,5.36894552260909e-06,0.000426130163797738,4.36798767838456,228.54,198.15,226.64,234.04,162.32,485.01,386.8,499.99,447.18,358.47
"4156","TRINITY_DN92205_c0_g1",2.93861965700273,-1.3392892596605,6.64128084204926,2.74436699694819e-05,0.00109756518625742,1.76150367259897,6,4,6,2,6,27,34,27,29,24
"4157","TRINITY_DN9228_c1_g4",-1.33522207310645,0.162414599406925,-4.96555067429258,0.000356473229476495,0.00528495901859866,0.468638756234981,71.33,40.88,48.39,44.54,49.79,11.46,12.78,17.38,39.09,13.68
"4158","TRINITY_DN9229_c0_g1",-1.52042489485762,2.01285235716707,-7.7819479285033,5.92935522565165e-06,0.000446680831133544,4.37596183811795,199.36,159.94,271.53,144.26,174.02,83.4,38.66,55.78,90.76,56.39
"4159","TRINITY_DN923_c23_g1",-1.05064292289539,-1.06410972022726,-3.09630707591555,0.00953766450721355,0.0466956414772077,-2.48044631727126,21.97,16.37,22.62,14.59,27,11,8,7.01,12.21,2.17
"4160","TRINITY_DN9231_c2_g1",-1.44796764865747,1.5879734564959,-6.03889917846138,6.59575292298154e-05,0.00186557252851736,2.02599803468248,150.81,109.74,149.43,97.29,186.3,44.83,21.03,56.35,71.93,56.57
"4161","TRINITY_DN92415_c0_g1",1.92391484688911,-0.0743315336797482,6.16539867075876,5.46407280454982e-05,0.0016696426062487,2.18289613279755,10,15,17,14,17,32,40,60,55,59
"4162","TRINITY_DN9242_c0_g1",-1.33849361268444,3.53201014760784,-3.76515629630333,0.00282717408480447,0.0206074545224604,-2.05407617907444,567,402,399,479,740.03,193,140,75.01,514,261
"4163","TRINITY_DN9250_c0_g1",2.12443029144591,-1.45902473838886,3.26593505974152,0.00699034162454433,0.0380059647441614,-2.19603288640755,5,2,11,4.14,13,13.48,15,11,33,32.03
"4164","TRINITY_DN926_c1_g1",-1.256801289727,7.61911769192,-14.8155172012962,6.3547211866843e-09,1.04739284868165e-05,11.0519241858949,8341.11,6089.07,9437.05,8446.61,8727.1,3436.64,3252.86,3371.5,3903.24,3111.01
"4165","TRINITY_DN92747_c0_g1",1.64431798150455,-1.38729408142,3.42401687048477,0.00523862911990025,0.0312667921058372,-1.9452049617034,8.6,7.63,8.73,1.06,15.05,20.59,15.76,15.66,23.52,10.84
"4166","TRINITY_DN9280_c1_g1",1.05356202294818,2.99910636063387,6.19523537189324,5.22846569548292e-05,0.00162006582529713,2.09629038557073,134.53,117.45,207.31,157.65,154.6,340.57,201.99,316.39,456.61,288.3
"4167","TRINITY_DN9281_c1_g1",-1.14064495523247,3.94090941724097,-3.81908980552751,0.00256681703052499,0.0192727422842745,-2.03318726688052,827.49,562.79,495.33,449.89,872.04,284.5,115.2,453.6,269.2,421.46
"4168","TRINITY_DN9286_c2_g1",-1.59784351974705,-1.5530328144871,-3.41124737394775,0.00536185833995769,0.0317860312772359,-1.97380178257541,15,31,13,11,21,5,2,4,4,5.03
"4169","TRINITY_DN9287_c0_g1",-2.21699578582319,2.05046115680095,-3.04933111335904,0.0103960974923272,0.0493803282425261,-3.04124119439297,211.61,353.14,603.18,45.37,340.24,44.77,77.29,31.51,34.18,96.3
"4170","TRINITY_DN9290_c0_g1",-1.25463866868056,4.07192376281476,-5.14400344425317,0.000266269254666114,0.00439757658909028,0.273701262804299,656.78,681.25,1115.52,422.58,876.76,311.38,166,317.67,515.23,254
"4171","TRINITY_DN9295_c0_g1",1.29396197921642,0.718033124638067,5.42089027052617,0.000170832205884969,0.00333994770319531,1.14780104859298,54.99,26,31,18,28,60,50,81.99,81,72
"4172","TRINITY_DN9296_c0_g1",1.06450868797544,2.74156383371484,8.66345821452021,2.01302854542532e-06,0.000241168800912398,5.41578267933069,141.91,118.5,129.12,96.4,149.03,274.08,202.74,241.61,333.72,275.77
"4173","TRINITY_DN9304_c0_g2",-1.24076220801901,2.6001653513552,-7.21879755163577,1.23824472667455e-05,0.000678925090005597,3.60822395278931,307.58,217.1,223.29,244.06,268.92,116.76,80.33,106.75,93.84,140.24
"4174","TRINITY_DN9308_c1_g1",-1.90704823508386,-1.01194118408554,-4.8218972060985,0.000452292638328453,0.00612874489423546,0.139766363417913,34,30,30.99,26,19.79,9,3,2,11,6
"4175","TRINITY_DN931_c0_g2",-1.14835176813227,4.55914848537256,-4.49959890452181,0.000779490745171393,0.00878154124287846,-0.906653788093513,1140.36,848.89,1277.58,517.36,1276.2,493.63,232.21,452.7,784.91,339.07
"4176","TRINITY_DN931_c15_g1",1.12017583577808,2.44903166973459,4.75103466225291,0.000509183779697447,0.00662579408860901,-0.138589600182355,134.75,138.5,114.66,81.91,62.02,324.54,155.79,209.23,259.45,172.93
"4177","TRINITY_DN931_c7_g1",-1.08891271296938,4.23581678311885,-4.65433231695566,0.000599195928810293,0.00738017793567043,-0.591406523920184,804.41,645.15,1118.81,450.61,918.02,338.1,203.45,348.64,644.26,329.75
"4178","TRINITY_DN93228_c0_g1",-1.65220793734985,-1.80206776006251,-3.27302477487998,0.00690030337460023,0.0376859524899971,-2.20256058549048,19,21,12,14,11,1,2,8,4,3
"4179","TRINITY_DN9331_c0_g1",-1.40832105439303,2.5122906386656,-6.33351542785674,4.26920667204001e-05,0.00142984248829389,2.37196761517872,320.25,269.41,228.46,160.7,311.7,93.77,51.41,92.38,122.58,125
"4180","TRINITY_DN9331_c1_g1",-1.22340805526384,0.842289212073565,-4.09542264834717,0.00157192448405223,0.0140000891783339,-1.02064544423067,60,74,60,110,85,27,27,18,37,46
"4181","TRINITY_DN9349_c0_g1",1.12497655588424,0.397598053757396,3.85397747906595,0.00241167428403406,0.0184803291043811,-1.3841079457954,16.51,21.47,34.12,36.71,25.21,37.02,43.34,47.5,82.45,49.09
"4182","TRINITY_DN93658_c0_g1",1.50994150577752,-1.29833433861924,3.29875295900262,0.00658331541966066,0.036472169441189,-2.1369316085842,7.04,11.94,3.75,7.13,8.16,18.14,14.01,7.68,26.24,22.41
"4183","TRINITY_DN93714_c0_g1",-2.46222886454183,-2.31225037557885,-3.86741090743568,0.00235454435690439,0.0182417378637644,-1.55202978882081,10,15,15,13,18,2,1,2,5,0
"4184","TRINITY_DN9391_c0_g1",-1.34081850652215,1.52422909715808,-5.59676949187871,0.000129590791693511,0.00279629946670045,1.36270910828222,160.13,113.23,124.99,130.27,107.38,51.8,26.32,32.02,101.38,45.01
"4185","TRINITY_DN9405_c1_g2",1.32205499778306,-0.511891225212582,4.9228598293723,0.000382493373422552,0.0055395735987601,0.400523924449089,13.52,13.65,12.99,12.27,12.78,32.11,14.44,25,42.89,30.64
"4186","TRINITY_DN9405_c2_g1",1.0320997139807,1.36455899050158,3.48545997330443,0.00468482235536571,0.0289954679939345,-2.17564804406809,38.95,62.11,55.33,41.1,58.74,144.16,80.38,49.23,125.6,122.47
"4187","TRINITY_DN9424_c0_g1",-1.12370333495564,6.02843489852775,-7.64158885339277,7.0987888597107e-06,0.000498932414121099,3.83437538582513,2967.44,2016.55,2734.21,2860.25,2731.02,851.54,1366,1185.07,1529.59,1135.46
"4188","TRINITY_DN9424_c0_g2",-1.05591487974076,2.88137815401595,-5.37993119435795,0.000182300088776769,0.00347911723812535,0.839563420471387,360.97,277,250,279.16,275.77,85.43,166,154,195,114
"4189","TRINITY_DN9439_c2_g1",-3.43104711073499,-2.11471261606132,-5.11141990472267,0.000280744872389785,0.00454969231916272,-0.117256652502522,38,22,20,11,25,1,0,1,6,1
"4190","TRINITY_DN9442_c0_g1",2.10917252180035,1.31760652519568,3.60031661206245,0.00380444716074927,0.0252012770089287,-1.93491881915931,59.63,25.47,37.53,34.08,25.75,272.44,66.4,112.82,418.7,50.15
"4191","TRINITY_DN94507_c0_g1",-2.61742375465052,-2.09710352479035,-3.65908863365444,0.00342140182435,0.0234387448154134,-1.7871250766589,11.86,18.06,20.75,18.52,16.06,0,1,4,1.03,7.34
"4192","TRINITY_DN9451_c1_g2",-1.27388065921102,1.35726835923516,-4.89309211499249,0.000401812591920831,0.00571970392231508,0.258208676309068,140,148,100,59,117,42,46,36,43,48
"4193","TRINITY_DN9453_c1_g1",-1.32196522062551,3.06161824441848,-9.10429879242441,1.20908108368809e-06,0.000192853751386741,5.91223704336901,299.51,346.38,352.89,362.95,435.29,184.11,132.19,141.51,155.74,106.26
"4194","TRINITY_DN9454_c0_g1",-1.12666279152786,0.671648360527019,-3.18806411649758,0.00806114000887603,0.0417972799068423,-2.58342075338797,70.69,38.52,108.37,52.66,73.4,53,13.9,37.19,19.09,27.91
"4195","TRINITY_DN9460_c0_g2",-2.10475778855222,2.89893590538784,-4.83333224442314,0.000443755902034096,0.00605983612039582,-0.034205586151824,452.19,303.18,340.2,520.71,560.37,99.09,54.05,27.02,296.17,160.09
"4196","TRINITY_DN9466_c0_g1",1.78166842420427,-1.06826394577464,3.60042239967384,0.00380371957969534,0.0252001876272965,-1.66487065215206,7,6,16,8.44,5.99,30,11.51,11.95,38.79,29.71
"4197","TRINITY_DN9466_c1_g1",1.17460037620629,3.39148992934733,11.7942762117263,7.78156964085465e-08,5.01070151848456e-05,8.62132530788162,200.74,172.04,215.05,181.9,175.8,404.84,350.67,426.53,565.96,411.28
"4198","TRINITY_DN94683_c0_g1",1.74757062241016,-2.08863796124142,3.22995135960598,0.00746601004221964,0.0397458894202181,-2.30464852380816,8.57,10.23,2.44,1,3.48,10.99,5.18,10.84,14.04,10.46
"4199","TRINITY_DN94750_c0_g1",-1.24007840817793,-1.37835058928752,-3.59291442727456,0.00385571308398003,0.0254567246550055,-1.68169186377702,18.31,16.3,18.15,12.06,22.1,7.05,4,6.04,9.1,2
"4200","TRINITY_DN948_c0_g2",1.07233838045633,0.429747649745788,3.52963236035349,0.00432390634358028,0.0274905423651286,-1.9507948261294,16.42,41.18,23.68,21.76,37.2,60.18,29.64,63.77,49.44,58.07
"4201","TRINITY_DN9480_c0_g2",1.19615967112232,-0.597662962372831,3.71329421299383,0.00310319490663122,0.021920243398257,-1.51105958212063,8.27,13.38,15.4,14.44,14.45,23,16.54,26.41,25.97,35.63
"4202","TRINITY_DN9480_c0_g3",-1.063304001915,1.37068348983184,-3.54522340643226,0.00420341035993091,0.0270498099164567,-2.06663787448756,151.85,90.85,118.84,56.89,122.24,63.29,25.38,39.84,102.91,29.42
"4203","TRINITY_DN94818_c0_g1",-2.92066096839223,-2.0023069531138,-4.80014099299897,0.000469013806031523,0.00626897980794706,-0.438446745303897,22.67,19.44,19.8,12.61,27.01,2.31,3.28,0,3.12,1.06
"4204","TRINITY_DN94856_c0_g1",-5.30064126874697,-3.04645414181771,-7.61287905330408,7.36712464061748e-06,0.000509783758493428,1.88476856237793,33.62,21.12,31.91,19.16,11.28,0,0,0,0,0
"4205","TRINITY_DN94924_c0_g1",-1.49843282934871,0.266301480383058,-5.24304560140947,0.000226900261853881,0.00397942834359852,0.893833447759845,74.72,47.06,50.63,44.43,71.23,10.14,17.48,17.35,39.6,12.12
"4206","TRINITY_DN95_c0_g1",-1.18350247213881,7.14842485995095,-4.28651619459053,0.00112545017058597,0.0112464376682604,-1.54297062106919,6512.82,4110.46,6209.73,5590.5,6738.78,3355.64,942.75,2655.65,3376.72,3601.11
"4207","TRINITY_DN9510_c0_g1",-1.61606706124675,2.80876801952275,-6.92148273779403,1.855388912518e-05,0.000871472006396947,3.18762673244234,223.53,352.71,359.05,383.69,384.01,173.48,71.66,86.06,143.16,85.6
"4208","TRINITY_DN95466_c0_g1",1.14087846285624,-0.0398553537619694,3.35134572877433,0.00598051660310505,0.0342226489804826,-2.19457235514116,19,19,23,29,11,23,42,48,46,31
"4209","TRINITY_DN95476_c0_g1",-1.53753760552982,-0.00126034809040723,-3.99786159792774,0.00186731135320971,0.0156374028964479,-1.08417922048491,45,62,36,31,78,28,5,9,17,21
"4210","TRINITY_DN95479_c0_g1",-1.92986366696996,-0.961130240736913,-3.34981312940318,0.00599726413645448,0.0342932289367005,-2.06145510502806,51,32,43,10,23,3,8,11,5,5
"4211","TRINITY_DN95480_c0_g1",-1.92180808676131,0.0401689661860078,-5.71665621160646,0.000107613255367964,0.00250457534134315,1.580901804482,69.8,37,43,59,74.71,9,12,13,11.41,22
"4212","TRINITY_DN955_c0_g1",1.1512060316657,5.39310991635808,10.3541844601485,3.14330061921536e-07,9.39380571317266e-05,7.12665905924085,621.03,665.89,995.71,733.22,898.93,1758.74,1562.93,1603.56,1989.42,1530.66
"4213","TRINITY_DN95524_c0_g1",2.36277296291192,-2.06246025849307,3.81933943916121,0.00256567114019434,0.0192721885477272,-1.57117362245782,2,3,9,8,2,15,13,13,13,11
"4214","TRINITY_DN95543_c0_g1",1.1825046555993,-1.28603992739056,3.1042676320692,0.00939942299418751,0.046270614180184,-2.44868703934871,9,14,5,6,10,18,6,19,23,12
"4215","TRINITY_DN95585_c0_g1",2.62431978270606,-1.13018281043986,3.96830190589808,0.00196772710092,0.0162252989182643,-1.14438727217888,10,5,5,4,6,14,17,27,81,33
"4216","TRINITY_DN95624_c0_g1",2.05935318477776,-0.857358285921844,3.75800712166938,0.00286367118147196,0.0207871265489713,-1.41627455096172,3,14.24,8.5,15.34,8.17,48,26,23.39,41.81,12.69
"4217","TRINITY_DN95651_c0_g1",1.24676956849923,1.41770997838593,6.62138791102398,2.82280542998211e-05,0.00111418875284584,2.86552693855058,55,49,55,44.01,41,153,92,125,120,75
"4218","TRINITY_DN9566_c0_g1",1.24487763873614,1.25519508015614,4.53014196317765,0.000739864898096519,0.00849524840033096,-0.334845147212289,56,33.34,62.83,50,27.12,146.83,94.97,88.11,118.49,60.59
"4219","TRINITY_DN95665_c0_g1",1.40562100635649,-0.46117050606924,4.91590942481626,0.000386915133025377,0.00557776875917317,0.391759420823639,18,11,9,16,14,36,23,25,50,21
"4220","TRINITY_DN95672_c0_g1",1.62846543538988,1.13478847619169,4.6602456529521,0.000593239759264616,0.007326088813825,-0.0948702880426868,30,28,41,51,31,66,173,107,93,107
"4221","TRINITY_DN95690_c0_g1",1.39954148146715,1.16498966951754,5.21629842343348,0.000236886993750845,0.00409943381390461,0.79971955345835,28.98,21.38,65.73,38.88,56.79,106.77,68.7,100.23,120.96,95.2
"4222","TRINITY_DN957_c2_g1",-1.28697788933561,-1.30280386968153,-3.26859351101257,0.00695644107407079,0.0378773047294263,-2.18537041077152,20,19,21,18,13,4,9,4,5,9
"4223","TRINITY_DN95705_c0_g1",-1.11671982623879,-0.24580849139679,-3.12128878641516,0.0091105649919619,0.045303779528049,-2.55653069140806,32,28,43,21,60,27,11,12,10,15
"4224","TRINITY_DN9572_c0_g1",1.08667358832048,2.72581530391086,6.31170436174688,4.40713969118973e-05,0.00145925550239466,2.30642887876062,127.93,138.94,132.13,149,85.25,290.64,235.86,295.7,297.97,195.52
"4225","TRINITY_DN95732_c0_g1",-3.29740496756532,-2.46451640244902,-4.51490481713988,0.000759363296246377,0.0086376950251462,-0.776776294402881,16,10,14,29,20,0,2,1,1,1
"4226","TRINITY_DN9578_c0_g1",1.72780758795268,1.39367768126453,4.14584310563351,0.00143868105875172,0.013224827018179,-1.00008666663036,20.03,61.92,53.6,23.99,71.62,183.84,111.58,64.23,230.2,107.1
"4227","TRINITY_DN958_c2_g3",1.78406977072302,-0.184340341905121,4.78802786397211,0.000478603451290856,0.00636316800761695,0.201475876662407,6.95,11.55,16.62,20.63,20.37,38.82,49.55,29.61,48.63,46.3
"4228","TRINITY_DN958_c9_g1",1.38551863554058,-0.310178744875703,3.87989081570478,0.00230272011514597,0.0179571975987685,-1.25824725267952,10.94,21,20.59,19.59,8.51,31.22,20.96,41,54.55,23.75
"4229","TRINITY_DN95806_c0_g1",-1.3358532720932,2.05396904443812,-4.06461232612709,0.00165958523726296,0.0144814352862045,-1.2549550277003,158,195,208,153,187,132,34,28,102,111
"4230","TRINITY_DN9586_c0_g2",1.31007036254836,1.62423751032529,5.84573758406561,8.82973850661467e-05,0.00221442066105882,1.73075242681889,43.4,50.6,46.37,88.08,57.48,132.36,85.44,137.39,178.43,127.81
"4231","TRINITY_DN95882_c0_g1",-1.71130739106565,-0.652603723627645,-5.05821808097176,0.000306189047002253,0.00480693224973545,0.562249446498168,43,25,48,26,30,12,3,8,15,5
"4232","TRINITY_DN959_c0_g2",-1.30883910663929,1.02607262946666,-4.50154589395981,0.000776899796823871,0.00876142584471225,-0.351412099349572,126.07,76.26,77.95,97.38,74.38,47.3,30.68,42.32,46.96,12.01
"4233","TRINITY_DN95903_c0_g1",-3.31386621225697,-1.53918384911814,-4.12904693684363,0.00148171506237342,0.0134652835491197,-1.15116573437582,32,41,36,26,26,0,7,5,13,0
"4234","TRINITY_DN95907_c0_g1",1.15351853513907,-0.604593895305216,3.29929128192756,0.00657684299525351,0.0364510485853113,-2.20053179446263,21,7,13,16,12,39,23,24,20,21
"4235","TRINITY_DN95908_c0_g1",-1.23090794685886,0.156311320497892,-3.93018627428403,0.00210550768905737,0.016930909035411,-1.22269480518514,56.58,39.96,48.9,69.75,32.66,24.3,17.27,18.27,13.4,17.25
"4236","TRINITY_DN95929_c0_g1",-1.59916111395215,-1.26613882211943,-4.05118957378845,0.00169934497355969,0.0147203491729392,-0.987600293126909,26,16,23,18,21,4,2,7,4,13
"4237","TRINITY_DN95937_c0_g1",1.47930719743889,-0.818225092986355,3.86529822760034,0.00236343587218311,0.0182728700105062,-1.24736228848677,12,5.22,12.98,18,8,26,25,16,37,18
"4238","TRINITY_DN95938_c0_g1",2.03310874116133,-1.26801765049558,5.10022391708467,0.000285908190396348,0.00459811720397627,0.419580818312546,7,7,5,4,9,20,18,27,17,24
"4239","TRINITY_DN9594_c1_g1",-2.09738152603398,-0.509646390421499,-4.66358034955242,0.000589908269584934,0.00730715114802873,-0.0113764130626937,41,26,80,28,51,10,5,8,16,3
"4240","TRINITY_DN95978_c0_g1",-1.81481631434992,-1.41011740132005,-4.30814267166493,0.00108398689398033,0.0109792450673363,-0.669993533955512,20,17,26,20,22,3,2,2,14,4
"4241","TRINITY_DN96006_c0_g1",-1.57063238867212,0.852977375119922,-4.51353264250498,0.000761145367220657,0.00865011652078954,-0.308092331709913,102,65,144,40,116,25,15,24,46,29
"4242","TRINITY_DN96008_c0_g1",1.78275605636943,-1.1308357397548,4.80388651027863,0.000466089539964903,0.00624872471487085,0.104496185680345,10,6,10,4,10,14,18,28,28,21
"4243","TRINITY_DN96016_c0_g1",-3.4579598794252,-3.0311663965435,-5.85615687381822,8.69074176061666e-05,0.00218991765920755,0.477387803703937,12,12,13,12,11,0,0,2,2,0
"4244","TRINITY_DN96019_c0_g1",-1.46466569569918,-0.886915332473195,-3.60203311556767,0.00379265906049468,0.0251507389704386,-1.66574562608644,42,25,25,13,33,4,3,10,17,7
"4245","TRINITY_DN96114_c0_g1",-1.16869241376365,0.26878944757967,-4.26489110796247,0.00116856340924769,0.0115296676558841,-0.671723966031585,66.73,51.77,53.06,48.33,36.48,33,14.58,26,16,15
"4246","TRINITY_DN96129_c0_g1",3.22001721461739,-2.38198937894406,5.89543344976801,8.1872813619662e-05,0.00211852721483684,0.584162232000669,3,1,1,3,4,11,13,14,22,12
"4247","TRINITY_DN96147_c0_g1",-1.49240553665116,1.23263044451479,-6.15071440174046,5.58414725975771e-05,0.00168468911882555,2.21033801250596,158.87,99.38,114.74,68.43,116.59,28.14,25.94,45.82,62.64,26.33
"4248","TRINITY_DN9616_c0_g1",-2.28872399004013,0.775437911482584,-3.34901827308955,0.00600596871339319,0.034321922817477,-2.28074365537808,394,73,62,43,147,35,8,12,31,22
"4249","TRINITY_DN9617_c0_g1",1.25805123101775,0.0940007391137894,4.91696717806352,0.000386238754259795,0.00557583719995269,0.393850777611331,24,28,12,19,20,49,45,38,43,38
"4250","TRINITY_DN96236_c0_g1",-1.16469821359626,0.135498375543928,-3.93722204995944,0.00207934415945522,0.0168049937855764,-1.20994809113699,64.81,37.26,57.57,23.85,58.14,22.47,14.86,12.51,19.84,23.47
"4251","TRINITY_DN96249_c0_g1",1.30198951662322,-0.307989982378711,3.37944578354574,0.00568173845902691,0.0330801784476776,-2.10360094170561,12.2,25.96,6.14,11.34,31.41,32.5,25.84,24.61,53.19,28.95
"4252","TRINITY_DN96275_c0_g1",1.20714377366792,0.095194460873927,4.32608359059666,0.00105079733246569,0.0107250736930271,-0.556412411636671,15,20,19,29,21,34,34,49,42,53
"4253","TRINITY_DN9629_c0_g1",-1.33649635135812,0.0829389525527014,-3.25771178256863,0.00709626787199511,0.038435879887043,-2.36511852768283,84,54,34,27,54,51,9,13,17,10
"4254","TRINITY_DN96379_c0_g1",1.01545323229042,-0.48739908692746,3.1890313138446,0.00804687151823408,0.0417487252278712,-2.40899488214096,11,12,20,14,18,41,29,18,25,20
"4255","TRINITY_DN96389_c0_g1",1.19199577614336,1.16015314204993,5.70519562964806,0.000109532531911222,0.00252654111246109,1.55354164125139,36.89,46.63,51.19,36.69,39.56,74.33,86.2,79.54,150.89,72.68
"4256","TRINITY_DN964_c0_g2",-1.46415581759379,4.49928251228235,-16.5297847963213,1.86972936326754e-09,5.64980276652694e-06,12.2764309388076,1145,971,1082,942,994,391,305,338,425,401
"4257","TRINITY_DN96407_c0_g1",-1.79773904023085,-0.729311923553583,-3.74492273133582,0.00293172827843027,0.0211092974307785,-1.43859961326784,43,27,29,16,57,2,5,9,15,11
"4258","TRINITY_DN96420_c0_g1",-1.31295576527262,-1.37044499919502,-3.59695962190716,0.00382760988635895,0.0253269500400182,-1.6753007381426,17,22,17,10,25,5,5,6,6,4
"4259","TRINITY_DN96421_c0_g1",1.09436391868328,-0.207228698522222,4.38676268331191,0.00094617479373018,0.0100103857626489,-0.437583476267076,20.2,15.93,18,16.86,15.38,41.4,26.86,34.09,26.29,34.48
"4260","TRINITY_DN96431_c0_g1",-3.10989167109778,-2.33549368752236,-4.08290215649321,0.00160695395315276,0.014186184240716,-1.27484084036939,13,11,28,18,19,0,0,5,3,2
"4261","TRINITY_DN96471_c0_g1",-1.15093408587609,0.143580259021057,-4.57833924910976,0.000681560826671329,0.00805361175830551,-0.146845118586945,63,36,48,37,53,26,9,16,33,14
"4262","TRINITY_DN96500_c0_g1",1.60917880460572,1.28352404705299,6.12220011962077,5.82539210689645e-05,0.00172455133722242,2.16722765986536,48.72,33.99,48.39,19.81,54.53,143.04,86.02,113.09,99.49,144.03
"4263","TRINITY_DN96508_c0_g1",1.28047623061585,-0.60679766373292,3.2388944846826,0.00734481480124762,0.0393121321855082,-2.29919831344437,6,24,20,12,10,27,15,29,38,22
"4264","TRINITY_DN96549_c0_g1",-1.85962848332002,-1.85583152854753,-3.58676182549723,0.00389886272947244,0.0256579604015409,-1.7846787675657,18,14,12,20,16,1,2,4,10,1
"4265","TRINITY_DN96573_c0_g1",-1.50735068985513,-0.199420302100197,-4.92300354534041,0.00038240250533197,0.0055395735987601,0.408817521203321,34.11,34.43,50.08,44.24,45.3,14.17,16.14,17.12,12.07,5.02
"4266","TRINITY_DN96665_c0_g1",2.14580650186475,0.550552550441539,4.43493469156476,0.000870873807567058,0.00948302247595192,-0.399659850652307,23.38,4.38,24,32.25,45.85,80.27,53.22,69.14,132.5,88.74
"4267","TRINITY_DN96696_c0_g1",-1.07087097656157,-0.0640898733229635,-3.57613179740668,0.00397458207303287,0.0260054099501642,-1.80242137227619,41,36,34,35,54,31,5,16,23,14
"4268","TRINITY_DN96713_c0_g1",-3.09191934310456,-1.49145028893238,-6.22265494981555,5.02145337026443e-05,0.00158239785783345,1.15746802258845,37,27,41,25,22,3,1,2,3,2
"4269","TRINITY_DN96776_c0_g1",4.2619859892594,-2.38961364575771,6.35252859788162,4.15271222663806e-05,0.00140466524079024,1.00951823067321,0,1,1,5,2,17,26,23,30,12
"4270","TRINITY_DN96782_c0_g1",-1.17537613124561,-0.635998108236082,-3.38444840709083,0.00563016042537272,0.0328714100146466,-2.05001507827948,26,33,29,35,19,6,7,17,13,9
"4271","TRINITY_DN96804_c0_g1",1.04457465418721,-1.3971923012414,3.10810766006716,0.00933346051640072,0.0460709911015112,-2.43718299384311,9,7,10,10,6,12,9,16,19,10
"4272","TRINITY_DN9681_c3_g1",-1.27395505379398,3.57962563695645,-5.81983271544409,9.18563299903479e-05,0.00226894608358946,1.44463092258512,492,506,685,397,503,278,125,145,409,175
"4273","TRINITY_DN96829_c0_g1",-1.92839980227932,-1.27149422199406,-3.52095850516232,0.00439246518426223,0.0277899934671638,-1.79611558491552,41.34,14.96,26.82,10.23,33.02,2,3.02,6.04,4.55,8.04
"4274","TRINITY_DN96863_c0_g1",1.0963020218784,0.154539548413475,4.28384478677231,0.00113068525713909,0.0112757028024793,-0.632096585936683,20,17,29,24,21,43,39,51,35,45
"4275","TRINITY_DN96930_c0_g1",1.71799359788726,-1.44165306755618,3.57737453767648,0.00396565269203225,0.0259719583642031,-1.7191731008227,11,4.38,12,3.47,4.68,16.54,17.64,18.47,12.06,19.46
"4276","TRINITY_DN9699_c0_g1",-1.34470113254835,3.76396097943861,-5.68367866977137,0.000113234518418221,0.00257716192716122,1.20397879048222,526.06,541.51,1046.89,437.75,554.24,278.47,144.24,188.35,395.28,208.82
"4277","TRINITY_DN97001_c0_g1",-1.35939263027485,-0.602763978708577,-4.95087173397341,0.000365203647595805,0.00537149583460882,0.430860936259843,38.24,34,26.4,20,34.46,13,9,7,14,6
"4278","TRINITY_DN9703_c0_g1",-1.10525606548453,5.08034469055797,-6.54788980498935,3.13397948147695e-05,0.00118457455161232,2.36517193260586,1457.23,1064.64,2087.17,965.63,1477.47,691.98,447.15,654.98,867.96,522.95
"4279","TRINITY_DN9710_c0_g2",-2.21358473677874,0.318085435683326,-4.40308208404692,0.000919932065844378,0.00983678075191334,-0.423665499782485,149,72,74,70.68,46,35,5,9,40,5
"4280","TRINITY_DN9710_c0_g4",-1.78528711349547,1.36490313796611,-3.74452233693836,0.00293383692277405,0.0211216841914763,-1.69212783729156,242.32,190.82,54.28,151.2,100.96,34.58,46.14,33.05,49.22,20.08
"4281","TRINITY_DN97130_c0_g1",-3.07888662196122,-0.406892796299539,-6.10156570091778,6.0068626539647e-05,0.00176061445367139,1.85032036088554,44,69,109,47,50,4,8,9,5,4
"4282","TRINITY_DN97168_c0_g1",-1.32591510736969,-0.868618214406998,-3.90089717968722,0.00221813047320787,0.0175078123012987,-1.19026766365394,22,25,33,16,33,11,4,13,10,4
"4283","TRINITY_DN97172_c0_g1",-1.76892721292479,-1.78407136748189,-3.54297641056573,0.00422056238559136,0.0271081343074055,-1.82448131597952,15,16,18,21,12,3,2,3,9,1
"4284","TRINITY_DN97197_c0_g1",-2.96877545770905,-2.51444648461999,-4.23062374884634,0.00124043226293669,0.0119922415949857,-1.11651182197088,16.01,13.17,17.71,13,12,2,6,1,0,0
"4285","TRINITY_DN97214_c0_g1",-2.26890991120961,-0.274995296989729,-7.22154244906783,1.23369380954234e-05,0.000677796363584016,3.34519792377219,41,39,65,55,58,10,7,12,9,6
"4286","TRINITY_DN97225_c0_g1",-1.53887389542297,-0.944931731410604,-4.65095097218203,0.000602629867208212,0.00740570291624985,-0.0583403714104449,39,28,22,18,23,5,9,6,10,5
"4287","TRINITY_DN97265_c0_g1",-1.05677856152927,0.0134596513593665,-3.94554879502814,0.00204881341639325,0.0166522729424754,-1.18467032853559,48,44,46,21,53,18,18,21,18,12
"4288","TRINITY_DN97300_c0_g1",-1.59452824613276,0.659626404490375,-7.06115586733496,1.53223952307694e-05,0.000771667036108129,3.43296954237016,104.78,76.5,93.48,51.16,62.18,23.25,19.49,19,30.68,21.89
"4289","TRINITY_DN97358_c0_g1",-4.61629195259461,-2.62804630386974,-8.04566312622406,4.25378971230384e-06,0.000375597201691426,2.14539366961707,22,20,31,18,26,0,0,2,1,0
"4290","TRINITY_DN97359_c0_g1",-1.30997720796073,-1.27252768805943,-3.46731945927193,0.00484181768491666,0.0296395892921445,-1.87362945357328,16,13,21,24,22,5,7,4,7,6
"4291","TRINITY_DN9736_c1_g1",1.28881223472233,2.23637802927689,3.7005528704563,0.00317515045784324,0.0222592145981041,-1.93955110545361,123.49,27.19,85.11,117.02,114.18,213.15,231.6,139.92,225,208.05
"4292","TRINITY_DN9739_c0_g1",-1.59668551705302,1.537983933799,-7.19845793132824,1.27253107204289e-05,0.000690585682094481,3.63892129757046,132.04,133.28,167.83,141.64,114.39,61.01,26.48,47.54,35.87,54
"4293","TRINITY_DN97485_c0_g1",1.07253700581486,-1.24753614033137,3.05177040933495,0.0103496686840679,0.0492371931597249,-2.5359554891428,14.69,10.48,7.16,3.06,12,15.75,12.27,12.36,19.13,15.18
"4294","TRINITY_DN975_c0_g1",-1.38790877363634,-0.775711334283497,-4.36404882950109,0.000984005868216289,0.0102570071249813,-0.465224687000455,43,25,32,16,25,11,6,6,12,7
"4295","TRINITY_DN97506_c0_g1",-4.52080363205382,-1.47423117071123,-4.52563653145782,0.000745575260141271,0.00854278154083503,-0.708765343672042,69.02,36.54,73.3,18.63,68.58,2,0,4,8,0
"4296","TRINITY_DN97533_c0_g1",-1.38674592410972,1.39083294999891,-5.17866968866932,0.000251728114684906,0.00425543469489643,0.71980474079217,187.72,94.58,99.45,99.84,120.44,39.97,35.77,46.16,82.6,21.55
"4297","TRINITY_DN97537_c0_g1",-1.08280767071087,-0.00723716947204427,-3.27541300500214,0.00687023852328704,0.0375670195556555,-2.32965844415077,56.35,34.98,51.92,18.48,52.09,13.53,22.4,16.37,14.44,19.26
"4298","TRINITY_DN9756_c0_g1",-1.29405596819245,3.8039410358378,-3.16799334894305,0.008363066434305,0.0427715605480285,-3.19363173574887,239.71,629.12,1233.03,521.97,783.09,300.69,239.31,305.14,300.31,119.44
"4299","TRINITY_DN97569_c0_g1",2.95848825102217,-0.0915027449195152,5.56344769810883,0.000136509454260257,0.0028888841383227,1.29750483449297,4,13,14,11,13,78,32,96,59,102
"4300","TRINITY_DN97607_c0_g1",-1.84885587728484,-1.21019608162818,-3.5729218222934,0.00399774183739386,0.0261096513301741,-1.71522576798993,35.34,28.36,14.06,17.09,32,11,2.01,2,14.09,2
"4301","TRINITY_DN97615_c0_g1",1.13421638348993,-0.730460846864232,3.26649193189113,0.0069832265663399,0.0379786697500044,-2.24143451727678,7,13,18,14,12,20,19,23,39,14
"4302","TRINITY_DN97628_c0_g1",-1.02177739942338,0.593952364473079,-3.31363611099069,0.0064067278025993,0.0357770361305111,-2.35173030363822,97,56,59,32,73,29,23,20,58,16
"4303","TRINITY_DN9763_c0_g1",-1.07737320790999,1.22191615611555,-4.6584672087864,0.000595024540809246,0.00733877092951377,-0.116669115041309,150.16,88.35,105.16,58.6,82.41,55.28,32.82,36.87,53.45,33.19
"4304","TRINITY_DN9764_c3_g1",1.18684479643736,1.71098654518834,4.56208853727311,0.000700663070358169,0.00819917492681824,-0.345200112471316,51.82,80.2,61.73,80.77,40.43,182.43,109.7,87.98,177.87,123.89
"4305","TRINITY_DN97683_c0_g1",-1.80248693629033,-1.65588366802258,-3.65541101813567,0.00344416820528962,0.0235489318483856,-1.63820896248127,29,12,18,20,12,4,3,2,5,3
"4306","TRINITY_DN97752_c0_g1",1.41401024637166,-1.34691933362555,3.52994521355664,0.00432145405977947,0.0274843144031583,-1.77768176114247,9,9,4,13,5,14,16,16,15,16
"4307","TRINITY_DN97764_c0_g1",2.14996197353862,-0.000186737056108144,7.79648284028942,5.82060982592651e-06,0.00044415635858362,4.13064471214665,15,13,16.44,11,14,60.74,30.73,62,60.5,70.61
"4308","TRINITY_DN97791_c0_g1",-1.59533440553595,-0.176500089439446,-5.56723479742159,0.000135703815712161,0.00288435570160226,1.35679841999088,70.14,46.07,35.96,33.9,38.04,12.34,7.19,17.76,16.44,8.25
"4309","TRINITY_DN97830_c0_g1",-1.46363425170929,0.590949238586959,-4.52313789157871,0.000748761966010387,0.00856305973365664,-0.26878338682735,90.08,49.06,49,64,108.24,13,27.04,28,23.04,26
"4310","TRINITY_DN97868_c0_g1",-2.09138491622961,-1.59107743758295,-4.51734330315446,0.000756207131336684,0.00861920831528365,-0.473882073594409,19.67,27.07,25.73,10.32,19.74,2.11,2.1,3.11,4.09,3.12
"4311","TRINITY_DN9787_c0_g1",1.20102111470796,2.41443931606631,3.38169688271491,0.00565846997179087,0.032990657116055,-2.55198223950694,53,146.31,83.19,73.05,187.62,234.03,150.18,198.76,456.66,146.48
"4312","TRINITY_DN97904_c0_g1",1.26080757201549,-1.2659351904922,3.69804963604221,0.00318948747755412,0.0223308602184532,-1.51383878471513,10,6,10,8,8,23,15,13,15,14
"4313","TRINITY_DN97923_c0_g1",-2.66106403694,-1.6873079250091,-4.02991687862301,0.00176438954261957,0.0150893673126697,-1.22748921055728,32.29,24.27,17.44,18.61,21.28,0,3.03,9.16,5.07,1.03
"4314","TRINITY_DN97935_c0_g1",-1.3563833985289,-0.814303474950323,-3.55321405206705,0.00414299051893065,0.0267912730133346,-1.75033438876872,25.49,17.53,44.48,26.12,24.14,4.08,4.77,10.06,15.29,8.24
"4315","TRINITY_DN9795_c2_g1",-5.04070037580517,-0.611273443327429,-4.18068470688015,0.00135349782635319,0.0126884005986171,-1.00569709484361,124.83,49.87,122.43,106.96,109.01,0,0,35.13,0,55.22
"4316","TRINITY_DN9796_c0_g2",-5.28002062296029,-2.75479025561736,-9.03640536875653,1.3062004952453e-06,0.000198626289808506,2.66835380965992,39.53,26.28,25.92,14.03,31.2,0,0,0,1.08,0
"4317","TRINITY_DN9796_c1_g2",-5.58385801085297,-1.44678150415198,-5.7423747916906,0.000103434699439696,0.00244074478838373,0.562769066614497,62.22,118.52,115.52,40.18,49.15,1,1,1,1,0
"4318","TRINITY_DN9796_c1_g3",-1.83601384241749,-0.353464705865981,-5.23303782379963,0.000230583926630046,0.00402833184999996,0.851552784945644,61.02,48.95,53.36,22,35.64,9.88,8,7,18.91,6.97
"4319","TRINITY_DN97999_c0_g1",-2.00183440267834,0.0420550388641409,-9.24031868562688,1.03707422455867e-06,0.000179484917113153,5.56761260601361,66,55,63,47,59,12,9,16,19,7
"4320","TRINITY_DN98_c6_g1",1.51624115503536,0.413035069926503,4.50786822912567,0.000768548219916999,0.00869970993329979,-0.278613733311852,46.43,10.11,21.16,19.32,28.51,78.91,69.4,57.84,63.37,36.24
"4321","TRINITY_DN98066_c0_g1",-1.02640851916426,-0.782306476694371,-3.6183947386553,0.00368215611737183,0.0246736667956106,-1.6535636297066,29,17,24,22,29,8,5,9,13,14
"4322","TRINITY_DN9807_c0_g1",1.78097710982994,2.94046344547901,5.41953470041955,0.000171199293685217,0.00334351913207635,0.912029205531367,70,118,176,85,151,568,283,214,521,464
"4323","TRINITY_DN98140_c0_g1",1.8190404055913,-1.20824760972605,4.22880368139337,0.00124437569158167,0.0120088143559119,-0.727630985571304,4,9,11.04,6.05,7,20,18,14,21,30
"4324","TRINITY_DN982_c0_g1",-2.22702822342348,-0.23385510923861,-5.46861841288521,0.000158423337412956,0.00318198070355543,1.18809171858817,72.47,57.46,28.81,44.03,57.61,6,12,8.43,7.02,15.37
"4325","TRINITY_DN98209_c0_g1",-2.29476862777337,-0.680173093574684,-5.908441020818,8.0274407879673e-05,0.00209386110652921,1.62617960028807,48.56,42.61,38.34,22.98,47.96,2.06,4.11,6.17,12.17,9.26
"4326","TRINITY_DN98251_c0_g1",-4.58189736617371,-1.30158267882256,-6.23025971343644,4.965595195646e-05,0.00157116747112497,0.979132485306452,65,61,47,32,83,2,1,5,0,1
"4327","TRINITY_DN98268_c0_g1",-1.49615603584054,-2.01182627796491,-3.08827132740071,0.00967928667467369,0.0471490311232471,-2.48398414755321,11.28,9.4,12.62,9.71,20.12,6.27,1.04,3.1,2.04,2.17
"4328","TRINITY_DN9831_c1_g1",-1.17557361070933,0.281291720786867,-3.60821073270861,0.00375054293566693,0.0249627729826065,-1.79074854671858,101,47.16,36.23,33,57,19,25,16.78,30,13
"4329","TRINITY_DN98310_c0_g1",1.30193530957863,-0.800767330506653,3.13308419478079,0.00891565051382147,0.0446904262108245,-2.44513021355442,23,5,15,10,9,34,15,15,26,29
"4330","TRINITY_DN98372_c0_g1",1.30822054720399,0.734449756881806,3.34455382913532,0.00605509848743607,0.0345114599004648,-2.31563234381036,27,33.32,22,60,21.01,42.06,97.65,86,57.02,77
"4331","TRINITY_DN9844_c0_g1",-1.12635597129818,2.89780201845069,-6.93462268118712,1.82209301459539e-05,0.000861786618755284,3.18666432666459,284,278.78,279.57,400.65,268,162.68,109.64,122,166.46,122.03
"4332","TRINITY_DN9845_c0_g1",-2.12591053544766,-1.47142845338124,-3.27621671538011,0.00686015068523592,0.0375291521564272,-2.18731305249621,20.27,21.37,37.82,20.27,18.25,10.79,0,4.1,11.23,2.83
"4333","TRINITY_DN9853_c0_g1",-1.35216912017845,4.706926079118,-13.7344488127366,1.47119920942588e-08,1.75453311195194e-05,10.2696976100873,1053.42,1108,1143.44,1149,1240,388,460,441,524,414
"4334","TRINITY_DN9855_c2_g1",1.41558441112297,0.792271519019968,6.91232509397657,1.87897751459209e-05,0.00087724863516033,3.25330996807034,31,23,48,20,35,83,66,72,82,72.99
"4335","TRINITY_DN986_c0_g1",-1.56198664096718,7.4564630589518,-19.3380226740087,3.18283561058683e-10,2.82076474449847e-06,14.0757296557767,9131.71,7804.89,8105.82,6992.72,8792.61,3049.86,2528.98,2724,3306.88,2209
"4336","TRINITY_DN9860_c2_g1",1.58106115271594,-1.39747208055469,3.80650505773705,0.00262527319833451,0.0195864032865591,-1.36611318163972,10.01,12.09,8.4,3,4.05,12.06,14.46,18.01,19.48,16.19
"4337","TRINITY_DN98625_c0_g1",1.49833327337219,-1.35957932165758,3.6403382920064,0.00353911174926572,0.0240139504933024,-1.60971895044508,4,12,6,8,8,23,16,13,19,10
"4338","TRINITY_DN9864_c3_g1",1.06467177912226,0.83452634046432,4.50329709279825,0.000774577078513401,0.00873885539876009,-0.332502435302301,43.96,27.31,34.64,35.94,33.81,74.47,71.92,96.18,61.76,45.89
"4339","TRINITY_DN98691_c0_g1",2.16439206352471,-0.676220164310186,3.07472508368532,0.00992283004902391,0.0479310854877384,-2.52061111989932,3.13,13.65,46.06,3,9.43,39,17,81,29.22,28
"4340","TRINITY_DN9879_c0_g1",1.38234841361949,0.752986238795483,4.67154106570214,0.000582034155440478,0.00724310629093306,-0.041485407436066,28.97,28,24.39,26.95,41.85,107.92,66.17,44,64.99,92.99
"4341","TRINITY_DN9883_c0_g1",-2.5839681068668,2.99303108708692,-17.5873469568876,9.30698250143259e-10,4.21937878058256e-06,12.5311171686882,635.75,524.62,525.2,391.96,610.06,93.7,71.99,101.11,106.08,65.14
"4342","TRINITY_DN9884_c0_g2",1.70376534042033,2.27274905637634,5.91742385503506,7.9189915799377e-05,0.00207676890561423,1.78008210359702,73.63,71.38,49.67,101.6,84.02,339.28,199.23,140.6,262.47,284.86
"4343","TRINITY_DN98863_c0_g1",1.98442728356072,-0.541301577584027,5.4425802145261,0.000165070321555866,0.00327079776311297,1.11217755805828,15.61,6.41,11.24,17.29,6.16,39.09,34.39,42.37,35.21,24.97
"4344","TRINITY_DN9892_c1_g1",1.1389253505942,-1.2389631859476,3.56447547368674,0.00405934370144007,0.0263820962199817,-1.72120657987608,8,11,9,8,8,17,9,12,23,17
"4345","TRINITY_DN9895_c0_g1",-2.46524127393168,-0.666630480848603,-3.5945071278017,0.00384462297659903,0.0254024402721329,-1.67418786071136,90,51,19,56,27,3,5,10,11,3
"4346","TRINITY_DN98954_c0_g1",-1.38737197355442,-1.35499055808248,-3.1058610352628,0.00937199538179925,0.0461648433989715,-2.43781448858051,18,24.01,13,12.01,25.05,3,4,4,5,15
"4347","TRINITY_DN98987_c0_g1",-1.63899695355101,2.35082557627058,-5.43542620493729,0.000166947735766948,0.00329646180631872,1.01912136366807,295.86,290.13,160.91,178.35,331.37,46,68,83.51,80.05,125.92
"4348","TRINITY_DN9899_c0_g2",-2.90060966265311,-1.33804738148098,-3.72260372478912,0.00305168110732654,0.0216788098047622,-1.55452819805358,56,29,14,21,42,6,4,1,1,8
"4349","TRINITY_DN98993_c0_g1",-1.17548722548201,-1.4684829951141,-3.17917791885261,0.00819343439558811,0.042228818592805,-2.32137461381069,17.26,14.22,12.17,13.2,23.29,5.03,2.05,3.09,8.15,8.13
"4350","TRINITY_DN99045_c0_g1",-1.27155847159116,-0.087679282551485,-5.11051604705295,0.00028115804362968,0.00455268447486215,0.695231527517318,50,36,47,38,38,25,10,13,22,8
"4351","TRINITY_DN99085_c0_g1",-1.0271696809756,-0.272194813083642,-4.49523197447577,0.000785334890381952,0.00882909260495344,-0.25976584889075,36.26,32.41,31.6,24.99,43.54,10.87,12,13,19.37,16
"4352","TRINITY_DN9920_c2_g5",2.78717905176071,-1.51323905898457,4.54089259531535,0.000726422960621176,0.00838515943360492,-0.505657886509345,4.68,2.22,1.03,13.49,7.24,34.99,12.92,24.96,33.27,14.24
"4353","TRINITY_DN99228_c0_g1",-2.44618807169319,-0.844890082913431,-3.66807569908886,0.00336641448148429,0.0231892920545101,-1.56069426235483,47,25,19,39,70,3,5,1,10,17
"4354","TRINITY_DN99298_c0_g1",1.58255864605653,0.58631118256762,6.47662914816379,3.47077301969745e-05,0.00126612216843973,2.66679164961024,19,17,39,31,25,67,62,63,86,66
"4355","TRINITY_DN99326_c0_g1",-1.1052133163062,-0.33401625242374,-3.71553706180761,0.00309070305647528,0.0218575516766021,-1.53378184540909,31,35,29,23,51,9,19,12,18,10
"4356","TRINITY_DN99329_c0_g1",1.57962427836559,-1.59767629562455,3.17870928289239,0.00820047181329418,0.0422378657572807,-2.32327658729799,10,8,4,3,7,13,4,17,28,14
"4357","TRINITY_DN99394_c0_g1",-1.81773274295682,-0.979653381983826,-4.2564000827114,0.00118595822060598,0.01163953415879,-0.660543207831335,24,45,26,24,24,8,1,10,8,6
"4358","TRINITY_DN99424_c0_g1",-1.50154995259266,-1.18547593235629,-3.60530328783987,0.00377030454426153,0.0250602561078702,-1.65833082178442,19,17,23,17,35,8,3,2,11,8
"4359","TRINITY_DN99468_c0_g1",-1.79750296024153,0.101581239459449,-4.8520592520997,0.000430138657710582,0.00595070464412836,0.297274702518271,94,56,57,28,64,22,12,9,28,6.23
"4360","TRINITY_DN99485_c0_g1",1.38741686124979,-0.0538613652312781,3.36425468943141,0.00584132598608221,0.0336420543952772,-2.16286351651014,16.81,7.62,37.29,11.02,29.27,55.78,25.64,57.09,55.1,22.35
"4361","TRINITY_DN99502_c0_g1",1.5884244792847,-1.29478592384425,3.08341327707208,0.00976592894324244,0.0474207379009866,-2.47414339474719,8,8,3,10,9,31.77,15,8,32,10.54
"4362","TRINITY_DN99556_c0_g1",-1.71771248145658,-0.707005259278707,-3.39278001242108,0.00554531473335888,0.0325109161126932,-2.01485674733882,27,27.99,30,35,33,19,8,13,2,8
"4363","TRINITY_DN99558_c0_g1",2.37062895777441,-1.9480745915312,3.14312363654523,0.0087530658150645,0.0441271668131591,-2.43100993494137,10,6,2,6,0,33,11,11,14,9
"4364","TRINITY_DN9958_c0_g1",1.26010708417325,-0.241649821606288,3.29100889319126,0.00667714278613182,0.0368280009505714,-2.2657520995951,22,18.3,5,24,20,43.49,33,28,33,29.44
"4365","TRINITY_DN9968_c0_g1",-1.11380270181726,2.82538381527383,-6.90632140036313,1.89461560009535e-05,0.000880441208090176,3.15462516040298,259,279,300,267,309,212,108,98,151,103
"4366","TRINITY_DN9971_c0_g1",-1.41026712181069,0.774222916938781,-5.27179650813771,0.000216658753312373,0.00387258831791432,0.916949517787482,118.13,87.13,54.05,56.03,83.31,21.09,29.1,27.05,38.13,19.04
"4367","TRINITY_DN99726_c0_g1",4.15784973019446,-2.69286176942444,7.60577254866338,7.4352082884283e-06,0.000509972779339097,1.84870325988076,2,0,2,1,1,12,14,14,24,17
"4368","TRINITY_DN9975_c0_g1",-1.76942577669548,2.95814297247097,-7.86433075359758,5.3405054741567e-06,0.000426130163797738,4.43389388595421,323.58,351.24,641.77,371.26,320.5,139.08,128.39,99.22,114.11,89.29
"4369","TRINITY_DN9976_c0_g1",1.06453851570256,1.35280650790338,5.26447785024914,0.000219218638311356,0.00390167570562598,0.853640731505589,83.66,35.37,39.19,44.66,54.61,98.82,96.14,92.07,128.02,81.72
"4370","TRINITY_DN99763_c0_g1",2.79307569292325,-1.38548497444512,4.82535314426731,0.000449694613443348,0.00611636402095452,-0.100552315155073,5.11,9.73,1.37,4.32,4.58,23.31,11.45,44.97,28.79,25.17
"4371","TRINITY_DN99817_c0_g1",-1.1890762284206,-0.784150359606319,-3.66409730957014,0.00339064353187698,0.0233031092847406,-1.57561059681005,33,19,36,18,24,14,10,6,12,5
"4372","TRINITY_DN9982_c1_g1",1.78640274630347,-0.590527146391477,4.65196477411586,0.00060159813959691,0.00739857533207626,-0.0231900088832191,18.68,8.13,17,4.02,11.04,38.47,20,50.05,32.01,25.02
"4373","TRINITY_DN99832_c1_g1",1.50053683707294,-1.32999056549954,3.79030646824509,0.00270253970739994,0.0199887903825054,-1.38017796529971,8.18,10.08,7.24,3.1,9.41,21.4,12.01,12.23,30.92,10.44
"4374","TRINITY_DN9987_c1_g1",-1.77757835317,2.42573973328576,-11.7497425820985,8.10688778707214e-08,5.01070151848456e-05,8.49799805210403,276.82,224.58,365.26,231.33,268.25,84.88,55.46,89.12,97.15,63.65
"4375","TRINITY_DN9989_c1_g2",1.01510046822475,0.859514175732248,3.6967968593136,0.00319668757337501,0.0223586746939578,-1.72050174143738,48.39,16.32,38.9,36.54,52.47,95.4,53.54,61.23,76.26,60
"4376","TRINITY_DN99895_c0_g1",-1.45746409987913,0.718095389526436,-6.3755244874125,4.01631678346695e-05,0.00137911291773706,2.53307394291657,72.01,64,92.4,61.97,93,19,21,26,49.01,17
"4377","TRINITY_DN99904_c0_g1",-1.41242744166185,-1.16868838478042,-3.94904724699263,0.00203612457046818,0.0165838352069983,-1.1248886574035,27.5,17.05,22.32,13.33,24.33,5.09,6.13,10.6,4.02,5.05
"4378","TRINITY_DN99907_c0_g1",-1.71666185377658,-1.41330178429775,-3.2034271502152,0.00783748877354206,0.0410485172731561,-2.2835063327506,24.31,23.64,17.18,9.56,23.61,7.4,5.32,5.29,1.06,6.41
"4379","TRINITY_DN99946_c0_g1",-3.14631691006874,-1.80486321317164,-5.26810226791879,0.000217946942937609,0.00389177681330252,0.0766542537099957,24,35,24,14,28,1,1,2,1,4
"4380","TRINITY_DN99964_c0_g1",3.09033342594924,-2.17862801319424,5.81489823658057,9.25513304262783e-05,0.00228082643971124,0.527431325539398,2.01,3.03,2.04,1.01,4.02,16.13,11,19.07,25.54,9.1
"4381","TRINITY_DN99973_c0_g1",-1.00762124812012,-0.991849658585163,-3.15128608656463,0.00862308322003887,0.0436661502114453,-2.39973574913171,17,25,16,19,29,11,5,9,11,5
